NUMBER; DRIVER_NUMBER; LAP_NUMBER; LAP_TIME; LAP_IMPROVEMENT; CROSSING_FINISH_LINE_IN_PIT; S1; S1_IMPROVEMENT; S2; S2_IMPROVEMENT; S3; S3_IMPROVEMENT; KPH; ELAPSED; HOUR;S1_LARGE;S2_LARGE;S3_LARGE;TOP_SPEED;DRIVER_NAME;PIT_TIME;CLASS;GROUP;TEAM;MANUFACTURER;FLAG_AT_FL;S1_SECONDS;S2_SECONDS;S3_SECONDS;
10;1;1;2:25.717;0;;37.758;0;1:00.135;0;47.824;0;170.0;2:25.717;13:02:33.383;0:37.758;1:00.135;0:47.824;284.4;Ryan CULLEN;;LMP2;;Vector Sport;Oreca;SF;37.758;60.135;47.824;
10;1;2;4:20.070;0;;1:19.528;0;1:52.470;0;1:08.072;0;97.0;6:45.787;13:06:53.453;1:19.528;1:52.470;1:08.072;;Ryan CULLEN;;LMP2;;Vector Sport;Oreca;SF;79.528;112.470;68.072;
10;1;3;4:19.306;0;;1:29.698;0;1:53.265;0;56.343;0;97.2;11:05.093;13:11:12.759;1:29.698;1:53.265;0:56.343;;Ryan CULLEN;;LMP2;;Vector Sport;Oreca;SF;89.698;113.265;56.343;
10;1;4;3:06.098;0;;58.564;0;1:19.951;0;47.583;0;135.5;14:11.191;13:14:18.857;0:58.564;1:19.951;0:47.583;205.6;Ryan CULLEN;;LMP2;;Vector Sport;Oreca;GF;58.564;79.951;47.583;
10;1;5;2:06.890;0;;35.805;0;58.783;0;32.302;0;198.7;16:18.081;13:16:25.747;0:35.805;0:58.783;0:32.302;298.5;Ryan CULLEN;;LMP2;;Vector Sport;Oreca;GF;35.805;58.783;32.302;
10;1;6;2:05.843;0;;36.107;0;57.762;0;31.974;0;200.4;18:23.924;13:18:31.590;0:36.107;0:57.762;0:31.974;299.3;Ryan CULLEN;;LMP2;;Vector Sport;Oreca;GF;36.107;57.762;31.974;
10;1;7;2:04.712;0;;35.615;0;57.246;1;31.851;1;202.2;20:28.636;13:20:36.302;0:35.615;0:57.246;0:31.851;300.2;Ryan CULLEN;;LMP2;;Vector Sport;Oreca;GF;35.615;57.246;31.851;
10;1;8;2:05.123;0;;35.612;0;57.471;0;32.040;0;201.5;22:33.759;13:22:41.425;0:35.612;0:57.471;0:32.040;300.2;Ryan CULLEN;;LMP2;;Vector Sport;Oreca;GF;35.612;57.471;32.040;
10;1;9;2:05.446;0;;35.486;1;57.866;0;32.094;0;201.0;24:39.205;13:24:46.871;0:35.486;0:57.866;0:32.094;300.2;Ryan CULLEN;;LMP2;;Vector Sport;Oreca;GF;35.486;57.866;32.094;
10;1;10;2:06.038;0;;35.499;0;57.879;0;32.660;0;200.1;26:45.243;13:26:52.909;0:35.499;0:57.879;0:32.660;301.8;Ryan CULLEN;;LMP2;;Vector Sport;Oreca;GF;35.499;57.879;32.660;
10;1;11;2:06.986;0;;36.041;0;59.055;0;31.890;0;198.6;28:52.229;13:28:59.895;0:36.041;0:59.055;0:31.890;297.7;Ryan CULLEN;;LMP2;;Vector Sport;Oreca;GF;36.041;59.055;31.890;
10;1;12;2:10.967;0;;35.534;0;1:02.683;0;32.750;0;192.5;31:03.196;13:31:10.862;0:35.534;1:02.683;0:32.750;301.8;Ryan CULLEN;;LMP2;;Vector Sport;Oreca;GF;35.534;62.683;32.750;
10;1;13;2:07.891;0;;35.473;0;59.568;0;32.850;0;197.2;33:11.087;13:33:18.753;0:35.473;0:59.568;0:32.850;301.0;Ryan CULLEN;;LMP2;;Vector Sport;Oreca;GF;35.473;59.568;32.850;
10;1;14;2:06.481;0;;35.522;0;58.757;0;32.202;0;199.4;35:17.568;13:35:25.234;0:35.522;0:58.757;0:32.202;301.0;Ryan CULLEN;;LMP2;;Vector Sport;Oreca;GF;35.522;58.757;32.202;
10;1;15;2:07.181;0;;35.554;0;58.806;0;32.821;0;198.3;37:24.749;13:37:32.415;0:35.554;0:58.806;0:32.821;301.0;Ryan CULLEN;;LMP2;;Vector Sport;Oreca;GF;35.554;58.806;32.821;
10;1;16;2:13.099;0;B;35.816;0;58.244;0;39.039;0;189.4;39:37.848;13:39:45.514;0:35.816;0:58.244;0:39.039;298.5;Ryan CULLEN;;LMP2;;Vector Sport;Oreca;GF;35.816;58.244;39.039;
10;1;17;6:07.825;0;;2:22.931;0;2:17.719;0;1:27.175;0;68.5;45:45.673;13:45:53.339;2:22.931;2:17.719;1:27.175;;Ryan CULLEN;0:01:02.774;LMP2;;Vector Sport;Oreca;GF;142.931;137.719;87.175;
10;1;18;5:18.302;0;;1:42.915;0;2:09.657;0;1:25.730;0;79.2;51:03.975;13:51:11.641;1:42.915;2:09.657;1:25.730;;Ryan CULLEN;;LMP2;;Vector Sport;Oreca;GF;102.915;129.657;85.730;
10;1;19;3:03.110;0;;1:15.985;0;1:05.385;0;41.740;0;137.7;54:07.085;13:54:14.751;1:15.985;1:05.385;0:41.740;225.3;Ryan CULLEN;;LMP2;;Vector Sport;Oreca;SF;75.985;65.385;41.740;
10;1;20;4:50.367;0;;1:28.850;0;1:45.329;0;1:36.188;0;86.8;58:57.452;13:59:05.118;1:28.850;1:45.329;1:36.188;134.1;Ryan CULLEN;;LMP2;;Vector Sport;Oreca;SF;88.850;105.329;96.188;
10;1;21;4:15.886;0;;1:23.348;0;1:40.084;0;1:12.454;0;98.5;1:03:13.338;14:03:21.004;1:23.348;1:40.084;1:12.454;;Ryan CULLEN;;LMP2;;Vector Sport;Oreca;SF;83.348;100.084;72.454;
10;1;22;2:53.186;0;;48.190;0;1:14.854;0;50.142;0;145.6;1:06:06.524;14:06:14.190;0:48.190;1:14.854;0:50.142;148.6;Ryan CULLEN;;LMP2;;Vector Sport;Oreca;GF;48.190;74.854;50.142;
10;1;23;2:14.837;0;;37.169;0;1:00.082;0;37.586;0;187.0;1:08:21.361;14:08:29.027;0:37.169;1:00.082;0:37.586;293.7;Ryan CULLEN;;LMP2;;Vector Sport;Oreca;SF;37.169;60.082;37.586;
10;1;24;4:17.442;0;;1:12.772;0;1:55.471;0;1:09.199;0;97.9;1:12:38.803;14:12:46.469;1:12.772;1:55.471;1:09.199;;Ryan CULLEN;;LMP2;;Vector Sport;Oreca;SF;72.772;115.471;69.199;
10;1;25;2:58.758;0;;46.173;0;1:16.635;0;55.950;0;141.1;1:15:37.561;14:15:45.227;0:46.173;1:16.635;0:55.950;236.1;Ryan CULLEN;;LMP2;;Vector Sport;Oreca;GF;46.173;76.635;55.950;
10;1;26;2:09.756;0;;36.003;0;1:01.034;0;32.719;0;194.3;1:17:47.317;14:17:54.983;0:36.003;1:01.034;0:32.719;297.7;Ryan CULLEN;;LMP2;;Vector Sport;Oreca;GF;36.003;61.034;32.719;
10;1;27;3:46.733;0;;35.937;0;1:43.951;0;1:26.845;0;111.2;1:21:34.050;14:21:41.716;0:35.937;1:43.951;1:26.845;301.0;Ryan CULLEN;;LMP2;;Vector Sport;Oreca;SF;35.937;103.951;86.845;
10;1;28;3:36.494;0;;1:22.945;0;1:29.111;0;44.438;0;116.5;1:25:10.544;14:25:18.210;1:22.945;1:29.111;0:44.438;;Ryan CULLEN;;LMP2;;Vector Sport;Oreca;SF;82.945;89.111;44.438;
10;1;29;3:00.031;0;;47.084;0;1:23.769;0;49.178;0;140.1;1:28:10.575;14:28:18.241;0:47.084;1:23.769;0:49.178;211.6;Ryan CULLEN;;LMP2;;Vector Sport;Oreca;GF;47.084;83.769;49.178;
10;1;30;2:12.546;0;;36.161;0;59.257;0;37.128;0;190.2;1:30:23.121;14:30:30.787;0:36.161;0:59.257;0:37.128;293.7;Ryan CULLEN;;LMP2;;Vector Sport;Oreca;SF;36.161;59.257;37.128;
10;1;31;4:11.945;0;;1:24.584;0;1:45.511;0;1:01.850;0;100.1;1:34:35.066;14:34:42.732;1:24.584;1:45.511;1:01.850;;Ryan CULLEN;;LMP2;;Vector Sport;Oreca;SF;84.584;105.511;61.850;
10;1;32;4:00.673;0;;1:12.099;0;1:41.433;0;1:07.141;0;104.8;1:38:35.739;14:38:43.405;1:12.099;1:41.433;1:07.141;142.6;Ryan CULLEN;;LMP2;;Vector Sport;Oreca;SF;72.099;101.433;67.141;
10;1;33;3:50.452;0;;1:36.052;0;1:30.471;0;43.929;0;109.4;1:42:26.191;14:42:33.857;1:36.052;1:30.471;0:43.929;;Ryan CULLEN;;LMP2;;Vector Sport;Oreca;SF;96.052;90.471;43.929;
10;1;34;3:06.669;0;;45.782;0;1:33.549;0;47.338;0;135.1;1:45:32.860;14:45:40.526;0:45.782;1:33.549;0:47.338;193.5;Ryan CULLEN;;LMP2;;Vector Sport;Oreca;GF;45.782;93.549;47.338;
10;1;35;2:13.712;0;B;36.035;0;58.902;0;38.775;0;188.6;1:47:46.572;14:47:54.238;0:36.035;0:58.902;0:38.775;295.3;Ryan CULLEN;;LMP2;;Vector Sport;Oreca;GF;36.035;58.902;38.775;
10;2;36;3:15.392;0;;1:42.245;0;1:00.599;0;32.548;0;129.0;1:51:01.964;14:51:09.630;1:42.245;1:00.599;0:32.548;269.6;Vladislav LOMKO;0:01:13.482;LMP2;;Vector Sport;Oreca;GF;102.245;60.599;32.548;
10;2;37;2:06.127;0;;36.152;0;57.639;0;32.336;0;199.9;1:53:08.091;14:53:15.757;0:36.152;0:57.639;0:32.336;295.3;Vladislav LOMKO;;LMP2;;Vector Sport;Oreca;GF;36.152;57.639;32.336;
10;2;38;2:05.879;0;;35.606;0;57.458;0;32.815;0;200.3;1:55:13.970;14:55:21.636;0:35.606;0:57.458;0:32.815;294.5;Vladislav LOMKO;;LMP2;;Vector Sport;Oreca;GF;35.606;57.458;32.815;
10;2;39;2:04.531;0;;35.533;0;57.189;0;31.809;0;202.5;1:57:18.501;14:57:26.167;0:35.533;0:57.189;0:31.809;291.3;Vladislav LOMKO;;LMP2;;Vector Sport;Oreca;GF;35.533;57.189;31.809;
10;2;40;2:04.792;0;;35.960;0;56.844;0;31.988;0;202.0;1:59:23.293;14:59:30.959;0:35.960;0:56.844;0:31.988;289.7;Vladislav LOMKO;;LMP2;;Vector Sport;Oreca;GF;35.960;56.844;31.988;
10;2;41;2:47.049;0;;43.241;0;1:24.765;0;39.043;0;150.9;2:02:10.342;15:02:18.008;0:43.241;1:24.765;0:39.043;176.2;Vladislav LOMKO;;LMP2;;Vector Sport;Oreca;SF;43.241;84.765;39.043;
10;2;42;4:24.454;0;;58.217;0;2:08.848;0;1:17.389;0;95.3;2:06:34.796;15:06:42.462;0:58.217;2:08.848;1:17.389;;Vladislav LOMKO;;LMP2;;Vector Sport;Oreca;SF;58.217;128.848;77.389;
10;2;43;4:24.320;0;;1:19.207;0;1:41.441;0;1:23.672;0;95.4;2:10:59.116;15:11:06.782;1:19.207;1:41.441;1:23.672;;Vladislav LOMKO;;LMP2;;Vector Sport;Oreca;SF;79.207;101.441;83.672;
10;2;44;3:58.897;0;;1:28.755;0;1:27.056;0;1:03.086;0;105.5;2:14:58.013;15:15:05.679;1:28.755;1:27.056;1:03.086;186.8;Vladislav LOMKO;;LMP2;;Vector Sport;Oreca;GF;88.755;87.056;63.086;
10;2;45;2:06.745;0;;36.476;0;58.363;0;31.906;0;198.9;2:17:04.758;15:17:12.424;0:36.476;0:58.363;0:31.906;292.1;Vladislav LOMKO;;LMP2;;Vector Sport;Oreca;GF;36.476;58.363;31.906;
10;2;46;2:04.662;0;;35.552;0;57.268;0;31.842;0;202.3;2:19:09.420;15:19:17.086;0:35.552;0:57.268;0:31.842;296.1;Vladislav LOMKO;;LMP2;;Vector Sport;Oreca;GF;35.552;57.268;31.842;
10;2;47;2:06.941;0;;35.233;2;58.129;0;33.579;0;198.6;2:21:16.361;15:21:24.027;0:35.233;0:58.129;0:33.579;302.7;Vladislav LOMKO;;LMP2;;Vector Sport;Oreca;GF;35.233;58.129;33.579;
10;2;48;2:07.832;0;;35.329;0;59.482;0;33.021;0;197.2;2:23:24.193;15:23:31.859;0:35.329;0:59.482;0:33.021;296.9;Vladislav LOMKO;;LMP2;;Vector Sport;Oreca;GF;35.329;59.482;33.021;
10;2;49;2:04.095;0;;35.659;0;56.778;2;31.658;2;203.2;2:25:28.288;15:25:35.954;0:35.659;0:56.778;0:31.658;296.9;Vladislav LOMKO;;LMP2;;Vector Sport;Oreca;GF;35.659;56.778;31.658;
10;2;50;2:03.946;0;;35.342;0;56.841;0;31.763;0;203.4;2:27:32.234;15:27:39.900;0:35.342;0:56.841;0:31.763;297.7;Vladislav LOMKO;;LMP2;;Vector Sport;Oreca;GF;35.342;56.841;31.763;
10;2;51;2:05.376;0;;35.350;0;57.409;0;32.617;0;201.1;2:29:37.610;15:29:45.276;0:35.350;0:57.409;0:32.617;292.9;Vladislav LOMKO;;LMP2;;Vector Sport;Oreca;GF;35.350;57.409;32.617;
10;2;52;2:05.790;0;;35.414;0;57.933;0;32.443;0;200.4;2:31:43.400;15:31:51.066;0:35.414;0:57.933;0:32.443;299.3;Vladislav LOMKO;;LMP2;;Vector Sport;Oreca;GF;35.414;57.933;32.443;
10;2;53;2:04.563;0;;35.386;0;57.194;0;31.983;0;202.4;2:33:47.963;15:33:55.629;0:35.386;0:57.194;0:31.983;290.5;Vladislav LOMKO;;LMP2;;Vector Sport;Oreca;GF;35.386;57.194;31.983;
10;2;54;2:10.967;0;B;35.584;0;57.347;0;38.036;0;192.5;2:35:58.930;15:36:06.596;0:35.584;0:57.347;0:38.036;292.1;Vladislav LOMKO;;LMP2;;Vector Sport;Oreca;GF;35.584;57.347;38.036;
10;2;55;2:43.150;0;;1:13.242;0;57.941;0;31.967;0;154.5;2:38:42.080;15:38:49.746;1:13.242;0:57.941;0:31.967;291.3;Vladislav LOMKO;0:00:48.250;LMP2;;Vector Sport;Oreca;GF;73.242;57.941;31.967;
10;2;56;2:06.022;0;;35.621;0;58.052;0;32.349;0;200.1;2:40:48.102;15:40:55.768;0:35.621;0:58.052;0:32.349;293.7;Vladislav LOMKO;;LMP2;;Vector Sport;Oreca;GF;35.621;58.052;32.349;
10;2;57;2:05.286;0;;35.514;0;57.786;0;31.986;0;201.3;2:42:53.388;15:43:01.054;0:35.514;0:57.786;0:31.986;292.9;Vladislav LOMKO;;LMP2;;Vector Sport;Oreca;GF;35.514;57.786;31.986;
10;2;58;2:05.651;0;;35.706;0;57.906;0;32.039;0;200.7;2:44:59.039;15:45:06.705;0:35.706;0:57.906;0:32.039;288.2;Vladislav LOMKO;;LMP2;;Vector Sport;Oreca;GF;35.706;57.906;32.039;
10;2;59;2:06.650;0;;35.411;0;59.071;0;32.168;0;199.1;2:47:05.689;15:47:13.355;0:35.411;0:59.071;0:32.168;295.3;Vladislav LOMKO;;LMP2;;Vector Sport;Oreca;GF;35.411;59.071;32.168;
10;2;60;2:08.408;0;;35.559;0;1:00.017;0;32.832;0;196.4;2:49:14.097;15:49:21.763;0:35.559;1:00.017;0:32.832;282.2;Vladislav LOMKO;;LMP2;;Vector Sport;Oreca;GF;35.559;60.017;32.832;
10;2;61;2:04.953;0;;35.529;0;57.503;0;31.921;0;201.8;2:51:19.050;15:51:26.716;0:35.529;0:57.503;0:31.921;291.3;Vladislav LOMKO;;LMP2;;Vector Sport;Oreca;GF;35.529;57.503;31.921;
10;2;62;2:04.853;0;;35.416;0;57.545;0;31.892;0;202.0;2:53:23.903;15:53:31.569;0:35.416;0:57.545;0:31.892;293.7;Vladislav LOMKO;;LMP2;;Vector Sport;Oreca;GF;35.416;57.545;31.892;
10;2;63;2:04.571;0;;35.457;0;57.267;0;31.847;0;202.4;2:55:28.474;15:55:36.140;0:35.457;0:57.267;0:31.847;295.3;Vladislav LOMKO;;LMP2;;Vector Sport;Oreca;GF;35.457;57.267;31.847;
10;2;64;2:05.682;0;;36.056;0;57.693;0;31.933;0;200.6;2:57:34.156;15:57:41.822;0:36.056;0:57.693;0:31.933;291.3;Vladislav LOMKO;;LMP2;;Vector Sport;Oreca;GF;36.056;57.693;31.933;
10;2;65;2:11.490;0;B;35.457;0;58.192;0;37.841;0;191.8;2:59:45.646;15:59:53.312;0:35.457;0:58.192;0:37.841;296.1;Vladislav LOMKO;;LMP2;;Vector Sport;Oreca;GF;35.457;58.192;37.841;
10;3;66;3:07.281;0;;1:33.670;0;1:01.159;0;32.452;0;134.6;3:02:52.927;16:03:00.593;1:33.670;1:01.159;0:32.452;285.2;Pietro FITTIPALDI;0:01:06.928;LMP2;;Vector Sport;Oreca;GF;93.670;61.159;32.452;
10;3;67;2:05.663;0;;36.062;0;57.617;0;31.984;0;200.6;3:04:58.590;16:05:06.256;0:36.062;0:57.617;0:31.984;296.1;Pietro FITTIPALDI;;LMP2;;Vector Sport;Oreca;GF;36.062;57.617;31.984;
10;3;68;2:05.130;0;;35.971;0;57.244;0;31.915;0;201.5;3:07:03.720;16:07:11.386;0:35.971;0:57.244;0:31.915;294.5;Pietro FITTIPALDI;;LMP2;;Vector Sport;Oreca;GF;35.971;57.244;31.915;
10;3;69;2:04.325;0;;35.423;0;57.035;0;31.867;0;202.8;3:09:08.045;16:09:15.711;0:35.423;0:57.035;0:31.867;297.7;Pietro FITTIPALDI;;LMP2;;Vector Sport;Oreca;GF;35.423;57.035;31.867;
10;3;70;2:07.476;0;;35.315;0;59.683;0;32.478;0;197.8;3:11:15.521;16:11:23.187;0:35.315;0:59.683;0:32.478;301.0;Pietro FITTIPALDI;;LMP2;;Vector Sport;Oreca;GF;35.315;59.683;32.478;
10;3;71;2:05.511;0;;35.450;0;58.124;0;31.937;0;200.9;3:13:21.032;16:13:28.698;0:35.450;0:58.124;0:31.937;300.2;Pietro FITTIPALDI;;LMP2;;Vector Sport;Oreca;GF;35.450;58.124;31.937;
10;3;72;2:05.527;0;;35.234;1;58.458;0;31.835;0;200.9;3:15:26.559;16:15:34.225;0:35.234;0:58.458;0:31.835;301.8;Pietro FITTIPALDI;;LMP2;;Vector Sport;Oreca;GF;35.234;58.458;31.835;
10;3;73;2:04.246;0;;35.390;0;57.072;0;31.784;0;202.9;3:17:30.805;16:17:38.471;0:35.390;0:57.072;0:31.784;300.2;Pietro FITTIPALDI;;LMP2;;Vector Sport;Oreca;GF;35.390;57.072;31.784;
10;3;74;2:03.941;2;;35.354;0;56.886;1;31.701;1;203.4;3:19:34.746;16:19:42.412;0:35.354;0:56.886;0:31.701;299.3;Pietro FITTIPALDI;;LMP2;;Vector Sport;Oreca;GF;35.354;56.886;31.701;
10;3;75;2:04.963;0;;35.323;0;57.775;0;31.865;0;201.8;3:21:39.709;16:21:47.375;0:35.323;0:57.775;0:31.865;302.7;Pietro FITTIPALDI;;LMP2;;Vector Sport;Oreca;GF;35.323;57.775;31.865;
10;3;76;2:06.580;0;;35.279;0;59.038;0;32.263;0;199.2;3:23:46.289;16:23:53.955;0:35.279;0:59.038;0:32.263;301.0;Pietro FITTIPALDI;;LMP2;;Vector Sport;Oreca;GF;35.279;59.038;32.263;
10;3;77;2:12.782;0;B;35.251;0;58.533;0;38.998;0;189.9;3:25:59.071;16:26:06.737;0:35.251;0:58.533;0:38.998;301.0;Pietro FITTIPALDI;;LMP2;;Vector Sport;Oreca;GF;35.251;58.533;38.998;
10;3;78;3:01.668;0;;1:31.122;0;58.341;0;32.205;0;138.8;3:29:00.739;16:29:08.405;1:31.122;0:58.341;0:32.205;297.7;Pietro FITTIPALDI;0:01:06.253;LMP2;;Vector Sport;Oreca;GF;91.122;58.341;32.205;
10;3;79;2:05.718;0;;35.634;0;57.951;0;32.133;0;200.6;3:31:06.457;16:31:14.123;0:35.634;0:57.951;0:32.133;298.5;Pietro FITTIPALDI;;LMP2;;Vector Sport;Oreca;GF;35.634;57.951;32.133;
10;3;80;2:06.561;0;;35.481;0;58.885;0;32.195;0;199.2;3:33:13.018;16:33:20.684;0:35.481;0:58.885;0:32.195;300.2;Pietro FITTIPALDI;;LMP2;;Vector Sport;Oreca;GF;35.481;58.885;32.195;
10;3;81;2:07.307;0;;35.919;0;59.257;0;32.131;0;198.1;3:35:20.325;16:35:27.991;0:35.919;0:59.257;0:32.131;300.2;Pietro FITTIPALDI;;LMP2;;Vector Sport;Oreca;GF;35.919;59.257;32.131;
10;3;82;2:06.442;0;;35.439;0;58.788;0;32.215;0;199.4;3:37:26.767;16:37:34.433;0:35.439;0:58.788;0:32.215;301.8;Pietro FITTIPALDI;;LMP2;;Vector Sport;Oreca;GF;35.439;58.788;32.215;
10;3;83;2:07.358;0;;35.556;0;59.658;0;32.144;0;198.0;3:39:34.125;16:39:41.791;0:35.556;0:59.658;0:32.144;300.2;Pietro FITTIPALDI;;LMP2;;Vector Sport;Oreca;GF;35.556;59.658;32.144;
10;3;84;2:06.043;0;;35.414;0;58.516;0;32.113;0;200.0;3:41:40.168;16:41:47.834;0:35.414;0:58.516;0:32.113;301.0;Pietro FITTIPALDI;;LMP2;;Vector Sport;Oreca;GF;35.414;58.516;32.113;
10;3;85;2:06.318;0;;36.046;0;58.236;0;32.036;0;199.6;3:43:46.486;16:43:54.152;0:36.046;0:58.236;0:32.036;297.7;Pietro FITTIPALDI;;LMP2;;Vector Sport;Oreca;GF;36.046;58.236;32.036;
10;3;86;2:05.979;0;;35.587;0;58.331;0;32.061;0;200.1;3:45:52.465;16:46:00.131;0:35.587;0:58.331;0:32.061;301.0;Pietro FITTIPALDI;;LMP2;;Vector Sport;Oreca;GF;35.587;58.331;32.061;
10;3;87;2:06.359;0;;35.500;0;58.424;0;32.435;0;199.5;3:47:58.824;16:48:06.490;0:35.500;0:58.424;0:32.435;300.2;Pietro FITTIPALDI;;LMP2;;Vector Sport;Oreca;GF;35.500;58.424;32.435;
10;3;88;2:06.228;0;;35.660;0;58.476;0;32.092;0;199.8;3:50:05.052;16:50:12.718;0:35.660;0:58.476;0:32.092;301.0;Pietro FITTIPALDI;;LMP2;;Vector Sport;Oreca;GF;35.660;58.476;32.092;
10;3;89;2:06.492;0;;35.578;0;58.747;0;32.167;0;199.3;3:52:11.544;16:52:19.210;0:35.578;0:58.747;0:32.167;298.5;Pietro FITTIPALDI;;LMP2;;Vector Sport;Oreca;GF;35.578;58.747;32.167;
10;3;90;2:07.249;0;;35.567;0;58.817;0;32.865;0;198.1;3:54:18.793;16:54:26.459;0:35.567;0:58.817;0:32.865;296.9;Pietro FITTIPALDI;;LMP2;;Vector Sport;Oreca;GF;35.567;58.817;32.865;
10;3;91;2:06.646;0;;35.521;0;59.012;0;32.113;0;199.1;3:56:25.439;16:56:33.105;0:35.521;0:59.012;0:32.113;301.0;Pietro FITTIPALDI;;LMP2;;Vector Sport;Oreca;GF;35.521;59.012;32.113;
10;3;92;2:06.911;0;;35.482;0;59.303;0;32.126;0;198.7;3:58:32.350;16:58:40.016;0:35.482;0:59.303;0:32.126;301.0;Pietro FITTIPALDI;;LMP2;;Vector Sport;Oreca;GF;35.482;59.303;32.126;
10;3;93;2:05.569;0;;35.459;0;58.123;0;31.987;0;200.8;4:00:37.919;17:00:45.585;0:35.459;0:58.123;0:31.987;299.3;Pietro FITTIPALDI;;LMP2;;Vector Sport;Oreca;FF;35.459;58.123;31.987;
11;1;1;2:55.357;0;;47.252;0;1:09.171;0;58.934;0;141.3;2:55.357;13:03:03.023;0:47.252;1:09.171;0:58.934;245.2;Matthew Richard BELL;;LMP3;;Eurointernational;Ligier;SF;47.252;69.171;58.934;
11;1;2;4:16.673;0;;1:31.688;0;1:38.257;0;1:06.728;0;98.2;7:12.030;13:07:19.696;1:31.688;1:38.257;1:06.728;;Matthew Richard BELL;;LMP3;;Eurointernational;Ligier;SF;91.688;98.257;66.728;
11;1;3;4:24.196;0;;1:41.429;0;1:40.884;0;1:01.883;0;95.4;11:36.226;13:11:43.892;1:41.429;1:40.884;1:01.883;;Matthew Richard BELL;;LMP3;;Eurointernational;Ligier;SF;101.429;100.884;61.883;
11;1;4;2:52.471;0;;56.123;0;1:09.395;0;46.953;0;146.2;14:28.697;13:14:36.363;0:56.123;1:09.395;0:46.953;183.7;Matthew Richard BELL;;LMP3;;Eurointernational;Ligier;GF;56.123;69.395;46.953;
11;1;5;2:18.769;0;;39.357;0;1:03.998;0;35.414;0;181.7;16:47.466;13:16:55.132;0:39.357;1:03.998;0:35.414;267.6;Matthew Richard BELL;;LMP3;;Eurointernational;Ligier;GF;39.357;63.998;35.414;
11;1;6;2:17.379;0;;39.650;0;1:03.313;0;34.416;2;183.5;19:04.845;13:19:12.511;0:39.650;1:03.313;0:34.416;258.0;Matthew Richard BELL;;LMP3;;Eurointernational;Ligier;GF;39.650;63.313;34.416;
11;1;7;2:16.356;0;;38.622;0;1:02.546;0;35.188;0;184.9;21:21.201;13:21:28.867;0:38.622;1:02.546;0:35.188;272.3;Matthew Richard BELL;;LMP3;;Eurointernational;Ligier;GF;38.622;62.546;35.188;
11;1;8;2:14.983;0;;39.149;0;1:01.381;2;34.453;0;186.8;23:36.184;13:23:43.850;0:39.149;1:01.381;0:34.453;271.6;Matthew Richard BELL;;LMP3;;Eurointernational;Ligier;GF;39.149;61.381;34.453;
11;1;9;2:14.660;2;;38.535;0;1:01.671;0;34.454;0;187.2;25:50.844;13:25:58.510;0:38.535;1:01.671;0:34.454;272.3;Matthew Richard BELL;;LMP3;;Eurointernational;Ligier;GF;38.535;61.671;34.454;
11;1;10;2:14.944;0;;38.431;0;1:01.973;0;34.540;0;186.8;28:05.788;13:28:13.454;0:38.431;1:01.973;0:34.540;272.9;Matthew Richard BELL;;LMP3;;Eurointernational;Ligier;GF;38.431;61.973;34.540;
11;1;11;2:15.520;0;;38.676;0;1:02.394;0;34.450;0;186.1;30:21.308;13:30:28.974;0:38.676;1:02.394;0:34.450;271.6;Matthew Richard BELL;;LMP3;;Eurointernational;Ligier;GF;38.676;62.394;34.450;
11;1;12;2:14.697;0;;38.421;0;1:01.723;0;34.553;0;187.2;32:36.005;13:32:43.671;0:38.421;1:01.723;0:34.553;272.9;Matthew Richard BELL;;LMP3;;Eurointernational;Ligier;GF;38.421;61.723;34.553;
11;1;13;2:15.459;0;;38.467;0;1:02.228;0;34.764;0;186.1;34:51.464;13:34:59.130;0:38.467;1:02.228;0:34.764;274.3;Matthew Richard BELL;;LMP3;;Eurointernational;Ligier;GF;38.467;62.228;34.764;
11;1;14;2:16.080;0;;38.811;0;1:02.393;0;34.876;0;185.3;37:07.544;13:37:15.210;0:38.811;1:02.393;0:34.876;274.3;Matthew Richard BELL;;LMP3;;Eurointernational;Ligier;GF;38.811;62.393;34.876;
11;1;15;2:17.175;0;;39.241;0;1:02.706;0;35.228;0;183.8;39:24.719;13:39:32.385;0:39.241;1:02.706;0:35.228;271.6;Matthew Richard BELL;;LMP3;;Eurointernational;Ligier;GF;39.241;62.706;35.228;
11;1;16;3:57.913;0;B;38.352;1;1:50.795;0;1:28.766;0;106.0;43:22.632;13:43:30.298;0:38.352;1:50.795;1:28.766;274.3;Matthew Richard BELL;;LMP3;;Eurointernational;Ligier;GF;38.352;110.795;88.766;
11;1;17;6:49.366;0;B;3:06.664;0;2:09.309;0;1:33.393;0;61.6;50:11.998;13:50:19.664;3:06.664;2:09.309;1:33.393;;Matthew Richard BELL;0:01:46.046;LMP3;;Eurointernational;Ligier;GF;186.664;129.309;93.393;
11;1;18;4:14.192;0;;2:25.459;0;1:09.987;0;38.746;0;99.2;54:26.190;13:54:33.856;2:25.459;1:09.987;0:38.746;215.4;Matthew Richard BELL;0:01:46.199;LMP3;;Eurointernational;Ligier;SF;145.459;69.987;38.746;
11;1;19;4:36.417;0;;1:17.488;0;1:44.770;0;1:34.159;0;91.2;59:02.607;13:59:10.273;1:17.488;1:44.770;1:34.159;145.1;Matthew Richard BELL;;LMP3;;Eurointernational;Ligier;SF;77.488;104.770;94.159;
11;1;20;4:16.292;0;;1:23.134;0;1:39.365;0;1:13.793;0;98.4;1:03:18.899;14:03:26.565;1:23.134;1:39.365;1:13.793;;Matthew Richard BELL;;LMP3;;Eurointernational;Ligier;SF;83.134;99.365;73.793;
11;1;21;2:50.779;0;;47.063;0;1:13.465;0;50.251;0;147.6;1:06:09.678;14:06:17.344;0:47.063;1:13.465;0:50.251;176.2;Matthew Richard BELL;;LMP3;;Eurointernational;Ligier;GF;47.063;73.465;50.251;
11;1;22;2:28.846;0;;39.560;0;1:04.807;0;44.479;0;169.4;1:08:38.524;14:08:46.190;0:39.560;1:04.807;0:44.479;270.2;Matthew Richard BELL;;LMP3;;Eurointernational;Ligier;SF;39.560;64.807;44.479;
11;1;23;4:18.199;0;;1:10.661;0;1:54.817;0;1:12.721;0;97.7;1:12:56.723;14:13:04.389;1:10.661;1:54.817;1:12.721;127.2;Matthew Richard BELL;;LMP3;;Eurointernational;Ligier;SF;70.661;114.817;72.721;
11;1;24;2:49.165;0;;46.750;0;1:08.369;0;54.046;0;149.1;1:15:45.888;14:15:53.554;0:46.750;1:08.369;0:54.046;193.2;Matthew Richard BELL;;LMP3;;Eurointernational;Ligier;GF;46.750;68.369;54.046;
11;1;25;2:20.925;0;;39.453;0;1:05.359;0;36.113;0;178.9;1:18:06.813;14:18:14.479;0:39.453;1:05.359;0:36.113;267.6;Matthew Richard BELL;;LMP3;;Eurointernational;Ligier;GF;39.453;65.359;36.113;
11;1;26;3:39.487;0;;40.611;0;1:30.892;0;1:27.984;0;114.9;1:21:46.300;14:21:53.966;0:40.611;1:30.892;1:27.984;217.6;Matthew Richard BELL;;LMP3;;Eurointernational;Ligier;SF;40.611;90.892;87.984;
11;1;27;3:37.490;0;;1:25.225;0;1:27.103;0;45.162;0;115.9;1:25:23.790;14:25:31.456;1:25.225;1:27.103;0:45.162;;Matthew Richard BELL;;LMP3;;Eurointernational;Ligier;SF;85.225;87.103;45.162;
11;1;28;2:54.739;0;;46.571;0;1:19.701;0;48.467;0;144.3;1:28:18.529;14:28:26.195;0:46.571;1:19.701;0:48.467;158.0;Matthew Richard BELL;;LMP3;;Eurointernational;Ligier;GF;46.571;79.701;48.467;
11;1;29;2:41.350;0;;39.262;0;1:17.376;0;44.712;0;156.3;1:30:59.879;14:31:07.545;0:39.262;1:17.376;0:44.712;272.9;Matthew Richard BELL;;LMP3;;Eurointernational;Ligier;SF;39.262;77.376;44.712;
11;1;30;4:01.260;0;;1:17.751;0;1:43.885;0;59.624;0;104.5;1:35:01.139;14:35:08.805;1:17.751;1:43.885;0:59.624;;Matthew Richard BELL;;LMP3;;Eurointernational;Ligier;SF;77.751;103.885;59.624;
11;1;31;4:02.838;0;;1:15.449;0;1:36.317;0;1:11.072;0;103.8;1:39:03.977;14:39:11.643;1:15.449;1:36.317;1:11.072;;Matthew Richard BELL;;LMP3;;Eurointernational;Ligier;SF;75.449;96.317;71.072;
11;1;32;3:53.489;0;;1:40.655;0;1:21.085;0;51.749;0;108.0;1:42:57.466;14:43:05.132;1:40.655;1:21.085;0:51.749;;Matthew Richard BELL;;LMP3;;Eurointernational;Ligier;SF;100.655;81.085;51.749;
11;1;33;2:53.579;0;;47.742;0;1:22.013;0;43.824;0;145.3;1:45:51.045;14:45:58.711;0:47.742;1:22.013;0:43.824;187.2;Matthew Richard BELL;;LMP3;;Eurointernational;Ligier;GF;47.742;82.013;43.824;
11;1;34;2:19.435;0;;39.252;0;1:03.971;0;36.212;0;180.8;1:48:10.480;14:48:18.146;0:39.252;1:03.971;0:36.212;271.6;Matthew Richard BELL;;LMP3;;Eurointernational;Ligier;GF;39.252;63.971;36.212;
11;1;35;2:17.203;0;;39.092;0;1:03.348;0;34.763;0;183.8;1:50:27.683;14:50:35.349;0:39.092;1:03.348;0:34.763;273.6;Matthew Richard BELL;;LMP3;;Eurointernational;Ligier;GF;39.092;63.348;34.763;
11;1;36;2:16.684;0;;38.549;0;1:03.312;0;34.823;0;184.5;1:52:44.367;14:52:52.033;0:38.549;1:03.312;0:34.823;272.9;Matthew Richard BELL;;LMP3;;Eurointernational;Ligier;GF;38.549;63.312;34.823;
11;1;37;2:15.787;0;;38.603;0;1:02.744;0;34.440;0;185.7;1:55:00.154;14:55:07.820;0:38.603;1:02.744;0:34.440;272.3;Matthew Richard BELL;;LMP3;;Eurointernational;Ligier;GF;38.603;62.744;34.440;
11;1;38;2:16.333;0;;38.519;0;1:02.648;0;35.166;0;184.9;1:57:16.487;14:57:24.153;0:38.519;1:02.648;0:35.166;272.9;Matthew Richard BELL;;LMP3;;Eurointernational;Ligier;GF;38.519;62.648;35.166;
11;1;39;2:18.872;0;;41.022;0;1:02.842;0;35.008;0;181.6;1:59:35.359;14:59:43.025;0:41.022;1:02.842;0:35.008;266.2;Matthew Richard BELL;;LMP3;;Eurointernational;Ligier;SF;41.022;62.842;35.008;
11;1;40;3:09.305;0;;48.286;0;1:27.496;0;53.523;0;133.2;2:02:44.664;15:02:52.330;0:48.286;1:27.496;0:53.523;171.5;Matthew Richard BELL;;LMP3;;Eurointernational;Ligier;SF;48.286;87.496;53.523;
11;1;41;3:56.989;0;;56.784;0;1:42.308;0;1:17.897;0;106.4;2:06:41.653;15:06:49.319;0:56.784;1:42.308;1:17.897;167.7;Matthew Richard BELL;;LMP3;;Eurointernational;Ligier;SF;56.784;102.308;77.897;
11;1;42;4:22.732;0;;1:17.667;0;1:41.649;0;1:23.416;0;96.0;2:11:04.385;15:11:12.051;1:17.667;1:41.649;1:23.416;122.4;Matthew Richard BELL;;LMP3;;Eurointernational;Ligier;SF;77.667;101.649;83.416;
11;1;43;3:56.604;0;;1:29.188;0;1:24.300;0;1:03.116;0;106.6;2:15:00.989;15:15:08.655;1:29.188;1:24.300;1:03.116;150.9;Matthew Richard BELL;;LMP3;;Eurointernational;Ligier;GF;89.188;84.300;63.116;
11;1;44;2:21.075;0;;39.586;0;1:05.295;0;36.194;0;178.7;2:17:22.064;15:17:29.730;0:39.586;1:05.295;0:36.194;270.2;Matthew Richard BELL;;LMP3;;Eurointernational;Ligier;GF;39.586;65.295;36.194;
11;1;45;2:22.805;0;B;38.746;0;1:03.151;0;40.908;0;176.6;2:19:44.869;15:19:52.535;0:38.746;1:03.151;0:40.908;271.6;Matthew Richard BELL;;LMP3;;Eurointernational;Ligier;GF;38.746;63.151;40.908;
11;3;46;3:41.828;0;;1:54.779;0;1:10.079;0;36.970;0;113.7;2:23:26.697;15:23:34.363;1:54.779;1:10.079;0:36.970;224.3;Max VAN DER SNEL;0:01:22.410;LMP3;;Eurointernational;Ligier;GF;114.779;70.079;36.970;
11;3;47;2:19.787;0;;40.032;0;1:04.812;0;34.943;0;180.4;2:25:46.484;15:25:54.150;0:40.032;1:04.812;0:34.943;270.9;Max VAN DER SNEL;;LMP3;;Eurointernational;Ligier;GF;40.032;64.812;34.943;
11;3;48;2:18.254;0;;38.704;0;1:04.697;0;34.853;0;182.4;2:28:04.738;15:28:12.404;0:38.704;1:04.697;0:34.853;270.9;Max VAN DER SNEL;;LMP3;;Eurointernational;Ligier;GF;38.704;64.697;34.853;
11;3;49;2:15.457;0;;38.740;0;1:02.049;0;34.668;0;186.1;2:30:20.195;15:30:27.861;0:38.740;1:02.049;0:34.668;270.9;Max VAN DER SNEL;;LMP3;;Eurointernational;Ligier;GF;38.740;62.049;34.668;
11;3;50;2:15.108;0;;38.540;0;1:02.020;0;34.548;0;186.6;2:32:35.303;15:32:42.969;0:38.540;1:02.020;0:34.548;271.6;Max VAN DER SNEL;;LMP3;;Eurointernational;Ligier;GF;38.540;62.020;34.548;
11;3;51;2:15.376;0;;38.297;0;1:02.336;0;34.743;0;186.3;2:34:50.679;15:34:58.345;0:38.297;1:02.336;0:34.743;273.6;Max VAN DER SNEL;;LMP3;;Eurointernational;Ligier;GF;38.297;62.336;34.743;
11;3;52;2:14.883;0;;38.344;0;1:02.037;0;34.502;0;186.9;2:37:05.562;15:37:13.228;0:38.344;1:02.037;0:34.502;272.9;Max VAN DER SNEL;;LMP3;;Eurointernational;Ligier;GF;38.344;62.037;34.502;
11;3;53;2:15.734;0;;38.317;0;1:02.830;0;34.587;0;185.8;2:39:21.296;15:39:28.962;0:38.317;1:02.830;0:34.587;275.0;Max VAN DER SNEL;;LMP3;;Eurointernational;Ligier;GF;38.317;62.830;34.587;
11;3;54;2:15.716;0;;38.311;0;1:02.811;0;34.594;0;185.8;2:41:37.012;15:41:44.678;0:38.311;1:02.811;0:34.594;274.3;Max VAN DER SNEL;;LMP3;;Eurointernational;Ligier;GF;38.311;62.811;34.594;
11;3;55;2:16.061;0;;38.512;0;1:02.631;0;34.918;0;185.3;2:43:53.073;15:44:00.739;0:38.512;1:02.631;0:34.918;272.9;Max VAN DER SNEL;;LMP3;;Eurointernational;Ligier;GF;38.512;62.631;34.918;
11;3;56;2:14.786;0;;38.437;0;1:01.814;1;34.535;0;187.1;2:46:07.859;15:46:15.525;0:38.437;1:01.814;0:34.535;272.9;Max VAN DER SNEL;;LMP3;;Eurointernational;Ligier;GF;38.437;61.814;34.535;
11;3;57;2:18.676;0;;38.247;0;1:04.934;0;35.495;0;181.8;2:48:26.535;15:48:34.201;0:38.247;1:04.934;0:35.495;277.1;Max VAN DER SNEL;;LMP3;;Eurointernational;Ligier;GF;38.247;64.934;35.495;
11;3;58;2:15.342;0;;38.363;0;1:02.151;0;34.828;0;186.3;2:50:41.877;15:50:49.543;0:38.363;1:02.151;0:34.828;272.9;Max VAN DER SNEL;;LMP3;;Eurointernational;Ligier;GF;38.363;62.151;34.828;
11;3;59;2:15.097;0;;38.319;0;1:02.239;0;34.539;0;186.6;2:52:56.974;15:53:04.640;0:38.319;1:02.239;0:34.539;272.9;Max VAN DER SNEL;;LMP3;;Eurointernational;Ligier;GF;38.319;62.239;34.539;
11;3;60;2:15.043;0;;38.268;0;1:02.172;0;34.603;0;186.7;2:55:12.017;15:55:19.683;0:38.268;1:02.172;0:34.603;273.6;Max VAN DER SNEL;;LMP3;;Eurointernational;Ligier;GF;38.268;62.172;34.603;
11;3;61;2:15.811;0;;38.230;0;1:02.655;0;34.926;0;185.7;2:57:27.828;15:57:35.494;0:38.230;1:02.655;0:34.926;275.0;Max VAN DER SNEL;;LMP3;;Eurointernational;Ligier;GF;38.230;62.655;34.926;
11;3;62;2:15.624;0;;38.331;0;1:02.750;0;34.543;0;185.9;2:59:43.452;15:59:51.118;0:38.331;1:02.750;0:34.543;276.4;Max VAN DER SNEL;;LMP3;;Eurointernational;Ligier;GF;38.331;62.750;34.543;
11;3;63;2:16.257;0;;38.833;0;1:02.785;0;34.639;0;185.0;3:01:59.709;16:02:07.375;0:38.833;1:02.785;0:34.639;272.9;Max VAN DER SNEL;;LMP3;;Eurointernational;Ligier;GF;38.833;62.785;34.639;
11;3;64;2:15.893;0;;38.741;0;1:02.651;0;34.501;0;185.5;3:04:15.602;16:04:23.268;0:38.741;1:02.651;0:34.501;272.3;Max VAN DER SNEL;;LMP3;;Eurointernational;Ligier;GF;38.741;62.651;34.501;
11;3;65;2:15.461;0;;38.498;0;1:02.339;0;34.624;0;186.1;3:06:31.063;16:06:38.729;0:38.498;1:02.339;0:34.624;273.6;Max VAN DER SNEL;;LMP3;;Eurointernational;Ligier;GF;38.498;62.339;34.624;
11;3;66;2:15.043;0;;38.425;0;1:02.135;0;34.483;1;186.7;3:08:46.106;16:08:53.772;0:38.425;1:02.135;0:34.483;272.3;Max VAN DER SNEL;;LMP3;;Eurointernational;Ligier;GF;38.425;62.135;34.483;
11;3;67;2:15.565;0;;38.346;0;1:02.284;0;34.935;0;186.0;3:11:01.671;16:11:09.337;0:38.346;1:02.284;0:34.935;272.9;Max VAN DER SNEL;;LMP3;;Eurointernational;Ligier;GF;38.346;62.284;34.935;
11;3;68;2:21.613;0;B;38.185;2;1:02.376;0;41.052;0;178.0;3:13:23.284;16:13:30.950;0:38.185;1:02.376;0:41.052;275.7;Max VAN DER SNEL;;LMP3;;Eurointernational;Ligier;GF;38.185;62.376;41.052;
11;2;69;3:12.116;0;;1:32.456;0;1:04.151;0;35.509;0;131.2;3:16:35.400;16:16:43.066;1:32.456;1:04.151;0:35.509;266.2;Douwe DEDECKER;0:01:02.957;LMP3;;Eurointernational;Ligier;GF;92.456;64.151;35.509;
11;2;70;2:19.120;0;;38.752;0;1:05.031;0;35.337;0;181.2;3:18:54.520;16:19:02.186;0:38.752;1:05.031;0:35.337;273.6;Douwe DEDECKER;;LMP3;;Eurointernational;Ligier;GF;38.752;65.031;35.337;
11;2;71;2:18.443;0;;38.710;0;1:04.400;0;35.333;0;182.1;3:21:12.963;16:21:20.629;0:38.710;1:04.400;0:35.333;261.7;Douwe DEDECKER;;LMP3;;Eurointernational;Ligier;GF;38.710;64.400;35.333;
11;2;72;2:17.203;0;;38.714;0;1:03.418;0;35.071;0;183.8;3:23:30.166;16:23:37.832;0:38.714;1:03.418;0:35.071;272.9;Douwe DEDECKER;;LMP3;;Eurointernational;Ligier;GF;38.714;63.418;35.071;
11;2;73;2:16.973;0;;38.700;0;1:03.272;0;35.001;0;184.1;3:25:47.139;16:25:54.805;0:38.700;1:03.272;0:35.001;272.3;Douwe DEDECKER;;LMP3;;Eurointernational;Ligier;GF;38.700;63.272;35.001;
11;2;74;2:17.689;0;;38.633;0;1:03.814;0;35.242;0;183.1;3:28:04.828;16:28:12.494;0:38.633;1:03.814;0:35.242;268.9;Douwe DEDECKER;;LMP3;;Eurointernational;Ligier;GF;38.633;63.814;35.242;
11;2;75;2:16.821;0;;38.660;0;1:03.133;0;35.028;0;184.3;3:30:21.649;16:30:29.315;0:38.660;1:03.133;0:35.028;272.3;Douwe DEDECKER;;LMP3;;Eurointernational;Ligier;GF;38.660;63.133;35.028;
11;2;76;2:17.446;0;;38.445;1;1:03.626;0;35.375;0;183.4;3:32:39.095;16:32:46.761;0:38.445;1:03.626;0:35.375;273.6;Douwe DEDECKER;;LMP3;;Eurointernational;Ligier;GF;38.445;63.626;35.375;
11;2;77;2:17.617;0;;38.854;0;1:03.711;0;35.052;0;183.2;3:34:56.712;16:35:04.378;0:38.854;1:03.711;0:35.052;273.6;Douwe DEDECKER;;LMP3;;Eurointernational;Ligier;GF;38.854;63.711;35.052;
11;2;78;2:16.853;0;;38.511;0;1:03.535;0;34.807;1;184.2;3:37:13.565;16:37:21.231;0:38.511;1:03.535;0:34.807;275.0;Douwe DEDECKER;;LMP3;;Eurointernational;Ligier;GF;38.511;63.535;34.807;
11;2;79;2:17.424;0;;38.696;0;1:03.552;0;35.176;0;183.5;3:39:30.989;16:39:38.655;0:38.696;1:03.552;0:35.176;270.9;Douwe DEDECKER;;LMP3;;Eurointernational;Ligier;GF;38.696;63.552;35.176;
11;2;80;2:17.220;0;;38.580;0;1:03.467;0;35.173;0;183.7;3:41:48.209;16:41:55.875;0:38.580;1:03.467;0:35.173;271.6;Douwe DEDECKER;;LMP3;;Eurointernational;Ligier;GF;38.580;63.467;35.173;
11;2;81;2:17.303;0;;38.684;0;1:03.250;0;35.369;0;183.6;3:44:05.512;16:44:13.178;0:38.684;1:03.250;0:35.369;272.3;Douwe DEDECKER;;LMP3;;Eurointernational;Ligier;GF;38.684;63.250;35.369;
11;2;82;2:17.227;0;;38.700;0;1:03.224;0;35.303;0;183.7;3:46:22.739;16:46:30.405;0:38.700;1:03.224;0:35.303;272.9;Douwe DEDECKER;;LMP3;;Eurointernational;Ligier;GF;38.700;63.224;35.303;
11;2;83;2:17.469;0;;38.930;0;1:03.613;0;34.926;0;183.4;3:48:40.208;16:48:47.874;0:38.930;1:03.613;0:34.926;272.3;Douwe DEDECKER;;LMP3;;Eurointernational;Ligier;GF;38.930;63.613;34.926;
11;2;84;2:16.657;0;;38.714;0;1:03.056;1;34.887;0;184.5;3:50:56.865;16:51:04.531;0:38.714;1:03.056;0:34.887;270.2;Douwe DEDECKER;;LMP3;;Eurointernational;Ligier;GF;38.714;63.056;34.887;
11;2;85;2:27.310;0;;38.719;0;1:12.926;0;35.665;0;171.2;3:53:24.175;16:53:31.841;0:38.719;1:12.926;0:35.665;270.2;Douwe DEDECKER;;LMP3;;Eurointernational;Ligier;GF;38.719;72.926;35.665;
11;2;86;2:18.894;0;;39.178;0;1:03.760;0;35.956;0;181.5;3:55:43.069;16:55:50.735;0:39.178;1:03.760;0:35.956;267.6;Douwe DEDECKER;;LMP3;;Eurointernational;Ligier;GF;39.178;63.760;35.956;
11;2;87;2:19.127;0;;39.368;0;1:04.075;0;35.684;0;181.2;3:58:02.196;16:58:09.862;0:39.368;1:04.075;0:35.684;270.9;Douwe DEDECKER;;LMP3;;Eurointernational;Ligier;GF;39.368;64.075;35.684;
11;2;88;2:19.084;0;;39.124;0;1:04.444;0;35.516;0;181.3;4:00:21.280;17:00:28.946;0:39.124;1:04.444;0:35.516;270.9;Douwe DEDECKER;;LMP3;;Eurointernational;Ligier;GF;39.124;64.444;35.516;
11;2;89;2:20.282;0;;39.051;0;1:05.164;0;36.067;0;179.7;4:02:41.562;17:02:49.228;0:39.051;1:05.164;0:36.067;268.9;Douwe DEDECKER;;LMP3;;Eurointernational;Ligier;FF;39.051;65.164;36.067;
14;1;1;2:47.978;0;;43.943;0;1:06.501;0;57.534;0;147.5;2:47.978;13:02:55.644;0:43.943;1:06.501;0:57.534;232.5;Steven THOMAS;;LMP2 Pro/Am;;TDS Racing;Oreca;SF;43.943;66.501;57.534;
14;1;2;4:16.862;0;;1:18.321;0;1:47.979;0;1:10.562;0;98.2;7:04.840;13:07:12.506;1:18.321;1:47.979;1:10.562;;Steven THOMAS;;LMP2 Pro/Am;;TDS Racing;Oreca;SF;78.321;107.979;70.562;
14;1;3;4:22.160;0;;1:36.804;0;1:46.124;0;59.232;0;96.2;11:27.000;13:11:34.666;1:36.804;1:46.124;0:59.232;;Steven THOMAS;;LMP2 Pro/Am;;TDS Racing;Oreca;SF;96.804;106.124;59.232;
14;1;4;2:56.959;0;;56.789;0;1:11.349;0;48.821;0;142.5;14:23.959;13:14:31.625;0:56.789;1:11.349;0:48.821;141.6;Steven THOMAS;;LMP2 Pro/Am;;TDS Racing;Oreca;GF;56.789;71.349;48.821;
14;1;5;2:10.853;0;;37.690;0;1:00.722;0;32.441;0;192.7;16:34.812;13:16:42.478;0:37.690;1:00.722;0:32.441;250.3;Steven THOMAS;;LMP2 Pro/Am;;TDS Racing;Oreca;GF;37.690;60.722;32.441;
14;1;6;2:07.762;0;;35.986;0;59.833;0;31.943;1;197.4;18:42.574;13:18:50.240;0:35.986;0:59.833;0:31.943;281.5;Steven THOMAS;;LMP2 Pro/Am;;TDS Racing;Oreca;GF;35.986;59.833;31.943;
14;1;7;2:06.241;0;;35.651;0;58.586;1;32.004;0;199.7;20:48.815;13:20:56.481;0:35.651;0:58.586;0:32.004;296.9;Steven THOMAS;;LMP2 Pro/Am;;TDS Racing;Oreca;GF;35.651;58.586;32.004;
14;1;8;2:07.329;0;;35.678;0;59.152;0;32.499;0;198.0;22:56.144;13:23:03.810;0:35.678;0:59.152;0:32.499;294.5;Steven THOMAS;;LMP2 Pro/Am;;TDS Racing;Oreca;GF;35.678;59.152;32.499;
14;1;9;2:07.535;0;;35.859;0;59.494;0;32.182;0;197.7;25:03.679;13:25:11.345;0:35.859;0:59.494;0:32.182;303.5;Steven THOMAS;;LMP2 Pro/Am;;TDS Racing;Oreca;GF;35.859;59.494;32.182;
14;1;10;2:06.777;0;;35.737;0;59.009;0;32.031;0;198.9;27:10.456;13:27:18.122;0:35.737;0:59.009;0:32.031;292.1;Steven THOMAS;;LMP2 Pro/Am;;TDS Racing;Oreca;GF;35.737;59.009;32.031;
14;1;11;2:08.603;0;;35.670;0;1:00.363;0;32.570;0;196.1;29:19.059;13:29:26.725;0:35.670;1:00.363;0:32.570;294.5;Steven THOMAS;;LMP2 Pro/Am;;TDS Racing;Oreca;GF;35.670;60.363;32.570;
14;1;12;2:10.464;0;;36.005;0;1:01.665;0;32.794;0;193.3;31:29.523;13:31:37.189;0:36.005;1:01.665;0:32.794;301.0;Steven THOMAS;;LMP2 Pro/Am;;TDS Racing;Oreca;GF;36.005;61.665;32.794;
14;1;13;2:09.072;0;;35.571;1;1:00.810;0;32.691;0;195.3;33:38.595;13:33:46.261;0:35.571;1:00.810;0:32.691;299.3;Steven THOMAS;;LMP2 Pro/Am;;TDS Racing;Oreca;GF;35.571;60.810;32.691;
14;1;14;2:11.851;0;;36.010;0;1:01.823;0;34.018;0;191.2;35:50.446;13:35:58.112;0:36.010;1:01.823;0:34.018;295.3;Steven THOMAS;;LMP2 Pro/Am;;TDS Racing;Oreca;GF;36.010;61.823;34.018;
14;1;15;2:16.140;0;;35.657;0;1:01.000;0;39.483;0;185.2;38:06.586;13:38:14.252;0:35.657;1:01.000;0:39.483;292.1;Steven THOMAS;;LMP2 Pro/Am;;TDS Racing;Oreca;GF;35.657;61.000;39.483;
14;1;16;2:10.570;0;;37.348;0;1:00.249;0;32.973;0;193.1;40:17.156;13:40:24.822;0:37.348;1:00.249;0:32.973;283.7;Steven THOMAS;;LMP2 Pro/Am;;TDS Racing;Oreca;GF;37.348;60.249;32.973;
14;1;17;5:20.371;0;B;1:39.316;0;2:09.089;0;1:31.966;0;78.7;45:37.527;13:45:45.193;1:39.316;2:09.089;1:31.966;;Steven THOMAS;;LMP2 Pro/Am;;TDS Racing;Oreca;GF;99.316;129.089;91.966;
14;1;18;6:35.059;0;;2:48.866;0;2:17.307;0;1:28.886;0;63.8;52:12.586;13:52:20.252;2:48.866;2:17.307;1:28.886;;Steven THOMAS;0:01:27.196;LMP2 Pro/Am;;TDS Racing;Oreca;SF;168.866;137.307;88.886;
14;1;19;2:21.866;0;;40.876;0;1:05.580;0;35.410;0;177.7;54:34.452;13:54:42.118;0:40.876;1:05.580;0:35.410;223.4;Steven THOMAS;;LMP2 Pro/Am;;TDS Racing;Oreca;SF;40.876;65.580;35.410;
14;1;20;4:33.583;0;;1:15.174;0;1:43.944;0;1:34.465;0;92.2;59:08.035;13:59:15.701;1:15.174;1:43.944;1:34.465;146.2;Steven THOMAS;;LMP2 Pro/Am;;TDS Racing;Oreca;SF;75.174;103.944;94.465;
14;1;21;4:15.563;0;;1:22.745;0;1:40.063;0;1:12.755;0;98.7;1:03:23.598;14:03:31.264;1:22.745;1:40.063;1:12.755;;Steven THOMAS;;LMP2 Pro/Am;;TDS Racing;Oreca;SF;82.745;100.063;72.755;
14;1;22;2:48.825;0;;47.352;0;1:11.601;0;49.872;0;149.4;1:06:12.423;14:06:20.089;0:47.352;1:11.601;0:49.872;157.7;Steven THOMAS;;LMP2 Pro/Am;;TDS Racing;Oreca;GF;47.352;71.601;49.872;
14;1;23;2:24.027;0;;37.399;0;1:02.339;0;44.289;0;175.1;1:08:36.450;14:08:44.116;0:37.399;1:02.339;0:44.289;277.1;Steven THOMAS;;LMP2 Pro/Am;;TDS Racing;Oreca;SF;37.399;62.339;44.289;
14;1;24;4:16.420;0;;1:09.584;0;1:55.751;0;1:11.085;0;98.3;1:12:52.870;14:13:00.536;1:09.584;1:55.751;1:11.085;146.8;Steven THOMAS;;LMP2 Pro/Am;;TDS Racing;Oreca;SF;69.584;115.751;71.085;
14;1;25;2:51.701;0;;46.646;0;1:10.679;0;54.376;0;146.8;1:15:44.571;14:15:52.237;0:46.646;1:10.679;0:54.376;214.2;Steven THOMAS;;LMP2 Pro/Am;;TDS Racing;Oreca;GF;46.646;70.679;54.376;
14;1;26;2:20.815;0;B;37.602;0;1:01.985;0;41.228;0;179.1;1:18:05.386;14:18:13.052;0:37.602;1:01.985;0:41.228;272.3;Steven THOMAS;;LMP2 Pro/Am;;TDS Racing;Oreca;GF;37.602;61.985;41.228;
14;2;27;4:06.156;0;;1:29.878;0;1:16.258;0;1:20.020;0;102.4;1:22:11.542;14:22:19.208;1:29.878;1:16.258;1:20.020;177.6;Sami MEGUETOUNIF;0:00:52.043;LMP2 Pro/Am;;TDS Racing;Oreca;SF;89.878;76.258;80.020;
14;2;28;3:32.807;0;;1:23.267;0;1:27.527;0;42.013;0;118.5;1:25:44.349;14:25:52.015;1:23.267;1:27.527;0:42.013;;Sami MEGUETOUNIF;;LMP2 Pro/Am;;TDS Racing;Oreca;SF;83.267;87.527;42.013;
14;2;29;2:44.477;0;;47.122;0;1:13.060;0;44.295;0;153.3;1:28:28.826;14:28:36.492;0:47.122;1:13.060;0:44.295;194.9;Sami MEGUETOUNIF;;LMP2 Pro/Am;;TDS Racing;Oreca;GF;47.122;73.060;44.295;
14;2;30;2:26.523;0;;37.548;0;1:05.303;0;43.672;0;172.1;1:30:55.349;14:31:03.015;0:37.548;1:05.303;0:43.672;285.9;Sami MEGUETOUNIF;;LMP2 Pro/Am;;TDS Racing;Oreca;SF;37.548;65.303;43.672;
14;2;31;4:02.419;0;;1:17.808;0;1:44.324;0;1:00.287;0;104.0;1:34:57.768;14:35:05.434;1:17.808;1:44.324;1:00.287;;Sami MEGUETOUNIF;;LMP2 Pro/Am;;TDS Racing;Oreca;SF;77.808;104.324;60.287;
14;2;32;4:02.260;0;;1:14.109;0;1:37.294;0;1:10.857;0;104.1;1:39:00.028;14:39:07.694;1:14.109;1:37.294;1:10.857;;Sami MEGUETOUNIF;;LMP2 Pro/Am;;TDS Racing;Oreca;SF;74.109;97.294;70.857;
14;2;33;3:53.080;0;;1:37.858;0;1:24.080;0;51.142;0;108.2;1:42:53.108;14:43:00.774;1:37.858;1:24.080;0:51.142;;Sami MEGUETOUNIF;;LMP2 Pro/Am;;TDS Racing;Oreca;SF;97.858;84.080;51.142;
14;2;34;2:54.494;0;;46.851;0;1:23.202;0;44.441;0;144.5;1:45:47.602;14:45:55.268;0:46.851;1:23.202;0:44.441;206.8;Sami MEGUETOUNIF;;LMP2 Pro/Am;;TDS Racing;Oreca;GF;46.851;83.202;44.441;
14;2;35;2:09.733;0;;37.647;0;59.633;0;32.453;0;194.4;1:47:57.335;14:48:05.001;0:37.647;0:59.633;0:32.453;289.0;Sami MEGUETOUNIF;;LMP2 Pro/Am;;TDS Racing;Oreca;GF;37.647;59.633;32.453;
14;2;36;2:04.764;0;;36.372;0;56.625;0;31.767;0;202.1;1:50:02.099;14:50:09.765;0:36.372;0:56.625;0:31.767;295.3;Sami MEGUETOUNIF;;LMP2 Pro/Am;;TDS Racing;Oreca;GF;36.372;56.625;31.767;
14;2;37;2:03.269;2;;35.313;0;56.178;2;31.778;0;204.5;1:52:05.368;14:52:13.034;0:35.313;0:56.178;0:31.778;296.1;Sami MEGUETOUNIF;;LMP2 Pro/Am;;TDS Racing;Oreca;GF;35.313;56.178;31.778;
14;2;38;2:05.243;0;;35.274;0;58.070;0;31.899;0;201.3;1:54:10.611;14:54:18.277;0:35.274;0:58.070;0:31.899;293.7;Sami MEGUETOUNIF;;LMP2 Pro/Am;;TDS Racing;Oreca;GF;35.274;58.070;31.899;
14;2;39;2:03.695;0;;35.315;0;56.476;0;31.904;0;203.8;1:56:14.306;14:56:21.972;0:35.315;0:56.476;0:31.904;299.3;Sami MEGUETOUNIF;;LMP2 Pro/Am;;TDS Racing;Oreca;GF;35.315;56.476;31.904;
14;2;40;2:04.408;0;;35.315;0;56.920;0;32.173;0;202.7;1:58:18.714;14:58:26.380;0:35.315;0:56.920;0:32.173;292.9;Sami MEGUETOUNIF;;LMP2 Pro/Am;;TDS Racing;Oreca;GF;35.315;56.920;32.173;
14;2;41;2:56.608;0;;35.362;0;1:05.094;0;1:16.152;0;142.8;2:01:15.322;15:01:22.988;0:35.362;1:05.094;1:16.152;294.5;Sami MEGUETOUNIF;;LMP2 Pro/Am;;TDS Racing;Oreca;SF;35.362;65.094;76.152;
14;2;42;4:56.199;0;;1:34.088;0;2:07.307;0;1:14.804;0;85.1;2:06:11.521;15:06:19.187;1:34.088;2:07.307;1:14.804;;Sami MEGUETOUNIF;;LMP2 Pro/Am;;TDS Racing;Oreca;SF;94.088;127.307;74.804;
14;2;43;4:37.437;0;;1:21.664;0;1:44.174;0;1:31.599;0;90.9;2:10:48.958;15:10:56.624;1:21.664;1:44.174;1:31.599;;Sami MEGUETOUNIF;;LMP2 Pro/Am;;TDS Racing;Oreca;SF;81.664;104.174;91.599;
14;2;44;4:03.401;0;;1:27.825;0;1:31.239;0;1:04.337;0;103.6;2:14:52.359;15:15:00.025;1:27.825;1:31.239;1:04.337;129.0;Sami MEGUETOUNIF;;LMP2 Pro/Am;;TDS Racing;Oreca;GF;87.825;91.239;64.337;
14;2;45;2:06.057;0;;36.038;0;57.943;0;32.076;0;200.0;2:16:58.416;15:17:06.082;0:36.038;0:57.943;0:32.076;289.7;Sami MEGUETOUNIF;;LMP2 Pro/Am;;TDS Racing;Oreca;GF;36.038;57.943;32.076;
14;2;46;2:03.881;0;;35.358;0;56.802;0;31.721;0;203.5;2:19:02.297;15:19:09.963;0:35.358;0:56.802;0:31.721;298.5;Sami MEGUETOUNIF;;LMP2 Pro/Am;;TDS Racing;Oreca;GF;35.358;56.802;31.721;
14;2;47;2:05.584;0;;35.187;0;58.671;0;31.726;0;200.8;2:21:07.881;15:21:15.547;0:35.187;0:58.671;0:31.726;301.8;Sami MEGUETOUNIF;;LMP2 Pro/Am;;TDS Racing;Oreca;GF;35.187;58.671;31.726;
14;2;48;2:04.250;0;;35.118;2;57.526;0;31.606;2;202.9;2:23:12.131;15:23:19.797;0:35.118;0:57.526;0:31.606;302.7;Sami MEGUETOUNIF;;LMP2 Pro/Am;;TDS Racing;Oreca;GF;35.118;57.526;31.606;
14;2;49;2:03.392;0;;35.457;0;56.270;0;31.665;0;204.3;2:25:15.523;15:25:23.189;0:35.457;0:56.270;0:31.665;299.3;Sami MEGUETOUNIF;;LMP2 Pro/Am;;TDS Racing;Oreca;GF;35.457;56.270;31.665;
14;2;50;2:10.326;0;B;35.324;0;56.456;0;38.546;0;193.5;2:27:25.849;15:27:33.515;0:35.324;0:56.456;0:38.546;298.5;Sami MEGUETOUNIF;;LMP2 Pro/Am;;TDS Racing;Oreca;GF;35.324;56.456;38.546;
14;3;51;3:25.885;0;;1:53.835;0;59.687;0;32.363;0;122.5;2:30:51.734;15:30:59.400;1:53.835;0:59.687;0:32.363;295.3;Scott HUFFAKER II;0:01:28.829;LMP2 Pro/Am;;TDS Racing;Oreca;GF;113.835;59.687;32.363;
14;3;52;2:08.769;0;;35.675;0;1:00.271;0;32.823;0;195.8;2:33:00.503;15:33:08.169;0:35.675;1:00.271;0:32.823;300.2;Scott HUFFAKER II;;LMP2 Pro/Am;;TDS Racing;Oreca;GF;35.675;60.271;32.823;
14;3;53;2:09.540;0;;36.657;0;1:00.623;0;32.260;0;194.6;2:35:10.043;15:35:17.709;0:36.657;1:00.623;0:32.260;292.1;Scott HUFFAKER II;;LMP2 Pro/Am;;TDS Racing;Oreca;GF;36.657;60.623;32.260;
14;3;54;2:06.060;0;;35.581;0;58.437;0;32.042;0;200.0;2:37:16.103;15:37:23.769;0:35.581;0:58.437;0:32.042;300.2;Scott HUFFAKER II;;LMP2 Pro/Am;;TDS Racing;Oreca;GF;35.581;58.437;32.042;
14;3;55;2:06.113;0;;35.468;0;58.270;0;32.375;0;199.9;2:39:22.216;15:39:29.882;0:35.468;0:58.270;0:32.375;301.0;Scott HUFFAKER II;;LMP2 Pro/Am;;TDS Racing;Oreca;GF;35.468;58.270;32.375;
14;3;56;2:05.925;0;;35.791;0;57.947;0;32.187;0;200.2;2:41:28.141;15:41:35.807;0:35.791;0:57.947;0:32.187;300.2;Scott HUFFAKER II;;LMP2 Pro/Am;;TDS Racing;Oreca;GF;35.791;57.947;32.187;
14;3;57;2:07.242;0;;35.586;0;59.618;0;32.038;0;198.2;2:43:35.383;15:43:43.049;0:35.586;0:59.618;0:32.038;290.5;Scott HUFFAKER II;;LMP2 Pro/Am;;TDS Racing;Oreca;GF;35.586;59.618;32.038;
14;3;58;2:06.124;0;;36.234;0;57.930;0;31.960;0;199.9;2:45:41.507;15:45:49.173;0:36.234;0:57.930;0:31.960;296.9;Scott HUFFAKER II;;LMP2 Pro/Am;;TDS Racing;Oreca;GF;36.234;57.930;31.960;
14;3;59;2:05.506;0;;35.611;0;57.787;0;32.108;0;200.9;2:47:47.013;15:47:54.679;0:35.611;0:57.787;0:32.108;301.8;Scott HUFFAKER II;;LMP2 Pro/Am;;TDS Racing;Oreca;GF;35.611;57.787;32.108;
14;3;60;2:06.271;0;;35.459;0;58.733;0;32.079;0;199.7;2:49:53.284;15:50:00.950;0:35.459;0:58.733;0:32.079;301.8;Scott HUFFAKER II;;LMP2 Pro/Am;;TDS Racing;Oreca;GF;35.459;58.733;32.079;
14;3;61;2:07.709;0;;35.612;0;59.574;0;32.523;0;197.4;2:52:00.993;15:52:08.659;0:35.612;0:59.574;0:32.523;302.7;Scott HUFFAKER II;;LMP2 Pro/Am;;TDS Racing;Oreca;GF;35.612;59.574;32.523;
14;3;62;2:08.180;0;;35.676;0;58.859;0;33.645;0;196.7;2:54:09.173;15:54:16.839;0:35.676;0:58.859;0:33.645;301.0;Scott HUFFAKER II;;LMP2 Pro/Am;;TDS Racing;Oreca;GF;35.676;58.859;33.645;
14;3;63;2:05.904;0;;35.658;0;58.248;0;31.998;0;200.3;2:56:15.077;15:56:22.743;0:35.658;0:58.248;0:31.998;301.0;Scott HUFFAKER II;;LMP2 Pro/Am;;TDS Racing;Oreca;GF;35.658;58.248;31.998;
14;3;64;2:05.858;0;;35.555;0;57.988;0;32.315;0;200.3;2:58:20.935;15:58:28.601;0:35.555;0:57.988;0:32.315;297.7;Scott HUFFAKER II;;LMP2 Pro/Am;;TDS Racing;Oreca;GF;35.555;57.988;32.315;
14;3;65;2:05.288;0;;35.539;0;57.857;0;31.892;0;201.2;3:00:26.223;16:00:33.889;0:35.539;0:57.857;0:31.892;301.0;Scott HUFFAKER II;;LMP2 Pro/Am;;TDS Racing;Oreca;GF;35.539;57.857;31.892;
14;3;66;2:06.024;0;;35.589;0;58.455;0;31.980;0;200.1;3:02:32.247;16:02:39.913;0:35.589;0:58.455;0:31.980;300.2;Scott HUFFAKER II;;LMP2 Pro/Am;;TDS Racing;Oreca;GF;35.589;58.455;31.980;
14;3;67;2:05.145;0;;35.552;0;57.685;0;31.908;0;201.5;3:04:37.392;16:04:45.058;0:35.552;0:57.685;0:31.908;298.5;Scott HUFFAKER II;;LMP2 Pro/Am;;TDS Racing;Oreca;GF;35.552;57.685;31.908;
14;3;68;2:05.389;0;;35.469;0;58.052;0;31.868;0;201.1;3:06:42.781;16:06:50.447;0:35.469;0:58.052;0:31.868;299.3;Scott HUFFAKER II;;LMP2 Pro/Am;;TDS Racing;Oreca;GF;35.469;58.052;31.868;
14;3;69;2:15.092;0;B;35.985;0;1:00.313;0;38.794;0;186.6;3:08:57.873;16:09:05.539;0:35.985;1:00.313;0:38.794;298.5;Scott HUFFAKER II;;LMP2 Pro/Am;;TDS Racing;Oreca;GF;35.985;60.313;38.794;
14;3;70;3:26.632;0;;1:51.218;0;1:02.911;0;32.503;0;122.0;3:12:24.505;16:12:32.171;1:51.218;1:02.911;0:32.503;287.4;Scott HUFFAKER II;0:01:24.796;LMP2 Pro/Am;;TDS Racing;Oreca;GF;111.218;62.911;32.503;
14;3;71;2:07.340;0;;35.696;0;58.395;0;33.249;0;198.0;3:14:31.845;16:14:39.511;0:35.696;0:58.395;0:33.249;298.5;Scott HUFFAKER II;;LMP2 Pro/Am;;TDS Racing;Oreca;GF;35.696;58.395;33.249;
14;3;72;2:07.828;0;;36.212;0;59.084;0;32.532;0;197.3;3:16:39.673;16:16:47.339;0:36.212;0:59.084;0:32.532;300.2;Scott HUFFAKER II;;LMP2 Pro/Am;;TDS Racing;Oreca;GF;36.212;59.084;32.532;
14;3;73;2:07.555;0;;35.481;0;59.756;0;32.318;0;197.7;3:18:47.228;16:18:54.894;0:35.481;0:59.756;0:32.318;302.7;Scott HUFFAKER II;;LMP2 Pro/Am;;TDS Racing;Oreca;GF;35.481;59.756;32.318;
14;3;74;2:05.352;0;;35.538;0;57.898;0;31.916;0;201.1;3:20:52.580;16:21:00.246;0:35.538;0:57.898;0:31.916;301.8;Scott HUFFAKER II;;LMP2 Pro/Am;;TDS Racing;Oreca;GF;35.538;57.898;31.916;
14;3;75;2:09.342;0;;35.333;0;1:00.626;0;33.383;0;194.9;3:23:01.922;16:23:09.588;0:35.333;1:00.626;0:33.383;297.7;Scott HUFFAKER II;;LMP2 Pro/Am;;TDS Racing;Oreca;GF;35.333;60.626;33.383;
14;3;76;2:06.116;0;;35.466;0;58.725;0;31.925;0;199.9;3:25:08.038;16:25:15.704;0:35.466;0:58.725;0:31.925;301.8;Scott HUFFAKER II;;LMP2 Pro/Am;;TDS Racing;Oreca;GF;35.466;58.725;31.925;
14;3;77;2:06.301;0;;36.134;0;58.146;0;32.021;0;199.6;3:27:14.339;16:27:22.005;0:36.134;0:58.146;0:32.021;294.5;Scott HUFFAKER II;;LMP2 Pro/Am;;TDS Racing;Oreca;GF;36.134;58.146;32.021;
14;3;78;2:04.432;0;;35.388;0;57.219;1;31.825;0;202.6;3:29:18.771;16:29:26.437;0:35.388;0:57.219;0:31.825;300.2;Scott HUFFAKER II;;LMP2 Pro/Am;;TDS Racing;Oreca;GF;35.388;57.219;31.825;
14;3;79;2:06.058;0;;36.613;0;57.639;0;31.806;1;200.0;3:31:24.829;16:31:32.495;0:36.613;0:57.639;0:31.806;294.5;Scott HUFFAKER II;;LMP2 Pro/Am;;TDS Racing;Oreca;GF;36.613;57.639;31.806;
14;3;80;2:05.430;0;;35.388;0;58.156;0;31.886;0;201.0;3:33:30.259;16:33:37.925;0:35.388;0:58.156;0:31.886;285.2;Scott HUFFAKER II;;LMP2 Pro/Am;;TDS Racing;Oreca;GF;35.388;58.156;31.886;
14;3;81;2:05.251;0;;35.391;0;57.878;0;31.982;0;201.3;3:35:35.510;16:35:43.176;0:35.391;0:57.878;0:31.982;301.0;Scott HUFFAKER II;;LMP2 Pro/Am;;TDS Racing;Oreca;GF;35.391;57.878;31.982;
14;3;82;2:08.123;0;;37.286;0;58.443;0;32.394;0;196.8;3:37:43.633;16:37:51.299;0:37.286;0:58.443;0:32.394;298.5;Scott HUFFAKER II;;LMP2 Pro/Am;;TDS Racing;Oreca;GF;37.286;58.443;32.394;
14;3;83;2:08.043;0;;36.358;0;59.296;0;32.389;0;196.9;3:39:51.676;16:39:59.342;0:36.358;0:59.296;0:32.389;296.9;Scott HUFFAKER II;;LMP2 Pro/Am;;TDS Racing;Oreca;GF;36.358;59.296;32.389;
14;3;84;2:06.409;0;;35.382;0;58.942;0;32.085;0;199.5;3:41:58.085;16:42:05.751;0:35.382;0:58.942;0:32.085;297.7;Scott HUFFAKER II;;LMP2 Pro/Am;;TDS Racing;Oreca;GF;35.382;58.942;32.085;
14;3;85;2:06.611;0;;35.908;0;58.420;0;32.283;0;199.1;3:44:04.696;16:44:12.362;0:35.908;0:58.420;0:32.283;295.3;Scott HUFFAKER II;;LMP2 Pro/Am;;TDS Racing;Oreca;GF;35.908;58.420;32.283;
14;3;86;2:05.584;0;;35.325;1;58.223;0;32.036;0;200.8;3:46:10.280;16:46:17.946;0:35.325;0:58.223;0:32.036;308.7;Scott HUFFAKER II;;LMP2 Pro/Am;;TDS Racing;Oreca;GF;35.325;58.223;32.036;
14;3;87;2:05.168;0;;35.472;0;57.802;0;31.894;0;201.4;3:48:15.448;16:48:23.114;0:35.472;0:57.802;0:31.894;299.3;Scott HUFFAKER II;;LMP2 Pro/Am;;TDS Racing;Oreca;GF;35.472;57.802;31.894;
14;3;88;2:11.273;0;B;35.524;0;57.840;0;37.909;0;192.1;3:50:26.721;16:50:34.387;0:35.524;0:57.840;0:37.909;298.5;Scott HUFFAKER II;;LMP2 Pro/Am;;TDS Racing;Oreca;GF;35.524;57.840;37.909;
14;3;89;2:35.773;0;;1:05.133;0;58.392;0;32.248;0;161.9;3:53:02.494;16:53:10.160;1:05.133;0:58.392;0:32.248;293.7;Scott HUFFAKER II;0:00:40.363;LMP2 Pro/Am;;TDS Racing;Oreca;GF;65.133;58.392;32.248;
14;3;90;2:05.915;0;;35.513;0;58.455;0;31.947;0;200.2;3:55:08.409;16:55:16.075;0:35.513;0:58.455;0:31.947;299.3;Scott HUFFAKER II;;LMP2 Pro/Am;;TDS Racing;Oreca;GF;35.513;58.455;31.947;
14;3;91;2:06.195;0;;35.449;0;58.518;0;32.228;0;199.8;3:57:14.604;16:57:22.270;0:35.449;0:58.518;0:32.228;299.3;Scott HUFFAKER II;;LMP2 Pro/Am;;TDS Racing;Oreca;GF;35.449;58.518;32.228;
14;3;92;2:06.395;0;;35.881;0;58.440;0;32.074;0;199.5;3:59:20.999;16:59:28.665;0:35.881;0:58.440;0:32.074;299.3;Scott HUFFAKER II;;LMP2 Pro/Am;;TDS Racing;Oreca;GF;35.881;58.440;32.074;
14;3;93;2:07.641;0;;35.876;0;59.591;0;32.174;0;197.5;4:01:28.640;17:01:36.306;0:35.876;0:59.591;0:32.174;287.4;Scott HUFFAKER II;;LMP2 Pro/Am;;TDS Racing;Oreca;FF;35.876;59.591;32.174;
17;1;1;2:53.599;0;;46.244;0;1:08.279;0;59.076;0;142.7;2:53.599;13:03:01.265;0:46.244;1:08.279;0:59.076;236.6;Paul LANCHERE;;LMP3;;CLX Motorsport;Ligier;SF;46.244;68.279;59.076;
17;1;2;4:15.959;0;;1:27.598;0;1:40.253;0;1:08.108;0;98.5;7:09.558;13:07:17.224;1:27.598;1:40.253;1:08.108;;Paul LANCHERE;;LMP3;;CLX Motorsport;Ligier;SF;87.598;100.253;68.108;
17;1;3;4:22.720;0;;1:39.658;0;1:42.662;0;1:00.400;0;96.0;11:32.278;13:11:39.944;1:39.658;1:42.662;1:00.400;;Paul LANCHERE;;LMP3;;CLX Motorsport;Ligier;SF;99.658;102.662;60.400;
17;1;4;2:54.535;0;;56.579;0;1:10.732;0;47.224;0;144.5;14:26.813;13:14:34.479;0:56.579;1:10.732;0:47.224;164.2;Paul LANCHERE;;LMP3;;CLX Motorsport;Ligier;GF;56.579;70.732;47.224;
17;1;5;2:16.293;0;;38.601;0;1:03.057;0;34.635;0;185.0;16:43.106;13:16:50.772;0:38.601;1:03.057;0:34.635;271.6;Paul LANCHERE;;LMP3;;CLX Motorsport;Ligier;GF;38.601;63.057;34.635;
17;1;6;2:16.472;0;;38.677;0;1:03.023;0;34.772;0;184.8;18:59.578;13:19:07.244;0:38.677;1:03.023;0:34.772;260.5;Paul LANCHERE;;LMP3;;CLX Motorsport;Ligier;GF;38.677;63.023;34.772;
17;1;7;2:15.596;0;;38.465;0;1:02.564;0;34.567;1;186.0;21:15.174;13:21:22.840;0:38.465;1:02.564;0:34.567;266.9;Paul LANCHERE;;LMP3;;CLX Motorsport;Ligier;GF;38.465;62.564;34.567;
17;1;8;2:15.848;0;;38.492;0;1:02.591;0;34.765;0;185.6;23:31.022;13:23:38.688;0:38.492;1:02.591;0:34.765;258.6;Paul LANCHERE;;LMP3;;CLX Motorsport;Ligier;GF;38.492;62.591;34.765;
17;1;9;2:15.779;0;;38.572;0;1:02.425;0;34.782;0;185.7;25:46.801;13:25:54.467;0:38.572;1:02.425;0:34.782;265.6;Paul LANCHERE;;LMP3;;CLX Motorsport;Ligier;GF;38.572;62.425;34.782;
17;1;10;2:14.524;0;;38.429;0;1:01.462;1;34.633;0;187.4;28:01.325;13:28:08.991;0:38.429;1:01.462;0:34.633;272.3;Paul LANCHERE;;LMP3;;CLX Motorsport;Ligier;GF;38.429;61.462;34.633;
17;1;11;2:15.030;0;;38.560;0;1:01.810;0;34.660;0;186.7;30:16.355;13:30:24.021;0:38.560;1:01.810;0:34.660;268.9;Paul LANCHERE;;LMP3;;CLX Motorsport;Ligier;GF;38.560;61.810;34.660;
17;1;12;2:15.229;0;;38.657;0;1:01.996;0;34.576;0;186.5;32:31.584;13:32:39.250;0:38.657;1:01.996;0:34.576;272.3;Paul LANCHERE;;LMP3;;CLX Motorsport;Ligier;GF;38.657;61.996;34.576;
17;1;13;2:14.786;0;;38.403;0;1:01.679;0;34.704;0;187.1;34:46.370;13:34:54.036;0:38.403;1:01.679;0:34.704;271.6;Paul LANCHERE;;LMP3;;CLX Motorsport;Ligier;GF;38.403;61.679;34.704;
17;1;14;2:15.410;0;;38.296;1;1:02.443;0;34.671;0;186.2;37:01.780;13:37:09.446;0:38.296;1:02.443;0:34.671;272.3;Paul LANCHERE;;LMP3;;CLX Motorsport;Ligier;GF;38.296;62.443;34.671;
17;1;15;2:15.265;0;;38.421;0;1:01.865;0;34.979;0;186.4;39:17.045;13:39:24.711;0:38.421;1:01.865;0:34.979;272.9;Paul LANCHERE;;LMP3;;CLX Motorsport;Ligier;GF;38.421;61.865;34.979;
17;1;16;3:52.140;0;B;38.441;0;1:44.314;0;1:29.385;0;108.6;43:09.185;13:43:16.851;0:38.441;1:44.314;1:29.385;272.9;Paul LANCHERE;;LMP3;;CLX Motorsport;Ligier;GF;38.441;104.314;89.385;
17;1;17;6:43.581;0;B;3:05.164;0;2:08.369;0;1:30.048;0;62.5;49:52.766;13:50:00.432;3:05.164;2:08.369;1:30.048;;Paul LANCHERE;0:01:46.007;LMP3;;CLX Motorsport;Ligier;GF;185.164;128.369;90.048;
17;1;18;4:24.532;0;;2:33.107;0;1:06.995;0;44.430;0;95.3;54:17.298;13:54:24.964;2:33.107;1:06.995;0:44.430;233.0;Paul LANCHERE;0:01:46.010;LMP3;;CLX Motorsport;Ligier;SF;153.107;66.995;44.430;
17;1;19;4:42.600;0;;1:21.083;0;1:46.351;0;1:35.166;0;89.2;58:59.898;13:59:07.564;1:21.083;1:46.351;1:35.166;143.7;Paul LANCHERE;;LMP3;;CLX Motorsport;Ligier;SF;81.083;106.351;95.166;
17;1;20;4:15.716;0;;1:23.214;0;1:39.386;0;1:13.116;0;98.6;1:03:15.614;14:03:23.280;1:23.214;1:39.386;1:13.116;;Paul LANCHERE;;LMP3;;CLX Motorsport;Ligier;SF;83.214;99.386;73.116;
17;1;21;2:52.508;0;;47.928;0;1:14.250;0;50.330;0;146.2;1:06:08.122;14:06:15.788;0:47.928;1:14.250;0:50.330;166.5;Paul LANCHERE;;LMP3;;CLX Motorsport;Ligier;GF;47.928;74.250;50.330;
17;1;22;2:26.818;0;;39.819;0;1:03.727;0;43.272;0;171.7;1:08:34.940;14:08:42.606;0:39.819;1:03.727;0:43.272;266.9;Paul LANCHERE;;LMP3;;CLX Motorsport;Ligier;SF;39.819;63.727;43.272;
17;1;23;4:16.033;0;;1:09.397;0;1:56.391;0;1:10.245;0;98.5;1:12:50.973;14:12:58.639;1:09.397;1:56.391;1:10.245;143.7;Paul LANCHERE;;LMP3;;CLX Motorsport;Ligier;SF;69.397;116.391;70.245;
17;1;24;2:53.201;0;;46.951;0;1:11.488;0;54.762;0;145.6;1:15:44.174;14:15:51.840;0:46.951;1:11.488;0:54.762;202.9;Paul LANCHERE;;LMP3;;CLX Motorsport;Ligier;GF;46.951;71.488;54.762;
17;1;25;2:21.027;0;;39.213;0;1:05.351;0;36.463;0;178.8;1:18:05.201;14:18:12.867;0:39.213;1:05.351;0:36.463;273.6;Paul LANCHERE;;LMP3;;CLX Motorsport;Ligier;GF;39.213;65.351;36.463;
17;1;26;3:40.424;0;;41.344;0;1:31.376;0;1:27.704;0;114.4;1:21:45.625;14:21:53.291;0:41.344;1:31.376;1:27.704;223.0;Paul LANCHERE;;LMP3;;CLX Motorsport;Ligier;SF;41.344;91.376;87.704;
17;1;27;3:37.200;0;;1:25.018;0;1:27.517;0;44.665;0;116.1;1:25:22.825;14:25:30.491;1:25.018;1:27.517;0:44.665;;Paul LANCHERE;;LMP3;;CLX Motorsport;Ligier;SF;85.018;87.517;44.665;
17;1;28;2:55.325;0;;46.699;0;1:20.140;0;48.486;0;143.8;1:28:18.150;14:28:25.816;0:46.699;1:20.140;0:48.486;144.9;Paul LANCHERE;;LMP3;;CLX Motorsport;Ligier;GF;46.699;80.140;48.486;
17;1;29;2:24.522;0;;38.880;0;1:04.953;0;40.689;0;174.5;1:30:42.672;14:30:50.338;0:38.880;1:04.953;0:40.689;274.3;Paul LANCHERE;;LMP3;;CLX Motorsport;Ligier;SF;38.880;64.953;40.689;
17;1;30;4:05.131;0;;1:18.707;0;1:44.364;0;1:02.060;0;102.9;1:34:47.803;14:34:55.469;1:18.707;1:44.364;1:02.060;;Paul LANCHERE;;LMP3;;CLX Motorsport;Ligier;SF;78.707;104.364;62.060;
17;1;31;4:01.093;0;;1:13.724;0;1:39.315;0;1:08.054;0;104.6;1:38:48.896;14:38:56.562;1:13.724;1:39.315;1:08.054;149.9;Paul LANCHERE;;LMP3;;CLX Motorsport;Ligier;SF;73.724;99.315;68.054;
17;1;32;3:51.106;0;;1:37.226;0;1:26.706;0;47.174;0;109.1;1:42:40.002;14:42:47.668;1:37.226;1:26.706;0:47.174;;Paul LANCHERE;;LMP3;;CLX Motorsport;Ligier;SF;97.226;86.706;47.174;
17;1;33;3:03.318;0;;45.786;0;1:28.964;0;48.568;0;137.5;1:45:43.320;14:45:50.986;0:45.786;1:28.964;0:48.568;223.9;Paul LANCHERE;;LMP3;;CLX Motorsport;Ligier;GF;45.786;88.964;48.568;
17;1;34;2:17.154;0;;38.601;0;1:03.573;0;34.980;0;183.8;1:48:00.474;14:48:08.140;0:38.601;1:03.573;0:34.980;272.9;Paul LANCHERE;;LMP3;;CLX Motorsport;Ligier;GF;38.601;63.573;34.980;
17;1;35;2:16.225;0;;38.521;0;1:03.084;0;34.620;0;185.1;1:50:16.699;14:50:24.365;0:38.521;1:03.084;0:34.620;274.3;Paul LANCHERE;;LMP3;;CLX Motorsport;Ligier;GF;38.521;63.084;34.620;
17;1;36;2:15.928;0;;38.409;0;1:02.801;0;34.718;0;185.5;1:52:32.627;14:52:40.293;0:38.409;1:02.801;0:34.718;274.3;Paul LANCHERE;;LMP3;;CLX Motorsport;Ligier;GF;38.409;62.801;34.718;
17;1;37;2:16.057;0;;38.412;0;1:02.832;0;34.813;0;185.3;1:54:48.684;14:54:56.350;0:38.412;1:02.832;0:34.813;274.3;Paul LANCHERE;;LMP3;;CLX Motorsport;Ligier;GF;38.412;62.832;34.813;
17;1;38;2:16.285;0;;38.413;0;1:02.898;0;34.974;0;185.0;1:57:04.969;14:57:12.635;0:38.413;1:02.898;0:34.974;275.0;Paul LANCHERE;;LMP3;;CLX Motorsport;Ligier;GF;38.413;62.898;34.974;
17;1;39;2:16.522;0;;38.503;0;1:03.243;0;34.776;0;184.7;1:59:21.491;14:59:29.157;0:38.503;1:03.243;0:34.776;274.3;Paul LANCHERE;;LMP3;;CLX Motorsport;Ligier;GF;38.503;63.243;34.776;
17;1;40;2:47.254;0;;42.843;0;1:25.262;0;39.149;0;150.8;2:02:08.745;15:02:16.411;0:42.843;1:25.262;0:39.149;187.5;Paul LANCHERE;;LMP3;;CLX Motorsport;Ligier;SF;42.843;85.262;39.149;
17;1;41;4:24.830;0;;59.185;0;2:08.648;0;1:16.997;0;95.2;2:06:33.575;15:06:41.241;0:59.185;2:08.648;1:16.997;;Paul LANCHERE;;LMP3;;CLX Motorsport;Ligier;SF;59.185;128.648;76.997;
17;1;42;4:24.660;0;;1:19.186;0;1:41.387;0;1:24.087;0;95.3;2:10:58.235;15:11:05.901;1:19.186;1:41.387;1:24.087;;Paul LANCHERE;;LMP3;;CLX Motorsport;Ligier;SF;79.186;101.387;84.087;
17;1;43;3:59.637;0;;1:28.460;0;1:27.788;0;1:03.389;0;105.2;2:14:57.872;15:15:05.538;1:28.460;1:27.788;1:03.389;178.5;Paul LANCHERE;;LMP3;;CLX Motorsport;Ligier;GF;88.460;87.788;63.389;
17;1;44;2:30.280;0;B;39.872;0;1:07.575;0;42.833;0;167.8;2:17:28.152;15:17:35.818;0:39.872;1:07.575;0:42.833;244.1;Paul LANCHERE;;LMP3;;CLX Motorsport;Ligier;GF;39.872;67.575;42.833;
17;2;45;3:43.876;0;;1:56.042;0;1:10.085;0;37.749;0;112.6;2:21:12.028;15:21:19.694;1:56.042;1:10.085;0:37.749;238.2;Alexander JACOBY;0:01:22.729;LMP3;;CLX Motorsport;Ligier;GF;116.042;70.085;37.749;
17;2;46;2:23.061;0;;40.025;0;1:07.182;0;35.854;0;176.2;2:23:35.089;15:23:42.755;0:40.025;1:07.182;0:35.854;258.6;Alexander JACOBY;;LMP3;;CLX Motorsport;Ligier;GF;40.025;67.182;35.854;
17;2;47;2:19.483;0;;38.754;0;1:05.381;0;35.348;0;180.8;2:25:54.572;15:26:02.238;0:38.754;1:05.381;0:35.348;274.3;Alexander JACOBY;;LMP3;;CLX Motorsport;Ligier;GF;38.754;65.381;35.348;
17;2;48;2:20.217;0;;39.029;0;1:04.558;0;36.630;0;179.8;2:28:14.789;15:28:22.455;0:39.029;1:04.558;0:36.630;266.2;Alexander JACOBY;;LMP3;;CLX Motorsport;Ligier;GF;39.029;64.558;36.630;
17;2;49;2:17.778;0;;38.594;0;1:04.343;0;34.841;0;183.0;2:30:32.567;15:30:40.233;0:38.594;1:04.343;0:34.841;261.1;Alexander JACOBY;;LMP3;;CLX Motorsport;Ligier;GF;38.594;64.343;34.841;
17;2;50;2:15.967;0;;38.417;0;1:02.623;0;34.927;0;185.4;2:32:48.534;15:32:56.200;0:38.417;1:02.623;0:34.927;272.9;Alexander JACOBY;;LMP3;;CLX Motorsport;Ligier;GF;38.417;62.623;34.927;
17;2;51;2:15.922;0;;38.340;0;1:02.730;0;34.852;0;185.5;2:35:04.456;15:35:12.122;0:38.340;1:02.730;0:34.852;272.9;Alexander JACOBY;;LMP3;;CLX Motorsport;Ligier;GF;38.340;62.730;34.852;
17;2;52;2:15.899;0;;38.393;0;1:02.703;0;34.803;0;185.5;2:37:20.355;15:37:28.021;0:38.393;1:02.703;0:34.803;272.9;Alexander JACOBY;;LMP3;;CLX Motorsport;Ligier;GF;38.393;62.703;34.803;
17;2;53;2:15.575;0;;38.450;0;1:02.305;0;34.820;0;186.0;2:39:35.930;15:39:43.596;0:38.450;1:02.305;0:34.820;273.6;Alexander JACOBY;;LMP3;;CLX Motorsport;Ligier;GF;38.450;62.305;34.820;
17;2;54;2:15.361;0;;38.421;0;1:02.283;0;34.657;1;186.3;2:41:51.291;15:41:58.957;0:38.421;1:02.283;0:34.657;272.9;Alexander JACOBY;;LMP3;;CLX Motorsport;Ligier;GF;38.421;62.283;34.657;
17;2;55;2:15.573;0;;38.516;0;1:02.235;0;34.822;0;186.0;2:44:06.864;15:44:14.530;0:38.516;1:02.235;0:34.822;271.6;Alexander JACOBY;;LMP3;;CLX Motorsport;Ligier;GF;38.516;62.235;34.822;
17;2;56;2:15.513;0;;38.282;1;1:02.426;0;34.805;0;186.1;2:46:22.377;15:46:30.043;0:38.282;1:02.426;0:34.805;274.3;Alexander JACOBY;;LMP3;;CLX Motorsport;Ligier;GF;38.282;62.426;34.805;
17;2;57;2:15.571;0;;38.499;0;1:02.247;0;34.825;0;186.0;2:48:37.948;15:48:45.614;0:38.499;1:02.247;0:34.825;274.3;Alexander JACOBY;;LMP3;;CLX Motorsport;Ligier;GF;38.499;62.247;34.825;
17;2;58;2:17.190;0;;38.321;0;1:04.040;0;34.829;0;183.8;2:50:55.138;15:51:02.804;0:38.321;1:04.040;0:34.829;275.7;Alexander JACOBY;;LMP3;;CLX Motorsport;Ligier;GF;38.321;64.040;34.829;
17;2;59;2:15.923;0;;38.807;0;1:02.207;1;34.909;0;185.5;2:53:11.061;15:53:18.727;0:38.807;1:02.207;0:34.909;271.6;Alexander JACOBY;;LMP3;;CLX Motorsport;Ligier;GF;38.807;62.207;34.909;
17;2;60;2:15.762;0;;38.316;0;1:02.753;0;34.693;0;185.7;2:55:26.823;15:55:34.489;0:38.316;1:02.753;0:34.693;274.3;Alexander JACOBY;;LMP3;;CLX Motorsport;Ligier;GF;38.316;62.753;34.693;
17;2;61;2:17.145;0;;38.364;0;1:03.951;0;34.830;0;183.9;2:57:43.968;15:57:51.634;0:38.364;1:03.951;0:34.830;275.0;Alexander JACOBY;;LMP3;;CLX Motorsport;Ligier;GF;38.364;63.951;34.830;
17;2;62;2:15.434;0;;38.318;0;1:02.373;0;34.743;0;186.2;2:59:59.402;16:00:07.068;0:38.318;1:02.373;0:34.743;275.0;Alexander JACOBY;;LMP3;;CLX Motorsport;Ligier;GF;38.318;62.373;34.743;
17;2;63;2:23.168;0;B;38.341;0;1:02.646;0;42.181;0;176.1;3:02:22.570;16:02:30.236;0:38.341;1:02.646;0:42.181;272.9;Alexander JACOBY;;LMP3;;CLX Motorsport;Ligier;GF;38.341;62.646;42.181;
17;3;64;3:33.525;0;;1:48.499;0;1:08.757;0;36.269;0;118.1;3:05:56.095;16:06:03.761;1:48.499;1:08.757;0:36.269;236.1;Louis IGLESIAS;0:01:17.036;LMP3;;CLX Motorsport;Ligier;GF;108.499;68.757;36.269;
17;3;65;2:19.180;0;;39.579;0;1:04.196;0;35.405;0;181.2;3:08:15.275;16:08:22.941;0:39.579;1:04.196;0:35.405;271.6;Louis IGLESIAS;;LMP3;;CLX Motorsport;Ligier;GF;39.579;64.196;35.405;
17;3;66;2:15.926;0;;38.946;0;1:02.544;0;34.436;0;185.5;3:10:31.201;16:10:38.867;0:38.946;1:02.544;0:34.436;270.2;Louis IGLESIAS;;LMP3;;CLX Motorsport;Ligier;GF;38.946;62.544;34.436;
17;3;67;2:14.401;0;;38.416;0;1:01.612;0;34.373;0;187.6;3:12:45.602;16:12:53.268;0:38.416;1:01.612;0:34.373;272.3;Louis IGLESIAS;;LMP3;;CLX Motorsport;Ligier;GF;38.416;61.612;34.373;
17;3;68;2:13.967;0;;38.309;0;1:01.379;2;34.279;0;188.2;3:14:59.569;16:15:07.235;0:38.309;1:01.379;0:34.279;272.9;Louis IGLESIAS;;LMP3;;CLX Motorsport;Ligier;GF;38.309;61.379;34.279;
17;3;69;2:13.891;0;;38.206;0;1:01.529;0;34.156;2;188.3;3:17:13.460;16:17:21.126;0:38.206;1:01.529;0:34.156;275.0;Louis IGLESIAS;;LMP3;;CLX Motorsport;Ligier;GF;38.206;61.529;34.156;
17;3;70;2:14.003;0;;38.154;0;1:01.571;0;34.278;0;188.2;3:19:27.463;16:19:35.129;0:38.154;1:01.571;0:34.278;275.0;Louis IGLESIAS;;LMP3;;CLX Motorsport;Ligier;GF;38.154;61.571;34.278;
17;3;71;2:13.814;2;;38.151;0;1:01.481;0;34.182;0;188.4;3:21:41.277;16:21:48.943;0:38.151;1:01.481;0:34.182;275.0;Louis IGLESIAS;;LMP3;;CLX Motorsport;Ligier;GF;38.151;61.481;34.182;
17;3;72;2:14.110;0;;38.130;0;1:01.688;0;34.292;0;188.0;3:23:55.387;16:24:03.053;0:38.130;1:01.688;0:34.292;275.0;Louis IGLESIAS;;LMP3;;CLX Motorsport;Ligier;GF;38.130;61.688;34.292;
17;3;73;2:15.372;0;;38.487;0;1:02.026;0;34.859;0;186.3;3:26:10.759;16:26:18.425;0:38.487;1:02.026;0:34.859;274.3;Louis IGLESIAS;;LMP3;;CLX Motorsport;Ligier;GF;38.487;62.026;34.859;
17;3;74;2:16.672;0;;38.394;0;1:03.199;0;35.079;0;184.5;3:28:27.431;16:28:35.097;0:38.394;1:03.199;0:35.079;277.8;Louis IGLESIAS;;LMP3;;CLX Motorsport;Ligier;GF;38.394;63.199;35.079;
17;3;75;2:15.458;0;;38.438;0;1:02.237;0;34.783;0;186.1;3:30:42.889;16:30:50.555;0:38.438;1:02.237;0:34.783;276.4;Louis IGLESIAS;;LMP3;;CLX Motorsport;Ligier;GF;38.438;62.237;34.783;
17;3;76;2:14.840;0;;38.087;0;1:02.482;0;34.271;0;187.0;3:32:57.729;16:33:05.395;0:38.087;1:02.482;0:34.271;270.2;Louis IGLESIAS;;LMP3;;CLX Motorsport;Ligier;GF;38.087;62.482;34.271;
17;3;77;2:14.898;0;;38.040;2;1:02.211;0;34.647;0;186.9;3:35:12.627;16:35:20.293;0:38.040;1:02.211;0:34.647;278.6;Louis IGLESIAS;;LMP3;;CLX Motorsport;Ligier;GF;38.040;62.211;34.647;
17;3;78;2:14.771;0;;38.123;0;1:02.072;0;34.576;0;187.1;3:37:27.398;16:37:35.064;0:38.123;1:02.072;0:34.576;274.3;Louis IGLESIAS;;LMP3;;CLX Motorsport;Ligier;GF;38.123;62.072;34.576;
17;3;79;2:15.568;0;;38.345;0;1:02.528;0;34.695;0;186.0;3:39:42.966;16:39:50.632;0:38.345;1:02.528;0:34.695;274.3;Louis IGLESIAS;;LMP3;;CLX Motorsport;Ligier;GF;38.345;62.528;34.695;
17;3;80;2:14.472;0;;38.122;0;1:02.035;0;34.315;0;187.5;3:41:57.438;16:42:05.104;0:38.122;1:02.035;0:34.315;274.3;Louis IGLESIAS;;LMP3;;CLX Motorsport;Ligier;GF;38.122;62.035;34.315;
17;3;81;2:14.908;0;;38.456;0;1:02.040;0;34.412;0;186.9;3:44:12.346;16:44:20.012;0:38.456;1:02.040;0:34.412;275.7;Louis IGLESIAS;;LMP3;;CLX Motorsport;Ligier;GF;38.456;62.040;34.412;
17;3;82;2:18.119;0;;39.710;0;1:04.045;0;34.364;0;182.6;3:46:30.465;16:46:38.131;0:39.710;1:04.045;0:34.364;270.2;Louis IGLESIAS;;LMP3;;CLX Motorsport;Ligier;GF;39.710;64.045;34.364;
17;3;83;2:14.380;0;;38.274;0;1:01.838;0;34.268;0;187.6;3:48:44.845;16:48:52.511;0:38.274;1:01.838;0:34.268;275.0;Louis IGLESIAS;;LMP3;;CLX Motorsport;Ligier;GF;38.274;61.838;34.268;
17;3;84;2:14.399;0;;38.253;0;1:01.881;0;34.265;0;187.6;3:50:59.244;16:51:06.910;0:38.253;1:01.881;0:34.265;272.9;Louis IGLESIAS;;LMP3;;CLX Motorsport;Ligier;GF;38.253;61.881;34.265;
17;3;85;2:18.587;0;;41.325;0;1:02.855;0;34.407;0;181.9;3:53:17.831;16:53:25.497;0:41.325;1:02.855;0:34.407;263.6;Louis IGLESIAS;;LMP3;;CLX Motorsport;Ligier;GF;41.325;62.855;34.407;
17;3;86;2:16.057;0;;38.357;0;1:03.398;0;34.302;0;185.3;3:55:33.888;16:55:41.554;0:38.357;1:03.398;0:34.302;272.9;Louis IGLESIAS;;LMP3;;CLX Motorsport;Ligier;GF;38.357;63.398;34.302;
17;3;87;2:15.500;0;;38.683;0;1:02.038;0;34.779;0;186.1;3:57:49.388;16:57:57.054;0:38.683;1:02.038;0:34.779;270.2;Louis IGLESIAS;;LMP3;;CLX Motorsport;Ligier;GF;38.683;62.038;34.779;
17;3;88;2:15.282;0;;38.223;0;1:02.633;0;34.426;0;186.4;4:00:04.670;17:00:12.336;0:38.223;1:02.633;0:34.426;263.0;Louis IGLESIAS;;LMP3;;CLX Motorsport;Ligier;GF;38.223;62.633;34.426;
17;3;89;2:17.256;0;;38.306;0;1:03.565;0;35.385;0;183.7;4:02:21.926;17:02:29.592;0:38.306;1:03.565;0:35.385;261.1;Louis IGLESIAS;;LMP3;;CLX Motorsport;Ligier;FF;38.306;63.565;35.385;
18;1;1;2:20.031;0;;36.209;0;58.883;0;44.939;0;176.9;2:20.031;13:02:27.697;0:36.209;0:58.883;0:44.939;287.4;Jamie CHADWICK;;LMP2;;IDEC Sport;Oreca;SF;36.209;58.883;44.939;
18;1;2;4:21.064;0;;1:20.934;0;1:52.854;0;1:07.276;0;96.6;6:41.095;13:06:48.761;1:20.934;1:52.854;1:07.276;;Jamie CHADWICK;;LMP2;;IDEC Sport;Oreca;SF;80.934;112.854;67.276;
18;1;3;4:19.950;0;;1:30.329;0;1:53.693;0;55.928;0;97.0;11:01.045;13:11:08.711;1:30.329;1:53.693;0:55.928;;Jamie CHADWICK;;LMP2;;IDEC Sport;Oreca;SF;90.329;113.693;55.928;
18;1;4;3:08.041;0;;58.658;0;1:21.590;0;47.793;0;134.1;14:09.086;13:14:16.752;0:58.658;1:21.590;0:47.793;220.7;Jamie CHADWICK;;LMP2;;IDEC Sport;Oreca;GF;58.658;81.590;47.793;
18;1;5;2:06.566;0;;36.428;0;57.924;0;32.214;0;199.2;16:15.652;13:16:23.318;0:36.428;0:57.924;0:32.214;296.9;Jamie CHADWICK;;LMP2;;IDEC Sport;Oreca;GF;36.428;57.924;32.214;
18;1;6;2:05.145;0;;35.676;0;57.600;0;31.869;0;201.5;18:20.797;13:18:28.463;0:35.676;0:57.600;0:31.869;297.7;Jamie CHADWICK;;LMP2;;IDEC Sport;Oreca;GF;35.676;57.600;31.869;
18;1;7;2:04.190;0;;35.468;0;56.918;1;31.804;1;203.0;20:24.987;13:20:32.653;0:35.468;0:56.918;0:31.804;296.9;Jamie CHADWICK;;LMP2;;IDEC Sport;Oreca;GF;35.468;56.918;31.804;
18;1;8;2:04.775;0;;35.642;0;57.243;0;31.890;0;202.1;22:29.762;13:22:37.428;0:35.642;0:57.243;0:31.890;289.0;Jamie CHADWICK;;LMP2;;IDEC Sport;Oreca;GF;35.642;57.243;31.890;
18;1;9;2:05.162;0;;35.600;0;57.551;0;32.011;0;201.5;24:34.924;13:24:42.590;0:35.600;0:57.551;0:32.011;290.5;Jamie CHADWICK;;LMP2;;IDEC Sport;Oreca;GF;35.600;57.551;32.011;
18;1;10;2:06.477;0;;35.613;0;58.430;0;32.434;0;199.4;26:41.401;13:26:49.067;0:35.613;0:58.430;0:32.434;291.3;Jamie CHADWICK;;LMP2;;IDEC Sport;Oreca;GF;35.613;58.430;32.434;
18;1;11;2:06.632;0;;35.740;0;58.105;0;32.787;0;199.1;28:48.033;13:28:55.699;0:35.740;0:58.105;0:32.787;288.2;Jamie CHADWICK;;LMP2;;IDEC Sport;Oreca;GF;35.740;58.105;32.787;
18;1;12;2:08.787;0;;36.862;0;59.243;0;32.682;0;195.8;30:56.820;13:31:04.486;0:36.862;0:59.243;0:32.682;290.5;Jamie CHADWICK;;LMP2;;IDEC Sport;Oreca;GF;36.862;59.243;32.682;
18;1;13;2:05.743;0;;35.734;0;57.509;0;32.500;0;200.5;33:02.563;13:33:10.229;0:35.734;0:57.509;0:32.500;291.3;Jamie CHADWICK;;LMP2;;IDEC Sport;Oreca;GF;35.734;57.509;32.500;
18;1;14;2:05.970;0;;35.426;0;57.867;0;32.677;0;200.2;35:08.533;13:35:16.199;0:35.426;0:57.867;0:32.677;288.2;Jamie CHADWICK;;LMP2;;IDEC Sport;Oreca;GF;35.426;57.867;32.677;
18;1;15;2:05.499;0;;35.590;0;57.896;0;32.013;0;200.9;37:14.032;13:37:21.698;0:35.590;0:57.896;0:32.013;290.5;Jamie CHADWICK;;LMP2;;IDEC Sport;Oreca;GF;35.590;57.896;32.013;
18;1;16;2:08.164;0;;35.396;1;59.346;0;33.422;0;196.7;39:22.196;13:39:29.862;0:35.396;0:59.346;0:33.422;293.7;Jamie CHADWICK;;LMP2;;IDEC Sport;Oreca;GF;35.396;59.346;33.422;
18;1;17;3:46.835;0;;35.525;0;1:45.008;0;1:26.302;0;111.2;43:09.031;13:43:16.697;0:35.525;1:45.008;1:26.302;287.4;Jamie CHADWICK;;LMP2;;IDEC Sport;Oreca;GF;35.525;105.008;86.302;
18;1;18;5:22.427;0;B;1:42.596;0;2:09.299;0;1:30.532;0;78.2;48:31.458;13:48:39.124;1:42.596;2:09.299;1:30.532;;Jamie CHADWICK;;LMP2;;IDEC Sport;Oreca;GF;102.596;129.299;90.532;
18;1;19;5:22.054;0;;2:25.688;0;1:30.099;0;1:26.267;0;78.3;53:53.512;13:54:01.178;2:25.688;1:30.099;1:26.267;;Jamie CHADWICK;0:01:04.778;LMP2;;IDEC Sport;Oreca;SF;145.688;90.099;86.267;
18;1;20;4:51.559;0;;1:25.771;0;1:51.563;0;1:34.225;0;86.5;58:45.071;13:58:52.737;1:25.771;1:51.563;1:34.225;;Jamie CHADWICK;;LMP2;;IDEC Sport;Oreca;SF;85.771;111.563;94.225;
18;1;21;4:14.767;0;;1:23.056;0;1:42.874;0;1:08.837;0;99.0;1:02:59.838;14:03:07.504;1:23.056;1:42.874;1:08.837;;Jamie CHADWICK;;LMP2;;IDEC Sport;Oreca;SF;83.056;102.874;68.837;
18;1;22;2:57.953;0;;49.107;0;1:19.777;0;49.069;0;141.7;1:05:57.791;14:06:05.457;0:49.107;1:19.777;0:49.069;189.4;Jamie CHADWICK;;LMP2;;IDEC Sport;Oreca;GF;49.107;79.777;49.069;
18;1;23;2:08.690;0;;36.067;0;58.402;0;34.221;0;195.9;1:08:06.481;14:08:14.147;0:36.067;0:58.402;0:34.221;296.9;Jamie CHADWICK;;LMP2;;IDEC Sport;Oreca;SF;36.067;58.402;34.221;
18;1;24;4:22.443;0;;1:21.185;0;1:56.382;0;1:04.876;0;96.1;1:12:28.924;14:12:36.590;1:21.185;1:56.382;1:04.876;;Jamie CHADWICK;;LMP2;;IDEC Sport;Oreca;SF;81.185;116.382;64.876;
18;1;25;3:05.664;0;;47.556;0;1:21.498;0;56.610;0;135.8;1:15:34.588;14:15:42.254;0:47.556;1:21.498;0:56.610;258.6;Jamie CHADWICK;;LMP2;;IDEC Sport;Oreca;GF;47.556;81.498;56.610;
18;1;26;2:06.584;0;;35.906;0;58.483;0;32.195;0;199.2;1:17:41.172;14:17:48.838;0:35.906;0:58.483;0:32.195;298.5;Jamie CHADWICK;;LMP2;;IDEC Sport;Oreca;GF;35.906;58.483;32.195;
18;1;27;3:47.415;0;;35.789;0;1:46.163;0;1:25.463;0;110.9;1:21:28.587;14:21:36.253;0:35.789;1:46.163;1:25.463;295.3;Jamie CHADWICK;;LMP2;;IDEC Sport;Oreca;SF;35.789;106.163;85.463;
18;1;28;3:38.130;0;;1:23.717;0;1:29.678;0;44.735;0;115.6;1:25:06.717;14:25:14.383;1:23.717;1:29.678;0:44.735;;Jamie CHADWICK;;LMP2;;IDEC Sport;Oreca;SF;83.717;89.678;44.735;
18;1;29;3:01.472;0;;46.182;0;1:25.554;0;49.736;0;138.9;1:28:08.189;14:28:15.855;0:46.182;1:25.554;0:49.736;218.0;Jamie CHADWICK;;LMP2;;IDEC Sport;Oreca;GF;46.182;85.554;49.736;
18;1;30;2:10.147;0;;35.840;0;58.407;0;35.900;0;193.7;1:30:18.336;14:30:26.002;0:35.840;0:58.407;0:35.900;298.5;Jamie CHADWICK;;LMP2;;IDEC Sport;Oreca;SF;35.840;58.407;35.900;
18;1;31;4:13.593;0;;1:25.431;0;1:45.623;0;1:02.539;0;99.4;1:34:31.929;14:34:39.595;1:25.431;1:45.623;1:02.539;;Jamie CHADWICK;;LMP2;;IDEC Sport;Oreca;SF;85.431;105.623;62.539;
18;1;32;4:00.717;0;;1:10.852;0;1:42.560;0;1:07.305;0;104.7;1:38:32.646;14:38:40.312;1:10.852;1:42.560;1:07.305;131.7;Jamie CHADWICK;;LMP2;;IDEC Sport;Oreca;SF;70.852;102.560;67.305;
18;1;33;3:50.622;0;;1:34.388;0;1:32.243;0;43.991;0;109.3;1:42:23.268;14:42:30.934;1:34.388;1:32.243;0:43.991;;Jamie CHADWICK;;LMP2;;IDEC Sport;Oreca;SF;94.388;92.243;43.991;
18;1;34;3:07.406;0;;44.944;0;1:34.782;0;47.680;0;134.5;1:45:30.674;14:45:38.340;0:44.944;1:34.782;0:47.680;245.7;Jamie CHADWICK;;LMP2;;IDEC Sport;Oreca;GF;44.944;94.782;47.680;
18;1;35;2:12.174;0;B;35.741;0;58.333;0;38.100;0;190.8;1:47:42.848;14:47:50.514;0:35.741;0:58.333;0:38.100;297.7;Jamie CHADWICK;;LMP2;;IDEC Sport;Oreca;GF;35.741;58.333;38.100;
18;3;36;3:22.615;0;;1:48.603;0;1:01.339;0;32.673;0;124.4;1:51:05.463;14:51:13.129;1:48.603;1:01.339;0:32.673;258.0;Laurents HÖRR;0:01:20.714;LMP2;;IDEC Sport;Oreca;GF;108.603;61.339;32.673;
18;3;37;2:06.439;0;;35.971;0;57.861;0;32.607;0;199.4;1:53:11.902;14:53:19.568;0:35.971;0:57.861;0:32.607;297.7;Laurents HÖRR;;LMP2;;IDEC Sport;Oreca;GF;35.971;57.861;32.607;
18;3;38;2:05.383;0;;35.815;0;57.646;0;31.922;0;201.1;1:55:17.285;14:55:24.951;0:35.815;0:57.646;0:31.922;298.5;Laurents HÖRR;;LMP2;;IDEC Sport;Oreca;GF;35.815;57.646;31.922;
18;3;39;2:06.279;0;;35.609;0;58.378;0;32.292;0;199.7;1:57:23.564;14:57:31.230;0:35.609;0:58.378;0:32.292;300.2;Laurents HÖRR;;LMP2;;IDEC Sport;Oreca;GF;35.609;58.378;32.292;
18;3;40;2:05.968;0;;35.397;0;58.590;0;31.981;0;200.2;1:59:29.532;14:59:37.198;0:35.397;0:58.590;0:31.981;301.0;Laurents HÖRR;;LMP2;;IDEC Sport;Oreca;GF;35.397;58.590;31.981;
18;3;41;3:06.721;0;;47.558;0;1:25.009;0;54.154;0;135.0;2:02:36.253;15:02:43.919;0:47.558;1:25.009;0:54.154;173.1;Laurents HÖRR;;LMP2;;IDEC Sport;Oreca;SF;47.558;85.009;54.154;
18;3;42;4:02.361;0;;55.433;0;1:49.141;0;1:17.787;0;104.0;2:06:38.614;15:06:46.280;0:55.433;1:49.141;1:17.787;167.2;Laurents HÖRR;;LMP2;;IDEC Sport;Oreca;SF;55.433;109.141;77.787;
18;3;43;4:22.483;0;;1:17.246;0;1:42.459;0;1:22.778;0;96.1;2:11:01.097;15:11:08.763;1:17.246;1:42.459;1:22.778;;Laurents HÖRR;;LMP2;;IDEC Sport;Oreca;SF;77.246;102.459;82.778;
18;3;44;3:57.322;0;;1:28.887;0;1:26.226;0;1:02.209;0;106.2;2:14:58.419;15:15:06.085;1:28.887;1:26.226;1:02.209;171.2;Laurents HÖRR;;LMP2;;IDEC Sport;Oreca;GF;88.887;86.226;62.209;
18;3;45;2:09.493;0;;38.121;0;59.364;0;32.008;0;194.7;2:17:07.912;15:17:15.578;0:38.121;0:59.364;0:32.008;282.9;Laurents HÖRR;;LMP2;;IDEC Sport;Oreca;GF;38.121;59.364;32.008;
18;3;46;2:04.439;0;;35.390;0;57.268;1;31.781;0;202.6;2:19:12.351;15:19:20.017;0:35.390;0:57.268;0:31.781;300.2;Laurents HÖRR;;LMP2;;IDEC Sport;Oreca;GF;35.390;57.268;31.781;
18;3;47;2:05.186;0;;35.351;0;57.877;0;31.958;0;201.4;2:21:17.537;15:21:25.203;0:35.351;0:57.877;0:31.958;301.8;Laurents HÖRR;;LMP2;;IDEC Sport;Oreca;GF;35.351;57.877;31.958;
18;3;48;2:07.916;0;;36.009;0;59.531;0;32.376;0;197.1;2:23:25.453;15:23:33.119;0:36.009;0:59.531;0:32.376;304.4;Laurents HÖRR;;LMP2;;IDEC Sport;Oreca;GF;36.009;59.531;32.376;
18;3;49;2:04.679;0;;35.480;0;57.467;0;31.732;2;202.2;2:25:30.132;15:25:37.798;0:35.480;0:57.467;0:31.732;302.7;Laurents HÖRR;;LMP2;;IDEC Sport;Oreca;GF;35.480;57.467;31.732;
18;3;50;2:04.643;0;;35.398;0;57.322;0;31.923;0;202.3;2:27:34.775;15:27:42.441;0:35.398;0:57.322;0:31.923;301.0;Laurents HÖRR;;LMP2;;IDEC Sport;Oreca;GF;35.398;57.322;31.923;
18;3;51;2:04.642;0;;35.381;0;57.309;0;31.952;0;202.3;2:29:39.417;15:29:47.083;0:35.381;0:57.309;0:31.952;301.0;Laurents HÖRR;;LMP2;;IDEC Sport;Oreca;GF;35.381;57.309;31.952;
18;3;52;2:06.639;0;;35.502;0;58.529;0;32.608;0;199.1;2:31:46.056;15:31:53.722;0:35.502;0:58.529;0:32.608;302.7;Laurents HÖRR;;LMP2;;IDEC Sport;Oreca;GF;35.502;58.529;32.608;
18;3;53;2:05.963;0;;35.823;0;58.278;0;31.862;0;200.2;2:33:52.019;15:33:59.685;0:35.823;0:58.278;0:31.862;300.2;Laurents HÖRR;;LMP2;;IDEC Sport;Oreca;GF;35.823;58.278;31.862;
18;3;54;2:04.954;0;;35.329;2;57.676;0;31.949;0;201.8;2:35:56.973;15:36:04.639;0:35.329;0:57.676;0:31.949;301.0;Laurents HÖRR;;LMP2;;IDEC Sport;Oreca;GF;35.329;57.676;31.949;
18;3;55;2:06.710;0;;35.808;0;58.489;0;32.413;0;199.0;2:38:03.683;15:38:11.349;0:35.808;0:58.489;0:32.413;296.1;Laurents HÖRR;;LMP2;;IDEC Sport;Oreca;GF;35.808;58.489;32.413;
18;3;56;2:11.437;0;B;35.482;0;57.753;0;38.202;0;191.8;2:40:15.120;15:40:22.786;0:35.482;0:57.753;0:38.202;301.0;Laurents HÖRR;;LMP2;;IDEC Sport;Oreca;GF;35.482;57.753;38.202;
18;3;57;2:44.662;0;;1:13.293;0;58.752;0;32.617;0;153.1;2:42:59.782;15:43:07.448;1:13.293;0:58.752;0:32.617;294.5;Laurents HÖRR;0:00:47.837;LMP2;;IDEC Sport;Oreca;GF;73.293;58.752;32.617;
18;3;58;2:06.115;0;;35.516;0;58.402;0;32.197;0;199.9;2:45:05.897;15:45:13.563;0:35.516;0:58.402;0:32.197;300.2;Laurents HÖRR;;LMP2;;IDEC Sport;Oreca;GF;35.516;58.402;32.197;
18;3;59;2:06.141;0;;35.484;0;58.237;0;32.420;0;199.9;2:47:12.038;15:47:19.704;0:35.484;0:58.237;0:32.420;301.8;Laurents HÖRR;;LMP2;;IDEC Sport;Oreca;GF;35.484;58.237;32.420;
18;3;60;2:09.142;0;;35.618;0;59.472;0;34.052;0;195.2;2:49:21.180;15:49:28.846;0:35.618;0:59.472;0:34.052;282.2;Laurents HÖRR;;LMP2;;IDEC Sport;Oreca;GF;35.618;59.472;34.052;
18;3;61;2:07.970;0;;35.494;0;1:00.207;0;32.269;0;197.0;2:51:29.150;15:51:36.816;0:35.494;1:00.207;0:32.269;289.7;Laurents HÖRR;;LMP2;;IDEC Sport;Oreca;GF;35.494;60.207;32.269;
18;3;62;2:05.556;0;;35.422;0;58.075;0;32.059;0;200.8;2:53:34.706;15:53:42.372;0:35.422;0:58.075;0:32.059;300.2;Laurents HÖRR;;LMP2;;IDEC Sport;Oreca;GF;35.422;58.075;32.059;
18;3;63;2:11.197;0;B;35.454;0;57.976;0;37.767;0;192.2;2:55:45.903;15:55:53.569;0:35.454;0:57.976;0:37.767;300.2;Laurents HÖRR;;LMP2;;IDEC Sport;Oreca;GF;35.454;57.976;37.767;
18;2;64;3:15.027;0;;1:39.948;0;1:01.742;0;33.337;0;129.3;2:59:00.930;15:59:08.596;1:39.948;1:01.742;0:33.337;272.9;Valerio RINICELLA;0:01:11.699;LMP2;;IDEC Sport;Oreca;GF;99.948;61.742;33.337;
18;2;65;2:06.984;0;;36.233;0;58.418;0;32.333;0;198.6;3:01:07.914;16:01:15.580;0:36.233;0:58.418;0:32.333;297.7;Valerio RINICELLA;;LMP2;;IDEC Sport;Oreca;GF;36.233;58.418;32.333;
18;2;66;2:05.222;0;;36.258;0;56.961;0;32.003;0;201.4;3:03:13.136;16:03:20.802;0:36.258;0:56.961;0:32.003;293.7;Valerio RINICELLA;;LMP2;;IDEC Sport;Oreca;GF;36.258;56.961;32.003;
18;2;67;2:03.835;2;;35.460;0;56.376;2;31.999;0;203.6;3:05:16.971;16:05:24.637;0:35.460;0:56.376;0:31.999;298.5;Valerio RINICELLA;;LMP2;;IDEC Sport;Oreca;GF;35.460;56.376;31.999;
18;2;68;2:04.509;0;;35.601;0;56.902;0;32.006;0;202.5;3:07:21.480;16:07:29.146;0:35.601;0:56.902;0:32.006;299.3;Valerio RINICELLA;;LMP2;;IDEC Sport;Oreca;GF;35.601;56.902;32.006;
18;2;69;2:06.075;0;;35.501;0;58.553;0;32.021;0;200.0;3:09:27.555;16:09:35.221;0:35.501;0:58.553;0:32.021;301.0;Valerio RINICELLA;;LMP2;;IDEC Sport;Oreca;GF;35.501;58.553;32.021;
18;2;70;2:05.145;0;;35.383;0;57.763;0;31.999;0;201.5;3:11:32.700;16:11:40.366;0:35.383;0:57.763;0:31.999;300.2;Valerio RINICELLA;;LMP2;;IDEC Sport;Oreca;GF;35.383;57.763;31.999;
18;2;71;2:05.188;0;;35.453;0;57.558;0;32.177;0;201.4;3:13:37.888;16:13:45.554;0:35.453;0:57.558;0:32.177;301.0;Valerio RINICELLA;;LMP2;;IDEC Sport;Oreca;GF;35.453;57.558;32.177;
18;2;72;2:04.881;0;;35.670;0;57.208;0;32.003;0;201.9;3:15:42.769;16:15:50.435;0:35.670;0:57.208;0:32.003;301.0;Valerio RINICELLA;;LMP2;;IDEC Sport;Oreca;GF;35.670;57.208;32.003;
18;2;73;2:05.733;0;;35.447;0;58.249;0;32.037;0;200.5;3:17:48.502;16:17:56.168;0:35.447;0:58.249;0:32.037;303.5;Valerio RINICELLA;;LMP2;;IDEC Sport;Oreca;GF;35.447;58.249;32.037;
18;2;74;2:04.549;0;;35.584;0;57.013;0;31.952;0;202.4;3:19:53.051;16:20:00.717;0:35.584;0:57.013;0:31.952;299.3;Valerio RINICELLA;;LMP2;;IDEC Sport;Oreca;GF;35.584;57.013;31.952;
18;2;75;2:04.496;0;;35.400;0;57.280;0;31.816;1;202.5;3:21:57.547;16:22:05.213;0:35.400;0:57.280;0:31.816;301.8;Valerio RINICELLA;;LMP2;;IDEC Sport;Oreca;GF;35.400;57.280;31.816;
18;2;76;2:06.967;0;;35.379;1;59.673;0;31.915;0;198.6;3:24:04.514;16:24:12.180;0:35.379;0:59.673;0:31.915;301.8;Valerio RINICELLA;;LMP2;;IDEC Sport;Oreca;GF;35.379;59.673;31.915;
18;2;77;2:12.165;0;B;35.421;0;58.078;0;38.666;0;190.8;3:26:16.679;16:26:24.345;0:35.421;0:58.078;0:38.666;300.2;Valerio RINICELLA;;LMP2;;IDEC Sport;Oreca;GF;35.421;58.078;38.666;
18;2;78;2:56.688;0;;1:26.498;0;58.126;0;32.064;0;142.7;3:29:13.367;16:29:21.033;1:26.498;0:58.126;0:32.064;297.7;Valerio RINICELLA;0:01:01.628;LMP2;;IDEC Sport;Oreca;GF;86.498;58.126;32.064;
18;2;79;2:06.415;0;;35.560;0;58.554;0;32.301;0;199.5;3:31:19.782;16:31:27.448;0:35.560;0:58.554;0:32.301;298.5;Valerio RINICELLA;;LMP2;;IDEC Sport;Oreca;GF;35.560;58.554;32.301;
18;2;80;2:06.248;0;;35.812;0;58.202;0;32.234;0;199.7;3:33:26.030;16:33:33.696;0:35.812;0:58.202;0:32.234;300.2;Valerio RINICELLA;;LMP2;;IDEC Sport;Oreca;GF;35.812;58.202;32.234;
18;2;81;2:07.488;0;;35.693;0;59.227;0;32.568;0;197.8;3:35:33.518;16:35:41.184;0:35.693;0:59.227;0:32.568;300.2;Valerio RINICELLA;;LMP2;;IDEC Sport;Oreca;GF;35.693;59.227;32.568;
18;2;82;2:08.080;0;;35.903;0;59.835;0;32.342;0;196.9;3:37:41.598;16:37:49.264;0:35.903;0:59.835;0:32.342;299.3;Valerio RINICELLA;;LMP2;;IDEC Sport;Oreca;GF;35.903;59.835;32.342;
18;2;83;2:08.204;0;;35.707;0;1:00.264;0;32.233;0;196.7;3:39:49.802;16:39:57.468;0:35.707;1:00.264;0:32.233;301.0;Valerio RINICELLA;;LMP2;;IDEC Sport;Oreca;GF;35.707;60.264;32.233;
18;2;84;2:08.014;0;;35.606;0;59.917;0;32.491;0;197.0;3:41:57.816;16:42:05.482;0:35.606;0:59.917;0:32.491;299.3;Valerio RINICELLA;;LMP2;;IDEC Sport;Oreca;GF;35.606;59.917;32.491;
18;2;85;2:06.530;0;;35.812;0;58.197;0;32.521;0;199.3;3:44:04.346;16:44:12.012;0:35.812;0:58.197;0:32.521;301.0;Valerio RINICELLA;;LMP2;;IDEC Sport;Oreca;GF;35.812;58.197;32.521;
18;2;86;2:08.361;0;;35.642;0;59.832;0;32.887;0;196.4;3:46:12.707;16:46:20.373;0:35.642;0:59.832;0:32.887;301.0;Valerio RINICELLA;;LMP2;;IDEC Sport;Oreca;GF;35.642;59.832;32.887;
18;2;87;2:07.164;0;;36.098;0;58.903;0;32.163;0;198.3;3:48:19.871;16:48:27.537;0:36.098;0:58.903;0:32.163;299.3;Valerio RINICELLA;;LMP2;;IDEC Sport;Oreca;GF;36.098;58.903;32.163;
18;2;88;2:06.555;0;;35.704;0;58.699;0;32.152;0;199.2;3:50:26.426;16:50:34.092;0:35.704;0:58.699;0:32.152;299.3;Valerio RINICELLA;;LMP2;;IDEC Sport;Oreca;GF;35.704;58.699;32.152;
18;2;89;2:06.905;0;;35.717;0;59.013;0;32.175;0;198.7;3:52:33.331;16:52:40.997;0:35.717;0:59.013;0:32.175;298.5;Valerio RINICELLA;;LMP2;;IDEC Sport;Oreca;GF;35.717;59.013;32.175;
18;2;90;2:10.173;0;;35.545;0;1:01.858;0;32.770;0;193.7;3:54:43.504;16:54:51.170;0:35.545;1:01.858;0:32.770;282.9;Valerio RINICELLA;;LMP2;;IDEC Sport;Oreca;GF;35.545;61.858;32.770;
18;2;91;2:09.030;0;;35.560;0;1:00.709;0;32.761;0;195.4;3:56:52.534;16:57:00.200;0:35.560;1:00.709;0:32.761;301.8;Valerio RINICELLA;;LMP2;;IDEC Sport;Oreca;GF;35.560;60.709;32.761;
18;2;92;2:09.051;0;;35.576;0;1:00.416;0;33.059;0;195.4;3:59:01.585;16:59:09.251;0:35.576;1:00.416;0:33.059;303.5;Valerio RINICELLA;;LMP2;;IDEC Sport;Oreca;GF;35.576;60.416;33.059;
18;2;93;2:06.538;0;;35.539;0;58.617;0;32.382;0;199.3;4:01:08.123;17:01:15.789;0:35.539;0:58.617;0:32.382;301.8;Valerio RINICELLA;;LMP2;;IDEC Sport;Oreca;FF;35.539;58.617;32.382;
19;1;1;2:39.073;0;;41.325;0;1:03.578;0;54.170;0;155.7;2:39.073;13:02:46.739;0:41.325;1:03.578;0:54.170;239.2;John FALB;;LMP2 Pro/Am;;Rossa Racing by Virage;Oreca;SF;41.325;63.578;54.170;
19;1;2;4:16.686;0;;1:18.208;0;1:49.876;0;1:08.602;0;98.2;6:55.759;13:07:03.425;1:18.208;1:49.876;1:08.602;;John FALB;;LMP2 Pro/Am;;Rossa Racing by Virage;Oreca;SF;78.208;109.876;68.602;
19;1;3;4:19.398;0;;1:31.972;0;1:50.371;0;57.055;0;97.2;11:15.157;13:11:22.823;1:31.972;1:50.371;0:57.055;;John FALB;;LMP2 Pro/Am;;Rossa Racing by Virage;Oreca;SF;91.972;110.371;57.055;
19;1;4;3:03.021;0;;1:00.585;0;1:13.825;0;48.611;0;137.8;14:18.178;13:14:25.844;1:00.585;1:13.825;0:48.611;143.3;John FALB;;LMP2 Pro/Am;;Rossa Racing by Virage;Oreca;GF;60.585;73.825;48.611;
19;1;5;2:08.126;0;;36.334;0;59.267;0;32.525;0;196.8;16:26.304;13:16:33.970;0:36.334;0:59.267;0:32.525;294.5;John FALB;;LMP2 Pro/Am;;Rossa Racing by Virage;Oreca;GF;36.334;59.267;32.525;
19;1;6;2:07.429;0;;36.083;0;59.046;0;32.300;0;197.9;18:33.733;13:18:41.399;0:36.083;0:59.046;0:32.300;296.9;John FALB;;LMP2 Pro/Am;;Rossa Racing by Virage;Oreca;GF;36.083;59.046;32.300;
19;1;7;2:06.933;0;;35.885;0;58.527;1;32.521;0;198.6;20:40.666;13:20:48.332;0:35.885;0:58.527;0:32.521;296.9;John FALB;;LMP2 Pro/Am;;Rossa Racing by Virage;Oreca;GF;35.885;58.527;32.521;
19;1;8;2:09.365;0;;36.389;0;1:00.479;0;32.497;0;194.9;22:50.031;13:22:57.697;0:36.389;1:00.479;0:32.497;299.3;John FALB;;LMP2 Pro/Am;;Rossa Racing by Virage;Oreca;GF;36.389;60.479;32.497;
19;1;9;2:08.464;0;;36.048;0;59.950;0;32.466;0;196.3;24:58.495;13:25:06.161;0:36.048;0:59.950;0:32.466;289.0;John FALB;;LMP2 Pro/Am;;Rossa Racing by Virage;Oreca;GF;36.048;59.950;32.466;
19;1;10;2:09.144;0;;36.233;0;1:00.389;0;32.522;0;195.2;27:07.639;13:27:15.305;0:36.233;1:00.389;0:32.522;299.3;John FALB;;LMP2 Pro/Am;;Rossa Racing by Virage;Oreca;GF;36.233;60.389;32.522;
19;1;11;2:06.870;0;;35.694;0;58.721;0;32.455;1;198.7;29:14.509;13:29:22.175;0:35.694;0:58.721;0:32.455;297.7;John FALB;;LMP2 Pro/Am;;Rossa Racing by Virage;Oreca;GF;35.694;58.721;32.455;
19;1;12;2:11.747;0;;36.647;0;1:02.017;0;33.083;0;191.4;31:26.256;13:31:33.922;0:36.647;1:02.017;0:33.083;287.4;John FALB;;LMP2 Pro/Am;;Rossa Racing by Virage;Oreca;GF;36.647;62.017;33.083;
19;1;13;2:09.130;0;;35.754;0;1:00.593;0;32.783;0;195.3;33:35.386;13:33:43.052;0:35.754;1:00.593;0:32.783;298.5;John FALB;;LMP2 Pro/Am;;Rossa Racing by Virage;Oreca;GF;35.754;60.593;32.783;
19;1;14;2:12.274;0;;36.777;0;1:02.389;0;33.108;0;190.6;35:47.660;13:35:55.326;0:36.777;1:02.389;0:33.108;293.7;John FALB;;LMP2 Pro/Am;;Rossa Racing by Virage;Oreca;GF;36.777;62.389;33.108;
19;1;15;2:10.369;0;;35.868;0;1:01.803;0;32.698;0;193.4;37:58.029;13:38:05.695;0:35.868;1:01.803;0:32.698;300.2;John FALB;;LMP2 Pro/Am;;Rossa Racing by Virage;Oreca;GF;35.868;61.803;32.698;
19;1;16;2:07.791;0;;35.686;1;58.957;0;33.148;0;197.3;40:05.820;13:40:13.486;0:35.686;0:58.957;0:33.148;300.2;John FALB;;LMP2 Pro/Am;;Rossa Racing by Virage;Oreca;GF;35.686;58.957;33.148;
19;1;17;4:53.832;0;;1:19.669;0;2:08.720;0;1:25.443;0;85.8;44:59.652;13:45:07.318;1:19.669;2:08.720;1:25.443;;John FALB;;LMP2 Pro/Am;;Rossa Racing by Virage;Oreca;GF;79.669;128.720;85.443;
19;1;18;5:19.391;0;B;1:41.874;0;2:08.424;0;1:29.093;0;78.9;50:19.043;13:50:26.709;1:41.874;2:08.424;1:29.093;;John FALB;;LMP2 Pro/Am;;Rossa Racing by Virage;Oreca;GF;101.874;128.424;89.093;
19;1;19;3:58.618;0;;2:08.959;0;1:10.918;0;38.741;0;105.7;54:17.661;13:54:25.327;2:08.959;1:10.918;0:38.741;202.5;John FALB;0:01:20.505;LMP2 Pro/Am;;Rossa Racing by Virage;Oreca;SF;128.959;70.918;38.741;
19;1;20;4:43.165;0;;1:21.575;0;1:46.461;0;1:35.129;0;89.0;59:00.826;13:59:08.492;1:21.575;1:46.461;1:35.129;166.5;John FALB;;LMP2 Pro/Am;;Rossa Racing by Virage;Oreca;SF;81.575;106.461;95.129;
19;1;21;4:16.464;0;;1:23.166;0;1:39.666;0;1:13.632;0;98.3;1:03:17.290;14:03:24.956;1:23.166;1:39.666;1:13.632;;John FALB;;LMP2 Pro/Am;;Rossa Racing by Virage;Oreca;SF;83.166;99.666;73.632;
19;1;22;2:51.132;0;;47.004;0;1:13.786;0;50.342;0;147.3;1:06:08.422;14:06:16.088;0:47.004;1:13.786;0:50.342;156.8;John FALB;;LMP2 Pro/Am;;Rossa Racing by Virage;Oreca;GF;47.004;73.786;50.342;
19;1;23;2:19.704;0;;36.599;0;1:02.627;0;40.478;0;180.5;1:08:28.126;14:08:35.792;0:36.599;1:02.627;0:40.478;288.2;John FALB;;LMP2 Pro/Am;;Rossa Racing by Virage;Oreca;SF;36.599;62.627;40.478;
19;1;24;4:17.483;0;;1:11.637;0;1:56.506;0;1:09.340;0;97.9;1:12:45.609;14:12:53.275;1:11.637;1:56.506;1:09.340;;John FALB;;LMP2 Pro/Am;;Rossa Racing by Virage;Oreca;SF;71.637;116.506;69.340;
19;1;25;2:55.970;0;;46.824;0;1:13.987;0;55.159;0;143.3;1:15:41.579;14:15:49.245;0:46.824;1:13.987;0:55.159;243.5;John FALB;;LMP2 Pro/Am;;Rossa Racing by Virage;Oreca;GF;46.824;73.987;55.159;
19;1;26;2:08.901;0;;36.452;0;59.690;0;32.759;0;195.6;1:17:50.480;14:17:58.146;0:36.452;0:59.690;0:32.759;292.9;John FALB;;LMP2 Pro/Am;;Rossa Racing by Virage;Oreca;GF;36.452;59.690;32.759;
19;1;27;3:46.096;0;;35.739;0;1:43.612;0;1:26.745;0;111.5;1:21:36.576;14:21:44.242;0:35.739;1:43.612;1:26.745;296.9;John FALB;;LMP2 Pro/Am;;Rossa Racing by Virage;Oreca;SF;35.739;103.612;86.745;
19;1;28;3:36.622;0;;1:23.613;0;1:28.807;0;44.202;0;116.4;1:25:13.198;14:25:20.864;1:23.613;1:28.807;0:44.202;;John FALB;;LMP2 Pro/Am;;Rossa Racing by Virage;Oreca;SF;83.613;88.807;44.202;
19;1;29;2:59.009;0;;47.199;0;1:22.551;0;49.259;0;140.9;1:28:12.207;14:28:19.873;0:47.199;1:22.551;0:49.259;171.5;John FALB;;LMP2 Pro/Am;;Rossa Racing by Virage;Oreca;GF;47.199;82.551;49.259;
19;1;30;2:15.487;0;;36.233;0;1:00.686;0;38.568;0;186.1;1:30:27.694;14:30:35.360;0:36.233;1:00.686;0:38.568;296.1;John FALB;;LMP2 Pro/Am;;Rossa Racing by Virage;Oreca;SF;36.233;60.686;38.568;
19;1;31;4:11.775;0;;1:24.113;0;1:45.360;0;1:02.302;0;100.1;1:34:39.469;14:34:47.135;1:24.113;1:45.360;1:02.302;;John FALB;;LMP2 Pro/Am;;Rossa Racing by Virage;Oreca;SF;84.113;105.360;62.302;
19;1;32;4:00.796;0;;1:12.082;0;1:40.267;0;1:08.447;0;104.7;1:38:40.265;14:38:47.931;1:12.082;1:40.267;1:08.447;142.4;John FALB;;LMP2 Pro/Am;;Rossa Racing by Virage;Oreca;SF;72.082;100.267;68.447;
19;1;33;3:50.996;0;;1:35.204;0;1:29.835;0;45.957;0;109.2;1:42:31.261;14:42:38.927;1:35.204;1:29.835;0:45.957;;John FALB;;LMP2 Pro/Am;;Rossa Racing by Virage;Oreca;SF;95.204;89.835;45.957;
19;1;34;3:12.472;0;B;44.030;0;1:32.459;0;55.983;0;131.0;1:45:43.733;14:45:51.399;0:44.030;1:32.459;0:55.983;184.9;John FALB;;LMP2 Pro/Am;;Rossa Racing by Virage;Oreca;GF;44.030;92.459;55.983;
19;2;35;3:27.994;0;;1:57.605;0;58.086;0;32.303;0;121.2;1:49:11.727;14:49:19.393;1:57.605;0:58.086;0:32.303;284.4;Manuel ESPIRITO SANTO;0:01:31.766;LMP2 Pro/Am;;Rossa Racing by Virage;Oreca;GF;117.605;58.086;32.303;
19;2;36;2:05.853;0;;35.574;0;58.247;0;32.032;0;200.3;1:51:17.580;14:51:25.246;0:35.574;0:58.247;0:32.032;290.5;Manuel ESPIRITO SANTO;;LMP2 Pro/Am;;Rossa Racing by Virage;Oreca;GF;35.574;58.247;32.032;
19;2;37;2:05.027;0;;35.417;2;57.701;0;31.909;2;201.7;1:53:22.607;14:53:30.273;0:35.417;0:57.701;0:31.909;302.7;Manuel ESPIRITO SANTO;;LMP2 Pro/Am;;Rossa Racing by Virage;Oreca;GF;35.417;57.701;31.909;
19;2;38;2:05.561;0;;35.527;0;57.787;0;32.247;0;200.8;1:55:28.168;14:55:35.834;0:35.527;0:57.787;0:32.247;298.5;Manuel ESPIRITO SANTO;;LMP2 Pro/Am;;Rossa Racing by Virage;Oreca;GF;35.527;57.787;32.247;
19;2;39;2:06.988;0;;35.673;0;58.556;0;32.759;0;198.6;1:57:35.156;14:57:42.822;0:35.673;0:58.556;0:32.759;297.7;Manuel ESPIRITO SANTO;;LMP2 Pro/Am;;Rossa Racing by Virage;Oreca;GF;35.673;58.556;32.759;
19;2;40;2:05.023;2;;35.600;0;57.363;2;32.060;0;201.7;1:59:40.179;14:59:47.845;0:35.600;0:57.363;0:32.060;298.5;Manuel ESPIRITO SANTO;;LMP2 Pro/Am;;Rossa Racing by Virage;Oreca;SF;35.600;57.363;32.060;
19;2;41;3:07.289;0;;47.622;0;1:27.759;0;51.908;0;134.6;2:02:47.468;15:02:55.134;0:47.622;1:27.759;0:51.908;169.3;Manuel ESPIRITO SANTO;;LMP2 Pro/Am;;Rossa Racing by Virage;Oreca;SF;47.622;87.759;51.908;
19;2;42;3:58.399;0;;57.316;0;1:42.527;0;1:18.556;0;105.8;2:06:45.867;15:06:53.533;0:57.316;1:42.527;1:18.556;163.9;Manuel ESPIRITO SANTO;;LMP2 Pro/Am;;Rossa Racing by Virage;Oreca;SF;57.316;102.527;78.556;
19;2;43;4:21.397;0;;1:16.628;0;1:41.320;0;1:23.449;0;96.5;2:11:07.264;15:11:14.930;1:16.628;1:41.320;1:23.449;139.5;Manuel ESPIRITO SANTO;;LMP2 Pro/Am;;Rossa Racing by Virage;Oreca;SF;76.628;101.320;83.449;
19;2;44;3:54.978;0;;1:28.658;0;1:23.738;0;1:02.582;0;107.3;2:15:02.242;15:15:09.908;1:28.658;1:23.738;1:02.582;160.8;Manuel ESPIRITO SANTO;;LMP2 Pro/Am;;Rossa Racing by Virage;Oreca;GF;88.658;83.738;62.582;
19;2;45;2:09.034;0;;36.435;0;1:00.317;0;32.282;0;195.4;2:17:11.276;15:17:18.942;0:36.435;1:00.317;0:32.282;293.7;Manuel ESPIRITO SANTO;;LMP2 Pro/Am;;Rossa Racing by Virage;Oreca;GF;36.435;60.317;32.282;
19;2;46;2:05.322;0;;35.591;0;57.655;0;32.076;0;201.2;2:19:16.598;15:19:24.264;0:35.591;0:57.655;0:32.076;298.5;Manuel ESPIRITO SANTO;;LMP2 Pro/Am;;Rossa Racing by Virage;Oreca;GF;35.591;57.655;32.076;
19;2;47;2:05.670;0;;35.478;0;57.805;0;32.387;0;200.6;2:21:22.268;15:21:29.934;0:35.478;0:57.805;0:32.387;300.2;Manuel ESPIRITO SANTO;;LMP2 Pro/Am;;Rossa Racing by Virage;Oreca;GF;35.478;57.805;32.387;
19;2;48;2:07.120;0;;35.500;0;58.836;0;32.784;0;198.3;2:23:29.388;15:23:37.054;0:35.500;0:58.836;0:32.784;278.6;Manuel ESPIRITO SANTO;;LMP2 Pro/Am;;Rossa Racing by Virage;Oreca;GF;35.500;58.836;32.784;
19;2;49;2:08.175;0;;36.544;0;59.577;0;32.054;0;196.7;2:25:37.563;15:25:45.229;0:36.544;0:59.577;0:32.054;292.9;Manuel ESPIRITO SANTO;;LMP2 Pro/Am;;Rossa Racing by Virage;Oreca;GF;36.544;59.577;32.054;
19;2;50;2:05.376;0;;35.621;0;57.763;0;31.992;0;201.1;2:27:42.939;15:27:50.605;0:35.621;0:57.763;0:31.992;300.2;Manuel ESPIRITO SANTO;;LMP2 Pro/Am;;Rossa Racing by Virage;Oreca;GF;35.621;57.763;31.992;
19;2;51;2:05.948;0;;35.447;0;58.293;0;32.208;0;200.2;2:29:48.887;15:29:56.553;0:35.447;0:58.293;0:32.208;299.3;Manuel ESPIRITO SANTO;;LMP2 Pro/Am;;Rossa Racing by Virage;Oreca;GF;35.447;58.293;32.208;
19;2;52;2:07.015;0;;35.720;0;58.662;0;32.633;0;198.5;2:31:55.902;15:32:03.568;0:35.720;0:58.662;0:32.633;299.3;Manuel ESPIRITO SANTO;;LMP2 Pro/Am;;Rossa Racing by Virage;Oreca;GF;35.720;58.662;32.633;
19;2;53;2:05.830;0;;35.736;0;57.954;0;32.140;0;200.4;2:34:01.732;15:34:09.398;0:35.736;0:57.954;0:32.140;297.7;Manuel ESPIRITO SANTO;;LMP2 Pro/Am;;Rossa Racing by Virage;Oreca;GF;35.736;57.954;32.140;
19;2;54;2:11.489;0;B;35.638;0;57.803;0;38.048;0;191.8;2:36:13.221;15:36:20.887;0:35.638;0:57.803;0:38.048;297.7;Manuel ESPIRITO SANTO;;LMP2 Pro/Am;;Rossa Racing by Virage;Oreca;GF;35.638;57.803;38.048;
19;2;55;2:55.332;0;;1:24.889;0;58.231;0;32.212;0;143.8;2:39:08.553;15:39:16.219;1:24.889;0:58.231;0:32.212;296.9;Manuel ESPIRITO SANTO;0:00:59.665;LMP2 Pro/Am;;Rossa Racing by Virage;Oreca;GF;84.889;58.231;32.212;
19;2;56;2:07.735;0;;35.843;0;59.244;0;32.648;0;197.4;2:41:16.288;15:41:23.954;0:35.843;0:59.244;0:32.648;298.5;Manuel ESPIRITO SANTO;;LMP2 Pro/Am;;Rossa Racing by Virage;Oreca;GF;35.843;59.244;32.648;
19;2;57;2:08.921;0;;36.210;0;1:00.374;0;32.337;0;195.6;2:43:25.209;15:43:32.875;0:36.210;1:00.374;0:32.337;293.7;Manuel ESPIRITO SANTO;;LMP2 Pro/Am;;Rossa Racing by Virage;Oreca;GF;36.210;60.374;32.337;
19;2;58;2:06.238;0;;35.626;0;58.364;0;32.248;0;199.7;2:45:31.447;15:45:39.113;0:35.626;0:58.364;0:32.248;299.3;Manuel ESPIRITO SANTO;;LMP2 Pro/Am;;Rossa Racing by Virage;Oreca;GF;35.626;58.364;32.248;
19;2;59;2:08.169;0;;35.609;0;59.441;0;33.119;0;196.7;2:47:39.616;15:47:47.282;0:35.609;0:59.441;0:33.119;301.0;Manuel ESPIRITO SANTO;;LMP2 Pro/Am;;Rossa Racing by Virage;Oreca;GF;35.609;59.441;33.119;
19;2;60;2:06.991;0;;36.056;0;58.727;0;32.208;0;198.6;2:49:46.607;15:49:54.273;0:36.056;0:58.727;0:32.208;298.5;Manuel ESPIRITO SANTO;;LMP2 Pro/Am;;Rossa Racing by Virage;Oreca;GF;36.056;58.727;32.208;
19;2;61;2:06.723;0;;35.965;0;58.122;0;32.636;0;199.0;2:51:53.330;15:52:00.996;0:35.965;0:58.122;0:32.636;297.7;Manuel ESPIRITO SANTO;;LMP2 Pro/Am;;Rossa Racing by Virage;Oreca;GF;35.965;58.122;32.636;
19;2;62;2:09.403;0;;35.785;0;1:00.969;0;32.649;0;194.8;2:54:02.733;15:54:10.399;0:35.785;1:00.969;0:32.649;281.5;Manuel ESPIRITO SANTO;;LMP2 Pro/Am;;Rossa Racing by Virage;Oreca;GF;35.785;60.969;32.649;
19;2;63;2:14.244;0;B;37.126;0;58.557;0;38.561;0;187.8;2:56:16.977;15:56:24.643;0:37.126;0:58.557;0:38.561;293.7;Manuel ESPIRITO SANTO;;LMP2 Pro/Am;;Rossa Racing by Virage;Oreca;GF;37.126;58.557;38.561;
19;3;64;3:19.614;0;;1:43.915;0;1:01.896;0;33.803;0;126.3;2:59:36.591;15:59:44.257;1:43.915;1:01.896;0:33.803;275.0;Rik KOEN;0:01:15.455;LMP2 Pro/Am;;Rossa Racing by Virage;Oreca;GF;103.915;61.896;33.803;
19;3;65;2:09.849;0;;36.464;0;1:00.410;0;32.975;0;194.2;3:01:46.440;16:01:54.106;0:36.464;1:00.410;0:32.975;296.9;Rik KOEN;;LMP2 Pro/Am;;Rossa Racing by Virage;Oreca;GF;36.464;60.410;32.975;
19;3;66;2:06.015;0;;35.845;0;58.124;0;32.046;0;200.1;3:03:52.455;16:04:00.121;0:35.845;0:58.124;0:32.046;295.3;Rik KOEN;;LMP2 Pro/Am;;Rossa Racing by Virage;Oreca;GF;35.845;58.124;32.046;
19;3;67;2:08.061;0;;35.789;0;59.783;0;32.489;0;196.9;3:06:00.516;16:06:08.182;0:35.789;0:59.783;0:32.489;298.5;Rik KOEN;;LMP2 Pro/Am;;Rossa Racing by Virage;Oreca;GF;35.789;59.783;32.489;
19;3;68;2:07.119;0;;36.361;0;58.717;0;32.041;0;198.4;3:08:07.635;16:08:15.301;0:36.361;0:58.717;0:32.041;294.5;Rik KOEN;;LMP2 Pro/Am;;Rossa Racing by Virage;Oreca;GF;36.361;58.717;32.041;
19;3;69;2:07.515;0;;35.533;0;59.307;0;32.675;0;197.7;3:10:15.150;16:10:22.816;0:35.533;0:59.307;0:32.675;301.0;Rik KOEN;;LMP2 Pro/Am;;Rossa Racing by Virage;Oreca;GF;35.533;59.307;32.675;
19;3;70;2:07.819;0;;35.559;0;1:00.080;0;32.180;0;197.3;3:12:22.969;16:12:30.635;0:35.559;1:00.080;0:32.180;300.2;Rik KOEN;;LMP2 Pro/Am;;Rossa Racing by Virage;Oreca;GF;35.559;60.080;32.180;
19;3;71;2:08.702;0;;35.633;0;58.553;0;34.516;0;195.9;3:14:31.671;16:14:39.337;0:35.633;0:58.553;0:34.516;300.2;Rik KOEN;;LMP2 Pro/Am;;Rossa Racing by Virage;Oreca;GF;35.633;58.553;34.516;
19;3;72;2:08.433;0;;36.458;0;59.738;0;32.237;0;196.3;3:16:40.104;16:16:47.770;0:36.458;0:59.738;0:32.237;292.9;Rik KOEN;;LMP2 Pro/Am;;Rossa Racing by Virage;Oreca;GF;36.458;59.738;32.237;
19;3;73;2:08.190;0;;35.893;0;59.256;0;33.041;0;196.7;3:18:48.294;16:18:55.960;0:35.893;0:59.256;0:33.041;303.5;Rik KOEN;;LMP2 Pro/Am;;Rossa Racing by Virage;Oreca;GF;35.893;59.256;33.041;
19;3;74;2:05.755;0;;35.615;0;58.203;0;31.937;1;200.5;3:20:54.049;16:21:01.715;0:35.615;0:58.203;0:31.937;301.0;Rik KOEN;;LMP2 Pro/Am;;Rossa Racing by Virage;Oreca;GF;35.615;58.203;31.937;
19;3;75;2:08.336;0;;36.299;0;58.710;0;33.327;0;196.5;3:23:02.385;16:23:10.051;0:36.299;0:58.710;0:33.327;294.5;Rik KOEN;;LMP2 Pro/Am;;Rossa Racing by Virage;Oreca;GF;36.299;58.710;33.327;
19;3;76;2:07.244;0;;35.619;0;59.509;0;32.116;0;198.2;3:25:09.629;16:25:17.295;0:35.619;0:59.509;0:32.116;303.5;Rik KOEN;;LMP2 Pro/Am;;Rossa Racing by Virage;Oreca;GF;35.619;59.509;32.116;
19;3;77;2:06.483;0;;35.600;0;58.767;0;32.116;0;199.3;3:27:16.112;16:27:23.778;0:35.600;0:58.767;0:32.116;301.0;Rik KOEN;;LMP2 Pro/Am;;Rossa Racing by Virage;Oreca;GF;35.600;58.767;32.116;
19;3;78;2:05.591;0;;35.489;1;57.951;1;32.151;0;200.8;3:29:21.703;16:29:29.369;0:35.489;0:57.951;0:32.151;299.3;Rik KOEN;;LMP2 Pro/Am;;Rossa Racing by Virage;Oreca;GF;35.489;57.951;32.151;
19;3;79;2:05.618;0;;35.492;0;58.005;0;32.121;0;200.7;3:31:27.321;16:31:34.987;0:35.492;0:58.005;0:32.121;300.2;Rik KOEN;;LMP2 Pro/Am;;Rossa Racing by Virage;Oreca;GF;35.492;58.005;32.121;
19;3;80;2:05.738;0;;35.535;0;58.164;0;32.039;0;200.5;3:33:33.059;16:33:40.725;0:35.535;0:58.164;0:32.039;300.2;Rik KOEN;;LMP2 Pro/Am;;Rossa Racing by Virage;Oreca;GF;35.535;58.164;32.039;
19;3;81;2:12.400;0;B;35.550;0;58.156;0;38.694;0;190.4;3:35:45.459;16:35:53.125;0:35.550;0:58.156;0:38.694;300.2;Rik KOEN;;LMP2 Pro/Am;;Rossa Racing by Virage;Oreca;GF;35.550;58.156;38.694;
19;3;82;2:52.985;0;;1:21.360;0;59.321;0;32.304;0;145.8;3:38:38.444;16:38:46.110;1:21.360;0:59.321;0:32.304;296.1;Rik KOEN;0:00:56.136;LMP2 Pro/Am;;Rossa Racing by Virage;Oreca;GF;81.360;59.321;32.304;
19;3;83;2:06.538;0;;35.614;0;58.569;0;32.355;0;199.3;3:40:44.982;16:40:52.648;0:35.614;0:58.569;0:32.355;301.0;Rik KOEN;;LMP2 Pro/Am;;Rossa Racing by Virage;Oreca;GF;35.614;58.569;32.355;
19;3;84;2:06.511;0;;35.685;0;58.616;0;32.210;0;199.3;3:42:51.493;16:42:59.159;0:35.685;0:58.616;0:32.210;298.5;Rik KOEN;;LMP2 Pro/Am;;Rossa Racing by Virage;Oreca;GF;35.685;58.616;32.210;
19;3;85;2:07.106;0;;35.729;0;59.131;0;32.246;0;198.4;3:44:58.599;16:45:06.265;0:35.729;0:59.131;0:32.246;300.2;Rik KOEN;;LMP2 Pro/Am;;Rossa Racing by Virage;Oreca;GF;35.729;59.131;32.246;
19;3;86;2:07.606;0;;35.852;0;58.881;0;32.873;0;197.6;3:47:06.205;16:47:13.871;0:35.852;0:58.881;0:32.873;299.3;Rik KOEN;;LMP2 Pro/Am;;Rossa Racing by Virage;Oreca;GF;35.852;58.881;32.873;
19;3;87;2:08.564;0;;35.928;0;59.631;0;33.005;0;196.1;3:49:14.769;16:49:22.435;0:35.928;0:59.631;0:33.005;299.3;Rik KOEN;;LMP2 Pro/Am;;Rossa Racing by Virage;Oreca;GF;35.928;59.631;33.005;
19;3;88;2:06.541;0;;35.866;0;58.550;0;32.125;0;199.3;3:51:21.310;16:51:28.976;0:35.866;0:58.550;0:32.125;296.9;Rik KOEN;;LMP2 Pro/Am;;Rossa Racing by Virage;Oreca;GF;35.866;58.550;32.125;
19;3;89;2:06.357;0;;35.798;0;58.473;0;32.086;0;199.5;3:53:27.667;16:53:35.333;0:35.798;0:58.473;0:32.086;296.1;Rik KOEN;;LMP2 Pro/Am;;Rossa Racing by Virage;Oreca;GF;35.798;58.473;32.086;
19;3;90;2:06.517;0;;35.638;0;58.439;0;32.440;0;199.3;3:55:34.184;16:55:41.850;0:35.638;0:58.439;0:32.440;297.7;Rik KOEN;;LMP2 Pro/Am;;Rossa Racing by Virage;Oreca;GF;35.638;58.439;32.440;
19;3;91;2:06.169;0;;35.802;0;58.069;0;32.298;0;199.8;3:57:40.353;16:57:48.019;0:35.802;0:58.069;0:32.298;299.3;Rik KOEN;;LMP2 Pro/Am;;Rossa Racing by Virage;Oreca;GF;35.802;58.069;32.298;
19;3;92;2:09.001;0;;36.418;0;1:00.318;0;32.265;0;195.5;3:59:49.354;16:59:57.020;0:36.418;1:00.318;0:32.265;299.3;Rik KOEN;;LMP2 Pro/Am;;Rossa Racing by Virage;Oreca;GF;36.418;60.318;32.265;
19;3;93;2:06.808;0;;35.665;0;58.827;0;32.316;0;198.8;4:01:56.162;17:02:03.828;0:35.665;0:58.827;0:32.316;299.3;Rik KOEN;;LMP2 Pro/Am;;Rossa Racing by Virage;Oreca;FF;35.665;58.827;32.316;
20;1;1;2:43.357;0;;43.066;0;1:04.640;0;55.651;0;151.7;2:43.357;13:02:51.023;0:43.066;1:04.640;0:55.651;244.1;Michael JENSEN;;LMP2 Pro/Am;;Algarve Pro Racing;Oreca;SF;43.066;64.640;55.651;
20;1;2;4:15.057;0;;1:17.170;0;1:48.984;0;1:08.903;0;98.9;6:58.414;13:07:06.080;1:17.170;1:48.984;1:08.903;;Michael JENSEN;;LMP2 Pro/Am;;Algarve Pro Racing;Oreca;SF;77.170;108.984;68.903;
20;1;3;4:21.538;0;;1:34.780;0;1:48.707;0;58.051;0;96.4;11:19.952;13:11:27.618;1:34.780;1:48.707;0:58.051;;Michael JENSEN;;LMP2 Pro/Am;;Algarve Pro Racing;Oreca;SF;94.780;108.707;58.051;
20;1;4;3:00.658;0;;59.400;0;1:12.534;0;48.724;0;139.6;14:20.610;13:14:28.276;0:59.400;1:12.534;0:48.724;150.3;Michael JENSEN;;LMP2 Pro/Am;;Algarve Pro Racing;Oreca;GF;59.400;72.534;48.724;
20;1;5;2:09.615;0;;37.191;0;59.899;0;32.525;0;194.5;16:30.225;13:16:37.891;0:37.191;0:59.899;0:32.525;288.2;Michael JENSEN;;LMP2 Pro/Am;;Algarve Pro Racing;Oreca;GF;37.191;59.899;32.525;
20;1;6;2:08.460;0;;36.463;0;59.569;0;32.428;0;196.3;18:38.685;13:18:46.351;0:36.463;0:59.569;0:32.428;292.9;Michael JENSEN;;LMP2 Pro/Am;;Algarve Pro Racing;Oreca;GF;36.463;59.569;32.428;
20;1;7;2:07.453;0;;36.070;0;59.032;0;32.351;1;197.8;20:46.138;13:20:53.804;0:36.070;0:59.032;0:32.351;296.1;Michael JENSEN;;LMP2 Pro/Am;;Algarve Pro Racing;Oreca;GF;36.070;59.032;32.351;
20;1;8;2:07.595;0;;36.221;0;58.909;1;32.465;0;197.6;22:53.733;13:23:01.399;0:36.221;0:58.909;0:32.465;295.3;Michael JENSEN;;LMP2 Pro/Am;;Algarve Pro Racing;Oreca;GF;36.221;58.909;32.465;
20;1;9;2:07.825;0;;36.082;0;59.224;0;32.519;0;197.3;25:01.558;13:25:09.224;0:36.082;0:59.224;0:32.519;296.1;Michael JENSEN;;LMP2 Pro/Am;;Algarve Pro Racing;Oreca;GF;36.082;59.224;32.519;
20;1;10;2:08.262;0;;36.271;0;59.577;0;32.414;0;196.6;27:09.820;13:27:17.486;0:36.271;0:59.577;0:32.414;296.1;Michael JENSEN;;LMP2 Pro/Am;;Algarve Pro Racing;Oreca;GF;36.271;59.577;32.414;
20;1;11;2:09.045;0;;36.097;0;59.566;0;33.382;0;195.4;29:18.865;13:29:26.531;0:36.097;0:59.566;0:33.382;296.9;Michael JENSEN;;LMP2 Pro/Am;;Algarve Pro Racing;Oreca;GF;36.097;59.566;33.382;
20;1;12;2:14.701;0;;36.143;0;1:05.118;0;33.440;0;187.2;31:33.566;13:31:41.232;0:36.143;1:05.118;0:33.440;296.9;Michael JENSEN;;LMP2 Pro/Am;;Algarve Pro Racing;Oreca;GF;36.143;65.118;33.440;
20;1;13;2:09.134;0;;36.733;0;59.408;0;32.993;0;195.3;33:42.700;13:33:50.366;0:36.733;0:59.408;0:32.993;292.9;Michael JENSEN;;LMP2 Pro/Am;;Algarve Pro Racing;Oreca;GF;36.733;59.408;32.993;
20;1;14;2:12.413;0;;35.949;1;1:02.239;0;34.225;0;190.4;35:55.113;13:36:02.779;0:35.949;1:02.239;0:34.225;298.5;Michael JENSEN;;LMP2 Pro/Am;;Algarve Pro Racing;Oreca;GF;35.949;62.239;34.225;
20;1;15;2:10.348;0;;37.226;0;59.747;0;33.375;0;193.4;38:05.461;13:38:13.127;0:37.226;0:59.747;0:33.375;292.9;Michael JENSEN;;LMP2 Pro/Am;;Algarve Pro Racing;Oreca;GF;37.226;59.747;33.375;
20;1;16;2:08.732;0;;36.210;0;59.395;0;33.127;0;195.9;40:14.193;13:40:21.859;0:36.210;0:59.395;0:33.127;298.5;Michael JENSEN;;LMP2 Pro/Am;;Algarve Pro Racing;Oreca;GF;36.210;59.395;33.127;
20;1;17;5:13.760;0;B;1:33.435;0;2:09.042;0;1:31.283;0;80.4;45:27.953;13:45:35.619;1:33.435;2:09.042;1:31.283;;Michael JENSEN;;LMP2 Pro/Am;;Algarve Pro Racing;Oreca;GF;93.435;129.042;91.283;
20;1;18;6:08.323;0;;2:32.952;0;2:08.697;0;1:26.674;0;68.5;51:36.276;13:51:43.942;2:32.952;2:08.697;1:26.674;;Michael JENSEN;0:01:11.661;LMP2 Pro/Am;;Algarve Pro Racing;Oreca;GF;152.952;128.697;86.674;
20;1;19;2:49.430;0;;59.813;0;1:11.033;0;38.584;0;148.8;54:25.706;13:54:33.372;0:59.813;1:11.033;0:38.584;196.3;Michael JENSEN;;LMP2 Pro/Am;;Algarve Pro Racing;Oreca;SF;59.813;71.033;38.584;
20;1;20;4:35.948;0;;1:16.463;0;1:45.161;0;1:34.324;0;91.4;59:01.654;13:59:09.320;1:16.463;1:45.161;1:34.324;156.8;Michael JENSEN;;LMP2 Pro/Am;;Algarve Pro Racing;Oreca;SF;76.463;105.161;94.324;
20;1;21;4:16.473;0;;1:23.235;0;1:39.564;0;1:13.674;0;98.3;1:03:18.127;14:03:25.793;1:23.235;1:39.564;1:13.674;;Michael JENSEN;;LMP2 Pro/Am;;Algarve Pro Racing;Oreca;SF;83.235;99.564;73.674;
20;1;22;2:51.002;0;;47.211;0;1:13.717;0;50.074;0;147.4;1:06:09.129;14:06:16.795;0:47.211;1:13.717;0:50.074;164.9;Michael JENSEN;;LMP2 Pro/Am;;Algarve Pro Racing;Oreca;GF;47.211;73.717;50.074;
20;1;23;2:22.512;0;;37.672;0;1:03.088;0;41.752;0;176.9;1:08:31.641;14:08:39.307;0:37.672;1:03.088;0:41.752;278.6;Michael JENSEN;;LMP2 Pro/Am;;Algarve Pro Racing;Oreca;SF;37.672;63.088;41.752;
20;1;24;4:17.519;0;;1:09.937;0;1:56.694;0;1:10.888;0;97.9;1:12:49.160;14:12:56.826;1:09.937;1:56.694;1:10.888;;Michael JENSEN;;LMP2 Pro/Am;;Algarve Pro Racing;Oreca;SF;69.937;116.694;70.888;
20;1;25;2:53.459;0;;45.697;0;1:12.718;0;55.044;0;145.4;1:15:42.619;14:15:50.285;0:45.697;1:12.718;0:55.044;194.2;Michael JENSEN;;LMP2 Pro/Am;;Algarve Pro Racing;Oreca;GF;45.697;72.718;55.044;
20;1;26;2:17.996;0;B;37.132;0;1:00.777;0;40.087;0;182.7;1:18:00.615;14:18:08.281;0:37.132;1:00.777;0:40.087;252.0;Michael JENSEN;;LMP2 Pro/Am;;Algarve Pro Racing;Oreca;GF;37.132;60.777;40.087;
20;2;27;4:13.345;0;;1:36.386;0;1:15.551;0;1:21.408;0;99.5;1:22:13.960;14:22:21.626;1:36.386;1:15.551;1:21.408;197.7;Enzo TRULLI;0:00:59.861;LMP2 Pro/Am;;Algarve Pro Racing;Oreca;SF;96.386;75.551;81.408;
20;2;28;3:31.214;0;;1:22.455;0;1:26.399;0;42.360;0;119.4;1:25:45.174;14:25:52.840;1:22.455;1:26.399;0:42.360;;Enzo TRULLI;;LMP2 Pro/Am;;Algarve Pro Racing;Oreca;SF;82.455;86.399;42.360;
20;2;29;2:43.993;0;;47.149;0;1:12.781;0;44.063;0;153.8;1:28:29.167;14:28:36.833;0:47.149;1:12.781;0:44.063;156.8;Enzo TRULLI;;LMP2 Pro/Am;;Algarve Pro Racing;Oreca;GF;47.149;72.781;44.063;
20;2;30;2:23.814;0;;37.173;0;1:04.165;0;42.476;0;175.3;1:30:52.981;14:31:00.647;0:37.173;1:04.165;0:42.476;285.9;Enzo TRULLI;;LMP2 Pro/Am;;Algarve Pro Racing;Oreca;SF;37.173;64.165;42.476;
20;2;31;4:02.826;0;;1:17.962;0;1:43.890;0;1:00.974;0;103.8;1:34:55.807;14:35:03.473;1:17.962;1:43.890;1:00.974;135.6;Enzo TRULLI;;LMP2 Pro/Am;;Algarve Pro Racing;Oreca;SF;77.962;103.890;60.974;
20;2;32;4:01.417;0;;1:13.893;0;1:37.217;0;1:10.307;0;104.4;1:38:57.224;14:39:04.890;1:13.893;1:37.217;1:10.307;;Enzo TRULLI;;LMP2 Pro/Am;;Algarve Pro Racing;Oreca;SF;73.893;97.217;70.307;
20;2;33;3:52.299;0;;1:37.267;0;1:24.135;0;50.897;0;108.5;1:42:49.523;14:42:57.189;1:37.267;1:24.135;0:50.897;142.6;Enzo TRULLI;;LMP2 Pro/Am;;Algarve Pro Racing;Oreca;SF;97.267;84.135;50.897;
20;2;34;2:57.299;0;;46.934;0;1:25.322;0;45.043;0;142.2;1:45:46.822;14:45:54.488;0:46.934;1:25.322;0:45.043;242.4;Enzo TRULLI;;LMP2 Pro/Am;;Algarve Pro Racing;Oreca;GF;46.934;85.322;45.043;
20;2;35;2:09.469;0;;37.130;0;59.708;0;32.631;0;194.8;1:47:56.291;14:48:03.957;0:37.130;0:59.708;0:32.631;278.6;Enzo TRULLI;;LMP2 Pro/Am;;Algarve Pro Racing;Oreca;GF;37.130;59.708;32.631;
20;2;36;2:03.636;0;;35.586;0;56.374;0;31.676;0;203.9;1:49:59.927;14:50:07.593;0:35.586;0:56.374;0:31.676;298.5;Enzo TRULLI;;LMP2 Pro/Am;;Algarve Pro Racing;Oreca;GF;35.586;56.374;31.676;
20;2;37;2:02.714;2;;35.366;0;55.798;2;31.550;2;205.5;1:52:02.641;14:52:10.307;0:35.366;0:55.798;0:31.550;299.3;Enzo TRULLI;;LMP2 Pro/Am;;Algarve Pro Racing;Oreca;GF;35.366;55.798;31.550;
20;2;38;2:06.591;0;;36.396;0;58.316;0;31.879;0;199.2;1:54:09.232;14:54:16.898;0:36.396;0:58.316;0:31.879;283.7;Enzo TRULLI;;LMP2 Pro/Am;;Algarve Pro Racing;Oreca;GF;36.396;58.316;31.879;
20;2;39;2:04.201;0;;35.276;0;56.787;0;32.138;0;203.0;1:56:13.433;14:56:21.099;0:35.276;0:56.787;0:32.138;299.3;Enzo TRULLI;;LMP2 Pro/Am;;Algarve Pro Racing;Oreca;GF;35.276;56.787;32.138;
20;2;40;2:03.903;0;;35.413;0;56.459;0;32.031;0;203.5;1:58:17.336;14:58:25.002;0:35.413;0:56.459;0:32.031;299.3;Enzo TRULLI;;LMP2 Pro/Am;;Algarve Pro Racing;Oreca;GF;35.413;56.459;32.031;
20;2;41;2:57.206;0;;35.450;0;1:04.412;0;1:17.344;0;142.3;2:01:14.542;15:01:22.208;0:35.450;1:04.412;1:17.344;300.2;Enzo TRULLI;;LMP2 Pro/Am;;Algarve Pro Racing;Oreca;SF;35.450;64.412;77.344;
20;2;42;4:56.035;0;;1:33.552;0;2:07.364;0;1:15.119;0;85.2;2:06:10.577;15:06:18.243;1:33.552;2:07.364;1:15.119;;Enzo TRULLI;;LMP2 Pro/Am;;Algarve Pro Racing;Oreca;SF;93.552;127.364;75.119;
20;2;43;4:37.601;0;;1:21.503;0;1:44.444;0;1:31.654;0;90.8;2:10:48.178;15:10:55.844;1:21.503;1:44.444;1:31.654;;Enzo TRULLI;;LMP2 Pro/Am;;Algarve Pro Racing;Oreca;SF;81.503;104.444;91.654;
20;2;44;4:03.468;0;;1:26.898;0;1:32.462;0;1:04.108;0;103.6;2:14:51.646;15:14:59.312;1:26.898;1:32.462;1:04.108;125.4;Enzo TRULLI;;LMP2 Pro/Am;;Algarve Pro Racing;Oreca;GF;86.898;92.462;64.108;
20;2;45;2:05.774;0;;35.830;0;57.914;0;32.030;0;200.5;2:16:57.420;15:17:05.086;0:35.830;0:57.914;0:32.030;297.7;Enzo TRULLI;;LMP2 Pro/Am;;Algarve Pro Racing;Oreca;GF;35.830;57.914;32.030;
20;2;46;2:04.244;0;;35.391;0;57.134;0;31.719;0;202.9;2:19:01.664;15:19:09.330;0:35.391;0:57.134;0:31.719;299.3;Enzo TRULLI;;LMP2 Pro/Am;;Algarve Pro Racing;Oreca;GF;35.391;57.134;31.719;
20;2;47;2:05.765;0;;35.274;2;58.656;0;31.835;0;200.5;2:21:07.429;15:21:15.095;0:35.274;0:58.656;0:31.835;301.0;Enzo TRULLI;;LMP2 Pro/Am;;Algarve Pro Racing;Oreca;GF;35.274;58.656;31.835;
20;2;48;2:10.148;0;B;35.413;0;57.054;0;37.681;0;193.7;2:23:17.577;15:23:25.243;0:35.413;0:57.054;0:37.681;299.3;Enzo TRULLI;;LMP2 Pro/Am;;Algarve Pro Racing;Oreca;GF;35.413;57.054;37.681;
20;3;49;3:03.430;0;;1:32.034;0;59.159;0;32.237;0;137.5;2:26:21.007;15:26:28.673;1:32.034;0:59.159;0:32.237;296.9;Malthe JAKOBSEN;0:01:07.011;LMP2 Pro/Am;;Algarve Pro Racing;Oreca;GF;92.034;59.159;32.237;
20;3;50;2:07.161;0;;35.740;0;59.291;0;32.130;0;198.3;2:28:28.168;15:28:35.834;0:35.740;0:59.291;0:32.130;289.7;Malthe JAKOBSEN;;LMP2 Pro/Am;;Algarve Pro Racing;Oreca;GF;35.740;59.291;32.130;
20;3;51;2:06.539;0;;35.528;0;58.634;0;32.377;0;199.3;2:30:34.707;15:30:42.373;0:35.528;0:58.634;0:32.377;301.8;Malthe JAKOBSEN;;LMP2 Pro/Am;;Algarve Pro Racing;Oreca;GF;35.528;58.634;32.377;
20;3;52;2:07.009;0;;36.271;0;58.628;0;32.110;0;198.5;2:32:41.716;15:32:49.382;0:36.271;0:58.628;0:32.110;297.7;Malthe JAKOBSEN;;LMP2 Pro/Am;;Algarve Pro Racing;Oreca;GF;36.271;58.628;32.110;
20;3;53;2:05.975;0;;35.607;0;58.270;0;32.098;0;200.2;2:34:47.691;15:34:55.357;0:35.607;0:58.270;0:32.098;297.7;Malthe JAKOBSEN;;LMP2 Pro/Am;;Algarve Pro Racing;Oreca;GF;35.607;58.270;32.098;
20;3;54;2:05.705;0;;35.627;0;57.815;0;32.263;0;200.6;2:36:53.396;15:37:01.062;0:35.627;0:57.815;0:32.263;289.0;Malthe JAKOBSEN;;LMP2 Pro/Am;;Algarve Pro Racing;Oreca;GF;35.627;57.815;32.263;
20;3;55;2:06.589;0;;35.672;0;58.424;0;32.493;0;199.2;2:38:59.985;15:39:07.651;0:35.672;0:58.424;0:32.493;290.5;Malthe JAKOBSEN;;LMP2 Pro/Am;;Algarve Pro Racing;Oreca;GF;35.672;58.424;32.493;
20;3;56;2:06.972;0;;36.053;0;58.545;0;32.374;0;198.6;2:41:06.957;15:41:14.623;0:36.053;0:58.545;0:32.374;295.3;Malthe JAKOBSEN;;LMP2 Pro/Am;;Algarve Pro Racing;Oreca;GF;36.053;58.545;32.374;
20;3;57;2:06.559;0;;35.553;0;58.740;0;32.266;0;199.2;2:43:13.516;15:43:21.182;0:35.553;0:58.740;0:32.266;294.5;Malthe JAKOBSEN;;LMP2 Pro/Am;;Algarve Pro Racing;Oreca;GF;35.553;58.740;32.266;
20;3;58;2:06.914;0;;35.580;0;59.078;0;32.256;0;198.7;2:45:20.430;15:45:28.096;0:35.580;0:59.078;0:32.256;296.9;Malthe JAKOBSEN;;LMP2 Pro/Am;;Algarve Pro Racing;Oreca;GF;35.580;59.078;32.256;
20;3;59;2:06.778;0;;35.532;0;58.485;0;32.761;0;198.9;2:47:27.208;15:47:34.874;0:35.532;0:58.485;0:32.761;297.7;Malthe JAKOBSEN;;LMP2 Pro/Am;;Algarve Pro Racing;Oreca;GF;35.532;58.485;32.761;
20;3;60;2:06.319;0;;35.545;0;58.495;0;32.279;0;199.6;2:49:33.527;15:49:41.193;0:35.545;0:58.495;0:32.279;296.1;Malthe JAKOBSEN;;LMP2 Pro/Am;;Algarve Pro Racing;Oreca;GF;35.545;58.495;32.279;
20;3;61;2:09.286;0;;35.757;0;1:00.552;0;32.977;0;195.0;2:51:42.813;15:51:50.479;0:35.757;1:00.552;0:32.977;296.1;Malthe JAKOBSEN;;LMP2 Pro/Am;;Algarve Pro Racing;Oreca;GF;35.757;60.552;32.977;
20;3;62;2:07.973;0;;35.534;0;1:00.266;0;32.173;0;197.0;2:53:50.786;15:53:58.452;0:35.534;1:00.266;0:32.173;300.2;Malthe JAKOBSEN;;LMP2 Pro/Am;;Algarve Pro Racing;Oreca;GF;35.534;60.266;32.173;
20;3;63;2:05.765;0;;35.426;1;58.157;0;32.182;0;200.5;2:55:56.551;15:56:04.217;0:35.426;0:58.157;0:32.182;301.0;Malthe JAKOBSEN;;LMP2 Pro/Am;;Algarve Pro Racing;Oreca;GF;35.426;58.157;32.182;
20;3;64;2:05.453;0;;35.573;0;57.866;0;32.014;0;201.0;2:58:02.004;15:58:09.670;0:35.573;0:57.866;0:32.014;299.3;Malthe JAKOBSEN;;LMP2 Pro/Am;;Algarve Pro Racing;Oreca;GF;35.573;57.866;32.014;
20;3;65;2:05.403;0;;35.476;0;57.842;0;32.085;0;201.1;3:00:07.407;16:00:15.073;0:35.476;0:57.842;0:32.085;300.2;Malthe JAKOBSEN;;LMP2 Pro/Am;;Algarve Pro Racing;Oreca;GF;35.476;57.842;32.085;
20;3;66;2:11.685;0;B;35.536;0;58.390;0;37.759;0;191.5;3:02:19.092;16:02:26.758;0:35.536;0:58.390;0:37.759;300.2;Malthe JAKOBSEN;;LMP2 Pro/Am;;Algarve Pro Racing;Oreca;GF;35.536;58.390;37.759;
20;3;67;3:27.959;0;;1:52.644;0;1:02.697;0;32.618;0;121.2;3:05:47.051;16:05:54.717;1:52.644;1:02.697;0:32.618;255.0;Malthe JAKOBSEN;0:01:24.829;LMP2 Pro/Am;;Algarve Pro Racing;Oreca;GF;112.644;62.697;32.618;
20;3;68;2:06.437;0;;35.684;0;58.644;0;32.109;0;199.4;3:07:53.488;16:08:01.154;0:35.684;0:58.644;0:32.109;297.7;Malthe JAKOBSEN;;LMP2 Pro/Am;;Algarve Pro Racing;Oreca;GF;35.684;58.644;32.109;
20;3;69;2:05.003;0;;35.651;0;57.342;1;32.010;0;201.7;3:09:58.491;16:10:06.157;0:35.651;0:57.342;0:32.010;297.7;Malthe JAKOBSEN;;LMP2 Pro/Am;;Algarve Pro Racing;Oreca;GF;35.651;57.342;32.010;
20;3;70;2:07.358;0;;35.503;0;58.372;0;33.483;0;198.0;3:12:05.849;16:12:13.515;0:35.503;0:58.372;0:33.483;298.5;Malthe JAKOBSEN;;LMP2 Pro/Am;;Algarve Pro Racing;Oreca;GF;35.503;58.372;33.483;
20;3;71;2:06.480;0;;35.584;0;58.854;0;32.042;0;199.4;3:14:12.329;16:14:19.995;0:35.584;0:58.854;0:32.042;297.7;Malthe JAKOBSEN;;LMP2 Pro/Am;;Algarve Pro Racing;Oreca;GF;35.584;58.854;32.042;
20;3;72;2:06.187;0;;35.583;0;58.592;0;32.012;0;199.8;3:16:18.516;16:16:26.182;0:35.583;0:58.592;0:32.012;297.7;Malthe JAKOBSEN;;LMP2 Pro/Am;;Algarve Pro Racing;Oreca;GF;35.583;58.592;32.012;
20;3;73;2:05.222;0;;35.573;0;57.434;0;32.215;0;201.4;3:18:23.738;16:18:31.404;0:35.573;0:57.434;0:32.215;299.3;Malthe JAKOBSEN;;LMP2 Pro/Am;;Algarve Pro Racing;Oreca;GF;35.573;57.434;32.215;
20;3;74;2:06.795;0;;35.528;0;59.248;0;32.019;0;198.9;3:20:30.533;16:20:38.199;0:35.528;0:59.248;0:32.019;300.2;Malthe JAKOBSEN;;LMP2 Pro/Am;;Algarve Pro Racing;Oreca;GF;35.528;59.248;32.019;
20;3;75;2:05.978;0;;35.475;0;57.998;0;32.505;0;200.1;3:22:36.511;16:22:44.177;0:35.475;0:57.998;0:32.505;301.8;Malthe JAKOBSEN;;LMP2 Pro/Am;;Algarve Pro Racing;Oreca;GF;35.475;57.998;32.505;
20;3;76;2:04.810;0;;35.458;0;57.392;0;31.960;0;202.0;3:24:41.321;16:24:48.987;0:35.458;0:57.392;0:31.960;300.2;Malthe JAKOBSEN;;LMP2 Pro/Am;;Algarve Pro Racing;Oreca;GF;35.458;57.392;31.960;
20;3;77;2:05.025;0;;35.459;0;57.586;0;31.980;0;201.7;3:26:46.346;16:26:54.012;0:35.459;0:57.586;0:31.980;301.0;Malthe JAKOBSEN;;LMP2 Pro/Am;;Algarve Pro Racing;Oreca;GF;35.459;57.586;31.980;
20;3;78;2:05.769;0;;35.493;0;58.151;0;32.125;0;200.5;3:28:52.115;16:28:59.781;0:35.493;0:58.151;0:32.125;300.2;Malthe JAKOBSEN;;LMP2 Pro/Am;;Algarve Pro Racing;Oreca;GF;35.493;58.151;32.125;
20;3;79;2:05.134;0;;35.487;0;57.767;0;31.880;1;201.5;3:30:57.249;16:31:04.915;0:35.487;0:57.767;0:31.880;299.3;Malthe JAKOBSEN;;LMP2 Pro/Am;;Algarve Pro Racing;Oreca;GF;35.487;57.767;31.880;
20;3;80;2:07.663;0;;35.473;0;1:00.094;0;32.096;0;197.5;3:33:04.912;16:33:12.578;0:35.473;1:00.094;0:32.096;301.8;Malthe JAKOBSEN;;LMP2 Pro/Am;;Algarve Pro Racing;Oreca;GF;35.473;60.094;32.096;
20;3;81;2:07.078;0;;35.485;0;58.996;0;32.597;0;198.4;3:35:11.990;16:35:19.656;0:35.485;0:58.996;0:32.597;301.8;Malthe JAKOBSEN;;LMP2 Pro/Am;;Algarve Pro Racing;Oreca;GF;35.485;58.996;32.597;
20;3;82;2:06.659;0;;35.473;0;58.609;0;32.577;0;199.1;3:37:18.649;16:37:26.315;0:35.473;0:58.609;0:32.577;299.3;Malthe JAKOBSEN;;LMP2 Pro/Am;;Algarve Pro Racing;Oreca;GF;35.473;58.609;32.577;
20;3;83;2:06.396;0;;35.556;0;58.636;0;32.204;0;199.5;3:39:25.045;16:39:32.711;0:35.556;0:58.636;0:32.204;300.2;Malthe JAKOBSEN;;LMP2 Pro/Am;;Algarve Pro Racing;Oreca;GF;35.556;58.636;32.204;
20;3;84;2:05.292;0;;35.451;0;57.805;0;32.036;0;201.2;3:41:30.337;16:41:38.003;0:35.451;0:57.805;0:32.036;298.5;Malthe JAKOBSEN;;LMP2 Pro/Am;;Algarve Pro Racing;Oreca;GF;35.451;57.805;32.036;
20;3;85;2:10.750;0;B;35.468;0;57.613;0;37.669;0;192.8;3:43:41.087;16:43:48.753;0:35.468;0:57.613;0:37.669;299.3;Malthe JAKOBSEN;;LMP2 Pro/Am;;Algarve Pro Racing;Oreca;GF;35.468;57.613;37.669;
20;3;86;2:44.130;0;;1:11.656;0;1:00.307;0;32.167;0;153.6;3:46:25.217;16:46:32.883;1:11.656;1:00.307;0:32.167;301.8;Malthe JAKOBSEN;0:00:46.985;LMP2 Pro/Am;;Algarve Pro Racing;Oreca;GF;71.656;60.307;32.167;
20;3;87;2:06.113;0;;35.749;0;58.324;0;32.040;0;199.9;3:48:31.330;16:48:38.996;0:35.749;0:58.324;0:32.040;299.3;Malthe JAKOBSEN;;LMP2 Pro/Am;;Algarve Pro Racing;Oreca;GF;35.749;58.324;32.040;
20;3;88;2:06.408;0;;35.659;0;58.683;0;32.066;0;199.5;3:50:37.738;16:50:45.404;0:35.659;0:58.683;0:32.066;300.2;Malthe JAKOBSEN;;LMP2 Pro/Am;;Algarve Pro Racing;Oreca;GF;35.659;58.683;32.066;
20;3;89;2:06.301;0;;35.683;0;58.596;0;32.022;0;199.6;3:52:44.039;16:52:51.705;0:35.683;0:58.596;0:32.022;297.7;Malthe JAKOBSEN;;LMP2 Pro/Am;;Algarve Pro Racing;Oreca;GF;35.683;58.596;32.022;
20;3;90;2:07.263;0;;35.591;0;59.633;0;32.039;0;198.1;3:54:51.302;16:54:58.968;0:35.591;0:59.633;0:32.039;300.2;Malthe JAKOBSEN;;LMP2 Pro/Am;;Algarve Pro Racing;Oreca;GF;35.591;59.633;32.039;
20;3;91;2:08.621;0;;35.610;0;1:00.285;0;32.726;0;196.0;3:56:59.923;16:57:07.589;0:35.610;1:00.285;0:32.726;302.7;Malthe JAKOBSEN;;LMP2 Pro/Am;;Algarve Pro Racing;Oreca;GF;35.610;60.285;32.726;
20;3;92;2:08.554;0;;36.064;0;1:00.309;0;32.181;0;196.1;3:59:08.477;16:59:16.143;0:36.064;1:00.309;0:32.181;301.0;Malthe JAKOBSEN;;LMP2 Pro/Am;;Algarve Pro Racing;Oreca;GF;36.064;60.309;32.181;
20;3;93;2:07.790;0;;35.878;0;59.794;0;32.118;0;197.3;4:01:16.267;17:01:23.933;0:35.878;0:59.794;0:32.118;301.0;Malthe JAKOBSEN;;LMP2 Pro/Am;;Algarve Pro Racing;Oreca;FF;35.878;59.794;32.118;
21;1;1;2:45.321;0;;43.406;0;1:04.861;0;57.054;0;149.9;2:45.321;13:02:52.987;0:43.406;1:04.861;0:57.054;234.5;Daniel SCHNEIDER;;LMP2 Pro/Am;;United Autosports;Oreca;SF;43.406;64.861;57.054;
21;1;2;4:15.917;0;;1:16.896;0;1:49.368;0;1:09.653;0;98.5;7:01.238;13:07:08.904;1:16.896;1:49.368;1:09.653;;Daniel SCHNEIDER;;LMP2 Pro/Am;;United Autosports;Oreca;SF;76.896;109.368;69.653;
21;1;3;4:21.347;0;;1:34.977;0;1:48.523;0;57.847;0;96.5;11:22.585;13:11:30.251;1:34.977;1:48.523;0:57.847;;Daniel SCHNEIDER;;LMP2 Pro/Am;;United Autosports;Oreca;SF;94.977;108.523;57.847;
21;1;4;2:58.643;0;;57.435;0;1:12.607;0;48.601;0;141.1;14:21.228;13:14:28.894;0:57.435;1:12.607;0:48.601;137.5;Daniel SCHNEIDER;;LMP2 Pro/Am;;United Autosports;Oreca;GF;57.435;72.607;48.601;
21;1;5;2:10.755;0;;37.508;0;1:00.462;0;32.785;0;192.8;16:31.983;13:16:39.649;0:37.508;1:00.462;0:32.785;272.9;Daniel SCHNEIDER;;LMP2 Pro/Am;;United Autosports;Oreca;GF;37.508;60.462;32.785;
21;1;6;2:08.561;0;;36.112;0;59.887;0;32.562;0;196.1;18:40.544;13:18:48.210;0:36.112;0:59.887;0:32.562;294.5;Daniel SCHNEIDER;;LMP2 Pro/Am;;United Autosports;Oreca;GF;36.112;59.887;32.562;
21;1;7;2:07.414;0;;35.952;0;59.068;0;32.394;1;197.9;20:47.958;13:20:55.624;0:35.952;0:59.068;0:32.394;295.3;Daniel SCHNEIDER;;LMP2 Pro/Am;;United Autosports;Oreca;GF;35.952;59.068;32.394;
21;1;8;2:07.998;0;;36.186;0;58.969;1;32.843;0;197.0;22:55.956;13:23:03.622;0:36.186;0:58.969;0:32.843;297.7;Daniel SCHNEIDER;;LMP2 Pro/Am;;United Autosports;Oreca;GF;36.186;58.969;32.843;
21;1;9;2:09.974;0;;35.931;0;1:01.486;0;32.557;0;194.0;25:05.930;13:25:13.596;0:35.931;1:01.486;0:32.557;297.7;Daniel SCHNEIDER;;LMP2 Pro/Am;;United Autosports;Oreca;GF;35.931;61.486;32.557;
21;1;10;2:08.183;0;;35.920;0;59.498;0;32.765;0;196.7;27:14.113;13:27:21.779;0:35.920;0:59.498;0:32.765;298.5;Daniel SCHNEIDER;;LMP2 Pro/Am;;United Autosports;Oreca;GF;35.920;59.498;32.765;
21;1;11;2:08.078;0;;35.795;1;59.413;0;32.870;0;196.9;29:22.191;13:29:29.857;0:35.795;0:59.413;0:32.870;299.3;Daniel SCHNEIDER;;LMP2 Pro/Am;;United Autosports;Oreca;GF;35.795;59.413;32.870;
21;1;12;2:12.461;0;;35.815;0;1:02.346;0;34.300;0;190.4;31:34.652;13:31:42.318;0:35.815;1:02.346;0:34.300;297.7;Daniel SCHNEIDER;;LMP2 Pro/Am;;United Autosports;Oreca;GF;35.815;62.346;34.300;
21;1;13;2:09.089;0;;36.061;0;1:00.346;0;32.682;0;195.3;33:43.741;13:33:51.407;0:36.061;1:00.346;0:32.682;297.7;Daniel SCHNEIDER;;LMP2 Pro/Am;;United Autosports;Oreca;GF;36.061;60.346;32.682;
21;1;14;2:12.874;0;;36.598;0;1:01.392;0;34.884;0;189.8;35:56.615;13:36:04.281;0:36.598;1:01.392;0:34.884;297.7;Daniel SCHNEIDER;;LMP2 Pro/Am;;United Autosports;Oreca;GF;36.598;61.392;34.884;
21;1;15;2:10.467;0;;36.385;0;1:00.834;0;33.248;0;193.3;38:07.082;13:38:14.748;0:36.385;1:00.834;0:33.248;294.5;Daniel SCHNEIDER;;LMP2 Pro/Am;;United Autosports;Oreca;GF;36.385;60.834;33.248;
21;1;16;2:11.343;0;;37.040;0;1:01.548;0;32.755;0;192.0;40:18.425;13:40:26.091;0:37.040;1:01.548;0:32.755;274.3;Daniel SCHNEIDER;;LMP2 Pro/Am;;United Autosports;Oreca;GF;37.040;61.548;32.755;
21;1;17;5:16.258;0;B;1:37.015;0;2:08.990;0;1:30.253;0;79.7;45:34.683;13:45:42.349;1:37.015;2:08.990;1:30.253;;Daniel SCHNEIDER;;LMP2 Pro/Am;;United Autosports;Oreca;GF;97.015;128.990;90.253;
21;1;18;6:20.847;0;;2:43.564;0;2:10.013;0;1:27.270;0;66.2;51:55.530;13:52:03.196;2:43.564;2:10.013;1:27.270;;Daniel SCHNEIDER;0:01:22.092;LMP2 Pro/Am;;United Autosports;Oreca;SF;163.564;130.013;87.270;
21;1;19;2:36.263;0;;50.495;0;1:08.427;0;37.341;0;161.4;54:31.793;13:54:39.459;0:50.495;1:08.427;0:37.341;178.8;Daniel SCHNEIDER;;LMP2 Pro/Am;;United Autosports;Oreca;SF;50.495;68.427;37.341;
21;1;20;4:33.931;0;;1:14.791;0;1:44.565;0;1:34.575;0;92.0;59:05.724;13:59:13.390;1:14.791;1:44.565;1:34.575;155.2;Daniel SCHNEIDER;;LMP2 Pro/Am;;United Autosports;Oreca;SF;74.791;104.565;94.575;
21;1;21;4:15.646;0;;1:23.497;0;1:39.058;0;1:13.091;0;98.6;1:03:21.370;14:03:29.036;1:23.497;1:39.058;1:13.091;;Daniel SCHNEIDER;;LMP2 Pro/Am;;United Autosports;Oreca;SF;83.497;99.058;73.091;
21;1;22;2:57.092;0;B;47.836;0;1:12.107;0;57.149;0;142.4;1:06:18.462;14:06:26.128;0:47.836;1:12.107;0:57.149;167.0;Daniel SCHNEIDER;;LMP2 Pro/Am;;United Autosports;Oreca;GF;47.836;72.107;57.149;
21;2;23;3:03.018;0;;1:15.597;0;1:11.991;0;35.430;0;137.8;1:09:21.480;14:09:29.146;1:15.597;1:11.991;0:35.430;296.1;Marino SATO;0:00:50.543;LMP2 Pro/Am;;United Autosports;Oreca;SF;75.597;71.991;35.430;
21;2;24;4:03.539;0;;1:00.890;0;1:51.332;0;1:11.317;0;103.5;1:13:25.019;14:13:32.685;1:00.890;1:51.332;1:11.317;139.5;Marino SATO;;LMP2 Pro/Am;;United Autosports;Oreca;SF;60.890;111.332;71.317;
21;2;25;2:33.184;0;;46.240;0;1:06.421;0;40.523;0;164.6;1:15:58.203;14:16:05.869;0:46.240;1:06.421;0:40.523;199.6;Marino SATO;;LMP2 Pro/Am;;United Autosports;Oreca;GF;46.240;66.421;40.523;
21;2;26;2:10.685;0;;36.536;0;1:01.157;0;32.992;0;192.9;1:18:08.888;14:18:16.554;0:36.536;1:01.157;0:32.992;294.5;Marino SATO;;LMP2 Pro/Am;;United Autosports;Oreca;GF;36.536;61.157;32.992;
21;2;27;3:40.656;0;;42.430;0;1:29.903;0;1:28.323;0;114.3;1:21:49.544;14:21:57.210;0:42.430;1:29.903;1:28.323;173.4;Marino SATO;;LMP2 Pro/Am;;United Autosports;Oreca;SF;42.430;89.903;88.323;
21;2;28;3:35.418;0;;1:24.413;0;1:26.993;0;44.012;0;117.0;1:25:24.962;14:25:32.628;1:24.413;1:26.993;0:44.012;;Marino SATO;;LMP2 Pro/Am;;United Autosports;Oreca;SF;84.413;86.993;44.012;
21;2;29;2:53.722;0;;46.592;0;1:19.237;0;47.893;0;145.1;1:28:18.684;14:28:26.350;0:46.592;1:19.237;0:47.893;172.0;Marino SATO;;LMP2 Pro/Am;;United Autosports;Oreca;GF;46.592;79.237;47.893;
21;2;30;2:18.924;0;;35.888;0;58.899;0;44.137;0;181.5;1:30:37.608;14:30:45.274;0:35.888;0:58.899;0:44.137;297.7;Marino SATO;;LMP2 Pro/Am;;United Autosports;Oreca;SF;35.888;58.899;44.137;
21;2;31;4:04.778;0;;1:18.181;0;1:43.912;0;1:02.685;0;103.0;1:34:42.386;14:34:50.052;1:18.181;1:43.912;1:02.685;;Marino SATO;;LMP2 Pro/Am;;United Autosports;Oreca;SF;78.181;103.912;62.685;
21;2;32;4:00.110;0;;1:11.841;0;1:40.228;0;1:08.041;0;105.0;1:38:42.496;14:38:50.162;1:11.841;1:40.228;1:08.041;125.6;Marino SATO;;LMP2 Pro/Am;;United Autosports;Oreca;SF;71.841;100.228;68.041;
21;2;33;3:50.766;0;;1:36.155;0;1:28.670;0;45.941;0;109.3;1:42:33.262;14:42:40.928;1:36.155;1:28.670;0:45.941;;Marino SATO;;LMP2 Pro/Am;;United Autosports;Oreca;SF;96.155;88.670;45.941;
21;2;34;3:04.639;0;;44.193;0;1:32.523;0;47.923;0;136.6;1:45:37.901;14:45:45.567;0:44.193;1:32.523;0:47.923;244.1;Marino SATO;;LMP2 Pro/Am;;United Autosports;Oreca;GF;44.193;92.523;47.923;
21;2;35;2:06.244;0;;35.557;0;58.618;0;32.069;0;199.7;1:47:44.145;14:47:51.811;0:35.557;0:58.618;0:32.069;300.2;Marino SATO;;LMP2 Pro/Am;;United Autosports;Oreca;GF;35.557;58.618;32.069;
21;2;36;2:03.809;2;;35.323;0;56.790;0;31.696;2;203.7;1:49:47.954;14:49:55.620;0:35.323;0:56.790;0:31.696;304.4;Marino SATO;;LMP2 Pro/Am;;United Autosports;Oreca;GF;35.323;56.790;31.696;
21;2;37;2:04.180;0;;35.312;2;56.977;0;31.891;0;203.0;1:51:52.134;14:51:59.800;0:35.312;0:56.977;0:31.891;301.8;Marino SATO;;LMP2 Pro/Am;;United Autosports;Oreca;GF;35.312;56.977;31.891;
21;2;38;2:03.882;0;;35.337;0;56.766;2;31.779;0;203.5;1:53:56.016;14:54:03.682;0:35.337;0:56.766;0:31.779;301.0;Marino SATO;;LMP2 Pro/Am;;United Autosports;Oreca;GF;35.337;56.766;31.779;
21;2;39;2:04.271;0;;35.362;0;57.070;0;31.839;0;202.9;1:56:00.287;14:56:07.953;0:35.362;0:57.070;0:31.839;301.0;Marino SATO;;LMP2 Pro/Am;;United Autosports;Oreca;GF;35.362;57.070;31.839;
21;2;40;2:04.638;0;;35.337;0;57.412;0;31.889;0;202.3;1:58:04.925;14:58:12.591;0:35.337;0:57.412;0:31.889;301.8;Marino SATO;;LMP2 Pro/Am;;United Autosports;Oreca;GF;35.337;57.412;31.889;
21;2;41;3:07.578;0;;37.021;0;1:04.485;0;1:26.072;0;134.4;2:01:12.503;15:01:20.169;0:37.021;1:04.485;1:26.072;293.7;Marino SATO;;LMP2 Pro/Am;;United Autosports;Oreca;SF;37.021;64.485;86.072;
21;2;42;4:55.172;0;;1:32.263;0;2:08.386;0;1:14.523;0;85.4;2:06:07.675;15:06:15.341;1:32.263;2:08.386;1:14.523;;Marino SATO;;LMP2 Pro/Am;;United Autosports;Oreca;SF;92.263;128.386;74.523;
21;2;43;4:39.321;0;;1:22.578;0;1:44.518;0;1:32.225;0;90.3;2:10:46.996;15:10:54.662;1:22.578;1:44.518;1:32.225;;Marino SATO;;LMP2 Pro/Am;;United Autosports;Oreca;SF;82.578;104.518;92.225;
21;2;44;4:04.101;0;;1:27.437;0;1:32.748;0;1:03.916;0;103.3;2:14:51.097;15:14:58.763;1:27.437;1:32.748;1:03.916;132.1;Marino SATO;;LMP2 Pro/Am;;United Autosports;Oreca;GF;87.437;92.748;63.916;
21;2;45;2:05.314;0;;35.657;0;57.833;0;31.824;0;201.2;2:16:56.411;15:17:04.077;0:35.657;0:57.833;0:31.824;297.7;Marino SATO;;LMP2 Pro/Am;;United Autosports;Oreca;GF;35.657;57.833;31.824;
21;2;46;2:04.056;0;;35.366;0;56.936;0;31.754;0;203.2;2:19:00.467;15:19:08.133;0:35.366;0:56.936;0:31.754;299.3;Marino SATO;;LMP2 Pro/Am;;United Autosports;Oreca;GF;35.366;56.936;31.754;
21;2;47;2:11.566;0;B;35.334;0;58.332;0;37.900;0;191.6;2:21:12.033;15:21:19.699;0:35.334;0:58.332;0:37.900;301.0;Marino SATO;;LMP2 Pro/Am;;United Autosports;Oreca;GF;35.334;58.332;37.900;
21;3;48;3:05.610;0;;1:34.237;0;58.764;0;32.609;0;135.8;2:24:17.643;15:24:25.309;1:34.237;0:58.764;0:32.609;290.5;Oliver JARVIS;0:01:08.728;LMP2 Pro/Am;;United Autosports;Oreca;GF;94.237;58.764;32.609;
21;3;49;2:07.007;0;;35.878;0;58.610;0;32.519;0;198.5;2:26:24.650;15:26:32.316;0:35.878;0:58.610;0:32.519;299.3;Oliver JARVIS;;LMP2 Pro/Am;;United Autosports;Oreca;GF;35.878;58.610;32.519;
21;3;50;2:06.737;0;;35.607;0;58.916;0;32.214;0;198.9;2:28:31.387;15:28:39.053;0:35.607;0:58.916;0:32.214;298.5;Oliver JARVIS;;LMP2 Pro/Am;;United Autosports;Oreca;GF;35.607;58.916;32.214;
21;3;51;2:07.264;0;;35.610;0;58.920;0;32.734;0;198.1;2:30:38.651;15:30:46.317;0:35.610;0:58.920;0:32.734;301.0;Oliver JARVIS;;LMP2 Pro/Am;;United Autosports;Oreca;GF;35.610;58.920;32.734;
21;3;52;2:08.084;0;;35.626;0;1:00.099;0;32.359;0;196.9;2:32:46.735;15:32:54.401;0:35.626;1:00.099;0:32.359;264.9;Oliver JARVIS;;LMP2 Pro/Am;;United Autosports;Oreca;GF;35.626;60.099;32.359;
21;3;53;2:06.181;0;;35.604;0;58.341;0;32.236;0;199.8;2:34:52.916;15:35:00.582;0:35.604;0:58.341;0:32.236;299.3;Oliver JARVIS;;LMP2 Pro/Am;;United Autosports;Oreca;GF;35.604;58.341;32.236;
21;3;54;2:06.055;0;;35.565;0;58.326;0;32.164;0;200.0;2:36:58.971;15:37:06.637;0:35.565;0:58.326;0:32.164;300.2;Oliver JARVIS;;LMP2 Pro/Am;;United Autosports;Oreca;GF;35.565;58.326;32.164;
21;3;55;2:06.275;0;;35.553;0;58.395;0;32.327;0;199.7;2:39:05.246;15:39:12.912;0:35.553;0:58.395;0:32.327;301.0;Oliver JARVIS;;LMP2 Pro/Am;;United Autosports;Oreca;GF;35.553;58.395;32.327;
21;3;56;2:08.855;0;;35.495;0;1:00.489;0;32.871;0;195.7;2:41:14.101;15:41:21.767;0:35.495;1:00.489;0:32.871;300.2;Oliver JARVIS;;LMP2 Pro/Am;;United Autosports;Oreca;GF;35.495;60.489;32.871;
21;3;57;2:06.191;0;;35.550;0;58.447;0;32.194;0;199.8;2:43:20.292;15:43:27.958;0:35.550;0:58.447;0:32.194;299.3;Oliver JARVIS;;LMP2 Pro/Am;;United Autosports;Oreca;GF;35.550;58.447;32.194;
21;3;58;2:05.981;0;;35.384;1;58.363;0;32.234;0;200.1;2:45:26.273;15:45:33.939;0:35.384;0:58.363;0:32.234;301.0;Oliver JARVIS;;LMP2 Pro/Am;;United Autosports;Oreca;GF;35.384;58.363;32.234;
21;3;59;2:09.057;0;;35.583;0;59.057;0;34.417;0;195.4;2:47:35.330;15:47:42.996;0:35.583;0:59.057;0:34.417;302.7;Oliver JARVIS;;LMP2 Pro/Am;;United Autosports;Oreca;GF;35.583;59.057;34.417;
21;3;60;2:06.406;0;;35.484;0;58.761;0;32.161;0;199.5;2:49:41.736;15:49:49.402;0:35.484;0:58.761;0:32.161;301.8;Oliver JARVIS;;LMP2 Pro/Am;;United Autosports;Oreca;GF;35.484;58.761;32.161;
21;3;61;2:07.300;0;;35.561;0;59.409;0;32.330;0;198.1;2:51:49.036;15:51:56.702;0:35.561;0:59.409;0:32.330;301.8;Oliver JARVIS;;LMP2 Pro/Am;;United Autosports;Oreca;GF;35.561;59.409;32.330;
21;3;62;2:08.150;0;;36.345;0;59.125;0;32.680;0;196.8;2:53:57.186;15:54:04.852;0:36.345;0:59.125;0:32.680;294.5;Oliver JARVIS;;LMP2 Pro/Am;;United Autosports;Oreca;GF;36.345;59.125;32.680;
21;3;63;2:06.476;0;;35.504;0;58.463;0;32.509;0;199.4;2:56:03.662;15:56:11.328;0:35.504;0:58.463;0:32.509;300.2;Oliver JARVIS;;LMP2 Pro/Am;;United Autosports;Oreca;GF;35.504;58.463;32.509;
21;3;64;2:11.980;0;B;35.514;0;58.218;0;38.248;0;191.0;2:58:15.642;15:58:23.308;0:35.514;0:58.218;0:38.248;299.3;Oliver JARVIS;;LMP2 Pro/Am;;United Autosports;Oreca;GF;35.514;58.218;38.248;
21;3;65;3:37.059;0;B;1:54.057;0;1:03.519;0;39.483;0;116.2;3:01:52.701;16:02:00.367;1:54.057;1:03.519;0:39.483;285.2;Oliver JARVIS;0:01:26.886;LMP2 Pro/Am;;United Autosports;Oreca;GF;114.057;63.519;39.483;
21;3;66;5:28.100;0;;3:55.595;0;59.866;0;32.639;0;76.8;3:07:20.801;16:07:28.467;3:55.595;0:59.866;0:32.639;287.4;Oliver JARVIS;0:03:29.396;LMP2 Pro/Am;;United Autosports;Oreca;GF;235.595;59.866;32.639;
21;3;67;2:06.341;0;;35.586;0;58.660;0;32.095;0;199.6;3:09:27.142;16:09:34.808;0:35.586;0:58.660;0:32.095;298.5;Oliver JARVIS;;LMP2 Pro/Am;;United Autosports;Oreca;GF;35.586;58.660;32.095;
21;3;68;2:04.983;0;;35.485;0;57.349;0;32.149;0;201.7;3:11:32.125;16:11:39.791;0:35.485;0:57.349;0:32.149;298.5;Oliver JARVIS;;LMP2 Pro/Am;;United Autosports;Oreca;GF;35.485;57.349;32.149;
21;3;69;2:05.951;0;;35.451;0;57.279;1;33.221;0;200.2;3:13:38.076;16:13:45.742;0:35.451;0:57.279;0:33.221;299.3;Oliver JARVIS;;LMP2 Pro/Am;;United Autosports;Oreca;GF;35.451;57.279;33.221;
21;3;70;2:05.706;0;;35.746;0;57.989;0;31.971;0;200.6;3:15:43.782;16:15:51.448;0:35.746;0:57.989;0:31.971;301.8;Oliver JARVIS;;LMP2 Pro/Am;;United Autosports;Oreca;GF;35.746;57.989;31.971;
21;3;71;2:08.257;0;;35.418;0;1:00.215;0;32.624;0;196.6;3:17:52.039;16:17:59.705;0:35.418;1:00.215;0:32.624;303.5;Oliver JARVIS;;LMP2 Pro/Am;;United Autosports;Oreca;GF;35.418;60.215;32.624;
21;3;72;2:05.068;0;;35.571;0;57.583;0;31.914;1;201.6;3:19:57.107;16:20:04.773;0:35.571;0:57.583;0:31.914;300.2;Oliver JARVIS;;LMP2 Pro/Am;;United Autosports;Oreca;GF;35.571;57.583;31.914;
21;3;73;2:04.812;0;;35.415;0;57.323;0;32.074;0;202.0;3:22:01.919;16:22:09.585;0:35.415;0:57.323;0:32.074;301.0;Oliver JARVIS;;LMP2 Pro/Am;;United Autosports;Oreca;GF;35.415;57.323;32.074;
21;3;74;2:05.453;0;;35.447;0;57.928;0;32.078;0;201.0;3:24:07.372;16:24:15.038;0:35.447;0:57.928;0:32.078;300.2;Oliver JARVIS;;LMP2 Pro/Am;;United Autosports;Oreca;GF;35.447;57.928;32.078;
21;3;75;2:06.832;0;;35.420;0;58.991;0;32.421;0;198.8;3:26:14.204;16:26:21.870;0:35.420;0:58.991;0:32.421;301.0;Oliver JARVIS;;LMP2 Pro/Am;;United Autosports;Oreca;GF;35.420;58.991;32.421;
21;3;76;2:09.019;0;;35.974;0;1:00.548;0;32.497;0;195.4;3:28:23.223;16:28:30.889;0:35.974;1:00.548;0:32.497;299.3;Oliver JARVIS;;LMP2 Pro/Am;;United Autosports;Oreca;GF;35.974;60.548;32.497;
21;3;77;2:08.431;0;;36.774;0;58.862;0;32.795;0;196.3;3:30:31.654;16:30:39.320;0:36.774;0:58.862;0:32.795;294.5;Oliver JARVIS;;LMP2 Pro/Am;;United Autosports;Oreca;GF;36.774;58.862;32.795;
21;3;78;2:05.505;0;;35.459;0;57.755;0;32.291;0;200.9;3:32:37.159;16:32:44.825;0:35.459;0:57.755;0:32.291;301.0;Oliver JARVIS;;LMP2 Pro/Am;;United Autosports;Oreca;GF;35.459;57.755;32.291;
21;3;79;2:06.804;0;;35.597;0;59.095;0;32.112;0;198.8;3:34:43.963;16:34:51.629;0:35.597;0:59.095;0:32.112;301.8;Oliver JARVIS;;LMP2 Pro/Am;;United Autosports;Oreca;GF;35.597;59.095;32.112;
21;3;80;2:05.652;0;;35.535;0;57.974;0;32.143;0;200.7;3:36:49.615;16:36:57.281;0:35.535;0:57.974;0:32.143;301.0;Oliver JARVIS;;LMP2 Pro/Am;;United Autosports;Oreca;GF;35.535;57.974;32.143;
21;3;81;2:05.941;0;;35.572;0;58.304;0;32.065;0;200.2;3:38:55.556;16:39:03.222;0:35.572;0:58.304;0:32.065;300.2;Oliver JARVIS;;LMP2 Pro/Am;;United Autosports;Oreca;GF;35.572;58.304;32.065;
21;3;82;2:06.203;0;;35.391;0;58.444;0;32.368;0;199.8;3:41:01.759;16:41:09.425;0:35.391;0:58.444;0:32.368;302.7;Oliver JARVIS;;LMP2 Pro/Am;;United Autosports;Oreca;GF;35.391;58.444;32.368;
21;3;83;2:14.275;0;B;36.102;0;59.645;0;38.528;0;187.8;3:43:16.034;16:43:23.700;0:36.102;0:59.645;0:38.528;297.7;Oliver JARVIS;;LMP2 Pro/Am;;United Autosports;Oreca;GF;36.102;59.645;38.528;
21;3;84;2:43.159;0;;1:12.365;0;58.445;0;32.349;0;154.5;3:45:59.193;16:46:06.859;1:12.365;0:58.445;0:32.349;297.7;Oliver JARVIS;0:00:47.241;LMP2 Pro/Am;;United Autosports;Oreca;GF;72.365;58.445;32.349;
21;3;85;2:07.215;0;;36.082;0;58.832;0;32.301;0;198.2;3:48:06.408;16:48:14.074;0:36.082;0:58.832;0:32.301;266.2;Oliver JARVIS;;LMP2 Pro/Am;;United Autosports;Oreca;GF;36.082;58.832;32.301;
21;3;86;2:07.211;0;;35.650;0;59.017;0;32.544;0;198.2;3:50:13.619;16:50:21.285;0:35.650;0:59.017;0:32.544;301.0;Oliver JARVIS;;LMP2 Pro/Am;;United Autosports;Oreca;GF;35.650;59.017;32.544;
21;3;87;2:07.919;0;;36.987;0;58.543;0;32.389;0;197.1;3:52:21.538;16:52:29.204;0:36.987;0:58.543;0:32.389;294.5;Oliver JARVIS;;LMP2 Pro/Am;;United Autosports;Oreca;GF;36.987;58.543;32.389;
21;3;88;2:08.402;0;;35.759;0;59.803;0;32.840;0;196.4;3:54:29.940;16:54:37.606;0:35.759;0:59.803;0:32.840;301.0;Oliver JARVIS;;LMP2 Pro/Am;;United Autosports;Oreca;GF;35.759;59.803;32.840;
21;3;89;2:08.397;0;;35.632;0;59.478;0;33.287;0;196.4;3:56:38.337;16:56:46.003;0:35.632;0:59.478;0:33.287;302.7;Oliver JARVIS;;LMP2 Pro/Am;;United Autosports;Oreca;GF;35.632;59.478;33.287;
21;3;90;2:07.285;0;;35.534;0;59.351;0;32.400;0;198.1;3:58:45.622;16:58:53.288;0:35.534;0:59.351;0:32.400;304.4;Oliver JARVIS;;LMP2 Pro/Am;;United Autosports;Oreca;GF;35.534;59.351;32.400;
21;3;91;2:05.716;0;;35.397;0;58.185;0;32.134;0;200.6;4:00:51.338;17:00:59.004;0:35.397;0:58.185;0:32.134;301.8;Oliver JARVIS;;LMP2 Pro/Am;;United Autosports;Oreca;FF;35.397;58.185;32.134;
22;1;1;2:20.554;0;;37.064;0;58.624;0;44.866;0;176.3;2:20.554;13:02:28.220;0:37.064;0:58.624;0:44.866;292.9;Griffin PEEBLES;;LMP2;;United Autosports;Oreca;SF;37.064;58.624;44.866;
22;1;2;4:21.736;0;;1:20.950;0;1:52.767;0;1:08.019;0;96.3;6:42.290;13:06:49.956;1:20.950;1:52.767;1:08.019;;Griffin PEEBLES;;LMP2;;United Autosports;Oreca;SF;80.950;112.767;68.019;
22;1;3;4:19.480;0;;1:29.751;0;1:53.464;0;56.265;0;97.2;11:01.770;13:11:09.436;1:29.751;1:53.464;0:56.265;;Griffin PEEBLES;;LMP2;;United Autosports;Oreca;SF;89.751;113.464;56.265;
22;1;4;3:07.430;0;;58.764;0;1:21.178;0;47.488;0;134.5;14:09.200;13:14:16.866;0:58.764;1:21.178;0:47.488;217.6;Griffin PEEBLES;;LMP2;;United Autosports;Oreca;GF;58.764;81.178;47.488;
22;1;5;2:03.936;0;;35.801;0;56.443;0;31.692;0;203.4;16:13.136;13:16:20.802;0:35.801;0:56.443;0:31.692;293.7;Griffin PEEBLES;;LMP2;;United Autosports;Oreca;GF;35.801;56.443;31.692;
22;1;6;2:02.941;0;;35.404;0;55.858;0;31.679;0;205.1;18:16.077;13:18:23.743;0:35.404;0:55.858;0:31.679;297.7;Griffin PEEBLES;;LMP2;;United Autosports;Oreca;GF;35.404;55.858;31.679;
22;1;7;2:02.596;3;;35.363;0;55.680;3;31.553;0;205.7;20:18.673;13:20:26.339;0:35.363;0:55.680;0:31.553;298.5;Griffin PEEBLES;;LMP2;;United Autosports;Oreca;GF;35.363;55.680;31.553;
22;1;8;2:03.023;0;;35.444;0;56.039;0;31.540;3;205.0;22:21.696;13:22:29.362;0:35.444;0:56.039;0:31.540;298.5;Griffin PEEBLES;;LMP2;;United Autosports;Oreca;GF;35.444;56.039;31.540;
22;1;9;2:03.142;0;;35.396;0;56.030;0;31.716;0;204.8;24:24.838;13:24:32.504;0:35.396;0:56.030;0:31.716;299.3;Griffin PEEBLES;;LMP2;;United Autosports;Oreca;GF;35.396;56.030;31.716;
22;1;10;2:04.037;0;;35.396;0;57.010;0;31.631;0;203.3;26:28.875;13:26:36.541;0:35.396;0:57.010;0:31.631;299.3;Griffin PEEBLES;;LMP2;;United Autosports;Oreca;GF;35.396;57.010;31.631;
22;1;11;2:07.331;0;;36.345;0;58.647;0;32.339;0;198.0;28:36.206;13:28:43.872;0:36.345;0:58.647;0:32.339;290.5;Griffin PEEBLES;;LMP2;;United Autosports;Oreca;GF;36.345;58.647;32.339;
22;1;12;2:05.444;0;;36.392;0;56.841;0;32.211;0;201.0;30:41.650;13:30:49.316;0:36.392;0:56.841;0:32.211;293.7;Griffin PEEBLES;;LMP2;;United Autosports;Oreca;GF;36.392;56.841;32.211;
22;1;13;2:05.443;0;;35.286;0;57.928;0;32.229;0;201.0;32:47.093;13:32:54.759;0:35.286;0:57.928;0:32.229;299.3;Griffin PEEBLES;;LMP2;;United Autosports;Oreca;GF;35.286;57.928;32.229;
22;1;14;2:04.547;0;;35.283;1;57.099;0;32.165;0;202.4;34:51.640;13:34:59.306;0:35.283;0:57.099;0:32.165;300.2;Griffin PEEBLES;;LMP2;;United Autosports;Oreca;GF;35.283;57.099;32.165;
22;1;15;2:06.555;0;;36.312;0;58.359;0;31.884;0;199.2;36:58.195;13:37:05.861;0:36.312;0:58.359;0:31.884;296.1;Griffin PEEBLES;;LMP2;;United Autosports;Oreca;GF;36.312;58.359;31.884;
22;1;16;2:04.389;0;;35.299;0;56.935;0;32.155;0;202.7;39:02.584;13:39:10.250;0:35.299;0:56.935;0:32.155;300.2;Griffin PEEBLES;;LMP2;;United Autosports;Oreca;GF;35.299;56.935;32.155;
22;1;17;3:09.604;0;;35.293;0;1:09.358;0;1:24.953;0;133.0;42:12.188;13:42:19.854;0:35.293;1:09.358;1:24.953;301.8;Griffin PEEBLES;;LMP2;;United Autosports;Oreca;GF;35.293;69.358;84.953;
22;1;18;5:20.004;0;B;1:41.977;0;2:08.825;0;1:29.202;0;78.8;47:32.192;13:47:39.858;1:41.977;2:08.825;1:29.202;;Griffin PEEBLES;;LMP2;;United Autosports;Oreca;GF;101.977;128.825;89.202;
22;1;19;6:17.789;0;;2:43.792;0;2:08.463;0;1:25.534;0;66.7;53:49.981;13:53:57.647;2:43.792;2:08.463;1:25.534;;Griffin PEEBLES;0:01:23.946;LMP2;;United Autosports;Oreca;SF;163.792;128.463;85.534;
22;1;20;4:53.946;0;;1:25.698;0;1:52.312;0;1:35.936;0;85.8;58:43.927;13:58:51.593;1:25.698;1:52.312;1:35.936;;Griffin PEEBLES;;LMP2;;United Autosports;Oreca;SF;85.698;112.312;95.936;
22;1;21;4:14.518;0;;1:22.507;0;1:43.598;0;1:08.413;0;99.1;1:02:58.445;14:03:06.111;1:22.507;1:43.598;1:08.413;;Griffin PEEBLES;;LMP2;;United Autosports;Oreca;SF;82.507;103.598;68.413;
22;1;22;2:58.466;0;;49.005;0;1:20.798;0;48.663;0;141.3;1:05:56.911;14:06:04.577;0:49.005;1:20.798;0:48.663;192.1;Griffin PEEBLES;;LMP2;;United Autosports;Oreca;GF;49.005;80.798;48.663;
22;1;23;2:07.544;0;;35.746;0;57.510;0;34.288;0;197.7;1:08:04.455;14:08:12.121;0:35.746;0:57.510;0:34.288;296.1;Griffin PEEBLES;;LMP2;;United Autosports;Oreca;SF;35.746;57.510;34.288;
22;1;24;4:23.594;0;;1:22.106;0;1:56.731;0;1:04.757;0;95.7;1:12:28.049;14:12:35.715;1:22.106;1:56.731;1:04.757;;Griffin PEEBLES;;LMP2;;United Autosports;Oreca;SF;82.106;116.731;64.757;
22;1;25;3:05.838;0;;47.331;0;1:22.112;0;56.395;0;135.7;1:15:33.887;14:15:41.553;0:47.331;1:22.112;0:56.395;253.2;Griffin PEEBLES;;LMP2;;United Autosports;Oreca;GF;47.331;82.112;56.395;
22;1;26;2:04.914;0;;35.580;0;57.452;0;31.882;0;201.9;1:17:38.801;14:17:46.467;0:35.580;0:57.452;0:31.882;296.9;Griffin PEEBLES;;LMP2;;United Autosports;Oreca;GF;35.580;57.452;31.882;
22;1;27;3:48.745;0;;35.339;0;1:48.302;0;1:25.104;0;110.2;1:21:27.546;14:21:35.212;0:35.339;1:48.302;1:25.104;297.7;Griffin PEEBLES;;LMP2;;United Autosports;Oreca;SF;35.339;108.302;85.104;
22;1;28;3:38.575;0;;1:23.623;0;1:30.114;0;44.838;0;115.4;1:25:06.121;14:25:13.787;1:23.623;1:30.114;0:44.838;;Griffin PEEBLES;;LMP2;;United Autosports;Oreca;SF;83.623;90.114;44.838;
22;1;29;3:01.417;0;;45.181;0;1:26.683;0;49.553;0;139.0;1:28:07.538;14:28:15.204;0:45.181;1:26.683;0:49.553;243.5;Griffin PEEBLES;;LMP2;;United Autosports;Oreca;GF;45.181;86.683;49.553;
22;1;30;2:09.698;0;;35.612;0;57.290;0;36.796;0;194.4;1:30:17.236;14:30:24.902;0:35.612;0:57.290;0:36.796;296.9;Griffin PEEBLES;;LMP2;;United Autosports;Oreca;SF;35.612;57.290;36.796;
22;1;31;4:13.877;0;;1:25.272;0;1:45.980;0;1:02.625;0;99.3;1:34:31.113;14:34:38.779;1:25.272;1:45.980;1:02.625;;Griffin PEEBLES;;LMP2;;United Autosports;Oreca;SF;85.272;105.980;62.625;
22;1;32;4:00.559;0;;1:10.704;0;1:42.768;0;1:07.087;0;104.8;1:38:31.672;14:38:39.338;1:10.704;1:42.768;1:07.087;123.3;Griffin PEEBLES;;LMP2;;United Autosports;Oreca;SF;70.704;102.768;67.087;
22;1;33;3:51.098;0;;1:34.294;0;1:32.680;0;44.124;0;109.1;1:42:22.770;14:42:30.436;1:34.294;1:32.680;0:44.124;;Griffin PEEBLES;;LMP2;;United Autosports;Oreca;SF;94.294;92.680;44.124;
22;1;34;3:07.067;0;;44.593;0;1:35.109;0;47.365;0;134.8;1:45:29.837;14:45:37.503;0:44.593;1:35.109;0:47.365;214.2;Griffin PEEBLES;;LMP2;;United Autosports;Oreca;GF;44.593;95.109;47.365;
22;1;35;2:10.359;0;B;35.579;0;57.096;0;37.684;0;193.4;1:47:40.196;14:47:47.862;0:35.579;0:57.096;0:37.684;296.1;Griffin PEEBLES;;LMP2;;United Autosports;Oreca;GF;35.579;57.096;37.684;
22;2;36;3:11.248;0;;1:37.901;0;1:00.959;0;32.388;0;131.8;1:50:51.444;14:50:59.110;1:37.901;1:00.959;0:32.388;279.3;Grégoire SAUCY;0:01:10.107;LMP2;;United Autosports;Oreca;GF;97.901;60.959;32.388;
22;2;37;2:07.013;0;;35.452;0;59.480;0;32.081;0;198.5;1:52:58.457;14:53:06.123;0:35.452;0:59.480;0:32.081;301.0;Grégoire SAUCY;;LMP2;;United Autosports;Oreca;GF;35.452;59.480;32.081;
22;2;38;2:07.494;0;;35.408;0;59.468;0;32.618;0;197.8;1:55:05.951;14:55:13.617;0:35.408;0:59.468;0:32.618;302.7;Grégoire SAUCY;;LMP2;;United Autosports;Oreca;GF;35.408;59.468;32.618;
22;2;39;2:04.052;0;;35.365;0;56.941;1;31.746;0;203.3;1:57:10.003;14:57:17.669;0:35.365;0:56.941;0:31.746;299.3;Grégoire SAUCY;;LMP2;;United Autosports;Oreca;GF;35.365;56.941;31.746;
22;2;40;2:06.035;0;;35.227;0;58.271;0;32.537;0;200.1;1:59:16.038;14:59:23.704;0:35.227;0:58.271;0:32.537;302.7;Grégoire SAUCY;;LMP2;;United Autosports;Oreca;GF;35.227;58.271;32.537;
22;2;41;2:47.608;0;;44.789;0;1:21.607;0;41.212;0;150.4;2:02:03.646;15:02:11.312;0:44.789;1:21.607;0:41.212;165.9;Grégoire SAUCY;;LMP2;;United Autosports;Oreca;SF;44.789;81.607;41.212;
22;2;42;4:27.160;0;;1:01.398;0;2:07.738;0;1:18.024;0;94.4;2:06:30.806;15:06:38.472;1:01.398;2:07.738;1:18.024;;Grégoire SAUCY;;LMP2;;United Autosports;Oreca;SF;61.398;127.738;78.024;
22;2;43;4:24.315;0;;1:18.791;0;1:39.625;0;1:25.899;0;95.4;2:10:55.121;15:11:02.787;1:18.791;1:39.625;1:25.899;;Grégoire SAUCY;;LMP2;;United Autosports;Oreca;SF;78.791;99.625;85.899;
22;2;44;3:59.755;0;;1:28.654;0;1:27.999;0;1:03.102;0;105.2;2:14:54.876;15:15:02.542;1:28.654;1:27.999;1:03.102;136.3;Grégoire SAUCY;;LMP2;;United Autosports;Oreca;GF;88.654;87.999;63.102;
22;2;45;2:07.932;0;;35.891;0;59.858;0;32.183;0;197.1;2:17:02.808;15:17:10.474;0:35.891;0:59.858;0:32.183;300.2;Grégoire SAUCY;;LMP2;;United Autosports;Oreca;GF;35.891;59.858;32.183;
22;2;46;2:05.846;0;;35.830;0;57.856;0;32.160;0;200.4;2:19:08.654;15:19:16.320;0:35.830;0:57.856;0:32.160;301.8;Grégoire SAUCY;;LMP2;;United Autosports;Oreca;GF;35.830;57.856;32.160;
22;2;47;2:06.991;0;;35.326;0;58.260;0;33.405;0;198.6;2:21:15.645;15:21:23.311;0:35.326;0:58.260;0:33.405;303.5;Grégoire SAUCY;;LMP2;;United Autosports;Oreca;GF;35.326;58.260;33.405;
22;2;48;2:09.898;0;;35.293;0;59.788;0;34.817;0;194.1;2:23:25.543;15:23:33.209;0:35.293;0:59.788;0:34.817;282.2;Grégoire SAUCY;;LMP2;;United Autosports;Oreca;GF;35.293;59.788;34.817;
22;2;49;2:04.957;0;;35.576;0;57.620;0;31.761;0;201.8;2:25:30.500;15:25:38.166;0:35.576;0:57.620;0:31.761;305.2;Grégoire SAUCY;;LMP2;;United Autosports;Oreca;GF;35.576;57.620;31.761;
22;2;50;2:04.614;0;;35.324;0;57.557;0;31.733;1;202.3;2:27:35.114;15:27:42.780;0:35.324;0:57.557;0:31.733;301.0;Grégoire SAUCY;;LMP2;;United Autosports;Oreca;GF;35.324;57.557;31.733;
22;2;51;2:05.770;0;;35.225;2;57.748;0;32.797;0;200.5;2:29:40.884;15:29:48.550;0:35.225;0:57.748;0:32.797;301.8;Grégoire SAUCY;;LMP2;;United Autosports;Oreca;GF;35.225;57.748;32.797;
22;2;52;2:07.037;0;;35.879;0;58.799;0;32.359;0;198.5;2:31:47.921;15:31:55.587;0:35.879;0:58.799;0:32.359;297.7;Grégoire SAUCY;;LMP2;;United Autosports;Oreca;GF;35.879;58.799;32.359;
22;2;53;2:05.133;0;;35.574;0;57.758;0;31.801;0;201.5;2:33:53.054;15:34:00.720;0:35.574;0:57.758;0:31.801;303.5;Grégoire SAUCY;;LMP2;;United Autosports;Oreca;GF;35.574;57.758;31.801;
22;2;54;2:04.582;0;;35.399;0;57.287;0;31.896;0;202.4;2:35:57.636;15:36:05.302;0:35.399;0:57.287;0:31.896;301.8;Grégoire SAUCY;;LMP2;;United Autosports;Oreca;GF;35.399;57.287;31.896;
22;2;55;2:12.724;0;B;35.338;0;58.552;0;38.834;0;190.0;2:38:10.360;15:38:18.026;0:35.338;0:58.552;0:38.834;299.3;Grégoire SAUCY;;LMP2;;United Autosports;Oreca;GF;35.338;58.552;38.834;
22;2;56;2:39.166;0;;1:09.255;0;58.017;0;31.894;0;158.4;2:40:49.526;15:40:57.192;1:09.255;0:58.017;0:31.894;301.0;Grégoire SAUCY;0:00:44.642;LMP2;;United Autosports;Oreca;GF;69.255;58.017;31.894;
22;2;57;2:05.868;0;;35.277;0;58.660;0;31.931;0;200.3;2:42:55.394;15:43:03.060;0:35.277;0:58.660;0:31.931;301.8;Grégoire SAUCY;;LMP2;;United Autosports;Oreca;GF;35.277;58.660;31.931;
22;2;58;2:05.203;0;;35.371;0;57.879;0;31.953;0;201.4;2:45:00.597;15:45:08.263;0:35.371;0:57.879;0:31.953;301.8;Grégoire SAUCY;;LMP2;;United Autosports;Oreca;GF;35.371;57.879;31.953;
22;2;59;2:07.581;0;;35.375;0;59.054;0;33.152;0;197.6;2:47:08.178;15:47:15.844;0:35.375;0:59.054;0:33.152;302.7;Grégoire SAUCY;;LMP2;;United Autosports;Oreca;GF;35.375;59.054;33.152;
22;2;60;2:08.357;0;;35.639;0;1:00.597;0;32.121;0;196.4;2:49:16.535;15:49:24.201;0:35.639;1:00.597;0:32.121;300.2;Grégoire SAUCY;;LMP2;;United Autosports;Oreca;GF;35.639;60.597;32.121;
22;2;61;2:05.331;0;;35.900;0;57.530;0;31.901;0;201.2;2:51:21.866;15:51:29.532;0:35.900;0:57.530;0:31.901;300.2;Grégoire SAUCY;;LMP2;;United Autosports;Oreca;GF;35.900;57.530;31.901;
22;2;62;2:04.981;0;;35.413;0;57.494;0;32.074;0;201.7;2:53:26.847;15:53:34.513;0:35.413;0:57.494;0:32.074;301.8;Grégoire SAUCY;;LMP2;;United Autosports;Oreca;GF;35.413;57.494;32.074;
22;2;63;2:10.909;0;B;35.418;0;57.436;0;38.055;0;192.6;2:55:37.756;15:55:45.422;0:35.418;0:57.436;0:38.055;301.0;Grégoire SAUCY;;LMP2;;United Autosports;Oreca;GF;35.418;57.436;38.055;
22;3;64;3:35.914;0;;2:03.341;0;1:00.259;0;32.314;0;116.8;2:59:13.670;15:59:21.336;2:03.341;1:00.259;0:32.314;266.2;Benjamin HANLEY;0:01:36.165;LMP2;;United Autosports;Oreca;GF;123.341;60.259;32.314;
22;3;65;2:06.675;0;;35.667;0;58.561;0;32.447;0;199.0;3:01:20.345;16:01:28.011;0:35.667;0:58.561;0:32.447;300.2;Benjamin HANLEY;;LMP2;;United Autosports;Oreca;GF;35.667;58.561;32.447;
22;3;66;2:06.559;0;;36.109;0;58.303;0;32.147;0;199.2;3:03:26.904;16:03:34.570;0:36.109;0:58.303;0:32.147;296.9;Benjamin HANLEY;;LMP2;;United Autosports;Oreca;GF;36.109;58.303;32.147;
22;3;67;2:04.410;0;;35.481;0;57.121;1;31.808;0;202.7;3:05:31.314;16:05:38.980;0:35.481;0:57.121;0:31.808;298.5;Benjamin HANLEY;;LMP2;;United Autosports;Oreca;GF;35.481;57.121;31.808;
22;3;68;2:04.233;0;;35.294;0;57.121;0;31.818;0;203.0;3:07:35.547;16:07:43.213;0:35.294;0:57.121;0:31.818;298.5;Benjamin HANLEY;;LMP2;;United Autosports;Oreca;GF;35.294;57.121;31.818;
22;3;69;2:05.258;0;;35.503;0;57.815;0;31.940;0;201.3;3:09:40.805;16:09:48.471;0:35.503;0:57.815;0:31.940;280.7;Benjamin HANLEY;;LMP2;;United Autosports;Oreca;GF;35.503;57.815;31.940;
22;3;70;2:05.232;0;;35.406;0;57.775;0;32.051;0;201.3;3:11:46.037;16:11:53.703;0:35.406;0:57.775;0:32.051;299.3;Benjamin HANLEY;;LMP2;;United Autosports;Oreca;GF;35.406;57.775;32.051;
22;3;71;2:04.892;0;;35.274;0;57.671;0;31.947;0;201.9;3:13:50.929;16:13:58.595;0:35.274;0:57.671;0:31.947;301.0;Benjamin HANLEY;;LMP2;;United Autosports;Oreca;GF;35.274;57.671;31.947;
22;3;72;2:05.484;0;;35.346;0;58.032;0;32.106;0;200.9;3:15:56.413;16:16:04.079;0:35.346;0:58.032;0:32.106;301.0;Benjamin HANLEY;;LMP2;;United Autosports;Oreca;GF;35.346;58.032;32.106;
22;3;73;2:04.269;0;;35.331;0;57.177;0;31.761;0;202.9;3:18:00.682;16:18:08.348;0:35.331;0:57.177;0:31.761;301.0;Benjamin HANLEY;;LMP2;;United Autosports;Oreca;GF;35.331;57.177;31.761;
22;3;74;2:05.703;0;;35.821;0;58.151;0;31.731;1;200.6;3:20:06.385;16:20:14.051;0:35.821;0:58.151;0:31.731;299.3;Benjamin HANLEY;;LMP2;;United Autosports;Oreca;GF;35.821;58.151;31.731;
22;3;75;2:04.584;0;;35.357;0;57.441;0;31.786;0;202.4;3:22:10.969;16:22:18.635;0:35.357;0:57.441;0:31.786;300.2;Benjamin HANLEY;;LMP2;;United Autosports;Oreca;GF;35.357;57.441;31.786;
22;3;76;2:04.668;0;;35.378;0;57.537;0;31.753;0;202.3;3:24:15.637;16:24:23.303;0:35.378;0:57.537;0:31.753;299.3;Benjamin HANLEY;;LMP2;;United Autosports;Oreca;GF;35.378;57.537;31.753;
22;3;77;2:06.008;0;;36.407;0;57.653;0;31.948;0;200.1;3:26:21.645;16:26:29.311;0:36.407;0:57.653;0:31.948;293.7;Benjamin HANLEY;;LMP2;;United Autosports;Oreca;GF;36.407;57.653;31.948;
22;3;78;2:08.031;0;;35.244;1;59.829;0;32.958;0;196.9;3:28:29.676;16:28:37.342;0:35.244;0:59.829;0:32.958;302.7;Benjamin HANLEY;;LMP2;;United Autosports;Oreca;GF;35.244;59.829;32.958;
22;3;79;2:16.926;0;B;35.490;0;1:01.882;0;39.554;0;184.1;3:30:46.602;16:30:54.268;0:35.490;1:01.882;0:39.554;298.5;Benjamin HANLEY;;LMP2;;United Autosports;Oreca;GF;35.490;61.882;39.554;
22;3;80;2:51.381;0;;1:19.727;0;58.991;0;32.663;0;147.1;3:33:37.983;16:33:45.649;1:19.727;0:58.991;0:32.663;297.7;Benjamin HANLEY;0:00:54.645;LMP2;;United Autosports;Oreca;GF;79.727;58.991;32.663;
22;3;81;2:06.254;0;;35.560;0;58.643;0;32.051;0;199.7;3:35:44.237;16:35:51.903;0:35.560;0:58.643;0:32.051;300.2;Benjamin HANLEY;;LMP2;;United Autosports;Oreca;GF;35.560;58.643;32.051;
22;3;82;2:08.444;0;;35.530;0;1:00.253;0;32.661;0;196.3;3:37:52.681;16:38:00.347;0:35.530;1:00.253;0:32.661;297.7;Benjamin HANLEY;;LMP2;;United Autosports;Oreca;GF;35.530;60.253;32.661;
22;3;83;2:07.339;0;;35.510;0;59.575;0;32.254;0;198.0;3:40:00.020;16:40:07.686;0:35.510;0:59.575;0:32.254;297.7;Benjamin HANLEY;;LMP2;;United Autosports;Oreca;GF;35.510;59.575;32.254;
22;3;84;2:07.178;0;;35.686;0;59.374;0;32.118;0;198.3;3:42:07.198;16:42:14.864;0:35.686;0:59.374;0:32.118;291.3;Benjamin HANLEY;;LMP2;;United Autosports;Oreca;GF;35.686;59.374;32.118;
22;3;85;2:07.478;0;;36.390;0;58.761;0;32.327;0;197.8;3:44:14.676;16:44:22.342;0:36.390;0:58.761;0:32.327;296.9;Benjamin HANLEY;;LMP2;;United Autosports;Oreca;GF;36.390;58.761;32.327;
22;3;86;2:08.211;0;;35.886;0;1:00.007;0;32.318;0;196.7;3:46:22.887;16:46:30.553;0:35.886;1:00.007;0:32.318;300.2;Benjamin HANLEY;;LMP2;;United Autosports;Oreca;GF;35.886;60.007;32.318;
22;3;87;2:06.496;0;;35.468;0;58.674;0;32.354;0;199.3;3:48:29.383;16:48:37.049;0:35.468;0:58.674;0:32.354;301.0;Benjamin HANLEY;;LMP2;;United Autosports;Oreca;GF;35.468;58.674;32.354;
22;3;88;2:06.292;0;;35.956;0;58.328;0;32.008;0;199.6;3:50:35.675;16:50:43.341;0:35.956;0:58.328;0:32.008;299.3;Benjamin HANLEY;;LMP2;;United Autosports;Oreca;GF;35.956;58.328;32.008;
22;3;89;2:06.262;0;;35.491;0;58.704;0;32.067;0;199.7;3:52:41.937;16:52:49.603;0:35.491;0:58.704;0:32.067;298.5;Benjamin HANLEY;;LMP2;;United Autosports;Oreca;GF;35.491;58.704;32.067;
22;3;90;2:06.671;0;;35.418;0;59.065;0;32.188;0;199.1;3:54:48.608;16:54:56.274;0:35.418;0:59.065;0:32.188;300.2;Benjamin HANLEY;;LMP2;;United Autosports;Oreca;GF;35.418;59.065;32.188;
22;3;91;2:07.272;0;;35.511;0;58.960;0;32.801;0;198.1;3:56:55.880;16:57:03.546;0:35.511;0:58.960;0:32.801;299.3;Benjamin HANLEY;;LMP2;;United Autosports;Oreca;GF;35.511;58.960;32.801;
22;3;92;2:07.895;0;;35.470;0;59.665;0;32.760;0;197.1;3:59:03.775;16:59:11.441;0:35.470;0:59.665;0:32.760;301.8;Benjamin HANLEY;;LMP2;;United Autosports;Oreca;GF;35.470;59.665;32.760;
22;3;93;2:06.541;0;;35.572;0;58.818;0;32.151;0;199.3;4:01:10.316;17:01:17.982;0:35.572;0:58.818;0:32.151;301.8;Benjamin HANLEY;;LMP2;;United Autosports;Oreca;FF;35.572;58.818;32.151;
23;1;1;3:13.912;0;;59.468;0;1:16.622;0;57.822;0;127.8;3:13.912;13:03:21.578;0:59.468;1:16.622;0:57.822;200.3;Michael BIRCH;;LMGT3;;United Autosports;McLaren;SF;59.468;76.622;57.822;
23;1;2;4:19.362;0;;1:42.540;0;1:43.941;0;52.881;0;97.2;7:33.274;13:07:40.940;1:42.540;1:43.941;0:52.881;;Michael BIRCH;;LMGT3;;United Autosports;McLaren;SF;102.540;103.941;52.881;
23;1;3;4:22.191;0;;1:56.754;0;1:37.564;0;47.873;0;96.2;11:55.465;13:12:03.131;1:56.754;1:37.564;0:47.873;;Michael BIRCH;;LMGT3;;United Autosports;McLaren;SF;116.754;97.564;47.873;
23;1;4;2:45.893;0;;54.792;0;1:10.987;0;40.114;0;152.0;14:41.358;13:14:49.024;0:54.792;1:10.987;0:40.114;;Michael BIRCH;;LMGT3;;United Autosports;McLaren;GF;54.792;70.987;40.114;
23;1;5;2:25.111;0;;41.090;0;1:06.969;0;37.052;0;173.8;17:06.469;13:17:14.135;0:41.090;1:06.969;0:37.052;245.2;Michael BIRCH;;LMGT3;;United Autosports;McLaren;GF;41.090;66.969;37.052;
23;1;6;2:23.810;0;;41.187;0;1:06.080;0;36.543;0;175.3;19:30.279;13:19:37.945;0:41.187;1:06.080;0:36.543;258.6;Michael BIRCH;;LMGT3;;United Autosports;McLaren;GF;41.187;66.080;36.543;
23;1;7;2:24.552;0;;40.660;0;1:07.134;0;36.758;0;174.4;21:54.831;13:22:02.497;0:40.660;1:07.134;0:36.758;258.0;Michael BIRCH;;LMGT3;;United Autosports;McLaren;GF;40.660;67.134;36.758;
23;1;8;2:24.562;0;;40.859;0;1:06.801;0;36.902;0;174.4;24:19.393;13:24:27.059;0:40.859;1:06.801;0:36.902;249.1;Michael BIRCH;;LMGT3;;United Autosports;McLaren;GF;40.859;66.801;36.902;
23;1;9;2:24.717;0;;41.309;0;1:05.908;1;37.500;0;174.2;26:44.110;13:26:51.776;0:41.309;1:05.908;0:37.500;256.2;Michael BIRCH;;LMGT3;;United Autosports;McLaren;GF;41.309;65.908;37.500;
23;1;10;2:25.644;0;;41.914;0;1:07.372;0;36.358;1;173.1;29:09.754;13:29:17.420;0:41.914;1:07.372;0:36.358;255.6;Michael BIRCH;;LMGT3;;United Autosports;McLaren;GF;41.914;67.372;36.358;
23;1;11;2:26.847;0;;41.102;0;1:08.727;0;37.018;0;171.7;31:36.601;13:31:44.267;0:41.102;1:08.727;0:37.018;258.0;Michael BIRCH;;LMGT3;;United Autosports;McLaren;GF;41.102;68.727;37.018;
23;1;12;2:23.638;0;;40.660;0;1:06.495;0;36.483;0;175.5;34:00.239;13:34:07.905;0:40.660;1:06.495;0:36.483;259.2;Michael BIRCH;;LMGT3;;United Autosports;McLaren;GF;40.660;66.495;36.483;
23;1;13;2:24.439;0;;40.832;0;1:06.825;0;36.782;0;174.6;36:24.678;13:36:32.344;0:40.832;1:06.825;0:36.782;258.6;Michael BIRCH;;LMGT3;;United Autosports;McLaren;GF;40.832;66.825;36.782;
23;1;14;2:27.722;0;;41.963;0;1:08.039;0;37.720;0;170.7;38:52.400;13:39:00.066;0:41.963;1:08.039;0:37.720;253.2;Michael BIRCH;;LMGT3;;United Autosports;McLaren;GF;41.963;68.039;37.720;
23;1;15;3:27.092;0;;41.432;0;1:20.218;0;1:25.442;0;121.8;42:19.492;13:42:27.158;0:41.432;1:20.218;1:25.442;256.2;Michael BIRCH;;LMGT3;;United Autosports;McLaren;GF;41.432;80.218;85.442;
23;1;16;5:22.741;0;B;1:41.831;0;2:09.384;0;1:31.526;0;78.1;47:42.233;13:47:49.899;1:41.831;2:09.384;1:31.526;;Michael BIRCH;;LMGT3;;United Autosports;McLaren;GF;101.831;129.384;91.526;
23;1;17;6:09.928;0;;2:40.273;0;2:02.880;0;1:26.775;0;68.2;53:52.161;13:53:59.827;2:40.273;2:02.880;1:26.775;;Michael BIRCH;0:01:18.218;LMGT3;;United Autosports;McLaren;SF;160.273;122.880;86.775;
23;1;18;4:27.085;0;;1:24.726;0;1:52.318;0;1:10.041;0;94.4;58:19.246;13:58:26.912;1:24.726;1:52.318;1:10.041;;Michael BIRCH;;LMGT3;;United Autosports;McLaren;SF;84.726;112.318;70.041;
23;1;19;2:31.410;0;;44.407;0;1:09.178;0;37.825;0;166.5;1:00:50.656;14:00:58.322;0:44.407;1:09.178;0:37.825;243.0;Michael BIRCH;;LMGT3;;United Autosports;McLaren;SF;44.407;69.178;37.825;
23;1;20;2:55.718;0;;42.663;0;1:08.784;0;1:04.271;0;143.5;1:03:46.374;14:03:54.040;0:42.663;1:08.784;1:04.271;250.8;Michael BIRCH;;LMGT3;;United Autosports;McLaren;SF;42.663;68.784;64.271;
23;1;21;2:39.574;0;;46.858;0;1:09.044;0;43.672;0;158.0;1:06:25.948;14:06:33.614;0:46.858;1:09.044;0:43.672;223.9;Michael BIRCH;;LMGT3;;United Autosports;McLaren;GF;46.858;69.044;43.672;
23;1;22;2:34.836;0;;40.364;1;1:09.486;0;44.986;0;162.8;1:09:00.784;14:09:08.450;0:40.364;1:09.486;0:44.986;264.9;Michael BIRCH;;LMGT3;;United Autosports;McLaren;SF;40.364;69.486;44.986;
23;1;23;4:21.199;0;;1:15.936;0;1:54.275;0;1:10.988;0;96.5;1:13:21.983;14:13:29.649;1:15.936;1:54.275;1:10.988;152.4;Michael BIRCH;;LMGT3;;United Autosports;McLaren;SF;75.936;114.275;70.988;
23;1;24;2:35.875;0;;46.299;0;1:08.818;0;40.758;0;161.8;1:15:57.858;14:16:05.524;0:46.299;1:08.818;0:40.758;218.9;Michael BIRCH;;LMGT3;;United Autosports;McLaren;GF;46.299;68.818;40.758;
23;1;25;2:25.733;0;;41.280;0;1:07.733;0;36.720;0;173.0;1:18:23.591;14:18:31.257;0:41.280;1:07.733;0:36.720;262.4;Michael BIRCH;;LMGT3;;United Autosports;McLaren;GF;41.280;67.733;36.720;
23;1;26;3:42.391;0;;45.501;0;1:25.779;0;1:31.111;0;113.4;1:22:05.982;14:22:13.648;0:45.501;1:25.779;1:31.111;210.0;Michael BIRCH;;LMGT3;;United Autosports;McLaren;SF;45.501;85.779;91.111;
23;1;27;3:33.782;0;;1:23.657;0;1:27.765;0;42.360;0;117.9;1:25:39.764;14:25:47.430;1:23.657;1:27.765;0:42.360;;Michael BIRCH;;LMGT3;;United Autosports;McLaren;SF;83.657;87.765;42.360;
23;1;28;2:48.186;0;;45.726;0;1:16.350;0;46.110;0;149.9;1:28:27.950;14:28:35.616;0:45.726;1:16.350;0:46.110;238.7;Michael BIRCH;;LMGT3;;United Autosports;McLaren;GF;45.726;76.350;46.110;
23;1;29;2:39.873;0;;42.148;0;1:10.970;0;46.755;0;157.7;1:31:07.823;14:31:15.489;0:42.148;1:10.970;0:46.755;258.0;Michael BIRCH;;LMGT3;;United Autosports;McLaren;SF;42.148;70.970;46.755;
23;1;30;3:59.760;0;;1:16.894;0;1:42.889;0;59.977;0;105.2;1:35:07.583;14:35:15.249;1:16.894;1:42.889;0:59.977;;Michael BIRCH;;LMGT3;;United Autosports;McLaren;SF;76.894;102.889;59.977;
23;1;31;4:03.680;0;;1:16.715;0;1:35.698;0;1:11.267;0;103.5;1:39:11.263;14:39:18.929;1:16.715;1:35.698;1:11.267;145.1;Michael BIRCH;;LMGT3;;United Autosports;McLaren;SF;76.715;95.698;71.267;
23;1;32;3:51.939;0;;1:40.873;0;1:19.017;0;52.049;0;108.7;1:43:03.202;14:43:10.868;1:40.873;1:19.017;0:52.049;123.8;Michael BIRCH;;LMGT3;;United Autosports;McLaren;SF;100.873;79.017;52.049;
23;1;33;2:52.312;0;;47.126;0;1:22.354;0;42.832;0;146.3;1:45:55.514;14:46:03.180;0:47.126;1:22.354;0:42.832;178.2;Michael BIRCH;;LMGT3;;United Autosports;McLaren;GF;47.126;82.354;42.832;
23;1;34;2:34.768;0;B;41.152;0;1:08.914;0;44.702;0;162.9;1:48:30.282;14:48:37.948;0:41.152;1:08.914;0:44.702;252.0;Michael BIRCH;;LMGT3;;United Autosports;McLaren;GF;41.152;68.914;44.702;
23;3;35;3:06.066;0;;1:25.713;0;1:04.481;0;35.872;0;135.5;1:51:36.348;14:51:44.014;1:25.713;1:04.481;0:35.872;256.8;Wayne BOYD;0:00:56.658;LMGT3;;United Autosports;McLaren;GF;85.713;64.481;35.872;
23;3;36;2:18.971;2;;39.779;0;1:03.540;2;35.652;2;181.4;1:53:55.319;14:54:02.985;0:39.779;1:03.540;0:35.652;260.5;Wayne BOYD;;LMGT3;;United Autosports;McLaren;GF;39.779;63.540;35.652;
23;3;37;2:19.888;0;;39.894;0;1:03.959;0;36.035;0;180.2;1:56:15.207;14:56:22.873;0:39.894;1:03.959;0:36.035;260.5;Wayne BOYD;;LMGT3;;United Autosports;McLaren;GF;39.894;63.959;36.035;
23;3;38;2:20.507;0;;39.952;0;1:04.647;0;35.908;0;179.5;1:58:35.714;14:58:43.380;0:39.952;1:04.647;0:35.908;261.1;Wayne BOYD;;LMGT3;;United Autosports;McLaren;GF;39.952;64.647;35.908;
23;3;39;2:46.398;0;;39.857;0;1:13.568;0;52.973;0;151.5;2:01:22.112;15:01:29.778;0:39.857;1:13.568;0:52.973;261.1;Wayne BOYD;;LMGT3;;United Autosports;McLaren;SF;39.857;73.568;52.973;
23;3;40;4:59.939;0;;1:35.780;0;2:08.482;0;1:15.677;0;84.1;2:06:22.051;15:06:29.717;1:35.780;2:08.482;1:15.677;;Wayne BOYD;;LMGT3;;United Autosports;McLaren;SF;95.780;128.482;75.677;
23;3;41;4:04.921;0;;1:18.450;0;1:42.596;0;1:03.875;0;102.9;2:10:26.972;15:10:34.638;1:18.450;1:42.596;1:03.875;;Wayne BOYD;;LMGT3;;United Autosports;McLaren;SF;78.450;102.596;63.875;
23;3;42;2:36.691;0;;46.319;0;1:11.142;0;39.230;0;160.9;2:13:03.663;15:13:11.329;0:46.319;1:11.142;0:39.230;200.3;Wayne BOYD;;LMGT3;;United Autosports;McLaren;SF;46.319;71.142;39.230;
23;3;43;2:23.333;0;;42.953;0;1:04.696;0;35.684;0;175.9;2:15:26.996;15:15:34.662;0:42.953;1:04.696;0:35.684;218.5;Wayne BOYD;;LMGT3;;United Autosports;McLaren;GF;42.953;64.696;35.684;
23;3;44;2:20.022;0;;39.681;2;1:04.204;0;36.137;0;180.1;2:17:47.018;15:17:54.684;0:39.681;1:04.204;0:36.137;262.4;Wayne BOYD;;LMGT3;;United Autosports;McLaren;GF;39.681;64.204;36.137;
23;3;45;2:20.776;0;;39.799;0;1:05.125;0;35.852;0;179.1;2:20:07.794;15:20:15.460;0:39.799;1:05.125;0:35.852;263.6;Wayne BOYD;;LMGT3;;United Autosports;McLaren;GF;39.799;65.125;35.852;
23;3;46;2:19.125;0;;39.743;0;1:03.672;0;35.710;0;181.2;2:22:26.919;15:22:34.585;0:39.743;1:03.672;0:35.710;261.7;Wayne BOYD;;LMGT3;;United Autosports;McLaren;GF;39.743;63.672;35.710;
23;3;47;2:19.149;0;;39.809;0;1:03.618;0;35.722;0;181.2;2:24:46.068;15:24:53.734;0:39.809;1:03.618;0:35.722;260.5;Wayne BOYD;;LMGT3;;United Autosports;McLaren;GF;39.809;63.618;35.722;
23;3;48;2:19.568;0;;40.020;0;1:03.793;0;35.755;0;180.7;2:27:05.636;15:27:13.302;0:40.020;1:03.793;0:35.755;259.2;Wayne BOYD;;LMGT3;;United Autosports;McLaren;GF;40.020;63.793;35.755;
23;3;49;2:19.973;0;;39.927;0;1:04.224;0;35.822;0;180.1;2:29:25.609;15:29:33.275;0:39.927;1:04.224;0:35.822;259.2;Wayne BOYD;;LMGT3;;United Autosports;McLaren;GF;39.927;64.224;35.822;
23;3;50;2:21.335;0;;39.973;0;1:05.048;0;36.314;0;178.4;2:31:46.944;15:31:54.610;0:39.973;1:05.048;0:36.314;259.9;Wayne BOYD;;LMGT3;;United Autosports;McLaren;GF;39.973;65.048;36.314;
23;3;51;2:21.077;0;;40.082;0;1:05.083;0;35.912;0;178.7;2:34:08.021;15:34:15.687;0:40.082;1:05.083;0:35.912;261.1;Wayne BOYD;;LMGT3;;United Autosports;McLaren;GF;40.082;65.083;35.912;
23;3;52;2:21.571;0;;39.852;0;1:05.312;0;36.407;0;178.1;2:36:29.592;15:36:37.258;0:39.852;1:05.312;0:36.407;261.1;Wayne BOYD;;LMGT3;;United Autosports;McLaren;GF;39.852;65.312;36.407;
23;3;53;2:20.638;0;;40.139;0;1:04.551;0;35.948;0;179.3;2:38:50.230;15:38:57.896;0:40.139;1:04.551;0:35.948;260.5;Wayne BOYD;;LMGT3;;United Autosports;McLaren;GF;40.139;64.551;35.948;
23;3;54;2:20.957;0;;39.792;0;1:05.024;0;36.141;0;178.9;2:41:11.187;15:41:18.853;0:39.792;1:05.024;0:36.141;260.5;Wayne BOYD;;LMGT3;;United Autosports;McLaren;GF;39.792;65.024;36.141;
23;3;55;2:21.758;0;;39.779;0;1:06.015;0;35.964;0;177.9;2:43:32.945;15:43:40.611;0:39.779;1:06.015;0:35.964;261.7;Wayne BOYD;;LMGT3;;United Autosports;McLaren;GF;39.779;66.015;35.964;
23;3;56;2:21.303;0;;39.825;0;1:05.455;0;36.023;0;178.4;2:45:54.248;15:46:01.914;0:39.825;1:05.455;0:36.023;263.0;Wayne BOYD;;LMGT3;;United Autosports;McLaren;GF;39.825;65.455;36.023;
23;3;57;2:20.739;0;;39.871;0;1:04.782;0;36.086;0;179.2;2:48:14.987;15:48:22.653;0:39.871;1:04.782;0:36.086;260.5;Wayne BOYD;;LMGT3;;United Autosports;McLaren;GF;39.871;64.782;36.086;
23;3;58;2:27.318;0;B;40.294;0;1:05.127;0;41.897;0;171.2;2:50:42.305;15:50:49.971;0:40.294;1:05.127;0:41.897;258.6;Wayne BOYD;;LMGT3;;United Autosports;McLaren;GF;40.294;65.127;41.897;
23;2;59;3:46.678;0;;2:03.789;0;1:06.506;0;36.383;0;111.2;2:54:28.983;15:54:36.649;2:03.789;1:06.506;0:36.383;245.7;Garnet PATTERSON;0:01:32.693;LMGT3;;United Autosports;McLaren;GF;123.789;66.506;36.383;
23;2;60;2:21.728;0;;40.782;0;1:04.673;0;36.273;0;177.9;2:56:50.711;15:56:58.377;0:40.782;1:04.673;0:36.273;258.6;Garnet PATTERSON;;LMGT3;;United Autosports;McLaren;GF;40.782;64.673;36.273;
23;2;61;2:21.568;0;;40.291;1;1:04.966;0;36.311;0;178.1;2:59:12.279;15:59:19.945;0:40.291;1:04.966;0:36.311;257.4;Garnet PATTERSON;;LMGT3;;United Autosports;McLaren;GF;40.291;64.966;36.311;
23;2;62;2:21.531;0;;40.297;0;1:04.559;1;36.675;0;178.2;3:01:33.810;16:01:41.476;0:40.297;1:04.559;0:36.675;258.6;Garnet PATTERSON;;LMGT3;;United Autosports;McLaren;GF;40.297;64.559;36.675;
23;2;63;2:21.658;0;;40.294;0;1:05.223;0;36.141;0;178.0;3:03:55.468;16:04:03.134;0:40.294;1:05.223;0:36.141;257.4;Garnet PATTERSON;;LMGT3;;United Autosports;McLaren;GF;40.294;65.223;36.141;
23;2;64;2:22.006;0;;40.991;0;1:05.097;0;35.918;1;177.6;3:06:17.474;16:06:25.140;0:40.991;1:05.097;0:35.918;259.2;Garnet PATTERSON;;LMGT3;;United Autosports;McLaren;GF;40.991;65.097;35.918;
23;2;65;2:21.507;0;;40.302;0;1:04.985;0;36.220;0;178.2;3:08:38.981;16:08:46.647;0:40.302;1:04.985;0:36.220;258.6;Garnet PATTERSON;;LMGT3;;United Autosports;McLaren;GF;40.302;64.985;36.220;
23;2;66;2:28.059;0;B;40.275;0;1:05.412;0;42.372;0;170.3;3:11:07.040;16:11:14.706;0:40.275;1:05.412;0:42.372;258.6;Garnet PATTERSON;;LMGT3;;United Autosports;McLaren;GF;40.275;65.412;42.372;
23;2;67;2:54.013;0;;1:12.180;0;1:05.144;0;36.689;0;144.9;3:14:01.053;16:14:08.719;1:12.180;1:05.144;0:36.689;251.4;Garnet PATTERSON;0:00:43.130;LMGT3;;United Autosports;McLaren;GF;72.180;65.144;36.689;
23;2;68;2:22.705;0;;40.529;0;1:05.615;0;36.561;0;176.7;3:16:23.758;16:16:31.424;0:40.529;1:05.615;0:36.561;259.2;Garnet PATTERSON;;LMGT3;;United Autosports;McLaren;GF;40.529;65.615;36.561;
23;2;69;2:22.546;0;;40.492;0;1:05.161;0;36.893;0;176.9;3:18:46.304;16:18:53.970;0:40.492;1:05.161;0:36.893;259.2;Garnet PATTERSON;;LMGT3;;United Autosports;McLaren;GF;40.492;65.161;36.893;
23;2;70;2:23.057;0;;40.695;0;1:05.469;0;36.893;0;176.3;3:21:09.361;16:21:17.027;0:40.695;1:05.469;0:36.893;259.2;Garnet PATTERSON;;LMGT3;;United Autosports;McLaren;GF;40.695;65.469;36.893;
23;2;71;2:23.684;0;;40.740;0;1:06.184;0;36.760;0;175.5;3:23:33.045;16:23:40.711;0:40.740;1:06.184;0:36.760;258.0;Garnet PATTERSON;;LMGT3;;United Autosports;McLaren;GF;40.740;66.184;36.760;
23;2;72;2:23.769;0;;41.320;0;1:05.408;0;37.041;0;175.4;3:25:56.814;16:26:04.480;0:41.320;1:05.408;0:37.041;253.2;Garnet PATTERSON;;LMGT3;;United Autosports;McLaren;GF;41.320;65.408;37.041;
23;2;73;2:23.603;0;;40.802;0;1:05.563;0;37.238;0;175.6;3:28:20.417;16:28:28.083;0:40.802;1:05.563;0:37.238;257.4;Garnet PATTERSON;;LMGT3;;United Autosports;McLaren;GF;40.802;65.563;37.238;
23;2;74;2:23.978;0;;41.124;0;1:06.092;0;36.762;0;175.1;3:30:44.395;16:30:52.061;0:41.124;1:06.092;0:36.762;252.6;Garnet PATTERSON;;LMGT3;;United Autosports;McLaren;GF;41.124;66.092;36.762;
23;2;75;2:23.942;0;;41.230;0;1:05.974;0;36.738;0;175.2;3:33:08.337;16:33:16.003;0:41.230;1:05.974;0:36.738;255.6;Garnet PATTERSON;;LMGT3;;United Autosports;McLaren;GF;41.230;65.974;36.738;
23;2;76;2:25.047;0;;41.157;0;1:05.814;0;38.076;0;173.8;3:35:33.384;16:35:41.050;0:41.157;1:05.814;0:38.076;253.2;Garnet PATTERSON;;LMGT3;;United Autosports;McLaren;GF;41.157;65.814;38.076;
23;2;77;2:24.445;0;;41.085;0;1:06.347;0;37.013;0;174.6;3:37:57.829;16:38:05.495;0:41.085;1:06.347;0:37.013;259.9;Garnet PATTERSON;;LMGT3;;United Autosports;McLaren;GF;41.085;66.347;37.013;
23;2;78;2:23.667;0;;40.981;0;1:05.740;0;36.946;0;175.5;3:40:21.496;16:40:29.162;0:40.981;1:05.740;0:36.946;252.0;Garnet PATTERSON;;LMGT3;;United Autosports;McLaren;GF;40.981;65.740;36.946;
23;2;79;2:24.980;0;;41.024;0;1:06.688;0;37.268;0;173.9;3:42:46.476;16:42:54.142;0:41.024;1:06.688;0:37.268;250.3;Garnet PATTERSON;;LMGT3;;United Autosports;McLaren;GF;41.024;66.688;37.268;
23;2;80;2:24.129;0;;41.108;0;1:06.167;0;36.854;0;174.9;3:45:10.605;16:45:18.271;0:41.108;1:06.167;0:36.854;253.2;Garnet PATTERSON;;LMGT3;;United Autosports;McLaren;GF;41.108;66.167;36.854;
23;2;81;2:24.657;0;;41.251;0;1:06.083;0;37.323;0;174.3;3:47:35.262;16:47:42.928;0:41.251;1:06.083;0:37.323;252.0;Garnet PATTERSON;;LMGT3;;United Autosports;McLaren;GF;41.251;66.083;37.323;
23;2;82;2:24.373;0;;41.301;0;1:06.123;0;36.949;0;174.6;3:49:59.635;16:50:07.301;0:41.301;1:06.123;0:36.949;250.8;Garnet PATTERSON;;LMGT3;;United Autosports;McLaren;GF;41.301;66.123;36.949;
23;2;83;2:24.914;0;;41.442;0;1:06.568;0;36.904;0;174.0;3:52:24.549;16:52:32.215;0:41.442;1:06.568;0:36.904;249.7;Garnet PATTERSON;;LMGT3;;United Autosports;McLaren;GF;41.442;66.568;36.904;
23;2;84;2:25.221;0;;41.382;0;1:06.715;0;37.124;0;173.6;3:54:49.770;16:54:57.436;0:41.382;1:06.715;0:37.124;249.1;Garnet PATTERSON;;LMGT3;;United Autosports;McLaren;GF;41.382;66.715;37.124;
23;2;85;2:23.898;0;;41.180;0;1:05.927;0;36.791;0;175.2;3:57:13.668;16:57:21.334;0:41.180;1:05.927;0:36.791;253.2;Garnet PATTERSON;;LMGT3;;United Autosports;McLaren;GF;41.180;65.927;36.791;
23;2;86;2:24.390;0;;41.184;0;1:05.954;0;37.252;0;174.6;3:59:38.058;16:59:45.724;0:41.184;1:05.954;0:37.252;252.0;Garnet PATTERSON;;LMGT3;;United Autosports;McLaren;GF;41.184;65.954;37.252;
23;2;87;2:25.465;0;;41.352;0;1:06.507;0;37.606;0;173.3;4:02:03.523;17:02:11.189;0:41.352;1:06.507;0:37.606;253.2;Garnet PATTERSON;;LMGT3;;United Autosports;McLaren;FF;41.352;66.507;37.606;
24;2;1;2:38.020;0;;38.575;0;1:05.578;0;53.867;0;156.8;2:38.020;13:02:45.686;0:38.575;1:05.578;0:53.867;293.7;Roy NISSANY;;LMP2;;Nielsen Racing;Oreca;SF;38.575;65.578;53.867;
24;2;2;4:15.629;0;;1:16.815;0;1:50.224;0;1:08.590;0;98.6;6:53.649;13:07:01.315;1:16.815;1:50.224;1:08.590;;Roy NISSANY;;LMP2;;Nielsen Racing;Oreca;SF;76.815;110.224;68.590;
24;2;3;4:20.801;0;;1:31.920;0;1:51.560;0;57.321;0;96.7;11:14.450;13:11:22.116;1:31.920;1:51.560;0:57.321;;Roy NISSANY;;LMP2;;Nielsen Racing;Oreca;SF;91.920;111.560;57.321;
24;2;4;3:03.057;0;;1:00.294;0;1:14.349;0;48.414;0;137.7;14:17.507;13:14:25.173;1:00.294;1:14.349;0:48.414;143.0;Roy NISSANY;;LMP2;;Nielsen Racing;Oreca;GF;60.294;74.349;48.414;
24;2;5;2:07.432;0;;35.854;0;58.956;0;32.622;0;197.9;16:24.939;13:16:32.605;0:35.854;0:58.956;0:32.622;302.7;Roy NISSANY;;LMP2;;Nielsen Racing;Oreca;GF;35.854;58.956;32.622;
24;2;6;2:07.251;0;;35.777;0;59.266;0;32.208;0;198.1;18:32.190;13:18:39.856;0:35.777;0:59.266;0:32.208;302.7;Roy NISSANY;;LMP2;;Nielsen Racing;Oreca;GF;35.777;59.266;32.208;
24;2;7;2:07.475;0;;35.860;0;59.037;0;32.578;0;197.8;20:39.665;13:20:47.331;0:35.860;0:59.037;0:32.578;278.6;Roy NISSANY;;LMP2;;Nielsen Racing;Oreca;GF;35.860;59.037;32.578;
24;2;8;2:05.762;0;;36.081;0;57.689;0;31.992;0;200.5;22:45.427;13:22:53.093;0:36.081;0:57.689;0:31.992;301.0;Roy NISSANY;;LMP2;;Nielsen Racing;Oreca;GF;36.081;57.689;31.992;
24;2;9;2:05.160;0;;35.579;0;57.401;1;32.180;0;201.5;24:50.587;13:24:58.253;0:35.579;0:57.401;0:32.180;298.5;Roy NISSANY;;LMP2;;Nielsen Racing;Oreca;GF;35.579;57.401;32.180;
24;2;10;2:04.894;0;;35.543;1;57.412;0;31.939;1;201.9;26:55.481;13:27:03.147;0:35.543;0:57.412;0:31.939;299.3;Roy NISSANY;;LMP2;;Nielsen Racing;Oreca;GF;35.543;57.412;31.939;
24;2;11;2:07.976;0;;35.573;0;59.961;0;32.442;0;197.0;29:03.457;13:29:11.123;0:35.573;0:59.961;0:32.442;299.3;Roy NISSANY;;LMP2;;Nielsen Racing;Oreca;GF;35.573;59.961;32.442;
24;2;12;2:15.942;0;B;35.644;0;59.824;0;40.474;0;185.5;31:19.399;13:31:27.065;0:35.644;0:59.824;0:40.474;298.5;Roy NISSANY;;LMP2;;Nielsen Racing;Oreca;GF;35.644;59.824;40.474;
24;2;13;2:50.985;0;;1:19.745;0;58.904;0;32.336;0;147.5;34:10.384;13:34:18.050;1:19.745;0:58.904;0:32.336;296.1;Roy NISSANY;0:00:54.530;LMP2;;Nielsen Racing;Oreca;GF;79.745;58.904;32.336;
24;2;14;2:07.749;0;;35.793;0;59.356;0;32.600;0;197.4;36:18.133;13:36:25.799;0:35.793;0:59.356;0:32.600;299.3;Roy NISSANY;;LMP2;;Nielsen Racing;Oreca;GF;35.793;59.356;32.600;
24;2;15;2:09.324;0;;35.591;0;58.631;0;35.102;0;195.0;38:27.457;13:38:35.123;0:35.591;0:58.631;0:35.102;301.0;Roy NISSANY;;LMP2;;Nielsen Racing;Oreca;GF;35.591;58.631;35.102;
24;2;16;2:17.148;0;;35.855;0;59.912;0;41.381;0;183.8;40:44.605;13:40:52.271;0:35.855;0:59.912;0:41.381;302.7;Roy NISSANY;;LMP2;;Nielsen Racing;Oreca;GF;35.855;59.912;41.381;
24;2;17;5:22.568;0;B;1:43.860;0;2:08.969;0;1:29.739;0;78.2;46:07.173;13:46:14.839;1:43.860;2:08.969;1:29.739;;Roy NISSANY;;LMP2;;Nielsen Racing;Oreca;GF;103.860;128.969;89.739;
24;2;18;5:33.299;0;;1:58.752;0;2:08.363;0;1:26.184;0;75.7;51:40.472;13:51:48.138;1:58.752;2:08.363;1:26.184;;Roy NISSANY;0:00:38.640;LMP2;;Nielsen Racing;Oreca;GF;118.752;128.363;86.184;
24;2;19;2:47.103;0;;58.518;0;1:09.549;0;39.036;0;150.9;54:27.575;13:54:35.241;0:58.518;1:09.549;0:39.036;194.9;Roy NISSANY;;LMP2;;Nielsen Racing;Oreca;SF;58.518;69.549;39.036;
24;2;20;4:35.954;0;;1:16.901;0;1:44.672;0;1:34.381;0;91.4;59:03.529;13:59:11.195;1:16.901;1:44.672;1:34.381;155.2;Roy NISSANY;;LMP2;;Nielsen Racing;Oreca;SF;76.901;104.672;94.381;
24;2;21;4:16.038;0;;1:22.847;0;1:39.698;0;1:13.493;0;98.5;1:03:19.567;14:03:27.233;1:22.847;1:39.698;1:13.493;125.4;Roy NISSANY;;LMP2;;Nielsen Racing;Oreca;SF;82.847;99.698;73.493;
24;2;22;2:50.338;0;;47.261;0;1:13.169;0;49.908;0;148.0;1:06:09.905;14:06:17.571;0:47.261;1:13.169;0:49.908;193.2;Roy NISSANY;;LMP2;;Nielsen Racing;Oreca;GF;47.261;73.169;49.908;
24;2;23;2:18.450;0;;36.944;0;1:01.484;0;40.022;0;182.1;1:08:28.355;14:08:36.021;0:36.944;1:01.484;0:40.022;301.0;Roy NISSANY;;LMP2;;Nielsen Racing;Oreca;SF;36.944;61.484;40.022;
24;2;24;4:18.769;0;;1:12.109;0;1:56.853;0;1:09.807;0;97.4;1:12:47.124;14:12:54.790;1:12.109;1:56.853;1:09.807;;Roy NISSANY;;LMP2;;Nielsen Racing;Oreca;SF;72.109;116.853;69.807;
24;2;25;2:54.918;0;;46.766;0;1:12.976;0;55.176;0;144.1;1:15:42.042;14:15:49.708;0:46.766;1:12.976;0:55.176;202.5;Roy NISSANY;;LMP2;;Nielsen Racing;Oreca;GF;46.766;72.976;55.176;
24;2;26;2:09.038;0;;36.756;0;59.860;0;32.422;0;195.4;1:17:51.080;14:17:58.746;0:36.756;0:59.860;0:32.422;298.5;Roy NISSANY;;LMP2;;Nielsen Racing;Oreca;GF;36.756;59.860;32.422;
24;2;27;3:46.181;0;;35.946;0;1:43.664;0;1:26.571;0;111.5;1:21:37.261;14:21:44.927;0:35.946;1:43.664;1:26.571;299.3;Roy NISSANY;;LMP2;;Nielsen Racing;Oreca;SF;35.946;103.664;86.571;
24;2;28;3:36.966;0;;1:24.051;0;1:28.841;0;44.074;0;116.2;1:25:14.227;14:25:21.893;1:24.051;1:28.841;0:44.074;;Roy NISSANY;;LMP2;;Nielsen Racing;Oreca;SF;84.051;88.841;44.074;
24;2;29;2:58.500;0;;47.031;0;1:22.409;0;49.060;0;141.3;1:28:12.727;14:28:20.393;0:47.031;1:22.409;0:49.060;143.5;Roy NISSANY;;LMP2;;Nielsen Racing;Oreca;GF;47.031;82.409;49.060;
24;2;30;2:13.824;0;;35.753;0;1:00.076;0;37.995;0;188.4;1:30:26.551;14:30:34.217;0:35.753;1:00.076;0:37.995;303.5;Roy NISSANY;;LMP2;;Nielsen Racing;Oreca;SF;35.753;60.076;37.995;
24;2;31;4:12.051;0;;1:23.975;0;1:45.102;0;1:02.974;0;100.0;1:34:38.602;14:34:46.268;1:23.975;1:45.102;1:02.974;;Roy NISSANY;;LMP2;;Nielsen Racing;Oreca;SF;83.975;105.102;62.974;
24;2;32;4:00.264;0;;1:11.586;0;1:40.661;0;1:08.017;0;104.9;1:38:38.866;14:38:46.532;1:11.586;1:40.661;1:08.017;148.2;Roy NISSANY;;LMP2;;Nielsen Racing;Oreca;SF;71.586;100.661;68.017;
24;2;33;3:52.207;0;;1:35.650;0;1:29.981;0;46.576;0;108.6;1:42:31.073;14:42:38.739;1:35.650;1:29.981;0:46.576;;Roy NISSANY;;LMP2;;Nielsen Racing;Oreca;SF;95.650;89.981;46.576;
24;2;34;3:05.264;0;;43.949;0;1:32.184;0;49.131;0;136.1;1:45:36.337;14:45:44.003;0:43.949;1:32.184;0:49.131;189.8;Roy NISSANY;;LMP2;;Nielsen Racing;Oreca;GF;43.949;92.184;49.131;
24;2;35;2:12.549;0;B;36.050;0;58.223;0;38.276;0;190.2;1:47:48.886;14:47:56.552;0:36.050;0:58.223;0:38.276;296.9;Roy NISSANY;;LMP2;;Nielsen Racing;Oreca;GF;36.050;58.223;38.276;
24;1;36;3:19.924;0;;1:47.228;0;1:00.163;0;32.533;0;126.1;1:51:08.810;14:51:16.476;1:47.228;1:00.163;0:32.533;275.0;Edward PEARSON;0:01:19.015;LMP2;;Nielsen Racing;Oreca;GF;107.228;60.163;32.533;
24;1;37;2:07.732;0;;36.953;0;58.544;0;32.235;0;197.4;1:53:16.542;14:53:24.208;0:36.953;0:58.544;0:32.235;293.7;Edward PEARSON;;LMP2;;Nielsen Racing;Oreca;GF;36.953;58.544;32.235;
24;1;38;2:06.606;0;;35.754;0;57.763;0;33.089;0;199.2;1:55:23.148;14:55:30.814;0:35.754;0:57.763;0:33.089;300.2;Edward PEARSON;;LMP2;;Nielsen Racing;Oreca;GF;35.754;57.763;33.089;
24;1;39;2:06.125;0;;35.680;0;58.129;0;32.316;0;199.9;1:57:29.273;14:57:36.939;0:35.680;0:58.129;0:32.316;301.0;Edward PEARSON;;LMP2;;Nielsen Racing;Oreca;GF;35.680;58.129;32.316;
24;1;40;2:05.234;0;;35.741;0;57.405;0;32.088;0;201.3;1:59:34.507;14:59:42.173;0:35.741;0:57.405;0:32.088;299.3;Edward PEARSON;;LMP2;;Nielsen Racing;Oreca;GF;35.741;57.405;32.088;
24;1;41;3:08.389;0;;48.128;0;1:27.470;0;52.791;0;133.8;2:02:42.896;15:02:50.562;0:48.128;1:27.470;0:52.791;167.7;Edward PEARSON;;LMP2;;Nielsen Racing;Oreca;SF;48.128;87.470;52.791;
24;1;42;3:58.079;0;;57.722;0;1:42.571;0;1:17.786;0;105.9;2:06:40.975;15:06:48.641;0:57.722;1:42.571;1:17.786;158.7;Edward PEARSON;;LMP2;;Nielsen Racing;Oreca;SF;57.722;102.571;77.786;
24;1;43;4:22.218;0;;1:17.502;0;1:41.972;0;1:22.744;0;96.2;2:11:03.193;15:11:10.859;1:17.502;1:41.972;1:22.744;;Edward PEARSON;;LMP2;;Nielsen Racing;Oreca;SF;77.502;101.972;82.744;
24;1;44;3:56.502;0;;1:28.815;0;1:25.439;0;1:02.248;0;106.6;2:14:59.695;15:15:07.361;1:28.815;1:25.439;1:02.248;153.7;Edward PEARSON;;LMP2;;Nielsen Racing;Oreca;GF;88.815;85.439;62.248;
24;1;45;2:09.886;0;;37.104;0;1:00.598;0;32.184;0;194.1;2:17:09.581;15:17:17.247;0:37.104;1:00.598;0:32.184;286.7;Edward PEARSON;;LMP2;;Nielsen Racing;Oreca;GF;37.104;60.598;32.184;
24;1;46;2:04.821;2;;35.553;0;57.489;0;31.779;1;202.0;2:19:14.402;15:19:22.068;0:35.553;0:57.489;0:31.779;300.2;Edward PEARSON;;LMP2;;Nielsen Racing;Oreca;GF;35.553;57.489;31.779;
24;1;47;2:05.171;0;;35.900;0;57.425;0;31.846;0;201.4;2:21:19.573;15:21:27.239;0:35.900;0:57.425;0:31.846;297.7;Edward PEARSON;;LMP2;;Nielsen Racing;Oreca;GF;35.900;57.425;31.846;
24;1;48;2:09.326;0;;37.679;0;58.962;0;32.685;0;195.0;2:23:28.899;15:23:36.565;0:37.679;0:58.962;0:32.685;294.5;Edward PEARSON;;LMP2;;Nielsen Racing;Oreca;GF;37.679;58.962;32.685;
24;1;49;2:08.199;0;;36.923;0;59.205;0;32.071;0;196.7;2:25:37.098;15:25:44.764;0:36.923;0:59.205;0:32.071;296.1;Edward PEARSON;;LMP2;;Nielsen Racing;Oreca;GF;36.923;59.205;32.071;
24;1;50;2:04.840;0;;35.681;0;57.223;2;31.936;0;202.0;2:27:41.938;15:27:49.604;0:35.681;0:57.223;0:31.936;298.5;Edward PEARSON;;LMP2;;Nielsen Racing;Oreca;GF;35.681;57.223;31.936;
24;1;51;2:05.345;0;;35.524;1;57.549;0;32.272;0;201.2;2:29:47.283;15:29:54.949;0:35.524;0:57.549;0:32.272;301.0;Edward PEARSON;;LMP2;;Nielsen Racing;Oreca;GF;35.524;57.549;32.272;
24;1;52;2:06.475;0;;35.645;0;58.579;0;32.251;0;199.4;2:31:53.758;15:32:01.424;0:35.645;0:58.579;0:32.251;301.0;Edward PEARSON;;LMP2;;Nielsen Racing;Oreca;GF;35.645;58.579;32.251;
24;1;53;2:06.398;0;;35.551;0;58.205;0;32.642;0;199.5;2:34:00.156;15:34:07.822;0:35.551;0:58.205;0:32.642;301.8;Edward PEARSON;;LMP2;;Nielsen Racing;Oreca;GF;35.551;58.205;32.642;
24;1;54;2:05.031;0;;35.582;0;57.466;0;31.983;0;201.7;2:36:05.187;15:36:12.853;0:35.582;0:57.466;0:31.983;300.2;Edward PEARSON;;LMP2;;Nielsen Racing;Oreca;GF;35.582;57.466;31.983;
24;1;55;2:12.766;0;B;35.794;0;58.611;0;38.361;0;189.9;2:38:17.953;15:38:25.619;0:35.794;0:58.611;0:38.361;299.3;Edward PEARSON;;LMP2;;Nielsen Racing;Oreca;GF;35.794;58.611;38.361;
24;1;56;2:57.866;0;;1:23.784;0;1:00.208;0;33.874;0;141.8;2:41:15.819;15:41:23.485;1:23.784;1:00.208;0:33.874;301.8;Edward PEARSON;0:00:58.552;LMP2;;Nielsen Racing;Oreca;GF;83.784;60.208;33.874;
24;1;57;2:08.336;0;;36.399;0;59.848;0;32.089;0;196.5;2:43:24.155;15:43:31.821;0:36.399;0:59.848;0:32.089;298.5;Edward PEARSON;;LMP2;;Nielsen Racing;Oreca;GF;36.399;59.848;32.089;
24;1;58;2:06.256;0;;35.614;0;58.335;0;32.307;0;199.7;2:45:30.411;15:45:38.077;0:35.614;0:58.335;0:32.307;302.7;Edward PEARSON;;LMP2;;Nielsen Racing;Oreca;GF;35.614;58.335;32.307;
24;1;59;2:08.439;0;;35.686;0;59.831;0;32.922;0;196.3;2:47:38.850;15:47:46.516;0:35.686;0:59.831;0:32.922;301.8;Edward PEARSON;;LMP2;;Nielsen Racing;Oreca;GF;35.686;59.831;32.922;
24;1;60;2:06.531;0;;35.844;0;58.476;0;32.211;0;199.3;2:49:45.381;15:49:53.047;0:35.844;0:58.476;0:32.211;299.3;Edward PEARSON;;LMP2;;Nielsen Racing;Oreca;GF;35.844;58.476;32.211;
24;1;61;2:12.419;0;B;35.714;0;58.250;0;38.455;0;190.4;2:51:57.800;15:52:05.466;0:35.714;0:58.250;0:38.455;300.2;Edward PEARSON;;LMP2;;Nielsen Racing;Oreca;GF;35.714;58.250;38.455;
24;3;62;3:22.039;0;;1:48.660;0;1:00.586;0;32.793;0;124.8;2:55:19.839;15:55:27.505;1:48.660;1:00.586;0:32.793;280.0;Jack DOOHAN;0:01:21.547;LMP2;;Nielsen Racing;Oreca;GF;108.660;60.586;32.793;
24;3;63;2:07.365;0;;35.691;0;58.669;0;33.005;0;198.0;2:57:27.204;15:57:34.870;0:35.691;0:58.669;0:33.005;300.2;Jack DOOHAN;;LMP2;;Nielsen Racing;Oreca;GF;35.691;58.669;33.005;
24;3;64;2:07.478;0;;35.892;0;59.016;0;32.570;0;197.8;2:59:34.682;15:59:42.348;0:35.892;0:59.016;0:32.570;299.3;Jack DOOHAN;;LMP2;;Nielsen Racing;Oreca;GF;35.892;59.016;32.570;
24;3;65;2:07.084;0;;35.493;0;59.427;0;32.164;0;198.4;3:01:41.766;16:01:49.432;0:35.493;0:59.427;0:32.164;299.3;Jack DOOHAN;;LMP2;;Nielsen Racing;Oreca;GF;35.493;59.427;32.164;
24;3;66;2:06.289;0;;35.596;0;58.417;0;32.276;0;199.7;3:03:48.055;16:03:55.721;0:35.596;0:58.417;0:32.276;298.5;Jack DOOHAN;;LMP2;;Nielsen Racing;Oreca;GF;35.596;58.417;32.276;
24;3;67;2:09.495;0;;36.380;0;1:00.337;0;32.778;0;194.7;3:05:57.550;16:06:05.216;0:36.380;1:00.337;0:32.778;302.7;Jack DOOHAN;;LMP2;;Nielsen Racing;Oreca;GF;36.380;60.337;32.778;
24;3;68;2:05.278;0;;35.882;0;57.649;0;31.747;2;201.3;3:08:02.828;16:08:10.494;0:35.882;0:57.649;0:31.747;296.1;Jack DOOHAN;;LMP2;;Nielsen Racing;Oreca;GF;35.882;57.649;31.747;
24;3;69;2:05.390;0;;35.393;0;58.120;0;31.877;0;201.1;3:10:08.218;16:10:15.884;0:35.393;0:58.120;0:31.877;300.2;Jack DOOHAN;;LMP2;;Nielsen Racing;Oreca;GF;35.393;58.120;31.877;
24;3;70;2:05.712;0;;35.455;0;58.257;0;32.000;0;200.6;3:12:13.930;16:12:21.596;0:35.455;0:58.257;0:32.000;300.2;Jack DOOHAN;;LMP2;;Nielsen Racing;Oreca;GF;35.455;58.257;32.000;
24;3;71;2:06.227;0;;35.507;0;58.752;0;31.968;0;199.8;3:14:20.157;16:14:27.823;0:35.507;0:58.752;0:31.968;299.3;Jack DOOHAN;;LMP2;;Nielsen Racing;Oreca;GF;35.507;58.752;31.968;
24;3;72;2:06.476;0;;35.403;0;58.068;0;33.005;0;199.4;3:16:26.633;16:16:34.299;0:35.403;0:58.068;0:33.005;303.5;Jack DOOHAN;;LMP2;;Nielsen Racing;Oreca;GF;35.403;58.068;33.005;
24;3;73;2:05.565;0;;36.290;0;57.479;1;31.796;0;200.8;3:18:32.198;16:18:39.864;0:36.290;0:57.479;0:31.796;296.9;Jack DOOHAN;;LMP2;;Nielsen Racing;Oreca;GF;36.290;57.479;31.796;
24;3;74;2:06.893;0;;35.346;0;59.783;0;31.764;0;198.7;3:20:39.091;16:20:46.757;0:35.346;0:59.783;0:31.764;301.0;Jack DOOHAN;;LMP2;;Nielsen Racing;Oreca;GF;35.346;59.783;31.764;
24;3;75;2:06.256;0;;35.331;0;58.521;0;32.404;0;199.7;3:22:45.347;16:22:53.013;0:35.331;0:58.521;0:32.404;301.8;Jack DOOHAN;;LMP2;;Nielsen Racing;Oreca;GF;35.331;58.521;32.404;
24;3;76;2:07.000;0;;35.329;0;59.646;0;32.025;0;198.5;3:24:52.347;16:25:00.013;0:35.329;0:59.646;0:32.025;302.7;Jack DOOHAN;;LMP2;;Nielsen Racing;Oreca;GF;35.329;59.646;32.025;
24;3;77;2:05.420;0;;35.308;0;57.562;0;32.550;0;201.0;3:26:57.767;16:27:05.433;0:35.308;0:57.562;0:32.550;301.8;Jack DOOHAN;;LMP2;;Nielsen Racing;Oreca;GF;35.308;57.562;32.550;
24;3;78;2:04.991;0;;35.404;0;57.782;0;31.805;0;201.7;3:29:02.758;16:29:10.424;0:35.404;0:57.782;0:31.805;302.7;Jack DOOHAN;;LMP2;;Nielsen Racing;Oreca;GF;35.404;57.782;31.805;
24;3;79;2:05.645;0;;35.276;2;58.491;0;31.878;0;200.7;3:31:08.403;16:31:16.069;0:35.276;0:58.491;0:31.878;290.5;Jack DOOHAN;;LMP2;;Nielsen Racing;Oreca;GF;35.276;58.491;31.878;
24;3;80;2:12.439;0;B;35.336;0;58.207;0;38.896;0;190.4;3:33:20.842;16:33:28.508;0:35.336;0:58.207;0:38.896;303.5;Jack DOOHAN;;LMP2;;Nielsen Racing;Oreca;GF;35.336;58.207;38.896;
24;3;81;2:57.532;0;;1:25.666;0;59.191;0;32.675;0;142.0;3:36:18.374;16:36:26.040;1:25.666;0:59.191;0:32.675;299.3;Jack DOOHAN;0:01:00.796;LMP2;;Nielsen Racing;Oreca;GF;85.666;59.191;32.675;
24;3;82;2:06.280;0;;35.648;0;58.488;0;32.144;0;199.7;3:38:24.654;16:38:32.320;0:35.648;0:58.488;0:32.144;299.3;Jack DOOHAN;;LMP2;;Nielsen Racing;Oreca;GF;35.648;58.488;32.144;
24;3;83;2:06.328;0;;35.759;0;58.405;0;32.164;0;199.6;3:40:30.982;16:40:38.648;0:35.759;0:58.405;0:32.164;299.3;Jack DOOHAN;;LMP2;;Nielsen Racing;Oreca;GF;35.759;58.405;32.164;
24;3;84;2:08.409;0;;35.524;0;1:00.558;0;32.327;0;196.4;3:42:39.391;16:42:47.057;0:35.524;1:00.558;0:32.327;302.7;Jack DOOHAN;;LMP2;;Nielsen Racing;Oreca;GF;35.524;60.558;32.327;
24;3;85;2:07.666;0;;35.841;0;59.690;0;32.135;0;197.5;3:44:47.057;16:44:54.723;0:35.841;0:59.690;0:32.135;292.1;Jack DOOHAN;;LMP2;;Nielsen Racing;Oreca;GF;35.841;59.690;32.135;
24;3;86;2:07.564;0;;35.532;0;59.661;0;32.371;0;197.7;3:46:54.621;16:47:02.287;0:35.532;0:59.661;0:32.371;302.7;Jack DOOHAN;;LMP2;;Nielsen Racing;Oreca;GF;35.532;59.661;32.371;
24;3;87;2:06.133;0;;35.618;0;58.473;0;32.042;0;199.9;3:49:00.754;16:49:08.420;0:35.618;0:58.473;0:32.042;300.2;Jack DOOHAN;;LMP2;;Nielsen Racing;Oreca;GF;35.618;58.473;32.042;
24;3;88;2:06.124;0;;35.737;0;58.078;0;32.309;0;199.9;3:51:06.878;16:51:14.544;0:35.737;0:58.078;0:32.309;300.2;Jack DOOHAN;;LMP2;;Nielsen Racing;Oreca;GF;35.737;58.078;32.309;
24;3;89;2:07.833;0;;35.778;0;59.891;0;32.164;0;197.2;3:53:14.711;16:53:22.377;0:35.778;0:59.891;0:32.164;299.3;Jack DOOHAN;;LMP2;;Nielsen Racing;Oreca;GF;35.778;59.891;32.164;
24;3;90;2:06.741;0;;35.581;0;58.962;0;32.198;0;198.9;3:55:21.452;16:55:29.118;0:35.581;0:58.962;0:32.198;301.8;Jack DOOHAN;;LMP2;;Nielsen Racing;Oreca;GF;35.581;58.962;32.198;
24;3;91;2:08.336;0;;36.283;0;1:00.008;0;32.045;0;196.5;3:57:29.788;16:57:37.454;0:36.283;1:00.008;0:32.045;285.2;Jack DOOHAN;;LMP2;;Nielsen Racing;Oreca;GF;36.283;60.008;32.045;
24;3;92;2:08.050;0;;35.632;0;59.347;0;33.071;0;196.9;3:59:37.838;16:59:45.504;0:35.632;0:59.347;0:33.071;303.5;Jack DOOHAN;;LMP2;;Nielsen Racing;Oreca;GF;35.632;59.347;33.071;
24;3;93;2:08.067;0;;35.565;0;59.889;0;32.613;0;196.9;4:01:45.905;17:01:53.571;0:35.565;0:59.889;0:32.613;300.2;Jack DOOHAN;;LMP2;;Nielsen Racing;Oreca;FF;35.565;59.889;32.613;
25;1;1;2:24.306;0;;37.333;0;1:00.204;0;46.769;0;171.7;2:24.306;13:02:31.972;0:37.333;1:00.204;0:46.769;285.9;Matthias KAISER;;LMP2;;Algarve Pro Racing;Oreca;SF;37.333;60.204;46.769;
25;1;2;4:20.285;0;;1:19.513;0;1:52.759;0;1:08.013;0;96.9;6:44.591;13:06:52.257;1:19.513;1:52.759;1:08.013;;Matthias KAISER;;LMP2;;Algarve Pro Racing;Oreca;SF;79.513;112.759;68.013;
25;1;3;4:19.546;0;;1:29.844;0;1:53.243;0;56.459;0;97.1;11:04.137;13:11:11.803;1:29.844;1:53.243;0:56.459;;Matthias KAISER;;LMP2;;Algarve Pro Racing;Oreca;SF;89.844;113.243;56.459;
25;1;4;3:06.556;0;;58.559;0;1:20.281;0;47.716;0;135.2;14:10.693;13:14:18.359;0:58.559;1:20.281;0:47.716;199.9;Matthias KAISER;;LMP2;;Algarve Pro Racing;Oreca;GF;58.559;80.281;47.716;
25;1;5;2:06.722;0;;36.027;0;58.614;0;32.081;0;199.0;16:17.415;13:16:25.081;0:36.027;0:58.614;0:32.081;296.1;Matthias KAISER;;LMP2;;Algarve Pro Racing;Oreca;GF;36.027;58.614;32.081;
25;1;6;2:05.286;0;;35.557;0;57.791;0;31.938;1;201.3;18:22.701;13:18:30.367;0:35.557;0:57.791;0:31.938;301.0;Matthias KAISER;;LMP2;;Algarve Pro Racing;Oreca;GF;35.557;57.791;31.938;
25;1;7;2:05.011;0;;35.521;1;57.503;1;31.987;0;201.7;20:27.712;13:20:35.378;0:35.521;0:57.503;0:31.987;301.0;Matthias KAISER;;LMP2;;Algarve Pro Racing;Oreca;GF;35.521;57.503;31.987;
25;1;8;2:05.282;0;;35.548;0;57.615;0;32.119;0;201.3;22:32.994;13:22:40.660;0:35.548;0:57.615;0:32.119;298.5;Matthias KAISER;;LMP2;;Algarve Pro Racing;Oreca;GF;35.548;57.615;32.119;
25;1;9;2:05.298;0;;35.555;0;57.749;0;31.994;0;201.2;24:38.292;13:24:45.958;0:35.555;0:57.749;0:31.994;298.5;Matthias KAISER;;LMP2;;Algarve Pro Racing;Oreca;GF;35.555;57.749;31.994;
25;1;10;2:06.113;0;;35.631;0;58.104;0;32.378;0;199.9;26:44.405;13:26:52.071;0:35.631;0:58.104;0:32.378;298.5;Matthias KAISER;;LMP2;;Algarve Pro Racing;Oreca;GF;35.631;58.104;32.378;
25;1;11;2:06.510;0;;35.685;0;58.195;0;32.630;0;199.3;28:50.915;13:28:58.581;0:35.685;0:58.195;0:32.630;291.3;Matthias KAISER;;LMP2;;Algarve Pro Racing;Oreca;GF;35.685;58.195;32.630;
25;1;12;2:13.456;0;;36.409;0;1:03.518;0;33.529;0;188.9;31:04.371;13:31:12.037;0:36.409;1:03.518;0:33.529;291.3;Matthias KAISER;;LMP2;;Algarve Pro Racing;Oreca;GF;36.409;63.518;33.529;
25;1;13;2:18.610;0;B;35.990;0;1:02.689;0;39.931;0;181.9;33:22.981;13:33:30.647;0:35.990;1:02.689;0:39.931;280.0;Matthias KAISER;;LMP2;;Algarve Pro Racing;Oreca;GF;35.990;62.689;39.931;
25;1;14;3:45.701;0;;2:13.646;0;59.632;0;32.423;0;111.7;37:08.682;13:37:16.348;2:13.646;0:59.632;0:32.423;282.2;Matthias KAISER;0:01:46.567;LMP2;;Algarve Pro Racing;Oreca;GF;133.646;59.632;32.423;
25;1;15;2:08.719;0;;36.297;0;59.507;0;32.915;0;195.9;39:17.401;13:39:25.067;0:36.297;0:59.507;0:32.915;289.7;Matthias KAISER;;LMP2;;Algarve Pro Racing;Oreca;GF;36.297;59.507;32.915;
25;1;16;3:40.806;0;;35.997;0;1:39.212;0;1:25.597;0;114.2;42:58.207;13:43:05.873;0:35.997;1:39.212;1:25.597;296.9;Matthias KAISER;;LMP2;;Algarve Pro Racing;Oreca;GF;35.997;99.212;85.597;
25;1;17;5:16.271;0;;1:41.934;0;2:08.544;0;1:25.793;0;79.7;48:14.478;13:48:22.144;1:41.934;2:08.544;1:25.793;;Matthias KAISER;;LMP2;;Algarve Pro Racing;Oreca;GF;101.934;128.544;85.793;
25;1;18;4:22.335;0;;1:42.196;0;2:01.224;0;38.915;0;96.1;52:36.813;13:52:44.479;1:42.196;2:01.224;0:38.915;;Matthias KAISER;;LMP2;;Algarve Pro Racing;Oreca;SF;102.196;121.224;38.915;
25;1;19;2:36.298;0;;45.340;0;1:11.054;0;39.904;0;161.3;55:13.111;13:55:20.777;0:45.340;1:11.054;0:39.904;183.7;Matthias KAISER;;LMP2;;Algarve Pro Racing;Oreca;SF;45.340;71.054;39.904;
25;1;20;4:13.929;0;;56.052;0;1:39.929;0;1:37.948;0;99.3;59:27.040;13:59:34.706;0:56.052;1:39.929;1:37.948;;Matthias KAISER;;LMP2;;Algarve Pro Racing;Oreca;SF;56.052;99.929;97.948;
25;1;21;4:15.676;0;;1:24.920;0;1:36.476;0;1:14.280;0;98.6;1:03:42.716;14:03:50.382;1:24.920;1:36.476;1:14.280;195.2;Matthias KAISER;;LMP2;;Algarve Pro Racing;Oreca;SF;84.920;96.476;74.280;
25;1;22;2:40.986;0;;47.774;0;1:07.412;0;45.800;0;156.6;1:06:23.702;14:06:31.368;0:47.774;1:07.412;0:45.800;228.1;Matthias KAISER;;LMP2;;Algarve Pro Racing;Oreca;GF;47.774;67.412;45.800;
25;1;23;2:27.482;0;;36.874;0;1:02.974;0;47.634;0;171.0;1:08:51.184;14:08:58.850;0:36.874;1:02.974;0:47.634;292.1;Matthias KAISER;;LMP2;;Algarve Pro Racing;Oreca;SF;36.874;62.974;47.634;
25;1;24;4:17.485;0;;1:10.901;0;1:54.242;0;1:12.342;0;97.9;1:13:08.669;14:13:16.335;1:10.901;1:54.242;1:12.342;157.0;Matthias KAISER;;LMP2;;Algarve Pro Racing;Oreca;SF;70.901;114.242;72.342;
25;1;25;2:42.726;0;;46.786;0;1:07.117;0;48.823;0;154.9;1:15:51.395;14:15:59.061;0:46.786;1:07.117;0:48.823;188.1;Matthias KAISER;;LMP2;;Algarve Pro Racing;Oreca;GF;46.786;67.117;48.823;
25;1;26;2:20.256;0;B;36.456;0;1:01.408;0;42.392;0;179.8;1:18:11.651;14:18:19.317;0:36.456;1:01.408;0:42.392;294.5;Matthias KAISER;;LMP2;;Algarve Pro Racing;Oreca;GF;36.456;61.408;42.392;
25;1;27;3:53.198;0;;55.898;0;1:26.343;0;1:30.957;0;108.1;1:22:04.849;14:22:12.515;0:55.898;1:26.343;1:30.957;191.4;Matthias KAISER;0:00:23.484;LMP2;;Algarve Pro Racing;Oreca;SF;55.898;86.343;90.957;
25;1;28;3:34.218;0;;1:23.680;0;1:27.448;0;43.090;0;117.7;1:25:39.067;14:25:46.733;1:23.680;1:27.448;0:43.090;;Matthias KAISER;;LMP2;;Algarve Pro Racing;Oreca;SF;83.680;87.448;43.090;
25;1;29;2:47.736;0;;45.274;0;1:16.368;0;46.094;0;150.3;1:28:26.803;14:28:34.469;0:45.274;1:16.368;0:46.094;218.9;Matthias KAISER;;LMP2;;Algarve Pro Racing;Oreca;GF;45.274;76.368;46.094;
25;1;30;2:23.368;0;;37.482;0;1:04.207;0;41.679;0;175.9;1:30:50.171;14:30:57.837;0:37.482;1:04.207;0:41.679;280.7;Matthias KAISER;;LMP2;;Algarve Pro Racing;Oreca;SF;37.482;64.207;41.679;
25;1;31;4:03.140;0;;1:17.548;0;1:43.269;0;1:02.323;0;103.7;1:34:53.311;14:35:00.977;1:17.548;1:43.269;1:02.323;127.9;Matthias KAISER;;LMP2;;Algarve Pro Racing;Oreca;SF;77.548;103.269;62.323;
25;1;32;4:00.313;0;;1:13.495;0;1:37.851;0;1:08.967;0;104.9;1:38:53.624;14:39:01.290;1:13.495;1:37.851;1:08.967;;Matthias KAISER;;LMP2;;Algarve Pro Racing;Oreca;SF;73.495;97.851;68.967;
25;1;33;3:52.815;0;;1:38.379;0;1:24.382;0;50.054;0;108.3;1:42:46.439;14:42:54.105;1:38.379;1:24.382;0:50.054;;Matthias KAISER;;LMP2;;Algarve Pro Racing;Oreca;SF;98.379;84.382;50.054;
25;1;34;3:04.942;0;B;45.107;0;1:27.232;0;52.603;0;136.3;1:45:51.381;14:45:59.047;0:45.107;1:27.232;0:52.603;213.7;Matthias KAISER;;LMP2;;Algarve Pro Racing;Oreca;GF;45.107;87.232;52.603;
25;2;35;3:31.024;0;;1:57.747;0;1:00.879;0;32.398;0;119.5;1:49:22.405;14:49:30.071;1:57.747;1:00.879;0:32.398;268.2;Tristan VAUTIER;0:01:29.631;LMP2;;Algarve Pro Racing;Oreca;GF;117.747;60.879;32.398;
25;2;36;2:05.810;0;;35.841;0;57.843;0;32.126;0;200.4;1:51:28.215;14:51:35.881;0:35.841;0:57.843;0:32.126;296.1;Tristan VAUTIER;;LMP2;;Algarve Pro Racing;Oreca;GF;35.841;57.843;32.126;
25;2;37;2:04.100;2;;35.555;0;56.662;2;31.883;1;203.2;1:53:32.315;14:53:39.981;0:35.555;0:56.662;0:31.883;299.3;Tristan VAUTIER;;LMP2;;Algarve Pro Racing;Oreca;GF;35.555;56.662;31.883;
25;2;38;2:05.115;0;;35.547;0;57.432;0;32.136;0;201.5;1:55:37.430;14:55:45.096;0:35.547;0:57.432;0:32.136;298.5;Tristan VAUTIER;;LMP2;;Algarve Pro Racing;Oreca;GF;35.547;57.432;32.136;
25;2;39;2:06.346;0;;35.518;0;58.738;0;32.090;0;199.6;1:57:43.776;14:57:51.442;0:35.518;0:58.738;0:32.090;300.2;Tristan VAUTIER;;LMP2;;Algarve Pro Racing;Oreca;GF;35.518;58.738;32.090;
25;2;40;2:09.534;0;;35.619;0;58.714;0;35.201;0;194.7;1:59:53.310;15:00:00.976;0:35.619;0:58.714;0:35.201;298.5;Tristan VAUTIER;;LMP2;;Algarve Pro Racing;Oreca;SF;35.619;58.714;35.201;
25;2;41;3:03.179;0;;45.111;0;1:24.168;0;53.900;0;137.6;2:02:56.489;15:03:04.155;0:45.111;1:24.168;0:53.900;215.9;Tristan VAUTIER;;LMP2;;Algarve Pro Racing;Oreca;SF;45.111;84.168;53.900;
25;2;42;3:56.325;0;;56.299;0;1:43.921;0;1:16.105;0;106.7;2:06:52.814;15:07:00.480;0:56.299;1:43.921;1:16.105;169.6;Tristan VAUTIER;;LMP2;;Algarve Pro Racing;Oreca;SF;56.299;103.921;76.105;
25;2;43;4:20.951;0;;1:18.652;0;1:39.355;0;1:22.944;0;96.6;2:11:13.765;15:11:21.431;1:18.652;1:39.355;1:22.944;;Tristan VAUTIER;;LMP2;;Algarve Pro Racing;Oreca;SF;78.652;99.355;82.944;
25;2;44;3:52.000;0;;1:29.566;0;1:21.522;0;1:00.912;0;108.7;2:15:05.765;15:15:13.431;1:29.566;1:21.522;1:00.912;;Tristan VAUTIER;;LMP2;;Algarve Pro Racing;Oreca;GF;89.566;81.522;60.912;
25;2;45;2:10.563;0;;37.359;0;1:00.726;0;32.478;0;193.1;2:17:16.328;15:17:23.994;0:37.359;1:00.726;0:32.478;293.7;Tristan VAUTIER;;LMP2;;Algarve Pro Racing;Oreca;GF;37.359;60.726;32.478;
25;2;46;2:06.421;0;;35.545;0;58.843;0;32.033;0;199.4;2:19:22.749;15:19:30.415;0:35.545;0:58.843;0:32.033;295.3;Tristan VAUTIER;;LMP2;;Algarve Pro Racing;Oreca;GF;35.545;58.843;32.033;
25;2;47;2:06.549;0;;35.530;0;58.993;0;32.026;0;199.2;2:21:29.298;15:21:36.964;0:35.530;0:58.993;0:32.026;293.7;Tristan VAUTIER;;LMP2;;Algarve Pro Racing;Oreca;GF;35.530;58.993;32.026;
25;2;48;2:10.395;0;;35.722;0;1:01.363;0;33.310;0;193.4;2:23:39.693;15:23:47.359;0:35.722;1:01.363;0:33.310;296.1;Tristan VAUTIER;;LMP2;;Algarve Pro Racing;Oreca;GF;35.722;61.363;33.310;
25;2;49;2:09.475;0;;35.659;0;1:00.615;0;33.201;0;194.7;2:25:49.168;15:25:56.834;0:35.659;1:00.615;0:33.201;301.8;Tristan VAUTIER;;LMP2;;Algarve Pro Racing;Oreca;GF;35.659;60.615;33.201;
25;2;50;2:07.039;0;;36.362;0;58.651;0;32.026;0;198.5;2:27:56.207;15:28:03.873;0:36.362;0:58.651;0:32.026;296.9;Tristan VAUTIER;;LMP2;;Algarve Pro Racing;Oreca;GF;36.362;58.651;32.026;
25;2;51;2:04.762;0;;35.407;1;57.403;0;31.952;0;202.1;2:30:00.969;15:30:08.635;0:35.407;0:57.403;0:31.952;300.2;Tristan VAUTIER;;LMP2;;Algarve Pro Racing;Oreca;GF;35.407;57.403;31.952;
25;2;52;2:05.460;0;;35.481;0;57.488;0;32.491;0;201.0;2:32:06.429;15:32:14.095;0:35.481;0:57.488;0:32.491;296.1;Tristan VAUTIER;;LMP2;;Algarve Pro Racing;Oreca;GF;35.481;57.488;32.491;
25;2;53;2:09.029;0;;36.011;0;1:00.317;0;32.701;0;195.4;2:34:15.458;15:34:23.124;0:36.011;1:00.317;0:32.701;295.3;Tristan VAUTIER;;LMP2;;Algarve Pro Racing;Oreca;GF;36.011;60.317;32.701;
25;2;54;2:06.505;0;;35.660;0;58.671;0;32.174;0;199.3;2:36:21.963;15:36:29.629;0:35.660;0:58.671;0:32.174;294.5;Tristan VAUTIER;;LMP2;;Algarve Pro Racing;Oreca;GF;35.660;58.671;32.174;
25;2;55;2:13.592;0;B;35.537;0;59.589;0;38.466;0;188.7;2:38:35.555;15:38:43.221;0:35.537;0:59.589;0:38.466;301.0;Tristan VAUTIER;;LMP2;;Algarve Pro Racing;Oreca;GF;35.537;59.589;38.466;
25;2;56;2:52.018;0;;1:18.593;0;1:00.096;0;33.329;0;146.6;2:41:27.573;15:41:35.239;1:18.593;1:00.096;0:33.329;300.2;Tristan VAUTIER;0:00:53.928;LMP2;;Algarve Pro Racing;Oreca;GF;78.593;60.096;33.329;
25;2;57;2:09.394;0;;35.825;0;1:00.974;0;32.595;0;194.9;2:43:36.967;15:43:44.633;0:35.825;1:00.974;0:32.595;301.8;Tristan VAUTIER;;LMP2;;Algarve Pro Racing;Oreca;GF;35.825;60.974;32.595;
25;2;58;2:06.192;0;;35.560;0;58.386;0;32.246;0;199.8;2:45:43.159;15:45:50.825;0:35.560;0:58.386;0:32.246;288.2;Tristan VAUTIER;;LMP2;;Algarve Pro Racing;Oreca;GF;35.560;58.386;32.246;
25;2;59;2:05.926;0;;35.579;0;58.164;0;32.183;0;200.2;2:47:49.085;15:47:56.751;0:35.579;0:58.164;0:32.183;296.9;Tristan VAUTIER;;LMP2;;Algarve Pro Racing;Oreca;GF;35.579;58.164;32.183;
25;2;60;2:07.677;0;;35.629;0;59.698;0;32.350;0;197.5;2:49:56.762;15:50:04.428;0:35.629;0:59.698;0:32.350;293.7;Tristan VAUTIER;;LMP2;;Algarve Pro Racing;Oreca;GF;35.629;59.698;32.350;
25;2;61;2:06.036;0;;35.595;0;58.324;0;32.117;0;200.1;2:52:02.798;15:52:10.464;0:35.595;0:58.324;0:32.117;299.3;Tristan VAUTIER;;LMP2;;Algarve Pro Racing;Oreca;GF;35.595;58.324;32.117;
25;2;62;2:07.321;0;;35.589;0;59.035;0;32.697;0;198.0;2:54:10.119;15:54:17.785;0:35.589;0:59.035;0:32.697;297.7;Tristan VAUTIER;;LMP2;;Algarve Pro Racing;Oreca;GF;35.589;59.035;32.697;
25;2;63;2:13.225;0;B;36.207;0;58.822;0;38.196;0;189.3;2:56:23.344;15:56:31.010;0:36.207;0:58.822;0:38.196;296.9;Tristan VAUTIER;;LMP2;;Algarve Pro Racing;Oreca;GF;36.207;58.822;38.196;
25;3;64;3:01.981;0;;1:26.829;0;1:00.801;0;34.351;0;138.6;2:59:25.325;15:59:32.991;1:26.829;1:00.801;0:34.351;285.2;Jake HUGHES;0:01:00.767;LMP2;;Algarve Pro Racing;Oreca;GF;86.829;60.801;34.351;
25;3;65;2:08.484;0;;36.104;0;59.388;0;32.992;0;196.2;3:01:33.809;16:01:41.475;0:36.104;0:59.388;0:32.992;296.1;Jake HUGHES;;LMP2;;Algarve Pro Racing;Oreca;GF;36.104;59.388;32.992;
25;3;66;2:08.899;0;;35.770;0;1:00.048;0;33.081;0;195.6;3:03:42.708;16:03:50.374;0:35.770;1:00.048;0:33.081;298.5;Jake HUGHES;;LMP2;;Algarve Pro Racing;Oreca;GF;35.770;60.048;33.081;
25;3;67;2:10.972;0;;35.916;0;1:01.422;0;33.634;0;192.5;3:05:53.680;16:06:01.346;0:35.916;1:01.422;0:33.634;299.3;Jake HUGHES;;LMP2;;Algarve Pro Racing;Oreca;GF;35.916;61.422;33.634;
25;3;68;2:06.905;0;;35.779;0;58.806;0;32.320;0;198.7;3:08:00.585;16:08:08.251;0:35.779;0:58.806;0:32.320;294.5;Jake HUGHES;;LMP2;;Algarve Pro Racing;Oreca;GF;35.779;58.806;32.320;
25;3;69;2:06.950;0;;36.236;0;58.449;0;32.265;0;198.6;3:10:07.535;16:10:15.201;0:36.236;0:58.449;0:32.265;294.5;Jake HUGHES;;LMP2;;Algarve Pro Racing;Oreca;GF;36.236;58.449;32.265;
25;3;70;2:06.975;0;;35.633;0;58.515;0;32.827;0;198.6;3:12:14.510;16:12:22.176;0:35.633;0:58.515;0:32.827;296.1;Jake HUGHES;;LMP2;;Algarve Pro Racing;Oreca;GF;35.633;58.515;32.827;
25;3;71;2:11.734;0;;38.049;0;1:00.824;0;32.861;0;191.4;3:14:26.244;16:14:33.910;0:38.049;1:00.824;0:32.861;291.3;Jake HUGHES;;LMP2;;Algarve Pro Racing;Oreca;GF;38.049;60.824;32.861;
25;3;72;2:06.874;0;;35.781;0;58.663;0;32.430;0;198.7;3:16:33.118;16:16:40.784;0:35.781;0:58.663;0:32.430;298.5;Jake HUGHES;;LMP2;;Algarve Pro Racing;Oreca;GF;35.781;58.663;32.430;
25;3;73;2:09.280;0;;35.796;0;1:01.119;0;32.365;0;195.0;3:18:42.398;16:18:50.064;0:35.796;1:01.119;0:32.365;296.9;Jake HUGHES;;LMP2;;Algarve Pro Racing;Oreca;GF;35.796;61.119;32.365;
25;3;74;2:06.397;0;;35.651;0;58.679;0;32.067;0;199.5;3:20:48.795;16:20:56.461;0:35.651;0:58.679;0:32.067;296.9;Jake HUGHES;;LMP2;;Algarve Pro Racing;Oreca;GF;35.651;58.679;32.067;
25;3;75;2:07.522;0;;35.665;0;59.646;0;32.211;0;197.7;3:22:56.317;16:23:03.983;0:35.665;0:59.646;0:32.211;295.3;Jake HUGHES;;LMP2;;Algarve Pro Racing;Oreca;GF;35.665;59.646;32.211;
25;3;76;2:12.838;0;B;35.609;0;58.756;0;38.473;0;189.8;3:25:09.155;16:25:16.821;0:35.609;0:58.756;0:38.473;298.5;Jake HUGHES;;LMP2;;Algarve Pro Racing;Oreca;GF;35.609;58.756;38.473;
25;3;77;3:19.260;0;;1:43.224;0;1:02.967;0;33.069;0;126.5;3:28:28.415;16:28:36.081;1:43.224;1:02.967;0:33.069;266.9;Jake HUGHES;0:01:14.668;LMP2;;Algarve Pro Racing;Oreca;GF;103.224;62.967;33.069;
25;3;78;2:09.445;0;;36.200;0;1:00.870;0;32.375;0;194.8;3:30:37.860;16:30:45.526;0:36.200;1:00.870;0:32.375;294.5;Jake HUGHES;;LMP2;;Algarve Pro Racing;Oreca;GF;36.200;60.870;32.375;
25;3;79;2:06.666;0;;36.549;0;57.968;0;32.149;0;199.1;3:32:44.526;16:32:52.192;0:36.549;0:57.968;0:32.149;296.1;Jake HUGHES;;LMP2;;Algarve Pro Racing;Oreca;GF;36.549;57.968;32.149;
25;3;80;2:05.586;0;;35.334;0;57.901;0;32.351;0;200.8;3:34:50.112;16:34:57.778;0:35.334;0:57.901;0:32.351;302.7;Jake HUGHES;;LMP2;;Algarve Pro Racing;Oreca;GF;35.334;57.901;32.351;
25;3;81;2:05.412;0;;36.502;0;57.035;0;31.875;0;201.1;3:36:55.524;16:37:03.190;0:36.502;0:57.035;0:31.875;293.7;Jake HUGHES;;LMP2;;Algarve Pro Racing;Oreca;GF;36.502;57.035;31.875;
25;3;82;2:04.439;0;;35.572;0;56.854;1;32.013;0;202.6;3:38:59.963;16:39:07.629;0:35.572;0:56.854;0:32.013;298.5;Jake HUGHES;;LMP2;;Algarve Pro Racing;Oreca;GF;35.572;56.854;32.013;
25;3;83;2:04.912;0;;35.370;0;57.604;0;31.938;0;201.9;3:41:04.875;16:41:12.541;0:35.370;0:57.604;0:31.938;299.3;Jake HUGHES;;LMP2;;Algarve Pro Racing;Oreca;GF;35.370;57.604;31.938;
25;3;84;2:05.877;0;;35.316;2;58.616;0;31.945;0;200.3;3:43:10.752;16:43:18.418;0:35.316;0:58.616;0:31.945;300.2;Jake HUGHES;;LMP2;;Algarve Pro Racing;Oreca;GF;35.316;58.616;31.945;
25;3;85;2:04.301;0;;35.346;0;57.152;0;31.803;2;202.8;3:45:15.053;16:45:22.719;0:35.346;0:57.152;0:31.803;301.0;Jake HUGHES;;LMP2;;Algarve Pro Racing;Oreca;GF;35.346;57.152;31.803;
25;3;86;2:05.133;0;;35.386;0;57.855;0;31.892;0;201.5;3:47:20.186;16:47:27.852;0:35.386;0:57.855;0:31.892;301.0;Jake HUGHES;;LMP2;;Algarve Pro Racing;Oreca;GF;35.386;57.855;31.892;
25;3;87;2:06.991;0;;36.197;0;58.297;0;32.497;0;198.6;3:49:27.177;16:49:34.843;0:36.197;0:58.297;0:32.497;296.9;Jake HUGHES;;LMP2;;Algarve Pro Racing;Oreca;GF;36.197;58.297;32.497;
25;3;88;2:05.411;0;;35.477;0;57.990;0;31.944;0;201.1;3:51:32.588;16:51:40.254;0:35.477;0:57.990;0:31.944;298.5;Jake HUGHES;;LMP2;;Algarve Pro Racing;Oreca;GF;35.477;57.990;31.944;
25;3;89;2:04.710;0;;35.611;0;57.237;0;31.862;0;202.2;3:53:37.298;16:53:44.964;0:35.611;0:57.237;0:31.862;297.7;Jake HUGHES;;LMP2;;Algarve Pro Racing;Oreca;GF;35.611;57.237;31.862;
25;3;90;2:05.494;0;;35.404;0;57.496;0;32.594;0;200.9;3:55:42.792;16:55:50.458;0:35.404;0:57.496;0:32.594;301.0;Jake HUGHES;;LMP2;;Algarve Pro Racing;Oreca;GF;35.404;57.496;32.594;
25;3;91;2:05.829;0;;35.352;0;58.034;0;32.443;0;200.4;3:57:48.621;16:57:56.287;0:35.352;0:58.034;0:32.443;303.5;Jake HUGHES;;LMP2;;Algarve Pro Racing;Oreca;GF;35.352;58.034;32.443;
25;3;92;2:06.624;0;;35.349;0;59.077;0;32.198;0;199.1;3:59:55.245;17:00:02.911;0:35.349;0:59.077;0:32.198;303.5;Jake HUGHES;;LMP2;;Algarve Pro Racing;Oreca;GF;35.349;59.077;32.198;
25;3;93;2:05.901;0;;35.989;0;57.725;0;32.187;0;200.3;4:02:01.146;17:02:08.812;0:35.989;0:57.725;0:32.187;299.3;Jake HUGHES;;LMP2;;Algarve Pro Racing;Oreca;FF;35.989;57.725;32.187;
27;1;1;2:46.890;0;;43.946;0;1:05.604;0;57.340;0;148.5;2:46.890;13:02:54.556;0:43.946;1:05.604;0:57.340;247.4;Kriton LENTOUDIS;;LMP2 Pro/Am;;Nielsen Racing;Oreca;SF;43.946;65.604;57.340;
27;1;2;4:16.691;0;;1:18.334;0;1:48.062;0;1:10.295;0;98.2;7:03.581;13:07:11.247;1:18.334;1:48.062;1:10.295;;Kriton LENTOUDIS;;LMP2 Pro/Am;;Nielsen Racing;Oreca;SF;78.334;108.062;70.295;
27;1;3;4:22.224;0;;1:36.034;0;1:46.381;0;59.809;0;96.2;11:25.805;13:11:33.471;1:36.034;1:46.381;0:59.809;;Kriton LENTOUDIS;;LMP2 Pro/Am;;Nielsen Racing;Oreca;SF;96.034;106.381;59.809;
27;1;4;2:57.595;0;;56.943;0;1:11.718;0;48.934;0;142.0;14:23.400;13:14:31.066;0:56.943;1:11.718;0:48.934;148.0;Kriton LENTOUDIS;;LMP2 Pro/Am;;Nielsen Racing;Oreca;GF;56.943;71.718;48.934;
27;1;5;2:12.085;0;;37.590;0;1:01.000;0;33.495;0;190.9;16:35.485;13:16:43.151;0:37.590;1:01.000;0:33.495;246.3;Kriton LENTOUDIS;;LMP2 Pro/Am;;Nielsen Racing;Oreca;GF;37.590;61.000;33.495;
27;1;6;2:11.115;0;;36.741;0;1:00.620;0;33.754;0;192.3;18:46.600;13:18:54.266;0:36.741;1:00.620;0:33.754;294.5;Kriton LENTOUDIS;;LMP2 Pro/Am;;Nielsen Racing;Oreca;GF;36.741;60.620;33.754;
27;1;7;2:09.911;0;;36.412;0;1:00.971;0;32.528;1;194.1;20:56.511;13:21:04.177;0:36.412;1:00.971;0:32.528;296.9;Kriton LENTOUDIS;;LMP2 Pro/Am;;Nielsen Racing;Oreca;GF;36.412;60.971;32.528;
27;1;8;2:09.988;0;;36.579;0;1:00.817;0;32.592;0;194.0;23:06.499;13:23:14.165;0:36.579;1:00.817;0:32.592;296.1;Kriton LENTOUDIS;;LMP2 Pro/Am;;Nielsen Racing;Oreca;GF;36.579;60.817;32.592;
27;1;9;2:10.670;0;;36.757;0;1:01.050;0;32.863;0;193.0;25:17.169;13:25:24.835;0:36.757;1:01.050;0:32.863;296.1;Kriton LENTOUDIS;;LMP2 Pro/Am;;Nielsen Racing;Oreca;GF;36.757;61.050;32.863;
27;1;10;2:10.691;0;;36.843;0;1:01.040;0;32.808;0;192.9;27:27.860;13:27:35.526;0:36.843;1:01.040;0:32.808;296.1;Kriton LENTOUDIS;;LMP2 Pro/Am;;Nielsen Racing;Oreca;GF;36.843;61.040;32.808;
27;1;11;2:10.029;0;;36.507;0;1:00.593;1;32.929;0;193.9;29:37.889;13:29:45.555;0:36.507;1:00.593;0:32.929;296.9;Kriton LENTOUDIS;;LMP2 Pro/Am;;Nielsen Racing;Oreca;GF;36.507;60.593;32.929;
27;1;12;2:12.658;0;;36.438;0;1:02.493;0;33.727;0;190.1;31:50.547;13:31:58.213;0:36.438;1:02.493;0:33.727;295.3;Kriton LENTOUDIS;;LMP2 Pro/Am;;Nielsen Racing;Oreca;GF;36.438;62.493;33.727;
27;1;13;2:10.972;0;;36.613;0;1:00.908;0;33.451;0;192.5;34:01.519;13:34:09.185;0:36.613;1:00.908;0:33.451;295.3;Kriton LENTOUDIS;;LMP2 Pro/Am;;Nielsen Racing;Oreca;GF;36.613;60.908;33.451;
27;1;14;2:11.506;0;;36.577;0;1:02.166;0;32.763;0;191.7;36:13.025;13:36:20.691;0:36.577;1:02.166;0:32.763;297.7;Kriton LENTOUDIS;;LMP2 Pro/Am;;Nielsen Racing;Oreca;GF;36.577;62.166;32.763;
27;1;15;2:13.632;0;;36.240;1;1:02.357;0;35.035;0;188.7;38:26.657;13:38:34.323;0:36.240;1:02.357;0:35.035;298.5;Kriton LENTOUDIS;;LMP2 Pro/Am;;Nielsen Racing;Oreca;GF;36.240;62.357;35.035;
27;1;16;2:36.374;0;B;36.663;0;1:02.483;0;57.228;0;161.2;41:03.031;13:41:10.697;0:36.663;1:02.483;0:57.228;294.5;Kriton LENTOUDIS;;LMP2 Pro/Am;;Nielsen Racing;Oreca;GF;36.663;62.483;57.228;
27;1;17;5:46.757;0;;2:10.471;0;2:09.736;0;1:26.550;0;72.7;46:49.788;13:46:57.454;2:10.471;2:09.736;1:26.550;;Kriton LENTOUDIS;0:00:50.198;LMP2 Pro/Am;;Nielsen Racing;Oreca;GF;130.471;129.736;86.550;
27;1;18;5:28.621;0;;1:43.154;0;2:14.813;0;1:30.654;0;76.7;52:18.409;13:52:26.075;1:43.154;2:14.813;1:30.654;;Kriton LENTOUDIS;;LMP2 Pro/Am;;Nielsen Racing;Oreca;SF;103.154;134.813;90.654;
27;1;19;2:31.364;0;;46.278;0;1:07.408;0;37.678;0;166.6;54:49.773;13:54:57.439;0:46.278;1:07.408;0:37.678;215.4;Kriton LENTOUDIS;;LMP2 Pro/Am;;Nielsen Racing;Oreca;SF;46.278;67.408;37.678;
27;1;20;4:23.580;0;;1:06.398;0;1:41.996;0;1:35.186;0;95.7;59:13.353;13:59:21.019;1:06.398;1:41.996;1:35.186;;Kriton LENTOUDIS;;LMP2 Pro/Am;;Nielsen Racing;Oreca;SF;66.398;101.996;95.186;
27;1;21;4:16.220;0;;1:23.698;0;1:38.140;0;1:14.382;0;98.4;1:03:29.573;14:03:37.239;1:23.698;1:38.140;1:14.382;;Kriton LENTOUDIS;;LMP2 Pro/Am;;Nielsen Racing;Oreca;SF;83.698;98.140;74.382;
27;1;22;2:46.308;0;;47.172;0;1:09.487;0;49.649;0;151.6;1:06:15.881;14:06:23.547;0:47.172;1:09.487;0:49.649;164.7;Kriton LENTOUDIS;;LMP2 Pro/Am;;Nielsen Racing;Oreca;GF;47.172;69.487;49.649;
27;1;23;2:25.988;0;;37.806;0;1:04.097;0;44.085;0;172.7;1:08:41.869;14:08:49.535;0:37.806;1:04.097;0:44.085;271.6;Kriton LENTOUDIS;;LMP2 Pro/Am;;Nielsen Racing;Oreca;SF;37.806;64.097;44.085;
27;1;24;4:17.255;0;;1:10.370;0;1:55.096;0;1:11.789;0;98.0;1:12:59.124;14:13:06.790;1:10.370;1:55.096;1:11.789;137.0;Kriton LENTOUDIS;;LMP2 Pro/Am;;Nielsen Racing;Oreca;SF;70.370;115.096;71.789;
27;1;25;2:48.294;0;;46.227;0;1:09.228;0;52.839;0;149.8;1:15:47.418;14:15:55.084;0:46.227;1:09.228;0:52.839;180.9;Kriton LENTOUDIS;;LMP2 Pro/Am;;Nielsen Racing;Oreca;GF;46.227;69.228;52.839;
27;1;26;2:18.131;0;;37.306;0;1:05.039;0;35.786;0;182.5;1:18:05.549;14:18:13.215;0:37.306;1:05.039;0:35.786;284.4;Kriton LENTOUDIS;;LMP2 Pro/Am;;Nielsen Racing;Oreca;GF;37.306;65.039;35.786;
27;1;27;3:38.027;0;;37.094;0;1:33.980;0;1:26.953;0;115.6;1:21:43.576;14:21:51.242;0:37.094;1:33.980;1:26.953;250.8;Kriton LENTOUDIS;;LMP2 Pro/Am;;Nielsen Racing;Oreca;SF;37.094;93.980;86.953;
27;1;28;3:37.207;0;;1:24.339;0;1:28.845;0;44.023;0;116.1;1:25:20.783;14:25:28.449;1:24.339;1:28.845;0:44.023;134.8;Kriton LENTOUDIS;;LMP2 Pro/Am;;Nielsen Racing;Oreca;SF;84.339;88.845;44.023;
27;1;29;2:56.009;0;;46.825;0;1:20.451;0;48.733;0;143.3;1:28:16.792;14:28:24.458;0:46.825;1:20.451;0:48.733;160.8;Kriton LENTOUDIS;;LMP2 Pro/Am;;Nielsen Racing;Oreca;GF;46.825;80.451;48.733;
27;1;30;2:23.154;0;;37.795;0;1:03.979;0;41.380;0;176.1;1:30:39.946;14:30:47.612;0:37.795;1:03.979;0:41.380;269.6;Kriton LENTOUDIS;;LMP2 Pro/Am;;Nielsen Racing;Oreca;SF;37.795;63.979;41.380;
27;1;31;4:05.788;0;;1:19.156;0;1:43.731;0;1:02.901;0;102.6;1:34:45.734;14:34:53.400;1:19.156;1:43.731;1:02.901;;Kriton LENTOUDIS;;LMP2 Pro/Am;;Nielsen Racing;Oreca;SF;79.156;103.731;62.901;
27;1;32;4:00.269;0;;1:12.629;0;1:39.582;0;1:08.058;0;104.9;1:38:46.003;14:38:53.669;1:12.629;1:39.582;1:08.058;130.9;Kriton LENTOUDIS;;LMP2 Pro/Am;;Nielsen Racing;Oreca;SF;72.629;99.582;68.058;
27;1;33;3:50.340;0;;1:36.290;0;1:27.742;0;46.308;0;109.5;1:42:36.343;14:42:44.009;1:36.290;1:27.742;0:46.308;120.9;Kriton LENTOUDIS;;LMP2 Pro/Am;;Nielsen Racing;Oreca;SF;96.290;87.742;46.308;
27;1;34;3:12.326;0;B;45.278;0;1:30.899;0;56.149;0;131.1;1:45:48.669;14:45:56.335;0:45.278;1:30.899;0:56.149;194.2;Kriton LENTOUDIS;;LMP2 Pro/Am;;Nielsen Racing;Oreca;GF;45.278;90.899;56.149;
27;3;35;3:28.484;0;;1:56.446;0;59.531;0;32.507;0;120.9;1:49:17.153;14:49:24.819;1:56.446;0:59.531;0:32.507;289.7;James ALLEN;0:01:29.799;LMP2 Pro/Am;;Nielsen Racing;Oreca;GF;116.446;59.531;32.507;
27;3;36;2:05.702;0;;36.154;0;57.503;0;32.045;0;200.6;1:51:22.855;14:51:30.521;0:36.154;0:57.503;0:32.045;296.1;James ALLEN;;LMP2 Pro/Am;;Nielsen Racing;Oreca;GF;36.154;57.503;32.045;
27;3;37;2:04.981;0;;35.579;0;57.570;0;31.832;1;201.7;1:53:27.836;14:53:35.502;0:35.579;0:57.570;0:31.832;302.7;James ALLEN;;LMP2 Pro/Am;;Nielsen Racing;Oreca;GF;35.579;57.570;31.832;
27;3;38;2:05.658;0;;35.705;0;57.813;0;32.140;0;200.7;1:55:33.494;14:55:41.160;0:35.705;0:57.813;0:32.140;301.8;James ALLEN;;LMP2 Pro/Am;;Nielsen Racing;Oreca;GF;35.705;57.813;32.140;
27;3;39;2:07.395;0;;35.715;0;59.522;0;32.158;0;197.9;1:57:40.889;14:57:48.555;0:35.715;0:59.522;0:32.158;302.7;James ALLEN;;LMP2 Pro/Am;;Nielsen Racing;Oreca;GF;35.715;59.522;32.158;
27;3;40;2:09.243;0;;35.740;0;1:00.726;0;32.777;0;195.1;1:59:50.132;14:59:57.798;0:35.740;1:00.726;0:32.777;303.5;James ALLEN;;LMP2 Pro/Am;;Nielsen Racing;Oreca;SF;35.740;60.726;32.777;
27;3;41;3:01.511;0;;42.691;0;1:27.678;0;51.142;0;138.9;2:02:51.643;15:02:59.309;0:42.691;1:27.678;0:51.142;182.4;James ALLEN;;LMP2 Pro/Am;;Nielsen Racing;Oreca;SF;42.691;87.678;51.142;
27;3;42;3:57.944;0;;56.843;0;1:44.488;0;1:16.613;0;106.0;2:06:49.587;15:06:57.253;0:56.843;1:44.488;1:16.613;162.5;James ALLEN;;LMP2 Pro/Am;;Nielsen Racing;Oreca;SF;56.843;104.488;76.613;
27;3;43;4:21.592;0;;1:18.537;0;1:38.275;0;1:24.780;0;96.4;2:11:11.179;15:11:18.845;1:18.537;1:38.275;1:24.780;136.0;James ALLEN;;LMP2 Pro/Am;;Nielsen Racing;Oreca;SF;78.537;98.275;84.780;
27;3;44;3:53.377;0;;1:28.726;0;1:22.864;0;1:01.787;0;108.0;2:15:04.556;15:15:12.222;1:28.726;1:22.864;1:01.787;130.2;James ALLEN;;LMP2 Pro/Am;;Nielsen Racing;Oreca;GF;88.726;82.864;61.787;
27;3;45;2:11.280;0;;36.706;0;1:01.833;0;32.741;0;192.1;2:17:15.836;15:17:23.502;0:36.706;1:01.833;0:32.741;279.3;James ALLEN;;LMP2 Pro/Am;;Nielsen Racing;Oreca;GF;36.706;61.833;32.741;
27;3;46;2:06.379;0;;35.710;0;58.652;0;32.017;0;199.5;2:19:22.215;15:19:29.881;0:35.710;0:58.652;0:32.017;300.2;James ALLEN;;LMP2 Pro/Am;;Nielsen Racing;Oreca;GF;35.710;58.652;32.017;
27;3;47;2:06.564;0;;35.597;0;59.108;0;31.859;0;199.2;2:21:28.779;15:21:36.445;0:35.597;0:59.108;0:31.859;303.5;James ALLEN;;LMP2 Pro/Am;;Nielsen Racing;Oreca;GF;35.597;59.108;31.859;
27;3;48;2:14.237;0;;35.975;0;1:02.962;0;35.300;0;187.8;2:23:43.016;15:23:50.682;0:35.975;1:02.962;0:35.300;301.8;James ALLEN;;LMP2 Pro/Am;;Nielsen Racing;Oreca;GF;35.975;62.962;35.300;
27;3;49;2:09.225;0;;36.368;0;59.037;0;33.820;0;195.1;2:25:52.241;15:25:59.907;0:36.368;0:59.037;0:33.820;298.5;James ALLEN;;LMP2 Pro/Am;;Nielsen Racing;Oreca;GF;36.368;59.037;33.820;
27;3;50;2:06.613;0;;35.700;0;58.809;0;32.104;0;199.1;2:27:58.854;15:28:06.520;0:35.700;0:58.809;0:32.104;300.2;James ALLEN;;LMP2 Pro/Am;;Nielsen Racing;Oreca;GF;35.700;58.809;32.104;
27;3;51;2:05.346;0;;35.677;0;57.757;0;31.912;0;201.2;2:30:04.200;15:30:11.866;0:35.677;0:57.757;0:31.912;300.2;James ALLEN;;LMP2 Pro/Am;;Nielsen Racing;Oreca;GF;35.677;57.757;31.912;
27;3;52;2:06.052;0;;35.763;0;58.331;0;31.958;0;200.0;2:32:10.252;15:32:17.918;0:35.763;0:58.331;0:31.958;300.2;James ALLEN;;LMP2 Pro/Am;;Nielsen Racing;Oreca;GF;35.763;58.331;31.958;
27;3;53;2:06.738;0;;35.513;0;59.074;0;32.151;0;198.9;2:34:16.990;15:34:24.656;0:35.513;0:59.074;0:32.151;303.5;James ALLEN;;LMP2 Pro/Am;;Nielsen Racing;Oreca;GF;35.513;59.074;32.151;
27;3;54;2:14.466;0;B;35.782;0;59.940;0;38.744;0;187.5;2:36:31.456;15:36:39.122;0:35.782;0:59.940;0:38.744;301.0;James ALLEN;;LMP2 Pro/Am;;Nielsen Racing;Oreca;GF;35.782;59.940;38.744;
27;3;55;3:25.807;0;;1:51.905;0;1:00.876;0;33.026;0;122.5;2:39:57.263;15:40:04.929;1:51.905;1:00.876;0:33.026;278.6;James ALLEN;0:01:25.044;LMP2 Pro/Am;;Nielsen Racing;Oreca;GF;111.905;60.876;33.026;
27;3;56;2:06.632;0;;35.964;0;58.477;0;32.191;0;199.1;2:42:03.895;15:42:11.561;0:35.964;0:58.477;0:32.191;296.9;James ALLEN;;LMP2 Pro/Am;;Nielsen Racing;Oreca;GF;35.964;58.477;32.191;
27;3;57;2:04.933;0;;35.471;0;57.409;1;32.053;0;201.8;2:44:08.828;15:44:16.494;0:35.471;0:57.409;0:32.053;299.3;James ALLEN;;LMP2 Pro/Am;;Nielsen Racing;Oreca;GF;35.471;57.409;32.053;
27;3;58;2:05.624;0;;35.827;0;57.621;0;32.176;0;200.7;2:46:14.452;15:46:22.118;0:35.827;0:57.621;0:32.176;301.8;James ALLEN;;LMP2 Pro/Am;;Nielsen Racing;Oreca;GF;35.827;57.621;32.176;
27;3;59;2:09.522;0;;35.429;0;1:01.148;0;32.945;0;194.7;2:48:23.974;15:48:31.640;0:35.429;1:01.148;0:32.945;301.8;James ALLEN;;LMP2 Pro/Am;;Nielsen Racing;Oreca;GF;35.429;61.148;32.945;
27;3;60;2:12.572;0;B;35.390;1;58.541;0;38.641;0;190.2;2:50:36.546;15:50:44.212;0:35.390;0:58.541;0:38.641;301.8;James ALLEN;;LMP2 Pro/Am;;Nielsen Racing;Oreca;GF;35.390;58.541;38.641;
27;2;61;2:51.896;0;;1:21.513;0;58.355;0;32.028;0;146.7;2:53:28.442;15:53:36.108;1:21.513;0:58.355;0:32.028;298.5;Alex QUINN;0:00:56.616;LMP2 Pro/Am;;Nielsen Racing;Oreca;GF;81.513;58.355;32.028;
27;2;62;2:04.795;0;;35.393;0;57.502;0;31.900;0;202.0;2:55:33.237;15:55:40.903;0:35.393;0:57.502;0:31.900;300.2;Alex QUINN;;LMP2 Pro/Am;;Nielsen Racing;Oreca;GF;35.393;57.502;31.900;
27;2;63;2:04.704;0;;35.482;0;57.368;0;31.854;0;202.2;2:57:37.941;15:57:45.607;0:35.482;0:57.368;0:31.854;301.0;Alex QUINN;;LMP2 Pro/Am;;Nielsen Racing;Oreca;GF;35.482;57.368;31.854;
27;2;64;2:05.740;0;;36.095;0;57.434;0;32.211;0;200.5;2:59:43.681;15:59:51.347;0:36.095;0:57.434;0:32.211;298.5;Alex QUINN;;LMP2 Pro/Am;;Nielsen Racing;Oreca;GF;36.095;57.434;32.211;
27;2;65;2:06.164;0;;35.629;0;58.669;0;31.866;0;199.9;3:01:49.845;16:01:57.511;0:35.629;0:58.669;0:31.866;303.5;Alex QUINN;;LMP2 Pro/Am;;Nielsen Racing;Oreca;GF;35.629;58.669;31.866;
27;2;66;2:08.494;0;;36.208;0;59.782;0;32.504;0;196.2;3:03:58.339;16:04:06.005;0:36.208;0:59.782;0:32.504;297.7;Alex QUINN;;LMP2 Pro/Am;;Nielsen Racing;Oreca;GF;36.208;59.782;32.504;
27;2;67;2:07.658;0;;36.663;0;58.571;0;32.424;0;197.5;3:06:05.997;16:06:13.663;0:36.663;0:58.571;0:32.424;293.7;Alex QUINN;;LMP2 Pro/Am;;Nielsen Racing;Oreca;GF;36.663;58.571;32.424;
27;2;68;2:07.753;0;;35.937;0;59.359;0;32.457;0;197.4;3:08:13.750;16:08:21.416;0:35.937;0:59.359;0:32.457;285.2;Alex QUINN;;LMP2 Pro/Am;;Nielsen Racing;Oreca;GF;35.937;59.359;32.457;
27;2;69;2:05.337;0;;35.603;0;57.737;0;31.997;0;201.2;3:10:19.087;16:10:26.753;0:35.603;0:57.737;0:31.997;302.7;Alex QUINN;;LMP2 Pro/Am;;Nielsen Racing;Oreca;GF;35.603;57.737;31.997;
27;2;70;2:05.855;0;;35.669;0;57.853;0;32.333;0;200.3;3:12:24.942;16:12:32.608;0:35.669;0:57.853;0:32.333;300.2;Alex QUINN;;LMP2 Pro/Am;;Nielsen Racing;Oreca;GF;35.669;57.853;32.333;
27;2;71;2:07.928;0;;35.484;0;58.997;0;33.447;0;197.1;3:14:32.870;16:14:40.536;0:35.484;0:58.997;0:33.447;304.4;Alex QUINN;;LMP2 Pro/Am;;Nielsen Racing;Oreca;GF;35.484;58.997;33.447;
27;2;72;2:09.559;0;;35.570;0;1:01.229;0;32.760;0;194.6;3:16:42.429;16:16:50.095;0:35.570;1:01.229;0:32.760;290.5;Alex QUINN;;LMP2 Pro/Am;;Nielsen Racing;Oreca;GF;35.570;61.229;32.760;
27;2;73;2:09.313;0;;35.643;0;59.904;0;33.766;0;195.0;3:18:51.742;16:18:59.408;0:35.643;0:59.904;0:33.766;306.1;Alex QUINN;;LMP2 Pro/Am;;Nielsen Racing;Oreca;GF;35.643;59.904;33.766;
27;2;74;2:07.022;0;;35.753;0;59.284;0;31.985;0;198.5;3:20:58.764;16:21:06.430;0:35.753;0:59.284;0:31.985;301.0;Alex QUINN;;LMP2 Pro/Am;;Nielsen Racing;Oreca;GF;35.753;59.284;31.985;
27;2;75;2:07.633;0;;35.429;0;59.040;0;33.164;0;197.6;3:23:06.397;16:23:14.063;0:35.429;0:59.040;0:33.164;292.9;Alex QUINN;;LMP2 Pro/Am;;Nielsen Racing;Oreca;GF;35.429;59.040;33.164;
27;2;76;2:07.507;0;;35.399;0;59.975;0;32.133;0;197.7;3:25:13.904;16:25:21.570;0:35.399;0:59.975;0:32.133;290.5;Alex QUINN;;LMP2 Pro/Am;;Nielsen Racing;Oreca;GF;35.399;59.975;32.133;
27;2;77;2:08.039;0;;35.341;0;59.997;0;32.701;0;196.9;3:27:21.943;16:27:29.609;0:35.341;0:59.997;0:32.701;305.2;Alex QUINN;;LMP2 Pro/Am;;Nielsen Racing;Oreca;GF;35.341;59.997;32.701;
27;2;78;2:07.868;0;;36.222;0;59.286;0;32.360;0;197.2;3:29:29.811;16:29:37.477;0:36.222;0:59.286;0:32.360;301.8;Alex QUINN;;LMP2 Pro/Am;;Nielsen Racing;Oreca;GF;36.222;59.286;32.360;
27;2;79;2:14.145;0;B;35.498;0;1:00.302;0;38.345;0;188.0;3:31:43.956;16:31:51.622;0:35.498;1:00.302;0:38.345;303.5;Alex QUINN;;LMP2 Pro/Am;;Nielsen Racing;Oreca;GF;35.498;60.302;38.345;
27;2;80;3:14.527;0;;1:42.861;0;59.229;0;32.437;0;129.6;3:34:58.483;16:35:06.149;1:42.861;0:59.229;0:32.437;287.4;Alex QUINN;0:01:16.188;LMP2 Pro/Am;;Nielsen Racing;Oreca;GF;102.861;59.229;32.437;
27;2;81;2:07.456;0;;36.249;0;58.214;0;32.993;0;197.8;3:37:05.939;16:37:13.605;0:36.249;0:58.214;0:32.993;296.9;Alex QUINN;;LMP2 Pro/Am;;Nielsen Racing;Oreca;GF;36.249;58.214;32.993;
27;2;82;2:04.563;0;;35.458;0;57.278;0;31.827;0;202.4;3:39:10.502;16:39:18.168;0:35.458;0:57.278;0:31.827;298.5;Alex QUINN;;LMP2 Pro/Am;;Nielsen Racing;Oreca;GF;35.458;57.278;31.827;
27;2;83;2:06.693;0;;35.373;0;58.870;0;32.450;0;199.0;3:41:17.195;16:41:24.861;0:35.373;0:58.870;0:32.450;301.0;Alex QUINN;;LMP2 Pro/Am;;Nielsen Racing;Oreca;GF;35.373;58.870;32.450;
27;2;84;2:05.425;0;;35.658;0;57.508;0;32.259;0;201.0;3:43:22.620;16:43:30.286;0:35.658;0:57.508;0:32.259;302.7;Alex QUINN;;LMP2 Pro/Am;;Nielsen Racing;Oreca;GF;35.658;57.508;32.259;
27;2;85;2:05.715;0;;35.310;0;58.219;0;32.186;0;200.6;3:45:28.335;16:45:36.001;0:35.310;0:58.219;0:32.186;303.5;Alex QUINN;;LMP2 Pro/Am;;Nielsen Racing;Oreca;GF;35.310;58.219;32.186;
27;2;86;2:04.181;0;;35.322;0;57.130;0;31.729;0;203.0;3:47:32.516;16:47:40.182;0:35.322;0:57.130;0:31.729;300.2;Alex QUINN;;LMP2 Pro/Am;;Nielsen Racing;Oreca;GF;35.322;57.130;31.729;
27;2;87;2:06.014;0;;35.430;0;58.168;0;32.416;0;200.1;3:49:38.530;16:49:46.196;0:35.430;0:58.168;0:32.416;302.7;Alex QUINN;;LMP2 Pro/Am;;Nielsen Racing;Oreca;GF;35.430;58.168;32.416;
27;2;88;2:05.088;0;;35.321;0;57.641;0;32.126;0;201.6;3:51:43.618;16:51:51.284;0:35.321;0:57.641;0:32.126;301.0;Alex QUINN;;LMP2 Pro/Am;;Nielsen Racing;Oreca;GF;35.321;57.641;32.126;
27;2;89;2:05.586;0;;35.343;0;58.361;0;31.882;0;200.8;3:53:49.204;16:53:56.870;0:35.343;0:58.361;0:31.882;301.0;Alex QUINN;;LMP2 Pro/Am;;Nielsen Racing;Oreca;GF;35.343;58.361;31.882;
27;2;90;2:03.818;2;;35.282;0;56.869;2;31.667;2;203.6;3:55:53.022;16:56:00.688;0:35.282;0:56.869;0:31.667;301.8;Alex QUINN;;LMP2 Pro/Am;;Nielsen Racing;Oreca;GF;35.282;56.869;31.667;
27;2;91;2:04.737;0;;35.357;0;57.555;0;31.825;0;202.1;3:57:57.759;16:58:05.425;0:35.357;0:57.555;0:31.825;303.5;Alex QUINN;;LMP2 Pro/Am;;Nielsen Racing;Oreca;GF;35.357;57.555;31.825;
27;2;92;2:04.824;0;;35.277;2;57.520;0;32.027;0;202.0;4:00:02.583;17:00:10.249;0:35.277;0:57.520;0:32.027;302.7;Alex QUINN;;LMP2 Pro/Am;;Nielsen Racing;Oreca;GF;35.277;57.520;32.027;
27;2;93;2:05.825;0;;35.326;0;58.265;0;32.234;0;200.4;4:02:08.408;17:02:16.074;0:35.326;0:58.265;0:32.234;302.7;Alex QUINN;;LMP2 Pro/Am;;Nielsen Racing;Oreca;FF;35.326;58.265;32.234;
28;1;1;2:29.923;0;;40.681;0;1:01.078;0;48.164;0;165.3;2:29.923;13:02:37.589;0:40.681;1:01.078;0:48.164;285.2;Paul LAFARGUE;;LMP2;;IDEC Sport;Oreca;SF;40.681;61.078;48.164;
28;1;2;4:20.311;0;;1:20.364;0;1:51.696;0;1:08.251;0;96.9;6:50.234;13:06:57.900;1:20.364;1:51.696;1:08.251;;Paul LAFARGUE;;LMP2;;IDEC Sport;Oreca;SF;80.364;111.696;68.251;
28;1;3;4:19.869;0;;1:30.679;0;1:52.393;0;56.797;0;97.0;11:10.103;13:11:17.769;1:30.679;1:52.393;0:56.797;;Paul LAFARGUE;;LMP2;;IDEC Sport;Oreca;SF;90.679;112.393;56.797;
28;1;4;3:04.704;0;;59.719;0;1:16.886;0;48.099;0;136.5;14:14.807;13:14:22.473;0:59.719;1:16.886;0:48.099;175.3;Paul LAFARGUE;;LMP2;;IDEC Sport;Oreca;GF;59.719;76.886;48.099;
28;1;5;2:07.395;0;;36.151;0;58.996;0;32.248;0;197.9;16:22.202;13:16:29.868;0:36.151;0:58.996;0:32.248;294.5;Paul LAFARGUE;;LMP2;;IDEC Sport;Oreca;GF;36.151;58.996;32.248;
28;1;6;2:06.667;0;;35.554;0;58.764;0;32.349;0;199.1;18:28.869;13:18:36.535;0:35.554;0:58.764;0:32.349;301.0;Paul LAFARGUE;;LMP2;;IDEC Sport;Oreca;GF;35.554;58.764;32.349;
28;1;7;2:05.897;0;;35.682;0;58.206;0;32.009;0;200.3;20:34.766;13:20:42.432;0:35.682;0:58.206;0:32.009;301.0;Paul LAFARGUE;;LMP2;;IDEC Sport;Oreca;GF;35.682;58.206;32.009;
28;1;8;2:05.553;0;;35.655;0;57.980;1;31.918;1;200.8;22:40.319;13:22:47.985;0:35.655;0:57.980;0:31.918;300.2;Paul LAFARGUE;;LMP2;;IDEC Sport;Oreca;GF;35.655;57.980;31.918;
28;1;9;2:06.291;0;;35.590;0;58.550;0;32.151;0;199.7;24:46.610;13:24:54.276;0:35.590;0:58.550;0:32.151;301.0;Paul LAFARGUE;;LMP2;;IDEC Sport;Oreca;GF;35.590;58.550;32.151;
28;1;10;2:05.774;0;;35.580;0;58.271;0;31.923;0;200.5;26:52.384;13:27:00.050;0:35.580;0:58.271;0:31.923;300.2;Paul LAFARGUE;;LMP2;;IDEC Sport;Oreca;GF;35.580;58.271;31.923;
28;1;11;2:08.669;0;;35.594;0;59.955;0;33.120;0;196.0;29:01.053;13:29:08.719;0:35.594;0:59.955;0:33.120;301.0;Paul LAFARGUE;;LMP2;;IDEC Sport;Oreca;GF;35.594;59.955;33.120;
28;1;12;2:58.276;0;;35.517;1;1:46.235;0;36.524;0;141.4;31:59.329;13:32:06.995;0:35.517;1:46.235;0:36.524;301.0;Paul LAFARGUE;;LMP2;;IDEC Sport;Oreca;GF;35.517;106.235;36.524;
28;1;13;2:06.682;0;;36.214;0;58.172;0;32.296;0;199.0;34:06.011;13:34:13.677;0:36.214;0:58.172;0:32.296;296.1;Paul LAFARGUE;;LMP2;;IDEC Sport;Oreca;GF;36.214;58.172;32.296;
28;1;14;2:08.340;0;;35.720;0;1:00.155;0;32.465;0;196.5;36:14.351;13:36:22.017;0:35.720;1:00.155;0:32.465;298.5;Paul LAFARGUE;;LMP2;;IDEC Sport;Oreca;GF;35.720;60.155;32.465;
28;1;15;2:12.568;0;;35.582;0;1:01.892;0;35.094;0;190.2;38:26.919;13:38:34.585;0:35.582;1:01.892;0:35.094;301.8;Paul LAFARGUE;;LMP2;;IDEC Sport;Oreca;GF;35.582;61.892;35.094;
28;1;16;2:26.376;0;B;36.631;0;1:01.504;0;48.241;0;172.3;40:53.295;13:41:00.961;0:36.631;1:01.504;0:48.241;293.7;Paul LAFARGUE;;LMP2;;IDEC Sport;Oreca;GF;36.631;61.504;48.241;
28;1;17;5:58.159;0;;2:24.292;0;2:08.001;0;1:25.866;0;70.4;46:51.454;13:46:59.120;2:24.292;2:08.001;1:25.866;;Paul LAFARGUE;0:01:04.610;LMP2;;IDEC Sport;Oreca;GF;144.292;128.001;85.866;
28;1;18;5:28.640;0;;1:42.662;0;2:14.857;0;1:31.121;0;76.7;52:20.094;13:52:27.760;1:42.662;2:14.857;1:31.121;;Paul LAFARGUE;;LMP2;;IDEC Sport;Oreca;SF;102.662;134.857;91.121;
28;1;19;2:40.640;0;;49.147;0;1:12.219;0;39.274;0;157.0;55:00.734;13:55:08.400;0:49.147;1:12.219;0:39.274;215.9;Paul LAFARGUE;;LMP2;;IDEC Sport;Oreca;SF;49.147;72.219;39.274;
28;1;20;4:14.886;0;;57.836;0;1:41.361;0;1:35.689;0;98.9;59:15.620;13:59:23.286;0:57.836;1:41.361;1:35.689;;Paul LAFARGUE;;LMP2;;IDEC Sport;Oreca;SF;57.836;101.361;95.689;
28;1;21;4:16.433;0;;1:22.862;0;1:38.935;0;1:14.636;0;98.3;1:03:32.053;14:03:39.719;1:22.862;1:38.935;1:14.636;;Paul LAFARGUE;;LMP2;;IDEC Sport;Oreca;SF;82.862;98.935;74.636;
28;1;22;2:45.650;0;;46.781;0;1:10.490;0;48.379;0;152.2;1:06:17.703;14:06:25.369;0:46.781;1:10.490;0:48.379;206.0;Paul LAFARGUE;;LMP2;;IDEC Sport;Oreca;GF;46.781;70.490;48.379;
28;1;23;2:25.132;0;;37.215;0;1:03.245;0;44.672;0;173.7;1:08:42.835;14:08:50.501;0:37.215;1:03.245;0:44.672;259.9;Paul LAFARGUE;;LMP2;;IDEC Sport;Oreca;SF;37.215;63.245;44.672;
28;1;24;4:17.511;0;;1:10.273;0;1:55.129;0;1:12.109;0;97.9;1:13:00.346;14:13:08.012;1:10.273;1:55.129;1:12.109;131.5;Paul LAFARGUE;;LMP2;;IDEC Sport;Oreca;SF;70.273;115.129;72.109;
28;1;25;2:47.329;0;;47.629;0;1:07.145;0;52.555;0;150.7;1:15:47.675;14:15:55.341;0:47.629;1:07.145;0:52.555;232.0;Paul LAFARGUE;;LMP2;;IDEC Sport;Oreca;GF;47.629;67.145;52.555;
28;1;26;2:12.463;0;;37.104;0;1:02.413;0;32.946;0;190.3;1:18:00.138;14:18:07.804;0:37.104;1:02.413;0:32.946;298.5;Paul LAFARGUE;;LMP2;;IDEC Sport;Oreca;GF;37.104;62.413;32.946;
28;1;27;3:39.377;0;;36.408;0;1:35.485;0;1:27.484;0;114.9;1:21:39.515;14:21:47.181;0:36.408;1:35.485;1:27.484;294.5;Paul LAFARGUE;;LMP2;;IDEC Sport;Oreca;SF;36.408;95.485;87.484;
28;1;28;3:36.233;0;;1:23.461;0;1:28.769;0;44.003;0;116.6;1:25:15.748;14:25:23.414;1:23.461;1:28.769;0:44.003;;Paul LAFARGUE;;LMP2;;IDEC Sport;Oreca;SF;83.461;88.769;44.003;
28;1;29;2:57.710;0;;47.301;0;1:21.915;0;48.494;0;141.9;1:28:13.458;14:28:21.124;0:47.301;1:21.915;0:48.494;175.9;Paul LAFARGUE;;LMP2;;IDEC Sport;Oreca;GF;47.301;81.915;48.494;
28;1;30;2:15.442;0;;36.136;0;1:00.547;0;38.759;0;186.2;1:30:28.900;14:30:36.566;0:36.136;1:00.547;0:38.759;297.7;Paul LAFARGUE;;LMP2;;IDEC Sport;Oreca;SF;36.136;60.547;38.759;
28;1;31;4:12.176;0;;1:24.542;0;1:44.863;0;1:02.771;0;100.0;1:34:41.076;14:34:48.742;1:24.542;1:44.863;1:02.771;;Paul LAFARGUE;;LMP2;;IDEC Sport;Oreca;SF;84.542;104.863;62.771;
28;1;32;4:00.570;0;;1:12.059;0;1:39.805;0;1:08.706;0;104.8;1:38:41.646;14:38:49.312;1:12.059;1:39.805;1:08.706;125.6;Paul LAFARGUE;;LMP2;;IDEC Sport;Oreca;SF;72.059;99.805;68.706;
28;1;33;3:50.702;0;;1:35.331;0;1:29.186;0;46.185;0;109.3;1:42:32.348;14:42:40.014;1:35.331;1:29.186;0:46.185;;Paul LAFARGUE;;LMP2;;IDEC Sport;Oreca;SF;95.331;89.186;46.185;
28;1;34;3:12.069;0;B;44.108;0;1:32.610;0;55.351;0;131.3;1:45:44.417;14:45:52.083;0:44.108;1:32.610;0:55.351;225.8;Paul LAFARGUE;;LMP2;;IDEC Sport;Oreca;GF;44.108;92.610;55.351;
28;3;35;3:26.692;0;;1:55.504;0;58.690;0;32.498;0;122.0;1:49:11.109;14:49:18.775;1:55.504;0:58.690;0:32.498;289.7;Paul-Loup CHATIN;0:01:29.773;LMP2;;IDEC Sport;Oreca;GF;115.504;58.690;32.498;
28;3;36;2:06.009;0;;35.892;0;58.073;0;32.044;0;200.1;1:51:17.118;14:51:24.784;0:35.892;0:58.073;0:32.044;296.1;Paul-Loup CHATIN;;LMP2;;IDEC Sport;Oreca;GF;35.892;58.073;32.044;
28;3;37;2:08.625;0;;35.776;0;59.795;0;33.054;0;196.0;1:53:25.743;14:53:33.409;0:35.776;0:59.795;0:33.054;298.5;Paul-Loup CHATIN;;LMP2;;IDEC Sport;Oreca;GF;35.776;59.795;33.054;
28;3;38;2:07.227;0;;35.609;0;58.935;0;32.683;0;198.2;1:55:32.970;14:55:40.636;0:35.609;0:58.935;0:32.683;301.8;Paul-Loup CHATIN;;LMP2;;IDEC Sport;Oreca;GF;35.609;58.935;32.683;
28;3;39;2:07.558;0;;35.777;0;59.535;0;32.246;0;197.7;1:57:40.528;14:57:48.194;0:35.777;0:59.535;0:32.246;299.3;Paul-Loup CHATIN;;LMP2;;IDEC Sport;Oreca;GF;35.777;59.535;32.246;
28;3;40;2:09.230;0;;35.596;0;1:00.538;0;33.096;0;195.1;1:59:49.758;14:59:57.424;0:35.596;1:00.538;0:33.096;301.8;Paul-Loup CHATIN;;LMP2;;IDEC Sport;Oreca;SF;35.596;60.538;33.096;
28;3;41;3:01.547;0;;42.688;0;1:27.580;0;51.279;0;138.9;2:02:51.305;15:02:58.971;0:42.688;1:27.580;0:51.279;184.0;Paul-Loup CHATIN;;LMP2;;IDEC Sport;Oreca;SF;42.688;87.580;51.279;
28;3;42;3:57.945;0;;56.826;0;1:44.449;0;1:16.670;0;106.0;2:06:49.250;15:06:56.916;0:56.826;1:44.449;1:16.670;167.0;Paul-Loup CHATIN;;LMP2;;IDEC Sport;Oreca;SF;56.826;104.449;76.670;
28;3;43;4:21.525;0;;1:18.381;0;1:38.282;0;1:24.862;0;96.4;2:11:10.775;15:11:18.441;1:18.381;1:38.282;1:24.862;125.9;Paul-Loup CHATIN;;LMP2;;IDEC Sport;Oreca;SF;78.381;98.282;84.862;
28;3;44;3:53.340;0;;1:28.758;0;1:22.525;0;1:02.057;0;108.1;2:15:04.115;15:15:11.781;1:28.758;1:22.525;1:02.057;129.2;Paul-Loup CHATIN;;LMP2;;IDEC Sport;Oreca;GF;88.758;82.525;62.057;
28;3;45;2:11.265;0;;36.328;0;1:02.465;0;32.472;0;192.1;2:17:15.380;15:17:23.046;0:36.328;1:02.465;0:32.472;298.5;Paul-Loup CHATIN;;LMP2;;IDEC Sport;Oreca;GF;36.328;62.465;32.472;
28;3;46;2:06.287;0;;35.641;0;58.614;0;32.032;0;199.7;2:19:21.667;15:19:29.333;0:35.641;0:58.614;0:32.032;298.5;Paul-Loup CHATIN;;LMP2;;IDEC Sport;Oreca;GF;35.641;58.614;32.032;
28;3;47;2:06.175;0;;35.690;0;58.582;0;31.903;0;199.8;2:21:27.842;15:21:35.508;0:35.690;0:58.582;0:31.903;300.2;Paul-Loup CHATIN;;LMP2;;IDEC Sport;Oreca;GF;35.690;58.582;31.903;
28;3;48;2:11.379;0;;36.972;0;1:00.904;0;33.503;0;191.9;2:23:39.221;15:23:46.887;0:36.972;1:00.904;0:33.503;293.7;Paul-Loup CHATIN;;LMP2;;IDEC Sport;Oreca;GF;36.972;60.904;33.503;
28;3;49;2:08.022;0;;35.534;0;1:00.346;0;32.142;0;197.0;2:25:47.243;15:25:54.909;0:35.534;1:00.346;0:32.142;301.8;Paul-Loup CHATIN;;LMP2;;IDEC Sport;Oreca;GF;35.534;60.346;32.142;
28;3;50;2:05.987;0;;35.899;0;58.118;0;31.970;0;200.1;2:27:53.230;15:28:00.896;0:35.899;0:58.118;0:31.970;297.7;Paul-Loup CHATIN;;LMP2;;IDEC Sport;Oreca;GF;35.899;58.118;31.970;
28;3;51;2:05.285;0;;35.474;0;57.922;0;31.889;0;201.3;2:29:58.515;15:30:06.181;0:35.474;0:57.922;0:31.889;299.3;Paul-Loup CHATIN;;LMP2;;IDEC Sport;Oreca;GF;35.474;57.922;31.889;
28;3;52;2:06.447;0;;35.559;0;58.184;0;32.704;0;199.4;2:32:04.962;15:32:12.628;0:35.559;0:58.184;0:32.704;299.3;Paul-Loup CHATIN;;LMP2;;IDEC Sport;Oreca;GF;35.559;58.184;32.704;
28;3;53;2:08.371;0;;36.188;0;59.887;0;32.296;0;196.4;2:34:13.333;15:34:20.999;0:36.188;0:59.887;0:32.296;292.1;Paul-Loup CHATIN;;LMP2;;IDEC Sport;Oreca;GF;36.188;59.887;32.296;
28;3;54;2:06.792;0;;35.591;0;59.105;0;32.096;0;198.9;2:36:20.125;15:36:27.791;0:35.591;0:59.105;0:32.096;300.2;Paul-Loup CHATIN;;LMP2;;IDEC Sport;Oreca;GF;35.591;59.105;32.096;
28;3;55;2:13.352;0;B;35.573;0;59.816;0;37.963;0;189.1;2:38:33.477;15:38:41.143;0:35.573;0:59.816;0:37.963;301.0;Paul-Loup CHATIN;;LMP2;;IDEC Sport;Oreca;GF;35.573;59.816;37.963;
28;3;56;3:03.980;0;;1:30.113;0;1:01.090;0;32.777;0;137.0;2:41:37.457;15:41:45.123;1:30.113;1:01.090;0:32.777;281.5;Paul-Loup CHATIN;0:01:02.474;LMP2;;IDEC Sport;Oreca;GF;90.113;61.090;32.777;
28;3;57;2:07.115;0;;35.989;0;58.969;0;32.157;0;198.4;2:43:44.572;15:43:52.238;0:35.989;0:58.969;0:32.157;295.3;Paul-Loup CHATIN;;LMP2;;IDEC Sport;Oreca;GF;35.989;58.969;32.157;
28;3;58;2:04.803;0;;35.392;0;57.494;0;31.917;0;202.0;2:45:49.375;15:45:57.041;0:35.392;0:57.494;0:31.917;299.3;Paul-Loup CHATIN;;LMP2;;IDEC Sport;Oreca;GF;35.392;57.494;31.917;
28;3;59;2:03.838;2;;35.409;0;56.683;2;31.746;2;203.6;2:47:53.213;15:48:00.879;0:35.409;0:56.683;0:31.746;300.2;Paul-Loup CHATIN;;LMP2;;IDEC Sport;Oreca;GF;35.409;56.683;31.746;
28;3;60;2:06.071;0;;35.424;0;58.000;0;32.647;0;200.0;2:49:59.284;15:50:06.950;0:35.424;0:58.000;0:32.647;300.2;Paul-Loup CHATIN;;LMP2;;IDEC Sport;Oreca;GF;35.424;58.000;32.647;
28;3;61;2:04.855;0;;35.387;0;57.629;0;31.839;0;201.9;2:52:04.139;15:52:11.805;0:35.387;0:57.629;0:31.839;299.3;Paul-Loup CHATIN;;LMP2;;IDEC Sport;Oreca;GF;35.387;57.629;31.839;
28;3;62;2:12.503;0;B;35.350;2;59.010;0;38.143;0;190.3;2:54:16.642;15:54:24.308;0:35.350;0:59.010;0:38.143;299.3;Paul-Loup CHATIN;;LMP2;;IDEC Sport;Oreca;GF;35.350;59.010;38.143;
28;2;63;3:01.382;0;;1:30.554;0;58.735;0;32.093;1;139.0;2:57:18.024;15:57:25.690;1:30.554;0:58.735;0:32.093;295.3;Job VAN UITERT;0:01:05.199;LMP2;;IDEC Sport;Oreca;GF;90.554;58.735;32.093;
28;2;64;2:13.336;0;;36.085;0;58.498;1;38.753;0;189.1;2:59:31.360;15:59:39.026;0:36.085;0:58.498;0:38.753;296.9;Job VAN UITERT;;LMP2;;IDEC Sport;Oreca;GF;36.085;58.498;38.753;
28;2;65;2:07.723;0;;36.163;0;59.237;0;32.323;0;197.4;3:01:39.083;16:01:46.749;0:36.163;0:59.237;0:32.323;297.7;Job VAN UITERT;;LMP2;;IDEC Sport;Oreca;GF;36.163;59.237;32.323;
28;2;66;2:08.760;0;;35.821;0;1:00.232;0;32.707;0;195.8;3:03:47.843;16:03:55.509;0:35.821;1:00.232;0:32.707;288.2;Job VAN UITERT;;LMP2;;IDEC Sport;Oreca;GF;35.821;60.232;32.707;
28;2;67;2:08.952;0;;36.507;0;1:00.134;0;32.311;0;195.5;3:05:56.795;16:06:04.461;0:36.507;1:00.134;0:32.311;296.9;Job VAN UITERT;;LMP2;;IDEC Sport;Oreca;GF;36.507;60.134;32.311;
28;2;68;2:09.031;0;;36.700;0;59.519;0;32.812;0;195.4;3:08:05.826;16:08:13.492;0:36.700;0:59.519;0:32.812;292.9;Job VAN UITERT;;LMP2;;IDEC Sport;Oreca;GF;36.700;59.519;32.812;
28;2;69;2:08.057;0;;36.286;0;59.442;0;32.329;0;196.9;3:10:13.883;16:10:21.549;0:36.286;0:59.442;0:32.329;297.7;Job VAN UITERT;;LMP2;;IDEC Sport;Oreca;GF;36.286;59.442;32.329;
28;2;70;2:07.022;0;;35.707;0;59.150;0;32.165;0;198.5;3:12:20.905;16:12:28.571;0:35.707;0:59.150;0:32.165;293.7;Job VAN UITERT;;LMP2;;IDEC Sport;Oreca;GF;35.707;59.150;32.165;
28;2;71;2:08.401;0;;35.742;0;59.618;0;33.041;0;196.4;3:14:29.306;16:14:36.972;0:35.742;0:59.618;0:33.041;296.9;Job VAN UITERT;;LMP2;;IDEC Sport;Oreca;GF;35.742;59.618;33.041;
28;2;72;2:08.376;0;;35.831;0;59.933;0;32.612;0;196.4;3:16:37.682;16:16:45.348;0:35.831;0:59.933;0:32.612;301.8;Job VAN UITERT;;LMP2;;IDEC Sport;Oreca;GF;35.831;59.933;32.612;
28;2;73;2:07.393;0;;35.708;0;59.571;0;32.114;0;197.9;3:18:45.075;16:18:52.741;0:35.708;0:59.571;0:32.114;300.2;Job VAN UITERT;;LMP2;;IDEC Sport;Oreca;GF;35.708;59.571;32.114;
28;2;74;2:06.509;0;;35.685;0;58.625;0;32.199;0;199.3;3:20:51.584;16:20:59.250;0:35.685;0:58.625;0:32.199;301.0;Job VAN UITERT;;LMP2;;IDEC Sport;Oreca;GF;35.685;58.625;32.199;
28;2;75;2:09.933;0;;35.644;1;1:01.115;0;33.174;0;194.1;3:23:01.517;16:23:09.183;0:35.644;1:01.115;0:33.174;299.3;Job VAN UITERT;;LMP2;;IDEC Sport;Oreca;GF;35.644;61.115;33.174;
28;2;76;2:10.640;0;;35.885;0;1:02.360;0;32.395;0;193.0;3:25:12.157;16:25:19.823;0:35.885;1:02.360;0:32.395;295.3;Job VAN UITERT;;LMP2;;IDEC Sport;Oreca;GF;35.885;62.360;32.395;
28;2;77;2:08.751;0;;35.976;0;1:00.260;0;32.515;0;195.8;3:27:20.908;16:27:28.574;0:35.976;1:00.260;0:32.515;298.5;Job VAN UITERT;;LMP2;;IDEC Sport;Oreca;GF;35.976;60.260;32.515;
28;2;78;2:08.040;0;;35.998;0;59.631;0;32.411;0;196.9;3:29:28.948;16:29:36.614;0:35.998;0:59.631;0:32.411;297.7;Job VAN UITERT;;LMP2;;IDEC Sport;Oreca;GF;35.998;59.631;32.411;
28;2;79;2:10.308;0;;35.738;0;1:01.409;0;33.161;0;193.5;3:31:39.256;16:31:46.922;0:35.738;1:01.409;0:33.161;296.9;Job VAN UITERT;;LMP2;;IDEC Sport;Oreca;GF;35.738;61.409;33.161;
28;2;80;2:09.417;0;;35.889;0;1:01.092;0;32.436;0;194.8;3:33:48.673;16:33:56.339;0:35.889;1:01.092;0:32.436;299.3;Job VAN UITERT;;LMP2;;IDEC Sport;Oreca;GF;35.889;61.092;32.436;
28;2;81;2:15.344;0;B;35.967;0;1:00.828;0;38.549;0;186.3;3:36:04.017;16:36:11.683;0:35.967;1:00.828;0:38.549;298.5;Job VAN UITERT;;LMP2;;IDEC Sport;Oreca;GF;35.967;60.828;38.549;
28;2;82;3:04.558;0;;1:31.685;0;1:00.561;0;32.312;0;136.6;3:39:08.575;16:39:16.241;1:31.685;1:00.561;0:32.312;289.7;Job VAN UITERT;0:01:05.672;LMP2;;IDEC Sport;Oreca;GF;91.685;60.561;32.312;
28;2;83;2:08.395;0;;35.986;0;59.981;0;32.428;0;196.4;3:41:16.970;16:41:24.636;0:35.986;0:59.981;0:32.428;294.5;Job VAN UITERT;;LMP2;;IDEC Sport;Oreca;GF;35.986;59.981;32.428;
28;2;84;2:08.372;0;;35.905;0;59.969;0;32.498;0;196.4;3:43:25.342;16:43:33.008;0:35.905;0:59.969;0:32.498;284.4;Job VAN UITERT;;LMP2;;IDEC Sport;Oreca;GF;35.905;59.969;32.498;
28;2;85;2:08.963;0;;35.902;0;1:00.173;0;32.888;0;195.5;3:45:34.305;16:45:41.971;0:35.902;1:00.173;0:32.888;297.7;Job VAN UITERT;;LMP2;;IDEC Sport;Oreca;GF;35.902;60.173;32.888;
28;2;86;2:08.049;0;;35.806;0;59.898;0;32.345;0;196.9;3:47:42.354;16:47:50.020;0:35.806;0:59.898;0:32.345;293.7;Job VAN UITERT;;LMP2;;IDEC Sport;Oreca;GF;35.806;59.898;32.345;
28;2;87;2:08.661;0;;35.828;0;1:00.223;0;32.610;0;196.0;3:49:51.015;16:49:58.681;0:35.828;1:00.223;0:32.610;296.9;Job VAN UITERT;;LMP2;;IDEC Sport;Oreca;GF;35.828;60.223;32.610;
28;2;88;2:08.719;0;;36.371;0;59.452;0;32.896;0;195.9;3:51:59.734;16:52:07.400;0:36.371;0:59.452;0:32.896;292.9;Job VAN UITERT;;LMP2;;IDEC Sport;Oreca;GF;36.371;59.452;32.896;
28;2;89;2:07.787;0;;36.049;0;59.429;0;32.309;0;197.3;3:54:07.521;16:54:15.187;0:36.049;0:59.429;0:32.309;293.7;Job VAN UITERT;;LMP2;;IDEC Sport;Oreca;GF;36.049;59.429;32.309;
28;2;90;2:08.142;0;;36.095;0;59.624;0;32.423;0;196.8;3:56:15.663;16:56:23.329;0:36.095;0:59.624;0:32.423;294.5;Job VAN UITERT;;LMP2;;IDEC Sport;Oreca;GF;36.095;59.624;32.423;
28;2;91;2:06.881;0;;35.866;0;58.875;0;32.140;0;198.7;3:58:22.544;16:58:30.210;0:35.866;0:58.875;0:32.140;296.9;Job VAN UITERT;;LMP2;;IDEC Sport;Oreca;GF;35.866;58.875;32.140;
28;2;92;2:06.333;0;;35.705;0;58.533;0;32.095;0;199.6;4:00:28.877;17:00:36.543;0:35.705;0:58.533;0:32.095;298.5;Job VAN UITERT;;LMP2;;IDEC Sport;Oreca;GF;35.705;58.533;32.095;
28;2;93;2:06.812;0;;35.644;0;58.903;0;32.265;0;198.8;4:02:35.689;17:02:43.355;0:35.644;0:58.903;0:32.265;298.5;Job VAN UITERT;;LMP2;;IDEC Sport;Oreca;FF;35.644;58.903;32.265;
29;1;1;2:26.830;0;;38.372;0;1:01.557;0;46.901;0;168.7;2:26.830;13:02:34.496;0:38.372;1:01.557;0:46.901;286.7;Louis ROUSSET;;LMP2;;Forestier Racing by Panis;Oreca;SF;38.372;61.557;46.901;
29;1;2;4:19.543;0;;1:19.259;0;1:52.126;0;1:08.158;0;97.1;6:46.373;13:06:54.039;1:19.259;1:52.126;1:08.158;;Louis ROUSSET;;LMP2;;Forestier Racing by Panis;Oreca;SF;79.259;112.126;68.158;
29;1;3;4:19.422;0;;1:30.691;0;1:52.626;0;56.105;0;97.2;11:05.795;13:11:13.461;1:30.691;1:52.626;0:56.105;;Louis ROUSSET;;LMP2;;Forestier Racing by Panis;Oreca;SF;90.691;112.626;56.105;
29;1;4;3:06.122;0;;59.498;0;1:19.113;0;47.511;0;135.5;14:11.917;13:14:19.583;0:59.498;1:19.113;0:47.511;191.8;Louis ROUSSET;;LMP2;;Forestier Racing by Panis;Oreca;GF;59.498;79.113;47.511;
29;1;5;2:06.847;0;;36.022;0;58.480;0;32.345;0;198.8;16:18.764;13:16:26.430;0:36.022;0:58.480;0:32.345;296.1;Louis ROUSSET;;LMP2;;Forestier Racing by Panis;Oreca;GF;36.022;58.480;32.345;
29;1;6;2:07.065;0;;35.817;0;58.933;0;32.315;0;198.4;18:25.829;13:18:33.495;0:35.817;0:58.933;0:32.315;296.9;Louis ROUSSET;;LMP2;;Forestier Racing by Panis;Oreca;GF;35.817;58.933;32.315;
29;1;7;2:04.961;0;;35.558;0;57.470;1;31.933;1;201.8;20:30.790;13:20:38.456;0:35.558;0:57.470;0:31.933;297.7;Louis ROUSSET;;LMP2;;Forestier Racing by Panis;Oreca;GF;35.558;57.470;31.933;
29;1;8;2:05.188;0;;35.520;1;57.582;0;32.086;0;201.4;22:35.978;13:22:43.644;0:35.520;0:57.582;0:32.086;297.7;Louis ROUSSET;;LMP2;;Forestier Racing by Panis;Oreca;GF;35.520;57.582;32.086;
29;1;9;2:04.951;0;;35.552;0;57.394;0;32.005;0;201.8;24:40.929;13:24:48.595;0:35.552;0:57.394;0:32.005;296.1;Louis ROUSSET;;LMP2;;Forestier Racing by Panis;Oreca;GF;35.552;57.394;32.005;
29;1;10;2:05.583;0;;35.640;0;57.603;0;32.340;0;200.8;26:46.512;13:26:54.178;0:35.640;0:57.603;0:32.340;298.5;Louis ROUSSET;;LMP2;;Forestier Racing by Panis;Oreca;GF;35.640;57.603;32.340;
29;1;11;2:06.758;0;;35.932;0;58.739;0;32.087;0;198.9;28:53.270;13:29:00.936;0:35.932;0:58.739;0:32.087;298.5;Louis ROUSSET;;LMP2;;Forestier Racing by Panis;Oreca;GF;35.932;58.739;32.087;
29;1;12;2:12.181;0;;37.435;0;1:02.090;0;32.656;0;190.8;31:05.451;13:31:13.117;0:37.435;1:02.090;0:32.656;289.7;Louis ROUSSET;;LMP2;;Forestier Racing by Panis;Oreca;GF;37.435;62.090;32.656;
29;1;13;2:08.822;0;;35.774;0;1:00.307;0;32.741;0;195.7;33:14.273;13:33:21.939;0:35.774;1:00.307;0:32.741;301.0;Louis ROUSSET;;LMP2;;Forestier Racing by Panis;Oreca;GF;35.774;60.307;32.741;
29;1;14;2:06.734;0;;35.875;0;58.162;0;32.697;0;199.0;35:21.007;13:35:28.673;0:35.875;0:58.162;0:32.697;297.7;Louis ROUSSET;;LMP2;;Forestier Racing by Panis;Oreca;GF;35.875;58.162;32.697;
29;1;15;2:06.731;0;;35.628;0;58.203;0;32.900;0;199.0;37:27.738;13:37:35.404;0:35.628;0:58.203;0:32.900;297.7;Louis ROUSSET;;LMP2;;Forestier Racing by Panis;Oreca;GF;35.628;58.203;32.900;
29;1;16;2:08.594;0;;35.925;0;59.725;0;32.944;0;196.1;39:36.332;13:39:43.998;0:35.925;0:59.725;0:32.944;296.9;Louis ROUSSET;;LMP2;;Forestier Racing by Panis;Oreca;GF;35.925;59.725;32.944;
29;1;17;4:01.823;0;B;36.093;0;1:56.712;0;1:29.018;0;104.3;43:38.155;13:43:45.821;0:36.093;1:56.712;1:29.018;295.3;Louis ROUSSET;;LMP2;;Forestier Racing by Panis;Oreca;GF;36.093;116.712;89.018;
29;1;18;6:00.825;0;;2:27.733;0;2:07.938;0;1:25.154;0;69.9;49:38.980;13:49:46.646;2:27.733;2:07.938;1:25.154;;Louis ROUSSET;0:01:07.704;LMP2;;Forestier Racing by Panis;Oreca;GF;147.733;127.938;85.154;
29;1;19;4:15.596;0;;1:41.576;0;1:20.265;0;1:13.755;0;98.6;53:54.576;13:54:02.242;1:41.576;1:20.265;1:13.755;;Louis ROUSSET;;LMP2;;Forestier Racing by Panis;Oreca;SF;101.576;80.265;73.755;
29;1;20;4:51.268;0;;1:25.921;0;1:51.991;0;1:33.356;0;86.6;58:45.844;13:58:53.510;1:25.921;1:51.991;1:33.356;;Louis ROUSSET;;LMP2;;Forestier Racing by Panis;Oreca;SF;85.921;111.991;93.356;
29;1;21;4:15.190;0;;1:23.185;0;1:42.976;0;1:09.029;0;98.8;1:03:01.034;14:03:08.700;1:23.185;1:42.976;1:09.029;;Louis ROUSSET;;LMP2;;Forestier Racing by Panis;Oreca;SF;83.185;102.976;69.029;
29;1;22;2:57.461;0;;48.788;0;1:19.613;0;49.060;0;142.1;1:05:58.495;14:06:06.161;0:48.788;1:19.613;0:49.060;172.0;Louis ROUSSET;;LMP2;;Forestier Racing by Panis;Oreca;GF;48.788;79.613;49.060;
29;1;23;2:10.169;0;;37.037;0;59.866;0;33.266;0;193.7;1:08:08.664;14:08:16.330;0:37.037;0:59.866;0:33.266;288.2;Louis ROUSSET;;LMP2;;Forestier Racing by Panis;Oreca;SF;37.037;59.866;33.266;
29;1;24;4:21.928;0;;1:19.853;0;1:56.315;0;1:05.760;0;96.3;1:12:30.592;14:12:38.258;1:19.853;1:56.315;1:05.760;;Louis ROUSSET;;LMP2;;Forestier Racing by Panis;Oreca;SF;79.853;116.315;65.760;
29;1;25;3:04.784;0;;47.657;0;1:20.605;0;56.522;0;136.5;1:15:35.376;14:15:43.042;0:47.657;1:20.605;0:56.522;235.6;Louis ROUSSET;;LMP2;;Forestier Racing by Panis;Oreca;GF;47.657;80.605;56.522;
29;1;26;2:08.845;0;;36.354;0;59.559;0;32.932;0;195.7;1:17:44.221;14:17:51.887;0:36.354;0:59.559;0:32.932;292.1;Louis ROUSSET;;LMP2;;Forestier Racing by Panis;Oreca;GF;36.354;59.559;32.932;
29;1;27;3:45.228;0;;35.832;0;1:43.604;0;1:25.792;0;111.9;1:21:29.449;14:21:37.115;0:35.832;1:43.604;1:25.792;295.3;Louis ROUSSET;;LMP2;;Forestier Racing by Panis;Oreca;SF;35.832;103.604;85.792;
29;1;28;3:37.814;0;;1:23.716;0;1:29.578;0;44.520;0;115.8;1:25:07.263;14:25:14.929;1:23.716;1:29.578;0:44.520;;Louis ROUSSET;;LMP2;;Forestier Racing by Panis;Oreca;SF;83.716;89.578;44.520;
29;1;29;3:01.613;0;;46.461;0;1:25.182;0;49.970;0;138.8;1:28:08.876;14:28:16.542;0:46.461;1:25.182;0:49.970;194.9;Louis ROUSSET;;LMP2;;Forestier Racing by Panis;Oreca;GF;46.461;85.182;49.970;
29;1;30;2:11.396;0;;36.150;0;59.704;0;35.542;0;191.9;1:30:20.272;14:30:27.938;0:36.150;0:59.704;0:35.542;292.1;Louis ROUSSET;;LMP2;;Forestier Racing by Panis;Oreca;SF;36.150;59.704;35.542;
29;1;31;4:13.332;0;;1:25.203;0;1:45.894;0;1:02.235;0;99.5;1:34:33.604;14:34:41.270;1:25.203;1:45.894;1:02.235;;Louis ROUSSET;;LMP2;;Forestier Racing by Panis;Oreca;SF;85.203;105.894;62.235;
29;1;32;4:00.790;0;;1:11.510;0;1:41.654;0;1:07.626;0;104.7;1:38:34.394;14:38:42.060;1:11.510;1:41.654;1:07.626;122.3;Louis ROUSSET;;LMP2;;Forestier Racing by Panis;Oreca;SF;71.510;101.654;67.626;
29;1;33;3:50.470;0;;1:34.573;0;1:31.830;0;44.067;0;109.4;1:42:24.864;14:42:32.530;1:34.573;1:31.830;0:44.067;;Louis ROUSSET;;LMP2;;Forestier Racing by Panis;Oreca;SF;94.573;91.830;44.067;
29;1;34;3:07.162;0;;45.525;0;1:34.069;0;47.568;0;134.7;1:45:32.026;14:45:39.692;0:45.525;1:34.069;0:47.568;238.7;Louis ROUSSET;;LMP2;;Forestier Racing by Panis;Oreca;GF;45.525;94.069;47.568;
29;1;35;2:13.892;0;B;36.412;0;58.450;0;39.030;0;188.3;1:47:45.918;14:47:53.584;0:36.412;0:58.450;0:39.030;292.9;Louis ROUSSET;;LMP2;;Forestier Racing by Panis;Oreca;GF;36.412;58.450;39.030;
29;2;36;3:20.804;0;;1:48.012;0;1:00.390;0;32.402;0;125.6;1:51:06.722;14:51:14.388;1:48.012;1:00.390;0:32.402;277.1;Oliver GRAY;0:01:20.948;LMP2;;Forestier Racing by Panis;Oreca;GF;108.012;60.390;32.402;
29;2;37;2:05.361;0;;35.811;0;57.584;0;31.966;0;201.1;1:53:12.083;14:53:19.749;0:35.811;0:57.584;0:31.966;298.5;Oliver GRAY;;LMP2;;Forestier Racing by Panis;Oreca;GF;35.811;57.584;31.966;
29;2;38;2:06.082;0;;36.028;0;57.892;0;32.162;0;200.0;1:55:18.165;14:55:25.831;0:36.028;0:57.892;0:32.162;294.5;Oliver GRAY;;LMP2;;Forestier Racing by Panis;Oreca;GF;36.028;57.892;32.162;
29;2;39;2:05.922;0;;35.401;0;58.424;0;32.097;0;200.2;1:57:24.087;14:57:31.753;0:35.401;0:58.424;0:32.097;300.2;Oliver GRAY;;LMP2;;Forestier Racing by Panis;Oreca;GF;35.401;58.424;32.097;
29;2;40;2:06.587;0;;35.441;0;59.279;0;31.867;0;199.2;1:59:30.674;14:59:38.340;0:35.441;0:59.279;0:31.867;301.0;Oliver GRAY;;LMP2;;Forestier Racing by Panis;Oreca;GF;35.441;59.279;31.867;
29;2;41;3:11.374;0;;50.853;0;1:27.643;0;52.878;0;131.8;2:02:42.048;15:02:49.714;0:50.853;1:27.643;0:52.878;168.5;Oliver GRAY;;LMP2;;Forestier Racing by Panis;Oreca;SF;50.853;87.643;52.878;
29;2;42;3:57.905;0;;57.561;0;1:42.747;0;1:17.597;0;106.0;2:06:39.953;15:06:47.619;0:57.561;1:42.747;1:17.597;166.2;Oliver GRAY;;LMP2;;Forestier Racing by Panis;Oreca;SF;57.561;102.747;77.597;
29;2;43;4:22.227;0;;1:17.949;0;1:41.894;0;1:22.384;0;96.2;2:11:02.180;15:11:09.846;1:17.949;1:41.894;1:22.384;;Oliver GRAY;;LMP2;;Forestier Racing by Panis;Oreca;SF;77.949;101.894;82.384;
29;2;44;3:56.726;0;;1:29.186;0;1:25.449;0;1:02.091;0;106.5;2:14:58.906;15:15:06.572;1:29.186;1:25.449;1:02.091;146.6;Oliver GRAY;;LMP2;;Forestier Racing by Panis;Oreca;GF;89.186;85.449;62.091;
29;2;45;2:08.226;0;;37.615;0;58.642;0;31.969;0;196.6;2:17:07.132;15:17:14.798;0:37.615;0:58.642;0:31.969;281.5;Oliver GRAY;;LMP2;;Forestier Racing by Panis;Oreca;GF;37.615;58.642;31.969;
29;2;46;2:04.084;0;;35.581;0;56.664;1;31.839;0;203.2;2:19:11.216;15:19:18.882;0:35.581;0:56.664;0:31.839;297.7;Oliver GRAY;;LMP2;;Forestier Racing by Panis;Oreca;GF;35.581;56.664;31.839;
29;2;47;2:06.120;0;;35.439;0;56.961;0;33.720;0;199.9;2:21:17.336;15:21:25.002;0:35.439;0:56.961;0:33.720;300.2;Oliver GRAY;;LMP2;;Forestier Racing by Panis;Oreca;GF;35.439;56.961;33.720;
29;2;48;2:07.497;0;;35.996;0;58.787;0;32.714;0;197.8;2:23:24.833;15:23:32.499;0:35.996;0:58.787;0:32.714;301.8;Oliver GRAY;;LMP2;;Forestier Racing by Panis;Oreca;GF;35.996;58.787;32.714;
29;2;49;2:04.296;0;;35.445;0;57.171;0;31.680;2;202.9;2:25:29.129;15:25:36.795;0:35.445;0:57.171;0:31.680;299.3;Oliver GRAY;;LMP2;;Forestier Racing by Panis;Oreca;GF;35.445;57.171;31.680;
29;2;50;2:03.912;0;;35.443;0;56.755;0;31.714;0;203.5;2:27:33.041;15:27:40.707;0:35.443;0:56.755;0:31.714;296.1;Oliver GRAY;;LMP2;;Forestier Racing by Panis;Oreca;GF;35.443;56.755;31.714;
29;2;51;2:05.068;0;;35.287;2;57.194;0;32.587;0;201.6;2:29:38.109;15:29:45.775;0:35.287;0:57.194;0:32.587;301.0;Oliver GRAY;;LMP2;;Forestier Racing by Panis;Oreca;GF;35.287;57.194;32.587;
29;2;52;2:07.689;0;;35.590;0;59.206;0;32.893;0;197.5;2:31:45.798;15:31:53.464;0:35.590;0:59.206;0:32.893;287.4;Oliver GRAY;;LMP2;;Forestier Racing by Panis;Oreca;GF;35.590;59.206;32.893;
29;2;53;2:04.735;0;;35.986;0;56.928;0;31.821;0;202.1;2:33:50.533;15:33:58.199;0:35.986;0:56.928;0:31.821;295.3;Oliver GRAY;;LMP2;;Forestier Racing by Panis;Oreca;GF;35.986;56.928;31.821;
29;2;54;2:10.675;0;B;35.521;0;56.983;0;38.171;0;193.0;2:36:01.208;15:36:08.874;0:35.521;0:56.983;0:38.171;298.5;Oliver GRAY;;LMP2;;Forestier Racing by Panis;Oreca;GF;35.521;56.983;38.171;
29;2;55;2:50.464;0;;1:19.085;0;59.286;0;32.093;0;147.9;2:38:51.672;15:38:59.338;1:19.085;0:59.286;0:32.093;299.3;Oliver GRAY;0:00:54.278;LMP2;;Forestier Racing by Panis;Oreca;GF;79.085;59.286;32.093;
29;2;56;2:05.211;0;;35.695;0;57.398;0;32.118;0;201.4;2:40:56.883;15:41:04.549;0:35.695;0:57.398;0:32.118;296.9;Oliver GRAY;;LMP2;;Forestier Racing by Panis;Oreca;GF;35.695;57.398;32.118;
29;2;57;2:05.622;0;;35.540;0;57.985;0;32.097;0;200.7;2:43:02.505;15:43:10.171;0:35.540;0:57.985;0:32.097;297.7;Oliver GRAY;;LMP2;;Forestier Racing by Panis;Oreca;GF;35.540;57.985;32.097;
29;2;58;2:05.562;0;;35.711;0;57.717;0;32.134;0;200.8;2:45:08.067;15:45:15.733;0:35.711;0:57.717;0:32.134;301.8;Oliver GRAY;;LMP2;;Forestier Racing by Panis;Oreca;GF;35.711;57.717;32.134;
29;2;59;2:05.079;0;;35.526;0;57.596;0;31.957;0;201.6;2:47:13.146;15:47:20.812;0:35.526;0:57.596;0:31.957;301.0;Oliver GRAY;;LMP2;;Forestier Racing by Panis;Oreca;GF;35.526;57.596;31.957;
29;2;60;2:08.832;0;;36.131;0;59.247;0;33.454;0;195.7;2:49:21.978;15:49:29.644;0:36.131;0:59.247;0:33.454;296.9;Oliver GRAY;;LMP2;;Forestier Racing by Panis;Oreca;GF;36.131;59.247;33.454;
29;2;61;2:07.892;0;;35.679;0;59.456;0;32.757;0;197.2;2:51:29.870;15:51:37.536;0:35.679;0:59.456;0:32.757;300.2;Oliver GRAY;;LMP2;;Forestier Racing by Panis;Oreca;GF;35.679;59.456;32.757;
29;2;62;2:05.970;0;;35.641;0;58.271;0;32.058;0;200.2;2:53:35.840;15:53:43.506;0:35.641;0:58.271;0:32.058;298.5;Oliver GRAY;;LMP2;;Forestier Racing by Panis;Oreca;GF;35.641;58.271;32.058;
29;2;63;2:11.704;0;B;35.469;0;58.096;0;38.139;0;191.4;2:55:47.544;15:55:55.210;0:35.469;0:58.096;0:38.139;300.2;Oliver GRAY;;LMP2;;Forestier Racing by Panis;Oreca;GF;35.469;58.096;38.139;
29;3;64;3:15.676;0;;1:43.081;0;1:00.631;0;31.964;0;128.9;2:59:03.220;15:59:10.886;1:43.081;1:00.631;0:31.964;284.4;Esteban MASSON;0:01:16.280;LMP2;;Forestier Racing by Panis;Oreca;GF;103.081;60.631;31.964;
29;3;65;2:07.148;0;;35.770;0;59.116;0;32.262;0;198.3;3:01:10.368;16:01:18.034;0:35.770;0:59.116;0:32.262;276.4;Esteban MASSON;;LMP2;;Forestier Racing by Panis;Oreca;GF;35.770;59.116;32.262;
29;3;66;2:04.618;0;;35.566;0;57.307;0;31.745;0;202.3;3:03:14.986;16:03:22.652;0:35.566;0:57.307;0:31.745;296.9;Esteban MASSON;;LMP2;;Forestier Racing by Panis;Oreca;GF;35.566;57.307;31.745;
29;3;67;2:03.718;2;;35.387;0;56.618;2;31.713;1;203.8;3:05:18.704;16:05:26.370;0:35.387;0:56.618;0:31.713;297.7;Esteban MASSON;;LMP2;;Forestier Racing by Panis;Oreca;GF;35.387;56.618;31.713;
29;3;68;2:05.145;0;;35.923;0;57.422;0;31.800;0;201.5;3:07:23.849;16:07:31.515;0:35.923;0:57.422;0:31.800;296.9;Esteban MASSON;;LMP2;;Forestier Racing by Panis;Oreca;GF;35.923;57.422;31.800;
29;3;69;2:04.687;0;;35.528;0;57.298;0;31.861;0;202.2;3:09:28.536;16:09:36.202;0:35.528;0:57.298;0:31.861;298.5;Esteban MASSON;;LMP2;;Forestier Racing by Panis;Oreca;GF;35.528;57.298;31.861;
29;3;70;2:04.907;0;;35.392;0;57.565;0;31.950;0;201.9;3:11:33.443;16:11:41.109;0:35.392;0:57.565;0:31.950;297.7;Esteban MASSON;;LMP2;;Forestier Racing by Panis;Oreca;GF;35.392;57.565;31.950;
29;3;71;2:05.505;0;;35.360;1;57.564;0;32.581;0;200.9;3:13:38.948;16:13:46.614;0:35.360;0:57.564;0:32.581;300.2;Esteban MASSON;;LMP2;;Forestier Racing by Panis;Oreca;GF;35.360;57.564;32.581;
29;3;72;2:05.381;0;;35.797;0;57.742;0;31.842;0;201.1;3:15:44.329;16:15:51.995;0:35.797;0:57.742;0:31.842;299.3;Esteban MASSON;;LMP2;;Forestier Racing by Panis;Oreca;GF;35.797;57.742;31.842;
29;3;73;2:06.437;0;;35.389;0;58.928;0;32.120;0;199.4;3:17:50.766;16:17:58.432;0:35.389;0:58.928;0:32.120;303.5;Esteban MASSON;;LMP2;;Forestier Racing by Panis;Oreca;GF;35.389;58.928;32.120;
29;3;74;2:04.322;0;;35.449;0;57.069;0;31.804;0;202.8;3:19:55.088;16:20:02.754;0:35.449;0:57.069;0:31.804;298.5;Esteban MASSON;;LMP2;;Forestier Racing by Panis;Oreca;GF;35.449;57.069;31.804;
29;3;75;2:04.244;0;;35.460;0;57.062;0;31.722;0;202.9;3:21:59.332;16:22:06.998;0:35.460;0:57.062;0:31.722;300.2;Esteban MASSON;;LMP2;;Forestier Racing by Panis;Oreca;GF;35.460;57.062;31.722;
29;3;76;2:05.970;0;;35.372;0;58.326;0;32.272;0;200.2;3:24:05.302;16:24:12.968;0:35.372;0:58.326;0:32.272;300.2;Esteban MASSON;;LMP2;;Forestier Racing by Panis;Oreca;GF;35.372;58.326;32.272;
29;3;77;2:06.481;0;;35.372;0;58.484;0;32.625;0;199.4;3:26:11.783;16:26:19.449;0:35.372;0:58.484;0:32.625;300.2;Esteban MASSON;;LMP2;;Forestier Racing by Panis;Oreca;GF;35.372;58.484;32.625;
29;3;78;2:14.213;0;B;35.896;0;58.631;0;39.686;0;187.9;3:28:25.996;16:28:33.662;0:35.896;0:58.631;0:39.686;297.7;Esteban MASSON;;LMP2;;Forestier Racing by Panis;Oreca;GF;35.896;58.631;39.686;
29;3;79;2:48.825;0;;1:17.948;0;58.616;0;32.261;0;149.4;3:31:14.821;16:31:22.487;1:17.948;0:58.616;0:32.261;296.9;Esteban MASSON;0:00:53.002;LMP2;;Forestier Racing by Panis;Oreca;GF;77.948;58.616;32.261;
29;3;80;2:05.543;0;;35.547;0;57.904;0;32.092;0;200.8;3:33:20.364;16:33:28.030;0:35.547;0:57.904;0:32.092;299.3;Esteban MASSON;;LMP2;;Forestier Racing by Panis;Oreca;GF;35.547;57.904;32.092;
29;3;81;2:08.208;0;;36.201;0;59.489;0;32.518;0;196.7;3:35:28.572;16:35:36.238;0:36.201;0:59.489;0:32.518;297.7;Esteban MASSON;;LMP2;;Forestier Racing by Panis;Oreca;GF;36.201;59.489;32.518;
29;3;82;2:07.251;0;;36.588;0;58.549;0;32.114;0;198.1;3:37:35.823;16:37:43.489;0:36.588;0:58.549;0:32.114;295.3;Esteban MASSON;;LMP2;;Forestier Racing by Panis;Oreca;GF;36.588;58.549;32.114;
29;3;83;2:05.649;0;;35.627;0;57.871;0;32.151;0;200.7;3:39:41.472;16:39:49.138;0:35.627;0:57.871;0:32.151;298.5;Esteban MASSON;;LMP2;;Forestier Racing by Panis;Oreca;GF;35.627;57.871;32.151;
29;3;84;2:05.813;0;;35.577;0;58.167;0;32.069;0;200.4;3:41:47.285;16:41:54.951;0:35.577;0:58.167;0:32.069;296.9;Esteban MASSON;;LMP2;;Forestier Racing by Panis;Oreca;GF;35.577;58.167;32.069;
29;3;85;2:06.493;0;;35.483;0;57.843;0;33.167;0;199.3;3:43:53.778;16:44:01.444;0:35.483;0:57.843;0:33.167;298.5;Esteban MASSON;;LMP2;;Forestier Racing by Panis;Oreca;GF;35.483;57.843;33.167;
29;3;86;2:05.772;0;;35.453;0;58.238;0;32.081;0;200.5;3:45:59.550;16:46:07.216;0:35.453;0:58.238;0:32.081;301.0;Esteban MASSON;;LMP2;;Forestier Racing by Panis;Oreca;GF;35.453;58.238;32.081;
29;3;87;2:05.177;0;;35.513;0;57.599;0;32.065;0;201.4;3:48:04.727;16:48:12.393;0:35.513;0:57.599;0:32.065;298.5;Esteban MASSON;;LMP2;;Forestier Racing by Panis;Oreca;GF;35.513;57.599;32.065;
29;3;88;2:07.991;0;;35.737;0;59.720;0;32.534;0;197.0;3:50:12.718;16:50:20.384;0:35.737;0:59.720;0:32.534;300.2;Esteban MASSON;;LMP2;;Forestier Racing by Panis;Oreca;GF;35.737;59.720;32.534;
29;3;89;2:06.082;0;;35.766;0;58.345;0;31.971;0;200.0;3:52:18.800;16:52:26.466;0:35.766;0:58.345;0:31.971;296.1;Esteban MASSON;;LMP2;;Forestier Racing by Panis;Oreca;GF;35.766;58.345;31.971;
29;3;90;2:07.491;0;;35.412;0;1:00.127;0;31.952;0;197.8;3:54:26.291;16:54:33.957;0:35.412;1:00.127;0:31.952;299.3;Esteban MASSON;;LMP2;;Forestier Racing by Panis;Oreca;GF;35.412;60.127;31.952;
29;3;91;2:07.005;0;;35.452;0;59.343;0;32.210;0;198.5;3:56:33.296;16:56:40.962;0:35.452;0:59.343;0:32.210;285.2;Esteban MASSON;;LMP2;;Forestier Racing by Panis;Oreca;GF;35.452;59.343;32.210;
29;3;92;2:07.151;0;;35.494;0;58.746;0;32.911;0;198.3;3:58:40.447;16:58:48.113;0:35.494;0:58.746;0:32.911;300.2;Esteban MASSON;;LMP2;;Forestier Racing by Panis;Oreca;GF;35.494;58.746;32.911;
29;3;93;2:05.034;0;;35.503;0;57.589;0;31.942;0;201.7;4:00:45.481;17:00:53.147;0:35.503;0:57.589;0:31.942;299.3;Esteban MASSON;;LMP2;;Forestier Racing by Panis;Oreca;FF;35.503;57.589;31.942;
3;1;1;2:31.178;0;;41.005;0;1:02.671;0;47.502;0;163.9;2:31.178;13:02:38.844;0:41.005;1:02.671;0:47.502;250.3;Jean GLORIEUX;;LMP2 Pro/Am;;DKR Engineering;Oreca;SF;41.005;62.671;47.502;
3;1;2;4:20.681;0;;1:21.865;0;1:50.844;0;1:07.972;0;96.7;6:51.859;13:06:59.525;1:21.865;1:50.844;1:07.972;;Jean GLORIEUX;;LMP2 Pro/Am;;DKR Engineering;Oreca;SF;81.865;110.844;67.972;
3;1;3;4:20.362;0;;1:31.637;0;1:51.338;0;57.387;0;96.8;11:12.221;13:11:19.887;1:31.637;1:51.338;0:57.387;;Jean GLORIEUX;;LMP2 Pro/Am;;DKR Engineering;Oreca;SF;91.637;111.338;57.387;
3;1;4;3:04.487;0;;59.992;0;1:15.911;0;48.584;0;136.7;14:16.708;13:14:24.374;0:59.992;1:15.911;0:48.584;202.9;Jean GLORIEUX;;LMP2 Pro/Am;;DKR Engineering;Oreca;GF;59.992;75.911;48.584;
3;1;5;2:07.722;0;;36.456;0;58.773;0;32.493;0;197.4;16:24.430;13:16:32.096;0:36.456;0:58.773;0:32.493;296.9;Jean GLORIEUX;;LMP2 Pro/Am;;DKR Engineering;Oreca;GF;36.456;58.773;32.493;
3;1;6;2:07.331;0;;36.255;0;58.819;0;32.257;0;198.0;18:31.761;13:18:39.427;0:36.255;0:58.819;0:32.257;296.9;Jean GLORIEUX;;LMP2 Pro/Am;;DKR Engineering;Oreca;GF;36.255;58.819;32.257;
3;1;7;2:07.923;0;;36.136;0;58.790;0;32.997;0;197.1;20:39.684;13:20:47.350;0:36.136;0:58.790;0:32.997;294.5;Jean GLORIEUX;;LMP2 Pro/Am;;DKR Engineering;Oreca;GF;36.136;58.790;32.997;
3;1;8;2:09.912;0;;36.963;0;1:00.354;0;32.595;0;194.1;22:49.596;13:22:57.262;0:36.963;1:00.354;0:32.595;303.5;Jean GLORIEUX;;LMP2 Pro/Am;;DKR Engineering;Oreca;GF;36.963;60.354;32.595;
3;1;9;2:08.439;0;;36.214;0;59.781;0;32.444;0;196.3;24:58.035;13:25:05.701;0:36.214;0:59.781;0:32.444;301.0;Jean GLORIEUX;;LMP2 Pro/Am;;DKR Engineering;Oreca;GF;36.214;59.781;32.444;
3;1;10;2:07.959;0;;36.623;0;59.251;0;32.085;1;197.0;27:05.994;13:27:13.660;0:36.623;0:59.251;0:32.085;296.9;Jean GLORIEUX;;LMP2 Pro/Am;;DKR Engineering;Oreca;GF;36.623;59.251;32.085;
3;1;11;2:07.181;0;;35.565;0;59.066;0;32.550;0;198.3;29:13.175;13:29:20.841;0:35.565;0:59.066;0:32.550;303.5;Jean GLORIEUX;;LMP2 Pro/Am;;DKR Engineering;Oreca;GF;35.565;59.066;32.550;
3;1;12;2:07.384;0;;36.179;0;58.791;0;32.414;0;197.9;31:20.559;13:31:28.225;0:36.179;0:58.791;0:32.414;298.5;Jean GLORIEUX;;LMP2 Pro/Am;;DKR Engineering;Oreca;GF;36.179;58.791;32.414;
3;1;13;2:09.532;0;;37.297;0;59.421;0;32.814;0;194.7;33:30.091;13:33:37.757;0:37.297;0:59.421;0:32.814;278.6;Jean GLORIEUX;;LMP2 Pro/Am;;DKR Engineering;Oreca;GF;37.297;59.421;32.814;
3;1;14;2:08.059;0;;35.971;0;59.702;0;32.386;0;196.9;35:38.150;13:35:45.816;0:35.971;0:59.702;0:32.386;299.3;Jean GLORIEUX;;LMP2 Pro/Am;;DKR Engineering;Oreca;GF;35.971;59.702;32.386;
3;1;15;2:06.748;0;;35.610;0;58.994;0;32.144;0;198.9;37:44.898;13:37:52.564;0:35.610;0:58.994;0:32.144;302.7;Jean GLORIEUX;;LMP2 Pro/Am;;DKR Engineering;Oreca;GF;35.610;58.994;32.144;
3;1;16;2:07.621;0;;36.928;0;58.498;1;32.195;0;197.6;39:52.519;13:40:00.185;0:36.928;0:58.498;0:32.195;296.1;Jean GLORIEUX;;LMP2 Pro/Am;;DKR Engineering;Oreca;GF;36.928;58.498;32.195;
3;1;17;4:58.032;0;;47.015;0;2:09.405;0;2:01.612;0;84.6;44:50.551;13:44:58.217;0:47.015;2:09.405;2:01.612;;Jean GLORIEUX;;LMP2 Pro/Am;;DKR Engineering;Oreca;GF;47.015;129.405;121.612;
3;1;18;5:25.122;0;B;1:43.331;0;2:10.324;0;1:31.467;0;77.6;50:15.673;13:50:23.339;1:43.331;2:10.324;1:31.467;;Jean GLORIEUX;;LMP2 Pro/Am;;DKR Engineering;Oreca;GF;103.331;130.324;91.467;
3;1;19;3:48.874;0;;1:55.731;0;1:10.625;0;42.518;0;110.2;54:04.547;13:54:12.213;1:55.731;1:10.625;0:42.518;179.1;Jean GLORIEUX;0:01:02.228;LMP2 Pro/Am;;DKR Engineering;Oreca;SF;115.731;70.625;42.518;
3;1;20;4:50.367;0;;1:28.726;0;1:46.381;0;1:35.260;0;86.8;58:54.914;13:59:02.580;1:28.726;1:46.381;1:35.260;155.2;Jean GLORIEUX;;LMP2 Pro/Am;;DKR Engineering;Oreca;SF;88.726;106.381;95.260;
3;1;21;4:16.199;0;;1:24.503;0;1:40.051;0;1:11.645;0;98.4;1:03:11.113;14:03:18.779;1:24.503;1:40.051;1:11.645;;Jean GLORIEUX;;LMP2 Pro/Am;;DKR Engineering;Oreca;SF;84.503;100.051;71.645;
3;1;22;2:54.677;0;;48.593;0;1:15.103;0;50.981;0;144.3;1:06:05.790;14:06:13.456;0:48.593;1:15.103;0:50.981;180.9;Jean GLORIEUX;;LMP2 Pro/Am;;DKR Engineering;Oreca;GF;48.593;75.103;50.981;
3;1;23;2:21.205;0;;38.850;0;1:02.735;0;39.620;0;178.6;1:08:26.995;14:08:34.661;0:38.850;1:02.735;0:39.620;281.5;Jean GLORIEUX;;LMP2 Pro/Am;;DKR Engineering;Oreca;SF;38.850;62.735;39.620;
3;1;24;4:16.675;0;;1:11.829;0;1:55.514;0;1:09.332;0;98.2;1:12:43.670;14:12:51.336;1:11.829;1:55.514;1:09.332;;Jean GLORIEUX;;LMP2 Pro/Am;;DKR Engineering;Oreca;SF;71.829;115.514;69.332;
3;1;25;2:57.317;0;;46.919;0;1:15.093;0;55.305;0;142.2;1:15:40.987;14:15:48.653;0:46.919;1:15.093;0:55.305;208.8;Jean GLORIEUX;;LMP2 Pro/Am;;DKR Engineering;Oreca;GF;46.919;75.093;55.305;
3;1;26;2:08.074;0;;36.716;0;58.511;0;32.847;0;196.9;1:17:49.061;14:17:56.727;0:36.716;0:58.511;0:32.847;298.5;Jean GLORIEUX;;LMP2 Pro/Am;;DKR Engineering;Oreca;GF;36.716;58.511;32.847;
3;1;27;3:46.156;0;;35.385;1;1:44.339;0;1:26.432;0;111.5;1:21:35.217;14:21:42.883;0:35.385;1:44.339;1:26.432;303.5;Jean GLORIEUX;;LMP2 Pro/Am;;DKR Engineering;Oreca;SF;35.385;104.339;86.432;
3;1;28;3:37.160;0;;1:23.256;0;1:29.406;0;44.498;0;116.1;1:25:12.377;14:25:20.043;1:23.256;1:29.406;0:44.498;;Jean GLORIEUX;;LMP2 Pro/Am;;DKR Engineering;Oreca;SF;83.256;89.406;44.498;
3;1;29;2:59.112;0;;46.644;0;1:23.473;0;48.995;0;140.8;1:28:11.489;14:28:19.155;0:46.644;1:23.473;0:48.995;187.8;Jean GLORIEUX;;LMP2 Pro/Am;;DKR Engineering;Oreca;GF;46.644;83.473;48.995;
3;1;30;2:18.726;0;B;36.374;0;59.967;0;42.385;0;181.8;1:30:30.215;14:30:37.881;0:36.374;0:59.967;0:42.385;300.2;Jean GLORIEUX;;LMP2 Pro/Am;;DKR Engineering;Oreca;SF;36.374;59.967;42.385;
3;1;31;4:41.114;0;;1:59.372;0;1:42.596;0;59.146;0;89.7;1:35:11.329;14:35:18.995;1:59.372;1:42.596;0:59.146;;Jean GLORIEUX;0:01:08.870;LMP2 Pro/Am;;DKR Engineering;Oreca;SF;119.372;102.596;59.146;
3;1;32;4:03.963;0;;1:17.650;0;1:35.619;0;1:10.694;0;103.4;1:39:15.292;14:39:22.958;1:17.650;1:35.619;1:10.694;175.9;Jean GLORIEUX;;LMP2 Pro/Am;;DKR Engineering;Oreca;SF;77.650;95.619;70.694;
3;1;33;3:52.645;0;;1:43.958;0;1:16.036;0;52.651;0;108.4;1:43:07.937;14:43:15.603;1:43.958;1:16.036;0:52.651;;Jean GLORIEUX;;LMP2 Pro/Am;;DKR Engineering;Oreca;SF;103.958;76.036;52.651;
3;1;34;2:55.553;0;B;46.231;0;1:21.356;0;47.966;0;143.6;1:46:03.490;14:46:11.156;0:46.231;1:21.356;0:47.966;187.5;Jean GLORIEUX;;LMP2 Pro/Am;;DKR Engineering;Oreca;GF;46.231;81.356;47.966;
3;2;35;3:20.742;0;;1:46.545;0;1:01.615;0;32.582;0;125.6;1:49:24.232;14:49:31.898;1:46.545;1:01.615;0:32.582;274.3;Marlon HERNANDEZ;0:01:18.966;LMP2 Pro/Am;;DKR Engineering;Oreca;GF;106.545;61.615;32.582;
3;2;36;2:06.251;0;;35.678;0;58.667;0;31.906;0;199.7;1:51:30.483;14:51:38.149;0:35.678;0:58.667;0:31.906;301.8;Marlon HERNANDEZ;;LMP2 Pro/Am;;DKR Engineering;Oreca;GF;35.678;58.667;31.906;
3;2;37;2:04.627;0;;35.529;0;57.401;1;31.697;2;202.3;1:53:35.110;14:53:42.776;0:35.529;0:57.401;0:31.697;303.5;Marlon HERNANDEZ;;LMP2 Pro/Am;;DKR Engineering;Oreca;GF;35.529;57.401;31.697;
3;2;38;2:05.088;0;;35.314;0;57.919;0;31.855;0;201.6;1:55:40.198;14:55:47.864;0:35.314;0:57.919;0:31.855;301.8;Marlon HERNANDEZ;;LMP2 Pro/Am;;DKR Engineering;Oreca;GF;35.314;57.919;31.855;
3;2;39;2:07.778;0;;36.748;0;58.128;0;32.902;0;197.3;1:57:47.976;14:57:55.642;0:36.748;0:58.128;0:32.902;293.7;Marlon HERNANDEZ;;LMP2 Pro/Am;;DKR Engineering;Oreca;GF;36.748;58.128;32.902;
3;2;40;2:10.635;0;;35.249;1;59.943;0;35.443;0;193.0;1:59:58.611;15:00:06.277;0:35.249;0:59.943;0:35.443;303.5;Marlon HERNANDEZ;;LMP2 Pro/Am;;DKR Engineering;Oreca;SF;35.249;59.943;35.443;
3;2;41;3:01.127;0;;44.835;0;1:22.710;0;53.582;0;139.2;2:02:59.738;15:03:07.404;0:44.835;1:22.710;0:53.582;221.6;Marlon HERNANDEZ;;LMP2 Pro/Am;;DKR Engineering;Oreca;SF;44.835;82.710;53.582;
3;2;42;3:56.823;0;;55.329;0;1:44.625;0;1:16.869;0;106.5;2:06:56.561;15:07:04.227;0:55.329;1:44.625;1:16.869;161.7;Marlon HERNANDEZ;;LMP2 Pro/Am;;DKR Engineering;Oreca;SF;55.329;104.625;76.869;
3;2;43;4:20.314;0;;1:18.772;0;1:38.111;0;1:23.431;0;96.9;2:11:16.875;15:11:24.541;1:18.772;1:38.111;1:23.431;;Marlon HERNANDEZ;;LMP2 Pro/Am;;DKR Engineering;Oreca;SF;78.772;98.111;83.431;
3;2;44;3:50.804;0;;1:30.546;0;1:19.674;0;1:00.584;0;109.2;2:15:07.679;15:15:15.345;1:30.546;1:19.674;1:00.584;;Marlon HERNANDEZ;;LMP2 Pro/Am;;DKR Engineering;Oreca;GF;90.546;79.674;60.584;
3;2;45;2:11.750;0;;37.695;0;1:00.905;0;33.150;0;191.4;2:17:19.429;15:17:27.095;0:37.695;1:00.905;0:33.150;293.7;Marlon HERNANDEZ;;LMP2 Pro/Am;;DKR Engineering;Oreca;GF;37.695;60.905;33.150;
3;2;46;2:06.950;0;;36.935;0;58.062;0;31.953;0;198.6;2:19:26.379;15:19:34.045;0:36.935;0:58.062;0:31.953;296.1;Marlon HERNANDEZ;;LMP2 Pro/Am;;DKR Engineering;Oreca;GF;36.935;58.062;31.953;
3;2;47;2:05.950;0;;35.355;0;58.679;0;31.916;0;200.2;2:21:32.329;15:21:39.995;0:35.355;0:58.679;0:31.916;303.5;Marlon HERNANDEZ;;LMP2 Pro/Am;;DKR Engineering;Oreca;GF;35.355;58.679;31.916;
3;2;48;2:08.821;0;;35.296;0;59.780;0;33.745;0;195.7;2:23:41.150;15:23:48.816;0:35.296;0:59.780;0:33.745;305.2;Marlon HERNANDEZ;;LMP2 Pro/Am;;DKR Engineering;Oreca;GF;35.296;59.780;33.745;
3;2;49;2:08.617;0;;36.262;0;59.559;0;32.796;0;196.0;2:25:49.767;15:25:57.433;0:36.262;0:59.559;0:32.796;301.0;Marlon HERNANDEZ;;LMP2 Pro/Am;;DKR Engineering;Oreca;GF;36.262;59.559;32.796;
3;2;50;2:07.060;0;;35.832;0;59.309;0;31.919;0;198.4;2:27:56.827;15:28:04.493;0:35.832;0:59.309;0:31.919;289.7;Marlon HERNANDEZ;;LMP2 Pro/Am;;DKR Engineering;Oreca;GF;35.832;59.309;31.919;
3;2;51;2:04.915;0;;35.468;0;57.657;0;31.790;0;201.9;2:30:01.742;15:30:09.408;0:35.468;0:57.657;0:31.790;303.5;Marlon HERNANDEZ;;LMP2 Pro/Am;;DKR Engineering;Oreca;GF;35.468;57.657;31.790;
3;2;52;2:05.256;0;;35.428;0;57.656;0;32.172;0;201.3;2:32:06.998;15:32:14.664;0:35.428;0:57.656;0:32.172;303.5;Marlon HERNANDEZ;;LMP2 Pro/Am;;DKR Engineering;Oreca;GF;35.428;57.656;32.172;
3;2;53;2:07.095;0;;35.395;0;59.449;0;32.251;0;198.4;2:34:14.093;15:34:21.759;0:35.395;0:59.449;0:32.251;303.5;Marlon HERNANDEZ;;LMP2 Pro/Am;;DKR Engineering;Oreca;GF;35.395;59.449;32.251;
3;2;54;2:06.931;0;;35.506;0;59.471;0;31.954;0;198.6;2:36:21.024;15:36:28.690;0:35.506;0:59.471;0:31.954;304.4;Marlon HERNANDEZ;;LMP2 Pro/Am;;DKR Engineering;Oreca;GF;35.506;59.471;31.954;
3;2;55;2:13.323;0;B;35.405;0;59.665;0;38.253;0;189.1;2:38:34.347;15:38:42.013;0:35.405;0:59.665;0:38.253;304.4;Marlon HERNANDEZ;;LMP2 Pro/Am;;DKR Engineering;Oreca;GF;35.405;59.665;38.253;
3;2;56;2:52.673;0;;1:18.796;0;1:00.740;0;33.137;0;146.0;2:41:27.020;15:41:34.686;1:18.796;1:00.740;0:33.137;299.3;Marlon HERNANDEZ;0:00:53.800;LMP2 Pro/Am;;DKR Engineering;Oreca;GF;78.796;60.740;33.137;
3;2;57;2:07.012;0;;35.700;0;59.295;0;32.017;0;198.5;2:43:34.032;15:43:41.698;0:35.700;0:59.295;0:32.017;302.7;Marlon HERNANDEZ;;LMP2 Pro/Am;;DKR Engineering;Oreca;GF;35.700;59.295;32.017;
3;2;58;2:05.765;0;;35.518;0;58.247;0;32.000;0;200.5;2:45:39.797;15:45:47.463;0:35.518;0:58.247;0:32.000;303.5;Marlon HERNANDEZ;;LMP2 Pro/Am;;DKR Engineering;Oreca;GF;35.518;58.247;32.000;
3;2;59;2:06.089;0;;35.532;0;58.593;0;31.964;0;200.0;2:47:45.886;15:47:53.552;0:35.532;0:58.593;0:31.964;303.5;Marlon HERNANDEZ;;LMP2 Pro/Am;;DKR Engineering;Oreca;GF;35.532;58.593;31.964;
3;2;60;2:06.704;0;;36.265;0;58.348;0;32.091;0;199.0;2:49:52.590;15:50:00.256;0:36.265;0:58.348;0:32.091;297.7;Marlon HERNANDEZ;;LMP2 Pro/Am;;DKR Engineering;Oreca;GF;36.265;58.348;32.091;
3;2;61;2:06.258;0;;35.479;0;58.794;0;31.985;0;199.7;2:51:58.848;15:52:06.514;0:35.479;0:58.794;0:31.985;303.5;Marlon HERNANDEZ;;LMP2 Pro/Am;;DKR Engineering;Oreca;GF;35.479;58.794;31.985;
3;2;62;2:08.189;0;;35.710;0;59.369;0;33.110;0;196.7;2:54:07.037;15:54:14.703;0:35.710;0:59.369;0:33.110;301.0;Marlon HERNANDEZ;;LMP2 Pro/Am;;DKR Engineering;Oreca;GF;35.710;59.369;33.110;
3;2;63;2:12.914;0;B;35.447;0;59.510;0;37.957;0;189.7;2:56:19.951;15:56:27.617;0:35.447;0:59.510;0:37.957;304.4;Marlon HERNANDEZ;;LMP2 Pro/Am;;DKR Engineering;Oreca;GF;35.447;59.510;37.957;
3;3;64;3:28.508;0;;1:55.256;0;1:01.034;0;32.218;0;120.9;2:59:48.459;15:59:56.125;1:55.256;1:01.034;0:32.218;278.6;Julien ANDLAUER;0:01:28.237;LMP2 Pro/Am;;DKR Engineering;Oreca;GF;115.256;61.034;32.218;
3;3;65;2:06.796;0;;35.470;0;58.799;0;32.527;0;198.9;3:01:55.255;16:02:02.921;0:35.470;0:58.799;0:32.527;301.8;Julien ANDLAUER;;LMP2 Pro/Am;;DKR Engineering;Oreca;GF;35.470;58.799;32.527;
3;3;66;2:05.529;0;;35.483;0;58.050;0;31.996;0;200.9;3:04:00.784;16:04:08.450;0:35.483;0:58.050;0:31.996;300.2;Julien ANDLAUER;;LMP2 Pro/Am;;DKR Engineering;Oreca;GF;35.483;58.050;31.996;
3;3;67;2:06.917;0;;35.501;0;58.715;0;32.701;0;198.7;3:06:07.701;16:06:15.367;0:35.501;0:58.715;0:32.701;300.2;Julien ANDLAUER;;LMP2 Pro/Am;;DKR Engineering;Oreca;GF;35.501;58.715;32.701;
3;3;68;2:07.961;0;;36.083;0;59.625;0;32.253;0;197.0;3:08:15.662;16:08:23.328;0:36.083;0:59.625;0:32.253;297.7;Julien ANDLAUER;;LMP2 Pro/Am;;DKR Engineering;Oreca;GF;36.083;59.625;32.253;
3;3;69;2:04.296;2;;35.488;0;57.014;2;31.794;1;202.9;3:10:19.958;16:10:27.624;0:35.488;0:57.014;0:31.794;302.7;Julien ANDLAUER;;LMP2 Pro/Am;;DKR Engineering;Oreca;GF;35.488;57.014;31.794;
3;3;70;2:05.170;0;;35.252;0;57.803;0;32.115;0;201.4;3:12:25.128;16:12:32.794;0:35.252;0:57.803;0:32.115;303.5;Julien ANDLAUER;;LMP2 Pro/Am;;DKR Engineering;Oreca;GF;35.252;57.803;32.115;
3;3;71;2:07.398;0;;35.778;0;58.844;0;32.776;0;197.9;3:14:32.526;16:14:40.192;0:35.778;0:58.844;0:32.776;302.7;Julien ANDLAUER;;LMP2 Pro/Am;;DKR Engineering;Oreca;GF;35.778;58.844;32.776;
3;3;72;2:14.385;0;B;35.651;0;1:00.629;0;38.105;0;187.6;3:16:46.911;16:16:54.577;0:35.651;1:00.629;0:38.105;291.3;Julien ANDLAUER;;LMP2 Pro/Am;;DKR Engineering;Oreca;GF;35.651;60.629;38.105;
3;3;73;7:23.639;0;;5:53.626;0;57.818;0;32.195;0;56.8;3:24:10.550;16:24:18.216;5:53.626;0:57.818;0:32.195;294.5;Julien ANDLAUER;0:05:28.654;LMP2 Pro/Am;;DKR Engineering;Oreca;GF;353.626;57.818;32.195;
3;3;74;2:04.887;0;;35.376;0;57.402;0;32.109;0;201.9;3:26:15.437;16:26:23.103;0:35.376;0:57.402;0:32.109;301.8;Julien ANDLAUER;;LMP2 Pro/Am;;DKR Engineering;Oreca;GF;35.376;57.402;32.109;
3;3;75;2:09.528;0;;35.964;0;1:00.974;0;32.590;0;194.7;3:28:24.965;16:28:32.631;0:35.964;1:00.974;0:32.590;291.3;Julien ANDLAUER;;LMP2 Pro/Am;;DKR Engineering;Oreca;GF;35.964;60.974;32.590;
3;3;76;2:07.340;0;;35.551;0;58.781;0;33.008;0;198.0;3:30:32.305;16:30:39.971;0:35.551;0:58.781;0:33.008;296.1;Julien ANDLAUER;;LMP2 Pro/Am;;DKR Engineering;Oreca;GF;35.551;58.781;33.008;
3;3;77;2:05.737;0;;35.329;0;57.844;0;32.564;0;200.5;3:32:38.042;16:32:45.708;0:35.329;0:57.844;0:32.564;304.4;Julien ANDLAUER;;LMP2 Pro/Am;;DKR Engineering;Oreca;GF;35.329;57.844;32.564;
3;3;78;2:07.194;0;;35.230;2;59.887;0;32.077;0;198.2;3:34:45.236;16:34:52.902;0:35.230;0:59.887;0:32.077;306.1;Julien ANDLAUER;;LMP2 Pro/Am;;DKR Engineering;Oreca;GF;35.230;59.887;32.077;
3;3;79;2:04.936;0;;35.314;0;57.599;0;32.023;0;201.8;3:36:50.172;16:36:57.838;0:35.314;0:57.599;0:32.023;304.4;Julien ANDLAUER;;LMP2 Pro/Am;;DKR Engineering;Oreca;GF;35.314;57.599;32.023;
3;3;80;2:11.962;0;B;35.239;0;58.755;0;37.968;0;191.1;3:39:02.134;16:39:09.800;0:35.239;0:58.755;0:37.968;300.2;Julien ANDLAUER;;LMP2 Pro/Am;;DKR Engineering;Oreca;GF;35.239;58.755;37.968;
3;3;81;2:46.920;0;;1:16.265;0;58.513;0;32.142;0;151.1;3:41:49.054;16:41:56.720;1:16.265;0:58.513;0:32.142;297.7;Julien ANDLAUER;0:00:51.165;LMP2 Pro/Am;;DKR Engineering;Oreca;GF;76.265;58.513;32.142;
3;3;82;2:05.784;0;;35.608;0;57.538;0;32.638;0;200.5;3:43:54.838;16:44:02.504;0:35.608;0:57.538;0:32.638;301.8;Julien ANDLAUER;;LMP2 Pro/Am;;DKR Engineering;Oreca;GF;35.608;57.538;32.638;
3;3;83;2:05.534;0;;35.380;0;58.202;0;31.952;0;200.9;3:46:00.372;16:46:08.038;0:35.380;0:58.202;0:31.952;305.2;Julien ANDLAUER;;LMP2 Pro/Am;;DKR Engineering;Oreca;GF;35.380;58.202;31.952;
3;3;84;2:06.803;0;;35.374;0;59.024;0;32.405;0;198.8;3:48:07.175;16:48:14.841;0:35.374;0:59.024;0:32.405;302.7;Julien ANDLAUER;;LMP2 Pro/Am;;DKR Engineering;Oreca;GF;35.374;59.024;32.405;
3;3;85;2:08.050;0;;35.498;0;1:00.154;0;32.398;0;196.9;3:50:15.225;16:50:22.891;0:35.498;1:00.154;0:32.398;304.4;Julien ANDLAUER;;LMP2 Pro/Am;;DKR Engineering;Oreca;GF;35.498;60.154;32.398;
3;3;86;2:06.903;0;;35.655;0;58.969;0;32.279;0;198.7;3:52:22.128;16:52:29.794;0:35.655;0:58.969;0:32.279;295.3;Julien ANDLAUER;;LMP2 Pro/Am;;DKR Engineering;Oreca;GF;35.655;58.969;32.279;
3;3;87;2:08.658;0;;35.640;0;59.604;0;33.414;0;196.0;3:54:30.786;16:54:38.452;0:35.640;0:59.604;0:33.414;302.7;Julien ANDLAUER;;LMP2 Pro/Am;;DKR Engineering;Oreca;GF;35.640;59.604;33.414;
3;3;88;2:07.824;0;;35.413;0;59.506;0;32.905;0;197.3;3:56:38.610;16:56:46.276;0:35.413;0:59.506;0:32.905;305.2;Julien ANDLAUER;;LMP2 Pro/Am;;DKR Engineering;Oreca;GF;35.413;59.506;32.905;
3;3;89;2:07.509;0;;35.618;0;59.678;0;32.213;0;197.7;3:58:46.119;16:58:53.785;0:35.618;0:59.678;0:32.213;293.7;Julien ANDLAUER;;LMP2 Pro/Am;;DKR Engineering;Oreca;GF;35.618;59.678;32.213;
3;3;90;2:06.555;0;;35.671;0;58.823;0;32.061;0;199.2;4:00:52.674;17:01:00.340;0:35.671;0:58.823;0:32.061;306.1;Julien ANDLAUER;;LMP2 Pro/Am;;DKR Engineering;Oreca;FF;35.671;58.823;32.061;
30;1;1;2:29.018;0;;40.656;0;1:00.837;0;47.525;0;166.3;2:29.018;13:02:36.684;0:40.656;1:00.837;0:47.525;285.9;Giorgio RODA;;LMP2 Pro/Am;;Duqueine Team;Oreca;SF;40.656;60.837;47.525;
30;1;2;4:20.550;0;;1:20.705;0;1:50.980;0;1:08.865;0;96.8;6:49.568;13:06:57.234;1:20.705;1:50.980;1:08.865;;Giorgio RODA;;LMP2 Pro/Am;;Duqueine Team;Oreca;SF;80.705;110.980;68.865;
30;1;3;4:19.903;0;;1:30.875;0;1:52.203;0;56.825;0;97.0;11:09.471;13:11:17.137;1:30.875;1:52.203;0:56.825;;Giorgio RODA;;LMP2 Pro/Am;;Duqueine Team;Oreca;SF;90.875;112.203;56.825;
30;1;4;3:05.068;0;;58.990;0;1:17.786;0;48.292;0;136.2;14:14.539;13:14:22.205;0:58.990;1:17.786;0:48.292;195.9;Giorgio RODA;;LMP2 Pro/Am;;Duqueine Team;Oreca;GF;58.990;77.786;48.292;
30;1;5;2:06.859;0;;36.257;0;58.413;0;32.189;0;198.8;16:21.398;13:16:29.064;0:36.257;0:58.413;0:32.189;296.9;Giorgio RODA;;LMP2 Pro/Am;;Duqueine Team;Oreca;GF;36.257;58.413;32.189;
30;1;6;2:06.976;0;;35.693;0;59.056;0;32.227;0;198.6;18:28.374;13:18:36.040;0:35.693;0:59.056;0:32.227;301.0;Giorgio RODA;;LMP2 Pro/Am;;Duqueine Team;Oreca;GF;35.693;59.056;32.227;
30;1;7;2:05.595;0;;35.708;0;57.882;0;32.005;1;200.8;20:33.969;13:20:41.635;0:35.708;0:57.882;0:32.005;299.3;Giorgio RODA;;LMP2 Pro/Am;;Duqueine Team;Oreca;GF;35.708;57.882;32.005;
30;1;8;2:05.735;0;;35.777;0;57.812;1;32.146;0;200.5;22:39.704;13:22:47.370;0:35.777;0:57.812;0:32.146;299.3;Giorgio RODA;;LMP2 Pro/Am;;Duqueine Team;Oreca;GF;35.777;57.812;32.146;
30;1;9;2:05.803;0;;35.602;0;58.167;0;32.034;0;200.4;24:45.507;13:24:53.173;0:35.602;0:58.167;0:32.034;300.2;Giorgio RODA;;LMP2 Pro/Am;;Duqueine Team;Oreca;GF;35.602;58.167;32.034;
30;1;10;2:06.207;0;;35.623;0;58.340;0;32.244;0;199.8;26:51.714;13:26:59.380;0:35.623;0:58.340;0:32.244;300.2;Giorgio RODA;;LMP2 Pro/Am;;Duqueine Team;Oreca;GF;35.623;58.340;32.244;
30;1;11;2:08.473;0;;35.523;1;1:00.278;0;32.672;0;196.3;29:00.187;13:29:07.853;0:35.523;1:00.278;0:32.672;302.7;Giorgio RODA;;LMP2 Pro/Am;;Duqueine Team;Oreca;GF;35.523;60.278;32.672;
30;1;12;2:11.989;0;;35.699;0;1:02.247;0;34.043;0;191.0;31:12.176;13:31:19.842;0:35.699;1:02.247;0:34.043;300.2;Giorgio RODA;;LMP2 Pro/Am;;Duqueine Team;Oreca;GF;35.699;62.247;34.043;
30;1;13;2:10.454;0;;36.308;0;1:01.387;0;32.759;0;193.3;33:22.630;13:33:30.296;0:36.308;1:01.387;0:32.759;262.4;Giorgio RODA;;LMP2 Pro/Am;;Duqueine Team;Oreca;GF;36.308;61.387;32.759;
30;1;14;2:09.498;0;;36.366;0;1:00.460;0;32.672;0;194.7;35:32.128;13:35:39.794;0:36.366;1:00.460;0:32.672;289.0;Giorgio RODA;;LMP2 Pro/Am;;Duqueine Team;Oreca;GF;36.366;60.460;32.672;
30;1;15;2:08.602;0;;35.836;0;59.934;0;32.832;0;196.1;37:40.730;13:37:48.396;0:35.836;0:59.934;0:32.832;299.3;Giorgio RODA;;LMP2 Pro/Am;;Duqueine Team;Oreca;GF;35.836;59.934;32.832;
30;1;16;2:07.697;0;;36.028;0;58.869;0;32.800;0;197.5;39:48.427;13:39:56.093;0:36.028;0:58.869;0:32.800;300.2;Giorgio RODA;;LMP2 Pro/Am;;Duqueine Team;Oreca;GF;36.028;58.869;32.800;
30;1;17;4:18.721;0;B;37.228;0;2:10.692;0;1:30.801;0;97.5;44:07.148;13:44:14.814;0:37.228;2:10.692;1:30.801;142.6;Giorgio RODA;;LMP2 Pro/Am;;Duqueine Team;Oreca;GF;37.228;130.692;90.801;
30;1;18;6:16.973;0;;2:39.180;0;2:11.164;0;1:26.629;0;66.9;50:24.121;13:50:31.787;2:39.180;2:11.164;1:26.629;;Giorgio RODA;0:01:18.452;LMP2 Pro/Am;;Duqueine Team;Oreca;GF;159.180;131.164;86.629;
30;1;19;3:36.499;0;;1:34.251;0;1:12.318;0;49.930;0;116.5;54:00.620;13:54:08.286;1:34.251;1:12.318;0:49.930;193.2;Giorgio RODA;;LMP2 Pro/Am;;Duqueine Team;Oreca;SF;94.251;72.318;49.930;
30;1;20;4:50.311;0;;1:26.647;0;1:49.535;0;1:34.129;0;86.9;58:50.931;13:58:58.597;1:26.647;1:49.535;1:34.129;;Giorgio RODA;;LMP2 Pro/Am;;Duqueine Team;Oreca;SF;86.647;109.535;94.129;
30;1;21;4:15.420;0;;1:25.168;0;1:39.960;0;1:10.292;0;98.7;1:03:06.351;14:03:14.017;1:25.168;1:39.960;1:10.292;;Giorgio RODA;;LMP2 Pro/Am;;Duqueine Team;Oreca;SF;85.168;99.960;70.292;
30;1;22;2:56.690;0;;49.392;0;1:17.040;0;50.258;0;142.7;1:06:03.041;14:06:10.707;0:49.392;1:17.040;0:50.258;190.1;Giorgio RODA;;LMP2 Pro/Am;;Duqueine Team;Oreca;GF;49.392;77.040;50.258;
30;1;23;2:16.523;0;;37.218;0;1:00.228;0;39.077;0;184.7;1:08:19.564;14:08:27.230;0:37.218;1:00.228;0:39.077;275.7;Giorgio RODA;;LMP2 Pro/Am;;Duqueine Team;Oreca;SF;37.218;60.228;39.077;
30;1;24;4:16.295;0;;1:12.052;0;1:55.447;0;1:08.796;0;98.4;1:12:35.859;14:12:43.525;1:12.052;1:55.447;1:08.796;;Giorgio RODA;;LMP2 Pro/Am;;Duqueine Team;Oreca;SF;72.052;115.447;68.796;
30;1;25;3:00.805;0;;46.344;0;1:18.228;0;56.233;0;139.5;1:15:36.664;14:15:44.330;0:46.344;1:18.228;0:56.233;229.1;Giorgio RODA;;LMP2 Pro/Am;;Duqueine Team;Oreca;GF;46.344;78.228;56.233;
30;1;26;2:10.159;0;;36.070;0;1:01.326;0;32.763;0;193.7;1:17:46.823;14:17:54.489;0:36.070;1:01.326;0:32.763;301.0;Giorgio RODA;;LMP2 Pro/Am;;Duqueine Team;Oreca;GF;36.070;61.326;32.763;
30;1;27;3:46.235;0;;36.201;0;1:43.383;0;1:26.651;0;111.5;1:21:33.058;14:21:40.724;0:36.201;1:43.383;1:26.651;299.3;Giorgio RODA;;LMP2 Pro/Am;;Duqueine Team;Oreca;SF;36.201;103.383;86.651;
30;1;28;3:36.749;0;;1:22.998;0;1:28.808;0;44.943;0;116.3;1:25:09.807;14:25:17.473;1:22.998;1:28.808;0:44.943;;Giorgio RODA;;LMP2 Pro/Am;;Duqueine Team;Oreca;SF;82.998;88.808;44.943;
30;1;29;3:00.488;0;;47.158;0;1:23.460;0;49.870;0;139.7;1:28:10.295;14:28:17.961;0:47.158;1:23.460;0:49.870;210.0;Giorgio RODA;;LMP2 Pro/Am;;Duqueine Team;Oreca;GF;47.158;83.460;49.870;
30;1;30;2:14.050;0;;36.469;0;1:00.241;0;37.340;0;188.1;1:30:24.345;14:30:32.011;0:36.469;1:00.241;0:37.340;286.7;Giorgio RODA;;LMP2 Pro/Am;;Duqueine Team;Oreca;SF;36.469;60.241;37.340;
30;1;31;4:12.464;0;;1:24.650;0;1:45.100;0;1:02.714;0;99.9;1:34:36.809;14:34:44.475;1:24.650;1:45.100;1:02.714;;Giorgio RODA;;LMP2 Pro/Am;;Duqueine Team;Oreca;SF;84.650;105.100;62.714;
30;1;32;4:00.210;0;;1:11.637;0;1:40.824;0;1:07.749;0;105.0;1:38:37.019;14:38:44.685;1:11.637;1:40.824;1:07.749;145.8;Giorgio RODA;;LMP2 Pro/Am;;Duqueine Team;Oreca;SF;71.637;100.824;67.749;
30;1;33;3:49.958;0;;1:36.105;0;1:29.911;0;43.942;0;109.6;1:42:26.977;14:42:34.643;1:36.105;1:29.911;0:43.942;;Giorgio RODA;;LMP2 Pro/Am;;Duqueine Team;Oreca;SF;96.105;89.911;43.942;
30;1;34;3:15.042;0;B;46.187;0;1:32.944;0;55.911;0;129.3;1:45:42.019;14:45:49.685;0:46.187;1:32.944;0:55.911;224.8;Giorgio RODA;;LMP2 Pro/Am;;Duqueine Team;Oreca;GF;46.187;92.944;55.911;
30;2;35;3:33.500;0;;2:01.313;0;1:00.052;0;32.135;0;118.1;1:49:15.519;14:49:23.185;2:01.313;1:00.052;0:32.135;277.1;Richard VERSCHOOR;0:01:34.474;LMP2 Pro/Am;;Duqueine Team;Oreca;GF;121.313;60.052;32.135;
30;2;36;2:04.924;0;;35.725;0;57.366;0;31.833;0;201.8;1:51:20.443;14:51:28.109;0:35.725;0:57.366;0:31.833;298.5;Richard VERSCHOOR;;LMP2 Pro/Am;;Duqueine Team;Oreca;GF;35.725;57.366;31.833;
30;2;37;2:04.932;0;;35.476;0;57.359;0;32.097;0;201.8;1:53:25.375;14:53:33.041;0:35.476;0:57.359;0:32.097;301.8;Richard VERSCHOOR;;LMP2 Pro/Am;;Duqueine Team;Oreca;GF;35.476;57.359;32.097;
30;2;38;2:05.781;0;;35.521;0;58.157;0;32.103;0;200.5;1:55:31.156;14:55:38.822;0:35.521;0:58.157;0:32.103;301.0;Richard VERSCHOOR;;LMP2 Pro/Am;;Duqueine Team;Oreca;GF;35.521;58.157;32.103;
30;2;39;2:05.242;0;;35.751;0;57.444;0;32.047;0;201.3;1:57:36.398;14:57:44.064;0:35.751;0:57.444;0:32.047;301.8;Richard VERSCHOOR;;LMP2 Pro/Am;;Duqueine Team;Oreca;GF;35.751;57.444;32.047;
30;2;40;2:09.006;0;;35.792;0;59.087;0;34.127;0;195.4;1:59:45.404;14:59:53.070;0:35.792;0:59.087;0:34.127;301.8;Richard VERSCHOOR;;LMP2 Pro/Am;;Duqueine Team;Oreca;SF;35.792;59.087;34.127;
30;2;41;3:02.974;0;;44.842;0;1:26.156;0;51.976;0;137.8;2:02:48.378;15:02:56.044;0:44.842;1:26.156;0:51.976;190.8;Richard VERSCHOOR;;LMP2 Pro/Am;;Duqueine Team;Oreca;SF;44.842;86.156;51.976;
30;2;42;3:58.328;0;;57.339;0;1:42.445;0;1:18.544;0;105.8;2:06:46.706;15:06:54.372;0:57.339;1:42.445;1:18.544;157.5;Richard VERSCHOOR;;LMP2 Pro/Am;;Duqueine Team;Oreca;SF;57.339;102.445;78.544;
30;2;43;4:21.187;0;;1:17.194;0;1:40.641;0;1:23.352;0;96.5;2:11:07.893;15:11:15.559;1:17.194;1:40.641;1:23.352;143.5;Richard VERSCHOOR;;LMP2 Pro/Am;;Duqueine Team;Oreca;SF;77.194;100.641;83.352;
30;2;44;3:54.778;0;;1:28.611;0;1:23.771;0;1:02.396;0;107.4;2:15:02.671;15:15:10.337;1:28.611;1:23.771;1:02.396;156.8;Richard VERSCHOOR;;LMP2 Pro/Am;;Duqueine Team;Oreca;GF;88.611;83.771;62.396;
30;2;45;2:09.384;0;;36.839;0;1:00.422;0;32.123;0;194.9;2:17:12.055;15:17:19.721;0:36.839;1:00.422;0:32.123;296.9;Richard VERSCHOOR;;LMP2 Pro/Am;;Duqueine Team;Oreca;GF;36.839;60.422;32.123;
30;2;46;2:05.309;0;;35.676;0;57.807;0;31.826;0;201.2;2:19:17.364;15:19:25.030;0:35.676;0:57.807;0:31.826;300.2;Richard VERSCHOOR;;LMP2 Pro/Am;;Duqueine Team;Oreca;GF;35.676;57.807;31.826;
30;2;47;2:05.958;0;;35.361;1;58.525;0;32.072;0;200.2;2:21:23.322;15:21:30.988;0:35.361;0:58.525;0:32.072;286.7;Richard VERSCHOOR;;LMP2 Pro/Am;;Duqueine Team;Oreca;GF;35.361;58.525;32.072;
30;2;48;2:08.958;0;;35.574;0;1:00.603;0;32.781;0;195.5;2:23:32.280;15:23:39.946;0:35.574;1:00.603;0:32.781;259.2;Richard VERSCHOOR;;LMP2 Pro/Am;;Duqueine Team;Oreca;GF;35.574;60.603;32.781;
30;2;49;2:07.498;0;;37.012;0;58.565;0;31.921;0;197.8;2:25:39.778;15:25:47.444;0:37.012;0:58.565;0:31.921;296.1;Richard VERSCHOOR;;LMP2 Pro/Am;;Duqueine Team;Oreca;GF;37.012;58.565;31.921;
30;2;50;2:04.130;2;;35.513;0;56.880;2;31.737;2;203.1;2:27:43.908;15:27:51.574;0:35.513;0:56.880;0:31.737;301.0;Richard VERSCHOOR;;LMP2 Pro/Am;;Duqueine Team;Oreca;GF;35.513;56.880;31.737;
30;2;51;2:05.524;0;;35.439;0;57.956;0;32.129;0;200.9;2:29:49.432;15:29:57.098;0:35.439;0:57.956;0:32.129;300.2;Richard VERSCHOOR;;LMP2 Pro/Am;;Duqueine Team;Oreca;GF;35.439;57.956;32.129;
30;2;52;2:06.733;0;;35.561;0;59.239;0;31.933;0;199.0;2:31:56.165;15:32:03.831;0:35.561;0:59.239;0:31.933;292.1;Richard VERSCHOOR;;LMP2 Pro/Am;;Duqueine Team;Oreca;GF;35.561;59.239;31.933;
30;2;53;2:06.045;0;;35.859;0;58.222;0;31.964;0;200.0;2:34:02.210;15:34:09.876;0:35.859;0:58.222;0:31.964;298.5;Richard VERSCHOOR;;LMP2 Pro/Am;;Duqueine Team;Oreca;GF;35.859;58.222;31.964;
30;2;54;2:12.257;0;B;36.370;0;57.703;0;38.184;0;190.6;2:36:14.467;15:36:22.133;0:36.370;0:57.703;0:38.184;297.7;Richard VERSCHOOR;;LMP2 Pro/Am;;Duqueine Team;Oreca;GF;36.370;57.703;38.184;
30;2;55;2:56.856;0;;1:27.057;0;57.869;0;31.930;0;142.6;2:39:11.323;15:39:18.989;1:27.057;0:57.869;0:31.930;299.3;Richard VERSCHOOR;0:01:02.254;LMP2 Pro/Am;;Duqueine Team;Oreca;GF;87.057;57.869;31.930;
30;2;56;2:06.324;0;;35.688;0;58.322;0;32.314;0;199.6;2:41:17.647;15:41:25.313;0:35.688;0:58.322;0:32.314;301.8;Richard VERSCHOOR;;LMP2 Pro/Am;;Duqueine Team;Oreca;GF;35.688;58.322;32.314;
30;2;57;2:08.158;0;;35.738;0;1:00.074;0;32.346;0;196.7;2:43:25.805;15:43:33.471;0:35.738;1:00.074;0:32.346;290.5;Richard VERSCHOOR;;LMP2 Pro/Am;;Duqueine Team;Oreca;GF;35.738;60.074;32.346;
30;2;58;2:06.178;0;;35.554;0;58.423;0;32.201;0;199.8;2:45:31.983;15:45:39.649;0:35.554;0:58.423;0:32.201;293.7;Richard VERSCHOOR;;LMP2 Pro/Am;;Duqueine Team;Oreca;GF;35.554;58.423;32.201;
30;2;59;2:07.732;0;;35.501;0;59.310;0;32.921;0;197.4;2:47:39.715;15:47:47.381;0:35.501;0:59.310;0:32.921;292.1;Richard VERSCHOOR;;LMP2 Pro/Am;;Duqueine Team;Oreca;GF;35.501;59.310;32.921;
30;2;60;2:07.753;0;;36.071;0;59.464;0;32.218;0;197.4;2:49:47.468;15:49:55.134;0:36.071;0:59.464;0:32.218;303.5;Richard VERSCHOOR;;LMP2 Pro/Am;;Duqueine Team;Oreca;GF;36.071;59.464;32.218;
30;2;61;2:07.504;0;;36.740;0;58.030;0;32.734;0;197.8;2:51:54.972;15:52:02.638;0:36.740;0:58.030;0:32.734;295.3;Richard VERSCHOOR;;LMP2 Pro/Am;;Duqueine Team;Oreca;GF;36.740;58.030;32.734;
30;2;62;2:10.782;0;;35.955;0;1:00.728;0;34.099;0;192.8;2:54:05.754;15:54:13.420;0:35.955;1:00.728;0:34.099;304.4;Richard VERSCHOOR;;LMP2 Pro/Am;;Duqueine Team;Oreca;GF;35.955;60.728;34.099;
30;2;63;2:07.520;0;;35.625;0;59.619;0;32.276;0;197.7;2:56:13.274;15:56:20.940;0:35.625;0:59.619;0:32.276;285.9;Richard VERSCHOOR;;LMP2 Pro/Am;;Duqueine Team;Oreca;GF;35.625;59.619;32.276;
30;2;64;2:12.493;0;B;35.512;0;58.633;0;38.348;0;190.3;2:58:25.767;15:58:33.433;0:35.512;0:58.633;0:38.348;302.7;Richard VERSCHOOR;;LMP2 Pro/Am;;Duqueine Team;Oreca;GF;35.512;58.633;38.348;
30;3;65;3:27.633;0;;1:52.927;0;1:01.953;0;32.753;0;121.4;3:01:53.400;16:02:01.066;1:52.927;1:01.953;0:32.753;280.7;Doriane PIN;0:01:24.887;LMP2 Pro/Am;;Duqueine Team;Oreca;GF;112.927;61.953;32.753;
30;3;66;2:07.022;0;;35.849;0;59.156;0;32.017;0;198.5;3:04:00.422;16:04:08.088;0:35.849;0:59.156;0:32.017;296.9;Doriane PIN;;LMP2 Pro/Am;;Duqueine Team;Oreca;GF;35.849;59.156;32.017;
30;3;67;2:07.113;0;;35.540;0;58.649;0;32.924;0;198.4;3:06:07.535;16:06:15.201;0:35.540;0:58.649;0:32.924;301.0;Doriane PIN;;LMP2 Pro/Am;;Duqueine Team;Oreca;GF;35.540;58.649;32.924;
30;3;68;2:09.808;0;;36.712;0;1:00.640;0;32.456;0;194.2;3:08:17.343;16:08:25.009;0:36.712;1:00.640;0:32.456;295.3;Doriane PIN;;LMP2 Pro/Am;;Duqueine Team;Oreca;GF;36.712;60.640;32.456;
30;3;69;2:04.785;0;;35.870;0;57.137;1;31.778;0;202.1;3:10:22.128;16:10:29.794;0:35.870;0:57.137;0:31.778;297.7;Doriane PIN;;LMP2 Pro/Am;;Duqueine Team;Oreca;GF;35.870;57.137;31.778;
30;3;70;2:05.113;0;;35.423;0;57.755;0;31.935;0;201.5;3:12:27.241;16:12:34.907;0:35.423;0:57.755;0:31.935;301.8;Doriane PIN;;LMP2 Pro/Am;;Duqueine Team;Oreca;GF;35.423;57.755;31.935;
30;3;71;2:06.096;0;;35.403;0;58.204;0;32.489;0;200.0;3:14:33.337;16:14:41.003;0:35.403;0:58.204;0:32.489;301.8;Doriane PIN;;LMP2 Pro/Am;;Duqueine Team;Oreca;GF;35.403;58.204;32.489;
30;3;72;2:08.781;0;;36.341;0;1:00.309;0;32.131;0;195.8;3:16:42.118;16:16:49.784;0:36.341;1:00.309;0:32.131;304.4;Doriane PIN;;LMP2 Pro/Am;;Duqueine Team;Oreca;GF;36.341;60.309;32.131;
30;3;73;2:07.720;0;;35.485;0;59.639;0;32.596;0;197.4;3:18:49.838;16:18:57.504;0:35.485;0:59.639;0:32.596;303.5;Doriane PIN;;LMP2 Pro/Am;;Duqueine Team;Oreca;GF;35.485;59.639;32.596;
30;3;74;2:05.002;0;;35.508;0;57.682;0;31.812;1;201.7;3:20:54.840;16:21:02.506;0:35.508;0:57.682;0:31.812;301.8;Doriane PIN;;LMP2 Pro/Am;;Duqueine Team;Oreca;GF;35.508;57.682;31.812;
30;3;75;2:07.771;0;;35.677;0;59.549;0;32.545;0;197.3;3:23:02.611;16:23:10.277;0:35.677;0:59.549;0:32.545;301.0;Doriane PIN;;LMP2 Pro/Am;;Duqueine Team;Oreca;GF;35.677;59.549;32.545;
30;3;76;2:07.985;0;;35.622;0;1:00.293;0;32.070;0;197.0;3:25:10.596;16:25:18.262;0:35.622;1:00.293;0:32.070;304.4;Doriane PIN;;LMP2 Pro/Am;;Duqueine Team;Oreca;GF;35.622;60.293;32.070;
30;3;77;2:07.071;0;;35.383;0;59.160;0;32.528;0;198.4;3:27:17.667;16:27:25.333;0:35.383;0:59.160;0:32.528;302.7;Doriane PIN;;LMP2 Pro/Am;;Duqueine Team;Oreca;GF;35.383;59.160;32.528;
30;3;78;2:05.951;0;;35.644;0;58.141;0;32.166;0;200.2;3:29:23.618;16:29:31.284;0:35.644;0:58.141;0:32.166;300.2;Doriane PIN;;LMP2 Pro/Am;;Duqueine Team;Oreca;GF;35.644;58.141;32.166;
30;3;79;2:05.525;0;;35.403;0;58.206;0;31.916;0;200.9;3:31:29.143;16:31:36.809;0:35.403;0:58.206;0:31.916;301.0;Doriane PIN;;LMP2 Pro/Am;;Duqueine Team;Oreca;GF;35.403;58.206;31.916;
30;3;80;2:05.684;0;;35.267;2;58.424;0;31.993;0;200.6;3:33:34.827;16:33:42.493;0:35.267;0:58.424;0:31.993;302.7;Doriane PIN;;LMP2 Pro/Am;;Duqueine Team;Oreca;GF;35.267;58.424;31.993;
30;3;81;2:05.475;0;;35.392;0;58.128;0;31.955;0;200.9;3:35:40.302;16:35:47.968;0:35.392;0:58.128;0:31.955;303.5;Doriane PIN;;LMP2 Pro/Am;;Duqueine Team;Oreca;GF;35.392;58.128;31.955;
30;3;82;2:13.518;0;B;35.555;0;59.758;0;38.205;0;188.8;3:37:53.820;16:38:01.486;0:35.555;0:59.758;0:38.205;302.7;Doriane PIN;;LMP2 Pro/Am;;Duqueine Team;Oreca;GF;35.555;59.758;38.205;
30;3;83;2:50.173;0;;1:19.760;0;57.979;0;32.434;0;148.2;3:40:43.993;16:40:51.659;1:19.760;0:57.979;0:32.434;300.2;Doriane PIN;0:00:55.076;LMP2 Pro/Am;;Duqueine Team;Oreca;GF;79.760;57.979;32.434;
30;3;84;2:05.661;0;;35.425;0;58.042;0;32.194;0;200.7;3:42:49.654;16:42:57.320;0:35.425;0:58.042;0:32.194;299.3;Doriane PIN;;LMP2 Pro/Am;;Duqueine Team;Oreca;GF;35.425;58.042;32.194;
30;3;85;2:07.819;0;;36.357;0;59.230;0;32.232;0;197.3;3:44:57.473;16:45:05.139;0:36.357;0:59.230;0:32.232;296.9;Doriane PIN;;LMP2 Pro/Am;;Duqueine Team;Oreca;GF;36.357;59.230;32.232;
30;3;86;2:06.072;0;;35.901;0;58.158;0;32.013;0;200.0;3:47:03.545;16:47:11.211;0:35.901;0:58.158;0:32.013;301.0;Doriane PIN;;LMP2 Pro/Am;;Duqueine Team;Oreca;GF;35.901;58.158;32.013;
30;3;87;2:08.745;0;;35.604;0;1:00.626;0;32.515;0;195.8;3:49:12.290;16:49:19.956;0:35.604;1:00.626;0:32.515;296.1;Doriane PIN;;LMP2 Pro/Am;;Duqueine Team;Oreca;GF;35.604;60.626;32.515;
30;3;88;2:05.351;0;;35.547;0;57.862;0;31.942;0;201.1;3:51:17.641;16:51:25.307;0:35.547;0:57.862;0:31.942;300.2;Doriane PIN;;LMP2 Pro/Am;;Duqueine Team;Oreca;GF;35.547;57.862;31.942;
30;3;89;2:06.794;0;;35.356;0;58.737;0;32.701;0;198.9;3:53:24.435;16:53:32.101;0:35.356;0:58.737;0:32.701;299.3;Doriane PIN;;LMP2 Pro/Am;;Duqueine Team;Oreca;GF;35.356;58.737;32.701;
30;3;90;2:06.056;0;;35.330;0;58.792;0;31.934;0;200.0;3:55:30.491;16:55:38.157;0:35.330;0:58.792;0:31.934;301.0;Doriane PIN;;LMP2 Pro/Am;;Duqueine Team;Oreca;GF;35.330;58.792;31.934;
30;3;91;2:05.786;0;;35.449;0;57.776;0;32.561;0;200.5;3:57:36.277;16:57:43.943;0:35.449;0:57.776;0:32.561;301.8;Doriane PIN;;LMP2 Pro/Am;;Duqueine Team;Oreca;GF;35.449;57.776;32.561;
30;3;92;2:05.386;0;;35.403;0;58.106;0;31.877;0;201.1;3:59:41.663;16:59:49.329;0:35.403;0:58.106;0:31.877;302.7;Doriane PIN;;LMP2 Pro/Am;;Duqueine Team;Oreca;GF;35.403;58.106;31.877;
30;3;93;2:06.583;0;;35.924;0;58.538;0;32.121;0;199.2;4:01:48.246;17:01:55.912;0:35.924;0:58.538;0:32.121;300.2;Doriane PIN;;LMP2 Pro/Am;;Duqueine Team;Oreca;FF;35.924;58.538;32.121;
31;1;1;3:14.764;0;;59.577;0;1:17.015;0;58.172;0;127.2;3:14.764;13:03:22.430;0:59.577;1:17.015;0:58.172;205.2;Ralph MEICHTRY;;LMP3;;Racing Spirit of Leman;Ligier;SF;59.577;77.015;58.172;
31;1;2;4:19.294;0;;1:42.984;0;1:43.177;0;53.133;0;97.2;7:34.058;13:07:41.724;1:42.984;1:43.177;0:53.133;;Ralph MEICHTRY;;LMP3;;Racing Spirit of Leman;Ligier;SF;102.984;103.177;53.133;
31;1;3;4:21.961;0;;1:57.248;0;1:36.776;0;47.937;0;96.3;11:56.019;13:12:03.685;1:57.248;1:36.776;0:47.937;;Ralph MEICHTRY;;LMP3;;Racing Spirit of Leman;Ligier;SF;117.248;96.776;47.937;
31;1;4;2:45.835;0;;55.195;0;1:10.511;0;40.129;0;152.0;14:41.854;13:14:49.520;0:55.195;1:10.511;0:40.129;;Ralph MEICHTRY;;LMP3;;Racing Spirit of Leman;Ligier;GF;55.195;70.511;40.129;
31;1;5;2:21.186;0;;40.524;0;1:05.079;0;35.583;0;178.6;17:03.040;13:17:10.706;0:40.524;1:05.079;0:35.583;261.1;Ralph MEICHTRY;;LMP3;;Racing Spirit of Leman;Ligier;GF;40.524;65.079;35.583;
31;1;6;2:19.356;0;;40.140;0;1:03.884;0;35.332;0;180.9;19:22.396;13:19:30.062;0:40.140;1:03.884;0:35.332;266.2;Ralph MEICHTRY;;LMP3;;Racing Spirit of Leman;Ligier;GF;40.140;63.884;35.332;
31;1;7;2:18.800;0;;39.013;0;1:03.060;1;36.727;0;181.7;21:41.196;13:21:48.862;0:39.013;1:03.060;0:36.727;270.2;Ralph MEICHTRY;;LMP3;;Racing Spirit of Leman;Ligier;GF;39.013;63.060;36.727;
31;1;8;2:18.330;0;;38.872;0;1:04.254;0;35.204;0;182.3;23:59.526;13:24:07.192;0:38.872;1:04.254;0:35.204;271.6;Ralph MEICHTRY;;LMP3;;Racing Spirit of Leman;Ligier;GF;38.872;64.254;35.204;
31;1;9;2:17.832;0;;38.894;0;1:04.190;0;34.748;1;182.9;26:17.358;13:26:25.024;0:38.894;1:04.190;0:34.748;272.3;Ralph MEICHTRY;;LMP3;;Racing Spirit of Leman;Ligier;GF;38.894;64.190;34.748;
31;1;10;2:18.475;0;;38.831;0;1:04.165;0;35.479;0;182.1;28:35.833;13:28:43.499;0:38.831;1:04.165;0:35.479;266.9;Ralph MEICHTRY;;LMP3;;Racing Spirit of Leman;Ligier;GF;38.831;64.165;35.479;
31;1;11;2:18.256;0;;38.873;0;1:04.257;0;35.126;0;182.4;30:54.089;13:31:01.755;0:38.873;1:04.257;0:35.126;272.3;Ralph MEICHTRY;;LMP3;;Racing Spirit of Leman;Ligier;GF;38.873;64.257;35.126;
31;1;12;2:17.863;0;;38.794;0;1:03.444;0;35.625;0;182.9;33:11.952;13:33:19.618;0:38.794;1:03.444;0:35.625;269.6;Ralph MEICHTRY;;LMP3;;Racing Spirit of Leman;Ligier;GF;38.794;63.444;35.625;
31;1;13;2:18.941;0;;38.957;0;1:04.446;0;35.538;0;181.5;35:30.893;13:35:38.559;0:38.957;1:04.446;0:35.538;272.3;Ralph MEICHTRY;;LMP3;;Racing Spirit of Leman;Ligier;GF;38.957;64.446;35.538;
31;1;14;2:18.420;0;;39.226;0;1:04.001;0;35.193;0;182.2;37:49.313;13:37:56.979;0:39.226;1:04.001;0:35.193;266.9;Ralph MEICHTRY;;LMP3;;Racing Spirit of Leman;Ligier;GF;39.226;64.001;35.193;
31;1;15;2:18.266;0;;38.685;1;1:04.054;0;35.527;0;182.4;40:07.579;13:40:15.245;0:38.685;1:04.054;0:35.527;272.3;Ralph MEICHTRY;;LMP3;;Racing Spirit of Leman;Ligier;GF;38.685;64.054;35.527;
31;1;16;5:10.357;0;B;1:28.537;0;2:09.450;0;1:32.370;0;81.2;45:17.936;13:45:25.602;1:28.537;2:09.450;1:32.370;;Ralph MEICHTRY;;LMP3;;Racing Spirit of Leman;Ligier;GF;88.537;129.450;92.370;
31;1;17;6:42.281;0;;3:07.307;0;2:09.778;0;1:25.196;0;62.7;52:00.217;13:52:07.883;3:07.307;2:09.778;1:25.196;;Ralph MEICHTRY;0:01:46.170;LMP3;;Racing Spirit of Leman;Ligier;SF;187.307;129.778;85.196;
31;1;18;2:33.149;0;;46.903;0;1:08.788;0;37.458;0;164.6;54:33.366;13:54:41.032;0:46.903;1:08.788;0:37.458;214.6;Ralph MEICHTRY;;LMP3;;Racing Spirit of Leman;Ligier;SF;46.903;68.788;37.458;
31;1;19;4:33.056;0;;1:14.205;0;1:44.010;0;1:34.841;0;92.3;59:06.422;13:59:14.088;1:14.205;1:44.010;1:34.841;150.9;Ralph MEICHTRY;;LMP3;;Racing Spirit of Leman;Ligier;SF;74.205;104.010;94.841;
31;1;20;4:15.516;0;;1:23.133;0;1:39.509;0;1:12.874;0;98.7;1:03:21.938;14:03:29.604;1:23.133;1:39.509;1:12.874;;Ralph MEICHTRY;;LMP3;;Racing Spirit of Leman;Ligier;SF;83.133;99.509;72.874;
31;1;21;2:50.169;0;;48.301;0;1:11.717;0;50.151;0;148.2;1:06:12.107;14:06:19.773;0:48.301;1:11.717;0:50.151;163.4;Ralph MEICHTRY;;LMP3;;Racing Spirit of Leman;Ligier;GF;48.301;71.717;50.151;
31;1;22;2:32.305;0;;40.132;0;1:06.694;0;45.479;0;165.6;1:08:44.412;14:08:52.078;0:40.132;1:06.694;0:45.479;264.3;Ralph MEICHTRY;;LMP3;;Racing Spirit of Leman;Ligier;SF;40.132;66.694;45.479;
31;1;23;4:16.542;0;;1:09.536;0;1:55.151;0;1:11.855;0;98.3;1:13:00.954;14:13:08.620;1:09.536;1:55.151;1:11.855;123.7;Ralph MEICHTRY;;LMP3;;Racing Spirit of Leman;Ligier;SF;69.536;115.151;71.855;
31;1;24;2:47.773;0;;47.736;0;1:07.153;0;52.884;0;150.3;1:15:48.727;14:15:56.393;0:47.736;1:07.153;0:52.884;237.1;Ralph MEICHTRY;;LMP3;;Racing Spirit of Leman;Ligier;GF;47.736;67.153;52.884;
31;1;25;2:19.051;0;;39.401;0;1:04.429;0;35.221;0;181.3;1:18:07.778;14:18:15.444;0:39.401;1:04.429;0:35.221;271.6;Ralph MEICHTRY;;LMP3;;Racing Spirit of Leman;Ligier;GF;39.401;64.429;35.221;
31;1;26;3:42.421;0;;44.288;0;1:29.989;0;1:28.144;0;113.4;1:21:50.199;14:21:57.865;0:44.288;1:29.989;1:28.144;184.6;Ralph MEICHTRY;;LMP3;;Racing Spirit of Leman;Ligier;SF;44.288;89.989;88.144;
31;1;27;3:35.868;0;;1:24.246;0;1:26.936;0;44.686;0;116.8;1:25:26.067;14:25:33.733;1:24.246;1:26.936;0:44.686;;Ralph MEICHTRY;;LMP3;;Racing Spirit of Leman;Ligier;SF;84.246;86.936;44.686;
31;1;28;2:53.655;0;;46.104;0;1:19.111;0;48.440;0;145.2;1:28:19.722;14:28:27.388;0:46.104;1:19.111;0:48.440;167.5;Ralph MEICHTRY;;LMP3;;Racing Spirit of Leman;Ligier;GF;46.104;79.111;48.440;
31;1;29;2:24.305;0;;39.216;0;1:04.582;0;40.507;0;174.7;1:30:44.027;14:30:51.693;0:39.216;1:04.582;0:40.507;270.2;Ralph MEICHTRY;;LMP3;;Racing Spirit of Leman;Ligier;SF;39.216;64.582;40.507;
31;1;30;4:04.824;0;;1:17.979;0;1:44.746;0;1:02.099;0;103.0;1:34:48.851;14:34:56.517;1:17.979;1:44.746;1:02.099;;Ralph MEICHTRY;;LMP3;;Racing Spirit of Leman;Ligier;SF;77.979;104.746;62.099;
31;1;31;4:00.905;0;;1:13.629;0;1:38.841;0;1:08.435;0;104.7;1:38:49.756;14:38:57.422;1:13.629;1:38.841;1:08.435;139.5;Ralph MEICHTRY;;LMP3;;Racing Spirit of Leman;Ligier;SF;73.629;98.841;68.435;
31;1;32;3:51.197;0;;1:36.953;0;1:26.990;0;47.254;0;109.1;1:42:40.953;14:42:48.619;1:36.953;1:26.990;0:47.254;125.0;Ralph MEICHTRY;;LMP3;;Racing Spirit of Leman;Ligier;SF;96.953;86.990;47.254;
31;1;33;3:02.977;0;;45.800;0;1:28.660;0;48.517;0;137.8;1:45:43.930;14:45:51.596;0:45.800;1:28.660;0:48.517;239.2;Ralph MEICHTRY;;LMP3;;Racing Spirit of Leman;Ligier;GF;45.800;88.660;48.517;
31;1;34;2:19.731;0;;39.456;0;1:05.130;0;35.145;0;180.4;1:48:03.661;14:48:11.327;0:39.456;1:05.130;0:35.145;266.9;Ralph MEICHTRY;;LMP3;;Racing Spirit of Leman;Ligier;GF;39.456;65.130;35.145;
31;1;35;2:17.872;0;;39.054;0;1:03.807;0;35.011;0;182.9;1:50:21.533;14:50:29.199;0:39.054;1:03.807;0:35.011;269.6;Ralph MEICHTRY;;LMP3;;Racing Spirit of Leman;Ligier;GF;39.054;63.807;35.011;
31;1;36;2:18.287;0;;38.989;0;1:04.000;0;35.298;0;182.3;1:52:39.820;14:52:47.486;0:38.989;1:04.000;0:35.298;269.6;Ralph MEICHTRY;;LMP3;;Racing Spirit of Leman;Ligier;GF;38.989;64.000;35.298;
31;1;37;2:17.955;0;;38.855;0;1:03.989;0;35.111;0;182.8;1:54:57.775;14:55:05.441;0:38.855;1:03.989;0:35.111;269.6;Ralph MEICHTRY;;LMP3;;Racing Spirit of Leman;Ligier;GF;38.855;63.989;35.111;
31;1;38;2:18.466;0;;38.995;0;1:04.092;0;35.379;0;182.1;1:57:16.241;14:57:23.907;0:38.995;1:04.092;0:35.379;268.9;Ralph MEICHTRY;;LMP3;;Racing Spirit of Leman;Ligier;GF;38.995;64.092;35.379;
31;1;39;2:22.252;0;;41.511;0;1:05.286;0;35.455;0;177.2;1:59:38.493;14:59:46.159;0:41.511;1:05.286;0:35.455;256.8;Ralph MEICHTRY;;LMP3;;Racing Spirit of Leman;Ligier;SF;41.511;65.286;35.455;
31;1;40;3:07.560;0;;47.653;0;1:28.101;0;51.806;0;134.4;2:02:46.053;15:02:53.719;0:47.653;1:28.101;0:51.806;189.4;Ralph MEICHTRY;;LMP3;;Racing Spirit of Leman;Ligier;SF;47.653;88.101;51.806;
31;1;41;3:58.047;0;;57.484;0;1:41.666;0;1:18.897;0;105.9;2:06:44.100;15:06:51.766;0:57.484;1:41.666;1:18.897;160.8;Ralph MEICHTRY;;LMP3;;Racing Spirit of Leman;Ligier;SF;57.484;101.666;78.897;
31;1;42;4:22.071;0;;1:17.036;0;1:41.155;0;1:23.880;0;96.2;2:11:06.171;15:11:13.837;1:17.036;1:41.155;1:23.880;120.8;Ralph MEICHTRY;;LMP3;;Racing Spirit of Leman;Ligier;SF;77.036;101.155;83.880;
31;1;43;3:55.732;0;;1:28.729;0;1:23.889;0;1:03.114;0;107.0;2:15:01.903;15:15:09.569;1:28.729;1:23.889;1:03.114;159.8;Ralph MEICHTRY;;LMP3;;Racing Spirit of Leman;Ligier;GF;88.729;83.889;63.114;
31;1;44;2:21.537;0;;39.648;0;1:06.154;0;35.735;0;178.1;2:17:23.440;15:17:31.106;0:39.648;1:06.154;0:35.735;265.6;Ralph MEICHTRY;;LMP3;;Racing Spirit of Leman;Ligier;GF;39.648;66.154;35.735;
31;1;45;2:18.999;0;;39.288;0;1:04.543;0;35.168;0;181.4;2:19:42.439;15:19:50.105;0:39.288;1:04.543;0:35.168;268.9;Ralph MEICHTRY;;LMP3;;Racing Spirit of Leman;Ligier;GF;39.288;64.543;35.168;
31;1;46;2:26.369;0;B;39.217;0;1:04.499;0;42.653;0;172.3;2:22:08.808;15:22:16.474;0:39.217;1:04.499;0:42.653;268.9;Ralph MEICHTRY;;LMP3;;Racing Spirit of Leman;Ligier;GF;39.217;64.499;42.653;
31;2;47;4:07.506;0;;2:19.108;0;1:10.952;0;37.446;0;101.9;2:26:16.314;15:26:23.980;2:19.108;1:10.952;0:37.446;207.2;Grégory DE SYBOURG;0:01:46.132;LMP3;;Racing Spirit of Leman;Ligier;GF;139.108;70.952;37.446;
31;2;48;2:21.471;0;;40.086;0;1:05.632;0;35.753;0;178.2;2:28:37.785;15:28:45.451;0:40.086;1:05.632;0:35.753;260.5;Grégory DE SYBOURG;;LMP3;;Racing Spirit of Leman;Ligier;GF;40.086;65.632;35.753;
31;2;49;2:19.599;0;;40.292;0;1:03.878;0;35.429;0;180.6;2:30:57.384;15:31:05.050;0:40.292;1:03.878;0:35.429;263.6;Grégory DE SYBOURG;;LMP3;;Racing Spirit of Leman;Ligier;GF;40.292;63.878;35.429;
31;2;50;2:18.040;0;;39.141;0;1:03.649;0;35.250;0;182.7;2:33:15.424;15:33:23.090;0:39.141;1:03.649;0:35.250;266.2;Grégory DE SYBOURG;;LMP3;;Racing Spirit of Leman;Ligier;GF;39.141;63.649;35.250;
31;2;51;2:18.056;0;;39.265;0;1:03.519;0;35.272;0;182.6;2:35:33.480;15:35:41.146;0:39.265;1:03.519;0:35.272;268.2;Grégory DE SYBOURG;;LMP3;;Racing Spirit of Leman;Ligier;GF;39.265;63.519;35.272;
31;2;52;2:18.892;0;;38.985;0;1:03.517;0;36.390;0;181.5;2:37:52.372;15:38:00.038;0:38.985;1:03.517;0:36.390;268.2;Grégory DE SYBOURG;;LMP3;;Racing Spirit of Leman;Ligier;GF;38.985;63.517;36.390;
31;2;53;2:20.111;0;;39.046;0;1:03.575;0;37.490;0;180.0;2:40:12.483;15:40:20.149;0:39.046;1:03.575;0:37.490;269.6;Grégory DE SYBOURG;;LMP3;;Racing Spirit of Leman;Ligier;GF;39.046;63.575;37.490;
31;2;54;2:18.297;0;;39.489;0;1:03.485;0;35.323;0;182.3;2:42:30.780;15:42:38.446;0:39.489;1:03.485;0:35.323;269.6;Grégory DE SYBOURG;;LMP3;;Racing Spirit of Leman;Ligier;GF;39.489;63.485;35.323;
31;2;55;2:18.474;0;;39.110;0;1:03.952;0;35.412;0;182.1;2:44:49.254;15:44:56.920;0:39.110;1:03.952;0:35.412;270.9;Grégory DE SYBOURG;;LMP3;;Racing Spirit of Leman;Ligier;GF;39.110;63.952;35.412;
31;2;56;2:18.955;0;;38.916;0;1:04.485;0;35.554;0;181.5;2:47:08.209;15:47:15.875;0:38.916;1:04.485;0:35.554;272.9;Grégory DE SYBOURG;;LMP3;;Racing Spirit of Leman;Ligier;GF;38.916;64.485;35.554;
31;2;57;2:19.631;0;;39.050;0;1:04.966;0;35.615;0;180.6;2:49:27.840;15:49:35.506;0:39.050;1:04.966;0:35.615;270.9;Grégory DE SYBOURG;;LMP3;;Racing Spirit of Leman;Ligier;GF;39.050;64.966;35.615;
31;2;58;2:19.681;0;;38.976;0;1:04.450;0;36.255;0;180.5;2:51:47.521;15:51:55.187;0:38.976;1:04.450;0:36.255;272.9;Grégory DE SYBOURG;;LMP3;;Racing Spirit of Leman;Ligier;GF;38.976;64.450;36.255;
31;2;59;2:22.557;0;;39.587;0;1:06.272;0;36.698;0;176.9;2:54:10.078;15:54:17.744;0:39.587;1:06.272;0:36.698;245.7;Grégory DE SYBOURG;;LMP3;;Racing Spirit of Leman;Ligier;GF;39.587;66.272;36.698;
31;2;60;2:19.077;0;;39.110;0;1:04.471;0;35.496;0;181.3;2:56:29.155;15:56:36.821;0:39.110;1:04.471;0:35.496;270.2;Grégory DE SYBOURG;;LMP3;;Racing Spirit of Leman;Ligier;GF;39.110;64.471;35.496;
31;2;61;2:18.747;0;;39.315;0;1:04.245;0;35.187;0;181.7;2:58:47.902;15:58:55.568;0:39.315;1:04.245;0:35.187;270.2;Grégory DE SYBOURG;;LMP3;;Racing Spirit of Leman;Ligier;GF;39.315;64.245;35.187;
31;2;62;2:18.077;0;;39.086;0;1:03.744;0;35.247;0;182.6;3:01:05.979;16:01:13.645;0:39.086;1:03.744;0:35.247;269.6;Grégory DE SYBOURG;;LMP3;;Racing Spirit of Leman;Ligier;GF;39.086;63.744;35.247;
31;2;63;2:17.633;0;;39.136;0;1:03.670;0;34.827;1;183.2;3:03:23.612;16:03:31.278;0:39.136;1:03.670;0:34.827;268.9;Grégory DE SYBOURG;;LMP3;;Racing Spirit of Leman;Ligier;GF;39.136;63.670;34.827;
31;2;64;2:18.241;0;;38.848;1;1:03.326;0;36.067;0;182.4;3:05:41.853;16:05:49.519;0:38.848;1:03.326;0:36.067;267.6;Grégory DE SYBOURG;;LMP3;;Racing Spirit of Leman;Ligier;GF;38.848;63.326;36.067;
31;2;65;2:16.967;0;;39.006;0;1:03.090;1;34.871;0;184.1;3:07:58.820;16:08:06.486;0:39.006;1:03.090;0:34.871;268.2;Grégory DE SYBOURG;;LMP3;;Racing Spirit of Leman;Ligier;GF;39.006;63.090;34.871;
31;2;66;2:18.059;0;;38.849;0;1:03.347;0;35.863;0;182.6;3:10:16.879;16:10:24.545;0:38.849;1:03.347;0:35.863;271.6;Grégory DE SYBOURG;;LMP3;;Racing Spirit of Leman;Ligier;GF;38.849;63.347;35.863;
31;2;67;2:25.309;0;B;39.050;0;1:04.000;0;42.259;0;173.5;3:12:42.188;16:12:49.854;0:39.050;1:04.000;0:42.259;271.6;Grégory DE SYBOURG;;LMP3;;Racing Spirit of Leman;Ligier;GF;39.050;64.000;42.259;
31;3;68;3:46.265;0;;1:55.513;0;1:13.172;0;37.580;0;111.4;3:16:28.453;16:16:36.119;1:55.513;1:13.172;0:37.580;232.0;Lenny RIED;0:01:22.060;LMP3;;Racing Spirit of Leman;Ligier;GF;115.513;73.172;37.580;
31;3;69;2:22.526;0;;40.121;0;1:06.364;0;36.041;0;176.9;3:18:50.979;16:18:58.645;0:40.121;1:06.364;0:36.041;261.1;Lenny RIED;;LMP3;;Racing Spirit of Leman;Ligier;GF;40.121;66.364;36.041;
31;3;70;2:18.524;0;;39.815;0;1:03.273;0;35.436;0;182.0;3:21:09.503;16:21:17.169;0:39.815;1:03.273;0:35.436;264.9;Lenny RIED;;LMP3;;Racing Spirit of Leman;Ligier;GF;39.815;63.273;35.436;
31;3;71;2:16.538;0;;38.950;0;1:02.631;0;34.957;0;184.7;3:23:26.041;16:23:33.707;0:38.950;1:02.631;0:34.957;268.9;Lenny RIED;;LMP3;;Racing Spirit of Leman;Ligier;GF;38.950;62.631;34.957;
31;3;72;2:16.262;0;;38.833;0;1:02.449;2;34.980;0;185.0;3:25:42.303;16:25:49.969;0:38.833;1:02.449;0:34.980;270.9;Lenny RIED;;LMP3;;Racing Spirit of Leman;Ligier;GF;38.833;62.449;34.980;
31;3;73;2:16.409;0;;38.704;0;1:02.557;0;35.148;0;184.8;3:27:58.712;16:28:06.378;0:38.704;1:02.557;0:35.148;270.9;Lenny RIED;;LMP3;;Racing Spirit of Leman;Ligier;GF;38.704;62.557;35.148;
31;3;74;2:17.153;0;;38.657;0;1:02.843;0;35.653;0;183.8;3:30:15.865;16:30:23.531;0:38.657;1:02.843;0:35.653;272.3;Lenny RIED;;LMP3;;Racing Spirit of Leman;Ligier;GF;38.657;62.843;35.653;
31;3;75;2:16.147;2;;38.552;0;1:02.592;0;35.003;0;185.2;3:32:32.012;16:32:39.678;0:38.552;1:02.592;0:35.003;273.6;Lenny RIED;;LMP3;;Racing Spirit of Leman;Ligier;GF;38.552;62.592;35.003;
31;3;76;2:16.713;0;;38.603;0;1:03.104;0;35.006;0;184.4;3:34:48.725;16:34:56.391;0:38.603;1:03.104;0:35.006;271.6;Lenny RIED;;LMP3;;Racing Spirit of Leman;Ligier;GF;38.603;63.104;35.006;
31;3;77;2:17.009;0;;39.208;0;1:02.801;0;35.000;0;184.0;3:37:05.734;16:37:13.400;0:39.208;1:02.801;0:35.000;268.9;Lenny RIED;;LMP3;;Racing Spirit of Leman;Ligier;GF;39.208;62.801;35.000;
31;3;78;2:16.304;0;;38.614;0;1:02.735;0;34.955;0;185.0;3:39:22.038;16:39:29.704;0:38.614;1:02.735;0:34.955;271.6;Lenny RIED;;LMP3;;Racing Spirit of Leman;Ligier;GF;38.614;62.735;34.955;
31;3;79;2:16.339;0;;38.638;0;1:02.653;0;35.048;0;184.9;3:41:38.377;16:41:46.043;0:38.638;1:02.653;0:35.048;270.2;Lenny RIED;;LMP3;;Racing Spirit of Leman;Ligier;GF;38.638;62.653;35.048;
31;3;80;2:16.563;0;;38.566;0;1:02.571;0;35.426;0;184.6;3:43:54.940;16:44:02.606;0:38.566;1:02.571;0:35.426;273.6;Lenny RIED;;LMP3;;Racing Spirit of Leman;Ligier;GF;38.566;62.571;35.426;
31;3;81;2:17.035;0;;38.662;0;1:03.171;0;35.202;0;184.0;3:46:11.975;16:46:19.641;0:38.662;1:03.171;0:35.202;272.3;Lenny RIED;;LMP3;;Racing Spirit of Leman;Ligier;GF;38.662;63.171;35.202;
31;3;82;2:16.566;0;;38.604;0;1:02.702;0;35.260;0;184.6;3:48:28.541;16:48:36.207;0:38.604;1:02.702;0:35.260;272.9;Lenny RIED;;LMP3;;Racing Spirit of Leman;Ligier;GF;38.604;62.702;35.260;
31;3;83;2:16.626;0;;38.779;0;1:03.124;0;34.723;2;184.5;3:50:45.167;16:50:52.833;0:38.779;1:03.124;0:34.723;270.9;Lenny RIED;;LMP3;;Racing Spirit of Leman;Ligier;GF;38.779;63.124;34.723;
31;3;84;2:16.846;0;;38.546;0;1:02.979;0;35.321;0;184.3;3:53:02.013;16:53:09.679;0:38.546;1:02.979;0:35.321;269.6;Lenny RIED;;LMP3;;Racing Spirit of Leman;Ligier;GF;38.546;62.979;35.321;
31;3;85;2:17.027;0;;38.916;0;1:02.947;0;35.164;0;184.0;3:55:19.040;16:55:26.706;0:38.916;1:02.947;0:35.164;271.6;Lenny RIED;;LMP3;;Racing Spirit of Leman;Ligier;GF;38.916;62.947;35.164;
31;3;86;2:17.091;0;;38.415;2;1:03.601;0;35.075;0;183.9;3:57:36.131;16:57:43.797;0:38.415;1:03.601;0:35.075;273.6;Lenny RIED;;LMP3;;Racing Spirit of Leman;Ligier;GF;38.415;63.601;35.075;
31;3;87;2:17.247;0;;38.577;0;1:03.497;0;35.173;0;183.7;3:59:53.378;17:00:01.044;0:38.577;1:03.497;0:35.173;273.6;Lenny RIED;;LMP3;;Racing Spirit of Leman;Ligier;GF;38.577;63.497;35.173;
31;3;88;2:17.238;0;;38.576;0;1:03.524;0;35.138;0;183.7;4:02:10.616;17:02:18.282;0:38.576;1:03.524;0:35.138;275.0;Lenny RIED;;LMP3;;Racing Spirit of Leman;Ligier;FF;38.576;63.524;35.138;
33;1;1;3:02.557;0;;53.751;0;1:09.974;0;58.832;0;135.7;3:02.557;13:03:10.223;0:53.751;1:09.974;0:58.832;235.6;Blake MCDONALD;;LMGT3;;TF Sport;Corvette;SF;53.751;69.974;58.832;
33;1;2;4:16.924;0;;1:33.423;0;1:39.735;0;1:03.766;0;98.1;7:19.481;13:07:27.147;1:33.423;1:39.735;1:03.766;;Blake MCDONALD;;LMGT3;;TF Sport;Corvette;SF;93.423;99.735;63.766;
33;1;3;4:22.957;0;;1:43.632;0;1:37.220;0;1:02.105;0;95.9;11:42.438;13:11:50.104;1:43.632;1:37.220;1:02.105;;Blake MCDONALD;;LMGT3;;TF Sport;Corvette;SF;103.632;97.220;62.105;
33;1;4;2:51.074;0;;56.329;0;1:08.326;0;46.419;0;147.4;14:33.512;13:14:41.178;0:56.329;1:08.326;0:46.419;140.4;Blake MCDONALD;;LMGT3;;TF Sport;Corvette;GF;56.329;68.326;46.419;
33;1;5;2:20.651;0;;40.088;0;1:04.594;0;35.969;0;179.3;16:54.163;13:17:01.829;0:40.088;1:04.594;0:35.969;261.7;Blake MCDONALD;;LMGT3;;TF Sport;Corvette;GF;40.088;64.594;35.969;
33;1;6;2:20.157;0;;39.815;1;1:04.434;0;35.908;0;179.9;19:14.320;13:19:21.986;0:39.815;1:04.434;0:35.908;263.6;Blake MCDONALD;;LMGT3;;TF Sport;Corvette;GF;39.815;64.434;35.908;
33;1;7;2:20.094;0;;39.886;0;1:04.362;1;35.846;0;180.0;21:34.414;13:21:42.080;0:39.886;1:04.362;0:35.846;263.0;Blake MCDONALD;;LMGT3;;TF Sport;Corvette;GF;39.886;64.362;35.846;
33;1;8;2:20.348;0;;40.080;0;1:04.399;0;35.869;0;179.7;23:54.762;13:24:02.428;0:40.080;1:04.399;0:35.869;263.6;Blake MCDONALD;;LMGT3;;TF Sport;Corvette;GF;40.080;64.399;35.869;
33;1;9;2:21.077;0;;40.793;0;1:04.430;0;35.854;0;178.7;26:15.839;13:26:23.505;0:40.793;1:04.430;0:35.854;258.6;Blake MCDONALD;;LMGT3;;TF Sport;Corvette;GF;40.793;64.430;35.854;
33;1;10;2:21.354;0;;40.130;0;1:05.193;0;36.031;0;178.4;28:37.193;13:28:44.859;0:40.130;1:05.193;0:36.031;261.7;Blake MCDONALD;;LMGT3;;TF Sport;Corvette;GF;40.130;65.193;36.031;
33;1;11;2:21.449;0;;40.173;0;1:04.600;0;36.676;0;178.3;30:58.642;13:31:06.308;0:40.173;1:04.600;0:36.676;261.1;Blake MCDONALD;;LMGT3;;TF Sport;Corvette;GF;40.173;64.600;36.676;
33;1;12;2:22.814;0;;40.667;0;1:05.873;0;36.274;0;176.6;33:21.456;13:33:29.122;0:40.667;1:05.873;0:36.274;260.5;Blake MCDONALD;;LMGT3;;TF Sport;Corvette;GF;40.667;65.873;36.274;
33;1;13;2:22.193;0;;40.303;0;1:05.613;0;36.277;0;177.3;35:43.649;13:35:51.315;0:40.303;1:05.613;0:36.277;262.4;Blake MCDONALD;;LMGT3;;TF Sport;Corvette;GF;40.303;65.613;36.277;
33;1;14;2:23.301;0;;40.285;0;1:05.972;0;37.044;0;176.0;38:06.950;13:38:14.616;0:40.285;1:05.972;0:37.044;261.7;Blake MCDONALD;;LMGT3;;TF Sport;Corvette;GF;40.285;65.972;37.044;
33;1;15;2:25.494;0;;40.466;0;1:05.428;0;39.600;0;173.3;40:32.444;13:40:40.110;0:40.466;1:05.428;0:39.600;262.4;Blake MCDONALD;;LMGT3;;TF Sport;Corvette;GF;40.466;65.428;39.600;
33;1;16;5:22.669;0;B;1:41.076;0;2:08.451;0;1:33.142;0;78.1;45:55.113;13:46:02.779;1:41.076;2:08.451;1:33.142;;Blake MCDONALD;;LMGT3;;TF Sport;Corvette;GF;101.076;128.451;93.142;
33;1;17;6:22.617;0;;2:35.616;0;2:16.009;0;1:30.992;0;65.9;52:17.730;13:52:25.396;2:35.616;2:16.009;1:30.992;;Blake MCDONALD;0:01:15.147;LMGT3;;TF Sport;Corvette;SF;155.616;136.009;90.992;
33;1;18;2:31.485;0;;45.953;0;1:07.956;0;37.576;0;166.4;54:49.215;13:54:56.881;0:45.953;1:07.956;0:37.576;226.2;Blake MCDONALD;;LMGT3;;TF Sport;Corvette;SF;45.953;67.956;37.576;
33;1;19;4:22.567;0;;1:05.681;0;1:41.720;0;1:35.166;0;96.0;59:11.782;13:59:19.448;1:05.681;1:41.720;1:35.166;;Blake MCDONALD;;LMGT3;;TF Sport;Corvette;SF;65.681;101.720;95.166;
33;1;20;4:16.658;0;;1:23.675;0;1:38.449;0;1:14.534;0;98.2;1:03:28.440;14:03:36.106;1:23.675;1:38.449;1:14.534;;Blake MCDONALD;;LMGT3;;TF Sport;Corvette;SF;83.675;98.449;74.534;
33;1;21;2:46.915;0;;47.518;0;1:09.595;0;49.802;0;151.1;1:06:15.355;14:06:23.021;0:47.518;1:09.595;0:49.802;134.6;Blake MCDONALD;;LMGT3;;TF Sport;Corvette;GF;47.518;69.595;49.802;
33;1;22;2:34.880;0;;40.515;0;1:06.771;0;47.594;0;162.8;1:08:50.235;14:08:57.901;0:40.515;1:06.771;0:47.594;261.1;Blake MCDONALD;;LMGT3;;TF Sport;Corvette;SF;40.515;66.771;47.594;
33;1;23;4:17.551;0;;1:11.123;0;1:53.866;0;1:12.562;0;97.9;1:13:07.786;14:13:15.452;1:11.123;1:53.866;1:12.562;150.3;Blake MCDONALD;;LMGT3;;TF Sport;Corvette;SF;71.123;113.866;72.562;
33;1;24;2:43.238;0;;47.114;0;1:06.862;0;49.262;0;154.5;1:15:51.024;14:15:58.690;0:47.114;1:06.862;0:49.262;185.9;Blake MCDONALD;;LMGT3;;TF Sport;Corvette;GF;47.114;66.862;49.262;
33;1;25;2:20.566;0;;40.181;0;1:04.369;0;36.016;0;179.4;1:18:11.590;14:18:19.256;0:40.181;1:04.369;0:36.016;263.6;Blake MCDONALD;;LMGT3;;TF Sport;Corvette;GF;40.181;64.369;36.016;
33;1;26;3:42.195;0;;44.529;0;1:29.400;0;1:28.266;0;113.5;1:21:53.785;14:22:01.451;0:44.529;1:29.400;1:28.266;171.5;Blake MCDONALD;;LMGT3;;TF Sport;Corvette;SF;44.529;89.400;88.266;
33;1;27;3:35.131;0;;1:24.014;0;1:27.126;0;43.991;0;117.2;1:25:28.916;14:25:36.582;1:24.014;1:27.126;0:43.991;;Blake MCDONALD;;LMGT3;;TF Sport;Corvette;SF;84.014;87.126;43.991;
33;1;28;2:52.422;0;;45.658;0;1:20.001;0;46.763;0;146.2;1:28:21.338;14:28:29.004;0:45.658;1:20.001;0:46.763;154.6;Blake MCDONALD;;LMGT3;;TF Sport;Corvette;GF;45.658;80.001;46.763;
33;1;29;2:27.554;0;;40.019;0;1:06.670;0;40.865;0;170.9;1:30:48.892;14:30:56.558;0:40.019;1:06.670;0:40.865;258.0;Blake MCDONALD;;LMGT3;;TF Sport;Corvette;SF;40.019;66.670;40.865;
33;1;30;4:02.806;0;;1:17.778;0;1:43.615;0;1:01.413;0;103.8;1:34:51.698;14:34:59.364;1:17.778;1:43.615;1:01.413;129.9;Blake MCDONALD;;LMGT3;;TF Sport;Corvette;SF;77.778;103.615;61.413;
33;1;31;4:01.266;0;;1:14.224;0;1:38.188;0;1:08.854;0;104.5;1:38:52.964;14:39:00.630;1:14.224;1:38.188;1:08.854;;Blake MCDONALD;;LMGT3;;TF Sport;Corvette;SF;74.224;98.188;68.854;
33;1;32;3:52.654;0;;1:37.833;0;1:25.100;0;49.721;0;108.4;1:42:45.618;14:42:53.284;1:37.833;1:25.100;0:49.721;;Blake MCDONALD;;LMGT3;;TF Sport;Corvette;SF;97.833;85.100;49.721;
33;1;33;2:59.651;0;;45.502;0;1:26.893;0;47.256;0;140.4;1:45:45.269;14:45:52.935;0:45.502;1:26.893;0:47.256;229.6;Blake MCDONALD;;LMGT3;;TF Sport;Corvette;GF;45.502;86.893;47.256;
33;1;34;2:23.620;0;;41.237;0;1:06.524;0;35.859;0;175.6;1:48:08.889;14:48:16.555;0:41.237;1:06.524;0:35.859;261.7;Blake MCDONALD;;LMGT3;;TF Sport;Corvette;GF;41.237;66.524;35.859;
33;1;35;2:20.566;0;;39.988;0;1:04.840;0;35.738;1;179.4;1:50:29.455;14:50:37.121;0:39.988;1:04.840;0:35.738;263.6;Blake MCDONALD;;LMGT3;;TF Sport;Corvette;GF;39.988;64.840;35.738;
33;1;36;2:20.543;0;;40.041;0;1:04.753;0;35.749;0;179.4;1:52:49.998;14:52:57.664;0:40.041;1:04.753;0:35.749;263.0;Blake MCDONALD;;LMGT3;;TF Sport;Corvette;GF;40.041;64.753;35.749;
33;1;37;2:20.499;0;;40.035;0;1:04.462;0;36.002;0;179.5;1:55:10.497;14:55:18.163;0:40.035;1:04.462;0:36.002;263.0;Blake MCDONALD;;LMGT3;;TF Sport;Corvette;GF;40.035;64.462;36.002;
33;1;38;2:20.928;0;;39.982;0;1:04.857;0;36.089;0;178.9;1:57:31.425;14:57:39.091;0:39.982;1:04.857;0:36.089;262.4;Blake MCDONALD;;LMGT3;;TF Sport;Corvette;GF;39.982;64.857;36.089;
33;1;39;2:23.801;0;;40.238;0;1:05.777;0;37.786;0;175.3;1:59:55.226;15:00:02.892;0:40.238;1:05.777;0:37.786;261.1;Blake MCDONALD;;LMGT3;;TF Sport;Corvette;SF;40.238;65.777;37.786;
33;1;40;3:03.829;0;;47.019;0;1:22.703;0;54.107;0;137.2;2:02:59.055;15:03:06.721;0:47.019;1:22.703;0:54.107;208.0;Blake MCDONALD;;LMGT3;;TF Sport;Corvette;SF;47.019;82.703;54.107;
33;1;41;3:56.653;0;;55.378;0;1:44.732;0;1:16.543;0;106.5;2:06:55.708;15:07:03.374;0:55.378;1:44.732;1:16.543;165.7;Blake MCDONALD;;LMGT3;;TF Sport;Corvette;SF;55.378;104.732;76.543;
33;1;42;4:20.454;0;;1:18.746;0;1:38.380;0;1:23.328;0;96.8;2:11:16.162;15:11:23.828;1:18.746;1:38.380;1:23.328;;Blake MCDONALD;;LMGT3;;TF Sport;Corvette;SF;78.746;98.380;83.328;
33;1;43;3:51.307;0;;1:30.420;0;1:19.817;0;1:01.070;0;109.0;2:15:07.469;15:15:15.135;1:30.420;1:19.817;1:01.070;;Blake MCDONALD;;LMGT3;;TF Sport;Corvette;GF;90.420;79.817;61.070;
33;1;44;2:27.630;0;B;40.320;0;1:05.246;0;42.064;0;170.8;2:17:35.099;15:17:42.765;0:40.320;1:05.246;0:42.064;263.6;Blake MCDONALD;;LMGT3;;TF Sport;Corvette;GF;40.320;65.246;42.064;
33;2;45;3:41.343;0;;1:55.230;0;1:08.236;0;37.877;0;113.9;2:21:16.442;15:21:24.108;1:55.230;1:08.236;0:37.877;250.8;Alec UDELL;0:01:23.688;LMGT3;;TF Sport;Corvette;GF;115.230;68.236;37.877;
33;2;46;2:22.713;0;;40.717;0;1:05.774;0;36.222;0;176.7;2:23:39.155;15:23:46.821;0:40.717;1:05.774;0:36.222;254.4;Alec UDELL;;LMGT3;;TF Sport;Corvette;GF;40.717;65.774;36.222;
33;2;47;2:23.008;0;;41.464;0;1:04.620;0;36.924;0;176.3;2:26:02.163;15:26:09.829;0:41.464;1:04.620;0:36.924;256.8;Alec UDELL;;LMGT3;;TF Sport;Corvette;GF;41.464;64.620;36.924;
33;2;48;2:19.724;0;;40.088;0;1:04.051;0;35.585;1;180.5;2:28:21.887;15:28:29.553;0:40.088;1:04.051;0:35.585;261.1;Alec UDELL;;LMGT3;;TF Sport;Corvette;GF;40.088;64.051;35.585;
33;2;49;2:19.185;2;;39.865;1;1:03.681;1;35.639;0;181.2;2:30:41.072;15:30:48.738;0:39.865;1:03.681;0:35.639;262.4;Alec UDELL;;LMGT3;;TF Sport;Corvette;GF;39.865;63.681;35.639;
33;2;50;2:20.229;0;;39.982;0;1:04.177;0;36.070;0;179.8;2:33:01.301;15:33:08.967;0:39.982;1:04.177;0:36.070;261.1;Alec UDELL;;LMGT3;;TF Sport;Corvette;GF;39.982;64.177;36.070;
33;2;51;2:20.469;0;;40.017;0;1:04.605;0;35.847;0;179.5;2:35:21.770;15:35:29.436;0:40.017;1:04.605;0:35.847;260.5;Alec UDELL;;LMGT3;;TF Sport;Corvette;GF;40.017;64.605;35.847;
33;2;52;2:19.829;0;;40.013;0;1:04.199;0;35.617;0;180.3;2:37:41.599;15:37:49.265;0:40.013;1:04.199;0:35.617;260.5;Alec UDELL;;LMGT3;;TF Sport;Corvette;GF;40.013;64.199;35.617;
33;2;53;2:20.126;0;;39.942;0;1:04.550;0;35.634;0;179.9;2:40:01.725;15:40:09.391;0:39.942;1:04.550;0:35.634;261.7;Alec UDELL;;LMGT3;;TF Sport;Corvette;GF;39.942;64.550;35.634;
33;2;54;2:21.171;0;;40.059;0;1:05.392;0;35.720;0;178.6;2:42:22.896;15:42:30.562;0:40.059;1:05.392;0:35.720;252.0;Alec UDELL;;LMGT3;;TF Sport;Corvette;GF;40.059;65.392;35.720;
33;2;55;2:20.794;0;;40.114;0;1:04.935;0;35.745;0;179.1;2:44:43.690;15:44:51.356;0:40.114;1:04.935;0:35.745;244.1;Alec UDELL;;LMGT3;;TF Sport;Corvette;GF;40.114;64.935;35.745;
33;2;56;2:21.197;0;;40.163;0;1:04.968;0;36.066;0;178.6;2:47:04.887;15:47:12.553;0:40.163;1:04.968;0:36.066;261.1;Alec UDELL;;LMGT3;;TF Sport;Corvette;GF;40.163;64.968;36.066;
33;2;57;2:21.811;0;;40.708;0;1:05.154;0;35.949;0;177.8;2:49:26.698;15:49:34.364;0:40.708;1:05.154;0:35.949;259.9;Alec UDELL;;LMGT3;;TF Sport;Corvette;GF;40.708;65.154;35.949;
33;2;58;2:21.834;0;;40.216;0;1:05.454;0;36.164;0;177.8;2:51:48.532;15:51:56.198;0:40.216;1:05.454;0:36.164;252.0;Alec UDELL;;LMGT3;;TF Sport;Corvette;GF;40.216;65.454;36.164;
33;2;59;2:22.428;0;;40.178;0;1:05.839;0;36.411;0;177.0;2:54:10.960;15:54:18.626;0:40.178;1:05.839;0:36.411;263.0;Alec UDELL;;LMGT3;;TF Sport;Corvette;GF;40.178;65.839;36.411;
33;2;60;2:21.528;0;;40.038;0;1:05.720;0;35.770;0;178.2;2:56:32.488;15:56:40.154;0:40.038;1:05.720;0:35.770;263.6;Alec UDELL;;LMGT3;;TF Sport;Corvette;GF;40.038;65.720;35.770;
33;2;61;2:20.463;0;;40.013;0;1:04.731;0;35.719;0;179.5;2:58:52.951;15:59:00.617;0:40.013;1:04.731;0:35.719;261.7;Alec UDELL;;LMGT3;;TF Sport;Corvette;GF;40.013;64.731;35.719;
33;2;62;2:20.492;0;;40.042;0;1:04.674;0;35.776;0;179.5;3:01:13.443;16:01:21.109;0:40.042;1:04.674;0:35.776;262.4;Alec UDELL;;LMGT3;;TF Sport;Corvette;GF;40.042;64.674;35.776;
33;2;63;2:21.612;0;;39.967;0;1:04.992;0;36.653;0;178.1;3:03:35.055;16:03:42.721;0:39.967;1:04.992;0:36.653;261.1;Alec UDELL;;LMGT3;;TF Sport;Corvette;GF;39.967;64.992;36.653;
33;2;64;2:22.527;0;;40.069;0;1:05.864;0;36.594;0;176.9;3:05:57.582;16:06:05.248;0:40.069;1:05.864;0:36.594;262.4;Alec UDELL;;LMGT3;;TF Sport;Corvette;GF;40.069;65.864;36.594;
33;2;65;2:23.036;0;;41.107;0;1:05.833;0;36.096;0;176.3;3:08:20.618;16:08:28.284;0:41.107;1:05.833;0:36.096;258.0;Alec UDELL;;LMGT3;;TF Sport;Corvette;GF;41.107;65.833;36.096;
33;2;66;2:27.806;0;B;40.285;0;1:04.910;0;42.611;0;170.6;3:10:48.424;16:10:56.090;0:40.285;1:04.910;0:42.611;260.5;Alec UDELL;;LMGT3;;TF Sport;Corvette;GF;40.285;64.910;42.611;
33;3;67;3:44.101;0;;2:01.139;0;1:05.547;0;37.415;0;112.5;3:14:32.525;16:14:40.191;2:01.139;1:05.547;0:37.415;248.0;Charlie EASTWOOD;0:01:30.796;LMGT3;;TF Sport;Corvette;GF;121.139;65.547;37.415;
33;3;68;2:20.718;0;;40.366;0;1:04.641;0;35.711;0;179.2;3:16:53.243;16:17:00.909;0:40.366;1:04.641;0:35.711;264.9;Charlie EASTWOOD;;LMGT3;;TF Sport;Corvette;GF;40.366;64.641;35.711;
33;3;69;2:19.473;0;;39.927;0;1:03.927;0;35.619;0;180.8;3:19:12.716;16:19:20.382;0:39.927;1:03.927;0:35.619;261.7;Charlie EASTWOOD;;LMGT3;;TF Sport;Corvette;GF;39.927;63.927;35.619;
33;3;70;2:18.961;0;;39.861;0;1:03.635;2;35.465;2;181.4;3:21:31.677;16:21:39.343;0:39.861;1:03.635;0:35.465;263.6;Charlie EASTWOOD;;LMGT3;;TF Sport;Corvette;GF;39.861;63.635;35.465;
33;3;71;2:19.239;0;;39.687;0;1:04.020;0;35.532;0;181.1;3:23:50.916;16:23:58.582;0:39.687;1:04.020;0:35.532;263.6;Charlie EASTWOOD;;LMGT3;;TF Sport;Corvette;GF;39.687;64.020;35.532;
33;3;72;2:19.485;0;;39.758;0;1:04.111;0;35.616;0;180.8;3:26:10.401;16:26:18.067;0:39.758;1:04.111;0:35.616;263.6;Charlie EASTWOOD;;LMGT3;;TF Sport;Corvette;GF;39.758;64.111;35.616;
33;3;73;2:21.092;0;;40.339;0;1:05.012;0;35.741;0;178.7;3:28:31.493;16:28:39.159;0:40.339;1:05.012;0:35.741;261.7;Charlie EASTWOOD;;LMGT3;;TF Sport;Corvette;GF;40.339;65.012;35.741;
33;3;74;2:20.075;0;;39.838;0;1:04.511;0;35.726;0;180.0;3:30:51.568;16:30:59.234;0:39.838;1:04.511;0:35.726;261.7;Charlie EASTWOOD;;LMGT3;;TF Sport;Corvette;GF;39.838;64.511;35.726;
33;3;75;2:20.138;0;;39.665;2;1:04.485;0;35.988;0;179.9;3:33:11.706;16:33:19.372;0:39.665;1:04.485;0:35.988;265.6;Charlie EASTWOOD;;LMGT3;;TF Sport;Corvette;GF;39.665;64.485;35.988;
33;3;76;2:21.265;0;;39.840;0;1:04.938;0;36.487;0;178.5;3:35:32.971;16:35:40.637;0:39.840;1:04.938;0:36.487;264.3;Charlie EASTWOOD;;LMGT3;;TF Sport;Corvette;GF;39.840;64.938;36.487;
33;3;77;2:21.429;0;;40.302;0;1:05.163;0;35.964;0;178.3;3:37:54.400;16:38:02.066;0:40.302;1:05.163;0:35.964;263.0;Charlie EASTWOOD;;LMGT3;;TF Sport;Corvette;GF;40.302;65.163;35.964;
33;3;78;2:20.605;0;;40.186;0;1:04.623;0;35.796;0;179.3;3:40:15.005;16:40:22.671;0:40.186;1:04.623;0:35.796;261.7;Charlie EASTWOOD;;LMGT3;;TF Sport;Corvette;GF;40.186;64.623;35.796;
33;3;79;2:20.832;0;;39.947;0;1:05.063;0;35.822;0;179.0;3:42:35.837;16:42:43.503;0:39.947;1:05.063;0:35.822;262.4;Charlie EASTWOOD;;LMGT3;;TF Sport;Corvette;GF;39.947;65.063;35.822;
33;3;80;2:20.888;0;;39.925;0;1:05.220;0;35.743;0;179.0;3:44:56.725;16:45:04.391;0:39.925;1:05.220;0:35.743;266.9;Charlie EASTWOOD;;LMGT3;;TF Sport;Corvette;GF;39.925;65.220;35.743;
33;3;81;2:21.715;0;;40.283;0;1:05.708;0;35.724;0;177.9;3:47:18.440;16:47:26.106;0:40.283;1:05.708;0:35.724;263.0;Charlie EASTWOOD;;LMGT3;;TF Sport;Corvette;GF;40.283;65.708;35.724;
33;3;82;2:21.238;0;;40.228;0;1:05.135;0;35.875;0;178.5;3:49:39.678;16:49:47.344;0:40.228;1:05.135;0:35.875;261.1;Charlie EASTWOOD;;LMGT3;;TF Sport;Corvette;GF;40.228;65.135;35.875;
33;3;83;2:20.824;0;;39.976;0;1:04.915;0;35.933;0;179.0;3:52:00.502;16:52:08.168;0:39.976;1:04.915;0:35.933;261.1;Charlie EASTWOOD;;LMGT3;;TF Sport;Corvette;GF;39.976;64.915;35.933;
33;3;84;2:20.980;0;;39.837;0;1:05.323;0;35.820;0;178.8;3:54:21.482;16:54:29.148;0:39.837;1:05.323;0:35.820;262.4;Charlie EASTWOOD;;LMGT3;;TF Sport;Corvette;GF;39.837;65.323;35.820;
33;3;85;2:21.190;0;;39.903;0;1:05.394;0;35.893;0;178.6;3:56:42.672;16:56:50.338;0:39.903;1:05.394;0:35.893;263.6;Charlie EASTWOOD;;LMGT3;;TF Sport;Corvette;GF;39.903;65.394;35.893;
33;3;86;2:21.092;0;;39.972;0;1:05.273;0;35.847;0;178.7;3:59:03.764;16:59:11.430;0:39.972;1:05.273;0:35.847;264.3;Charlie EASTWOOD;;LMGT3;;TF Sport;Corvette;GF;39.972;65.273;35.847;
33;3;87;2:21.956;0;;40.076;0;1:05.949;0;35.931;0;177.6;4:01:25.720;17:01:33.386;0:40.076;1:05.949;0:35.931;263.6;Charlie EASTWOOD;;LMGT3;;TF Sport;Corvette;FF;40.076;65.949;35.931;
34;1;1;2:41.810;0;;41.620;0;1:05.346;0;54.844;0;153.1;2:41.810;13:02:49.476;0:41.620;1:05.346;0:54.844;220.7;Bijoy GARG;;LMP2;;Inter Europol Competition;Oreca;SF;41.620;65.346;54.844;
34;1;2;4:15.615;0;;1:17.370;0;1:49.276;0;1:08.969;0;98.6;6:57.425;13:07:05.091;1:17.370;1:49.276;1:08.969;;Bijoy GARG;;LMP2;;Inter Europol Competition;Oreca;SF;77.370;109.276;68.969;
34;1;3;4:21.190;0;;1:32.640;0;1:49.468;0;59.082;0;96.5;11:18.615;13:11:26.281;1:32.640;1:49.468;0:59.082;;Bijoy GARG;;LMP2;;Inter Europol Competition;Oreca;SF;92.640;109.468;59.082;
34;1;4;3:07.698;0;B;59.404;0;1:12.953;0;55.341;0;134.3;14:26.313;13:14:33.979;0:59.404;1:12.953;0:55.341;162.7;Bijoy GARG;;LMP2;;Inter Europol Competition;Oreca;GF;59.404;72.953;55.341;
34;1;5;3:09.097;0;;1:38.044;0;58.848;0;32.205;0;133.3;17:35.410;13:17:43.076;1:38.044;0:58.848;0:32.205;279.3;Bijoy GARG;0:01:11.572;LMP2;;Inter Europol Competition;Oreca;GF;98.044;58.848;32.205;
34;1;6;2:04.075;0;;35.477;0;56.875;1;31.723;1;203.2;19:39.485;13:19:47.151;0:35.477;0:56.875;0:31.723;296.1;Bijoy GARG;;LMP2;;Inter Europol Competition;Oreca;GF;35.477;56.875;31.723;
34;1;7;2:07.302;0;;35.548;0;59.333;0;32.421;0;198.1;21:46.787;13:21:54.453;0:35.548;0:59.333;0:32.421;296.1;Bijoy GARG;;LMP2;;Inter Europol Competition;Oreca;GF;35.548;59.333;32.421;
34;1;8;2:09.901;0;;35.548;0;1:01.416;0;32.937;0;194.1;23:56.688;13:24:04.354;0:35.548;1:01.416;0:32.937;285.9;Bijoy GARG;;LMP2;;Inter Europol Competition;Oreca;GF;35.548;61.416;32.937;
34;1;9;2:06.261;0;;36.187;0;58.138;0;31.936;0;199.7;26:02.949;13:26:10.615;0:36.187;0:58.138;0:31.936;295.3;Bijoy GARG;;LMP2;;Inter Europol Competition;Oreca;GF;36.187;58.138;31.936;
34;1;10;2:06.072;0;;35.420;0;58.800;0;31.852;0;200.0;28:09.021;13:28:16.687;0:35.420;0:58.800;0:31.852;296.9;Bijoy GARG;;LMP2;;Inter Europol Competition;Oreca;GF;35.420;58.800;31.852;
34;1;11;2:07.743;0;;35.546;0;59.670;0;32.527;0;197.4;30:16.764;13:30:24.430;0:35.546;0:59.670;0:32.527;300.2;Bijoy GARG;;LMP2;;Inter Europol Competition;Oreca;GF;35.546;59.670;32.527;
34;1;12;2:04.653;0;;35.612;0;57.263;0;31.778;0;202.3;32:21.417;13:32:29.083;0:35.612;0:57.263;0:31.778;297.7;Bijoy GARG;;LMP2;;Inter Europol Competition;Oreca;GF;35.612;57.263;31.778;
34;1;13;2:04.743;0;;35.464;0;57.339;0;31.940;0;202.1;34:26.160;13:34:33.826;0:35.464;0:57.339;0:31.940;295.3;Bijoy GARG;;LMP2;;Inter Europol Competition;Oreca;GF;35.464;57.339;31.940;
34;1;14;2:04.766;0;;35.449;0;57.404;0;31.913;0;202.1;36:30.926;13:36:38.592;0:35.449;0:57.404;0:31.913;297.7;Bijoy GARG;;LMP2;;Inter Europol Competition;Oreca;GF;35.449;57.404;31.913;
34;1;15;2:05.516;0;;35.382;0;57.770;0;32.364;0;200.9;38:36.442;13:38:44.108;0:35.382;0:57.770;0:32.364;300.2;Bijoy GARG;;LMP2;;Inter Europol Competition;Oreca;GF;35.382;57.770;32.364;
34;1;16;2:35.631;0;;35.439;0;1:00.053;0;1:00.139;0;162.0;41:12.073;13:41:19.739;0:35.439;1:00.053;1:00.139;297.7;Bijoy GARG;;LMP2;;Inter Europol Competition;Oreca;GF;35.439;60.053;60.139;
34;1;17;5:20.374;0;B;1:42.165;0;2:08.195;0;1:30.014;0;78.7;46:32.447;13:46:40.113;1:42.165;2:08.195;1:30.014;;Bijoy GARG;;LMP2;;Inter Europol Competition;Oreca;GF;102.165;128.195;90.014;
34;1;18;5:49.739;0;;2:13.553;0;2:08.665;0;1:27.521;0;72.1;52:22.186;13:52:29.852;2:13.553;2:08.665;1:27.521;;Bijoy GARG;0:00:53.561;LMP2;;Inter Europol Competition;Oreca;SF;133.553;128.665;87.521;
34;1;19;2:41.164;0;;50.138;0;1:11.090;0;39.936;0;156.5;55:03.350;13:55:11.016;0:50.138;1:11.090;0:39.936;201.0;Bijoy GARG;;LMP2;;Inter Europol Competition;Oreca;SF;50.138;71.090;39.936;
34;1;20;4:16.297;0;;57.798;0;1:41.520;0;1:36.979;0;98.4;59:19.647;13:59:27.313;0:57.798;1:41.520;1:36.979;;Bijoy GARG;;LMP2;;Inter Europol Competition;Oreca;SF;57.798;101.520;96.979;
34;1;21;4:16.258;0;;1:22.511;0;1:37.592;0;1:16.155;0;98.4;1:03:35.905;14:03:43.571;1:22.511;1:37.592;1:16.155;;Bijoy GARG;;LMP2;;Inter Europol Competition;Oreca;SF;82.511;97.592;76.155;
34;1;22;2:43.511;0;;46.798;0;1:09.618;0;47.095;0;154.2;1:06:19.416;14:06:27.082;0:46.798;1:09.618;0:47.095;223.0;Bijoy GARG;;LMP2;;Inter Europol Competition;Oreca;GF;46.798;69.618;47.095;
34;1;23;2:26.631;0;;37.274;0;1:02.826;0;46.531;0;172.0;1:08:46.047;14:08:53.713;0:37.274;1:02.826;0:46.531;284.4;Bijoy GARG;;LMP2;;Inter Europol Competition;Oreca;SF;37.274;62.826;46.531;
34;1;24;4:16.952;0;;1:09.431;0;1:55.700;0;1:11.821;0;98.1;1:13:02.999;14:13:10.665;1:09.431;1:55.700;1:11.821;149.3;Bijoy GARG;;LMP2;;Inter Europol Competition;Oreca;SF;69.431;115.700;71.821;
34;1;25;2:46.004;0;;47.869;0;1:05.644;0;52.491;0;151.9;1:15:49.003;14:15:56.669;0:47.869;1:05.644;0:52.491;206.4;Bijoy GARG;;LMP2;;Inter Europol Competition;Oreca;GF;47.869;65.644;52.491;
34;1;26;2:18.104;0;B;36.169;0;1:02.428;0;39.507;0;182.6;1:18:07.107;14:18:14.773;0:36.169;1:02.428;0:39.507;292.1;Bijoy GARG;;LMP2;;Inter Europol Competition;Oreca;GF;36.169;62.428;39.507;
34;1;27;7:45.822;0;;5:37.650;0;1:24.794;0;43.378;0;54.1;1:25:52.929;14:26:00.595;5:37.650;1:24.794;0:43.378;128.5;Bijoy GARG;0:04:52.871;LMP2;;Inter Europol Competition;Oreca;SF;337.650;84.794;43.378;
34;1;28;2:39.602;0;;46.437;0;1:10.302;0;42.863;0;158.0;1:28:32.531;14:28:40.197;0:46.437;1:10.302;0:42.863;201.0;Bijoy GARG;;LMP2;;Inter Europol Competition;Oreca;GF;46.437;70.302;42.863;
34;1;29;2:28.673;0;;36.296;0;1:06.924;0;45.453;0;169.6;1:31:01.204;14:31:08.870;0:36.296;1:06.924;0:45.453;282.9;Bijoy GARG;;LMP2;;Inter Europol Competition;Oreca;SF;36.296;66.924;45.453;
34;1;30;4:01.191;0;;1:17.370;0;1:43.696;0;1:00.125;0;104.5;1:35:02.395;14:35:10.061;1:17.370;1:43.696;1:00.125;;Bijoy GARG;;LMP2;;Inter Europol Competition;Oreca;SF;77.370;103.696;60.125;
34;1;31;4:03.032;0;;1:15.305;0;1:35.891;0;1:11.836;0;103.7;1:39:05.427;14:39:13.093;1:15.305;1:35.891;1:11.836;;Bijoy GARG;;LMP2;;Inter Europol Competition;Oreca;SF;75.305;95.891;71.836;
34;1;32;3:53.301;0;;1:40.164;0;1:20.976;0;52.161;0;108.1;1:42:58.728;14:43:06.394;1:40.164;1:20.976;0:52.161;127.9;Bijoy GARG;;LMP2;;Inter Europol Competition;Oreca;SF;100.164;80.976;52.161;
34;1;33;2:52.497;0;;47.228;0;1:21.974;0;43.295;0;146.2;1:45:51.225;14:45:58.891;0:47.228;1:21.974;0:43.295;194.5;Bijoy GARG;;LMP2;;Inter Europol Competition;Oreca;GF;47.228;81.974;43.295;
34;1;34;2:12.633;0;;37.269;0;1:02.819;0;32.545;0;190.1;1:48:03.858;14:48:11.524;0:37.269;1:02.819;0:32.545;268.2;Bijoy GARG;;LMP2;;Inter Europol Competition;Oreca;GF;37.269;62.819;32.545;
34;1;35;2:08.325;0;;35.316;1;1:00.016;0;32.993;0;196.5;1:50:12.183;14:50:19.849;0:35.316;1:00.016;0:32.993;302.7;Bijoy GARG;;LMP2;;Inter Europol Competition;Oreca;GF;35.316;60.016;32.993;
34;1;36;2:05.192;0;;35.400;0;57.691;0;32.101;0;201.4;1:52:17.375;14:52:25.041;0:35.400;0:57.691;0:32.101;295.3;Bijoy GARG;;LMP2;;Inter Europol Competition;Oreca;GF;35.400;57.691;32.101;
34;1;37;2:05.330;0;;35.481;0;58.046;0;31.803;0;201.2;1:54:22.705;14:54:30.371;0:35.481;0:58.046;0:31.803;288.2;Bijoy GARG;;LMP2;;Inter Europol Competition;Oreca;GF;35.481;58.046;31.803;
34;1;38;2:08.587;0;;35.383;0;1:00.806;0;32.398;0;196.1;1:56:31.292;14:56:38.958;0:35.383;1:00.806;0:32.398;284.4;Bijoy GARG;;LMP2;;Inter Europol Competition;Oreca;GF;35.383;60.806;32.398;
34;1;39;2:05.609;0;;35.374;0;58.179;0;32.056;0;200.7;1:58:36.901;14:58:44.567;0:35.374;0:58.179;0:32.056;294.5;Bijoy GARG;;LMP2;;Inter Europol Competition;Oreca;GF;35.374;58.179;32.056;
34;1;40;2:44.436;0;;35.422;0;1:15.000;0;54.014;0;153.3;2:01:21.337;15:01:29.003;0:35.422;1:15.000;0:54.014;291.3;Bijoy GARG;;LMP2;;Inter Europol Competition;Oreca;SF;35.422;75.000;54.014;
34;1;41;4:59.609;0;;1:35.407;0;2:08.069;0;1:16.133;0;84.2;2:06:20.946;15:06:28.612;1:35.407;2:08.069;1:16.133;;Bijoy GARG;;LMP2;;Inter Europol Competition;Oreca;SF;95.407;128.069;76.133;
34;1;42;4:05.844;0;;1:18.596;0;1:42.979;0;1:04.269;0;102.6;2:10:26.790;15:10:34.456;1:18.596;1:42.979;1:04.269;;Bijoy GARG;;LMP2;;Inter Europol Competition;Oreca;SF;78.596;102.979;64.269;
34;1;43;2:36.688;0;;46.071;0;1:10.844;0;39.773;0;160.9;2:13:03.478;15:13:11.144;0:46.071;1:10.844;0:39.773;200.3;Bijoy GARG;;LMP2;;Inter Europol Competition;Oreca;SF;46.071;70.844;39.773;
34;1;44;2:25.960;0;B;42.924;0;1:01.722;0;41.314;0;172.7;2:15:29.438;15:15:37.104;0:42.924;1:01.722;0:41.314;226.7;Bijoy GARG;;LMP2;;Inter Europol Competition;Oreca;GF;42.924;61.722;41.314;
34;1;45;2:40.056;0;B;1:02.572;0;58.827;0;38.657;0;157.5;2:18:09.494;15:18:17.160;1:02.572;0:58.827;0:38.657;289.7;Bijoy GARG;0:00:37.650;LMP2;;Inter Europol Competition;Oreca;GF;62.572;58.827;38.657;
34;2;46;3:34.963;0;;2:00.709;0;1:01.717;0;32.537;0;117.3;2:21:44.457;15:21:52.123;2:00.709;1:01.717;0:32.537;250.8;Reshad DE GÉRUS;0:01:32.042;LMP2;;Inter Europol Competition;Oreca;GF;120.709;61.717;32.537;
34;2;47;2:06.638;0;;35.415;0;58.620;0;32.603;0;199.1;2:23:51.095;15:23:58.761;0:35.415;0:58.620;0:32.603;300.2;Reshad DE GÉRUS;;LMP2;;Inter Europol Competition;Oreca;GF;35.415;58.620;32.603;
34;2;48;2:06.424;0;;35.410;0;58.699;0;32.315;0;199.4;2:25:57.519;15:26:05.185;0:35.410;0:58.699;0:32.315;297.7;Reshad DE GÉRUS;;LMP2;;Inter Europol Competition;Oreca;GF;35.410;58.699;32.315;
34;2;49;2:04.899;0;;35.362;0;57.201;0;32.336;0;201.9;2:28:02.418;15:28:10.084;0:35.362;0:57.201;0:32.336;301.0;Reshad DE GÉRUS;;LMP2;;Inter Europol Competition;Oreca;GF;35.362;57.201;32.336;
34;2;50;2:03.412;2;;35.264;0;56.484;2;31.664;2;204.3;2:30:05.830;15:30:13.496;0:35.264;0:56.484;0:31.664;301.0;Reshad DE GÉRUS;;LMP2;;Inter Europol Competition;Oreca;GF;35.264;56.484;31.664;
34;2;51;2:04.889;0;;35.226;0;57.758;0;31.905;0;201.9;2:32:10.719;15:32:18.385;0:35.226;0:57.758;0:31.905;299.3;Reshad DE GÉRUS;;LMP2;;Inter Europol Competition;Oreca;GF;35.226;57.758;31.905;
34;2;52;2:06.529;0;;35.232;0;59.259;0;32.038;0;199.3;2:34:17.248;15:34:24.914;0:35.232;0:59.259;0:32.038;301.0;Reshad DE GÉRUS;;LMP2;;Inter Europol Competition;Oreca;GF;35.232;59.259;32.038;
34;2;53;2:05.826;0;;35.614;0;58.216;0;31.996;0;200.4;2:36:23.074;15:36:30.740;0:35.614;0:58.216;0:31.996;301.0;Reshad DE GÉRUS;;LMP2;;Inter Europol Competition;Oreca;GF;35.614;58.216;31.996;
34;2;54;2:06.717;0;;35.366;0;59.224;0;32.127;0;199.0;2:38:29.791;15:38:37.457;0:35.366;0:59.224;0:32.127;302.7;Reshad DE GÉRUS;;LMP2;;Inter Europol Competition;Oreca;GF;35.366;59.224;32.127;
34;2;55;2:04.352;0;;35.316;0;57.200;0;31.836;0;202.8;2:40:34.143;15:40:41.809;0:35.316;0:57.200;0:31.836;301.0;Reshad DE GÉRUS;;LMP2;;Inter Europol Competition;Oreca;GF;35.316;57.200;31.836;
34;2;56;2:05.359;0;;35.438;0;58.019;0;31.902;0;201.1;2:42:39.502;15:42:47.168;0:35.438;0:58.019;0:31.902;301.8;Reshad DE GÉRUS;;LMP2;;Inter Europol Competition;Oreca;GF;35.438;58.019;31.902;
34;2;57;2:05.254;0;;35.321;0;57.874;0;32.059;0;201.3;2:44:44.756;15:44:52.422;0:35.321;0:57.874;0:32.059;302.7;Reshad DE GÉRUS;;LMP2;;Inter Europol Competition;Oreca;GF;35.321;57.874;32.059;
34;2;58;2:10.999;0;;35.448;0;1:03.099;0;32.452;0;192.5;2:46:55.755;15:47:03.421;0:35.448;1:03.099;0:32.452;299.3;Reshad DE GÉRUS;;LMP2;;Inter Europol Competition;Oreca;GF;35.448;63.099;32.452;
34;2;59;2:05.168;0;;35.424;0;57.857;0;31.887;0;201.4;2:49:00.923;15:49:08.589;0:35.424;0:57.857;0:31.887;301.0;Reshad DE GÉRUS;;LMP2;;Inter Europol Competition;Oreca;GF;35.424;57.857;31.887;
34;2;60;2:04.471;0;;35.263;0;57.340;0;31.868;0;202.6;2:51:05.394;15:51:13.060;0:35.263;0:57.340;0:31.868;301.8;Reshad DE GÉRUS;;LMP2;;Inter Europol Competition;Oreca;GF;35.263;57.340;31.868;
34;2;61;2:05.002;0;;35.207;0;57.754;0;32.041;0;201.7;2:53:10.396;15:53:18.062;0:35.207;0:57.754;0:32.041;305.2;Reshad DE GÉRUS;;LMP2;;Inter Europol Competition;Oreca;GF;35.207;57.754;32.041;
34;2;62;2:05.725;0;;35.693;0;58.076;0;31.956;0;200.5;2:55:16.121;15:55:23.787;0:35.693;0:58.076;0:31.956;299.3;Reshad DE GÉRUS;;LMP2;;Inter Europol Competition;Oreca;GF;35.693;58.076;31.956;
34;2;63;2:06.456;0;;35.262;0;59.197;0;31.997;0;199.4;2:57:22.577;15:57:30.243;0:35.262;0:59.197;0:31.997;301.0;Reshad DE GÉRUS;;LMP2;;Inter Europol Competition;Oreca;GF;35.262;59.197;31.997;
34;2;64;2:13.894;0;B;35.387;0;59.951;0;38.556;0;188.3;2:59:36.471;15:59:44.137;0:35.387;0:59.951;0:38.556;302.7;Reshad DE GÉRUS;;LMP2;;Inter Europol Competition;Oreca;GF;35.387;59.951;38.556;
34;2;65;3:06.477;0;;1:35.197;0;58.985;0;32.295;0;135.2;3:02:42.948;16:02:50.614;1:35.197;0:58.985;0:32.295;288.2;Reshad DE GÉRUS;0:01:07.971;LMP2;;Inter Europol Competition;Oreca;GF;95.197;58.985;32.295;
34;2;66;2:06.755;0;;35.467;0;59.179;0;32.109;0;198.9;3:04:49.703;16:04:57.369;0:35.467;0:59.179;0:32.109;299.3;Reshad DE GÉRUS;;LMP2;;Inter Europol Competition;Oreca;GF;35.467;59.179;32.109;
34;2;67;2:06.386;0;;35.521;0;58.285;0;32.580;0;199.5;3:06:56.089;16:07:03.755;0:35.521;0:58.285;0:32.580;300.2;Reshad DE GÉRUS;;LMP2;;Inter Europol Competition;Oreca;GF;35.521;58.285;32.580;
34;2;68;2:06.271;0;;35.599;0;58.500;0;32.172;0;199.7;3:09:02.360;16:09:10.026;0:35.599;0:58.500;0:32.172;301.8;Reshad DE GÉRUS;;LMP2;;Inter Europol Competition;Oreca;GF;35.599;58.500;32.172;
34;2;69;2:10.109;0;;35.517;0;1:01.130;0;33.462;0;193.8;3:11:12.469;16:11:20.135;0:35.517;1:01.130;0:33.462;297.7;Reshad DE GÉRUS;;LMP2;;Inter Europol Competition;Oreca;GF;35.517;61.130;33.462;
34;2;70;2:06.593;0;;36.230;0;58.332;0;32.031;0;199.2;3:13:19.062;16:13:26.728;0:36.230;0:58.332;0:32.031;298.5;Reshad DE GÉRUS;;LMP2;;Inter Europol Competition;Oreca;GF;36.230;58.332;32.031;
34;2;71;2:10.304;0;;36.427;0;1:01.508;0;32.369;0;193.5;3:15:29.366;16:15:37.032;0:36.427;1:01.508;0:32.369;296.9;Reshad DE GÉRUS;;LMP2;;Inter Europol Competition;Oreca;GF;36.427;61.508;32.369;
34;2;72;2:06.615;0;;35.440;0;58.943;0;32.232;0;199.1;3:17:35.981;16:17:43.647;0:35.440;0:58.943;0:32.232;301.0;Reshad DE GÉRUS;;LMP2;;Inter Europol Competition;Oreca;GF;35.440;58.943;32.232;
34;2;73;2:06.866;0;;35.434;0;59.168;0;32.264;0;198.7;3:19:42.847;16:19:50.513;0:35.434;0:59.168;0:32.264;301.0;Reshad DE GÉRUS;;LMP2;;Inter Europol Competition;Oreca;GF;35.434;59.168;32.264;
34;2;74;2:08.961;0;;36.844;0;59.796;0;32.321;0;195.5;3:21:51.808;16:21:59.474;0:36.844;0:59.796;0:32.321;272.9;Reshad DE GÉRUS;;LMP2;;Inter Europol Competition;Oreca;GF;36.844;59.796;32.321;
34;2;75;2:14.334;0;B;35.882;0;59.270;0;39.182;0;187.7;3:24:06.142;16:24:13.808;0:35.882;0:59.270;0:39.182;299.3;Reshad DE GÉRUS;;LMP2;;Inter Europol Competition;Oreca;GF;35.882;59.270;39.182;
34;2;76;3:17.313;0;;1:39.034;0;1:05.099;0;33.180;0;127.8;3:27:23.455;16:27:31.121;1:39.034;1:05.099;0:33.180;244.6;Reshad DE GÉRUS;0:01:10.564;LMP2;;Inter Europol Competition;Oreca;GF;99.034;65.099;33.180;
34;2;77;2:10.005;0;;35.424;0;59.396;0;35.185;0;193.9;3:29:33.460;16:29:41.126;0:35.424;0:59.396;0:35.185;301.0;Reshad DE GÉRUS;;LMP2;;Inter Europol Competition;Oreca;GF;35.424;59.396;35.185;
34;2;78;2:05.939;0;;35.240;0;57.908;0;32.791;0;200.2;3:31:39.399;16:31:47.065;0:35.240;0:57.908;0:32.791;300.2;Reshad DE GÉRUS;;LMP2;;Inter Europol Competition;Oreca;GF;35.240;57.908;32.791;
34;2;79;2:06.679;0;;35.787;0;58.754;0;32.138;0;199.0;3:33:46.078;16:33:53.744;0:35.787;0:58.754;0:32.138;305.2;Reshad DE GÉRUS;;LMP2;;Inter Europol Competition;Oreca;GF;35.787;58.754;32.138;
34;2;80;2:04.652;0;;35.254;0;57.488;0;31.910;0;202.3;3:35:50.730;16:35:58.396;0:35.254;0:57.488;0:31.910;301.8;Reshad DE GÉRUS;;LMP2;;Inter Europol Competition;Oreca;GF;35.254;57.488;31.910;
34;2;81;2:05.858;0;;35.268;0;57.868;0;32.722;0;200.3;3:37:56.588;16:38:04.254;0:35.268;0:57.868;0:32.722;301.0;Reshad DE GÉRUS;;LMP2;;Inter Europol Competition;Oreca;GF;35.268;57.868;32.722;
34;2;82;2:08.666;0;;36.946;0;58.985;0;32.735;0;196.0;3:40:05.254;16:40:12.920;0:36.946;0:58.985;0:32.735;296.9;Reshad DE GÉRUS;;LMP2;;Inter Europol Competition;Oreca;GF;36.946;58.985;32.735;
34;2;83;2:07.152;0;;35.272;0;59.409;0;32.471;0;198.3;3:42:12.406;16:42:20.072;0:35.272;0:59.409;0:32.471;301.0;Reshad DE GÉRUS;;LMP2;;Inter Europol Competition;Oreca;GF;35.272;59.409;32.471;
34;2;84;2:05.199;0;;35.265;0;57.928;0;32.006;0;201.4;3:44:17.605;16:44:25.271;0:35.265;0:57.928;0:32.006;303.5;Reshad DE GÉRUS;;LMP2;;Inter Europol Competition;Oreca;GF;35.265;57.928;32.006;
34;2;85;2:08.139;0;;35.324;0;1:00.531;0;32.284;0;196.8;3:46:25.744;16:46:33.410;0:35.324;1:00.531;0:32.284;277.8;Reshad DE GÉRUS;;LMP2;;Inter Europol Competition;Oreca;GF;35.324;60.531;32.284;
34;2;86;2:06.160;0;;35.411;0;58.657;0;32.092;0;199.9;3:48:31.904;16:48:39.570;0:35.411;0:58.657;0:32.092;296.9;Reshad DE GÉRUS;;LMP2;;Inter Europol Competition;Oreca;GF;35.411;58.657;32.092;
34;2;87;2:06.453;0;;35.254;0;59.049;0;32.150;0;199.4;3:50:38.357;16:50:46.023;0:35.254;0:59.049;0:32.150;300.2;Reshad DE GÉRUS;;LMP2;;Inter Europol Competition;Oreca;GF;35.254;59.049;32.150;
34;2;88;2:06.103;0;;35.253;0;58.834;0;32.016;0;199.9;3:52:44.460;16:52:52.126;0:35.253;0:58.834;0:32.016;291.3;Reshad DE GÉRUS;;LMP2;;Inter Europol Competition;Oreca;GF;35.253;58.834;32.016;
34;2;89;2:07.375;0;;35.234;0;1:00.190;0;31.951;0;198.0;3:54:51.835;16:54:59.501;0:35.234;1:00.190;0:31.951;305.2;Reshad DE GÉRUS;;LMP2;;Inter Europol Competition;Oreca;GF;35.234;60.190;31.951;
34;2;90;2:08.342;0;;35.190;2;1:00.358;0;32.794;0;196.5;3:57:00.177;16:57:07.843;0:35.190;1:00.358;0:32.794;307.8;Reshad DE GÉRUS;;LMP2;;Inter Europol Competition;Oreca;GF;35.190;60.358;32.794;
34;2;91;2:09.741;0;;36.090;0;1:01.428;0;32.223;0;194.3;3:59:09.918;16:59:17.584;0:36.090;1:01.428;0:32.223;299.3;Reshad DE GÉRUS;;LMP2;;Inter Europol Competition;Oreca;GF;36.090;61.428;32.223;
34;2;92;2:07.850;0;;35.274;0;1:00.175;0;32.401;0;197.2;4:01:17.768;17:01:25.434;0:35.274;1:00.175;0:32.401;297.7;Reshad DE GÉRUS;;LMP2;;Inter Europol Competition;Oreca;FF;35.274;60.175;32.401;
35;1;1;2:54.840;0;;46.866;0;1:09.024;0;58.950;0;141.7;2:54.840;13:03:02.506;0:46.866;1:09.024;0:58.950;229.6;Terrence WOODWARD;;LMP3;;Ultimate;Ligier;SF;46.866;69.024;58.950;
35;1;2;4:16.384;0;;1:30.930;0;1:39.164;0;1:06.290;0;98.3;7:11.224;13:07:18.890;1:30.930;1:39.164;1:06.290;;Terrence WOODWARD;;LMP3;;Ultimate;Ligier;SF;90.930;99.164;66.290;
35;1;3;4:22.610;0;;1:41.055;0;1:41.423;0;1:00.132;0;96.0;11:33.834;13:11:41.500;1:41.055;1:41.423;1:00.132;;Terrence WOODWARD;;LMP3;;Ultimate;Ligier;SF;101.055;101.423;60.132;
35;1;4;2:54.503;0;;57.181;0;1:10.467;0;46.855;0;144.5;14:28.337;13:14:36.003;0:57.181;1:10.467;0:46.855;168.8;Terrence WOODWARD;;LMP3;;Ultimate;Ligier;GF;57.181;70.467;46.855;
35;1;5;2:18.930;0;;39.404;0;1:04.081;0;35.445;0;181.5;16:47.267;13:16:54.933;0:39.404;1:04.081;0:35.445;270.9;Terrence WOODWARD;;LMP3;;Ultimate;Ligier;GF;39.404;64.081;35.445;
35;1;6;2:19.154;0;;39.575;0;1:04.490;0;35.089;0;181.2;19:06.421;13:19:14.087;0:39.575;1:04.490;0:35.089;266.2;Terrence WOODWARD;;LMP3;;Ultimate;Ligier;GF;39.575;64.490;35.089;
35;1;7;2:18.213;0;;39.103;0;1:03.356;0;35.754;0;182.4;21:24.634;13:21:32.300;0:39.103;1:03.356;0:35.754;268.9;Terrence WOODWARD;;LMP3;;Ultimate;Ligier;GF;39.103;63.356;35.754;
35;1;8;2:17.072;0;;39.004;0;1:03.263;0;34.805;0;183.9;23:41.706;13:23:49.372;0:39.004;1:03.263;0:34.805;270.9;Terrence WOODWARD;;LMP3;;Ultimate;Ligier;GF;39.004;63.263;34.805;
35;1;9;2:18.036;0;;39.046;0;1:04.174;0;34.816;0;182.7;25:59.742;13:26:07.408;0:39.046;1:04.174;0:34.816;269.6;Terrence WOODWARD;;LMP3;;Ultimate;Ligier;GF;39.046;64.174;34.816;
35;1;10;2:17.086;0;;38.779;0;1:03.729;0;34.578;1;183.9;28:16.828;13:28:24.494;0:38.779;1:03.729;0:34.578;269.6;Terrence WOODWARD;;LMP3;;Ultimate;Ligier;GF;38.779;63.729;34.578;
35;1;11;2:17.221;0;;38.848;0;1:03.298;0;35.075;0;183.7;30:34.049;13:30:41.715;0:38.848;1:03.298;0:35.075;269.6;Terrence WOODWARD;;LMP3;;Ultimate;Ligier;GF;38.848;63.298;35.075;
35;1;12;2:16.989;0;;38.890;0;1:03.133;1;34.966;0;184.1;32:51.038;13:32:58.704;0:38.890;1:03.133;0:34.966;271.6;Terrence WOODWARD;;LMP3;;Ultimate;Ligier;GF;38.890;63.133;34.966;
35;1;13;2:18.114;0;;38.944;0;1:03.499;0;35.671;0;182.6;35:09.152;13:35:16.818;0:38.944;1:03.499;0:35.671;273.6;Terrence WOODWARD;;LMP3;;Ultimate;Ligier;GF;38.944;63.499;35.671;
35;1;14;2:18.518;0;;38.426;1;1:04.090;0;36.002;0;182.0;37:27.670;13:37:35.336;0:38.426;1:04.090;0:36.002;277.1;Terrence WOODWARD;;LMP3;;Ultimate;Ligier;GF;38.426;64.090;36.002;
35;1;15;2:19.025;0;;39.117;0;1:03.762;0;36.146;0;181.4;39:46.695;13:39:54.361;0:39.117;1:03.762;0:36.146;273.6;Terrence WOODWARD;;LMP3;;Ultimate;Ligier;GF;39.117;63.762;36.146;
35;1;16;4:23.040;0;B;45.004;0;2:06.959;0;1:31.077;0;95.9;44:09.735;13:44:17.401;0:45.004;2:06.959;1:31.077;;Terrence WOODWARD;;LMP3;;Ultimate;Ligier;GF;45.004;126.959;91.077;
35;1;17;6:38.301;0;;3:05.871;0;2:07.234;0;1:25.196;0;63.3;50:48.036;13:50:55.702;3:05.871;2:07.234;1:25.196;;Terrence WOODWARD;0:01:46.916;LMP3;;Ultimate;Ligier;GF;185.871;127.234;85.196;
35;1;18;3:15.790;0;;1:21.461;0;1:08.815;0;45.514;0;128.8;54:03.826;13:54:11.492;1:21.461;1:08.815;0:45.514;179.4;Terrence WOODWARD;;LMP3;;Ultimate;Ligier;SF;81.461;68.815;45.514;
35;1;19;4:49.917;0;;1:28.534;0;1:46.691;0;1:34.692;0;87.0;58:53.743;13:59:01.409;1:28.534;1:46.691;1:34.692;143.0;Terrence WOODWARD;;LMP3;;Ultimate;Ligier;SF;88.534;106.691;94.692;
35;1;20;4:16.076;0;;1:24.967;0;1:39.848;0;1:11.261;0;98.5;1:03:09.819;14:03:17.485;1:24.967;1:39.848;1:11.261;;Terrence WOODWARD;;LMP3;;Ultimate;Ligier;SF;84.967;99.848;71.261;
35;1;21;2:55.824;0;;49.023;0;1:15.499;0;51.302;0;143.4;1:06:05.643;14:06:13.309;0:49.023;1:15.499;0:51.302;182.7;Terrence WOODWARD;;LMP3;;Ultimate;Ligier;GF;49.023;75.499;51.302;
35;1;22;2:28.307;0;;39.967;0;1:05.735;0;42.605;0;170.0;1:08:33.950;14:08:41.616;0:39.967;1:05.735;0:42.605;258.0;Terrence WOODWARD;;LMP3;;Ultimate;Ligier;SF;39.967;65.735;42.605;
35;1;23;4:16.561;0;;1:09.531;0;1:56.572;0;1:10.458;0;98.3;1:12:50.511;14:12:58.177;1:09.531;1:56.572;1:10.458;121.2;Terrence WOODWARD;;LMP3;;Ultimate;Ligier;SF;69.531;116.572;70.458;
35;1;24;2:53.107;0;;46.750;0;1:11.402;0;54.955;0;145.7;1:15:43.618;14:15:51.284;0:46.750;1:11.402;0:54.955;226.2;Terrence WOODWARD;;LMP3;;Ultimate;Ligier;GF;46.750;71.402;54.955;
35;1;25;2:20.308;0;;39.239;0;1:05.548;0;35.521;0;179.7;1:18:03.926;14:18:11.592;0:39.239;1:05.548;0:35.521;261.1;Terrence WOODWARD;;LMP3;;Ultimate;Ligier;GF;39.239;65.548;35.521;
35;1;26;3:40.941;0;;39.427;0;1:33.831;0;1:27.683;0;114.1;1:21:44.867;14:21:52.533;0:39.427;1:33.831;1:27.683;215.4;Terrence WOODWARD;;LMP3;;Ultimate;Ligier;SF;39.427;93.831;87.683;
35;1;27;3:37.297;0;;1:24.493;0;1:28.056;0;44.748;0;116.0;1:25:22.164;14:25:29.830;1:24.493;1:28.056;0:44.748;126.6;Terrence WOODWARD;;LMP3;;Ultimate;Ligier;SF;84.493;88.056;44.748;
35;1;28;2:55.497;0;;46.373;0;1:20.332;0;48.792;0;143.7;1:28:17.661;14:28:25.327;0:46.373;1:20.332;0:48.792;154.6;Terrence WOODWARD;;LMP3;;Ultimate;Ligier;GF;46.373;80.332;48.792;
35;1;29;2:24.559;0;;38.920;0;1:04.230;0;41.409;0;174.4;1:30:42.220;14:30:49.886;0:38.920;1:04.230;0:41.409;273.6;Terrence WOODWARD;;LMP3;;Ultimate;Ligier;SF;38.920;64.230;41.409;
35;1;30;4:05.238;0;;1:18.627;0;1:44.345;0;1:02.266;0;102.8;1:34:47.458;14:34:55.124;1:18.627;1:44.345;1:02.266;;Terrence WOODWARD;;LMP3;;Ultimate;Ligier;SF;78.627;104.345;62.266;
35;1;31;4:00.728;0;;1:13.185;0;1:39.516;0;1:08.027;0;104.7;1:38:48.186;14:38:55.852;1:13.185;1:39.516;1:08.027;156.8;Terrence WOODWARD;;LMP3;;Ultimate;Ligier;SF;73.185;99.516;68.027;
35;1;32;3:51.002;0;;1:37.161;0;1:26.578;0;47.263;0;109.2;1:42:39.188;14:42:46.854;1:37.161;1:26.578;0:47.263;;Terrence WOODWARD;;LMP3;;Ultimate;Ligier;SF;97.161;86.578;47.263;
35;1;33;3:10.259;0;B;45.700;0;1:28.894;0;55.665;0;132.5;1:45:49.447;14:45:57.113;0:45.700;1:28.894;0:55.665;206.8;Terrence WOODWARD;;LMP3;;Ultimate;Ligier;GF;45.700;88.894;55.665;
35;2;34;3:51.643;0;;2:06.609;0;1:08.341;0;36.693;0;108.8;1:49:41.090;14:49:48.756;2:06.609;1:08.341;0:36.693;255.0;Lucas FECURY;0:01:34.061;LMP3;;Ultimate;Ligier;GF;126.609;68.341;36.693;
35;2;35;2:20.523;0;;40.236;0;1:04.802;0;35.485;0;179.4;1:52:01.613;14:52:09.279;0:40.236;1:04.802;0:35.485;262.4;Lucas FECURY;;LMP3;;Ultimate;Ligier;GF;40.236;64.802;35.485;
35;2;36;2:19.681;0;;39.274;0;1:04.806;0;35.601;0;180.5;1:54:21.294;14:54:28.960;0:39.274;1:04.806;0:35.601;252.0;Lucas FECURY;;LMP3;;Ultimate;Ligier;GF;39.274;64.806;35.601;
35;2;37;2:18.454;0;;39.284;0;1:03.794;0;35.376;0;182.1;1:56:39.748;14:56:47.414;0:39.284;1:03.794;0:35.376;269.6;Lucas FECURY;;LMP3;;Ultimate;Ligier;GF;39.284;63.794;35.376;
35;2;38;2:17.058;0;;38.954;0;1:03.019;0;35.085;0;184.0;1:58:56.806;14:59:04.472;0:38.954;1:03.019;0:35.085;270.9;Lucas FECURY;;LMP3;;Ultimate;Ligier;GF;38.954;63.019;35.085;
35;2;39;2:48.993;0;;38.987;0;1:25.204;0;44.802;0;149.2;2:01:45.799;15:01:53.465;0:38.987;1:25.204;0:44.802;270.2;Lucas FECURY;;LMP3;;Ultimate;Ligier;SF;38.987;85.204;44.802;
35;2;40;4:39.168;0;;1:14.956;0;2:07.847;0;1:16.365;0;90.3;2:06:24.967;15:06:32.633;1:14.956;2:07.847;1:16.365;;Lucas FECURY;;LMP3;;Ultimate;Ligier;SF;74.956;127.847;76.365;
35;2;41;4:03.489;0;;1:18.580;0;1:41.384;0;1:03.525;0;103.6;2:10:28.456;15:10:36.122;1:18.580;1:41.384;1:03.525;;Lucas FECURY;;LMP3;;Ultimate;Ligier;SF;78.580;101.384;63.525;
35;2;42;2:36.650;0;;46.266;0;1:12.089;0;38.295;0;161.0;2:13:05.106;15:13:12.772;0:46.266;1:12.089;0:38.295;198.5;Lucas FECURY;;LMP3;;Ultimate;Ligier;SF;46.266;72.089;38.295;
35;2;43;2:23.403;0;;42.577;0;1:04.988;0;35.838;0;175.8;2:15:28.509;15:15:36.175;0:42.577;1:04.988;0:35.838;233.0;Lucas FECURY;;LMP3;;Ultimate;Ligier;GF;42.577;64.988;35.838;
35;2;44;2:18.182;0;;39.343;0;1:03.283;0;35.556;0;182.5;2:17:46.691;15:17:54.357;0:39.343;1:03.283;0:35.556;272.9;Lucas FECURY;;LMP3;;Ultimate;Ligier;GF;39.343;63.283;35.556;
35;2;45;2:17.500;0;;39.941;0;1:02.932;0;34.627;0;183.4;2:20:04.191;15:20:11.857;0:39.941;1:02.932;0:34.627;261.7;Lucas FECURY;;LMP3;;Ultimate;Ligier;GF;39.941;62.932;34.627;
35;2;46;2:15.690;0;;38.703;0;1:02.431;0;34.556;1;185.8;2:22:19.881;15:22:27.547;0:38.703;1:02.431;0:34.556;271.6;Lucas FECURY;;LMP3;;Ultimate;Ligier;GF;38.703;62.431;34.556;
35;2;47;2:16.194;0;;38.544;1;1:02.519;0;35.131;0;185.1;2:24:36.075;15:24:43.741;0:38.544;1:02.519;0:35.131;272.9;Lucas FECURY;;LMP3;;Ultimate;Ligier;GF;38.544;62.519;35.131;
35;2;48;2:15.494;0;;38.598;0;1:02.183;0;34.713;0;186.1;2:26:51.569;15:26:59.235;0:38.598;1:02.183;0:34.713;271.6;Lucas FECURY;;LMP3;;Ultimate;Ligier;GF;38.598;62.183;34.713;
35;2;49;2:15.334;0;;38.570;0;1:02.033;2;34.731;0;186.3;2:29:06.903;15:29:14.569;0:38.570;1:02.033;0:34.731;271.6;Lucas FECURY;;LMP3;;Ultimate;Ligier;GF;38.570;62.033;34.731;
35;2;50;2:37.591;0;B;38.600;0;1:13.261;0;45.730;0;160.0;2:31:44.494;15:31:52.160;0:38.600;1:13.261;0:45.730;272.3;Lucas FECURY;;LMP3;;Ultimate;Ligier;GF;38.600;73.261;45.730;
35;3;51;22:48.649;0;;21:08.218;0;1:04.965;0;35.466;0;18.4;2:54:33.143;15:54:40.809;21:08.218;1:04.965;0:35.466;258.6;Sebastian GRAVLUND;0:20:36.592;LMP3;;Ultimate;Ligier;GF;1268.218;64.965;35.466;
35;3;52;2:18.886;0;;39.418;0;1:04.113;0;35.355;0;181.5;2:56:52.029;15:56:59.695;0:39.418;1:04.113;0:35.355;256.2;Sebastian GRAVLUND;;LMP3;;Ultimate;Ligier;GF;39.418;64.113;35.355;
35;3;53;2:18.481;0;;38.777;0;1:04.033;0;35.671;0;182.1;2:59:10.510;15:59:18.176;0:38.777;1:04.033;0:35.671;271.6;Sebastian GRAVLUND;;LMP3;;Ultimate;Ligier;GF;38.777;64.033;35.671;
35;3;54;2:16.801;0;;38.789;0;1:03.231;0;34.781;0;184.3;3:01:27.311;16:01:34.977;0:38.789;1:03.231;0:34.781;273.6;Sebastian GRAVLUND;;LMP3;;Ultimate;Ligier;GF;38.789;63.231;34.781;
35;3;55;2:18.171;0;;38.466;0;1:04.206;0;35.499;0;182.5;3:03:45.482;16:03:53.148;0:38.466;1:04.206;0:35.499;274.3;Sebastian GRAVLUND;;LMP3;;Ultimate;Ligier;GF;38.466;64.206;35.499;
35;3;56;2:17.873;0;;39.103;0;1:03.453;0;35.317;0;182.9;3:06:03.355;16:06:11.021;0:39.103;1:03.453;0:35.317;271.6;Sebastian GRAVLUND;;LMP3;;Ultimate;Ligier;GF;39.103;63.453;35.317;
35;3;57;2:20.570;0;;39.168;0;1:06.538;0;34.864;0;179.4;3:08:23.925;16:08:31.591;0:39.168;1:06.538;0:34.864;270.9;Sebastian GRAVLUND;;LMP3;;Ultimate;Ligier;GF;39.168;66.538;34.864;
35;3;58;2:23.454;0;B;38.372;0;1:03.803;0;41.279;0;175.8;3:10:47.379;16:10:55.045;0:38.372;1:03.803;0:41.279;275.0;Sebastian GRAVLUND;;LMP3;;Ultimate;Ligier;GF;38.372;63.803;41.279;
35;3;59;7:38.544;0;;5:58.937;0;1:04.553;0;35.054;0;55.0;3:18:25.923;16:18:33.589;5:58.937;1:04.553;0:35.054;263.6;Sebastian GRAVLUND;0:05:29.560;LMP3;;Ultimate;Ligier;GF;358.937;64.553;35.054;
35;3;60;2:18.823;0;;38.305;0;1:04.960;0;35.558;0;181.6;3:20:44.746;16:20:52.412;0:38.305;1:04.960;0:35.558;277.1;Sebastian GRAVLUND;;LMP3;;Ultimate;Ligier;GF;38.305;64.960;35.558;
35;3;61;2:18.137;0;;38.425;0;1:03.769;0;35.943;0;182.5;3:23:02.883;16:23:10.549;0:38.425;1:03.769;0:35.943;273.6;Sebastian GRAVLUND;;LMP3;;Ultimate;Ligier;GF;38.425;63.769;35.943;
35;3;62;2:17.057;0;;38.420;0;1:03.890;0;34.747;0;184.0;3:25:19.940;16:25:27.606;0:38.420;1:03.890;0:34.747;275.7;Sebastian GRAVLUND;;LMP3;;Ultimate;Ligier;GF;38.420;63.890;34.747;
35;3;63;2:15.659;0;;38.329;0;1:02.533;0;34.797;0;185.9;3:27:35.599;16:27:43.265;0:38.329;1:02.533;0:34.797;275.0;Sebastian GRAVLUND;;LMP3;;Ultimate;Ligier;GF;38.329;62.533;34.797;
35;3;64;2:15.218;0;;38.364;0;1:02.223;0;34.631;0;186.5;3:29:50.817;16:29:58.483;0:38.364;1:02.223;0:34.631;273.6;Sebastian GRAVLUND;;LMP3;;Ultimate;Ligier;GF;38.364;62.223;34.631;
35;3;65;2:15.588;0;;38.282;0;1:02.644;0;34.662;0;186.0;3:32:06.405;16:32:14.071;0:38.282;1:02.644;0:34.662;273.6;Sebastian GRAVLUND;;LMP3;;Ultimate;Ligier;GF;38.282;62.644;34.662;
35;3;66;2:15.069;2;;38.251;0;1:02.205;1;34.613;0;186.7;3:34:21.474;16:34:29.140;0:38.251;1:02.205;0:34.613;275.0;Sebastian GRAVLUND;;LMP3;;Ultimate;Ligier;GF;38.251;62.205;34.613;
35;3;67;2:15.326;0;;38.253;0;1:02.459;0;34.614;0;186.3;3:36:36.800;16:36:44.466;0:38.253;1:02.459;0:34.614;275.7;Sebastian GRAVLUND;;LMP3;;Ultimate;Ligier;GF;38.253;62.459;34.614;
35;3;68;2:15.359;0;;38.295;0;1:02.447;0;34.617;0;186.3;3:38:52.159;16:38:59.825;0:38.295;1:02.447;0:34.617;275.0;Sebastian GRAVLUND;;LMP3;;Ultimate;Ligier;GF;38.295;62.447;34.617;
35;3;69;2:15.792;0;;38.226;0;1:03.088;0;34.478;2;185.7;3:41:07.951;16:41:15.617;0:38.226;1:03.088;0:34.478;274.3;Sebastian GRAVLUND;;LMP3;;Ultimate;Ligier;GF;38.226;63.088;34.478;
35;3;70;2:15.298;0;;38.267;0;1:02.365;0;34.666;0;186.4;3:43:23.249;16:43:30.915;0:38.267;1:02.365;0:34.666;274.3;Sebastian GRAVLUND;;LMP3;;Ultimate;Ligier;GF;38.267;62.365;34.666;
35;3;71;2:16.193;0;;38.182;0;1:03.419;0;34.592;0;185.1;3:45:39.442;16:45:47.108;0:38.182;1:03.419;0:34.592;276.4;Sebastian GRAVLUND;;LMP3;;Ultimate;Ligier;GF;38.182;63.419;34.592;
35;3;72;2:17.040;0;;38.181;0;1:04.127;0;34.732;0;184.0;3:47:56.482;16:48:04.148;0:38.181;1:04.127;0:34.732;270.2;Sebastian GRAVLUND;;LMP3;;Ultimate;Ligier;GF;38.181;64.127;34.732;
35;3;73;2:15.788;0;;38.347;0;1:02.782;0;34.659;0;185.7;3:50:12.270;16:50:19.936;0:38.347;1:02.782;0:34.659;275.0;Sebastian GRAVLUND;;LMP3;;Ultimate;Ligier;GF;38.347;62.782;34.659;
35;3;74;2:16.767;0;;39.063;0;1:03.156;0;34.548;0;184.4;3:52:29.037;16:52:36.703;0:39.063;1:03.156;0:34.548;272.9;Sebastian GRAVLUND;;LMP3;;Ultimate;Ligier;GF;39.063;63.156;34.548;
35;3;75;2:22.454;0;B;38.138;2;1:03.403;0;40.913;0;177.0;3:54:51.491;16:54:59.157;0:38.138;1:03.403;0:40.913;275.7;Sebastian GRAVLUND;;LMP3;;Ultimate;Ligier;GF;38.138;63.403;40.913;
35;3;76;3:18.606;0;;1:32.576;0;1:09.143;0;36.887;0;127.0;3:58:10.097;16:58:17.763;1:32.576;1:09.143;0:36.887;233.5;Sebastian GRAVLUND;0:00:59.778;LMP3;;Ultimate;Ligier;GF;92.576;69.143;36.887;
35;3;77;2:25.659;0;;39.594;0;1:03.923;0;42.142;0;173.1;4:00:35.756;17:00:43.422;0:39.594;1:03.923;0:42.142;265.6;Sebastian GRAVLUND;;LMP3;;Ultimate;Ligier;FF;39.594;63.923;42.142;
37;3;1;2:27.603;0;;39.071;0;1:01.233;0;47.299;0;167.8;2:27.603;13:02:35.269;0:39.071;1:01.233;0:47.299;284.4;Ian AGUILERA;;LMP2;;CLX Motorsport;Oreca;SF;39.071;61.233;47.299;
37;3;2;4:20.563;0;;1:19.738;0;1:51.673;0;1:09.152;0;96.8;6:48.166;13:06:55.832;1:19.738;1:51.673;1:09.152;;Ian AGUILERA;;LMP2;;CLX Motorsport;Oreca;SF;79.738;111.673;69.152;
37;3;3;4:19.109;0;;1:29.828;0;1:52.605;0;56.676;0;97.3;11:07.275;13:11:14.941;1:29.828;1:52.605;0:56.676;;Ian AGUILERA;;LMP2;;CLX Motorsport;Oreca;SF;89.828;112.605;56.676;
37;3;4;3:05.028;0;;58.702;0;1:18.844;0;47.482;0;136.3;14:12.303;13:14:19.969;0:58.702;1:18.844;0:47.482;182.1;Ian AGUILERA;;LMP2;;CLX Motorsport;Oreca;GF;58.702;78.844;47.482;
37;3;5;2:06.775;0;;36.607;0;58.029;0;32.139;0;198.9;16:19.078;13:16:26.744;0:36.607;0:58.029;0:32.139;295.3;Ian AGUILERA;;LMP2;;CLX Motorsport;Oreca;GF;36.607;58.029;32.139;
37;3;6;2:29.299;0;;35.546;0;1:21.854;0;31.899;0;168.9;18:48.377;13:18:56.043;0:35.546;1:21.854;0:31.899;302.7;Ian AGUILERA;;LMP2;;CLX Motorsport;Oreca;GF;35.546;81.854;31.899;
37;3;7;2:04.906;0;;35.373;1;57.659;0;31.874;1;201.9;20:53.283;13:21:00.949;0:35.373;0:57.659;0:31.874;301.0;Ian AGUILERA;;LMP2;;CLX Motorsport;Oreca;GF;35.373;57.659;31.874;
37;3;8;2:04.243;2;;35.607;0;56.735;2;31.901;0;202.9;22:57.526;13:23:05.192;0:35.607;0:56.735;0:31.901;297.7;Ian AGUILERA;;LMP2;;CLX Motorsport;Oreca;GF;35.607;56.735;31.901;
37;3;9;2:06.830;0;;35.395;0;59.039;0;32.396;0;198.8;25:04.356;13:25:12.022;0:35.395;0:59.039;0:32.396;299.3;Ian AGUILERA;;LMP2;;CLX Motorsport;Oreca;GF;35.395;59.039;32.396;
37;3;10;2:06.737;0;;35.521;0;58.957;0;32.259;0;198.9;27:11.093;13:27:18.759;0:35.521;0:58.957;0:32.259;301.8;Ian AGUILERA;;LMP2;;CLX Motorsport;Oreca;GF;35.521;58.957;32.259;
37;3;11;2:06.894;0;;35.452;0;59.177;0;32.265;0;198.7;29:17.987;13:29:25.653;0:35.452;0:59.177;0:32.265;301.8;Ian AGUILERA;;LMP2;;CLX Motorsport;Oreca;GF;35.452;59.177;32.265;
37;3;12;2:09.119;0;;35.394;0;1:00.375;0;33.350;0;195.3;31:27.106;13:31:34.772;0:35.394;1:00.375;0:33.350;292.1;Ian AGUILERA;;LMP2;;CLX Motorsport;Oreca;GF;35.394;60.375;33.350;
37;3;13;2:08.729;0;;35.602;0;1:00.378;0;32.749;0;195.9;33:35.835;13:33:43.501;0:35.602;1:00.378;0:32.749;302.7;Ian AGUILERA;;LMP2;;CLX Motorsport;Oreca;GF;35.602;60.378;32.749;
37;3;14;2:10.468;0;;36.408;0;1:01.081;0;32.979;0;193.3;35:46.303;13:35:53.969;0:36.408;1:01.081;0:32.979;294.5;Ian AGUILERA;;LMP2;;CLX Motorsport;Oreca;GF;36.408;61.081;32.979;
37;3;15;2:06.981;0;;36.216;0;58.533;0;32.232;0;198.6;37:53.284;13:38:00.950;0:36.216;0:58.533;0:32.232;290.5;Ian AGUILERA;;LMP2;;CLX Motorsport;Oreca;GF;36.216;58.533;32.232;
37;3;16;2:06.989;0;;35.594;0;58.658;0;32.737;0;198.6;40:00.273;13:40:07.939;0:35.594;0:58.658;0:32.737;300.2;Ian AGUILERA;;LMP2;;CLX Motorsport;Oreca;GF;35.594;58.658;32.737;
37;3;17;4:47.280;0;B;1:06.386;0;2:08.817;0;1:32.077;0;87.8;44:47.553;13:44:55.219;1:06.386;2:08.817;1:32.077;;Ian AGUILERA;;LMP2;;CLX Motorsport;Oreca;GF;66.386;128.817;92.077;
37;3;18;5:58.870;0;;2:24.655;0;2:08.711;0;1:25.504;0;70.3;50:46.423;13:50:54.089;2:24.655;2:08.711;1:25.504;;Ian AGUILERA;0:01:05.825;LMP2;;CLX Motorsport;Oreca;GF;144.655;128.711;85.504;
37;3;19;3:16.328;0;;1:20.388;0;1:07.656;0;48.284;0;128.4;54:02.751;13:54:10.417;1:20.388;1:07.656;0:48.284;191.8;Ian AGUILERA;;LMP2;;CLX Motorsport;Oreca;SF;80.388;67.656;48.284;
37;3;20;4:50.093;0;;1:28.489;0;1:46.913;0;1:34.691;0;86.9;58:52.844;13:59:00.510;1:28.489;1:46.913;1:34.691;129.6;Ian AGUILERA;;LMP2;;CLX Motorsport;Oreca;SF;88.489;106.913;94.691;
37;3;21;4:15.955;0;;1:24.363;0;1:40.434;0;1:11.158;0;98.5;1:03:08.799;14:03:16.465;1:24.363;1:40.434;1:11.158;;Ian AGUILERA;;LMP2;;CLX Motorsport;Oreca;SF;84.363;100.434;71.158;
37;3;22;2:55.944;0;;48.456;0;1:16.526;0;50.962;0;143.3;1:06:04.743;14:06:12.409;0:48.456;1:16.526;0:50.962;201.0;Ian AGUILERA;;LMP2;;CLX Motorsport;Oreca;GF;48.456;76.526;50.962;
37;3;23;2:15.394;0;;36.725;0;59.891;0;38.778;0;186.2;1:08:20.137;14:08:27.803;0:36.725;0:59.891;0:38.778;292.1;Ian AGUILERA;;LMP2;;CLX Motorsport;Oreca;SF;36.725;59.891;38.778;
37;3;24;4:16.408;0;;1:13.046;0;1:54.583;0;1:08.779;0;98.3;1:12:36.545;14:12:44.211;1:13.046;1:54.583;1:08.779;;Ian AGUILERA;;LMP2;;CLX Motorsport;Oreca;SF;73.046;114.583;68.779;
37;3;25;3:00.421;0;;46.960;0;1:17.322;0;56.139;0;139.8;1:15:36.966;14:15:44.632;0:46.960;1:17.322;0:56.139;216.7;Ian AGUILERA;;LMP2;;CLX Motorsport;Oreca;GF;46.960;77.322;56.139;
37;3;26;2:08.905;0;;36.013;0;1:00.381;0;32.511;0;195.6;1:17:45.871;14:17:53.537;0:36.013;1:00.381;0:32.511;285.9;Ian AGUILERA;;LMP2;;CLX Motorsport;Oreca;GF;36.013;60.381;32.511;
37;3;27;3:45.936;0;;35.548;0;1:44.289;0;1:26.099;0;111.6;1:21:31.807;14:21:39.473;0:35.548;1:44.289;1:26.099;301.0;Ian AGUILERA;;LMP2;;CLX Motorsport;Oreca;SF;35.548;104.289;86.099;
37;3;28;3:37.006;0;;1:23.301;0;1:29.004;0;44.701;0;116.2;1:25:08.813;14:25:16.479;1:23.301;1:29.004;0:44.701;;Ian AGUILERA;;LMP2;;CLX Motorsport;Oreca;SF;83.301;89.004;44.701;
37;3;29;3:00.886;0;;46.318;0;1:24.765;0;49.803;0;139.4;1:28:09.699;14:28:17.365;0:46.318;1:24.765;0:49.803;201.0;Ian AGUILERA;;LMP2;;CLX Motorsport;Oreca;GF;46.318;84.765;49.803;
37;3;30;2:11.039;0;;35.760;0;59.820;0;35.459;0;192.4;1:30:20.738;14:30:28.404;0:35.760;0:59.820;0:35.459;301.8;Ian AGUILERA;;LMP2;;CLX Motorsport;Oreca;SF;35.760;59.820;35.459;
37;3;31;4:13.352;0;;1:25.693;0;1:45.646;0;1:02.013;0;99.5;1:34:34.090;14:34:41.756;1:25.693;1:45.646;1:02.013;;Ian AGUILERA;;LMP2;;CLX Motorsport;Oreca;SF;85.693;105.646;62.013;
37;3;32;4:00.748;0;;1:11.541;0;1:41.555;0;1:07.652;0;104.7;1:38:34.838;14:38:42.504;1:11.541;1:41.555;1:07.652;125.7;Ian AGUILERA;;LMP2;;CLX Motorsport;Oreca;SF;71.541;101.555;67.652;
37;3;33;3:50.443;0;;1:34.770;0;1:31.564;0;44.109;0;109.4;1:42:25.281;14:42:32.947;1:34.770;1:31.564;0:44.109;;Ian AGUILERA;;LMP2;;CLX Motorsport;Oreca;SF;94.770;91.564;44.109;
37;3;34;3:13.794;0;B;45.999;0;1:33.570;0;54.225;0;130.1;1:45:39.075;14:45:46.741;0:45.999;1:33.570;0:54.225;232.5;Ian AGUILERA;;LMP2;;CLX Motorsport;Oreca;GF;45.999;93.570;54.225;
37;1;35;3:39.804;0;;2:06.056;0;1:01.316;0;32.432;0;114.7;1:49:18.879;14:49:26.545;2:06.056;1:01.316;0:32.432;282.2;Adrien CLOSMENIL;0:01:39.004;LMP2;;CLX Motorsport;Oreca;GF;126.056;61.316;32.432;
37;1;36;2:05.987;0;;35.961;0;57.957;0;32.069;0;200.1;1:51:24.866;14:51:32.532;0:35.961;0:57.957;0:32.069;296.9;Adrien CLOSMENIL;;LMP2;;CLX Motorsport;Oreca;GF;35.961;57.957;32.069;
37;1;37;2:05.141;0;;35.644;0;57.467;0;32.030;0;201.5;1:53:30.007;14:53:37.673;0:35.644;0:57.467;0:32.030;299.3;Adrien CLOSMENIL;;LMP2;;CLX Motorsport;Oreca;GF;35.644;57.467;32.030;
37;1;38;2:06.128;0;;36.431;0;57.697;0;32.000;0;199.9;1:55:36.135;14:55:43.801;0:36.431;0:57.697;0:32.000;294.5;Adrien CLOSMENIL;;LMP2;;CLX Motorsport;Oreca;GF;36.431;57.697;32.000;
37;1;39;2:06.147;0;;35.617;0;58.510;0;32.020;0;199.9;1:57:42.282;14:57:49.948;0:35.617;0:58.510;0:32.020;299.3;Adrien CLOSMENIL;;LMP2;;CLX Motorsport;Oreca;GF;35.617;58.510;32.020;
37;1;40;2:11.510;0;;35.409;0;59.957;0;36.144;0;191.7;1:59:53.792;15:00:01.458;0:35.409;0:59.957;0:36.144;301.0;Adrien CLOSMENIL;;LMP2;;CLX Motorsport;Oreca;SF;35.409;59.957;36.144;
37;1;41;3:03.244;0;;45.344;0;1:23.927;0;53.973;0;137.6;2:02:57.036;15:03:04.702;0:45.344;1:23.927;0:53.973;217.6;Adrien CLOSMENIL;;LMP2;;CLX Motorsport;Oreca;SF;45.344;83.927;53.973;
37;1;42;3:56.444;0;;56.194;0;1:44.047;0;1:16.203;0;106.6;2:06:53.480;15:07:01.146;0:56.194;1:44.047;1:16.203;169.6;Adrien CLOSMENIL;;LMP2;;CLX Motorsport;Oreca;SF;56.194;104.047;76.203;
37;1;43;4:20.906;0;;1:19.208;0;1:38.796;0;1:22.902;0;96.6;2:11:14.386;15:11:22.052;1:19.208;1:38.796;1:22.902;;Adrien CLOSMENIL;;LMP2;;CLX Motorsport;Oreca;SF;79.208;98.796;82.902;
37;1;44;3:51.679;0;;1:29.614;0;1:21.340;0;1:00.725;0;108.8;2:15:06.065;15:15:13.731;1:29.614;1:21.340;1:00.725;;Adrien CLOSMENIL;;LMP2;;CLX Motorsport;Oreca;GF;89.614;81.340;60.725;
37;1;45;2:11.822;0;;37.109;0;1:01.469;0;33.244;0;191.3;2:17:17.887;15:17:25.553;0:37.109;1:01.469;0:33.244;296.9;Adrien CLOSMENIL;;LMP2;;CLX Motorsport;Oreca;GF;37.109;61.469;33.244;
37;1;46;2:05.556;0;;35.587;0;58.120;0;31.849;0;200.8;2:19:23.443;15:19:31.109;0:35.587;0:58.120;0:31.849;297.7;Adrien CLOSMENIL;;LMP2;;CLX Motorsport;Oreca;GF;35.587;58.120;31.849;
37;1;47;2:06.136;0;;35.426;0;58.777;0;31.933;0;199.9;2:21:29.579;15:21:37.245;0:35.426;0:58.777;0:31.933;302.7;Adrien CLOSMENIL;;LMP2;;CLX Motorsport;Oreca;GF;35.426;58.777;31.933;
37;1;48;2:11.013;0;;35.429;0;1:01.529;0;34.055;0;192.5;2:23:40.592;15:23:48.258;0:35.429;1:01.529;0:34.055;306.1;Adrien CLOSMENIL;;LMP2;;CLX Motorsport;Oreca;GF;35.429;61.529;34.055;
37;1;49;2:08.913;0;;35.476;0;1:00.144;0;33.293;0;195.6;2:25:49.505;15:25:57.171;0:35.476;1:00.144;0:33.293;302.7;Adrien CLOSMENIL;;LMP2;;CLX Motorsport;Oreca;GF;35.476;60.144;33.293;
37;1;50;2:04.836;0;;35.623;0;57.364;1;31.849;0;202.0;2:27:54.341;15:28:02.007;0:35.623;0:57.364;0:31.849;300.2;Adrien CLOSMENIL;;LMP2;;CLX Motorsport;Oreca;GF;35.623;57.364;31.849;
37;1;51;2:04.663;0;;35.463;0;57.413;0;31.787;2;202.3;2:29:59.004;15:30:06.670;0:35.463;0:57.413;0:31.787;300.2;Adrien CLOSMENIL;;LMP2;;CLX Motorsport;Oreca;GF;35.463;57.413;31.787;
37;1;52;2:06.100;0;;35.274;2;58.325;0;32.501;0;200.0;2:32:05.104;15:32:12.770;0:35.274;0:58.325;0:32.501;302.7;Adrien CLOSMENIL;;LMP2;;CLX Motorsport;Oreca;GF;35.274;58.325;32.501;
37;1;53;2:06.965;0;;35.615;0;59.065;0;32.285;0;198.6;2:34:12.069;15:34:19.735;0:35.615;0:59.065;0:32.285;301.0;Adrien CLOSMENIL;;LMP2;;CLX Motorsport;Oreca;GF;35.615;59.065;32.285;
37;1;54;2:05.231;0;;35.358;0;57.791;0;32.082;0;201.3;2:36:17.300;15:36:24.966;0:35.358;0:57.791;0:32.082;301.0;Adrien CLOSMENIL;;LMP2;;CLX Motorsport;Oreca;GF;35.358;57.791;32.082;
37;1;55;2:12.719;0;B;35.443;0;58.188;0;39.088;0;190.0;2:38:30.019;15:38:37.685;0:35.443;0:58.188;0:39.088;300.2;Adrien CLOSMENIL;;LMP2;;CLX Motorsport;Oreca;GF;35.443;58.188;39.088;
37;1;56;2:45.750;0;;1:11.866;0;1:00.271;0;33.613;0;152.1;2:41:15.769;15:41:23.435;1:11.866;1:00.271;0:33.613;292.9;Adrien CLOSMENIL;0:00:47.505;LMP2;;CLX Motorsport;Oreca;GF;71.866;60.271;33.613;
37;1;57;2:06.981;0;;35.910;0;59.181;0;31.890;0;198.6;2:43:22.750;15:43:30.416;0:35.910;0:59.181;0:31.890;301.8;Adrien CLOSMENIL;;LMP2;;CLX Motorsport;Oreca;GF;35.910;59.181;31.890;
37;1;58;2:05.841;0;;35.470;0;58.366;0;32.005;0;200.4;2:45:28.591;15:45:36.257;0:35.470;0:58.366;0:32.005;301.0;Adrien CLOSMENIL;;LMP2;;CLX Motorsport;Oreca;GF;35.470;58.366;32.005;
37;1;59;2:07.431;0;;35.393;0;59.939;0;32.099;0;197.9;2:47:36.022;15:47:43.688;0:35.393;0:59.939;0:32.099;300.2;Adrien CLOSMENIL;;LMP2;;CLX Motorsport;Oreca;GF;35.393;59.939;32.099;
37;1;60;2:06.675;0;;35.455;0;58.815;0;32.405;0;199.0;2:49:42.697;15:49:50.363;0:35.455;0:58.815;0:32.405;301.0;Adrien CLOSMENIL;;LMP2;;CLX Motorsport;Oreca;GF;35.455;58.815;32.405;
37;1;61;2:07.327;0;;35.351;0;59.611;0;32.365;0;198.0;2:51:50.024;15:51:57.690;0:35.351;0:59.611;0:32.365;302.7;Adrien CLOSMENIL;;LMP2;;CLX Motorsport;Oreca;GF;35.351;59.611;32.365;
37;1;62;2:15.254;0;B;36.319;0;1:00.005;0;38.930;0;186.4;2:54:05.278;15:54:12.944;0:36.319;1:00.005;0:38.930;284.4;Adrien CLOSMENIL;;LMP2;;CLX Motorsport;Oreca;GF;36.319;60.005;38.930;
37;2;63;3:23.396;0;;1:50.128;0;1:00.941;0;32.327;0;124.0;2:57:28.674;15:57:36.340;1:50.128;1:00.941;0:32.327;277.8;Theodor JENSEN;0:01:23.285;LMP2;;CLX Motorsport;Oreca;GF;110.128;60.941;32.327;
37;2;64;2:07.747;0;;36.165;0;58.259;0;33.323;0;197.4;2:59:36.421;15:59:44.087;0:36.165;0:58.259;0:33.323;296.1;Theodor JENSEN;;LMP2;;CLX Motorsport;Oreca;GF;36.165;58.259;33.323;
37;2;65;2:07.583;0;;36.027;0;59.405;0;32.151;0;197.6;3:01:44.004;16:01:51.670;0:36.027;0:59.405;0:32.151;298.5;Theodor JENSEN;;LMP2;;CLX Motorsport;Oreca;GF;36.027;59.405;32.151;
37;2;66;2:05.987;0;;35.570;0;58.021;0;32.396;0;200.1;3:03:49.991;16:03:57.657;0:35.570;0:58.021;0:32.396;296.9;Theodor JENSEN;;LMP2;;CLX Motorsport;Oreca;GF;35.570;58.021;32.396;
37;2;67;2:08.354;0;;35.414;0;1:00.642;0;32.298;0;196.4;3:05:58.345;16:06:06.011;0:35.414;1:00.642;0:32.298;296.1;Theodor JENSEN;;LMP2;;CLX Motorsport;Oreca;GF;35.414;60.642;32.298;
37;2;68;2:07.491;0;;36.083;0;58.999;0;32.409;0;197.8;3:08:05.836;16:08:13.502;0:36.083;0:58.999;0:32.409;297.7;Theodor JENSEN;;LMP2;;CLX Motorsport;Oreca;GF;36.083;58.999;32.409;
37;2;69;2:08.548;0;;36.391;0;59.864;0;32.293;0;196.1;3:10:14.384;16:10:22.050;0:36.391;0:59.864;0:32.293;302.7;Theodor JENSEN;;LMP2;;CLX Motorsport;Oreca;GF;36.391;59.864;32.293;
37;2;70;2:07.978;0;;35.432;0;1:00.341;0;32.205;0;197.0;3:12:22.362;16:12:30.028;0:35.432;1:00.341;0:32.205;297.7;Theodor JENSEN;;LMP2;;CLX Motorsport;Oreca;GF;35.432;60.341;32.205;
37;2;71;2:07.493;0;;35.502;0;58.971;0;33.020;0;197.8;3:14:29.855;16:14:37.521;0:35.502;0:58.971;0:33.020;300.2;Theodor JENSEN;;LMP2;;CLX Motorsport;Oreca;GF;35.502;58.971;33.020;
37;2;72;2:08.176;0;;35.543;0;1:00.096;0;32.537;0;196.7;3:16:38.031;16:16:45.697;0:35.543;1:00.096;0:32.537;296.1;Theodor JENSEN;;LMP2;;CLX Motorsport;Oreca;GF;35.543;60.096;32.537;
37;2;73;2:08.547;0;;35.464;0;1:00.924;0;32.159;0;196.1;3:18:46.578;16:18:54.244;0:35.464;1:00.924;0:32.159;300.2;Theodor JENSEN;;LMP2;;CLX Motorsport;Oreca;GF;35.464;60.924;32.159;
37;2;74;2:05.640;0;;35.578;0;57.995;0;32.067;0;200.7;3:20:52.218;16:20:59.884;0:35.578;0:57.995;0:32.067;300.2;Theodor JENSEN;;LMP2;;CLX Motorsport;Oreca;GF;35.578;57.995;32.067;
37;2;75;2:07.926;0;;35.448;0;1:00.214;0;32.264;0;197.1;3:23:00.144;16:23:07.810;0:35.448;1:00.214;0:32.264;301.8;Theodor JENSEN;;LMP2;;CLX Motorsport;Oreca;GF;35.448;60.214;32.264;
37;2;76;2:04.788;0;;35.392;0;57.377;1;32.019;0;202.1;3:25:04.932;16:25:12.598;0:35.392;0:57.377;0:32.019;300.2;Theodor JENSEN;;LMP2;;CLX Motorsport;Oreca;GF;35.392;57.377;32.019;
37;2;77;2:05.321;0;;35.616;0;57.414;0;32.291;0;201.2;3:27:10.253;16:27:17.919;0:35.616;0:57.414;0:32.291;298.5;Theodor JENSEN;;LMP2;;CLX Motorsport;Oreca;GF;35.616;57.414;32.291;
37;2;78;2:04.922;0;;35.410;0;57.505;0;32.007;1;201.8;3:29:15.175;16:29:22.841;0:35.410;0:57.505;0:32.007;298.5;Theodor JENSEN;;LMP2;;CLX Motorsport;Oreca;GF;35.410;57.505;32.007;
37;2;79;2:05.242;0;;35.355;1;57.839;0;32.048;0;201.3;3:31:20.417;16:31:28.083;0:35.355;0:57.839;0:32.048;300.2;Theodor JENSEN;;LMP2;;CLX Motorsport;Oreca;GF;35.355;57.839;32.048;
37;2;80;2:12.342;0;B;35.619;0;58.388;0;38.335;0;190.5;3:33:32.759;16:33:40.425;0:35.619;0:58.388;0:38.335;301.0;Theodor JENSEN;;LMP2;;CLX Motorsport;Oreca;GF;35.619;58.388;38.335;
37;2;81;2:52.616;0;;1:21.500;0;58.606;0;32.510;0;146.1;3:36:25.375;16:36:33.041;1:21.500;0:58.606;0:32.510;297.7;Theodor JENSEN;0:00:56.991;LMP2;;CLX Motorsport;Oreca;GF;81.500;58.606;32.510;
37;2;82;2:07.191;0;;35.843;0;59.073;0;32.275;0;198.2;3:38:32.566;16:38:40.232;0:35.843;0:59.073;0:32.275;295.3;Theodor JENSEN;;LMP2;;CLX Motorsport;Oreca;GF;35.843;59.073;32.275;
37;2;83;2:06.036;0;;35.535;0;58.256;0;32.245;0;200.1;3:40:38.602;16:40:46.268;0:35.535;0:58.256;0:32.245;298.5;Theodor JENSEN;;LMP2;;CLX Motorsport;Oreca;GF;35.535;58.256;32.245;
37;2;84;2:06.599;0;;35.504;0;58.207;0;32.888;0;199.2;3:42:45.201;16:42:52.867;0:35.504;0:58.207;0:32.888;297.7;Theodor JENSEN;;LMP2;;CLX Motorsport;Oreca;GF;35.504;58.207;32.888;
37;2;85;2:07.654;0;;35.719;0;59.606;0;32.329;0;197.5;3:44:52.855;16:45:00.521;0:35.719;0:59.606;0:32.329;300.2;Theodor JENSEN;;LMP2;;CLX Motorsport;Oreca;GF;35.719;59.606;32.329;
37;2;86;2:07.326;0;;35.491;0;59.529;0;32.306;0;198.0;3:47:00.181;16:47:07.847;0:35.491;0:59.529;0:32.306;289.7;Theodor JENSEN;;LMP2;;CLX Motorsport;Oreca;GF;35.491;59.529;32.306;
37;2;87;2:06.561;0;;35.624;0;58.712;0;32.225;0;199.2;3:49:06.742;16:49:14.408;0:35.624;0:58.712;0:32.225;300.2;Theodor JENSEN;;LMP2;;CLX Motorsport;Oreca;GF;35.624;58.712;32.225;
37;2;88;2:05.599;0;;35.632;0;57.809;0;32.158;0;200.8;3:51:12.341;16:51:20.007;0:35.632;0:57.809;0:32.158;296.9;Theodor JENSEN;;LMP2;;CLX Motorsport;Oreca;GF;35.632;57.809;32.158;
37;2;89;2:09.241;0;;35.526;0;1:00.865;0;32.850;0;195.1;3:53:21.582;16:53:29.248;0:35.526;1:00.865;0:32.850;296.9;Theodor JENSEN;;LMP2;;CLX Motorsport;Oreca;GF;35.526;60.865;32.850;
37;2;90;2:13.035;0;B;35.587;0;58.481;0;38.967;0;189.5;3:55:34.617;16:55:42.283;0:35.587;0:58.481;0:38.967;297.7;Theodor JENSEN;;LMP2;;CLX Motorsport;Oreca;GF;35.587;58.481;38.967;
37;2;91;2:27.617;0;;56.340;0;58.571;0;32.706;0;170.8;3:58:02.234;16:58:09.900;0:56.340;0:58.571;0:32.706;300.2;Theodor JENSEN;0:00:32.032;LMP2;;CLX Motorsport;Oreca;GF;56.340;58.571;32.706;
37;2;92;2:05.801;0;;35.438;0;58.204;0;32.159;0;200.4;4:00:08.035;17:00:15.701;0:35.438;0:58.204;0:32.159;299.3;Theodor JENSEN;;LMP2;;CLX Motorsport;Oreca;GF;35.438;58.204;32.159;
37;2;93;2:07.372;0;;35.722;0;59.449;0;32.201;0;198.0;4:02:15.407;17:02:23.073;0:35.722;0:59.449;0:32.201;301.8;Theodor JENSEN;;LMP2;;CLX Motorsport;Oreca;FF;35.722;59.449;32.201;
4;1;1;2:52.513;0;;45.830;0;1:07.538;0;59.145;0;143.6;2:52.513;13:03:00.179;0:45.830;1:07.538;0:59.145;256.8;Antti RAMMO;;LMP3;;DKR Engineering;Ligier;SF;45.830;67.538;59.145;
4;1;2;4:16.633;0;;1:20.266;0;1:47.569;0;1:08.798;0;98.2;7:09.146;13:07:16.812;1:20.266;1:47.569;1:08.798;;Antti RAMMO;;LMP3;;DKR Engineering;Ligier;SF;80.266;107.569;68.798;
4;1;3;4:22.548;0;;1:37.644;0;1:44.182;0;1:00.722;0;96.0;11:31.694;13:11:39.360;1:37.644;1:44.182;1:00.722;;Antti RAMMO;;LMP3;;DKR Engineering;Ligier;SF;97.644;104.182;60.722;
4;1;4;2:54.685;0;;56.321;0;1:10.792;0;47.572;0;144.3;14:26.379;13:14:34.045;0:56.321;1:10.792;0:47.572;191.1;Antti RAMMO;;LMP3;;DKR Engineering;Ligier;GF;56.321;70.792;47.572;
4;1;5;2:17.458;0;;39.046;0;1:03.875;0;34.537;1;183.4;16:43.837;13:16:51.503;0:39.046;1:03.875;0:34.537;270.2;Antti RAMMO;;LMP3;;DKR Engineering;Ligier;GF;39.046;63.875;34.537;
4;1;6;2:16.345;0;;38.484;0;1:02.999;0;34.862;0;184.9;19:00.182;13:19:07.848;0:38.484;1:02.999;0:34.862;271.6;Antti RAMMO;;LMP3;;DKR Engineering;Ligier;GF;38.484;62.999;34.862;
4;1;7;2:15.544;0;;38.422;0;1:02.569;0;34.553;0;186.0;21:15.726;13:21:23.392;0:38.422;1:02.569;0:34.553;273.6;Antti RAMMO;;LMP3;;DKR Engineering;Ligier;GF;38.422;62.569;34.553;
4;1;8;2:16.008;0;;38.672;0;1:02.760;0;34.576;0;185.4;23:31.734;13:23:39.400;0:38.672;1:02.760;0:34.576;272.9;Antti RAMMO;;LMP3;;DKR Engineering;Ligier;GF;38.672;62.760;34.576;
4;1;9;2:15.925;0;;38.653;0;1:02.582;0;34.690;0;185.5;25:47.659;13:25:55.325;0:38.653;1:02.582;0:34.690;272.9;Antti RAMMO;;LMP3;;DKR Engineering;Ligier;GF;38.653;62.582;34.690;
4;1;10;2:15.766;0;;38.389;0;1:02.830;0;34.547;0;185.7;28:03.425;13:28:11.091;0:38.389;1:02.830;0:34.547;274.3;Antti RAMMO;;LMP3;;DKR Engineering;Ligier;GF;38.389;62.830;34.547;
4;1;11;2:16.260;0;;38.524;0;1:03.010;0;34.726;0;185.0;30:19.685;13:30:27.351;0:38.524;1:03.010;0:34.726;272.3;Antti RAMMO;;LMP3;;DKR Engineering;Ligier;GF;38.524;63.010;34.726;
4;1;12;2:15.420;0;;38.298;0;1:02.569;0;34.553;0;186.2;32:35.105;13:32:42.771;0:38.298;1:02.569;0:34.553;274.3;Antti RAMMO;;LMP3;;DKR Engineering;Ligier;GF;38.298;62.569;34.553;
4;1;13;2:15.945;0;;38.382;0;1:02.816;0;34.747;0;185.5;34:51.050;13:34:58.716;0:38.382;1:02.816;0:34.747;273.6;Antti RAMMO;;LMP3;;DKR Engineering;Ligier;GF;38.382;62.816;34.747;
4;1;14;2:15.967;0;;38.484;0;1:02.785;0;34.698;0;185.4;37:07.017;13:37:14.683;0:38.484;1:02.785;0:34.698;275.7;Antti RAMMO;;LMP3;;DKR Engineering;Ligier;GF;38.484;62.785;34.698;
4;1;15;2:16.396;0;;38.436;0;1:03.057;0;34.903;0;184.9;39:23.413;13:39:31.079;0:38.436;1:03.057;0:34.903;274.3;Antti RAMMO;;LMP3;;DKR Engineering;Ligier;GF;38.436;63.057;34.903;
4;1;16;3:56.159;0;B;38.337;0;1:48.327;0;1:29.495;0;106.8;43:19.572;13:43:27.238;0:38.337;1:48.327;1:29.495;272.3;Antti RAMMO;;LMP3;;DKR Engineering;Ligier;GF;38.337;108.327;89.495;
4;1;17;6:45.506;0;;3:09.252;0;2:09.458;0;1:26.796;0;62.2;50:05.078;13:50:12.744;3:09.252;2:09.458;1:26.796;;Antti RAMMO;0:01:47.278;LMP3;;DKR Engineering;Ligier;GF;189.252;129.458;86.796;
4;1;18;3:52.325;0;;1:43.107;0;1:16.070;0;53.148;0;108.5;53:57.403;13:54:05.069;1:43.107;1:16.070;0:53.148;;Antti RAMMO;;LMP3;;DKR Engineering;Ligier;SF;103.107;76.070;53.148;
4;1;19;4:50.620;0;;1:26.048;0;1:50.901;0;1:33.671;0;86.8;58:48.023;13:58:55.689;1:26.048;1:50.901;1:33.671;132.8;Antti RAMMO;;LMP3;;DKR Engineering;Ligier;SF;86.048;110.901;93.671;
4;1;20;4:14.898;0;;1:23.748;0;1:41.927;0;1:09.223;0;98.9;1:03:02.921;14:03:10.587;1:23.748;1:41.927;1:09.223;;Antti RAMMO;;LMP3;;DKR Engineering;Ligier;SF;83.748;101.927;69.223;
4;1;21;2:58.578;0;;48.769;0;1:18.752;0;51.057;0;141.2;1:06:01.499;14:06:09.165;0:48.769;1:18.752;0:51.057;204.8;Antti RAMMO;;LMP3;;DKR Engineering;Ligier;GF;48.769;78.752;51.057;
4;1;22;2:23.008;0;;39.405;0;1:05.313;0;38.290;0;176.3;1:08:24.507;14:08:32.173;0:39.405;1:05.313;0:38.290;268.2;Antti RAMMO;;LMP3;;DKR Engineering;Ligier;SF;39.405;65.313;38.290;
4;1;23;4:15.786;0;;1:11.005;0;1:55.481;0;1:09.300;0;98.6;1:12:40.293;14:12:47.959;1:11.005;1:55.481;1:09.300;;Antti RAMMO;;LMP3;;DKR Engineering;Ligier;SF;71.005;115.481;69.300;
4;1;24;2:59.168;0;;46.737;0;1:16.008;0;56.423;0;140.7;1:15:39.461;14:15:47.127;0:46.737;1:16.008;0:56.423;182.4;Antti RAMMO;;LMP3;;DKR Engineering;Ligier;GF;46.737;76.008;56.423;
4;1;25;2:20.012;0;;38.794;0;1:04.847;0;36.371;0;180.1;1:17:59.473;14:18:07.139;0:38.794;1:04.847;0:36.371;272.3;Antti RAMMO;;LMP3;;DKR Engineering;Ligier;GF;38.794;64.847;36.371;
4;1;26;3:40.716;0;;38.696;0;1:34.567;0;1:27.453;0;114.2;1:21:40.189;14:21:47.855;0:38.696;1:34.567;1:27.453;252.0;Antti RAMMO;;LMP3;;DKR Engineering;Ligier;SF;38.696;94.567;87.453;
4;1;27;3:36.141;0;;1:23.543;0;1:28.750;0;43.848;0;116.7;1:25:16.330;14:25:23.996;1:23.543;1:28.750;0:43.848;131.3;Antti RAMMO;;LMP3;;DKR Engineering;Ligier;SF;83.543;88.750;43.848;
4;1;28;2:58.495;0;;47.412;0;1:22.097;0;48.986;0;141.3;1:28:14.825;14:28:22.491;0:47.412;1:22.097;0:48.986;165.7;Antti RAMMO;;LMP3;;DKR Engineering;Ligier;GF;47.412;82.097;48.986;
4;1;29;2:23.379;0;;38.720;0;1:03.969;0;40.690;0;175.9;1:30:38.204;14:30:45.870;0:38.720;1:03.969;0:40.690;270.2;Antti RAMMO;;LMP3;;DKR Engineering;Ligier;SF;38.720;63.969;40.690;
4;1;30;4:04.826;0;;1:18.147;0;1:43.798;0;1:02.881;0;103.0;1:34:43.030;14:34:50.696;1:18.147;1:43.798;1:02.881;;Antti RAMMO;;LMP3;;DKR Engineering;Ligier;SF;78.147;103.798;62.881;
4;1;31;4:00.323;0;;1:11.546;0;1:40.647;0;1:08.130;0;104.9;1:38:43.353;14:38:51.019;1:11.546;1:40.647;1:08.130;137.5;Antti RAMMO;;LMP3;;DKR Engineering;Ligier;SF;71.546;100.647;68.130;
4;1;32;3:50.605;0;;1:36.194;0;1:28.359;0;46.052;0;109.3;1:42:33.958;14:42:41.624;1:36.194;1:28.359;0:46.052;;Antti RAMMO;;LMP3;;DKR Engineering;Ligier;SF;96.194;88.359;46.052;
4;1;33;3:05.427;0;;44.246;0;1:32.329;0;48.852;0;136.0;1:45:39.385;14:45:47.051;0:44.246;1:32.329;0:48.852;225.8;Antti RAMMO;;LMP3;;DKR Engineering;Ligier;GF;44.246;92.329;48.852;
4;1;34;2:16.362;0;;38.562;0;1:02.993;0;34.807;0;184.9;1:47:55.747;14:48:03.413;0:38.562;1:02.993;0:34.807;270.2;Antti RAMMO;;LMP3;;DKR Engineering;Ligier;GF;38.562;62.993;34.807;
4;1;35;2:18.227;0;;38.543;0;1:04.045;0;35.639;0;182.4;1:50:13.974;14:50:21.640;0:38.543;1:04.045;0:35.639;272.9;Antti RAMMO;;LMP3;;DKR Engineering;Ligier;GF;38.543;64.045;35.639;
4;1;36;2:16.723;0;;38.907;0;1:03.195;0;34.621;0;184.4;1:52:30.697;14:52:38.363;0:38.907;1:03.195;0:34.621;272.3;Antti RAMMO;;LMP3;;DKR Engineering;Ligier;GF;38.907;63.195;34.621;
4;1;37;2:15.530;0;;38.293;1;1:02.494;0;34.743;0;186.0;1:54:46.227;14:54:53.893;0:38.293;1:02.494;0:34.743;272.3;Antti RAMMO;;LMP3;;DKR Engineering;Ligier;GF;38.293;62.494;34.743;
4;1;38;2:16.422;0;;38.511;0;1:02.753;0;35.158;0;184.8;1:57:02.649;14:57:10.315;0:38.511;1:02.753;0:35.158;272.9;Antti RAMMO;;LMP3;;DKR Engineering;Ligier;GF;38.511;62.753;35.158;
4;1;39;2:15.103;0;;38.327;0;1:02.227;1;34.549;0;186.6;1:59:17.752;14:59:25.418;0:38.327;1:02.227;0:34.549;272.9;Antti RAMMO;;LMP3;;DKR Engineering;Ligier;GF;38.327;62.227;34.549;
4;1;40;2:48.543;0;;45.026;0;1:24.688;0;38.829;0;149.6;2:02:06.295;15:02:13.961;0:45.026;1:24.688;0:38.829;169.0;Antti RAMMO;;LMP3;;DKR Engineering;Ligier;SF;45.026;84.688;38.829;
4;1;41;4:26.106;0;;1:00.517;0;2:08.453;0;1:17.136;0;94.8;2:06:32.401;15:06:40.067;1:00.517;2:08.453;1:17.136;;Antti RAMMO;;LMP3;;DKR Engineering;Ligier;SF;60.517;128.453;77.136;
4;1;42;4:24.772;0;;1:19.390;0;1:41.426;0;1:23.956;0;95.2;2:10:57.173;15:11:04.839;1:19.390;1:41.426;1:23.956;;Antti RAMMO;;LMP3;;DKR Engineering;Ligier;SF;79.390;101.426;83.956;
4;1;43;4:00.061;0;;1:28.540;0;1:27.860;0;1:03.661;0;105.0;2:14:57.234;15:15:04.900;1:28.540;1:27.860;1:03.661;173.1;Antti RAMMO;;LMP3;;DKR Engineering;Ligier;GF;88.540;87.860;63.661;
4;1;44;2:23.611;0;;39.442;0;1:07.931;0;36.238;0;175.6;2:17:20.845;15:17:28.511;0:39.442;1:07.931;0:36.238;256.2;Antti RAMMO;;LMP3;;DKR Engineering;Ligier;GF;39.442;67.931;36.238;
4;1;45;2:16.904;0;;38.413;0;1:03.433;0;35.058;0;184.2;2:19:37.749;15:19:45.415;0:38.413;1:03.433;0:35.058;270.2;Antti RAMMO;;LMP3;;DKR Engineering;Ligier;GF;38.413;63.433;35.058;
4;1;46;2:16.089;0;;38.423;0;1:02.942;0;34.724;0;185.3;2:21:53.838;15:22:01.504;0:38.423;1:02.942;0:34.724;272.3;Antti RAMMO;;LMP3;;DKR Engineering;Ligier;GF;38.423;62.942;34.724;
4;1;47;2:16.018;0;;38.393;0;1:02.935;0;34.690;0;185.4;2:24:09.856;15:24:17.522;0:38.393;1:02.935;0:34.690;272.3;Antti RAMMO;;LMP3;;DKR Engineering;Ligier;GF;38.393;62.935;34.690;
4;1;48;2:22.593;0;B;38.409;0;1:03.220;0;40.964;0;176.8;2:26:32.449;15:26:40.115;0:38.409;1:03.220;0:40.964;273.6;Antti RAMMO;;LMP3;;DKR Engineering;Ligier;GF;38.409;63.220;40.964;
4;2;49;3:58.278;0;;2:16.603;0;1:06.317;0;35.358;0;105.8;2:30:30.727;15:30:38.393;2:16.603;1:06.317;0:35.358;260.5;Romain FAVRE;0:01:47.119;LMP3;;DKR Engineering;Ligier;GF;136.603;66.317;35.358;
4;2;50;2:20.243;0;;41.080;0;1:04.192;0;34.971;0;179.8;2:32:50.970;15:32:58.636;0:41.080;1:04.192;0:34.971;270.2;Romain FAVRE;;LMP3;;DKR Engineering;Ligier;GF;41.080;64.192;34.971;
4;2;51;2:16.429;0;;38.648;0;1:02.897;0;34.884;0;184.8;2:35:07.399;15:35:15.065;0:38.648;1:02.897;0:34.884;270.9;Romain FAVRE;;LMP3;;DKR Engineering;Ligier;GF;38.648;62.897;34.884;
4;2;52;2:15.999;0;;38.548;0;1:02.699;0;34.752;0;185.4;2:37:23.398;15:37:31.064;0:38.548;1:02.699;0:34.752;272.3;Romain FAVRE;;LMP3;;DKR Engineering;Ligier;GF;38.548;62.699;34.752;
4;2;53;2:15.397;0;;38.406;0;1:02.255;0;34.736;0;186.2;2:39:38.795;15:39:46.461;0:38.406;1:02.255;0:34.736;273.6;Romain FAVRE;;LMP3;;DKR Engineering;Ligier;GF;38.406;62.255;34.736;
4;2;54;2:15.140;0;;38.388;0;1:02.163;1;34.589;1;186.6;2:41:53.935;15:42:01.601;0:38.388;1:02.163;0:34.589;272.9;Romain FAVRE;;LMP3;;DKR Engineering;Ligier;GF;38.388;62.163;34.589;
4;2;55;2:15.683;0;;38.328;0;1:02.213;0;35.142;0;185.8;2:44:09.618;15:44:17.284;0:38.328;1:02.213;0:35.142;274.3;Romain FAVRE;;LMP3;;DKR Engineering;Ligier;GF;38.328;62.213;35.142;
4;2;56;2:21.615;0;B;38.307;1;1:02.672;0;40.636;0;178.0;2:46:31.233;15:46:38.899;0:38.307;1:02.672;0:40.636;273.6;Romain FAVRE;;LMP3;;DKR Engineering;Ligier;GF;38.307;62.672;40.636;
4;2;57;4:07.219;0;;2:28.033;0;1:04.262;0;34.924;0;102.0;2:50:38.452;15:50:46.118;2:28.033;1:04.262;0:34.924;266.2;Romain FAVRE;0:01:59.994;LMP3;;DKR Engineering;Ligier;GF;148.033;64.262;34.924;
4;2;58;2:16.442;0;;38.749;0;1:02.730;0;34.963;0;184.8;2:52:54.894;15:53:02.560;0:38.749;1:02.730;0:34.963;269.6;Romain FAVRE;;LMP3;;DKR Engineering;Ligier;GF;38.749;62.730;34.963;
4;2;59;2:15.700;0;;38.512;0;1:02.434;0;34.754;0;185.8;2:55:10.594;15:55:18.260;0:38.512;1:02.434;0:34.754;270.9;Romain FAVRE;;LMP3;;DKR Engineering;Ligier;GF;38.512;62.434;34.754;
4;2;60;2:16.033;0;;38.683;0;1:02.433;0;34.917;0;185.4;2:57:26.627;15:57:34.293;0:38.683;1:02.433;0:34.917;272.3;Romain FAVRE;;LMP3;;DKR Engineering;Ligier;GF;38.683;62.433;34.917;
4;2;61;2:16.277;0;;38.616;0;1:02.918;0;34.743;0;185.0;2:59:42.904;15:59:50.570;0:38.616;1:02.918;0:34.743;275.0;Romain FAVRE;;LMP3;;DKR Engineering;Ligier;GF;38.616;62.918;34.743;
4;2;62;2:18.353;0;;39.578;0;1:03.854;0;34.921;0;182.2;3:02:01.257;16:02:08.923;0:39.578;1:03.854;0:34.921;250.8;Romain FAVRE;;LMP3;;DKR Engineering;Ligier;GF;39.578;63.854;34.921;
4;2;63;2:17.398;0;;38.457;0;1:04.002;0;34.939;0;183.5;3:04:18.655;16:04:26.321;0:38.457;1:04.002;0:34.939;275.0;Romain FAVRE;;LMP3;;DKR Engineering;Ligier;GF;38.457;64.002;34.939;
4;2;64;2:16.905;0;;38.509;0;1:03.584;0;34.812;0;184.2;3:06:35.560;16:06:43.226;0:38.509;1:03.584;0:34.812;274.3;Romain FAVRE;;LMP3;;DKR Engineering;Ligier;GF;38.509;63.584;34.812;
4;2;65;2:18.171;0;;38.492;0;1:03.375;0;36.304;0;182.5;3:08:53.731;16:09:01.397;0:38.492;1:03.375;0:36.304;272.9;Romain FAVRE;;LMP3;;DKR Engineering;Ligier;GF;38.492;63.375;36.304;
4;2;66;2:17.104;0;;38.633;0;1:03.510;0;34.961;0;183.9;3:11:10.835;16:11:18.501;0:38.633;1:03.510;0:34.961;272.9;Romain FAVRE;;LMP3;;DKR Engineering;Ligier;GF;38.633;63.510;34.961;
4;2;67;2:23.563;0;B;38.607;0;1:03.685;0;41.271;0;175.6;3:13:34.398;16:13:42.064;0:38.607;1:03.685;0:41.271;273.6;Romain FAVRE;;LMP3;;DKR Engineering;Ligier;GF;38.607;63.685;41.271;
4;3;68;9:41.514;0;;7:59.083;0;1:07.229;0;35.202;0;43.4;3:23:15.912;16:23:23.578;7:59.083;1:07.229;0:35.202;245.7;Wyatt BRICHACEK;0:07:25.229;LMP3;;DKR Engineering;Ligier;GF;479.083;67.229;35.202;
4;3;69;2:16.692;0;;39.067;0;1:02.930;0;34.695;0;184.5;3:25:32.604;16:25:40.270;0:39.067;1:02.930;0:34.695;270.9;Wyatt BRICHACEK;;LMP3;;DKR Engineering;Ligier;GF;39.067;62.930;34.695;
4;3;70;2:15.353;0;;38.681;0;1:01.995;0;34.677;0;186.3;3:27:47.957;16:27:55.623;0:38.681;1:01.995;0:34.677;270.2;Wyatt BRICHACEK;;LMP3;;DKR Engineering;Ligier;GF;38.681;61.995;34.677;
4;3;71;2:14.581;0;;38.510;0;1:01.560;0;34.511;0;187.4;3:30:02.538;16:30:10.204;0:38.510;1:01.560;0:34.511;270.9;Wyatt BRICHACEK;;LMP3;;DKR Engineering;Ligier;GF;38.510;61.560;34.511;
4;3;72;2:14.170;0;;38.378;0;1:01.390;0;34.402;0;187.9;3:32:16.708;16:32:24.374;0:38.378;1:01.390;0:34.402;272.3;Wyatt BRICHACEK;;LMP3;;DKR Engineering;Ligier;GF;38.378;61.390;34.402;
4;3;73;2:13.995;0;;38.236;0;1:01.258;0;34.501;0;188.2;3:34:30.703;16:34:38.369;0:38.236;1:01.258;0:34.501;272.9;Wyatt BRICHACEK;;LMP3;;DKR Engineering;Ligier;GF;38.236;61.258;34.501;
4;3;74;2:14.565;0;;38.324;0;1:01.619;0;34.622;0;187.4;3:36:45.268;16:36:52.934;0:38.324;1:01.619;0:34.622;272.9;Wyatt BRICHACEK;;LMP3;;DKR Engineering;Ligier;GF;38.324;61.619;34.622;
4;3;75;2:15.685;0;;38.371;0;1:02.299;0;35.015;0;185.8;3:39:00.953;16:39:08.619;0:38.371;1:02.299;0:35.015;272.3;Wyatt BRICHACEK;;LMP3;;DKR Engineering;Ligier;GF;38.371;62.299;35.015;
4;3;76;2:13.891;2;;38.310;0;1:01.231;2;34.350;2;188.3;3:41:14.844;16:41:22.510;0:38.310;1:01.231;0:34.350;272.3;Wyatt BRICHACEK;;LMP3;;DKR Engineering;Ligier;GF;38.310;61.231;34.350;
4;3;77;2:14.368;0;;38.259;0;1:01.743;0;34.366;0;187.6;3:43:29.212;16:43:36.878;0:38.259;1:01.743;0:34.366;272.9;Wyatt BRICHACEK;;LMP3;;DKR Engineering;Ligier;GF;38.259;61.743;34.366;
4;3;78;2:14.403;0;;38.437;0;1:01.605;0;34.361;0;187.6;3:45:43.615;16:45:51.281;0:38.437;1:01.605;0:34.361;274.3;Wyatt BRICHACEK;;LMP3;;DKR Engineering;Ligier;GF;38.437;61.605;34.361;
4;3;79;2:15.318;0;;38.279;0;1:02.279;0;34.760;0;186.3;3:47:58.933;16:48:06.599;0:38.279;1:02.279;0:34.760;272.9;Wyatt BRICHACEK;;LMP3;;DKR Engineering;Ligier;GF;38.279;62.279;34.760;
4;3;80;2:15.845;0;;38.982;0;1:01.949;0;34.914;0;185.6;3:50:14.778;16:50:22.444;0:38.982;1:01.949;0:34.914;272.3;Wyatt BRICHACEK;;LMP3;;DKR Engineering;Ligier;GF;38.982;61.949;34.914;
4;3;81;2:15.419;0;;38.540;0;1:02.482;0;34.397;0;186.2;3:52:30.197;16:52:37.863;0:38.540;1:02.482;0:34.397;274.3;Wyatt BRICHACEK;;LMP3;;DKR Engineering;Ligier;GF;38.540;62.482;34.397;
4;3;82;2:15.596;0;;38.307;0;1:02.853;0;34.436;0;186.0;3:54:45.793;16:54:53.459;0:38.307;1:02.853;0:34.436;273.6;Wyatt BRICHACEK;;LMP3;;DKR Engineering;Ligier;GF;38.307;62.853;34.436;
4;3;83;2:15.493;0;;38.378;0;1:02.609;0;34.506;0;186.1;3:57:01.286;16:57:08.952;0:38.378;1:02.609;0:34.506;275.0;Wyatt BRICHACEK;;LMP3;;DKR Engineering;Ligier;GF;38.378;62.609;34.506;
4;3;84;2:16.768;0;;38.214;2;1:03.797;0;34.757;0;184.4;3:59:18.054;16:59:25.720;0:38.214;1:03.797;0:34.757;276.4;Wyatt BRICHACEK;;LMP3;;DKR Engineering;Ligier;GF;38.214;63.797;34.757;
4;3;85;2:16.365;0;;38.366;0;1:03.345;0;34.654;0;184.9;4:01:34.419;17:01:42.085;0:38.366;1:03.345;0:34.654;273.6;Wyatt BRICHACEK;;LMP3;;DKR Engineering;Ligier;FF;38.366;63.345;34.654;
43;1;1;2:23.680;0;;37.025;0;1:00.111;0;46.544;0;172.4;2:23.680;13:02:31.346;0:37.025;1:00.111;0:46.544;283.7;Jakub SMIECHOWSKI;;LMP2;;Inter Europol Competition;Oreca;SF;37.025;60.111;46.544;
43;1;2;4:20.034;0;;1:19.341;0;1:52.790;0;1:07.903;0;97.0;6:43.714;13:06:51.380;1:19.341;1:52.790;1:07.903;;Jakub SMIECHOWSKI;;LMP2;;Inter Europol Competition;Oreca;SF;79.341;112.790;67.903;
43;1;3;4:19.369;0;;1:30.095;0;1:53.184;0;56.090;0;97.2;11:03.083;13:11:10.749;1:30.095;1:53.184;0:56.090;;Jakub SMIECHOWSKI;;LMP2;;Inter Europol Competition;Oreca;SF;90.095;113.184;56.090;
43;1;4;3:07.062;0;;58.864;0;1:20.531;0;47.667;0;134.8;14:10.145;13:14:17.811;0:58.864;1:20.531;0:47.667;211.2;Jakub SMIECHOWSKI;;LMP2;;Inter Europol Competition;Oreca;GF;58.864;80.531;47.667;
43;1;5;2:06.892;0;;36.112;0;58.681;0;32.099;0;198.7;16:17.037;13:16:24.703;0:36.112;0:58.681;0:32.099;292.9;Jakub SMIECHOWSKI;;LMP2;;Inter Europol Competition;Oreca;GF;36.112;58.681;32.099;
43;1;6;2:05.150;0;;35.413;0;57.833;0;31.904;1;201.5;18:22.187;13:18:29.853;0:35.413;0:57.833;0:31.904;298.5;Jakub SMIECHOWSKI;;LMP2;;Inter Europol Competition;Oreca;GF;35.413;57.833;31.904;
43;1;7;2:04.852;0;;35.482;0;57.399;1;31.971;0;202.0;20:27.039;13:20:34.705;0:35.482;0:57.399;0:31.971;298.5;Jakub SMIECHOWSKI;;LMP2;;Inter Europol Competition;Oreca;GF;35.482;57.399;31.971;
43;1;8;2:05.253;0;;35.459;0;57.710;0;32.084;0;201.3;22:32.292;13:22:39.958;0:35.459;0:57.710;0:32.084;297.7;Jakub SMIECHOWSKI;;LMP2;;Inter Europol Competition;Oreca;GF;35.459;57.710;32.084;
43;1;9;2:05.549;0;;35.606;0;57.781;0;32.162;0;200.8;24:37.841;13:24:45.507;0:35.606;0:57.781;0:32.162;296.1;Jakub SMIECHOWSKI;;LMP2;;Inter Europol Competition;Oreca;GF;35.606;57.781;32.162;
43;1;10;2:06.080;0;;35.581;0;58.120;0;32.379;0;200.0;26:43.921;13:26:51.587;0:35.581;0:58.120;0:32.379;298.5;Jakub SMIECHOWSKI;;LMP2;;Inter Europol Competition;Oreca;GF;35.581;58.120;32.379;
43;1;11;2:06.095;0;;35.450;0;57.978;0;32.667;0;200.0;28:50.016;13:28:57.682;0:35.450;0:57.978;0:32.667;298.5;Jakub SMIECHOWSKI;;LMP2;;Inter Europol Competition;Oreca;GF;35.450;57.978;32.667;
43;1;12;2:09.508;0;;35.981;0;1:00.939;0;32.588;0;194.7;30:59.524;13:31:07.190;0:35.981;1:00.939;0:32.588;280.7;Jakub SMIECHOWSKI;;LMP2;;Inter Europol Competition;Oreca;GF;35.981;60.939;32.588;
43;1;13;2:06.552;0;;35.715;0;58.516;0;32.321;0;199.2;33:06.076;13:33:13.742;0:35.715;0:58.516;0:32.321;301.0;Jakub SMIECHOWSKI;;LMP2;;Inter Europol Competition;Oreca;GF;35.715;58.516;32.321;
43;1;14;2:06.035;0;;35.467;0;58.296;0;32.272;0;200.1;35:12.111;13:35:19.777;0:35.467;0:58.296;0:32.272;298.5;Jakub SMIECHOWSKI;;LMP2;;Inter Europol Competition;Oreca;GF;35.467;58.296;32.272;
43;1;15;2:07.855;0;;35.395;1;1:00.030;0;32.430;0;197.2;37:19.966;13:37:27.632;0:35.395;1:00.030;0:32.430;297.7;Jakub SMIECHOWSKI;;LMP2;;Inter Europol Competition;Oreca;GF;35.395;60.030;32.430;
43;1;16;2:08.568;0;;35.528;0;58.496;0;34.544;0;196.1;39:28.534;13:39:36.200;0:35.528;0:58.496;0:34.544;300.2;Jakub SMIECHOWSKI;;LMP2;;Inter Europol Competition;Oreca;GF;35.528;58.496;34.544;
43;1;17;3:52.305;0;;35.651;0;1:50.491;0;1:26.163;0;108.5;43:20.839;13:43:28.505;0:35.651;1:50.491;1:26.163;294.5;Jakub SMIECHOWSKI;;LMP2;;Inter Europol Competition;Oreca;GF;35.651;110.491;86.163;
43;1;18;5:21.151;0;B;1:42.372;0;2:08.448;0;1:30.331;0;78.5;48:41.990;13:48:49.656;1:42.372;2:08.448;1:30.331;;Jakub SMIECHOWSKI;;LMP2;;Inter Europol Competition;Oreca;GF;102.372;128.448;90.331;
43;1;19;5:14.662;0;;3:05.516;0;1:16.176;0;52.970;0;80.1;53:56.652;13:54:04.318;3:05.516;1:16.176;0:52.970;;Jakub SMIECHOWSKI;0:01:44.312;LMP2;;Inter Europol Competition;Oreca;SF;185.516;76.176;52.970;
43;1;20;4:50.687;0;;1:25.615;0;1:51.187;0;1:33.885;0;86.7;58:47.339;13:58:55.005;1:25.615;1:51.187;1:33.885;;Jakub SMIECHOWSKI;;LMP2;;Inter Europol Competition;Oreca;SF;85.615;111.187;93.885;
43;1;21;4:14.909;0;;1:23.395;0;1:42.375;0;1:09.139;0;98.9;1:03:02.248;14:03:09.914;1:23.395;1:42.375;1:09.139;;Jakub SMIECHOWSKI;;LMP2;;Inter Europol Competition;Oreca;SF;83.395;102.375;69.139;
43;1;22;2:57.006;0;;48.576;0;1:19.147;0;49.283;0;142.4;1:05:59.254;14:06:06.920;0:48.576;1:19.147;0:49.283;194.2;Jakub SMIECHOWSKI;;LMP2;;Inter Europol Competition;Oreca;GF;48.576;79.147;49.283;
43;1;23;2:12.983;0;;36.393;0;1:00.279;0;36.311;0;189.6;1:08:12.237;14:08:19.903;0:36.393;1:00.279;0:36.311;289.7;Jakub SMIECHOWSKI;;LMP2;;Inter Europol Competition;Oreca;SF;36.393;60.279;36.311;
43;1;24;4:20.111;0;;1:17.349;0;1:56.004;0;1:06.758;0;96.9;1:12:32.348;14:12:40.014;1:17.349;1:56.004;1:06.758;;Jakub SMIECHOWSKI;;LMP2;;Inter Europol Competition;Oreca;SF;77.349;116.004;66.758;
43;1;25;3:03.535;0;;47.105;0;1:19.880;0;56.550;0;137.4;1:15:35.883;14:15:43.549;0:47.105;1:19.880;0:56.550;214.6;Jakub SMIECHOWSKI;;LMP2;;Inter Europol Competition;Oreca;GF;47.105;79.880;56.550;
43;1;26;2:09.529;0;;35.839;0;1:01.143;0;32.547;0;194.7;1:17:45.412;14:17:53.078;0:35.839;1:01.143;0:32.547;300.2;Jakub SMIECHOWSKI;;LMP2;;Inter Europol Competition;Oreca;GF;35.839;61.143;32.547;
43;1;27;3:45.392;0;;35.526;0;1:43.979;0;1:25.887;0;111.9;1:21:30.804;14:21:38.470;0:35.526;1:43.979;1:25.887;297.7;Jakub SMIECHOWSKI;;LMP2;;Inter Europol Competition;Oreca;SF;35.526;103.979;85.887;
43;1;28;3:37.243;0;;1:23.277;0;1:29.490;0;44.476;0;116.1;1:25:08.047;14:25:15.713;1:23.277;1:29.490;0:44.476;;Jakub SMIECHOWSKI;;LMP2;;Inter Europol Competition;Oreca;SF;83.277;89.490;44.476;
43;1;29;3:01.275;0;;46.370;0;1:25.148;0;49.757;0;139.1;1:28:09.322;14:28:16.988;0:46.370;1:25.148;0:49.757;204.8;Jakub SMIECHOWSKI;;LMP2;;Inter Europol Competition;Oreca;GF;46.370;85.148;49.757;
43;1;30;2:10.635;0;;35.714;0;58.667;0;36.254;0;193.0;1:30:19.957;14:30:27.623;0:35.714;0:58.667;0:36.254;301.0;Jakub SMIECHOWSKI;;LMP2;;Inter Europol Competition;Oreca;SF;35.714;58.667;36.254;
43;1;31;4:13.198;0;;1:24.712;0;1:45.961;0;1:02.525;0;99.6;1:34:33.155;14:34:40.821;1:24.712;1:45.961;1:02.525;;Jakub SMIECHOWSKI;;LMP2;;Inter Europol Competition;Oreca;SF;84.712;105.961;62.525;
43;1;32;4:00.693;0;;1:11.184;0;1:41.866;0;1:07.643;0;104.8;1:38:33.848;14:38:41.514;1:11.184;1:41.866;1:07.643;130.1;Jakub SMIECHOWSKI;;LMP2;;Inter Europol Competition;Oreca;SF;71.184;101.866;67.643;
43;1;33;3:50.331;0;;1:34.087;0;1:32.172;0;44.072;0;109.5;1:42:24.179;14:42:31.845;1:34.087;1:32.172;0:44.072;;Jakub SMIECHOWSKI;;LMP2;;Inter Europol Competition;Oreca;SF;94.087;92.172;44.072;
43;1;34;3:06.909;0;;45.066;0;1:34.321;0;47.522;0;134.9;1:45:31.088;14:45:38.754;0:45.066;1:34.321;0:47.522;238.2;Jakub SMIECHOWSKI;;LMP2;;Inter Europol Competition;Oreca;GF;45.066;94.321;47.522;
43;1;35;2:12.941;0;B;35.802;0;58.496;0;38.643;0;189.7;1:47:44.029;14:47:51.695;0:35.802;0:58.496;0:38.643;296.9;Jakub SMIECHOWSKI;;LMP2;;Inter Europol Competition;Oreca;GF;35.802;58.496;38.643;
43;3;36;2:50.812;0;;1:18.440;0;59.970;0;32.402;0;147.6;1:50:34.841;14:50:42.507;1:18.440;0:59.970;0:32.402;285.9;Nicholas YELLOLY;0:00:53.098;LMP2;;Inter Europol Competition;Oreca;GF;78.440;59.970;32.402;
43;3;37;2:08.404;0;;36.641;0;59.683;0;32.080;0;196.4;1:52:43.245;14:52:50.911;0:36.641;0:59.683;0:32.080;296.1;Nicholas YELLOLY;;LMP2;;Inter Europol Competition;Oreca;GF;36.641;59.683;32.080;
43;3;38;2:04.351;0;;35.325;0;57.122;0;31.904;0;202.8;1:54:47.596;14:54:55.262;0:35.325;0:57.122;0:31.904;298.5;Nicholas YELLOLY;;LMP2;;Inter Europol Competition;Oreca;GF;35.325;57.122;31.904;
43;3;39;2:05.418;0;;35.320;0;58.114;0;31.984;0;201.0;1:56:53.014;14:57:00.680;0:35.320;0:58.114;0:31.984;292.9;Nicholas YELLOLY;;LMP2;;Inter Europol Competition;Oreca;GF;35.320;58.114;31.984;
43;3;40;2:03.976;0;;35.239;0;56.730;0;32.007;0;203.4;1:58:56.990;14:59:04.656;0:35.239;0:56.730;0:32.007;296.9;Nicholas YELLOLY;;LMP2;;Inter Europol Competition;Oreca;GF;35.239;56.730;32.007;
43;3;41;2:42.643;0;;35.254;0;1:25.749;0;41.640;0;155.0;2:01:39.633;15:01:47.299;0:35.254;1:25.749;0:41.640;290.5;Nicholas YELLOLY;;LMP2;;Inter Europol Competition;Oreca;SF;35.254;85.749;41.640;
43;3;42;4:43.612;0;;1:19.313;0;2:08.374;0;1:15.925;0;88.9;2:06:23.245;15:06:30.911;1:19.313;2:08.374;1:15.925;;Nicholas YELLOLY;;LMP2;;Inter Europol Competition;Oreca;SF;79.313;128.374;75.925;
43;3;43;4:30.837;0;;1:18.363;0;1:42.198;0;1:30.276;0;93.1;2:10:54.082;15:11:01.748;1:18.363;1:42.198;1:30.276;;Nicholas YELLOLY;;LMP2;;Inter Europol Competition;Oreca;SF;78.363;102.198;90.276;
43;3;44;4:00.375;0;;1:28.653;0;1:28.572;0;1:03.150;0;104.9;2:14:54.457;15:15:02.123;1:28.653;1:28.572;1:03.150;162.7;Nicholas YELLOLY;;LMP2;;Inter Europol Competition;Oreca;GF;88.653;88.572;63.150;
43;3;45;2:07.826;0;;35.965;0;59.727;0;32.134;0;197.3;2:17:02.283;15:17:09.949;0:35.965;0:59.727;0:32.134;301.0;Nicholas YELLOLY;;LMP2;;Inter Europol Competition;Oreca;GF;35.965;59.727;32.134;
43;3;46;2:05.855;0;;35.594;0;58.166;0;32.095;0;200.3;2:19:08.138;15:19:15.804;0:35.594;0:58.166;0:32.095;301.0;Nicholas YELLOLY;;LMP2;;Inter Europol Competition;Oreca;GF;35.594;58.166;32.095;
43;3;47;2:06.857;0;;35.285;0;58.273;0;33.299;0;198.8;2:21:14.995;15:21:22.661;0:35.285;0:58.273;0:33.299;306.1;Nicholas YELLOLY;;LMP2;;Inter Europol Competition;Oreca;GF;35.285;58.273;33.299;
43;3;48;2:07.668;0;;35.916;0;59.522;0;32.230;0;197.5;2:23:22.663;15:23:30.329;0:35.916;0:59.522;0:32.230;297.7;Nicholas YELLOLY;;LMP2;;Inter Europol Competition;Oreca;GF;35.916;59.522;32.230;
43;3;49;2:04.046;0;;35.379;0;56.857;0;31.810;0;203.3;2:25:26.709;15:25:34.375;0:35.379;0:56.857;0:31.810;295.3;Nicholas YELLOLY;;LMP2;;Inter Europol Competition;Oreca;GF;35.379;56.857;31.810;
43;3;50;2:03.875;2;;35.395;0;56.701;2;31.779;1;203.5;2:27:30.584;15:27:38.250;0:35.395;0:56.701;0:31.779;297.7;Nicholas YELLOLY;;LMP2;;Inter Europol Competition;Oreca;GF;35.395;56.701;31.779;
43;3;51;2:05.382;0;;35.277;0;57.990;0;32.115;0;201.1;2:29:35.966;15:29:43.632;0:35.277;0:57.990;0:32.115;298.5;Nicholas YELLOLY;;LMP2;;Inter Europol Competition;Oreca;GF;35.277;57.990;32.115;
43;3;52;2:06.117;0;;35.577;0;58.318;0;32.222;0;199.9;2:31:42.083;15:31:49.749;0:35.577;0:58.318;0:32.222;300.2;Nicholas YELLOLY;;LMP2;;Inter Europol Competition;Oreca;GF;35.577;58.318;32.222;
43;3;53;2:04.016;0;;35.228;1;56.888;0;31.900;0;203.3;2:33:46.099;15:33:53.765;0:35.228;0:56.888;0:31.900;298.5;Nicholas YELLOLY;;LMP2;;Inter Europol Competition;Oreca;GF;35.228;56.888;31.900;
43;3;54;2:04.036;0;;35.347;0;56.720;0;31.969;0;203.3;2:35:50.135;15:35:57.801;0:35.347;0:56.720;0:31.969;296.9;Nicholas YELLOLY;;LMP2;;Inter Europol Competition;Oreca;GF;35.347;56.720;31.969;
43;3;55;2:09.988;0;B;35.355;0;56.890;0;37.743;0;194.0;2:38:00.123;15:38:07.789;0:35.355;0:56.890;0:37.743;300.2;Nicholas YELLOLY;;LMP2;;Inter Europol Competition;Oreca;GF;35.355;56.890;37.743;
43;3;56;2:41.998;0;;1:11.943;0;57.635;0;32.420;0;155.6;2:40:42.121;15:40:49.787;1:11.943;0:57.635;0:32.420;300.2;Nicholas YELLOLY;0:00:47.605;LMP2;;Inter Europol Competition;Oreca;GF;71.943;57.635;32.420;
43;3;57;2:05.677;0;;35.613;0;57.779;0;32.285;0;200.6;2:42:47.798;15:42:55.464;0:35.613;0:57.779;0:32.285;298.5;Nicholas YELLOLY;;LMP2;;Inter Europol Competition;Oreca;GF;35.613;57.779;32.285;
43;3;58;2:04.700;0;;35.321;0;57.304;0;32.075;0;202.2;2:44:52.498;15:45:00.164;0:35.321;0:57.304;0:32.075;300.2;Nicholas YELLOLY;;LMP2;;Inter Europol Competition;Oreca;GF;35.321;57.304;32.075;
43;3;59;2:08.543;0;;36.288;0;59.518;0;32.737;0;196.2;2:47:01.041;15:47:08.707;0:36.288;0:59.518;0:32.737;286.7;Nicholas YELLOLY;;LMP2;;Inter Europol Competition;Oreca;GF;36.288;59.518;32.737;
43;3;60;2:07.023;0;;37.136;0;57.860;0;32.027;0;198.5;2:49:08.064;15:49:15.730;0:37.136;0:57.860;0:32.027;292.1;Nicholas YELLOLY;;LMP2;;Inter Europol Competition;Oreca;GF;37.136;57.860;32.027;
43;3;61;2:04.382;0;;35.355;0;57.133;0;31.894;0;202.7;2:51:12.446;15:51:20.112;0:35.355;0:57.133;0:31.894;298.5;Nicholas YELLOLY;;LMP2;;Inter Europol Competition;Oreca;GF;35.355;57.133;31.894;
43;3;62;2:04.679;0;;35.323;0;57.317;0;32.039;0;202.2;2:53:17.125;15:53:24.791;0:35.323;0:57.317;0:32.039;299.3;Nicholas YELLOLY;;LMP2;;Inter Europol Competition;Oreca;GF;35.323;57.317;32.039;
43;3;63;2:11.715;0;B;35.298;0;58.259;0;38.158;0;191.4;2:55:28.840;15:55:36.506;0:35.298;0:58.259;0:38.158;296.1;Nicholas YELLOLY;;LMP2;;Inter Europol Competition;Oreca;GF;35.298;58.259;38.158;
43;2;64;3:24.080;0;;1:50.145;0;1:01.332;0;32.603;0;123.6;2:58:52.920;15:59:00.586;1:50.145;1:01.332;0:32.603;280.7;Tom DILLMANN;0:01:22.828;LMP2;;Inter Europol Competition;Oreca;GF;110.145;61.332;32.603;
43;2;65;2:06.511;0;;36.254;0;58.264;0;31.993;0;199.3;3:00:59.431;16:01:07.097;0:36.254;0:58.264;0:31.993;293.7;Tom DILLMANN;;LMP2;;Inter Europol Competition;Oreca;GF;36.254;58.264;31.993;
43;2;66;2:05.288;0;;35.830;0;57.523;0;31.935;0;201.2;3:03:04.719;16:03:12.385;0:35.830;0:57.523;0:31.935;293.7;Tom DILLMANN;;LMP2;;Inter Europol Competition;Oreca;GF;35.830;57.523;31.935;
43;2;67;2:04.685;0;;35.307;0;57.503;0;31.875;0;202.2;3:05:09.404;16:05:17.070;0:35.307;0:57.503;0:31.875;293.7;Tom DILLMANN;;LMP2;;Inter Europol Competition;Oreca;GF;35.307;57.503;31.875;
43;2;68;2:04.767;0;;35.361;0;57.609;0;31.797;0;202.1;3:07:14.171;16:07:21.837;0:35.361;0:57.609;0:31.797;297.7;Tom DILLMANN;;LMP2;;Inter Europol Competition;Oreca;GF;35.361;57.609;31.797;
43;2;69;2:04.182;0;;35.438;0;56.947;1;31.797;0;203.0;3:09:18.353;16:09:26.019;0:35.438;0:56.947;0:31.797;297.7;Tom DILLMANN;;LMP2;;Inter Europol Competition;Oreca;GF;35.438;56.947;31.797;
43;2;70;2:04.644;0;;35.259;0;57.381;0;32.004;0;202.3;3:11:22.997;16:11:30.663;0:35.259;0:57.381;0:32.004;296.1;Tom DILLMANN;;LMP2;;Inter Europol Competition;Oreca;GF;35.259;57.381;32.004;
43;2;71;2:05.836;0;;36.044;0;57.921;0;31.871;0;200.4;3:13:28.833;16:13:36.499;0:36.044;0:57.921;0:31.871;291.3;Tom DILLMANN;;LMP2;;Inter Europol Competition;Oreca;GF;36.044;57.921;31.871;
43;2;72;2:05.457;0;;35.311;0;57.478;0;32.668;0;201.0;3:15:34.290;16:15:41.956;0:35.311;0:57.478;0:32.668;299.3;Tom DILLMANN;;LMP2;;Inter Europol Competition;Oreca;GF;35.311;57.478;32.668;
43;2;73;2:04.954;0;;35.318;0;57.753;0;31.883;0;201.8;3:17:39.244;16:17:46.910;0:35.318;0:57.753;0:31.883;296.9;Tom DILLMANN;;LMP2;;Inter Europol Competition;Oreca;GF;35.318;57.753;31.883;
43;2;74;2:05.015;0;;35.311;0;57.742;0;31.962;0;201.7;3:19:44.259;16:19:51.925;0:35.311;0:57.742;0:31.962;296.9;Tom DILLMANN;;LMP2;;Inter Europol Competition;Oreca;GF;35.311;57.742;31.962;
43;2;75;2:04.192;0;;35.210;2;57.226;0;31.756;2;203.0;3:21:48.451;16:21:56.117;0:35.210;0:57.226;0:31.756;301.8;Tom DILLMANN;;LMP2;;Inter Europol Competition;Oreca;GF;35.210;57.226;31.756;
43;2;76;2:04.996;0;;35.284;0;57.664;0;32.048;0;201.7;3:23:53.447;16:24:01.113;0:35.284;0:57.664;0:32.048;299.3;Tom DILLMANN;;LMP2;;Inter Europol Competition;Oreca;GF;35.284;57.664;32.048;
43;2;77;2:06.555;0;;36.058;0;58.435;0;32.062;0;199.2;3:26:00.002;16:26:07.668;0:36.058;0:58.435;0:32.062;273.6;Tom DILLMANN;;LMP2;;Inter Europol Competition;Oreca;GF;36.058;58.435;32.062;
43;2;78;2:13.155;0;B;36.082;0;59.018;0;38.055;0;189.4;3:28:13.157;16:28:20.823;0:36.082;0:59.018;0:38.055;297.7;Tom DILLMANN;;LMP2;;Inter Europol Competition;Oreca;GF;36.082;59.018;38.055;
43;2;79;2:50.599;0;;1:20.384;0;58.213;0;32.002;0;147.8;3:31:03.756;16:31:11.422;1:20.384;0:58.213;0:32.002;296.1;Tom DILLMANN;0:00:55.685;LMP2;;Inter Europol Competition;Oreca;GF;80.384;58.213;32.002;
43;2;80;2:06.187;0;;35.469;0;58.441;0;32.277;0;199.8;3:33:09.943;16:33:17.609;0:35.469;0:58.441;0:32.277;298.5;Tom DILLMANN;;LMP2;;Inter Europol Competition;Oreca;GF;35.469;58.441;32.277;
43;2;81;2:07.055;0;;35.522;0;59.327;0;32.206;0;198.5;3:35:16.998;16:35:24.664;0:35.522;0:59.327;0:32.206;300.2;Tom DILLMANN;;LMP2;;Inter Europol Competition;Oreca;GF;35.522;59.327;32.206;
43;2;82;2:06.947;0;;36.742;0;58.035;0;32.170;0;198.6;3:37:23.945;16:37:31.611;0:36.742;0:58.035;0:32.170;295.3;Tom DILLMANN;;LMP2;;Inter Europol Competition;Oreca;GF;36.742;58.035;32.170;
43;2;83;2:05.832;0;;35.585;0;58.069;0;32.178;0;200.4;3:39:29.777;16:39:37.443;0:35.585;0:58.069;0:32.178;296.1;Tom DILLMANN;;LMP2;;Inter Europol Competition;Oreca;GF;35.585;58.069;32.178;
43;2;84;2:08.704;0;;35.403;0;59.378;0;33.923;0;195.9;3:41:38.481;16:41:46.147;0:35.403;0:59.378;0:33.923;296.1;Tom DILLMANN;;LMP2;;Inter Europol Competition;Oreca;GF;35.403;59.378;33.923;
43;2;85;2:05.166;0;;35.464;0;57.760;0;31.942;0;201.4;3:43:43.647;16:43:51.313;0:35.464;0:57.760;0:31.942;297.7;Tom DILLMANN;;LMP2;;Inter Europol Competition;Oreca;GF;35.464;57.760;31.942;
43;2;86;2:05.287;0;;35.438;0;57.658;0;32.191;0;201.3;3:45:48.934;16:45:56.600;0:35.438;0:57.658;0:32.191;300.2;Tom DILLMANN;;LMP2;;Inter Europol Competition;Oreca;GF;35.438;57.658;32.191;
43;2;87;2:06.711;0;;35.470;0;58.826;0;32.415;0;199.0;3:47:55.645;16:48:03.311;0:35.470;0:58.826;0:32.415;298.5;Tom DILLMANN;;LMP2;;Inter Europol Competition;Oreca;GF;35.470;58.826;32.415;
43;2;88;2:06.877;0;;35.437;0;59.183;0;32.257;0;198.7;3:50:02.522;16:50:10.188;0:35.437;0:59.183;0:32.257;294.5;Tom DILLMANN;;LMP2;;Inter Europol Competition;Oreca;GF;35.437;59.183;32.257;
43;2;89;2:07.625;0;;37.084;0;58.407;0;32.134;0;197.6;3:52:10.147;16:52:17.813;0:37.084;0:58.407;0:32.134;291.3;Tom DILLMANN;;LMP2;;Inter Europol Competition;Oreca;GF;37.084;58.407;32.134;
43;2;90;2:06.387;0;;35.353;0;58.653;0;32.381;0;199.5;3:54:16.534;16:54:24.200;0:35.353;0:58.653;0:32.381;298.5;Tom DILLMANN;;LMP2;;Inter Europol Competition;Oreca;GF;35.353;58.653;32.381;
43;2;91;2:05.365;0;;35.326;0;58.051;0;31.988;0;201.1;3:56:21.899;16:56:29.565;0:35.326;0:58.051;0:31.988;302.7;Tom DILLMANN;;LMP2;;Inter Europol Competition;Oreca;GF;35.326;58.051;31.988;
43;2;92;2:05.780;0;;35.361;0;58.192;0;32.227;0;200.5;3:58:27.679;16:58:35.345;0:35.361;0:58.192;0:32.227;301.8;Tom DILLMANN;;LMP2;;Inter Europol Competition;Oreca;GF;35.361;58.192;32.227;
43;2;93;2:06.861;0;;35.364;0;58.722;0;32.775;0;198.8;4:00:34.540;17:00:42.206;0:35.364;0:58.722;0:32.775;299.3;Tom DILLMANN;;LMP2;;Inter Europol Competition;Oreca;FF;35.364;58.722;32.775;
47;1;1;2:39.811;0;;42.596;0;1:02.963;0;54.252;0;155.0;2:39.811;13:02:47.477;0:42.596;1:02.963;0:54.252;269.6;Georgios KOLOVOS;;LMP2 Pro/Am;;CLX Motorsport;Oreca;SF;42.596;62.963;54.252;
47;1;2;4:16.476;0;;1:18.195;0;1:49.542;0;1:08.739;0;98.3;6:56.287;13:07:03.953;1:18.195;1:49.542;1:08.739;;Georgios KOLOVOS;;LMP2 Pro/Am;;CLX Motorsport;Oreca;SF;78.195;109.542;68.739;
47;1;3;4:20.493;0;;1:32.209;0;1:50.100;0;58.184;0;96.8;11:16.780;13:11:24.446;1:32.209;1:50.100;0:58.184;;Georgios KOLOVOS;;LMP2 Pro/Am;;CLX Motorsport;Oreca;SF;92.209;110.100;58.184;
47;1;4;3:01.821;0;;1:00.000;0;1:13.426;0;48.395;0;138.7;14:18.601;13:14:26.267;1:00.000;1:13.426;0:48.395;150.3;Georgios KOLOVOS;;LMP2 Pro/Am;;CLX Motorsport;Oreca;GF;60.000;73.426;48.395;
47;1;5;2:08.355;0;;36.934;0;59.031;0;32.390;0;196.4;16:26.956;13:16:34.622;0:36.934;0:59.031;0:32.390;293.7;Georgios KOLOVOS;;LMP2 Pro/Am;;CLX Motorsport;Oreca;GF;36.934;59.031;32.390;
47;1;6;2:08.470;0;;36.366;0;59.390;0;32.714;0;196.3;18:35.426;13:18:43.092;0:36.366;0:59.390;0:32.714;296.1;Georgios KOLOVOS;;LMP2 Pro/Am;;CLX Motorsport;Oreca;GF;36.366;59.390;32.714;
47;1;7;2:07.382;0;;36.393;0;58.710;1;32.279;1;197.9;20:42.808;13:20:50.474;0:36.393;0:58.710;0:32.279;296.1;Georgios KOLOVOS;;LMP2 Pro/Am;;CLX Motorsport;Oreca;GF;36.393;58.710;32.279;
47;1;8;2:07.675;0;;36.239;0;58.989;0;32.447;0;197.5;22:50.483;13:22:58.149;0:36.239;0:58.989;0:32.447;296.1;Georgios KOLOVOS;;LMP2 Pro/Am;;CLX Motorsport;Oreca;GF;36.239;58.989;32.447;
47;1;9;2:08.555;0;;36.095;0;59.969;0;32.491;0;196.1;24:59.038;13:25:06.704;0:36.095;0:59.969;0:32.491;294.5;Georgios KOLOVOS;;LMP2 Pro/Am;;CLX Motorsport;Oreca;GF;36.095;59.969;32.491;
47;1;10;2:08.945;0;;36.310;0;1:00.161;0;32.474;0;195.5;27:07.983;13:27:15.649;0:36.310;1:00.161;0:32.474;297.7;Georgios KOLOVOS;;LMP2 Pro/Am;;CLX Motorsport;Oreca;GF;36.310;60.161;32.474;
47;1;11;2:07.972;0;;36.163;0;58.963;0;32.846;0;197.0;29:15.955;13:29:23.621;0:36.163;0:58.963;0:32.846;296.1;Georgios KOLOVOS;;LMP2 Pro/Am;;CLX Motorsport;Oreca;GF;36.163;58.963;32.846;
47;1;12;2:10.841;0;;36.040;0;1:01.577;0;33.224;0;192.7;31:26.796;13:31:34.462;0:36.040;1:01.577;0:33.224;296.9;Georgios KOLOVOS;;LMP2 Pro/Am;;CLX Motorsport;Oreca;GF;36.040;61.577;33.224;
47;1;13;2:09.888;0;;35.976;0;1:01.440;0;32.472;0;194.1;33:36.684;13:33:44.350;0:35.976;1:01.440;0:32.472;285.2;Georgios KOLOVOS;;LMP2 Pro/Am;;CLX Motorsport;Oreca;GF;35.976;61.440;32.472;
47;1;14;2:12.244;0;;37.138;0;1:02.056;0;33.050;0;190.7;35:48.928;13:35:56.594;0:37.138;1:02.056;0:33.050;296.9;Georgios KOLOVOS;;LMP2 Pro/Am;;CLX Motorsport;Oreca;GF;37.138;62.056;33.050;
47;1;15;9:17.742;0;;35.915;1;1:01.195;0;7:40.632;0;45.2;45:06.670;13:45:14.336;0:35.915;1:01.195;7:40.632;299.3;Georgios KOLOVOS;;LMP2 Pro/Am;;CLX Motorsport;Oreca;GF;35.915;61.195;460.632;
47;1;16;5:51.734;0;B;1:43.180;0;2:09.294;0;1:59.260;0;71.7;50:58.404;13:51:06.070;1:43.180;2:09.294;1:59.260;;Georgios KOLOVOS;;LMP2 Pro/Am;;CLX Motorsport;Oreca;GF;103.180;129.294;119.260;
47;1;17;3:07.325;0;;1:15.754;0;1:08.556;0;43.015;0;134.6;54:05.729;13:54:13.395;1:15.754;1:08.556;0:43.015;240.3;Georgios KOLOVOS;0:00:49.742;LMP2 Pro/Am;;CLX Motorsport;Oreca;SF;75.754;68.556;43.015;
47;1;18;4:50.042;0;;1:28.968;0;1:45.572;0;1:35.502;0;86.9;58:55.771;13:59:03.437;1:28.968;1:45.572;1:35.502;132.1;Georgios KOLOVOS;;LMP2 Pro/Am;;CLX Motorsport;Oreca;SF;88.968;105.572;95.502;
47;1;19;4:16.088;0;;1:24.135;0;1:40.058;0;1:11.895;0;98.5;1:03:11.859;14:03:19.525;1:24.135;1:40.058;1:11.895;;Georgios KOLOVOS;;LMP2 Pro/Am;;CLX Motorsport;Oreca;SF;84.135;100.058;71.895;
47;1;20;2:54.329;0;;48.849;0;1:14.687;0;50.793;0;144.6;1:06:06.188;14:06:13.854;0:48.849;1:14.687;0:50.793;154.1;Georgios KOLOVOS;;LMP2 Pro/Am;;CLX Motorsport;Oreca;GF;48.849;74.687;50.793;
47;1;21;2:16.757;0;;38.122;0;1:01.553;0;37.082;0;184.4;1:08:22.945;14:08:30.611;0:38.122;1:01.553;0:37.082;295.3;Georgios KOLOVOS;;LMP2 Pro/Am;;CLX Motorsport;Oreca;SF;38.122;61.553;37.082;
47;1;22;4:16.524;0;;1:11.862;0;1:55.435;0;1:09.227;0;98.3;1:12:39.469;14:12:47.135;1:11.862;1:55.435;1:09.227;;Georgios KOLOVOS;;LMP2 Pro/Am;;CLX Motorsport;Oreca;SF;71.862;115.435;69.227;
47;1;23;2:58.528;0;;46.853;0;1:15.963;0;55.712;0;141.2;1:15:37.997;14:15:45.663;0:46.853;1:15.963;0:55.712;194.9;Georgios KOLOVOS;;LMP2 Pro/Am;;CLX Motorsport;Oreca;GF;46.853;75.963;55.712;
47;1;24;2:09.685;0;;36.574;0;1:00.337;0;32.774;0;194.4;1:17:47.682;14:17:55.348;0:36.574;1:00.337;0:32.774;294.5;Georgios KOLOVOS;;LMP2 Pro/Am;;CLX Motorsport;Oreca;GF;36.574;60.337;32.774;
47;1;25;3:46.936;0;;36.084;0;1:43.988;0;1:26.864;0;111.1;1:21:34.618;14:21:42.284;0:36.084;1:43.988;1:26.864;299.3;Georgios KOLOVOS;;LMP2 Pro/Am;;CLX Motorsport;Oreca;SF;36.084;103.988;86.864;
47;1;26;3:36.576;0;;1:22.999;0;1:28.947;0;44.630;0;116.4;1:25:11.194;14:25:18.860;1:22.999;1:28.947;0:44.630;;Georgios KOLOVOS;;LMP2 Pro/Am;;CLX Motorsport;Oreca;SF;82.999;88.947;44.630;
47;1;27;2:59.935;0;;47.225;0;1:23.374;0;49.336;0;140.1;1:28:11.129;14:28:18.795;0:47.225;1:23.374;0:49.336;187.5;Georgios KOLOVOS;;LMP2 Pro/Am;;CLX Motorsport;Oreca;GF;47.225;83.374;49.336;
47;1;28;2:13.976;0;;36.604;0;59.602;0;37.770;0;188.2;1:30:25.105;14:30:32.771;0:36.604;0:59.602;0:37.770;297.7;Georgios KOLOVOS;;LMP2 Pro/Am;;CLX Motorsport;Oreca;SF;36.604;59.602;37.770;
47;1;29;4:12.890;0;;1:24.698;0;1:45.009;0;1:03.183;0;99.7;1:34:37.995;14:34:45.661;1:24.698;1:45.009;1:03.183;;Georgios KOLOVOS;;LMP2 Pro/Am;;CLX Motorsport;Oreca;SF;84.698;105.009;63.183;
47;1;30;3:59.846;0;;1:11.236;0;1:40.612;0;1:07.998;0;105.1;1:38:37.841;14:38:45.507;1:11.236;1:40.612;1:07.998;144.7;Georgios KOLOVOS;;LMP2 Pro/Am;;CLX Motorsport;Oreca;SF;71.236;100.612;67.998;
47;1;31;3:52.605;0;;1:35.898;0;1:30.014;0;46.693;0;108.4;1:42:30.446;14:42:38.112;1:35.898;1:30.014;0:46.693;;Georgios KOLOVOS;;LMP2 Pro/Am;;CLX Motorsport;Oreca;SF;95.898;90.014;46.693;
47;1;32;4:18.081;0;B;43.770;0;1:32.445;0;2:01.866;0;97.7;1:46:48.527;14:46:56.193;0:43.770;1:32.445;2:01.866;223.0;Georgios KOLOVOS;;LMP2 Pro/Am;;CLX Motorsport;Oreca;GF;43.770;92.445;121.866;
47;2;33;2:35.069;0;;1:01.239;0;1:01.504;0;32.326;0;162.6;1:49:23.596;14:49:31.262;1:01.239;1:01.504;0:32.326;273.6;Ferdinand HABSBURG;0:01:38.706;LMP2 Pro/Am;;CLX Motorsport;Oreca;GF;61.239;61.504;32.326;
47;2;34;2:06.149;0;;35.808;0;58.607;0;31.734;0;199.9;1:51:29.745;14:51:37.411;0:35.808;0:58.607;0:31.734;295.3;Ferdinand HABSBURG;;LMP2 Pro/Am;;CLX Motorsport;Oreca;GF;35.808;58.607;31.734;
47;2;35;2:04.053;0;;35.369;0;56.988;0;31.696;2;203.3;1:53:33.798;14:53:41.464;0:35.369;0:56.988;0:31.696;301.0;Ferdinand HABSBURG;;LMP2 Pro/Am;;CLX Motorsport;Oreca;GF;35.369;56.988;31.696;
47;2;36;2:05.158;0;;35.513;0;57.918;0;31.727;0;201.5;1:55:38.956;14:55:46.622;0:35.513;0:57.918;0:31.727;282.2;Ferdinand HABSBURG;;LMP2 Pro/Am;;CLX Motorsport;Oreca;GF;35.513;57.918;31.727;
47;2;37;2:06.172;0;;35.472;0;58.498;0;32.202;0;199.8;1:57:45.128;14:57:52.794;0:35.472;0:58.498;0:32.202;300.2;Ferdinand HABSBURG;;LMP2 Pro/Am;;CLX Motorsport;Oreca;GF;35.472;58.498;32.202;
47;2;38;2:09.356;0;;35.324;0;59.057;0;34.975;0;194.9;1:59:54.484;15:00:02.150;0:35.324;0:59.057;0:34.975;301.8;Ferdinand HABSBURG;;LMP2 Pro/Am;;CLX Motorsport;Oreca;SF;35.324;59.057;34.975;
47;2;39;3:03.508;0;;46.253;0;1:23.624;0;53.631;0;137.4;2:02:57.992;15:03:05.658;0:46.253;1:23.624;0:53.631;208.4;Ferdinand HABSBURG;;LMP2 Pro/Am;;CLX Motorsport;Oreca;SF;46.253;83.624;53.631;
47;2;40;3:56.782;0;;55.712;0;1:44.911;0;1:16.159;0;106.5;2:06:54.774;15:07:02.440;0:55.712;1:44.911;1:16.159;173.9;Ferdinand HABSBURG;;LMP2 Pro/Am;;CLX Motorsport;Oreca;SF;55.712;104.911;76.159;
47;2;41;4:20.456;0;;1:18.858;0;1:38.513;0;1:23.085;0;96.8;2:11:15.230;15:11:22.896;1:18.858;1:38.513;1:23.085;;Ferdinand HABSBURG;;LMP2 Pro/Am;;CLX Motorsport;Oreca;SF;78.858;98.513;83.085;
47;2;42;3:51.485;0;;1:30.601;0;1:20.155;0;1:00.729;0;108.9;2:15:06.715;15:15:14.381;1:30.601;1:20.155;1:00.729;;Ferdinand HABSBURG;;LMP2 Pro/Am;;CLX Motorsport;Oreca;GF;90.601;80.155;60.729;
47;2;43;2:11.707;0;;36.678;0;1:02.241;0;32.788;0;191.4;2:17:18.422;15:17:26.088;0:36.678;1:02.241;0:32.788;271.6;Ferdinand HABSBURG;;LMP2 Pro/Am;;CLX Motorsport;Oreca;GF;36.678;62.241;32.788;
47;2;44;2:12.335;0;B;36.378;0;57.835;0;38.122;0;190.5;2:19:30.757;15:19:38.423;0:36.378;0:57.835;0:38.122;296.9;Ferdinand HABSBURG;;LMP2 Pro/Am;;CLX Motorsport;Oreca;GF;36.378;57.835;38.122;
47;2;45;2:18.816;0;;48.244;0;58.706;0;31.866;0;181.6;2:21:49.573;15:21:57.239;0:48.244;0:58.706;0:31.866;296.9;Ferdinand HABSBURG;0:00:23.499;LMP2 Pro/Am;;CLX Motorsport;Oreca;GF;48.244;58.706;31.866;
47;2;46;2:06.939;0;;35.347;0;58.339;0;33.253;0;198.6;2:23:56.512;15:24:04.178;0:35.347;0:58.339;0:33.253;299.3;Ferdinand HABSBURG;;LMP2 Pro/Am;;CLX Motorsport;Oreca;GF;35.347;58.339;33.253;
47;2;47;2:06.031;0;;35.390;0;57.811;0;32.830;0;200.1;2:26:02.543;15:26:10.209;0:35.390;0:57.811;0:32.830;298.5;Ferdinand HABSBURG;;LMP2 Pro/Am;;CLX Motorsport;Oreca;GF;35.390;57.811;32.830;
47;2;48;2:10.031;0;;35.420;0;1:00.562;0;34.049;0;193.9;2:28:12.574;15:28:20.240;0:35.420;1:00.562;0:34.049;300.2;Ferdinand HABSBURG;;LMP2 Pro/Am;;CLX Motorsport;Oreca;GF;35.420;60.562;34.049;
47;2;49;2:05.418;0;;35.467;0;57.878;0;32.073;0;201.0;2:30:17.992;15:30:25.658;0:35.467;0:57.878;0:32.073;296.9;Ferdinand HABSBURG;;LMP2 Pro/Am;;CLX Motorsport;Oreca;GF;35.467;57.878;32.073;
47;2;50;2:04.107;0;;35.431;0;56.965;1;31.711;0;203.2;2:32:22.099;15:32:29.765;0:35.431;0:56.965;0:31.711;298.5;Ferdinand HABSBURG;;LMP2 Pro/Am;;CLX Motorsport;Oreca;GF;35.431;56.965;31.711;
47;2;51;2:04.192;0;;35.349;0;57.079;0;31.764;0;203.0;2:34:26.291;15:34:33.957;0:35.349;0:57.079;0:31.764;300.2;Ferdinand HABSBURG;;LMP2 Pro/Am;;CLX Motorsport;Oreca;GF;35.349;57.079;31.764;
47;2;52;2:07.635;0;;35.529;0;59.333;0;32.773;0;197.5;2:36:33.926;15:36:41.592;0:35.529;0:59.333;0:32.773;300.2;Ferdinand HABSBURG;;LMP2 Pro/Am;;CLX Motorsport;Oreca;GF;35.529;59.333;32.773;
47;2;53;2:35.711;0;B;35.588;0;57.917;0;1:02.206;0;161.9;2:39:09.637;15:39:17.303;0:35.588;0:57.917;1:02.206;298.5;Ferdinand HABSBURG;;LMP2 Pro/Am;;CLX Motorsport;Oreca;GF;35.588;57.917;62.206;
47;2;54;2:21.602;0;;49.776;0;59.594;0;32.232;0;178.1;2:41:31.239;15:41:38.905;0:49.776;0:59.594;0:32.232;292.9;Ferdinand HABSBURG;0:00:47.495;LMP2 Pro/Am;;CLX Motorsport;Oreca;GF;49.776;59.594;32.232;
47;2;55;2:07.325;0;;35.582;0;59.778;0;31.965;0;198.0;2:43:38.564;15:43:46.230;0:35.582;0:59.778;0:31.965;299.3;Ferdinand HABSBURG;;LMP2 Pro/Am;;CLX Motorsport;Oreca;GF;35.582;59.778;31.965;
47;2;56;2:05.749;0;;35.299;0;58.605;0;31.845;0;200.5;2:45:44.313;15:45:51.979;0:35.299;0:58.605;0:31.845;299.3;Ferdinand HABSBURG;;LMP2 Pro/Am;;CLX Motorsport;Oreca;GF;35.299;58.605;31.845;
47;2;57;2:05.462;0;;35.322;0;58.170;0;31.970;0;201.0;2:47:49.775;15:47:57.441;0:35.322;0:58.170;0:31.970;302.7;Ferdinand HABSBURG;;LMP2 Pro/Am;;CLX Motorsport;Oreca;GF;35.322;58.170;31.970;
47;2;58;3:12.741;0;B;35.270;2;1:01.310;0;1:36.161;0;130.8;2:51:02.516;15:51:10.182;0:35.270;1:01.310;1:36.161;296.9;Ferdinand HABSBURG;;LMP2 Pro/Am;;CLX Motorsport;Oreca;GF;35.270;61.310;96.161;
47;3;59;2:27.580;0;;52.216;0;1:02.823;0;32.541;0;170.9;2:53:30.096;15:53:37.762;0:52.216;1:02.823;0:32.541;257.4;Charles MILESI;0:01:20.994;LMP2 Pro/Am;;CLX Motorsport;Oreca;GF;52.216;62.823;32.541;
47;3;60;2:04.709;0;;35.529;0;57.251;0;31.929;0;202.2;2:55:34.805;15:55:42.471;0:35.529;0:57.251;0:31.929;297.7;Charles MILESI;;LMP2 Pro/Am;;CLX Motorsport;Oreca;GF;35.529;57.251;31.929;
47;3;61;2:04.313;0;;35.403;0;57.152;0;31.758;1;202.8;2:57:39.118;15:57:46.784;0:35.403;0:57.152;0:31.758;300.2;Charles MILESI;;LMP2 Pro/Am;;CLX Motorsport;Oreca;GF;35.403;57.152;31.758;
47;3;62;2:04.952;0;;35.814;0;57.329;0;31.809;0;201.8;2:59:44.070;15:59:51.736;0:35.814;0:57.329;0:31.809;296.9;Charles MILESI;;LMP2 Pro/Am;;CLX Motorsport;Oreca;GF;35.814;57.329;31.809;
47;3;63;2:06.880;0;;35.833;0;59.151;0;31.896;0;198.7;3:01:50.950;16:01:58.616;0:35.833;0:59.151;0:31.896;306.1;Charles MILESI;;LMP2 Pro/Am;;CLX Motorsport;Oreca;GF;35.833;59.151;31.896;
47;3;64;2:07.344;0;;36.290;0;59.027;0;32.027;0;198.0;3:03:58.294;16:04:05.960;0:36.290;0:59.027;0:32.027;285.2;Charles MILESI;;LMP2 Pro/Am;;CLX Motorsport;Oreca;GF;36.290;59.027;32.027;
47;3;65;2:06.599;0;;36.512;0;57.619;0;32.468;0;199.2;3:06:04.893;16:06:12.559;0:36.512;0:57.619;0:32.468;296.9;Charles MILESI;;LMP2 Pro/Am;;CLX Motorsport;Oreca;GF;36.512;57.619;32.468;
47;3;66;2:08.321;0;;36.806;0;58.549;0;32.966;0;196.5;3:08:13.214;16:08:20.880;0:36.806;0:58.549;0:32.966;295.3;Charles MILESI;;LMP2 Pro/Am;;CLX Motorsport;Oreca;GF;36.806;58.549;32.966;
47;3;67;2:03.939;2;;35.425;0;56.607;2;31.907;0;203.4;3:10:17.153;16:10:24.819;0:35.425;0:56.607;0:31.907;298.5;Charles MILESI;;LMP2 Pro/Am;;CLX Motorsport;Oreca;GF;35.425;56.607;31.907;
47;3;68;2:06.254;0;;35.352;0;58.502;0;32.400;0;199.7;3:12:23.407;16:12:31.073;0:35.352;0:58.502;0:32.400;301.0;Charles MILESI;;LMP2 Pro/Am;;CLX Motorsport;Oreca;GF;35.352;58.502;32.400;
47;3;69;2:08.022;0;;35.328;0;58.784;0;33.910;0;197.0;3:14:31.429;16:14:39.095;0:35.328;0:58.784;0:33.910;303.5;Charles MILESI;;LMP2 Pro/Am;;CLX Motorsport;Oreca;GF;35.328;58.784;33.910;
47;3;70;2:09.267;0;;36.710;0;1:00.422;0;32.135;0;195.1;3:16:40.696;16:16:48.362;0:36.710;1:00.422;0:32.135;288.2;Charles MILESI;;LMP2 Pro/Am;;CLX Motorsport;Oreca;GF;36.710;60.422;32.135;
47;3;71;2:07.097;0;;35.363;0;59.657;0;32.077;0;198.4;3:18:47.793;16:18:55.459;0:35.363;0:59.657;0:32.077;309.6;Charles MILESI;;LMP2 Pro/Am;;CLX Motorsport;Oreca;GF;35.363;59.657;32.077;
47;3;72;2:05.379;0;;35.460;0;58.075;0;31.844;0;201.1;3:20:53.172;16:21:00.838;0:35.460;0:58.075;0:31.844;302.7;Charles MILESI;;LMP2 Pro/Am;;CLX Motorsport;Oreca;GF;35.460;58.075;31.844;
47;3;73;2:12.838;0;;37.469;0;1:01.508;0;33.861;0;189.8;3:23:06.010;16:23:13.676;0:37.469;1:01.508;0:33.861;280.0;Charles MILESI;;LMP2 Pro/Am;;CLX Motorsport;Oreca;GF;37.469;61.508;33.861;
47;3;74;2:07.225;0;;35.487;0;59.652;0;32.086;0;198.2;3:25:13.235;16:25:20.901;0:35.487;0:59.652;0:32.086;301.0;Charles MILESI;;LMP2 Pro/Am;;CLX Motorsport;Oreca;GF;35.487;59.652;32.086;
47;3;75;2:53.345;0;B;35.301;1;1:00.390;0;1:17.654;0;145.5;3:28:06.580;16:28:14.246;0:35.301;1:00.390;1:17.654;295.3;Charles MILESI;;LMP2 Pro/Am;;CLX Motorsport;Oreca;GF;35.301;60.390;77.654;
47;3;76;2:19.649;0;;48.446;0;59.142;0;32.061;0;180.6;3:30:26.229;16:30:33.895;0:48.446;0:59.142;0:32.061;285.9;Charles MILESI;0:01:02.831;LMP2 Pro/Am;;CLX Motorsport;Oreca;GF;48.446;59.142;32.061;
47;3;77;2:06.853;0;;35.571;0;58.794;0;32.488;0;198.8;3:32:33.082;16:32:40.748;0:35.571;0:58.794;0:32.488;298.5;Charles MILESI;;LMP2 Pro/Am;;CLX Motorsport;Oreca;GF;35.571;58.794;32.488;
47;3;78;2:05.405;0;;35.659;0;57.675;0;32.071;0;201.1;3:34:38.487;16:34:46.153;0:35.659;0:57.675;0:32.071;299.3;Charles MILESI;;LMP2 Pro/Am;;CLX Motorsport;Oreca;GF;35.659;57.675;32.071;
47;3;79;2:06.120;0;;35.475;0;58.397;0;32.248;0;199.9;3:36:44.607;16:36:52.273;0:35.475;0:58.397;0:32.248;297.7;Charles MILESI;;LMP2 Pro/Am;;CLX Motorsport;Oreca;GF;35.475;58.397;32.248;
47;3;80;2:05.752;0;;35.649;0;58.014;0;32.089;0;200.5;3:38:50.359;16:38:58.025;0:35.649;0:58.014;0:32.089;298.5;Charles MILESI;;LMP2 Pro/Am;;CLX Motorsport;Oreca;GF;35.649;58.014;32.089;
47;3;81;2:05.997;0;;35.437;0;58.389;0;32.171;0;200.1;3:40:56.356;16:41:04.022;0:35.437;0:58.389;0:32.171;299.3;Charles MILESI;;LMP2 Pro/Am;;CLX Motorsport;Oreca;GF;35.437;58.389;32.171;
47;3;82;2:06.179;0;;35.373;0;58.510;0;32.296;0;199.8;3:43:02.535;16:43:10.201;0:35.373;0:58.510;0:32.296;296.1;Charles MILESI;;LMP2 Pro/Am;;CLX Motorsport;Oreca;GF;35.373;58.510;32.296;
47;3;83;2:05.601;0;;35.394;0;58.216;0;31.991;0;200.7;3:45:08.136;16:45:15.802;0:35.394;0:58.216;0:31.991;299.3;Charles MILESI;;LMP2 Pro/Am;;CLX Motorsport;Oreca;GF;35.394;58.216;31.991;
47;3;84;2:08.469;0;;36.380;0;58.936;0;33.153;0;196.3;3:47:16.605;16:47:24.271;0:36.380;0:58.936;0:33.153;294.5;Charles MILESI;;LMP2 Pro/Am;;CLX Motorsport;Oreca;GF;36.380;58.936;33.153;
47;3;85;2:12.289;0;B;35.578;0;58.626;0;38.085;0;190.6;3:49:28.894;16:49:36.560;0:35.578;0:58.626;0:38.085;301.8;Charles MILESI;;LMP2 Pro/Am;;CLX Motorsport;Oreca;GF;35.578;58.626;38.085;
47;3;86;2:24.688;0;B;48.023;0;58.584;0;38.081;0;174.3;3:51:53.582;16:52:01.248;0:48.023;0:58.584;0:38.081;299.3;Charles MILESI;0:00:23.453;LMP2 Pro/Am;;CLX Motorsport;Oreca;GF;48.023;58.584;38.081;
47;3;87;2:19.234;0;;47.840;0;59.500;0;31.894;0;181.1;3:54:12.816;16:54:20.482;0:47.840;0:59.500;0:31.894;296.1;Charles MILESI;0:00:23.496;LMP2 Pro/Am;;CLX Motorsport;Oreca;GF;47.840;59.500;31.894;
47;3;88;2:07.234;0;;35.579;0;59.099;0;32.556;0;198.2;3:56:20.050;16:56:27.716;0:35.579;0:59.099;0:32.556;300.2;Charles MILESI;;LMP2 Pro/Am;;CLX Motorsport;Oreca;GF;35.579;59.099;32.556;
47;3;89;2:05.875;0;;35.451;0;58.326;0;32.098;0;200.3;3:58:25.925;16:58:33.591;0:35.451;0:58.326;0:32.098;301.0;Charles MILESI;;LMP2 Pro/Am;;CLX Motorsport;Oreca;GF;35.451;58.326;32.098;
47;3;90;2:05.271;0;;35.447;0;57.939;0;31.885;0;201.3;4:00:31.196;17:00:38.862;0:35.447;0:57.939;0:31.885;301.0;Charles MILESI;;LMP2 Pro/Am;;CLX Motorsport;Oreca;GF;35.447;57.939;31.885;
47;3;91;2:06.131;0;;35.389;0;58.447;0;32.295;0;199.9;4:02:37.327;17:02:44.993;0:35.389;0:58.447;0:32.295;300.2;Charles MILESI;;LMP2 Pro/Am;;CLX Motorsport;Oreca;FF;35.389;58.447;32.295;
5;1;1;2:56.205;0;;47.265;0;1:09.804;0;59.136;0;140.6;2:56.205;13:03:03.871;0:47.265;1:09.804;0:59.136;226.7;Jose FERNANDES CAUTELA;;LMP3;;Rinaldi Racing;Ligier;SF;47.265;69.804;59.136;
5;1;2;4:17.375;0;;1:32.216;0;1:39.477;0;1:05.682;0;98.0;7:13.580;13:07:21.246;1:32.216;1:39.477;1:05.682;;Jose FERNANDES CAUTELA;;LMP3;;Rinaldi Racing;Ligier;SF;92.216;99.477;65.682;
5;1;3;4:23.130;0;;1:41.487;0;1:40.292;0;1:01.351;0;95.8;11:36.710;13:11:44.376;1:41.487;1:40.292;1:01.351;;Jose FERNANDES CAUTELA;;LMP3;;Rinaldi Racing;Ligier;SF;101.487;100.292;61.351;
5;1;4;2:52.609;0;;56.651;0;1:09.806;0;46.152;0;146.1;14:29.319;13:14:36.985;0:56.651;1:09.806;0:46.152;182.4;Jose FERNANDES CAUTELA;;LMP3;;Rinaldi Racing;Ligier;GF;56.651;69.806;46.152;
5;1;5;2:19.545;0;;40.243;0;1:04.332;0;34.970;0;180.7;16:48.864;13:16:56.530;0:40.243;1:04.332;0:34.970;261.7;Jose FERNANDES CAUTELA;;LMP3;;Rinaldi Racing;Ligier;GF;40.243;64.332;34.970;
5;1;6;2:17.786;0;;39.077;0;1:03.909;0;34.800;0;183.0;19:06.650;13:19:14.316;0:39.077;1:03.909;0:34.800;258.6;Jose FERNANDES CAUTELA;;LMP3;;Rinaldi Racing;Ligier;GF;39.077;63.909;34.800;
5;1;7;2:18.463;0;;39.304;0;1:03.291;0;35.868;0;182.1;21:25.113;13:21:32.779;0:39.304;1:03.291;0:35.868;265.6;Jose FERNANDES CAUTELA;;LMP3;;Rinaldi Racing;Ligier;GF;39.304;63.291;35.868;
5;1;8;2:17.124;0;;38.700;0;1:03.539;0;34.885;0;183.9;23:42.237;13:23:49.903;0:38.700;1:03.539;0:34.885;264.9;Jose FERNANDES CAUTELA;;LMP3;;Rinaldi Racing;Ligier;GF;38.700;63.539;34.885;
5;1;9;2:16.200;0;;38.575;0;1:02.856;0;34.769;0;185.1;25:58.437;13:26:06.103;0:38.575;1:02.856;0:34.769;275.7;Jose FERNANDES CAUTELA;;LMP3;;Rinaldi Racing;Ligier;GF;38.575;62.856;34.769;
5;1;10;2:16.369;0;;38.712;0;1:02.813;0;34.844;0;184.9;28:14.806;13:28:22.472;0:38.712;1:02.813;0:34.844;271.6;Jose FERNANDES CAUTELA;;LMP3;;Rinaldi Racing;Ligier;GF;38.712;62.813;34.844;
5;1;11;2:17.689;0;;38.616;0;1:03.465;0;35.608;0;183.1;30:32.495;13:30:40.161;0:38.616;1:03.465;0:35.608;272.3;Jose FERNANDES CAUTELA;;LMP3;;Rinaldi Racing;Ligier;GF;38.616;63.465;35.608;
5;1;12;2:17.862;0;;38.545;0;1:04.307;0;35.010;0;182.9;32:50.357;13:32:58.023;0:38.545;1:04.307;0:35.010;261.1;Jose FERNANDES CAUTELA;;LMP3;;Rinaldi Racing;Ligier;GF;38.545;64.307;35.010;
5;1;13;2:16.800;0;;38.495;0;1:03.433;0;34.872;0;184.3;35:07.157;13:35:14.823;0:38.495;1:03.433;0:34.872;274.3;Jose FERNANDES CAUTELA;;LMP3;;Rinaldi Racing;Ligier;GF;38.495;63.433;34.872;
5;1;14;2:16.728;0;;38.696;0;1:02.975;0;35.057;0;184.4;37:23.885;13:37:31.551;0:38.696;1:02.975;0:35.057;272.3;Jose FERNANDES CAUTELA;;LMP3;;Rinaldi Racing;Ligier;GF;38.696;62.975;35.057;
5;1;15;2:16.581;0;;38.611;0;1:02.886;0;35.084;0;184.6;39:40.466;13:39:48.132;0:38.611;1:02.886;0:35.084;273.6;Jose FERNANDES CAUTELA;;LMP3;;Rinaldi Racing;Ligier;GF;38.611;62.886;35.084;
5;1;16;4:12.807;0;B;38.978;0;2:04.527;0;1:29.302;0;99.7;43:53.273;13:44:00.939;0:38.978;2:04.527;1:29.302;263.6;Jose FERNANDES CAUTELA;;LMP3;;Rinaldi Racing;Ligier;GF;38.978;124.527;89.302;
5;1;17;6:39.929;0;;3:06.481;0;2:08.104;0;1:25.344;0;63.0;50:33.202;13:50:40.868;3:06.481;2:08.104;1:25.344;;Jose FERNANDES CAUTELA;0:01:45.911;LMP3;;Rinaldi Racing;Ligier;GF;186.481;128.104;85.344;
5;1;18;3:28.369;0;;1:31.951;0;1:08.743;0;47.675;0;121.0;54:01.571;13:54:09.237;1:31.951;1:08.743;0:47.675;199.9;Jose FERNANDES CAUTELA;;LMP3;;Rinaldi Racing;Ligier;SF;91.951;68.743;47.675;
5;1;19;4:50.535;0;;1:27.656;0;1:48.262;0;1:34.617;0;86.8;58:52.106;13:58:59.772;1:27.656;1:48.262;1:34.617;127.3;Jose FERNANDES CAUTELA;;LMP3;;Rinaldi Racing;Ligier;SF;87.656;108.262;94.617;
5;1;20;4:15.469;0;;1:24.553;0;1:40.396;0;1:10.520;0;98.7;1:03:07.575;14:03:15.241;1:24.553;1:40.396;1:10.520;;Jose FERNANDES CAUTELA;;LMP3;;Rinaldi Racing;Ligier;SF;84.553;100.396;70.520;
5;1;21;2:57.029;0;;49.076;0;1:16.624;0;51.329;0;142.4;1:06:04.604;14:06:12.270;0:49.076;1:16.624;0:51.329;170.1;Jose FERNANDES CAUTELA;;LMP3;;Rinaldi Racing;Ligier;GF;49.076;76.624;51.329;
5;1;22;2:28.711;0;;39.569;0;1:06.626;0;42.516;0;169.6;1:08:33.315;14:08:40.981;0:39.569;1:06.626;0:42.516;268.2;Jose FERNANDES CAUTELA;;LMP3;;Rinaldi Racing;Ligier;SF;39.569;66.626;42.516;
5;1;23;4:16.732;0;;1:09.428;0;1:56.647;0;1:10.657;0;98.2;1:12:50.047;14:12:57.713;1:09.428;1:56.647;1:10.657;;Jose FERNANDES CAUTELA;;LMP3;;Rinaldi Racing;Ligier;SF;69.428;116.647;70.657;
5;1;24;2:53.255;0;;46.156;0;1:11.924;0;55.175;0;145.5;1:15:43.302;14:15:50.968;0:46.156;1:11.924;0:55.175;225.3;Jose FERNANDES CAUTELA;;LMP3;;Rinaldi Racing;Ligier;GF;46.156;71.924;55.175;
5;1;25;2:18.460;0;;38.840;0;1:04.645;0;34.975;0;182.1;1:18:01.762;14:18:09.428;0:38.840;1:04.645;0:34.975;270.9;Jose FERNANDES CAUTELA;;LMP3;;Rinaldi Racing;Ligier;GF;38.840;64.645;34.975;
5;1;26;3:40.817;0;;39.333;0;1:34.566;0;1:26.918;0;114.2;1:21:42.579;14:21:50.245;0:39.333;1:34.566;1:26.918;248.0;Jose FERNANDES CAUTELA;;LMP3;;Rinaldi Racing;Ligier;SF;39.333;94.566;86.918;
5;1;27;3:37.074;0;;1:23.371;0;1:29.602;0;44.101;0;116.2;1:25:19.653;14:25:27.319;1:23.371;1:29.602;0:44.101;145.3;Jose FERNANDES CAUTELA;;LMP3;;Rinaldi Racing;Ligier;SF;83.371;89.602;44.101;
5;1;28;2:56.477;0;;46.887;0;1:20.534;0;49.056;0;142.9;1:28:16.130;14:28:23.796;0:46.887;1:20.534;0:49.056;168.8;Jose FERNANDES CAUTELA;;LMP3;;Rinaldi Racing;Ligier;GF;46.887;80.534;49.056;
5;1;29;2:25.488;0;;39.752;0;1:03.900;0;41.836;0;173.3;1:30:41.618;14:30:49.284;0:39.752;1:03.900;0:41.836;266.2;Jose FERNANDES CAUTELA;;LMP3;;Rinaldi Racing;Ligier;SF;39.752;63.900;41.836;
5;1;30;4:05.210;0;;1:18.458;0;1:44.318;0;1:02.434;0;102.8;1:34:46.828;14:34:54.494;1:18.458;1:44.318;1:02.434;;Jose FERNANDES CAUTELA;;LMP3;;Rinaldi Racing;Ligier;SF;78.458;104.318;62.434;
5;1;31;4:00.629;0;;1:12.801;0;1:39.896;0;1:07.932;0;104.8;1:38:47.457;14:38:55.123;1:12.801;1:39.896;1:07.932;160.1;Jose FERNANDES CAUTELA;;LMP3;;Rinaldi Racing;Ligier;SF;72.801;99.896;67.932;
5;1;32;3:50.692;0;;1:36.762;0;1:27.233;0;46.697;0;109.3;1:42:38.149;14:42:45.815;1:36.762;1:27.233;0:46.697;;Jose FERNANDES CAUTELA;;LMP3;;Rinaldi Racing;Ligier;SF;96.762;87.233;46.697;
5;1;33;3:03.783;0;;45.360;0;1:29.727;0;48.696;0;137.2;1:45:41.932;14:45:49.598;0:45.360;1:29.727;0:48.696;214.2;Jose FERNANDES CAUTELA;;LMP3;;Rinaldi Racing;Ligier;GF;45.360;89.727;48.696;
5;1;34;2:17.328;0;;38.967;0;1:03.202;0;35.159;0;183.6;1:47:59.260;14:48:06.926;0:38.967;1:03.202;0:35.159;269.6;Jose FERNANDES CAUTELA;;LMP3;;Rinaldi Racing;Ligier;GF;38.967;63.202;35.159;
5;1;35;2:16.122;0;;38.618;0;1:02.933;0;34.571;1;185.2;1:50:15.382;14:50:23.048;0:38.618;1:02.933;0:34.571;275.0;Jose FERNANDES CAUTELA;;LMP3;;Rinaldi Racing;Ligier;GF;38.618;62.933;34.571;
5;1;36;2:16.320;0;;38.505;0;1:03.097;0;34.718;0;185.0;1:52:31.702;14:52:39.368;0:38.505;1:03.097;0:34.718;274.3;Jose FERNANDES CAUTELA;;LMP3;;Rinaldi Racing;Ligier;GF;38.505;63.097;34.718;
5;1;37;2:15.814;0;;38.454;0;1:02.781;0;34.579;0;185.7;1:54:47.516;14:54:55.182;0:38.454;1:02.781;0:34.579;273.6;Jose FERNANDES CAUTELA;;LMP3;;Rinaldi Racing;Ligier;GF;38.454;62.781;34.579;
5;1;38;2:16.371;0;;38.389;0;1:02.870;0;35.112;0;184.9;1:57:03.887;14:57:11.553;0:38.389;1:02.870;0:35.112;275.7;Jose FERNANDES CAUTELA;;LMP3;;Rinaldi Racing;Ligier;GF;38.389;62.870;35.112;
5;1;39;2:22.855;0;B;38.373;1;1:02.772;1;41.710;0;176.5;1:59:26.742;14:59:34.408;0:38.373;1:02.772;0:41.710;275.0;Jose FERNANDES CAUTELA;;LMP3;;Rinaldi Racing;Ligier;GF;38.373;62.772;41.710;
5;2;40;4:31.786;0;;2:23.799;0;1:29.659;0;38.328;0;92.8;2:03:58.528;15:04:06.194;2:23.799;1:29.659;0:38.328;223.9;Alvise RODELLA;0:01:47.448;LMP3;;Rinaldi Racing;Ligier;SF;143.799;89.659;38.328;
5;2;41;3:04.897;0;;41.309;0;1:20.137;0;1:03.451;0;136.4;2:07:03.425;15:07:11.091;0:41.309;1:20.137;1:03.451;241.9;Alvise RODELLA;;LMP3;;Rinaldi Racing;Ligier;SF;41.309;80.137;63.451;
5;2;42;4:19.056;0;;1:20.488;0;1:36.024;0;1:22.544;0;97.3;2:11:22.481;15:11:30.147;1:20.488;1:36.024;1:22.544;;Alvise RODELLA;;LMP3;;Rinaldi Racing;Ligier;SF;80.488;96.024;82.544;
5;2;43;3:47.623;0;;1:31.289;0;1:18.633;0;57.701;0;110.8;2:15:10.104;15:15:17.770;1:31.289;1:18.633;0:57.701;;Alvise RODELLA;;LMP3;;Rinaldi Racing;Ligier;GF;91.289;78.633;57.701;
5;2;44;2:20.727;0;;39.823;0;1:05.376;0;35.528;0;179.2;2:17:30.831;15:17:38.497;0:39.823;1:05.376;0:35.528;255.6;Alvise RODELLA;;LMP3;;Rinaldi Racing;Ligier;GF;39.823;65.376;35.528;
5;2;45;2:16.050;0;;38.798;0;1:02.417;0;34.835;0;185.3;2:19:46.881;15:19:54.547;0:38.798;1:02.417;0:34.835;271.6;Alvise RODELLA;;LMP3;;Rinaldi Racing;Ligier;GF;38.798;62.417;34.835;
5;2;46;2:15.445;0;;38.459;0;1:01.786;0;35.200;0;186.2;2:22:02.326;15:22:09.992;0:38.459;1:01.786;0:35.200;272.3;Alvise RODELLA;;LMP3;;Rinaldi Racing;Ligier;GF;38.459;61.786;35.200;
5;2;47;2:14.861;2;;38.536;0;1:01.618;2;34.707;0;187.0;2:24:17.187;15:24:24.853;0:38.536;1:01.618;0:34.707;271.6;Alvise RODELLA;;LMP3;;Rinaldi Racing;Ligier;GF;38.536;61.618;34.707;
5;2;48;2:15.569;0;;38.779;0;1:02.174;0;34.616;0;186.0;2:26:32.756;15:26:40.422;0:38.779;1:02.174;0:34.616;272.3;Alvise RODELLA;;LMP3;;Rinaldi Racing;Ligier;GF;38.779;62.174;34.616;
5;2;49;2:15.334;0;;38.560;0;1:02.165;0;34.609;0;186.3;2:28:48.090;15:28:55.756;0:38.560;1:02.165;0:34.609;272.3;Alvise RODELLA;;LMP3;;Rinaldi Racing;Ligier;GF;38.560;62.165;34.609;
5;2;50;2:15.959;0;;39.252;0;1:02.000;0;34.707;0;185.5;2:31:04.049;15:31:11.715;0:39.252;1:02.000;0:34.707;270.2;Alvise RODELLA;;LMP3;;Rinaldi Racing;Ligier;GF;39.252;62.000;34.707;
5;2;51;2:15.290;0;;38.589;0;1:02.041;0;34.660;0;186.4;2:33:19.339;15:33:27.005;0:38.589;1:02.041;0:34.660;272.3;Alvise RODELLA;;LMP3;;Rinaldi Racing;Ligier;GF;38.589;62.041;34.660;
5;2;52;2:15.479;0;;38.575;0;1:02.164;0;34.740;0;186.1;2:35:34.818;15:35:42.484;0:38.575;1:02.164;0:34.740;272.3;Alvise RODELLA;;LMP3;;Rinaldi Racing;Ligier;GF;38.575;62.164;34.740;
5;2;53;2:16.564;0;;38.444;0;1:03.161;0;34.959;0;184.6;2:37:51.382;15:37:59.048;0:38.444;1:03.161;0:34.959;273.6;Alvise RODELLA;;LMP3;;Rinaldi Racing;Ligier;GF;38.444;63.161;34.959;
5;2;54;2:16.075;0;;38.398;0;1:02.574;0;35.103;0;185.3;2:40:07.457;15:40:15.123;0:38.398;1:02.574;0:35.103;274.3;Alvise RODELLA;;LMP3;;Rinaldi Racing;Ligier;GF;38.398;62.574;35.103;
5;2;55;2:16.115;0;;38.939;0;1:02.625;0;34.551;0;185.2;2:42:23.572;15:42:31.238;0:38.939;1:02.625;0:34.551;271.6;Alvise RODELLA;;LMP3;;Rinaldi Racing;Ligier;GF;38.939;62.625;34.551;
5;2;56;2:17.325;0;;39.176;0;1:02.584;0;35.565;0;183.6;2:44:40.897;15:44:48.563;0:39.176;1:02.584;0:35.565;270.9;Alvise RODELLA;;LMP3;;Rinaldi Racing;Ligier;GF;39.176;62.584;35.565;
5;2;57;2:18.469;0;;38.401;0;1:04.514;0;35.554;0;182.1;2:46:59.366;15:47:07.032;0:38.401;1:04.514;0:35.554;272.9;Alvise RODELLA;;LMP3;;Rinaldi Racing;Ligier;GF;38.401;64.514;35.554;
5;2;58;2:16.347;0;;39.269;0;1:02.406;0;34.672;0;184.9;2:49:15.713;15:49:23.379;0:39.269;1:02.406;0:34.672;271.6;Alvise RODELLA;;LMP3;;Rinaldi Racing;Ligier;GF;39.269;62.406;34.672;
5;2;59;2:15.637;0;;38.778;0;1:02.112;0;34.747;0;185.9;2:51:31.350;15:51:39.016;0:38.778;1:02.112;0:34.747;273.6;Alvise RODELLA;;LMP3;;Rinaldi Racing;Ligier;GF;38.778;62.112;34.747;
5;2;60;2:16.395;0;;38.449;0;1:03.228;0;34.718;0;184.9;2:53:47.745;15:53:55.411;0:38.449;1:03.228;0:34.718;272.9;Alvise RODELLA;;LMP3;;Rinaldi Racing;Ligier;GF;38.449;63.228;34.718;
5;2;61;2:15.759;0;;38.508;0;1:02.649;0;34.602;0;185.7;2:56:03.504;15:56:11.170;0:38.508;1:02.649;0:34.602;270.2;Alvise RODELLA;;LMP3;;Rinaldi Racing;Ligier;GF;38.508;62.649;34.602;
5;2;62;2:15.390;0;;38.466;0;1:02.325;0;34.599;0;186.2;2:58:18.894;15:58:26.560;0:38.466;1:02.325;0:34.599;273.6;Alvise RODELLA;;LMP3;;Rinaldi Racing;Ligier;GF;38.466;62.325;34.599;
5;2;63;2:15.574;0;;38.448;0;1:02.597;0;34.529;0;186.0;3:00:34.468;16:00:42.134;0:38.448;1:02.597;0:34.529;276.4;Alvise RODELLA;;LMP3;;Rinaldi Racing;Ligier;GF;38.448;62.597;34.529;
5;2;64;2:16.675;0;;38.406;0;1:03.884;0;34.385;1;184.5;3:02:51.143;16:02:58.809;0:38.406;1:03.884;0:34.385;270.2;Alvise RODELLA;;LMP3;;Rinaldi Racing;Ligier;GF;38.406;63.884;34.385;
5;2;65;2:15.339;0;;38.385;1;1:02.451;0;34.503;0;186.3;3:05:06.482;16:05:14.148;0:38.385;1:02.451;0:34.503;274.3;Alvise RODELLA;;LMP3;;Rinaldi Racing;Ligier;GF;38.385;62.451;34.503;
5;2;66;2:23.399;0;B;38.405;0;1:02.943;0;42.051;0;175.8;3:07:29.881;16:07:37.547;0:38.405;1:02.943;0:42.051;263.6;Alvise RODELLA;;LMP3;;Rinaldi Racing;Ligier;GF;38.405;62.943;42.051;
5;3;67;3:50.869;0;;2:07.310;0;1:07.377;0;36.182;0;109.2;3:11:20.750;16:11:28.416;2:07.310;1:07.377;0:36.182;221.1;Mikkel Gaarde PEDERSEN;0:01:36.759;LMP3;;Rinaldi Racing;Ligier;GF;127.310;67.377;36.182;
5;3;68;2:19.269;0;;39.554;0;1:03.813;0;35.902;0;181.0;3:13:40.019;16:13:47.685;0:39.554;1:03.813;0:35.902;268.9;Mikkel Gaarde PEDERSEN;;LMP3;;Rinaldi Racing;Ligier;GF;39.554;63.813;35.902;
5;3;69;2:19.180;0;;38.994;0;1:04.674;0;35.512;0;181.2;3:15:59.199;16:16:06.865;0:38.994;1:04.674;0:35.512;269.6;Mikkel Gaarde PEDERSEN;;LMP3;;Rinaldi Racing;Ligier;GF;38.994;64.674;35.512;
5;3;70;2:16.608;0;;38.789;0;1:02.959;0;34.860;0;184.6;3:18:15.807;16:18:23.473;0:38.789;1:02.959;0:34.860;271.6;Mikkel Gaarde PEDERSEN;;LMP3;;Rinaldi Racing;Ligier;GF;38.789;62.959;34.860;
5;3;71;2:16.404;0;;39.330;0;1:02.484;0;34.590;0;184.8;3:20:32.211;16:20:39.877;0:39.330;1:02.484;0:34.590;269.6;Mikkel Gaarde PEDERSEN;;LMP3;;Rinaldi Racing;Ligier;GF;39.330;62.484;34.590;
5;3;72;2:15.132;0;;38.403;0;1:02.169;1;34.560;0;186.6;3:22:47.343;16:22:55.009;0:38.403;1:02.169;0:34.560;272.9;Mikkel Gaarde PEDERSEN;;LMP3;;Rinaldi Racing;Ligier;GF;38.403;62.169;34.560;
5;3;73;2:15.580;0;;38.437;0;1:02.493;0;34.650;0;186.0;3:25:02.923;16:25:10.589;0:38.437;1:02.493;0:34.650;272.9;Mikkel Gaarde PEDERSEN;;LMP3;;Rinaldi Racing;Ligier;GF;38.437;62.493;34.650;
5;3;74;2:17.156;0;;38.377;0;1:03.505;0;35.274;0;183.8;3:27:20.079;16:27:27.745;0:38.377;1:03.505;0:35.274;275.0;Mikkel Gaarde PEDERSEN;;LMP3;;Rinaldi Racing;Ligier;GF;38.377;63.505;35.274;
5;3;75;2:17.213;0;;39.144;0;1:03.197;0;34.872;0;183.8;3:29:37.292;16:29:44.958;0:39.144;1:03.197;0:34.872;272.3;Mikkel Gaarde PEDERSEN;;LMP3;;Rinaldi Racing;Ligier;GF;39.144;63.197;34.872;
5;3;76;2:16.559;0;;38.424;0;1:03.058;0;35.077;0;184.6;3:31:53.851;16:32:01.517;0:38.424;1:03.058;0:35.077;272.3;Mikkel Gaarde PEDERSEN;;LMP3;;Rinaldi Racing;Ligier;GF;38.424;63.058;35.077;
5;3;77;2:16.531;0;;38.505;0;1:03.017;0;35.009;0;184.7;3:34:10.382;16:34:18.048;0:38.505;1:03.017;0:35.009;272.9;Mikkel Gaarde PEDERSEN;;LMP3;;Rinaldi Racing;Ligier;GF;38.505;63.017;35.009;
5;3;78;2:16.746;0;;38.499;0;1:03.031;0;35.216;0;184.4;3:36:27.128;16:36:34.794;0:38.499;1:03.031;0:35.216;273.6;Mikkel Gaarde PEDERSEN;;LMP3;;Rinaldi Racing;Ligier;GF;38.499;63.031;35.216;
5;3;79;2:17.135;0;;38.703;0;1:03.565;0;34.867;0;183.9;3:38:44.263;16:38:51.929;0:38.703;1:03.565;0:34.867;271.6;Mikkel Gaarde PEDERSEN;;LMP3;;Rinaldi Racing;Ligier;GF;38.703;63.565;34.867;
5;3;80;2:16.041;0;;38.362;0;1:02.877;0;34.802;0;185.3;3:41:00.304;16:41:07.970;0:38.362;1:02.877;0:34.802;272.3;Mikkel Gaarde PEDERSEN;;LMP3;;Rinaldi Racing;Ligier;GF;38.362;62.877;34.802;
5;3;81;2:16.165;0;;38.244;2;1:02.938;0;34.983;0;185.2;3:43:16.469;16:43:24.135;0:38.244;1:02.938;0:34.983;275.7;Mikkel Gaarde PEDERSEN;;LMP3;;Rinaldi Racing;Ligier;GF;38.244;62.938;34.983;
5;3;82;2:15.881;0;;38.462;0;1:02.849;0;34.570;0;185.6;3:45:32.350;16:45:40.016;0:38.462;1:02.849;0:34.570;275.0;Mikkel Gaarde PEDERSEN;;LMP3;;Rinaldi Racing;Ligier;GF;38.462;62.849;34.570;
5;3;83;2:16.593;0;;38.332;0;1:03.350;0;34.911;0;184.6;3:47:48.943;16:47:56.609;0:38.332;1:03.350;0:34.911;275.7;Mikkel Gaarde PEDERSEN;;LMP3;;Rinaldi Racing;Ligier;GF;38.332;63.350;34.911;
5;3;84;2:15.667;0;;38.517;0;1:02.430;0;34.720;0;185.9;3:50:04.610;16:50:12.276;0:38.517;1:02.430;0:34.720;271.6;Mikkel Gaarde PEDERSEN;;LMP3;;Rinaldi Racing;Ligier;GF;38.517;62.430;34.720;
5;3;85;2:16.126;0;;38.528;0;1:03.077;0;34.521;0;185.2;3:52:20.736;16:52:28.402;0:38.528;1:03.077;0:34.521;272.9;Mikkel Gaarde PEDERSEN;;LMP3;;Rinaldi Racing;Ligier;GF;38.528;63.077;34.521;
5;3;86;2:16.201;0;;39.104;0;1:02.722;0;34.375;2;185.1;3:54:36.937;16:54:44.603;0:39.104;1:02.722;0:34.375;272.3;Mikkel Gaarde PEDERSEN;;LMP3;;Rinaldi Racing;Ligier;GF;39.104;62.722;34.375;
5;3;87;2:17.088;0;;38.483;0;1:03.460;0;35.145;0;183.9;3:56:54.025;16:57:01.691;0:38.483;1:03.460;0:35.145;275.7;Mikkel Gaarde PEDERSEN;;LMP3;;Rinaldi Racing;Ligier;GF;38.483;63.460;35.145;
5;3;88;2:17.787;0;;39.621;0;1:03.652;0;34.514;0;183.0;3:59:11.812;16:59:19.478;0:39.621;1:03.652;0:34.514;271.6;Mikkel Gaarde PEDERSEN;;LMP3;;Rinaldi Racing;Ligier;GF;39.621;63.652;34.514;
5;3;89;2:15.632;0;;38.357;0;1:02.340;0;34.935;0;185.9;4:01:27.444;17:01:35.110;0:38.357;1:02.340;0:34.935;276.4;Mikkel Gaarde PEDERSEN;;LMP3;;Rinaldi Racing;Ligier;FF;38.357;62.340;34.935;
50;1;1;3:03.911;0;;54.052;0;1:10.725;0;59.134;0;134.7;3:03.911;13:03:11.577;0:54.052;1:10.725;0:59.134;249.1;Custodio TOLEDO;;LMGT3;;Richard Mille AF Corse;Ferrari;SF;54.052;70.725;59.134;
50;1;2;4:17.209;0;;1:35.230;0;1:40.096;0;1:01.883;0;98.0;7:21.120;13:07:28.786;1:35.230;1:40.096;1:01.883;;Custodio TOLEDO;;LMGT3;;Richard Mille AF Corse;Ferrari;SF;95.230;100.096;61.883;
50;1;3;4:23.203;0;;1:43.062;0;1:39.028;0;1:01.113;0;95.8;11:44.323;13:11:51.989;1:43.062;1:39.028;1:01.113;;Custodio TOLEDO;;LMGT3;;Richard Mille AF Corse;Ferrari;SF;103.062;99.028;61.113;
50;1;4;2:49.667;0;;55.935;0;1:09.501;0;44.231;0;148.6;14:33.990;13:14:41.656;0:55.935;1:09.501;0:44.231;141.8;Custodio TOLEDO;;LMGT3;;Richard Mille AF Corse;Ferrari;GF;55.935;69.501;44.231;
50;1;5;2:20.817;0;;40.380;0;1:04.490;0;35.947;2;179.1;16:54.807;13:17:02.473;0:40.380;1:04.490;0:35.947;259.9;Custodio TOLEDO;;LMGT3;;Richard Mille AF Corse;Ferrari;GF;40.380;64.490;35.947;
50;1;6;2:21.049;0;;40.162;0;1:04.650;0;36.237;0;178.8;19:15.856;13:19:23.522;0:40.162;1:04.650;0:36.237;260.5;Custodio TOLEDO;;LMGT3;;Richard Mille AF Corse;Ferrari;GF;40.162;64.650;36.237;
50;1;7;2:20.609;2;;40.187;0;1:04.456;2;35.966;0;179.3;21:36.465;13:21:44.131;0:40.187;1:04.456;0:35.966;259.9;Custodio TOLEDO;;LMGT3;;Richard Mille AF Corse;Ferrari;GF;40.187;64.456;35.966;
50;1;8;2:21.119;0;;40.357;0;1:04.656;0;36.106;0;178.7;23:57.584;13:24:05.250;0:40.357;1:04.656;0:36.106;258.0;Custodio TOLEDO;;LMGT3;;Richard Mille AF Corse;Ferrari;GF;40.357;64.656;36.106;
50;1;9;2:22.032;0;;40.297;0;1:05.572;0;36.163;0;177.5;26:19.616;13:26:27.282;0:40.297;1:05.572;0:36.163;258.6;Custodio TOLEDO;;LMGT3;;Richard Mille AF Corse;Ferrari;GF;40.297;65.572;36.163;
50;1;10;2:21.670;0;;40.381;0;1:05.038;0;36.251;0;178.0;28:41.286;13:28:48.952;0:40.381;1:05.038;0:36.251;255.6;Custodio TOLEDO;;LMGT3;;Richard Mille AF Corse;Ferrari;GF;40.381;65.038;36.251;
50;1;11;2:22.935;0;;40.353;0;1:05.291;0;37.291;0;176.4;31:04.221;13:31:11.887;0:40.353;1:05.291;0:37.291;256.8;Custodio TOLEDO;;LMGT3;;Richard Mille AF Corse;Ferrari;GF;40.353;65.291;37.291;
50;1;12;2:22.619;0;;40.517;0;1:05.560;0;36.542;0;176.8;33:26.840;13:33:34.506;0:40.517;1:05.560;0:36.542;256.8;Custodio TOLEDO;;LMGT3;;Richard Mille AF Corse;Ferrari;GF;40.517;65.560;36.542;
50;1;13;2:24.159;0;;40.880;0;1:05.195;0;38.084;0;174.9;35:50.999;13:35:58.665;0:40.880;1:05.195;0:38.084;257.4;Custodio TOLEDO;;LMGT3;;Richard Mille AF Corse;Ferrari;GF;40.880;65.195;38.084;
50;1;14;2:22.736;0;;40.354;0;1:05.654;0;36.728;0;176.6;38:13.735;13:38:21.401;0:40.354;1:05.654;0:36.728;257.4;Custodio TOLEDO;;LMGT3;;Richard Mille AF Corse;Ferrari;GF;40.354;65.654;36.728;
50;1;15;2:28.908;0;;40.173;0;1:05.560;0;43.175;0;169.3;40:42.643;13:40:50.309;0:40.173;1:05.560;0:43.175;258.6;Custodio TOLEDO;;LMGT3;;Richard Mille AF Corse;Ferrari;GF;40.173;65.560;43.175;
50;1;16;5:18.814;0;B;1:41.439;0;2:08.276;0;1:29.099;0;79.1;46:01.457;13:46:09.123;1:41.439;2:08.276;1:29.099;;Custodio TOLEDO;;LMGT3;;Richard Mille AF Corse;Ferrari;GF;101.439;128.276;89.099;
50;1;17;6:17.724;0;;2:32.076;0;2:14.961;0;1:30.687;0;66.8;52:19.181;13:52:26.847;2:32.076;2:14.961;1:30.687;;Custodio TOLEDO;0:01:09.132;LMGT3;;Richard Mille AF Corse;Ferrari;SF;152.076;134.961;90.687;
50;1;18;2:41.182;0;;49.683;0;1:12.175;0;39.324;0;156.4;55:00.363;13:55:08.029;0:49.683;1:12.175;0:39.324;216.7;Custodio TOLEDO;;LMGT3;;Richard Mille AF Corse;Ferrari;SF;49.683;72.175;39.324;
50;1;19;4:14.556;0;;57.170;0;1:41.488;0;1:35.898;0;99.1;59:14.919;13:59:22.585;0:57.170;1:41.488;1:35.898;;Custodio TOLEDO;;LMGT3;;Richard Mille AF Corse;Ferrari;SF;57.170;101.488;95.898;
50;1;20;4:16.326;0;;1:22.874;0;1:38.525;0;1:14.927;0;98.4;1:03:31.245;14:03:38.911;1:22.874;1:38.525;1:14.927;;Custodio TOLEDO;;LMGT3;;Richard Mille AF Corse;Ferrari;SF;82.874;98.525;74.927;
50;1;21;2:46.135;0;;47.253;0;1:09.944;0;48.938;0;151.8;1:06:17.380;14:06:25.046;0:47.253;1:09.944;0:48.938;209.6;Custodio TOLEDO;;LMGT3;;Richard Mille AF Corse;Ferrari;GF;47.253;69.944;48.938;
50;1;22;2:35.454;0;;40.607;0;1:07.507;0;47.340;0;162.2;1:08:52.834;14:09:00.500;0:40.607;1:07.507;0:47.340;250.3;Custodio TOLEDO;;LMGT3;;Richard Mille AF Corse;Ferrari;SF;40.607;67.507;47.340;
50;1;23;4:17.432;0;;1:10.773;0;1:54.065;0;1:12.594;0;97.9;1:13:10.266;14:13:17.932;1:10.773;1:54.065;1:12.594;161.3;Custodio TOLEDO;;LMGT3;;Richard Mille AF Corse;Ferrari;SF;70.773;114.065;72.594;
50;1;24;2:41.927;0;;45.996;0;1:09.118;0;46.813;0;155.7;1:15:52.193;14:15:59.859;0:45.996;1:09.118;0:46.813;212.5;Custodio TOLEDO;;LMGT3;;Richard Mille AF Corse;Ferrari;GF;45.996;69.118;46.813;
50;1;25;2:20.865;0;;40.065;0;1:04.780;0;36.020;0;179.0;1:18:13.058;14:18:20.724;0:40.065;1:04.780;0:36.020;261.1;Custodio TOLEDO;;LMGT3;;Richard Mille AF Corse;Ferrari;GF;40.065;64.780;36.020;
50;1;26;3:42.786;0;;44.561;0;1:29.344;0;1:28.881;0;113.2;1:21:55.844;14:22:03.510;0:44.561;1:29.344;1:28.881;197.7;Custodio TOLEDO;;LMGT3;;Richard Mille AF Corse;Ferrari;SF;44.561;89.344;88.881;
50;1;27;3:34.103;0;;1:23.381;0;1:26.739;0;43.983;0;117.8;1:25:29.947;14:25:37.613;1:23.381;1:26.739;0:43.983;;Custodio TOLEDO;;LMGT3;;Richard Mille AF Corse;Ferrari;SF;83.381;86.739;43.983;
50;1;28;2:52.020;0;;45.743;0;1:19.779;0;46.498;0;146.6;1:28:21.967;14:28:29.633;0:45.743;1:19.779;0:46.498;175.6;Custodio TOLEDO;;LMGT3;;Richard Mille AF Corse;Ferrari;GF;45.743;79.779;46.498;
50;1;29;2:29.606;0;;40.073;0;1:07.533;0;42.000;0;168.5;1:30:51.573;14:30:59.239;0:40.073;1:07.533;0:42.000;261.1;Custodio TOLEDO;;LMGT3;;Richard Mille AF Corse;Ferrari;SF;40.073;67.533;42.000;
50;1;30;4:02.597;0;;1:16.939;0;1:43.953;0;1:01.705;0;103.9;1:34:54.170;14:35:01.836;1:16.939;1:43.953;1:01.705;138.9;Custodio TOLEDO;;LMGT3;;Richard Mille AF Corse;Ferrari;SF;76.939;103.953;61.705;
50;1;31;4:00.631;0;;1:13.810;0;1:37.555;0;1:09.266;0;104.8;1:38:54.801;14:39:02.467;1:13.810;1:37.555;1:09.266;;Custodio TOLEDO;;LMGT3;;Richard Mille AF Corse;Ferrari;SF;73.810;97.555;69.266;
50;1;32;3:53.122;0;;1:38.104;0;1:24.451;0;50.567;0;108.2;1:42:47.923;14:42:55.589;1:38.104;1:24.451;0:50.567;;Custodio TOLEDO;;LMGT3;;Richard Mille AF Corse;Ferrari;SF;98.104;84.451;50.567;
50;1;33;2:58.351;0;;45.109;0;1:26.890;0;46.352;0;141.4;1:45:46.274;14:45:53.940;0:45.109;1:26.890;0:46.352;221.6;Custodio TOLEDO;;LMGT3;;Richard Mille AF Corse;Ferrari;GF;45.109;86.890;46.352;
50;1;34;2:23.869;0;;40.947;0;1:06.239;0;36.683;0;175.3;1:48:10.143;14:48:17.809;0:40.947;1:06.239;0:36.683;247.4;Custodio TOLEDO;;LMGT3;;Richard Mille AF Corse;Ferrari;GF;40.947;66.239;36.683;
50;1;35;2:21.001;0;;40.420;0;1:04.586;0;35.995;0;178.8;1:50:31.144;14:50:38.810;0:40.420;1:04.586;0:35.995;260.5;Custodio TOLEDO;;LMGT3;;Richard Mille AF Corse;Ferrari;GF;40.420;64.586;35.995;
50;1;36;2:21.346;0;;40.207;0;1:05.153;0;35.986;0;178.4;1:52:52.490;14:53:00.156;0:40.207;1:05.153;0:35.986;259.9;Custodio TOLEDO;;LMGT3;;Richard Mille AF Corse;Ferrari;GF;40.207;65.153;35.986;
50;1;37;2:21.058;0;;39.996;2;1:04.943;0;36.119;0;178.8;1:55:13.548;14:55:21.214;0:39.996;1:04.943;0:36.119;260.5;Custodio TOLEDO;;LMGT3;;Richard Mille AF Corse;Ferrari;GF;39.996;64.943;36.119;
50;1;38;2:21.623;0;;40.606;0;1:04.894;0;36.123;0;178.0;1:57:35.171;14:57:42.837;0:40.606;1:04.894;0:36.123;259.9;Custodio TOLEDO;;LMGT3;;Richard Mille AF Corse;Ferrari;GF;40.606;64.894;36.123;
51;1;1;3:13.184;0;;59.208;0;1:16.108;0;57.868;0;128.2;3:13.184;13:03:20.850;0:59.208;1:16.108;0:57.868;210.0;Charles-Henri SAMANI;;LMGT3;;AF Corse;Ferrari;SF;59.208;76.108;57.868;
51;1;2;4:19.438;0;;1:41.754;0;1:44.536;0;53.148;0;97.2;7:32.622;13:07:40.288;1:41.754;1:44.536;0:53.148;;Charles-Henri SAMANI;;LMGT3;;AF Corse;Ferrari;SF;101.754;104.536;53.148;
51;1;3;4:22.219;0;;1:56.059;0;1:38.025;0;48.135;0;96.2;11:54.841;13:12:02.507;1:56.059;1:38.025;0:48.135;;Charles-Henri SAMANI;;LMGT3;;AF Corse;Ferrari;SF;116.059;98.025;48.135;
51;1;4;2:45.693;0;;54.712;0;1:10.875;0;40.106;0;152.2;14:40.534;13:14:48.200;0:54.712;1:10.875;0:40.106;;Charles-Henri SAMANI;;LMGT3;;AF Corse;Ferrari;GF;54.712;70.875;40.106;
51;1;5;2:25.410;0;;41.261;0;1:06.887;0;37.262;0;173.4;17:05.944;13:17:13.610;0:41.261;1:06.887;0:37.262;259.2;Charles-Henri SAMANI;;LMGT3;;AF Corse;Ferrari;GF;41.261;66.887;37.262;
51;1;6;2:23.781;0;;40.991;0;1:06.075;1;36.715;1;175.4;19:29.725;13:19:37.391;0:40.991;1:06.075;0:36.715;257.4;Charles-Henri SAMANI;;LMGT3;;AF Corse;Ferrari;GF;40.991;66.075;36.715;
51;1;7;2:24.630;0;;40.857;0;1:06.886;0;36.887;0;174.3;21:54.355;13:22:02.021;0:40.857;1:06.886;0:36.887;258.0;Charles-Henri SAMANI;;LMGT3;;AF Corse;Ferrari;GF;40.857;66.886;36.887;
51;1;8;2:25.843;0;;41.064;0;1:06.685;0;38.094;0;172.9;24:20.198;13:24:27.864;0:41.064;1:06.685;0:38.094;256.2;Charles-Henri SAMANI;;LMGT3;;AF Corse;Ferrari;GF;41.064;66.685;38.094;
51;1;9;2:25.179;0;;41.046;0;1:06.678;0;37.455;0;173.7;26:45.377;13:26:53.043;0:41.046;1:06.678;0:37.455;258.0;Charles-Henri SAMANI;;LMGT3;;AF Corse;Ferrari;GF;41.046;66.678;37.455;
51;1;10;2:25.878;0;;41.024;0;1:07.642;0;37.212;0;172.8;29:11.255;13:29:18.921;0:41.024;1:07.642;0:37.212;258.0;Charles-Henri SAMANI;;LMGT3;;AF Corse;Ferrari;GF;41.024;67.642;37.212;
51;1;11;2:26.820;0;;41.368;0;1:08.141;0;37.311;0;171.7;31:38.075;13:31:45.741;0:41.368;1:08.141;0:37.311;256.8;Charles-Henri SAMANI;;LMGT3;;AF Corse;Ferrari;GF;41.368;68.141;37.311;
51;1;12;2:24.361;0;;40.903;0;1:06.296;0;37.162;0;174.7;34:02.436;13:34:10.102;0:40.903;1:06.296;0:37.162;258.0;Charles-Henri SAMANI;;LMGT3;;AF Corse;Ferrari;GF;40.903;66.296;37.162;
51;1;13;2:23.584;0;;40.711;1;1:06.058;0;36.815;0;175.6;36:26.020;13:36:33.686;0:40.711;1:06.058;0:36.815;259.9;Charles-Henri SAMANI;;LMGT3;;AF Corse;Ferrari;GF;40.711;66.058;36.815;
51;1;14;2:24.764;0;;40.772;0;1:06.665;0;37.327;0;174.2;38:50.784;13:38:58.450;0:40.772;1:06.665;0:37.327;257.4;Charles-Henri SAMANI;;LMGT3;;AF Corse;Ferrari;GF;40.772;66.665;37.327;
51;1;15;3:27.909;0;B;40.881;0;1:17.265;0;1:29.763;0;121.3;42:18.693;13:42:26.359;0:40.881;1:17.265;1:29.763;258.6;Charles-Henri SAMANI;;LMGT3;;AF Corse;Ferrari;GF;40.881;77.265;89.763;
51;1;16;6:07.644;0;;2:31.069;0;2:10.055;0;1:26.520;0;68.6;48:26.337;13:48:34.003;2:31.069;2:10.055;1:26.520;;Charles-Henri SAMANI;0:01:09.876;LMGT3;;AF Corse;Ferrari;GF;151.069;130.055;86.520;
51;1;17;4:22.751;0;;1:42.778;0;1:58.232;0;41.741;0;96.0;52:49.088;13:52:56.754;1:42.778;1:58.232;0:41.741;;Charles-Henri SAMANI;;LMGT3;;AF Corse;Ferrari;SF;102.778;118.232;41.741;
51;1;18;2:37.282;0;;45.811;0;1:10.579;0;40.892;0;160.3;55:26.370;13:55:34.036;0:45.811;1:10.579;0:40.892;221.6;Charles-Henri SAMANI;;LMGT3;;AF Corse;Ferrari;SF;45.811;70.579;40.892;
51;1;19;4:02.938;0;;46.355;0;1:38.342;0;1:38.241;0;103.8;59:29.308;13:59:36.974;0:46.355;1:38.342;1:38.241;121.8;Charles-Henri SAMANI;;LMGT3;;AF Corse;Ferrari;SF;46.355;98.342;98.241;
51;1;20;4:15.977;0;;1:26.565;0;1:35.143;0;1:14.269;0;98.5;1:03:45.285;14:03:52.951;1:26.565;1:35.143;1:14.269;183.4;Charles-Henri SAMANI;;LMGT3;;AF Corse;Ferrari;SF;86.565;95.143;74.269;
51;1;21;2:39.951;0;;47.412;0;1:08.527;0;44.012;0;157.6;1:06:25.236;14:06:32.902;0:47.412;1:08.527;0:44.012;224.3;Charles-Henri SAMANI;;LMGT3;;AF Corse;Ferrari;GF;47.412;68.527;44.012;
51;1;22;2:34.990;0;;41.011;0;1:08.645;0;45.334;0;162.7;1:09:00.226;14:09:07.892;0:41.011;1:08.645;0:45.334;258.6;Charles-Henri SAMANI;;LMGT3;;AF Corse;Ferrari;SF;41.011;68.645;45.334;
51;1;23;4:21.023;0;;1:15.498;0;1:53.749;0;1:11.776;0;96.6;1:13:21.249;14:13:28.915;1:15.498;1:53.749;1:11.776;147.0;Charles-Henri SAMANI;;LMGT3;;AF Corse;Ferrari;SF;75.498;113.749;71.776;
51;1;24;2:35.683;0;;46.698;0;1:08.280;0;40.705;0;162.0;1:15:56.932;14:16:04.598;0:46.698;1:08.280;0:40.705;223.9;Charles-Henri SAMANI;;LMGT3;;AF Corse;Ferrari;GF;46.698;68.280;40.705;
51;1;25;2:25.524;0;;40.868;0;1:07.726;0;36.930;0;173.3;1:18:22.456;14:18:30.122;0:40.868;1:07.726;0:36.930;259.9;Charles-Henri SAMANI;;LMGT3;;AF Corse;Ferrari;GF;40.868;67.726;36.930;
51;1;26;3:41.284;0;;44.043;0;1:26.515;0;1:30.726;0;113.9;1:22:03.740;14:22:11.406;0:44.043;1:26.515;1:30.726;188.5;Charles-Henri SAMANI;;LMGT3;;AF Corse;Ferrari;SF;44.043;86.515;90.726;
51;1;27;3:35.086;0;;1:23.942;0;1:27.518;0;43.626;0;117.2;1:25:38.826;14:25:46.492;1:23.942;1:27.518;0:43.626;;Charles-Henri SAMANI;;LMGT3;;AF Corse;Ferrari;SF;83.942;87.518;43.626;
51;1;28;2:47.726;0;;45.091;0;1:16.407;0;46.228;0;150.3;1:28:26.552;14:28:34.218;0:45.091;1:16.407;0:46.228;226.7;Charles-Henri SAMANI;;LMGT3;;AF Corse;Ferrari;GF;45.091;76.407;46.228;
51;1;29;2:40.210;0;;41.393;0;1:11.933;0;46.884;0;157.4;1:31:06.762;14:31:14.428;0:41.393;1:11.933;0:46.884;254.4;Charles-Henri SAMANI;;LMGT3;;AF Corse;Ferrari;SF;41.393;71.933;46.884;
51;1;30;4:00.084;0;;1:16.693;0;1:43.123;0;1:00.268;0;105.0;1:35:06.846;14:35:14.512;1:16.693;1:43.123;1:00.268;;Charles-Henri SAMANI;;LMGT3;;AF Corse;Ferrari;SF;76.693;103.123;60.268;
51;1;31;4:03.217;0;;1:16.831;0;1:34.979;0;1:11.407;0;103.7;1:39:10.063;14:39:17.729;1:16.831;1:34.979;1:11.407;148.4;Charles-Henri SAMANI;;LMGT3;;AF Corse;Ferrari;SF;76.831;94.979;71.407;
51;1;32;3:52.063;0;;1:40.446;0;1:19.557;0;52.060;0;108.7;1:43:02.126;14:43:09.792;1:40.446;1:19.557;0:52.060;124.3;Charles-Henri SAMANI;;LMGT3;;AF Corse;Ferrari;SF;100.446;79.557;52.060;
51;1;33;2:52.232;0;;47.626;0;1:22.207;0;42.399;0;146.4;1:45:54.358;14:46:02.024;0:47.626;1:22.207;0:42.399;183.7;Charles-Henri SAMANI;;LMGT3;;AF Corse;Ferrari;GF;47.626;82.207;42.399;
51;1;34;2:25.873;0;;40.830;0;1:07.235;0;37.808;0;172.8;1:48:20.231;14:48:27.897;0:40.830;1:07.235;0:37.808;258.0;Charles-Henri SAMANI;;LMGT3;;AF Corse;Ferrari;GF;40.830;67.235;37.808;
51;1;35;2:24.845;0;;41.029;0;1:07.114;0;36.702;0;174.1;1:50:45.076;14:50:52.742;0:41.029;1:07.114;0:36.702;253.8;Charles-Henri SAMANI;;LMGT3;;AF Corse;Ferrari;GF;41.029;67.114;36.702;
51;1;36;2:26.795;0;;40.981;0;1:08.500;0;37.314;0;171.8;1:53:11.871;14:53:19.537;0:40.981;1:08.500;0:37.314;259.2;Charles-Henri SAMANI;;LMGT3;;AF Corse;Ferrari;GF;40.981;68.500;37.314;
51;1;37;2:25.599;0;;41.209;0;1:06.911;0;37.479;0;173.2;1:55:37.470;14:55:45.136;0:41.209;1:06.911;0:37.479;258.0;Charles-Henri SAMANI;;LMGT3;;AF Corse;Ferrari;GF;41.209;66.911;37.479;
51;1;38;2:25.114;0;;41.282;0;1:06.490;0;37.342;0;173.8;1:58:02.584;14:58:10.250;0:41.282;1:06.490;0:37.342;255.6;Charles-Henri SAMANI;;LMGT3;;AF Corse;Ferrari;GF;41.282;66.490;37.342;
51;1;39;3:10.551;0;;41.546;0;1:12.596;0;1:16.409;0;132.3;2:01:13.135;15:01:20.801;0:41.546;1:12.596;1:16.409;254.4;Charles-Henri SAMANI;;LMGT3;;AF Corse;Ferrari;SF;41.546;72.596;76.409;
51;1;40;4:55.690;0;;1:32.614;0;2:08.391;0;1:14.685;0;85.3;2:06:08.825;15:06:16.491;1:32.614;2:08.391;1:14.685;;Charles-Henri SAMANI;;LMGT3;;AF Corse;Ferrari;SF;92.614;128.391;74.685;
51;1;41;4:11.634;0;;1:22.285;0;1:44.384;0;1:04.965;0;100.2;2:10:20.459;15:10:28.125;1:22.285;1:44.384;1:04.965;;Charles-Henri SAMANI;;LMGT3;;AF Corse;Ferrari;SF;82.285;104.384;64.965;
51;1;42;2:35.853;0;;46.281;0;1:11.185;0;38.387;0;161.8;2:12:56.312;15:13:03.978;0:46.281;1:11.185;0:38.387;223.0;Charles-Henri SAMANI;;LMGT3;;AF Corse;Ferrari;SF;46.281;71.185;38.387;
51;1;43;2:25.581;0;;41.528;0;1:06.717;0;37.336;0;173.2;2:15:21.893;15:15:29.559;0:41.528;1:06.717;0:37.336;253.8;Charles-Henri SAMANI;;LMGT3;;AF Corse;Ferrari;GF;41.528;66.717;37.336;
51;1;44;2:32.210;0;B;40.899;0;1:07.789;0;43.522;0;165.7;2:17:54.103;15:18:01.769;0:40.899;1:07.789;0:43.522;256.8;Charles-Henri SAMANI;;LMGT3;;AF Corse;Ferrari;GF;40.899;67.789;43.522;
51;2;45;3:31.920;0;;1:50.651;0;1:05.186;0;36.083;0;119.0;2:21:26.023;15:21:33.689;1:50.651;1:05.186;0:36.083;256.8;Conrad LAURSEN;0:01:21.211;LMGT3;;AF Corse;Ferrari;GF;110.651;65.186;36.083;
51;2;46;2:20.815;0;;39.753;2;1:04.801;0;36.261;0;179.1;2:23:46.838;15:23:54.504;0:39.753;1:04.801;0:36.261;261.7;Conrad LAURSEN;;LMGT3;;AF Corse;Ferrari;GF;39.753;64.801;36.261;
51;2;47;2:19.295;0;;39.860;0;1:03.791;0;35.644;1;181.0;2:26:06.133;15:26:13.799;0:39.860;1:03.791;0:35.644;260.5;Conrad LAURSEN;;LMGT3;;AF Corse;Ferrari;GF;39.860;63.791;35.644;
51;2;48;2:18.997;2;;39.842;0;1:03.392;2;35.763;0;181.4;2:28:25.130;15:28:32.796;0:39.842;1:03.392;0:35.763;259.9;Conrad LAURSEN;;LMGT3;;AF Corse;Ferrari;GF;39.842;63.392;35.763;
51;2;49;2:19.424;0;;39.806;0;1:03.906;0;35.712;0;180.8;2:30:44.554;15:30:52.220;0:39.806;1:03.906;0:35.712;263.0;Conrad LAURSEN;;LMGT3;;AF Corse;Ferrari;GF;39.806;63.906;35.712;
51;2;50;2:20.570;0;;39.906;0;1:04.736;0;35.928;0;179.4;2:33:05.124;15:33:12.790;0:39.906;1:04.736;0:35.928;262.4;Conrad LAURSEN;;LMGT3;;AF Corse;Ferrari;GF;39.906;64.736;35.928;
51;2;51;2:20.243;0;;39.854;0;1:04.546;0;35.843;0;179.8;2:35:25.367;15:35:33.033;0:39.854;1:04.546;0:35.843;261.7;Conrad LAURSEN;;LMGT3;;AF Corse;Ferrari;GF;39.854;64.546;35.843;
51;2;52;2:20.910;0;;39.760;0;1:04.621;0;36.529;0;178.9;2:37:46.277;15:37:53.943;0:39.760;1:04.621;0:36.529;264.3;Conrad LAURSEN;;LMGT3;;AF Corse;Ferrari;GF;39.760;64.621;36.529;
51;2;53;2:20.805;0;;40.018;0;1:04.771;0;36.016;0;179.1;2:40:07.082;15:40:14.748;0:40.018;1:04.771;0:36.016;263.0;Conrad LAURSEN;;LMGT3;;AF Corse;Ferrari;GF;40.018;64.771;36.016;
51;2;54;2:21.148;0;;40.272;0;1:04.955;0;35.921;0;178.6;2:42:28.230;15:42:35.896;0:40.272;1:04.955;0:35.921;261.7;Conrad LAURSEN;;LMGT3;;AF Corse;Ferrari;GF;40.272;64.955;35.921;
51;2;55;2:21.760;0;;39.926;0;1:05.014;0;36.820;0;177.9;2:44:49.990;15:44:57.656;0:39.926;1:05.014;0:36.820;263.0;Conrad LAURSEN;;LMGT3;;AF Corse;Ferrari;GF;39.926;65.014;36.820;
51;2;56;2:21.600;0;;39.875;0;1:05.585;0;36.140;0;178.1;2:47:11.590;15:47:19.256;0:39.875;1:05.585;0:36.140;257.4;Conrad LAURSEN;;LMGT3;;AF Corse;Ferrari;GF;39.875;65.585;36.140;
51;2;57;2:21.393;0;;40.171;0;1:05.224;0;35.998;0;178.3;2:49:32.983;15:49:40.649;0:40.171;1:05.224;0:35.998;261.1;Conrad LAURSEN;;LMGT3;;AF Corse;Ferrari;GF;40.171;65.224;35.998;
51;2;58;2:21.935;0;;40.022;0;1:05.434;0;36.479;0;177.6;2:51:54.918;15:52:02.584;0:40.022;1:05.434;0:36.479;261.1;Conrad LAURSEN;;LMGT3;;AF Corse;Ferrari;GF;40.022;65.434;36.479;
51;2;59;2:22.173;0;;41.168;0;1:05.170;0;35.835;0;177.3;2:54:17.091;15:54:24.757;0:41.168;1:05.170;0:35.835;256.8;Conrad LAURSEN;;LMGT3;;AF Corse;Ferrari;GF;41.168;65.170;35.835;
51;2;60;2:20.682;0;;39.854;0;1:04.714;0;36.114;0;179.2;2:56:37.773;15:56:45.439;0:39.854;1:04.714;0:36.114;260.5;Conrad LAURSEN;;LMGT3;;AF Corse;Ferrari;GF;39.854;64.714;36.114;
51;2;61;2:20.780;0;;39.832;0;1:05.072;0;35.876;0;179.1;2:58:58.553;15:59:06.219;0:39.832;1:05.072;0:35.876;253.8;Conrad LAURSEN;;LMGT3;;AF Corse;Ferrari;GF;39.832;65.072;35.876;
51;2;62;2:20.899;0;;39.864;0;1:05.261;0;35.774;0;179.0;3:01:19.452;16:01:27.118;0:39.864;1:05.261;0:35.774;252.6;Conrad LAURSEN;;LMGT3;;AF Corse;Ferrari;GF;39.864;65.261;35.774;
51;2;63;2:21.785;0;;40.512;0;1:05.372;0;35.901;0;177.8;3:03:41.237;16:03:48.903;0:40.512;1:05.372;0:35.901;259.9;Conrad LAURSEN;;LMGT3;;AF Corse;Ferrari;GF;40.512;65.372;35.901;
51;2;64;2:21.812;0;;39.895;0;1:05.681;0;36.236;0;177.8;3:06:03.049;16:06:10.715;0:39.895;1:05.681;0:36.236;256.2;Conrad LAURSEN;;LMGT3;;AF Corse;Ferrari;GF;39.895;65.681;36.236;
51;2;65;2:23.513;0;;40.318;0;1:06.867;0;36.328;0;175.7;3:08:26.562;16:08:34.228;0:40.318;1:06.867;0:36.328;258.0;Conrad LAURSEN;;LMGT3;;AF Corse;Ferrari;GF;40.318;66.867;36.328;
51;2;66;2:22.098;0;;39.889;0;1:05.991;0;36.218;0;177.4;3:10:48.660;16:10:56.326;0:39.889;1:05.991;0:36.218;263.0;Conrad LAURSEN;;LMGT3;;AF Corse;Ferrari;GF;39.889;65.991;36.218;
51;2;67;2:27.014;0;B;39.858;0;1:05.136;0;42.020;0;171.5;3:13:15.674;16:13:23.340;0:39.858;1:05.136;0:42.020;261.1;Conrad LAURSEN;;LMGT3;;AF Corse;Ferrari;GF;39.858;65.136;42.020;
51;3;68;3:35.921;0;;1:54.502;0;1:05.441;0;35.978;0;116.8;3:16:51.595;16:16:59.261;1:54.502;1:05.441;0:35.978;255.6;Davide RIGON;0:01:23.813;LMGT3;;AF Corse;Ferrari;GF;114.502;65.441;35.978;
51;3;69;2:19.354;0;;39.930;0;1:03.813;0;35.611;0;180.9;3:19:10.949;16:19:18.615;0:39.930;1:03.813;0:35.611;256.8;Davide RIGON;;LMGT3;;AF Corse;Ferrari;GF;39.930;63.813;35.611;
51;3;70;2:19.209;0;;39.810;0;1:03.631;1;35.768;0;181.1;3:21:30.158;16:21:37.824;0:39.810;1:03.631;0:35.768;261.1;Davide RIGON;;LMGT3;;AF Corse;Ferrari;GF;39.810;63.631;35.768;
51;3;71;2:19.132;0;;39.830;0;1:03.715;0;35.587;2;181.2;3:23:49.290;16:23:56.956;0:39.830;1:03.715;0:35.587;259.9;Davide RIGON;;LMGT3;;AF Corse;Ferrari;GF;39.830;63.715;35.587;
51;3;72;2:19.874;0;;39.790;0;1:04.315;0;35.769;0;180.3;3:26:09.164;16:26:16.830;0:39.790;1:04.315;0:35.769;261.1;Davide RIGON;;LMGT3;;AF Corse;Ferrari;GF;39.790;64.315;35.769;
51;3;73;2:21.337;0;;39.874;0;1:05.003;0;36.460;0;178.4;3:28:30.501;16:28:38.167;0:39.874;1:05.003;0:36.460;261.7;Davide RIGON;;LMGT3;;AF Corse;Ferrari;GF;39.874;65.003;36.460;
51;3;74;2:19.864;0;;39.839;0;1:04.175;0;35.850;0;180.3;3:30:50.365;16:30:58.031;0:39.839;1:04.175;0:35.850;259.2;Davide RIGON;;LMGT3;;AF Corse;Ferrari;GF;39.839;64.175;35.850;
51;3;75;2:20.186;0;;39.831;0;1:04.382;0;35.973;0;179.9;3:33:10.551;16:33:18.217;0:39.831;1:04.382;0:35.973;263.6;Davide RIGON;;LMGT3;;AF Corse;Ferrari;GF;39.831;64.382;35.973;
51;3;76;2:22.247;0;;39.781;1;1:05.374;0;37.092;0;177.3;3:35:32.798;16:35:40.464;0:39.781;1:05.374;0:37.092;264.3;Davide RIGON;;LMGT3;;AF Corse;Ferrari;GF;39.781;65.374;37.092;
51;3;77;2:20.790;0;;39.973;0;1:04.806;0;36.011;0;179.1;3:37:53.588;16:38:01.254;0:39.973;1:04.806;0:36.011;261.1;Davide RIGON;;LMGT3;;AF Corse;Ferrari;GF;39.973;64.806;36.011;
51;3;78;2:20.546;0;;39.870;0;1:04.788;0;35.888;0;179.4;3:40:14.134;16:40:21.800;0:39.870;1:04.788;0:35.888;261.1;Davide RIGON;;LMGT3;;AF Corse;Ferrari;GF;39.870;64.788;35.888;
51;3;79;2:20.942;0;;39.910;0;1:05.111;0;35.921;0;178.9;3:42:35.076;16:42:42.742;0:39.910;1:05.111;0:35.921;259.9;Davide RIGON;;LMGT3;;AF Corse;Ferrari;GF;39.910;65.111;35.921;
51;3;80;2:20.837;0;;39.830;0;1:04.964;0;36.043;0;179.0;3:44:55.913;16:45:03.579;0:39.830;1:04.964;0:36.043;261.7;Davide RIGON;;LMGT3;;AF Corse;Ferrari;GF;39.830;64.964;36.043;
51;3;81;2:21.269;0;;39.909;0;1:05.028;0;36.332;0;178.5;3:47:17.182;16:47:24.848;0:39.909;1:05.028;0:36.332;262.4;Davide RIGON;;LMGT3;;AF Corse;Ferrari;GF;39.909;65.028;36.332;
51;3;82;2:20.974;0;;39.891;0;1:05.023;0;36.060;0;178.9;3:49:38.156;16:49:45.822;0:39.891;1:05.023;0:36.060;261.1;Davide RIGON;;LMGT3;;AF Corse;Ferrari;GF;39.891;65.023;36.060;
51;3;83;2:20.688;0;;39.965;0;1:04.792;0;35.931;0;179.2;3:51:58.844;16:52:06.510;0:39.965;1:04.792;0:35.931;261.7;Davide RIGON;;LMGT3;;AF Corse;Ferrari;GF;39.965;64.792;35.931;
51;3;84;2:21.055;0;;39.828;0;1:05.100;0;36.127;0;178.8;3:54:19.899;16:54:27.565;0:39.828;1:05.100;0:36.127;261.7;Davide RIGON;;LMGT3;;AF Corse;Ferrari;GF;39.828;65.100;36.127;
51;3;85;2:21.898;0;;39.818;0;1:05.349;0;36.731;0;177.7;3:56:41.797;16:56:49.463;0:39.818;1:05.349;0:36.731;261.7;Davide RIGON;;LMGT3;;AF Corse;Ferrari;GF;39.818;65.349;36.731;
51;3;86;2:20.978;0;;39.921;0;1:04.912;0;36.145;0;178.9;3:59:02.775;16:59:10.441;0:39.921;1:04.912;0:36.145;262.4;Davide RIGON;;LMGT3;;AF Corse;Ferrari;GF;39.921;64.912;36.145;
51;3;87;2:21.571;0;;39.813;0;1:05.607;0;36.151;0;178.1;4:01:24.346;17:01:32.012;0:39.813;1:05.607;0:36.151;264.3;Davide RIGON;;LMGT3;;AF Corse;Ferrari;FF;39.813;65.607;36.151;
54;1;1;3:07.969;0;;55.291;0;1:14.872;0;57.806;0;131.8;3:07.969;13:03:15.635;0:55.291;1:14.872;0:57.806;231.0;Max MORITZ;;LMGT3;;High Class Racing;Porsche;SF;55.291;74.872;57.806;
54;1;2;4:18.449;0;;1:37.597;0;1:41.669;0;59.183;0;97.6;7:26.418;13:07:34.084;1:37.597;1:41.669;0:59.183;;Max MORITZ;;LMGT3;;High Class Racing;Porsche;SF;97.597;101.669;59.183;
54;1;3;4:22.121;0;;1:47.758;0;1:35.388;0;58.975;0;96.2;11:48.539;13:11:56.205;1:47.758;1:35.388;0:58.975;;Max MORITZ;;LMGT3;;High Class Racing;Porsche;SF;107.758;95.388;58.975;
54;1;4;2:48.267;0;;55.751;0;1:08.699;0;43.817;0;149.8;14:36.806;13:14:44.472;0:55.751;1:08.699;0:43.817;;Max MORITZ;;LMGT3;;High Class Racing;Porsche;GF;55.751;68.699;43.817;
54;1;5;2:21.553;0;;40.139;0;1:05.190;0;36.224;0;178.1;16:58.359;13:17:06.025;0:40.139;1:05.190;0:36.224;264.3;Max MORITZ;;LMGT3;;High Class Racing;Porsche;GF;40.139;65.190;36.224;
54;1;6;2:20.587;0;;39.865;1;1:04.618;1;36.104;0;179.3;19:18.946;13:19:26.612;0:39.865;1:04.618;0:36.104;265.6;Max MORITZ;;LMGT3;;High Class Racing;Porsche;GF;39.865;64.618;36.104;
54;1;7;2:21.138;0;;39.963;0;1:04.823;0;36.352;0;178.6;21:40.084;13:21:47.750;0:39.963;1:04.823;0:36.352;264.9;Max MORITZ;;LMGT3;;High Class Racing;Porsche;GF;39.963;64.823;36.352;
54;1;8;2:22.203;0;;40.110;0;1:05.851;0;36.242;0;177.3;24:02.287;13:24:09.953;0:40.110;1:05.851;0:36.242;262.4;Max MORITZ;;LMGT3;;High Class Racing;Porsche;GF;40.110;65.851;36.242;
54;1;9;2:22.525;0;;40.143;0;1:05.085;0;37.297;0;176.9;26:24.812;13:26:32.478;0:40.143;1:05.085;0:37.297;263.6;Max MORITZ;;LMGT3;;High Class Racing;Porsche;GF;40.143;65.085;37.297;
54;1;10;2:21.667;0;;40.386;0;1:05.235;0;36.046;0;178.0;28:46.479;13:28:54.145;0:40.386;1:05.235;0:36.046;262.4;Max MORITZ;;LMGT3;;High Class Racing;Porsche;GF;40.386;65.235;36.046;
54;1;11;2:38.470;0;B;40.497;0;1:12.638;0;45.335;0;159.1;31:24.949;13:31:32.615;0:40.497;1:12.638;0:45.335;259.2;Max MORITZ;;LMGT3;;High Class Racing;Porsche;GF;40.497;72.638;45.335;
54;1;12;4:29.860;0;;2:42.858;0;1:09.958;0;37.044;0;93.4;35:54.809;13:36:02.475;2:42.858;1:09.958;0:37.044;228.6;Max MORITZ;0:02:11.687;LMGT3;;High Class Racing;Porsche;GF;162.858;69.958;37.044;
54;1;13;2:22.862;0;;40.656;0;1:05.565;0;36.641;0;176.5;38:17.671;13:38:25.337;0:40.656;1:05.565;0:36.641;259.2;Max MORITZ;;LMGT3;;High Class Racing;Porsche;GF;40.656;65.565;36.641;
54;1;14;2:30.713;0;;40.430;0;1:04.729;0;45.554;0;167.3;40:48.384;13:40:56.050;0:40.430;1:04.729;0:45.554;259.2;Max MORITZ;;LMGT3;;High Class Racing;Porsche;GF;40.430;64.729;45.554;
54;1;15;5:16.692;0;;1:42.577;0;2:08.404;0;1:25.711;0;79.6;46:05.076;13:46:12.742;1:42.577;2:08.404;1:25.711;;Max MORITZ;;LMGT3;;High Class Racing;Porsche;GF;102.577;128.404;85.711;
54;1;16;5:17.299;0;;1:42.168;0;2:08.632;0;1:26.499;0;79.5;51:22.375;13:51:30.041;1:42.168;2:08.632;1:26.499;;Max MORITZ;;LMGT3;;High Class Racing;Porsche;GF;102.168;128.632;86.499;
54;1;17;2:59.694;0;;1:12.540;0;1:09.935;0;37.219;0;140.3;54:22.069;13:54:29.735;1:12.540;1:09.935;0:37.219;219.8;Max MORITZ;;LMGT3;;High Class Racing;Porsche;SF;72.540;69.935;37.219;
54;1;18;4:02.962;0;;1:18.742;0;1:45.517;0;58.703;0;103.8;58:25.031;13:58:32.697;1:18.742;1:45.517;0:58.703;152.8;Max MORITZ;;LMGT3;;High Class Racing;Porsche;SF;78.742;105.517;58.703;
54;1;19;2:30.083;0;;41.122;0;1:09.036;0;39.925;0;168.0;1:00:55.114;14:01:02.780;0:41.122;1:09.036;0:39.925;212.5;Max MORITZ;;LMGT3;;High Class Racing;Porsche;SF;41.122;69.036;39.925;
54;1;20;2:53.157;0;;44.713;0;1:08.648;0;59.796;0;145.6;1:03:48.271;14:03:55.937;0:44.713;1:08.648;0:59.796;221.6;Max MORITZ;;LMGT3;;High Class Racing;Porsche;SF;44.713;68.648;59.796;
54;1;21;2:38.380;0;;47.178;0;1:08.966;0;42.236;0;159.2;1:06:26.651;14:06:34.317;0:47.178;1:08.966;0:42.236;202.9;Max MORITZ;;LMGT3;;High Class Racing;Porsche;GF;47.178;68.966;42.236;
54;1;22;2:34.535;0;;40.522;0;1:08.973;0;45.040;0;163.2;1:09:01.186;14:09:08.852;0:40.522;1:08.973;0:45.040;264.3;Max MORITZ;;LMGT3;;High Class Racing;Porsche;SF;40.522;68.973;45.040;
54;1;23;4:21.192;0;;1:16.306;0;1:54.081;0;1:10.805;0;96.5;1:13:22.378;14:13:30.044;1:16.306;1:54.081;1:10.805;154.6;Max MORITZ;;LMGT3;;High Class Racing;Porsche;SF;76.306;114.081;70.805;
54;1;24;2:35.757;0;;46.283;0;1:08.708;0;40.766;0;161.9;1:15:58.135;14:16:05.801;0:46.283;1:08.708;0:40.766;226.2;Max MORITZ;;LMGT3;;High Class Racing;Porsche;GF;46.283;68.708;40.766;
54;1;25;2:30.444;0;B;40.358;0;1:07.225;0;42.861;0;167.6;1:18:28.579;14:18:36.245;0:40.358;1:07.225;0:42.861;264.3;Max MORITZ;;LMGT3;;High Class Racing;Porsche;GF;40.358;67.225;42.861;
54;1;26;3:50.575;0;;1:42.416;0;1:13.534;0;54.625;0;109.4;1:22:19.154;14:22:26.820;1:42.416;1:13.534;0:54.625;203.3;Max MORITZ;0:01:07.059;LMGT3;;High Class Racing;Porsche;SF;102.416;73.534;54.625;
54;1;27;3:30.100;0;;1:22.281;0;1:25.114;0;42.705;0;120.0;1:25:49.254;14:25:56.920;1:22.281;1:25.114;0:42.705;;Max MORITZ;;LMGT3;;High Class Racing;Porsche;SF;82.281;85.114;42.705;
54;1;28;2:42.529;0;;45.694;0;1:13.312;0;43.523;0;155.1;1:28:31.783;14:28:39.449;0:45.694;1:13.312;0:43.523;200.7;Max MORITZ;;LMGT3;;High Class Racing;Porsche;GF;45.694;73.312;43.523;
54;1;29;2:36.994;0;;40.419;0;1:10.346;0;46.229;0;160.6;1:31:08.777;14:31:16.443;0:40.419;1:10.346;0:46.229;261.1;Max MORITZ;;LMGT3;;High Class Racing;Porsche;SF;40.419;70.346;46.229;
54;1;30;4:00.014;0;;1:17.986;0;1:42.076;0;59.952;0;105.1;1:35:08.791;14:35:16.457;1:17.986;1:42.076;0:59.952;;Max MORITZ;;LMGT3;;High Class Racing;Porsche;SF;77.986;102.076;59.952;
54;1;31;4:03.889;0;;1:17.336;0;1:35.212;0;1:11.341;0;103.4;1:39:12.680;14:39:20.346;1:17.336;1:35.212;1:11.341;161.5;Max MORITZ;;LMGT3;;High Class Racing;Porsche;SF;77.336;95.212;71.341;
54;1;32;3:52.127;0;;1:41.302;0;1:18.871;0;51.954;0;108.6;1:43:04.807;14:43:12.473;1:41.302;1:18.871;0:51.954;;Max MORITZ;;LMGT3;;High Class Racing;Porsche;SF;101.302;78.871;51.954;
54;1;33;2:51.260;0;;47.365;0;1:21.675;0;42.220;0;147.2;1:45:56.067;14:46:03.733;0:47.365;1:21.675;0:42.220;184.3;Max MORITZ;;LMGT3;;High Class Racing;Porsche;GF;47.365;81.675;42.220;
54;1;34;2:24.708;0;;41.307;0;1:07.215;0;36.186;0;174.2;1:48:20.775;14:48:28.441;0:41.307;1:07.215;0:36.186;258.0;Max MORITZ;;LMGT3;;High Class Racing;Porsche;GF;41.307;67.215;36.186;
54;1;35;2:22.104;0;;40.482;0;1:05.319;0;36.303;0;177.4;1:50:42.879;14:50:50.545;0:40.482;1:05.319;0:36.303;261.1;Max MORITZ;;LMGT3;;High Class Racing;Porsche;GF;40.482;65.319;36.303;
54;1;36;2:21.561;0;;40.329;0;1:05.002;0;36.230;0;178.1;1:53:04.440;14:53:12.106;0:40.329;1:05.002;0:36.230;259.9;Max MORITZ;;LMGT3;;High Class Racing;Porsche;GF;40.329;65.002;36.230;
54;1;37;2:22.079;0;;40.245;0;1:05.229;0;36.605;0;177.5;1:55:26.519;14:55:34.185;0:40.245;1:05.229;0:36.605;261.1;Max MORITZ;;LMGT3;;High Class Racing;Porsche;GF;40.245;65.229;36.605;
54;1;38;2:22.783;0;;40.335;0;1:05.734;0;36.714;0;176.6;1:57:49.302;14:57:56.968;0:40.335;1:05.734;0:36.714;259.9;Max MORITZ;;LMGT3;;High Class Racing;Porsche;GF;40.335;65.734;36.714;
54;1;39;2:23.291;0;;40.057;0;1:05.479;0;37.755;0;176.0;2:00:12.593;15:00:20.259;0:40.057;1:05.479;0:37.755;261.1;Max MORITZ;;LMGT3;;High Class Racing;Porsche;SF;40.057;65.479;37.755;
54;1;40;3:08.373;0;;51.968;0;1:24.733;0;51.672;0;133.9;2:03:20.966;15:03:28.632;0:51.968;1:24.733;0:51.672;155.0;Max MORITZ;;LMGT3;;High Class Racing;Porsche;SF;51.968;84.733;51.672;
54;1;41;3:39.454;0;;50.105;0;1:32.778;0;1:16.571;0;114.9;2:07:00.420;15:07:08.086;0:50.105;1:32.778;1:16.571;184.3;Max MORITZ;;LMGT3;;High Class Racing;Porsche;SF;50.105;92.778;76.571;
54;1;42;4:19.117;0;;1:18.828;0;1:38.496;0;1:21.793;0;97.3;2:11:19.537;15:11:27.203;1:18.828;1:38.496;1:21.793;;Max MORITZ;;LMGT3;;High Class Racing;Porsche;SF;78.828;98.496;81.793;
54;1;43;3:49.850;0;;1:30.719;0;1:18.163;0;1:00.968;0;109.7;2:15:09.387;15:15:17.053;1:30.719;1:18.163;1:00.968;;Max MORITZ;;LMGT3;;High Class Racing;Porsche;GF;90.719;78.163;60.968;
54;1;44;2:22.189;0;;40.138;0;1:05.597;0;36.454;0;177.3;2:17:31.576;15:17:39.242;0:40.138;1:05.597;0:36.454;266.9;Max MORITZ;;LMGT3;;High Class Racing;Porsche;GF;40.138;65.597;36.454;
54;1;45;2:27.071;0;B;40.117;0;1:04.659;0;42.295;0;171.4;2:19:58.647;15:20:06.313;0:40.117;1:04.659;0:42.295;259.9;Max MORITZ;;LMGT3;;High Class Racing;Porsche;GF;40.117;64.659;42.295;
54;1;46;2:33.411;0;;52.090;0;1:04.983;0;36.338;0;164.4;2:22:32.058;15:22:39.724;0:52.090;1:04.983;0:36.338;261.7;Max MORITZ;0:00:23.233;LMGT3;;High Class Racing;Porsche;GF;52.090;64.983;36.338;
54;1;47;2:22.546;0;;40.177;0;1:06.444;0;35.925;1;176.9;2:24:54.604;15:25:02.270;0:40.177;1:06.444;0:35.925;263.0;Max MORITZ;;LMGT3;;High Class Racing;Porsche;GF;40.177;66.444;35.925;
54;1;48;2:21.148;0;;40.082;0;1:05.035;0;36.031;0;178.6;2:27:15.752;15:27:23.418;0:40.082;1:05.035;0:36.031;259.9;Max MORITZ;;LMGT3;;High Class Racing;Porsche;GF;40.082;65.035;36.031;
54;1;49;2:26.645;0;;40.001;0;1:09.271;0;37.373;0;171.9;2:29:42.397;15:29:50.063;0:40.001;1:09.271;0:37.373;261.7;Max MORITZ;;LMGT3;;High Class Racing;Porsche;GF;40.001;69.271;37.373;
54;1;50;2:24.095;0;;40.924;0;1:06.558;0;36.613;0;175.0;2:32:06.492;15:32:14.158;0:40.924;1:06.558;0:36.613;258.6;Max MORITZ;;LMGT3;;High Class Racing;Porsche;GF;40.924;66.558;36.613;
54;1;51;2:28.973;0;B;40.383;0;1:06.023;0;42.567;0;169.3;2:34:35.465;15:34:43.131;0:40.383;1:06.023;0:42.567;263.0;Max MORITZ;;LMGT3;;High Class Racing;Porsche;GF;40.383;66.023;42.567;
54;2;52;3:44.331;0;;1:59.610;0;1:07.622;0;37.099;0;112.4;2:38:19.796;15:38:27.462;1:59.610;1:07.622;0:37.099;250.3;Anders FJORDBACH;0:01:28.074;LMGT3;;High Class Racing;Porsche;GF;119.610;67.622;37.099;
54;2;53;2:20.846;0;;40.710;0;1:04.152;0;35.984;0;179.0;2:40:40.642;15:40:48.308;0:40.710;1:04.152;0:35.984;255.6;Anders FJORDBACH;;LMGT3;;High Class Racing;Porsche;GF;40.710;64.152;35.984;
54;2;54;2:20.868;0;;40.156;0;1:04.403;0;36.309;0;179.0;2:43:01.510;15:43:09.176;0:40.156;1:04.403;0:36.309;258.6;Anders FJORDBACH;;LMGT3;;High Class Racing;Porsche;GF;40.156;64.403;36.309;
54;2;55;2:19.649;0;;39.805;0;1:03.919;1;35.925;0;180.6;2:45:21.159;15:45:28.825;0:39.805;1:03.919;0:35.925;261.7;Anders FJORDBACH;;LMGT3;;High Class Racing;Porsche;GF;39.805;63.919;35.925;
54;2;56;2:22.097;0;;39.896;0;1:04.838;0;37.363;0;177.4;2:47:43.256;15:47:50.922;0:39.896;1:04.838;0:37.363;261.7;Anders FJORDBACH;;LMGT3;;High Class Racing;Porsche;GF;39.896;64.838;37.363;
54;2;57;2:21.455;0;;40.426;0;1:04.951;0;36.078;0;178.2;2:50:04.711;15:50:12.377;0:40.426;1:04.951;0:36.078;261.1;Anders FJORDBACH;;LMGT3;;High Class Racing;Porsche;GF;40.426;64.951;36.078;
54;2;58;2:20.111;0;;40.033;0;1:04.139;0;35.939;0;180.0;2:52:24.822;15:52:32.488;0:40.033;1:04.139;0:35.939;260.5;Anders FJORDBACH;;LMGT3;;High Class Racing;Porsche;GF;40.033;64.139;35.939;
54;2;59;2:20.106;0;;39.820;0;1:04.446;0;35.840;1;180.0;2:54:44.928;15:54:52.594;0:39.820;1:04.446;0:35.840;260.5;Anders FJORDBACH;;LMGT3;;High Class Racing;Porsche;GF;39.820;64.446;35.840;
54;2;60;2:20.057;0;;39.837;0;1:04.236;0;35.984;0;180.0;2:57:04.985;15:57:12.651;0:39.837;1:04.236;0:35.984;261.1;Anders FJORDBACH;;LMGT3;;High Class Racing;Porsche;GF;39.837;64.236;35.984;
54;2;61;2:21.068;0;;39.723;1;1:04.583;0;36.762;0;178.7;2:59:26.053;15:59:33.719;0:39.723;1:04.583;0:36.762;261.7;Anders FJORDBACH;;LMGT3;;High Class Racing;Porsche;GF;39.723;64.583;36.762;
54;2;62;2:21.217;0;;40.079;0;1:04.637;0;36.501;0;178.5;3:01:47.270;16:01:54.936;0:40.079;1:04.637;0:36.501;261.7;Anders FJORDBACH;;LMGT3;;High Class Racing;Porsche;GF;40.079;64.637;36.501;
54;2;63;2:22.085;0;;40.466;0;1:05.485;0;36.134;0;177.5;3:04:09.355;16:04:17.021;0:40.466;1:05.485;0:36.134;261.1;Anders FJORDBACH;;LMGT3;;High Class Racing;Porsche;GF;40.466;65.485;36.134;
54;2;64;2:20.999;0;;39.928;0;1:04.524;0;36.547;0;178.8;3:06:30.354;16:06:38.020;0:39.928;1:04.524;0:36.547;260.5;Anders FJORDBACH;;LMGT3;;High Class Racing;Porsche;GF;39.928;64.524;36.547;
54;2;65;2:23.843;0;;41.940;0;1:04.938;0;36.965;0;175.3;3:08:54.197;16:09:01.863;0:41.940;1:04.938;0:36.965;256.8;Anders FJORDBACH;;LMGT3;;High Class Racing;Porsche;GF;41.940;64.938;36.965;
54;2;66;2:22.235;0;;39.618;0;1:05.128;0;37.489;0;177.3;3:11:16.432;16:11:24.098;0:39.618;1:05.128;0:37.489;262.4;Anders FJORDBACH;;LMGT3;;High Class Racing;Porsche;GF;39.618;65.128;37.489;
54;2;67;2:21.319;0;;39.966;0;1:05.052;0;36.301;0;178.4;3:13:37.751;16:13:45.417;0:39.966;1:05.052;0:36.301;261.1;Anders FJORDBACH;;LMGT3;;High Class Racing;Porsche;GF;39.966;65.052;36.301;
54;2;68;2:22.255;0;;40.422;0;1:05.293;0;36.540;0;177.2;3:16:00.006;16:16:07.672;0:40.422;1:05.293;0:36.540;258.6;Anders FJORDBACH;;LMGT3;;High Class Racing;Porsche;GF;40.422;65.293;36.540;
54;2;69;2:22.110;0;;40.320;0;1:05.509;0;36.281;0;177.4;3:18:22.116;16:18:29.782;0:40.320;1:05.509;0:36.281;259.9;Anders FJORDBACH;;LMGT3;;High Class Racing;Porsche;GF;40.320;65.509;36.281;
54;2;70;2:23.027;0;;40.462;0;1:05.891;0;36.674;0;176.3;3:20:45.143;16:20:52.809;0:40.462;1:05.891;0:36.674;261.1;Anders FJORDBACH;;LMGT3;;High Class Racing;Porsche;GF;40.462;65.891;36.674;
54;2;71;2:23.823;0;;40.072;0;1:06.785;0;36.966;0;175.3;3:23:08.966;16:23:16.632;0:40.072;1:06.785;0:36.966;260.5;Anders FJORDBACH;;LMGT3;;High Class Racing;Porsche;GF;40.072;66.785;36.966;
54;2;72;2:23.004;0;;40.255;0;1:06.318;0;36.431;0;176.3;3:25:31.970;16:25:39.636;0:40.255;1:06.318;0:36.431;258.6;Anders FJORDBACH;;LMGT3;;High Class Racing;Porsche;GF;40.255;66.318;36.431;
54;2;73;2:31.405;0;B;41.185;0;1:06.883;0;43.337;0;166.5;3:28:03.375;16:28:11.041;0:41.185;1:06.883;0:43.337;256.8;Anders FJORDBACH;;LMGT3;;High Class Racing;Porsche;GF;41.185;66.883;43.337;
54;3;74;3:36.771;0;;1:53.871;0;1:06.067;0;36.833;0;116.3;3:31:40.146;16:31:47.812;1:53.871;1:06.067;0:36.833;252.6;Klaus BACHLER;0:01:23.498;LMGT3;;High Class Racing;Porsche;GF;113.871;66.067;36.833;
54;3;75;2:19.656;0;;39.898;0;1:03.911;0;35.847;0;180.5;3:33:59.802;16:34:07.468;0:39.898;1:03.911;0:35.847;261.1;Klaus BACHLER;;LMGT3;;High Class Racing;Porsche;GF;39.898;63.911;35.847;
54;3;76;2:19.309;0;;39.775;0;1:03.677;0;35.857;0;181.0;3:36:19.111;16:36:26.777;0:39.775;1:03.677;0:35.857;262.4;Klaus BACHLER;;LMGT3;;High Class Racing;Porsche;GF;39.775;63.677;35.857;
54;3;77;2:19.040;2;;39.832;0;1:03.470;2;35.738;0;181.3;3:38:38.151;16:38:45.817;0:39.832;1:03.470;0:35.738;260.5;Klaus BACHLER;;LMGT3;;High Class Racing;Porsche;GF;39.832;63.470;35.738;
54;3;78;2:19.079;0;;39.771;0;1:03.480;0;35.828;0;181.3;3:40:57.230;16:41:04.896;0:39.771;1:03.480;0:35.828;261.7;Klaus BACHLER;;LMGT3;;High Class Racing;Porsche;GF;39.771;63.480;35.828;
54;3;79;2:20.036;0;;39.649;2;1:03.920;0;36.467;0;180.1;3:43:17.266;16:43:24.932;0:39.649;1:03.920;0:36.467;261.1;Klaus BACHLER;;LMGT3;;High Class Racing;Porsche;GF;39.649;63.920;36.467;
54;3;80;2:20.496;0;;39.785;0;1:04.388;0;36.323;0;179.5;3:45:37.762;16:45:45.428;0:39.785;1:04.388;0:36.323;263.6;Klaus BACHLER;;LMGT3;;High Class Racing;Porsche;GF;39.785;64.388;36.323;
54;3;81;2:20.348;0;;39.752;0;1:04.724;0;35.872;0;179.7;3:47:58.110;16:48:05.776;0:39.752;1:04.724;0:35.872;261.1;Klaus BACHLER;;LMGT3;;High Class Racing;Porsche;GF;39.752;64.724;35.872;
54;3;82;2:21.070;0;;39.847;0;1:05.476;0;35.747;0;178.7;3:50:19.180;16:50:26.846;0:39.847;1:05.476;0:35.747;259.9;Klaus BACHLER;;LMGT3;;High Class Racing;Porsche;GF;39.847;65.476;35.747;
54;3;83;2:19.533;0;;39.859;0;1:03.965;0;35.709;2;180.7;3:52:38.713;16:52:46.379;0:39.859;1:03.965;0:35.709;260.5;Klaus BACHLER;;LMGT3;;High Class Racing;Porsche;GF;39.859;63.965;35.709;
54;3;84;2:20.045;0;;39.719;0;1:04.578;0;35.748;0;180.0;3:54:58.758;16:55:06.424;0:39.719;1:04.578;0:35.748;263.0;Klaus BACHLER;;LMGT3;;High Class Racing;Porsche;GF;39.719;64.578;35.748;
54;3;85;2:19.597;0;;39.765;0;1:03.951;0;35.881;0;180.6;3:57:18.355;16:57:26.021;0:39.765;1:03.951;0:35.881;263.0;Klaus BACHLER;;LMGT3;;High Class Racing;Porsche;GF;39.765;63.951;35.881;
54;3;86;2:20.226;0;;39.771;0;1:04.345;0;36.110;0;179.8;3:59:38.581;16:59:46.247;0:39.771;1:04.345;0:36.110;263.6;Klaus BACHLER;;LMGT3;;High Class Racing;Porsche;GF;39.771;64.345;36.110;
54;3;87;2:20.120;0;;39.851;0;1:04.419;0;35.850;0;179.9;4:01:58.701;17:02:06.367;0:39.851;1:04.419;0:35.850;263.0;Klaus BACHLER;;LMGT3;;High Class Racing;Porsche;FF;39.851;64.419;35.850;
55;1;1;3:11.157;0;;58.225;0;1:14.776;0;58.156;0;129.6;3:11.157;13:03:18.823;0:58.225;1:14.776;0:58.156;227.2;Duncan CAMERON;;LMGT3;;Spirit of Race;Ferrari;SF;58.225;74.776;58.156;
55;1;2;4:19.103;0;;1:39.493;0;1:45.496;0;54.114;0;97.3;7:30.260;13:07:37.926;1:39.493;1:45.496;0:54.114;;Duncan CAMERON;;LMGT3;;Spirit of Race;Ferrari;SF;99.493;105.496;54.114;
55;1;3;4:22.193;0;;1:50.207;0;1:39.016;0;52.970;0;96.2;11:52.453;13:12:00.119;1:50.207;1:39.016;0:52.970;;Duncan CAMERON;;LMGT3;;Spirit of Race;Ferrari;SF;110.207;99.016;52.970;
55;1;4;2:46.747;0;;54.979;0;1:09.281;0;42.487;0;151.2;14:39.200;13:14:46.866;0:54.979;1:09.281;0:42.487;;Duncan CAMERON;;LMGT3;;Spirit of Race;Ferrari;GF;54.979;69.281;42.487;
55;1;5;2:22.667;0;;40.477;0;1:05.772;0;36.418;0;176.7;17:01.867;13:17:09.533;0:40.477;1:05.772;0:36.418;259.2;Duncan CAMERON;;LMGT3;;Spirit of Race;Ferrari;GF;40.477;65.772;36.418;
55;1;6;2:21.585;0;;40.271;0;1:04.740;1;36.574;0;178.1;19:23.452;13:19:31.118;0:40.271;1:04.740;0:36.574;259.2;Duncan CAMERON;;LMGT3;;Spirit of Race;Ferrari;GF;40.271;64.740;36.574;
55;1;7;2:21.464;0;;40.008;0;1:04.916;0;36.540;0;178.2;21:44.916;13:21:52.582;0:40.008;1:04.916;0:36.540;260.5;Duncan CAMERON;;LMGT3;;Spirit of Race;Ferrari;GF;40.008;64.916;36.540;
55;1;8;2:21.476;0;;40.327;0;1:04.972;0;36.177;0;178.2;24:06.392;13:24:14.058;0:40.327;1:04.972;0:36.177;258.6;Duncan CAMERON;;LMGT3;;Spirit of Race;Ferrari;GF;40.327;64.972;36.177;
55;1;9;2:21.428;0;;40.024;0;1:05.243;0;36.161;0;178.3;26:27.820;13:26:35.486;0:40.024;1:05.243;0:36.161;259.9;Duncan CAMERON;;LMGT3;;Spirit of Race;Ferrari;GF;40.024;65.243;36.161;
55;1;10;2:22.305;0;;40.010;0;1:05.359;0;36.936;0;177.2;28:50.125;13:28:57.791;0:40.010;1:05.359;0:36.936;259.9;Duncan CAMERON;;LMGT3;;Spirit of Race;Ferrari;GF;40.010;65.359;36.936;
55;1;11;2:24.806;0;;40.642;0;1:06.567;0;37.597;0;174.1;31:14.931;13:31:22.597;0:40.642;1:06.567;0:37.597;258.0;Duncan CAMERON;;LMGT3;;Spirit of Race;Ferrari;GF;40.642;66.567;37.597;
55;1;12;2:26.397;0;;43.360;0;1:06.504;0;36.533;0;172.2;33:41.328;13:33:48.994;0:43.360;1:06.504;0:36.533;249.7;Duncan CAMERON;;LMGT3;;Spirit of Race;Ferrari;GF;43.360;66.504;36.533;
55;1;13;2:22.169;0;;40.088;0;1:05.694;0;36.387;0;177.4;36:03.497;13:36:11.163;0:40.088;1:05.694;0:36.387;261.7;Duncan CAMERON;;LMGT3;;Spirit of Race;Ferrari;GF;40.088;65.694;36.387;
55;1;14;2:24.708;0;;40.383;0;1:06.205;0;38.120;0;174.2;38:28.205;13:38:35.871;0:40.383;1:06.205;0:38.120;259.9;Duncan CAMERON;;LMGT3;;Spirit of Race;Ferrari;GF;40.383;66.205;38.120;
55;1;15;3:01.830;0;B;39.973;1;1:06.237;0;1:15.620;0;138.7;41:30.035;13:41:37.701;0:39.973;1:06.237;1:15.620;261.1;Duncan CAMERON;;LMGT3;;Spirit of Race;Ferrari;GF;39.973;66.237;75.620;
55;1;16;6:06.051;0;;2:30.709;0;2:09.454;0;1:25.888;0;68.9;47:36.086;13:47:43.752;2:30.709;2:09.454;1:25.888;;Duncan CAMERON;0:01:10.167;LMGT3;;Spirit of Race;Ferrari;GF;150.709;129.454;85.888;
55;1;17;4:50.420;0;;1:42.368;0;2:09.521;0;58.531;0;86.8;52:26.506;13:52:34.172;1:42.368;2:09.521;0:58.531;;Duncan CAMERON;;LMGT3;;Spirit of Race;Ferrari;SF;102.368;129.521;58.531;
55;1;18;2:43.593;0;;50.840;0;1:11.974;0;40.779;0;154.1;55:10.099;13:55:17.765;0:50.840;1:11.974;0:40.779;202.9;Duncan CAMERON;;LMGT3;;Spirit of Race;Ferrari;SF;50.840;71.974;40.779;
55;1;19;4:12.686;0;;54.907;0;1:40.818;0;1:36.961;0;99.8;59:22.785;13:59:30.451;0:54.907;1:40.818;1:36.961;;Duncan CAMERON;;LMGT3;;Spirit of Race;Ferrari;SF;54.907;100.818;96.961;
55;1;20;4:15.723;0;;1:23.379;0;1:37.462;0;1:14.882;0;98.6;1:03:38.508;14:03:46.174;1:23.379;1:37.462;1:14.882;187.2;Duncan CAMERON;;LMGT3;;Spirit of Race;Ferrari;SF;83.379;97.462;74.882;
55;1;21;2:43.134;0;;48.232;0;1:08.331;0;46.571;0;154.6;1:06:21.642;14:06:29.308;0:48.232;1:08.331;0:46.571;212.5;Duncan CAMERON;;LMGT3;;Spirit of Race;Ferrari;GF;48.232;68.331;46.571;
55;1;22;2:33.048;0;;39.977;0;1:07.263;0;45.808;0;164.7;1:08:54.690;14:09:02.356;0:39.977;1:07.263;0:45.808;263.0;Duncan CAMERON;;LMGT3;;Spirit of Race;Ferrari;SF;39.977;67.263;45.808;
55;1;23;4:19.320;0;;1:14.225;0;1:53.592;0;1:11.503;0;97.2;1:13:14.010;14:13:21.676;1:14.225;1:53.592;1:11.503;124.4;Duncan CAMERON;;LMGT3;;Spirit of Race;Ferrari;SF;74.225;113.592;71.503;
55;1;24;2:39.616;0;;46.168;0;1:08.181;0;45.267;0;158.0;1:15:53.626;14:16:01.292;0:46.168;1:08.181;0:45.267;198.8;Duncan CAMERON;;LMGT3;;Spirit of Race;Ferrari;GF;46.168;68.181;45.267;
55;1;25;2:22.135;0;;40.117;0;1:05.642;0;36.376;0;177.4;1:18:15.761;14:18:23.427;0:40.117;1:05.642;0:36.376;262.4;Duncan CAMERON;;LMGT3;;Spirit of Race;Ferrari;GF;40.117;65.642;36.376;
55;1;26;3:42.946;0;;44.928;0;1:28.501;0;1:29.517;0;113.1;1:21:58.707;14:22:06.373;0:44.928;1:28.501;1:29.517;236.6;Duncan CAMERON;;LMGT3;;Spirit of Race;Ferrari;SF;44.928;88.501;89.517;
55;1;27;3:33.546;0;;1:24.868;0;1:26.066;0;42.612;0;118.1;1:25:32.253;14:25:39.919;1:24.868;1:26.066;0:42.612;;Duncan CAMERON;;LMGT3;;Spirit of Race;Ferrari;SF;84.868;86.066;42.612;
55;1;28;2:51.257;0;;45.915;0;1:19.292;0;46.050;0;147.2;1:28:23.510;14:28:31.176;0:45.915;1:19.292;0:46.050;197.7;Duncan CAMERON;;LMGT3;;Spirit of Race;Ferrari;GF;45.915;79.292;46.050;
55;1;29;2:32.692;0;;40.383;0;1:08.129;0;44.180;0;165.1;1:30:56.202;14:31:03.868;0:40.383;1:08.129;0:44.180;259.9;Duncan CAMERON;;LMGT3;;Spirit of Race;Ferrari;SF;40.383;68.129;44.180;
55;1;30;4:02.522;0;;1:17.681;0;1:44.813;0;1:00.028;0;104.0;1:34:58.724;14:35:06.390;1:17.681;1:44.813;1:00.028;;Duncan CAMERON;;LMGT3;;Spirit of Race;Ferrari;SF;77.681;104.813;60.028;
55;1;31;4:02.145;0;;1:14.357;0;1:36.773;0;1:11.015;0;104.1;1:39:00.869;14:39:08.535;1:14.357;1:36.773;1:11.015;;Duncan CAMERON;;LMGT3;;Spirit of Race;Ferrari;SF;74.357;96.773;71.015;
55;1;32;3:53.699;0;;1:37.886;0;1:23.996;0;51.817;0;107.9;1:42:54.568;14:43:02.234;1:37.886;1:23.996;0:51.817;130.2;Duncan CAMERON;;LMGT3;;Spirit of Race;Ferrari;SF;97.886;83.996;51.817;
55;1;33;2:54.412;0;;46.181;0;1:23.014;0;45.217;0;144.6;1:45:48.980;14:45:56.646;0:46.181;1:23.014;0:45.217;215.4;Duncan CAMERON;;LMGT3;;Spirit of Race;Ferrari;GF;46.181;83.014;45.217;
55;1;34;2:22.503;0;;40.583;0;1:05.598;0;36.322;0;176.9;1:48:11.483;14:48:19.149;0:40.583;1:05.598;0:36.322;259.2;Duncan CAMERON;;LMGT3;;Spirit of Race;Ferrari;GF;40.583;65.598;36.322;
55;1;35;2:21.217;0;;40.088;0;1:05.066;0;36.063;0;178.5;1:50:32.700;14:50:40.366;0:40.088;1:05.066;0:36.063;261.7;Duncan CAMERON;;LMGT3;;Spirit of Race;Ferrari;GF;40.088;65.066;36.063;
55;1;36;2:21.193;0;;39.993;0;1:05.145;0;36.055;1;178.6;1:52:53.893;14:53:01.559;0:39.993;1:05.145;0:36.055;263.0;Duncan CAMERON;;LMGT3;;Spirit of Race;Ferrari;GF;39.993;65.145;36.055;
55;1;37;2:22.115;0;;40.044;0;1:05.334;0;36.737;0;177.4;1:55:16.008;14:55:23.674;0:40.044;1:05.334;0:36.737;261.1;Duncan CAMERON;;LMGT3;;Spirit of Race;Ferrari;GF;40.044;65.334;36.737;
55;1;38;2:24.083;0;;41.166;0;1:06.004;0;36.913;0;175.0;1:57:40.091;14:57:47.757;0:41.166;1:06.004;0:36.913;256.8;Duncan CAMERON;;LMGT3;;Spirit of Race;Ferrari;GF;41.166;66.004;36.913;
55;1;39;2:29.046;0;;40.775;0;1:06.964;0;41.307;0;169.2;2:00:09.137;15:00:16.803;0:40.775;1:06.964;0:41.307;259.2;Duncan CAMERON;;LMGT3;;Spirit of Race;Ferrari;SF;40.775;66.964;41.307;
55;1;40;3:11.141;0;;54.926;0;1:24.549;0;51.666;0;131.9;2:03:20.278;15:03:27.944;0:54.926;1:24.549;0:51.666;157.5;Duncan CAMERON;;LMGT3;;Spirit of Race;Ferrari;SF;54.926;84.549;51.666;
55;1;41;3:39.431;0;;50.331;0;1:32.583;0;1:16.517;0;114.9;2:06:59.709;15:07:07.375;0:50.331;1:32.583;1:16.517;184.3;Duncan CAMERON;;LMGT3;;Spirit of Race;Ferrari;SF;50.331;92.583;76.517;
55;1;42;4:19.374;0;;1:18.550;0;1:38.938;0;1:21.886;0;97.2;2:11:19.083;15:11:26.749;1:18.550;1:38.938;1:21.886;;Duncan CAMERON;;LMGT3;;Spirit of Race;Ferrari;SF;78.550;98.938;81.886;
55;1;43;3:49.747;0;;1:30.286;0;1:18.593;0;1:00.868;0;109.7;2:15:08.830;15:15:16.496;1:30.286;1:18.593;1:00.868;;Duncan CAMERON;;LMGT3;;Spirit of Race;Ferrari;GF;90.286;78.593;60.868;
55;1;44;2:29.806;0;B;40.661;0;1:06.586;0;42.559;0;168.3;2:17:38.636;15:17:46.302;0:40.661;1:06.586;0:42.559;260.5;Duncan CAMERON;;LMGT3;;Spirit of Race;Ferrari;GF;40.661;66.586;42.559;
55;3;45;3:38.425;0;;1:52.016;0;1:08.363;0;38.046;0;115.4;2:21:17.061;15:21:24.727;1:52.016;1:08.363;0:38.046;249.1;Matthew GRIFFIN;0:01:20.418;LMGT3;;Spirit of Race;Ferrari;GF;112.016;68.363;38.046;
55;3;46;2:25.441;0;;41.629;0;1:07.373;0;36.439;0;173.4;2:23:42.502;15:23:50.168;0:41.629;1:07.373;0:36.439;254.4;Matthew GRIFFIN;;LMGT3;;Spirit of Race;Ferrari;GF;41.629;67.373;36.439;
55;3;47;2:20.133;0;;40.112;0;1:03.901;0;36.120;0;179.9;2:26:02.635;15:26:10.301;0:40.112;1:03.901;0:36.120;261.7;Matthew GRIFFIN;;LMGT3;;Spirit of Race;Ferrari;GF;40.112;63.901;36.120;
55;3;48;2:20.077;0;;40.362;0;1:03.864;1;35.851;1;180.0;2:28:22.712;15:28:30.378;0:40.362;1:03.864;0:35.851;260.5;Matthew GRIFFIN;;LMGT3;;Spirit of Race;Ferrari;GF;40.362;63.864;35.851;
55;3;49;2:21.524;0;;40.019;0;1:04.947;0;36.558;0;178.2;2:30:44.236;15:30:51.902;0:40.019;1:04.947;0:36.558;261.1;Matthew GRIFFIN;;LMGT3;;Spirit of Race;Ferrari;GF;40.019;64.947;36.558;
55;3;50;2:20.360;0;;39.953;0;1:04.405;0;36.002;0;179.6;2:33:04.596;15:33:12.262;0:39.953;1:04.405;0:36.002;258.6;Matthew GRIFFIN;;LMGT3;;Spirit of Race;Ferrari;GF;39.953;64.405;36.002;
55;3;51;2:20.092;0;;40.019;0;1:04.046;0;36.027;0;180.0;2:35:24.688;15:35:32.354;0:40.019;1:04.046;0:36.027;258.6;Matthew GRIFFIN;;LMGT3;;Spirit of Race;Ferrari;GF;40.019;64.046;36.027;
55;3;52;2:20.867;0;;40.018;0;1:04.573;0;36.276;0;179.0;2:37:45.555;15:37:53.221;0:40.018;1:04.573;0:36.276;258.6;Matthew GRIFFIN;;LMGT3;;Spirit of Race;Ferrari;GF;40.018;64.573;36.276;
55;3;53;2:20.953;0;;40.388;0;1:04.552;0;36.013;0;178.9;2:40:06.508;15:40:14.174;0:40.388;1:04.552;0:36.013;261.7;Matthew GRIFFIN;;LMGT3;;Spirit of Race;Ferrari;GF;40.388;64.552;36.013;
55;3;54;2:20.864;0;;40.085;0;1:04.812;0;35.967;0;179.0;2:42:27.372;15:42:35.038;0:40.085;1:04.812;0:35.967;259.2;Matthew GRIFFIN;;LMGT3;;Spirit of Race;Ferrari;GF;40.085;64.812;35.967;
55;3;55;2:20.839;0;;40.004;0;1:04.738;0;36.097;0;179.0;2:44:48.211;15:44:55.877;0:40.004;1:04.738;0:36.097;255.6;Matthew GRIFFIN;;LMGT3;;Spirit of Race;Ferrari;GF;40.004;64.738;36.097;
55;3;56;2:22.528;0;;40.064;0;1:06.554;0;35.910;0;176.9;2:47:10.739;15:47:18.405;0:40.064;1:06.554;0:35.910;255.0;Matthew GRIFFIN;;LMGT3;;Spirit of Race;Ferrari;GF;40.064;66.554;35.910;
55;3;57;2:21.496;0;;39.968;0;1:05.238;0;36.290;0;178.2;2:49:32.235;15:49:39.901;0:39.968;1:05.238;0:36.290;259.9;Matthew GRIFFIN;;LMGT3;;Spirit of Race;Ferrari;GF;39.968;65.238;36.290;
55;3;58;2:21.930;0;;40.168;0;1:05.316;0;36.446;0;177.7;2:51:54.165;15:52:01.831;0:40.168;1:05.316;0:36.446;259.2;Matthew GRIFFIN;;LMGT3;;Spirit of Race;Ferrari;GF;40.168;65.316;36.446;
55;3;59;2:24.672;0;;42.675;0;1:05.977;0;36.020;0;174.3;2:54:18.837;15:54:26.503;0:42.675;1:05.977;0:36.020;253.8;Matthew GRIFFIN;;LMGT3;;Spirit of Race;Ferrari;GF;42.675;65.977;36.020;
55;3;60;2:21.117;0;;39.992;0;1:05.071;0;36.054;0;178.7;2:56:39.954;15:56:47.620;0:39.992;1:05.071;0:36.054;261.1;Matthew GRIFFIN;;LMGT3;;Spirit of Race;Ferrari;GF;39.992;65.071;36.054;
55;3;61;2:22.144;0;;40.347;0;1:05.250;0;36.547;0;177.4;2:59:02.098;15:59:09.764;0:40.347;1:05.250;0:36.547;259.2;Matthew GRIFFIN;;LMGT3;;Spirit of Race;Ferrari;GF;40.347;65.250;36.547;
55;3;62;2:21.095;0;;39.875;2;1:05.199;0;36.021;0;178.7;3:01:23.193;16:01:30.859;0:39.875;1:05.199;0:36.021;261.1;Matthew GRIFFIN;;LMGT3;;Spirit of Race;Ferrari;GF;39.875;65.199;36.021;
55;3;63;2:21.679;0;;40.042;0;1:05.418;0;36.219;0;178.0;3:03:44.872;16:03:52.538;0:40.042;1:05.418;0:36.219;259.2;Matthew GRIFFIN;;LMGT3;;Spirit of Race;Ferrari;GF;40.042;65.418;36.219;
55;3;64;2:22.456;0;;39.938;0;1:05.809;0;36.709;0;177.0;3:06:07.328;16:06:14.994;0:39.938;1:05.809;0:36.709;250.8;Matthew GRIFFIN;;LMGT3;;Spirit of Race;Ferrari;GF;39.938;65.809;36.709;
55;3;65;2:23.452;0;;40.534;0;1:06.489;0;36.429;0;175.8;3:08:30.780;16:08:38.446;0:40.534;1:06.489;0:36.429;260.5;Matthew GRIFFIN;;LMGT3;;Spirit of Race;Ferrari;GF;40.534;66.489;36.429;
55;3;66;2:29.500;0;B;40.119;0;1:06.150;0;43.231;0;168.7;3:11:00.280;16:11:07.946;0:40.119;1:06.150;0:43.231;260.5;Matthew GRIFFIN;;LMGT3;;Spirit of Race;Ferrari;GF;40.119;66.150;43.231;
55;2;67;3:32.434;0;;1:49.794;0;1:05.833;0;36.807;0;118.7;3:14:32.714;16:14:40.380;1:49.794;1:05.833;0:36.807;255.0;David PEREL;0:01:19.402;LMGT3;;Spirit of Race;Ferrari;GF;109.794;65.833;36.807;
55;2;68;2:21.682;0;;40.309;0;1:05.005;0;36.368;0;178.0;3:16:54.396;16:17:02.062;0:40.309;1:05.005;0:36.368;263.0;David PEREL;;LMGT3;;Spirit of Race;Ferrari;GF;40.309;65.005;36.368;
55;2;69;2:20.193;0;;40.370;0;1:04.013;0;35.810;2;179.9;3:19:14.589;16:19:22.255;0:40.370;1:04.013;0:35.810;262.4;David PEREL;;LMGT3;;Spirit of Race;Ferrari;GF;40.370;64.013;35.810;
55;2;70;2:19.495;2;;39.955;1;1:03.728;2;35.812;0;180.8;3:21:34.084;16:21:41.750;0:39.955;1:03.728;0:35.812;261.1;David PEREL;;LMGT3;;Spirit of Race;Ferrari;GF;39.955;63.728;35.812;
55;2;71;2:20.288;0;;40.087;0;1:04.222;0;35.979;0;179.7;3:23:54.372;16:24:02.038;0:40.087;1:04.222;0:35.979;250.8;David PEREL;;LMGT3;;Spirit of Race;Ferrari;GF;40.087;64.222;35.979;
55;2;72;2:20.513;0;;39.990;0;1:04.522;0;36.001;0;179.4;3:26:14.885;16:26:22.551;0:39.990;1:04.522;0:36.001;250.3;David PEREL;;LMGT3;;Spirit of Race;Ferrari;GF;39.990;64.522;36.001;
55;2;73;2:20.717;0;;40.145;0;1:04.555;0;36.017;0;179.2;3:28:35.602;16:28:43.268;0:40.145;1:04.555;0:36.017;252.6;David PEREL;;LMGT3;;Spirit of Race;Ferrari;GF;40.145;64.555;36.017;
55;2;74;2:21.093;0;;40.019;0;1:04.911;0;36.163;0;178.7;3:30:56.695;16:31:04.361;0:40.019;1:04.911;0:36.163;255.6;David PEREL;;LMGT3;;Spirit of Race;Ferrari;GF;40.019;64.911;36.163;
55;2;75;2:21.091;0;;40.169;0;1:04.807;0;36.115;0;178.7;3:33:17.786;16:33:25.452;0:40.169;1:04.807;0:36.115;249.7;David PEREL;;LMGT3;;Spirit of Race;Ferrari;GF;40.169;64.807;36.115;
55;2;76;2:21.025;0;;40.156;0;1:04.784;0;36.085;0;178.8;3:35:38.811;16:35:46.477;0:40.156;1:04.784;0:36.085;251.4;David PEREL;;LMGT3;;Spirit of Race;Ferrari;GF;40.156;64.784;36.085;
55;2;77;2:22.046;0;;40.136;0;1:05.851;0;36.059;0;177.5;3:38:00.857;16:38:08.523;0:40.136;1:05.851;0:36.059;252.6;David PEREL;;LMGT3;;Spirit of Race;Ferrari;GF;40.136;65.851;36.059;
55;2;78;2:21.358;0;;40.182;0;1:04.899;0;36.277;0;178.4;3:40:22.215;16:40:29.881;0:40.182;1:04.899;0:36.277;247.4;David PEREL;;LMGT3;;Spirit of Race;Ferrari;GF;40.182;64.899;36.277;
55;2;79;2:21.905;0;;40.314;0;1:05.393;0;36.198;0;177.7;3:42:44.120;16:42:51.786;0:40.314;1:05.393;0:36.198;257.4;David PEREL;;LMGT3;;Spirit of Race;Ferrari;GF;40.314;65.393;36.198;
55;2;80;2:21.586;0;;40.441;0;1:05.087;0;36.058;0;178.1;3:45:05.706;16:45:13.372;0:40.441;1:05.087;0:36.058;249.1;David PEREL;;LMGT3;;Spirit of Race;Ferrari;GF;40.441;65.087;36.058;
55;2;81;2:21.479;0;;40.184;0;1:05.143;0;36.152;0;178.2;3:47:27.185;16:47:34.851;0:40.184;1:05.143;0:36.152;260.5;David PEREL;;LMGT3;;Spirit of Race;Ferrari;GF;40.184;65.143;36.152;
55;2;82;2:21.749;0;;40.066;0;1:05.519;0;36.164;0;177.9;3:49:48.934;16:49:56.600;0:40.066;1:05.519;0:36.164;259.9;David PEREL;;LMGT3;;Spirit of Race;Ferrari;GF;40.066;65.519;36.164;
55;2;83;2:22.224;0;;40.926;0;1:05.088;0;36.210;0;177.3;3:52:11.158;16:52:18.824;0:40.926;1:05.088;0:36.210;255.6;David PEREL;;LMGT3;;Spirit of Race;Ferrari;GF;40.926;65.088;36.210;
55;2;84;2:21.857;0;;40.022;0;1:05.213;0;36.622;0;177.7;3:54:33.015;16:54:40.681;0:40.022;1:05.213;0:36.622;259.9;David PEREL;;LMGT3;;Spirit of Race;Ferrari;GF;40.022;65.213;36.622;
55;2;85;2:22.453;0;;39.808;0;1:05.802;0;36.843;0;177.0;3:56:55.468;16:57:03.134;0:39.808;1:05.802;0:36.843;264.3;David PEREL;;LMGT3;;Spirit of Race;Ferrari;GF;39.808;65.802;36.843;
55;2;86;2:22.508;0;;40.125;0;1:06.101;0;36.282;0;176.9;3:59:17.976;16:59:25.642;0:40.125;1:06.101;0:36.282;261.7;David PEREL;;LMGT3;;Spirit of Race;Ferrari;GF;40.125;66.101;36.282;
55;2;87;2:21.718;0;;40.254;0;1:05.304;0;36.160;0;177.9;4:01:39.694;17:01:47.360;0:40.254;1:05.304;0:36.160;261.7;David PEREL;;LMGT3;;Spirit of Race;Ferrari;FF;40.254;65.304;36.160;
57;1;1;3:08.987;0;;56.454;0;1:15.128;0;57.405;0;131.1;3:08.987;13:03:16.653;0:56.454;1:15.128;0:57.405;215.4;Takeshi KIMURA;;LMGT3;;Kessel Racing;Ferrari;SF;56.454;75.128;57.405;
57;1;2;4:19.065;0;;1:38.209;0;1:45.778;0;55.078;0;97.3;7:28.052;13:07:35.718;1:38.209;1:45.778;0:55.078;;Takeshi KIMURA;;LMGT3;;Kessel Racing;Ferrari;SF;98.209;105.778;55.078;
57;1;3;4:22.950;0;;1:47.847;0;1:39.407;0;55.696;0;95.9;11:51.002;13:11:58.668;1:47.847;1:39.407;0:55.696;;Takeshi KIMURA;;LMGT3;;Kessel Racing;Ferrari;SF;107.847;99.407;55.696;
57;1;4;2:46.780;0;;54.546;0;1:10.097;0;42.137;0;151.2;14:37.782;13:14:45.448;0:54.546;1:10.097;0:42.137;;Takeshi KIMURA;;LMGT3;;Kessel Racing;Ferrari;GF;54.546;70.097;42.137;
57;1;5;2:22.255;0;;40.500;0;1:04.949;0;36.806;0;177.2;17:00.037;13:17:07.703;0:40.500;1:04.949;0:36.806;258.0;Takeshi KIMURA;;LMGT3;;Kessel Racing;Ferrari;GF;40.500;64.949;36.806;
57;1;6;2:21.325;0;;40.100;2;1:04.702;1;36.523;0;178.4;19:21.362;13:19:29.028;0:40.100;1:04.702;0:36.523;259.9;Takeshi KIMURA;;LMGT3;;Kessel Racing;Ferrari;GF;40.100;64.702;36.523;
57;1;7;2:21.910;0;;40.250;0;1:05.296;0;36.364;0;177.7;21:43.272;13:21:50.938;0:40.250;1:05.296;0:36.364;256.8;Takeshi KIMURA;;LMGT3;;Kessel Racing;Ferrari;GF;40.250;65.296;36.364;
57;1;8;2:21.475;0;;40.242;0;1:04.932;0;36.301;1;178.2;24:04.747;13:24:12.413;0:40.242;1:04.932;0:36.301;258.0;Takeshi KIMURA;;LMGT3;;Kessel Racing;Ferrari;GF;40.242;64.932;36.301;
57;1;9;2:21.658;0;;40.200;0;1:04.919;0;36.539;0;178.0;26:26.405;13:26:34.071;0:40.200;1:04.919;0:36.539;257.4;Takeshi KIMURA;;LMGT3;;Kessel Racing;Ferrari;GF;40.200;64.919;36.539;
57;1;10;2:21.596;0;;40.152;0;1:05.074;0;36.370;0;178.1;28:48.001;13:28:55.667;0:40.152;1:05.074;0:36.370;259.2;Takeshi KIMURA;;LMGT3;;Kessel Racing;Ferrari;GF;40.152;65.074;36.370;
57;1;11;2:24.065;0;;41.095;0;1:06.436;0;36.534;0;175.0;31:12.066;13:31:19.732;0:41.095;1:06.436;0:36.534;254.4;Takeshi KIMURA;;LMGT3;;Kessel Racing;Ferrari;GF;41.095;66.436;36.534;
57;1;12;2:23.383;0;;40.224;0;1:06.084;0;37.075;0;175.9;33:35.449;13:33:43.115;0:40.224;1:06.084;0:37.075;259.9;Takeshi KIMURA;;LMGT3;;Kessel Racing;Ferrari;GF;40.224;66.084;37.075;
57;1;13;2:23.589;0;;40.438;0;1:05.591;0;37.560;0;175.6;35:59.038;13:36:06.704;0:40.438;1:05.591;0:37.560;263.0;Takeshi KIMURA;;LMGT3;;Kessel Racing;Ferrari;GF;40.438;65.591;37.560;
57;1;14;2:24.755;0;;40.438;0;1:07.451;0;36.866;0;174.2;38:23.793;13:38:31.459;0:40.438;1:07.451;0:36.866;258.6;Takeshi KIMURA;;LMGT3;;Kessel Racing;Ferrari;GF;40.438;67.451;36.866;
57;1;15;2:50.279;0;;40.321;0;1:06.521;0;1:03.437;0;148.1;41:14.072;13:41:21.738;0:40.321;1:06.521;1:03.437;259.9;Takeshi KIMURA;;LMGT3;;Kessel Racing;Ferrari;GF;40.321;66.521;63.437;
57;1;16;5:19.761;0;B;1:41.729;0;2:07.844;0;1:30.188;0;78.9;46:33.833;13:46:41.499;1:41.729;2:07.844;1:30.188;;Takeshi KIMURA;;LMGT3;;Kessel Racing;Ferrari;GF;101.729;127.844;90.188;
57;1;17;5:51.555;0;;2:32.244;0;2:09.836;0;1:09.475;0;71.7;52:25.388;13:52:33.054;2:32.244;2:09.836;1:09.475;;Takeshi KIMURA;0:01:10.301;LMGT3;;Kessel Racing;Ferrari;SF;152.244;129.836;69.475;
57;1;18;2:43.786;0;;50.926;0;1:11.720;0;41.140;0;153.9;55:09.174;13:55:16.840;0:50.926;1:11.720;0:41.140;170.1;Takeshi KIMURA;;LMGT3;;Kessel Racing;Ferrari;SF;50.926;71.720;41.140;
57;1;19;4:12.759;0;;54.769;0;1:41.318;0;1:36.672;0;99.8;59:21.933;13:59:29.599;0:54.769;1:41.318;1:36.672;;Takeshi KIMURA;;LMGT3;;Kessel Racing;Ferrari;SF;54.769;101.318;96.672;
57;1;20;4:15.673;0;;1:22.845;0;1:37.743;0;1:15.085;0;98.6;1:03:37.606;14:03:45.272;1:22.845;1:37.743;1:15.085;123.8;Takeshi KIMURA;;LMGT3;;Kessel Racing;Ferrari;SF;82.845;97.743;75.085;
57;1;21;2:43.494;0;;48.693;0;1:08.151;0;46.650;0;154.2;1:06:21.100;14:06:28.766;0:48.693;1:08.151;0:46.650;221.1;Takeshi KIMURA;;LMGT3;;Kessel Racing;Ferrari;GF;48.693;68.151;46.650;
57;1;22;2:34.686;0;;40.509;0;1:08.549;0;45.628;0;163.0;1:08:55.786;14:09:03.452;0:40.509;1:08.549;0:45.628;257.4;Takeshi KIMURA;;LMGT3;;Kessel Racing;Ferrari;SF;40.509;68.549;45.628;
57;1;23;4:19.738;0;;1:14.155;0;1:53.663;0;1:11.920;0;97.1;1:13:15.524;14:13:23.190;1:14.155;1:53.663;1:11.920;129.9;Takeshi KIMURA;;LMGT3;;Kessel Racing;Ferrari;SF;74.155;113.663;71.920;
57;1;24;2:38.566;0;;45.748;0;1:07.978;0;44.840;0;159.0;1:15:54.090;14:16:01.756;0:45.748;1:07.978;0:44.840;226.2;Takeshi KIMURA;;LMGT3;;Kessel Racing;Ferrari;GF;45.748;67.978;44.840;
57;1;25;6:41.304;0;;39.804;0;5:18.576;0;42.924;0;62.8;1:22:35.394;14:22:43.060;0:39.804;5:18.576;0:42.924;263.6;Takeshi KIMURA;;LMGT3;;Kessel Racing;Ferrari;SF;39.804;318.576;42.924;
57;1;26;3:16.891;0;;1:08.021;0;1:25.248;0;43.622;0;128.1;1:25:52.285;14:25:59.951;1:08.021;1:25.248;0:43.622;122.3;Takeshi KIMURA;;LMGT3;;Kessel Racing;Ferrari;SF;68.021;85.248;43.622;
57;1;27;2:40.068;0;;46.094;0;1:10.481;0;43.493;0;157.5;1:28:32.353;14:28:40.019;0:46.094;1:10.481;0:43.493;243.5;Takeshi KIMURA;;LMGT3;;Kessel Racing;Ferrari;GF;46.094;70.481;43.493;
57;1;28;2:38.960;0;;40.518;0;1:11.377;0;47.065;0;158.6;1:31:11.313;14:31:18.979;0:40.518;1:11.377;0:47.065;259.2;Takeshi KIMURA;;LMGT3;;Kessel Racing;Ferrari;SF;40.518;71.377;47.065;
57;1;29;3:59.492;0;;1:16.645;0;1:42.867;0;59.980;0;105.3;1:35:10.805;14:35:18.471;1:16.645;1:42.867;0:59.980;;Takeshi KIMURA;;LMGT3;;Kessel Racing;Ferrari;SF;76.645;102.867;59.980;
57;1;30;4:03.309;0;;1:17.107;0;1:34.969;0;1:11.233;0;103.6;1:39:14.114;14:39:21.780;1:17.107;1:34.969;1:11.233;160.8;Takeshi KIMURA;;LMGT3;;Kessel Racing;Ferrari;SF;77.107;94.969;71.233;
57;1;31;3:53.231;0;;1:41.618;0;1:18.899;0;52.714;0;108.1;1:43:07.345;14:43:15.011;1:41.618;1:18.899;0:52.714;;Takeshi KIMURA;;LMGT3;;Kessel Racing;Ferrari;SF;101.618;78.899;52.714;
57;1;32;2:49.784;0;;46.261;0;1:21.203;0;42.320;0;148.5;1:45:57.129;14:46:04.795;0:46.261;1:21.203;0:42.320;189.8;Takeshi KIMURA;;LMGT3;;Kessel Racing;Ferrari;GF;46.261;81.203;42.320;
57;1;33;2:27.234;0;;40.507;0;1:08.766;0;37.961;0;171.3;1:48:24.363;14:48:32.029;0:40.507;1:08.766;0:37.961;258.0;Takeshi KIMURA;;LMGT3;;Kessel Racing;Ferrari;GF;40.507;68.766;37.961;
57;1;34;2:36.727;0;;40.049;0;1:18.552;0;38.126;0;160.9;1:51:01.090;14:51:08.756;0:40.049;1:18.552;0:38.126;260.5;Takeshi KIMURA;;LMGT3;;Kessel Racing;Ferrari;GF;40.049;78.552;38.126;
57;1;35;2:26.177;0;;41.389;0;1:07.319;0;37.469;0;172.5;1:53:27.267;14:53:34.933;0:41.389;1:07.319;0:37.469;256.2;Takeshi KIMURA;;LMGT3;;Kessel Racing;Ferrari;GF;41.389;67.319;37.469;
57;1;36;2:25.522;0;;41.375;0;1:06.954;0;37.193;0;173.3;1:55:52.789;14:56:00.455;0:41.375;1:06.954;0:37.193;255.0;Takeshi KIMURA;;LMGT3;;Kessel Racing;Ferrari;GF;41.375;66.954;37.193;
57;1;37;2:25.923;0;;41.079;0;1:07.083;0;37.761;0;172.8;1:58:18.712;14:58:26.378;0:41.079;1:07.083;0:37.761;253.8;Takeshi KIMURA;;LMGT3;;Kessel Racing;Ferrari;GF;41.079;67.083;37.761;
57;1;38;3:00.802;0;;40.959;0;1:13.720;0;1:06.123;0;139.5;2:01:19.514;15:01:27.180;0:40.959;1:13.720;1:06.123;255.6;Takeshi KIMURA;;LMGT3;;Kessel Racing;Ferrari;SF;40.959;73.720;66.123;
57;1;39;4:57.634;0;;1:33.622;0;2:09.147;0;1:14.865;0;84.7;2:06:17.148;15:06:24.814;1:33.622;2:09.147;1:14.865;;Takeshi KIMURA;;LMGT3;;Kessel Racing;Ferrari;SF;93.622;129.147;74.865;
57;1;40;4:03.769;0;;1:20.821;0;1:42.614;0;1:00.334;0;103.4;2:10:20.917;15:10:28.583;1:20.821;1:42.614;1:00.334;;Takeshi KIMURA;;LMGT3;;Kessel Racing;Ferrari;SF;80.821;102.614;60.334;
57;1;41;2:36.658;0;;46.337;0;1:11.413;0;38.908;0;161.0;2:12:57.575;15:13:05.241;0:46.337;1:11.413;0:38.908;223.0;Takeshi KIMURA;;LMGT3;;Kessel Racing;Ferrari;SF;46.337;71.413;38.908;
57;1;42;2:24.722;0;;41.068;0;1:06.752;0;36.902;0;174.2;2:15:22.297;15:15:29.963;0:41.068;1:06.752;0:36.902;255.6;Takeshi KIMURA;;LMGT3;;Kessel Racing;Ferrari;GF;41.068;66.752;36.902;
57;1;43;2:23.720;0;;40.529;0;1:06.422;0;36.769;0;175.4;2:17:46.017;15:17:53.683;0:40.529;1:06.422;0:36.769;259.9;Takeshi KIMURA;;LMGT3;;Kessel Racing;Ferrari;GF;40.529;66.422;36.769;
57;1;44;2:26.017;0;;41.085;0;1:06.517;0;38.415;0;172.7;2:20:12.034;15:20:19.700;0:41.085;1:06.517;0:38.415;256.2;Takeshi KIMURA;;LMGT3;;Kessel Racing;Ferrari;GF;41.085;66.517;38.415;
57;1;45;2:35.738;0;B;40.566;0;1:07.669;0;47.503;0;161.9;2:22:47.772;15:22:55.438;0:40.566;1:07.669;0:47.503;257.4;Takeshi KIMURA;;LMGT3;;Kessel Racing;Ferrari;GF;40.566;67.669;47.503;
57;2;46;3:39.436;0;;1:57.169;0;1:05.863;0;36.404;0;114.9;2:26:27.208;15:26:34.874;1:57.169;1:05.863;0:36.404;250.8;Mathys JAUBERT;0:01:28.832;LMGT3;;Kessel Racing;Ferrari;GF;117.169;65.863;36.404;
57;2;47;2:20.092;0;;40.454;0;1:03.650;0;35.988;0;180.0;2:28:47.300;15:28:54.966;0:40.454;1:03.650;0:35.988;248.0;Mathys JAUBERT;;LMGT3;;Kessel Racing;Ferrari;GF;40.454;63.650;35.988;
57;2;48;2:20.153;0;;40.324;0;1:03.753;0;36.076;0;179.9;2:31:07.453;15:31:15.119;0:40.324;1:03.753;0:36.076;243.5;Mathys JAUBERT;;LMGT3;;Kessel Racing;Ferrari;GF;40.324;63.753;36.076;
57;2;49;2:19.700;2;;40.209;0;1:03.500;0;35.991;0;180.5;2:33:27.153;15:33:34.819;0:40.209;1:03.500;0:35.991;240.8;Mathys JAUBERT;;LMGT3;;Kessel Racing;Ferrari;GF;40.209;63.500;35.991;
57;2;50;2:19.890;0;;40.344;0;1:03.469;2;36.077;0;180.2;2:35:47.043;15:35:54.709;0:40.344;1:03.469;0:36.077;236.6;Mathys JAUBERT;;LMGT3;;Kessel Racing;Ferrari;GF;40.344;63.469;36.077;
57;2;51;2:19.831;0;;40.241;0;1:03.668;0;35.922;0;180.3;2:38:06.874;15:38:14.540;0:40.241;1:03.668;0:35.922;239.2;Mathys JAUBERT;;LMGT3;;Kessel Racing;Ferrari;GF;40.241;63.668;35.922;
57;2;52;2:20.420;0;;40.256;0;1:03.922;0;36.242;0;179.6;2:40:27.294;15:40:34.960;0:40.256;1:03.922;0:36.242;240.3;Mathys JAUBERT;;LMGT3;;Kessel Racing;Ferrari;GF;40.256;63.922;36.242;
57;2;53;2:20.426;0;;40.193;0;1:04.043;0;36.190;0;179.6;2:42:47.720;15:42:55.386;0:40.193;1:04.043;0:36.190;238.7;Mathys JAUBERT;;LMGT3;;Kessel Racing;Ferrari;GF;40.193;64.043;36.190;
57;2;54;2:21.040;0;;40.237;0;1:04.519;0;36.284;0;178.8;2:45:08.760;15:45:16.426;0:40.237;1:04.519;0:36.284;240.3;Mathys JAUBERT;;LMGT3;;Kessel Racing;Ferrari;GF;40.237;64.519;36.284;
57;2;55;2:28.713;0;;40.243;0;1:05.136;0;43.334;0;169.5;2:47:37.473;15:47:45.139;0:40.243;1:05.136;0:43.334;239.2;Mathys JAUBERT;;LMGT3;;Kessel Racing;Ferrari;GF;40.243;65.136;43.334;
57;2;56;2:33.513;0;;49.012;0;1:07.367;0;37.134;0;164.2;2:50:10.986;15:50:18.652;0:49.012;1:07.367;0:37.134;218.9;Mathys JAUBERT;;LMGT3;;Kessel Racing;Ferrari;GF;49.012;67.367;37.134;
57;2;57;2:23.801;0;;41.390;0;1:06.085;0;36.326;0;175.3;2:52:34.787;15:52:42.453;0:41.390;1:06.085;0:36.326;225.8;Mathys JAUBERT;;LMGT3;;Kessel Racing;Ferrari;GF;41.390;66.085;36.326;
57;2;58;2:20.615;0;;40.407;0;1:04.180;0;36.028;0;179.3;2:54:55.402;15:55:03.068;0:40.407;1:04.180;0:36.028;255.6;Mathys JAUBERT;;LMGT3;;Kessel Racing;Ferrari;GF;40.407;64.180;36.028;
57;2;59;2:20.506;0;;40.164;0;1:04.157;0;36.185;0;179.5;2:57:15.908;15:57:23.574;0:40.164;1:04.157;0:36.185;257.4;Mathys JAUBERT;;LMGT3;;Kessel Racing;Ferrari;GF;40.164;64.157;36.185;
57;2;60;2:21.498;0;;40.648;0;1:04.469;0;36.381;0;178.2;2:59:37.406;15:59:45.072;0:40.648;1:04.469;0:36.381;258.0;Mathys JAUBERT;;LMGT3;;Kessel Racing;Ferrari;GF;40.648;64.469;36.381;
57;2;61;2:21.111;0;;40.230;0;1:04.799;0;36.082;0;178.7;3:01:58.517;16:02:06.183;0:40.230;1:04.799;0:36.082;259.2;Mathys JAUBERT;;LMGT3;;Kessel Racing;Ferrari;GF;40.230;64.799;36.082;
57;2;62;2:20.798;0;;40.214;0;1:04.671;0;35.913;2;179.1;3:04:19.315;16:04:26.981;0:40.214;1:04.671;0:35.913;258.0;Mathys JAUBERT;;LMGT3;;Kessel Racing;Ferrari;GF;40.214;64.671;35.913;
57;2;63;2:20.730;0;;40.155;0;1:04.510;0;36.065;0;179.2;3:06:40.045;16:06:47.711;0:40.155;1:04.510;0:36.065;258.6;Mathys JAUBERT;;LMGT3;;Kessel Racing;Ferrari;GF;40.155;64.510;36.065;
57;2;64;2:21.129;0;;40.213;0;1:04.791;0;36.125;0;178.7;3:09:01.174;16:09:08.840;0:40.213;1:04.791;0:36.125;258.6;Mathys JAUBERT;;LMGT3;;Kessel Racing;Ferrari;GF;40.213;64.791;36.125;
57;2;65;2:27.748;0;B;40.109;1;1:05.680;0;41.959;0;170.7;3:11:28.922;16:11:36.588;0:40.109;1:05.680;0:41.959;259.2;Mathys JAUBERT;;LMGT3;;Kessel Racing;Ferrari;GF;40.109;65.680;41.959;
57;2;66;7:45.203;0;B;5:58.387;0;1:04.981;0;41.835;0;54.2;3:19:14.125;16:19:21.791;5:58.387;1:04.981;0:41.835;255.6;Mathys JAUBERT;0:05:27.716;LMGT3;;Kessel Racing;Ferrari;GF;358.387;64.981;41.835;
59;1;1;2:59.099;0;;53.358;0;1:07.913;0;57.828;0;138.3;2:59.099;13:03:06.765;0:53.358;1:07.913;0:57.828;255.0;Anthony MCINTOSH;;LMGT3;;Racing Spirit of Leman;Aston Martin;SF;53.358;67.913;57.828;
59;1;2;4:15.774;0;;1:33.120;0;1:38.615;0;1:04.039;0;98.6;7:14.873;13:07:22.539;1:33.120;1:38.615;1:04.039;;Anthony MCINTOSH;;LMGT3;;Racing Spirit of Leman;Aston Martin;SF;93.120;98.615;64.039;
59;1;3;4:22.997;0;;1:43.323;0;1:39.264;0;1:00.410;0;95.9;11:37.870;13:11:45.536;1:43.323;1:39.264;1:00.410;;Anthony MCINTOSH;;LMGT3;;Racing Spirit of Leman;Aston Martin;SF;103.323;99.264;60.410;
59;1;4;2:54.362;0;;57.428;0;1:10.527;0;46.407;0;144.6;14:32.232;13:14:39.898;0:57.428;1:10.527;0:46.407;179.4;Anthony MCINTOSH;;LMGT3;;Racing Spirit of Leman;Aston Martin;GF;57.428;70.527;46.407;
59;1;5;2:20.193;0;;39.977;0;1:04.521;0;35.695;0;179.9;16:52.425;13:17:00.091;0:39.977;1:04.521;0:35.695;258.6;Anthony MCINTOSH;;LMGT3;;Racing Spirit of Leman;Aston Martin;GF;39.977;64.521;35.695;
59;1;6;2:20.040;0;;40.126;0;1:04.277;0;35.637;0;180.0;19:12.465;13:19:20.131;0:40.126;1:04.277;0:35.637;259.2;Anthony MCINTOSH;;LMGT3;;Racing Spirit of Leman;Aston Martin;GF;40.126;64.277;35.637;
59;1;7;2:20.203;0;;40.093;0;1:04.434;0;35.676;2;179.8;21:32.668;13:21:40.334;0:40.093;1:04.434;0:35.676;258.0;Anthony MCINTOSH;;LMGT3;;Racing Spirit of Leman;Aston Martin;GF;40.093;64.434;35.676;
59;1;8;2:20.116;0;;40.219;0;1:04.085;2;35.812;0;180.0;23:52.784;13:24:00.450;0:40.219;1:04.085;0:35.812;257.4;Anthony MCINTOSH;;LMGT3;;Racing Spirit of Leman;Aston Martin;GF;40.219;64.085;35.812;
59;1;9;2:20.318;0;;40.195;0;1:04.278;0;35.845;0;179.7;26:13.102;13:26:20.768;0:40.195;1:04.278;0:35.845;256.8;Anthony MCINTOSH;;LMGT3;;Racing Spirit of Leman;Aston Martin;GF;40.195;64.278;35.845;
59;1;10;2:20.594;0;;40.387;0;1:04.201;0;36.006;0;179.3;28:33.696;13:28:41.362;0:40.387;1:04.201;0:36.006;256.2;Anthony MCINTOSH;;LMGT3;;Racing Spirit of Leman;Aston Martin;GF;40.387;64.201;36.006;
59;1;11;2:22.235;0;;40.433;0;1:05.674;0;36.128;0;177.3;30:55.931;13:31:03.597;0:40.433;1:05.674;0:36.128;254.4;Anthony MCINTOSH;;LMGT3;;Racing Spirit of Leman;Aston Martin;GF;40.433;65.674;36.128;
59;1;12;2:22.467;0;;40.193;0;1:05.425;0;36.849;0;177.0;33:18.398;13:33:26.064;0:40.193;1:05.425;0:36.849;258.6;Anthony MCINTOSH;;LMGT3;;Racing Spirit of Leman;Aston Martin;GF;40.193;65.425;36.849;
59;1;13;2:21.908;0;;40.163;0;1:05.605;0;36.140;0;177.7;35:40.306;13:35:47.972;0:40.163;1:05.605;0:36.140;258.6;Anthony MCINTOSH;;LMGT3;;Racing Spirit of Leman;Aston Martin;GF;40.163;65.605;36.140;
59;1;14;2:21.651;0;;39.929;0;1:05.587;0;36.135;0;178.0;38:01.957;13:38:09.623;0:39.929;1:05.587;0:36.135;258.6;Anthony MCINTOSH;;LMGT3;;Racing Spirit of Leman;Aston Martin;GF;39.929;65.587;36.135;
59;1;15;2:25.357;0;;40.106;0;1:05.477;0;39.774;0;173.5;40:27.314;13:40:34.980;0:40.106;1:05.477;0:39.774;258.6;Anthony MCINTOSH;;LMGT3;;Racing Spirit of Leman;Aston Martin;GF;40.106;65.477;39.774;
59;1;16;5:26.638;0;B;1:41.985;0;2:11.756;0;1:32.897;0;77.2;45:53.952;13:46:01.618;1:41.985;2:11.756;1:32.897;;Anthony MCINTOSH;;LMGT3;;Racing Spirit of Leman;Aston Martin;GF;101.985;131.756;92.897;
59;1;17;6:26.709;0;;2:47.470;0;2:09.805;0;1:29.434;0;65.2;52:20.661;13:52:28.327;2:47.470;2:09.805;1:29.434;;Anthony MCINTOSH;0:01:25.746;LMGT3;;Racing Spirit of Leman;Aston Martin;SF;167.470;129.805;89.434;
59;1;18;2:41.038;0;;49.109;0;1:12.321;0;39.608;0;156.6;55:01.699;13:55:09.365;0:49.109;1:12.321;0:39.608;227.6;Anthony MCINTOSH;;LMGT3;;Racing Spirit of Leman;Aston Martin;SF;49.109;72.321;39.608;
59;1;19;4:15.335;0;;57.655;0;1:41.903;0;1:35.777;0;98.7;59:17.034;13:59:24.700;0:57.655;1:41.903;1:35.777;;Anthony MCINTOSH;;LMGT3;;Racing Spirit of Leman;Aston Martin;SF;57.655;101.903;95.777;
59;1;20;4:16.724;0;;1:22.801;0;1:38.356;0;1:15.567;0;98.2;1:03:33.758;14:03:41.424;1:22.801;1:38.356;1:15.567;;Anthony MCINTOSH;;LMGT3;;Racing Spirit of Leman;Aston Martin;SF;82.801;98.356;75.567;
59;1;21;2:44.910;0;;45.852;0;1:11.389;0;47.669;0;152.9;1:06:18.668;14:06:26.334;0:45.852;1:11.389;0:47.669;178.5;Anthony MCINTOSH;;LMGT3;;Racing Spirit of Leman;Aston Martin;GF;45.852;71.389;47.669;
59;1;22;2:34.558;0;;39.937;0;1:07.805;0;46.816;0;163.1;1:08:53.226;14:09:00.892;0:39.937;1:07.805;0:46.816;262.4;Anthony MCINTOSH;;LMGT3;;Racing Spirit of Leman;Aston Martin;SF;39.937;67.805;46.816;
59;1;23;4:17.921;0;;1:11.824;0;1:53.801;0;1:12.296;0;97.8;1:13:11.147;14:13:18.813;1:11.824;1:53.801;1:12.296;168.3;Anthony MCINTOSH;;LMGT3;;Racing Spirit of Leman;Aston Martin;SF;71.824;113.801;72.296;
59;1;24;2:41.616;0;;45.831;0;1:08.915;0;46.870;0;156.0;1:15:52.763;14:16:00.429;0:45.831;1:08.915;0:46.870;231.0;Anthony MCINTOSH;;LMGT3;;Racing Spirit of Leman;Aston Martin;GF;45.831;68.915;46.870;
59;1;25;2:21.026;0;;39.811;1;1:05.140;0;36.075;0;178.8;1:18:13.789;14:18:21.455;0:39.811;1:05.140;0:36.075;261.7;Anthony MCINTOSH;;LMGT3;;Racing Spirit of Leman;Aston Martin;GF;39.811;65.140;36.075;
59;1;26;3:42.943;0;;44.467;0;1:29.419;0;1:29.057;0;113.1;1:21:56.732;14:22:04.398;0:44.467;1:29.419;1:29.057;209.2;Anthony MCINTOSH;;LMGT3;;Racing Spirit of Leman;Aston Martin;SF;44.467;89.419;89.057;
59;1;27;3:34.006;0;;1:23.362;0;1:26.536;0;44.108;0;117.8;1:25:30.738;14:25:38.404;1:23.362;1:26.536;0:44.108;;Anthony MCINTOSH;;LMGT3;;Racing Spirit of Leman;Aston Martin;SF;83.362;86.536;44.108;
59;1;28;2:51.639;0;;45.891;0;1:19.628;0;46.120;0;146.9;1:28:22.377;14:28:30.043;0:45.891;1:19.628;0:46.120;208.4;Anthony MCINTOSH;;LMGT3;;Racing Spirit of Leman;Aston Martin;GF;45.891;79.628;46.120;
59;1;29;8:19.629;0;;39.883;0;7:02.913;0;36.833;0;50.5;1:36:42.006;14:36:49.672;0:39.883;7:02.913;0:36.833;261.7;Anthony MCINTOSH;;LMGT3;;Racing Spirit of Leman;Aston Martin;SF;39.883;422.913;36.833;
59;1;30;2:33.935;0;;40.674;0;1:04.954;0;48.307;0;163.8;1:39:15.941;14:39:23.607;0:40.674;1:04.954;0:48.307;255.6;Anthony MCINTOSH;;LMGT3;;Racing Spirit of Leman;Aston Martin;SF;40.674;64.954;48.307;
59;1;31;3:53.037;0;;1:43.923;0;1:16.490;0;52.624;0;108.2;1:43:08.978;14:43:16.644;1:43.923;1:16.490;0:52.624;;Anthony MCINTOSH;;LMGT3;;Racing Spirit of Leman;Aston Martin;SF;103.923;76.490;52.624;
59;1;32;2:49.095;0;;45.771;0;1:21.560;0;41.764;0;149.1;1:45:58.073;14:46:05.739;0:45.771;1:21.560;0:41.764;181.2;Anthony MCINTOSH;;LMGT3;;Racing Spirit of Leman;Aston Martin;GF;45.771;81.560;41.764;
59;1;33;2:25.722;0;;39.970;0;1:08.075;0;37.677;0;173.0;1:48:23.795;14:48:31.461;0:39.970;1:08.075;0:37.677;263.0;Anthony MCINTOSH;;LMGT3;;Racing Spirit of Leman;Aston Martin;GF;39.970;68.075;37.677;
59;1;34;2:21.599;0;;40.062;0;1:04.677;0;36.860;0;178.1;1:50:45.394;14:50:53.060;0:40.062;1:04.677;0:36.860;261.1;Anthony MCINTOSH;;LMGT3;;Racing Spirit of Leman;Aston Martin;GF;40.062;64.677;36.860;
59;1;35;2:23.865;0;;40.708;0;1:06.900;0;36.257;0;175.3;1:53:09.259;14:53:16.925;0:40.708;1:06.900;0:36.257;261.1;Anthony MCINTOSH;;LMGT3;;Racing Spirit of Leman;Aston Martin;GF;40.708;66.900;36.257;
59;1;36;2:21.044;0;;39.970;0;1:04.552;0;36.522;0;178.8;1:55:30.303;14:55:37.969;0:39.970;1:04.552;0:36.522;262.4;Anthony MCINTOSH;;LMGT3;;Racing Spirit of Leman;Aston Martin;GF;39.970;64.552;36.522;
59;1;37;2:21.373;0;;40.024;0;1:05.468;0;35.881;0;178.4;1:57:51.676;14:57:59.342;0:40.024;1:05.468;0:35.881;259.9;Anthony MCINTOSH;;LMGT3;;Racing Spirit of Leman;Aston Martin;GF;40.024;65.468;35.881;
59;1;38;2:24.007;0;;40.096;0;1:05.549;0;38.362;0;175.1;2:00:15.683;15:00:23.349;0:40.096;1:05.549;0:38.362;259.9;Anthony MCINTOSH;;LMGT3;;Racing Spirit of Leman;Aston Martin;SF;40.096;65.549;38.362;
59;1;39;3:05.600;0;;49.379;0;1:24.593;0;51.628;0;135.9;2:03:21.283;15:03:28.949;0:49.379;1:24.593;0:51.628;153.3;Anthony MCINTOSH;;LMGT3;;Racing Spirit of Leman;Aston Martin;SF;49.379;84.593;51.628;
59;1;40;3:40.022;0;;50.264;0;1:33.530;0;1:16.228;0;114.6;2:07:01.305;15:07:08.971;0:50.264;1:33.530;1:16.228;188.8;Anthony MCINTOSH;;LMGT3;;Racing Spirit of Leman;Aston Martin;SF;50.264;93.530;76.228;
59;1;41;4:19.310;0;;1:18.975;0;1:38.800;0;1:21.535;0;97.2;2:11:20.615;15:11:28.281;1:18.975;1:38.800;1:21.535;;Anthony MCINTOSH;;LMGT3;;Racing Spirit of Leman;Aston Martin;SF;78.975;98.800;81.535;
59;1;42;3:49.006;0;;1:30.205;0;1:18.808;0;59.993;0;110.1;2:15:09.621;15:15:17.287;1:30.205;1:18.808;0:59.993;;Anthony MCINTOSH;;LMGT3;;Racing Spirit of Leman;Aston Martin;GF;90.205;78.808;59.993;
59;1;43;2:23.510;0;;40.358;0;1:06.605;0;36.547;0;175.7;2:17:33.131;15:17:40.797;0:40.358;1:06.605;0:36.547;264.3;Anthony MCINTOSH;;LMGT3;;Racing Spirit of Leman;Aston Martin;GF;40.358;66.605;36.547;
59;1;44;2:27.500;0;B;40.008;0;1:04.514;0;42.978;0;170.9;2:20:00.631;15:20:08.297;0:40.008;1:04.514;0:42.978;259.2;Anthony MCINTOSH;;LMGT3;;Racing Spirit of Leman;Aston Martin;GF;40.008;64.514;42.978;
59;2;45;3:29.797;0;;1:44.306;0;1:08.249;0;37.242;0;120.2;2:23:30.428;15:23:38.094;1:44.306;1:08.249;0:37.242;253.2;Marius FOSSARD;0:01:14.096;LMGT3;;Racing Spirit of Leman;Aston Martin;GF;104.306;68.249;37.242;
59;2;46;2:22.659;0;;40.232;0;1:05.275;0;37.152;0;176.7;2:25:53.087;15:26:00.753;0:40.232;1:05.275;0:37.152;261.7;Marius FOSSARD;;LMGT3;;Racing Spirit of Leman;Aston Martin;GF;40.232;65.275;37.152;
59;2;47;2:20.448;0;;39.815;0;1:04.528;1;36.105;0;179.5;2:28:13.535;15:28:21.201;0:39.815;1:04.528;0:36.105;258.6;Marius FOSSARD;;LMGT3;;Racing Spirit of Leman;Aston Martin;GF;39.815;64.528;36.105;
59;2;48;2:20.831;0;;39.754;0;1:05.176;0;35.901;0;179.0;2:30:34.366;15:30:42.032;0:39.754;1:05.176;0:35.901;260.5;Marius FOSSARD;;LMGT3;;Racing Spirit of Leman;Aston Martin;GF;39.754;65.176;35.901;
59;2;49;2:21.622;0;;39.673;2;1:05.824;0;36.125;0;178.0;2:32:55.988;15:33:03.654;0:39.673;1:05.824;0:36.125;261.1;Marius FOSSARD;;LMGT3;;Racing Spirit of Leman;Aston Martin;GF;39.673;65.824;36.125;
59;2;50;2:20.712;0;;39.781;0;1:04.944;0;35.987;0;179.2;2:35:16.700;15:35:24.366;0:39.781;1:04.944;0:35.987;259.9;Marius FOSSARD;;LMGT3;;Racing Spirit of Leman;Aston Martin;GF;39.781;64.944;35.987;
59;2;51;2:20.036;2;;39.751;0;1:04.532;0;35.753;0;180.1;2:37:36.736;15:37:44.402;0:39.751;1:04.532;0:35.753;259.2;Marius FOSSARD;;LMGT3;;Racing Spirit of Leman;Aston Martin;GF;39.751;64.532;35.753;
59;2;52;2:20.036;0;;39.733;0;1:04.582;0;35.721;1;180.1;2:39:56.772;15:40:04.438;0:39.733;1:04.582;0:35.721;259.9;Marius FOSSARD;;LMGT3;;Racing Spirit of Leman;Aston Martin;GF;39.733;64.582;35.721;
59;2;53;2:20.532;0;;39.881;0;1:04.737;0;35.914;0;179.4;2:42:17.304;15:42:24.970;0:39.881;1:04.737;0:35.914;259.9;Marius FOSSARD;;LMGT3;;Racing Spirit of Leman;Aston Martin;GF;39.881;64.737;35.914;
59;2;54;2:20.527;0;;39.819;0;1:04.853;0;35.855;0;179.4;2:44:37.831;15:44:45.497;0:39.819;1:04.853;0:35.855;261.1;Marius FOSSARD;;LMGT3;;Racing Spirit of Leman;Aston Martin;GF;39.819;64.853;35.855;
59;2;55;2:21.127;0;;39.879;0;1:05.141;0;36.107;0;178.7;2:46:58.958;15:47:06.624;0:39.879;1:05.141;0:36.107;260.5;Marius FOSSARD;;LMGT3;;Racing Spirit of Leman;Aston Martin;GF;39.879;65.141;36.107;
59;2;56;2:24.178;0;;39.889;0;1:06.199;0;38.090;0;174.9;2:49:23.136;15:49:30.802;0:39.889;1:06.199;0:38.090;254.4;Marius FOSSARD;;LMGT3;;Racing Spirit of Leman;Aston Martin;GF;39.889;66.199;38.090;
59;2;57;2:23.218;0;;39.862;0;1:05.829;0;37.527;0;176.1;2:51:46.354;15:51:54.020;0:39.862;1:05.829;0:37.527;260.5;Marius FOSSARD;;LMGT3;;Racing Spirit of Leman;Aston Martin;GF;39.862;65.829;37.527;
59;2;58;2:22.790;0;;40.330;0;1:06.268;0;36.192;0;176.6;2:54:09.144;15:54:16.810;0:40.330;1:06.268;0:36.192;259.2;Marius FOSSARD;;LMGT3;;Racing Spirit of Leman;Aston Martin;GF;40.330;66.268;36.192;
59;2;59;2:24.988;0;;40.075;0;1:08.186;0;36.727;0;173.9;2:56:34.132;15:56:41.798;0:40.075;1:08.186;0:36.727;253.2;Marius FOSSARD;;LMGT3;;Racing Spirit of Leman;Aston Martin;GF;40.075;68.186;36.727;
59;2;60;2:21.680;0;;39.929;0;1:05.537;0;36.214;0;178.0;2:58:55.812;15:59:03.478;0:39.929;1:05.537;0:36.214;261.7;Marius FOSSARD;;LMGT3;;Racing Spirit of Leman;Aston Martin;GF;39.929;65.537;36.214;
59;2;61;2:21.998;0;;39.830;0;1:06.042;0;36.126;0;177.6;3:01:17.810;16:01:25.476;0:39.830;1:06.042;0:36.126;263.0;Marius FOSSARD;;LMGT3;;Racing Spirit of Leman;Aston Martin;GF;39.830;66.042;36.126;
59;2;62;2:21.927;0;;39.833;0;1:05.956;0;36.138;0;177.7;3:03:39.737;16:03:47.403;0:39.833;1:05.956;0:36.138;261.7;Marius FOSSARD;;LMGT3;;Racing Spirit of Leman;Aston Martin;GF;39.833;65.956;36.138;
59;2;63;2:22.009;0;;39.748;0;1:06.031;0;36.230;0;177.6;3:06:01.746;16:06:09.412;0:39.748;1:06.031;0:36.230;264.3;Marius FOSSARD;;LMGT3;;Racing Spirit of Leman;Aston Martin;GF;39.748;66.031;36.230;
59;2;64;2:24.439;0;;39.803;0;1:08.184;0;36.452;0;174.6;3:08:26.185;16:08:33.851;0:39.803;1:08.184;0:36.452;261.7;Marius FOSSARD;;LMGT3;;Racing Spirit of Leman;Aston Martin;GF;39.803;68.184;36.452;
59;2;65;2:27.980;0;B;39.894;0;1:05.645;0;42.441;0;170.4;3:10:54.165;16:11:01.831;0:39.894;1:05.645;0:42.441;259.2;Marius FOSSARD;;LMGT3;;Racing Spirit of Leman;Aston Martin;GF;39.894;65.645;42.441;
59;3;66;3:47.697;0;;2:01.246;0;1:09.542;0;36.909;0;110.7;3:14:41.862;16:14:49.528;2:01.246;1:09.542;0:36.909;238.2;Parker THOMPSON;0:01:28.841;LMGT3;;Racing Spirit of Leman;Aston Martin;GF;121.246;69.542;36.909;
59;3;67;2:24.651;0;;40.817;0;1:06.885;0;36.949;0;174.3;3:17:06.513;16:17:14.179;0:40.817;1:06.885;0:36.949;243.0;Parker THOMPSON;;LMGT3;;Racing Spirit of Leman;Aston Martin;GF;40.817;66.885;36.949;
59;3;68;2:22.395;0;;40.681;0;1:05.676;0;36.038;0;177.1;3:19:28.908;16:19:36.574;0:40.681;1:05.676;0:36.038;248.5;Parker THOMPSON;;LMGT3;;Racing Spirit of Leman;Aston Martin;GF;40.681;65.676;36.038;
59;3;69;2:22.016;0;;40.070;0;1:05.468;0;36.478;0;177.5;3:21:50.924;16:21:58.590;0:40.070;1:05.468;0:36.478;243.0;Parker THOMPSON;;LMGT3;;Racing Spirit of Leman;Aston Martin;GF;40.070;65.468;36.478;
59;3;70;2:22.297;0;;40.155;0;1:06.228;0;35.914;0;177.2;3:24:13.221;16:24:20.887;0:40.155;1:06.228;0:35.914;239.7;Parker THOMPSON;;LMGT3;;Racing Spirit of Leman;Aston Martin;GF;40.155;66.228;35.914;
59;3;71;2:21.718;0;;40.116;0;1:05.233;0;36.369;0;177.9;3:26:34.939;16:26:42.605;0:40.116;1:05.233;0:36.369;249.7;Parker THOMPSON;;LMGT3;;Racing Spirit of Leman;Aston Martin;GF;40.116;65.233;36.369;
59;3;72;2:22.249;0;;40.442;0;1:05.625;0;36.182;0;177.3;3:28:57.188;16:29:04.854;0:40.442;1:05.625;0:36.182;249.7;Parker THOMPSON;;LMGT3;;Racing Spirit of Leman;Aston Martin;GF;40.442;65.625;36.182;
59;3;73;2:22.019;0;;40.190;0;1:05.745;0;36.084;0;177.5;3:31:19.207;16:31:26.873;0:40.190;1:05.745;0:36.084;246.8;Parker THOMPSON;;LMGT3;;Racing Spirit of Leman;Aston Martin;GF;40.190;65.745;36.084;
59;3;74;2:21.963;0;;40.456;0;1:05.313;0;36.194;0;177.6;3:33:41.170;16:33:48.836;0:40.456;1:05.313;0:36.194;248.0;Parker THOMPSON;;LMGT3;;Racing Spirit of Leman;Aston Martin;GF;40.456;65.313;36.194;
59;3;75;2:21.377;0;;40.368;0;1:05.179;0;35.830;0;178.3;3:36:02.547;16:36:10.213;0:40.368;1:05.179;0:35.830;245.2;Parker THOMPSON;;LMGT3;;Racing Spirit of Leman;Aston Martin;GF;40.368;65.179;35.830;
59;3;76;2:21.091;0;;40.030;0;1:05.228;0;35.833;0;178.7;3:38:23.638;16:38:31.304;0:40.030;1:05.228;0:35.833;250.3;Parker THOMPSON;;LMGT3;;Racing Spirit of Leman;Aston Martin;GF;40.030;65.228;35.833;
59;3;77;2:21.266;0;;39.907;1;1:05.037;1;36.322;0;178.5;3:40:44.904;16:40:52.570;0:39.907;1:05.037;0:36.322;246.3;Parker THOMPSON;;LMGT3;;Racing Spirit of Leman;Aston Martin;GF;39.907;65.037;36.322;
59;3;78;2:21.840;0;;40.015;0;1:05.440;0;36.385;0;177.8;3:43:06.744;16:43:14.410;0:40.015;1:05.440;0:36.385;244.1;Parker THOMPSON;;LMGT3;;Racing Spirit of Leman;Aston Martin;GF;40.015;65.440;36.385;
59;3;79;2:21.582;0;;40.110;0;1:05.530;0;35.942;0;178.1;3:45:28.326;16:45:35.992;0:40.110;1:05.530;0:35.942;250.8;Parker THOMPSON;;LMGT3;;Racing Spirit of Leman;Aston Martin;GF;40.110;65.530;35.942;
59;3;80;2:22.007;0;;39.860;0;1:05.494;0;36.653;0;177.6;3:47:50.333;16:47:57.999;0:39.860;1:05.494;0:36.653;246.8;Parker THOMPSON;;LMGT3;;Racing Spirit of Leman;Aston Martin;GF;39.860;65.494;36.653;
59;3;81;2:21.334;0;;39.984;0;1:05.565;0;35.785;1;178.4;3:50:11.667;16:50:19.333;0:39.984;1:05.565;0:35.785;252.6;Parker THOMPSON;;LMGT3;;Racing Spirit of Leman;Aston Martin;GF;39.984;65.565;35.785;
59;3;82;2:29.459;0;B;40.071;0;1:06.161;0;43.227;0;168.7;3:52:41.126;16:52:48.792;0:40.071;1:06.161;0:43.227;253.2;Parker THOMPSON;;LMGT3;;Racing Spirit of Leman;Aston Martin;GF;40.071;66.161;43.227;
59;3;83;2:34.147;0;;52.196;0;1:05.774;0;36.177;0;163.6;3:55:15.273;16:55:22.939;0:52.196;1:05.774;0:36.177;252.6;Parker THOMPSON;0:00:23.537;LMGT3;;Racing Spirit of Leman;Aston Martin;GF;52.196;65.774;36.177;
59;3;84;2:22.791;0;;39.944;0;1:05.351;0;37.496;0;176.6;3:57:38.064;16:57:45.730;0:39.944;1:05.351;0:37.496;255.6;Parker THOMPSON;;LMGT3;;Racing Spirit of Leman;Aston Martin;GF;39.944;65.351;37.496;
59;3;85;2:22.695;0;;40.154;0;1:06.244;0;36.297;0;176.7;4:00:00.759;17:00:08.425;0:40.154;1:06.244;0:36.297;261.7;Parker THOMPSON;;LMGT3;;Racing Spirit of Leman;Aston Martin;GF;40.154;66.244;36.297;
59;3;86;2:22.029;0;;40.022;0;1:05.294;0;36.713;0;177.5;4:02:22.788;17:02:30.454;0:40.022;1:05.294;0:36.713;259.9;Parker THOMPSON;;LMGT3;;Racing Spirit of Leman;Aston Martin;FF;40.022;65.294;36.713;
62;1;1;3:01.556;0;;53.548;0;1:09.609;0;58.399;0;136.5;3:01.556;13:03:09.222;0:53.548;1:09.609;0:58.399;255.6;Abdulla Ali AL-KHELAIFI;;LMGT3;;Team Qatar by Iron Lynx;Mercedes;SF;53.548;69.609;58.399;
62;1;2;4:16.881;0;;1:33.232;0;1:39.951;0;1:03.698;0;98.2;7:18.437;13:07:26.103;1:33.232;1:39.951;1:03.698;;Abdulla Ali AL-KHELAIFI;;LMGT3;;Team Qatar by Iron Lynx;Mercedes;SF;93.232;99.951;63.698;
62;1;3;4:23.120;0;;1:41.960;0;1:39.176;0;1:01.984;0;95.8;11:41.557;13:11:49.223;1:41.960;1:39.176;1:01.984;;Abdulla Ali AL-KHELAIFI;;LMGT3;;Team Qatar by Iron Lynx;Mercedes;SF;101.960;99.176;61.984;
62;1;4;2:51.064;0;;55.782;0;1:09.128;0;46.154;0;147.4;14:32.621;13:14:40.287;0:55.782;1:09.128;0:46.154;155.0;Abdulla Ali AL-KHELAIFI;;LMGT3;;Team Qatar by Iron Lynx;Mercedes;GF;55.782;69.128;46.154;
62;1;5;2:20.436;0;;40.325;0;1:04.299;0;35.812;0;179.5;16:53.057;13:17:00.723;0:40.325;1:04.299;0:35.812;259.2;Abdulla Ali AL-KHELAIFI;;LMGT3;;Team Qatar by Iron Lynx;Mercedes;GF;40.325;64.299;35.812;
62;1;6;2:20.501;0;;40.272;0;1:04.299;0;35.930;0;179.5;19:13.558;13:19:21.224;0:40.272;1:04.299;0:35.930;259.9;Abdulla Ali AL-KHELAIFI;;LMGT3;;Team Qatar by Iron Lynx;Mercedes;GF;40.272;64.299;35.930;
62;1;7;2:20.241;0;;40.335;0;1:04.101;0;35.805;2;179.8;21:33.799;13:21:41.465;0:40.335;1:04.101;0:35.805;259.2;Abdulla Ali AL-KHELAIFI;;LMGT3;;Team Qatar by Iron Lynx;Mercedes;GF;40.335;64.101;35.805;
62;1;8;2:20.188;0;;40.207;0;1:04.024;0;35.957;0;179.9;23:53.987;13:24:01.653;0:40.207;1:04.024;0:35.957;259.9;Abdulla Ali AL-KHELAIFI;;LMGT3;;Team Qatar by Iron Lynx;Mercedes;GF;40.207;64.024;35.957;
62;1;9;2:20.527;0;;40.164;0;1:04.281;0;36.082;0;179.4;26:14.514;13:26:22.180;0:40.164;1:04.281;0:36.082;259.9;Abdulla Ali AL-KHELAIFI;;LMGT3;;Team Qatar by Iron Lynx;Mercedes;GF;40.164;64.281;36.082;
62;1;10;2:21.716;0;;40.354;0;1:04.096;0;37.266;0;177.9;28:36.230;13:28:43.896;0:40.354;1:04.096;0:37.266;259.2;Abdulla Ali AL-KHELAIFI;;LMGT3;;Team Qatar by Iron Lynx;Mercedes;GF;40.354;64.096;37.266;
62;1;11;2:21.550;0;;40.338;0;1:04.626;0;36.586;0;178.1;30:57.780;13:31:05.446;0:40.338;1:04.626;0:36.586;258.0;Abdulla Ali AL-KHELAIFI;;LMGT3;;Team Qatar by Iron Lynx;Mercedes;GF;40.338;64.626;36.586;
62;1;12;2:22.002;0;;40.293;0;1:05.538;0;36.171;0;177.6;33:19.782;13:33:27.448;0:40.293;1:05.538;0:36.171;258.6;Abdulla Ali AL-KHELAIFI;;LMGT3;;Team Qatar by Iron Lynx;Mercedes;GF;40.293;65.538;36.171;
62;1;13;2:21.504;0;;40.153;0;1:05.046;0;36.305;0;178.2;35:41.286;13:35:48.952;0:40.153;1:05.046;0:36.305;260.5;Abdulla Ali AL-KHELAIFI;;LMGT3;;Team Qatar by Iron Lynx;Mercedes;GF;40.153;65.046;36.305;
62;1;14;2:23.238;0;;40.383;0;1:05.842;0;37.013;0;176.0;38:04.524;13:38:12.190;0:40.383;1:05.842;0:37.013;258.6;Abdulla Ali AL-KHELAIFI;;LMGT3;;Team Qatar by Iron Lynx;Mercedes;GF;40.383;65.842;37.013;
62;1;15;2:26.021;0;;40.702;0;1:05.590;0;39.729;0;172.7;40:30.545;13:40:38.211;0:40.702;1:05.590;0:39.729;261.1;Abdulla Ali AL-KHELAIFI;;LMGT3;;Team Qatar by Iron Lynx;Mercedes;GF;40.702;65.590;39.729;
62;1;16;5:23.928;0;B;1:41.437;0;2:09.509;0;1:32.982;0;77.8;45:54.473;13:46:02.139;1:41.437;2:09.509;1:32.982;;Abdulla Ali AL-KHELAIFI;;LMGT3;;Team Qatar by Iron Lynx;Mercedes;GF;101.437;129.509;92.982;
62;1;17;6:20.334;0;;2:33.639;0;2:16.915;0;1:29.780;0;66.3;52:14.807;13:52:22.473;2:33.639;2:16.915;1:29.780;;Abdulla Ali AL-KHELAIFI;0:01:12.825;LMGT3;;Team Qatar by Iron Lynx;Mercedes;SF;153.639;136.915;89.780;
62;1;18;2:31.301;0;;45.331;0;1:08.032;0;37.938;0;166.6;54:46.108;13:54:53.774;0:45.331;1:08.032;0:37.938;240.3;Abdulla Ali AL-KHELAIFI;;LMGT3;;Team Qatar by Iron Lynx;Mercedes;SF;45.331;68.032;37.938;
62;1;19;4:23.660;0;;1:06.397;0;1:42.583;0;1:34.680;0;95.6;59:09.768;13:59:17.434;1:06.397;1:42.583;1:34.680;;Abdulla Ali AL-KHELAIFI;;LMGT3;;Team Qatar by Iron Lynx;Mercedes;SF;66.397;102.583;94.680;
62;1;20;4:16.493;0;;1:23.233;0;1:39.835;0;1:13.425;0;98.3;1:03:26.261;14:03:33.927;1:23.233;1:39.835;1:13.425;;Abdulla Ali AL-KHELAIFI;;LMGT3;;Team Qatar by Iron Lynx;Mercedes;SF;83.233;99.835;73.425;
62;1;21;2:47.670;0;;47.678;0;1:10.140;0;49.852;0;150.4;1:06:13.931;14:06:21.597;0:47.678;1:10.140;0:49.852;179.4;Abdulla Ali AL-KHELAIFI;;LMGT3;;Team Qatar by Iron Lynx;Mercedes;GF;47.678;70.140;49.852;
62;1;22;2:34.729;0;;40.693;0;1:06.802;0;47.234;0;163.0;1:08:48.660;14:08:56.326;0:40.693;1:06.802;0:47.234;259.2;Abdulla Ali AL-KHELAIFI;;LMGT3;;Team Qatar by Iron Lynx;Mercedes;SF;40.693;66.802;47.234;
62;1;23;4:16.910;0;;1:09.864;0;1:54.277;0;1:12.769;0;98.1;1:13:05.570;14:13:13.236;1:09.864;1:54.277;1:12.769;139.8;Abdulla Ali AL-KHELAIFI;;LMGT3;;Team Qatar by Iron Lynx;Mercedes;SF;69.864;114.277;72.769;
62;1;24;2:44.313;0;;47.084;0;1:06.265;0;50.964;0;153.5;1:15:49.883;14:15:57.549;0:47.084;1:06.265;0:50.964;201.4;Abdulla Ali AL-KHELAIFI;;LMGT3;;Team Qatar by Iron Lynx;Mercedes;GF;47.084;66.265;50.964;
62;1;25;2:21.110;0;;40.388;0;1:04.573;0;36.149;0;178.7;1:18:10.993;14:18:18.659;0:40.388;1:04.573;0:36.149;260.5;Abdulla Ali AL-KHELAIFI;;LMGT3;;Team Qatar by Iron Lynx;Mercedes;GF;40.388;64.573;36.149;
62;1;26;3:41.253;0;;44.290;0;1:29.430;0;1:27.533;0;114.0;1:21:52.246;14:21:59.912;0:44.290;1:29.430;1:27.533;179.7;Abdulla Ali AL-KHELAIFI;;LMGT3;;Team Qatar by Iron Lynx;Mercedes;SF;44.290;89.430;87.533;
62;1;27;3:36.058;0;;1:24.519;0;1:27.646;0;43.893;0;116.7;1:25:28.304;14:25:35.970;1:24.519;1:27.646;0:43.893;;Abdulla Ali AL-KHELAIFI;;LMGT3;;Team Qatar by Iron Lynx;Mercedes;SF;84.519;87.646;43.893;
62;1;28;2:52.590;0;;45.567;0;1:19.947;0;47.076;0;146.1;1:28:20.894;14:28:28.560;0:45.567;1:19.947;0:47.076;163.4;Abdulla Ali AL-KHELAIFI;;LMGT3;;Team Qatar by Iron Lynx;Mercedes;GF;45.567;79.947;47.076;
62;1;29;2:27.515;0;;40.108;0;1:06.591;0;40.816;0;170.9;1:30:48.409;14:30:56.075;0:40.108;1:06.591;0:40.816;261.7;Abdulla Ali AL-KHELAIFI;;LMGT3;;Team Qatar by Iron Lynx;Mercedes;SF;40.108;66.591;40.816;
62;1;30;4:02.426;0;;1:17.342;0;1:43.906;0;1:01.178;0;104.0;1:34:50.835;14:34:58.501;1:17.342;1:43.906;1:01.178;125.4;Abdulla Ali AL-KHELAIFI;;LMGT3;;Team Qatar by Iron Lynx;Mercedes;SF;77.342;103.906;61.178;
62;1;31;4:01.633;0;;1:14.111;0;1:38.619;0;1:08.903;0;104.3;1:38:52.468;14:39:00.134;1:14.111;1:38.619;1:08.903;;Abdulla Ali AL-KHELAIFI;;LMGT3;;Team Qatar by Iron Lynx;Mercedes;SF;74.111;98.619;68.903;
62;1;32;3:52.866;0;;1:37.522;0;1:25.484;0;49.860;0;108.3;1:42:45.334;14:42:53.000;1:37.522;1:25.484;0:49.860;;Abdulla Ali AL-KHELAIFI;;LMGT3;;Team Qatar by Iron Lynx;Mercedes;SF;97.522;85.484;49.860;
62;1;33;2:59.661;0;;44.406;0;1:27.625;0;47.630;0;140.3;1:45:44.995;14:45:52.661;0:44.406;1:27.625;0:47.630;234.5;Abdulla Ali AL-KHELAIFI;;LMGT3;;Team Qatar by Iron Lynx;Mercedes;GF;44.406;87.625;47.630;
62;1;34;2:23.530;0;;40.616;0;1:07.062;0;35.852;0;175.7;1:48:08.525;14:48:16.191;0:40.616;1:07.062;0:35.852;260.5;Abdulla Ali AL-KHELAIFI;;LMGT3;;Team Qatar by Iron Lynx;Mercedes;GF;40.616;67.062;35.852;
62;1;35;2:19.932;0;;39.965;0;1:03.840;1;36.127;0;180.2;1:50:28.457;14:50:36.123;0:39.965;1:03.840;0:36.127;260.5;Abdulla Ali AL-KHELAIFI;;LMGT3;;Team Qatar by Iron Lynx;Mercedes;GF;39.965;63.840;36.127;
62;1;36;2:20.445;0;;40.458;0;1:04.170;0;35.817;0;179.5;1:52:48.902;14:52:56.568;0:40.458;1:04.170;0:35.817;258.6;Abdulla Ali AL-KHELAIFI;;LMGT3;;Team Qatar by Iron Lynx;Mercedes;GF;40.458;64.170;35.817;
62;1;37;2:20.434;0;;40.237;0;1:04.023;0;36.174;0;179.5;1:55:09.336;14:55:17.002;0:40.237;1:04.023;0:36.174;258.6;Abdulla Ali AL-KHELAIFI;;LMGT3;;Team Qatar by Iron Lynx;Mercedes;GF;40.237;64.023;36.174;
62;1;38;2:21.165;0;;40.355;0;1:04.472;0;36.338;0;178.6;1:57:30.501;14:57:38.167;0:40.355;1:04.472;0:36.338;257.4;Abdulla Ali AL-KHELAIFI;;LMGT3;;Team Qatar by Iron Lynx;Mercedes;GF;40.355;64.472;36.338;
62;1;39;2:21.672;0;;40.441;0;1:04.439;0;36.792;0;178.0;1:59:52.173;14:59:59.839;0:40.441;1:04.439;0:36.792;258.0;Abdulla Ali AL-KHELAIFI;;LMGT3;;Team Qatar by Iron Lynx;Mercedes;SF;40.441;64.439;36.792;
62;1;40;3:01.895;0;;45.639;0;1:23.765;0;52.491;0;138.6;2:02:54.068;15:03:01.734;0:45.639;1:23.765;0:52.491;225.8;Abdulla Ali AL-KHELAIFI;;LMGT3;;Team Qatar by Iron Lynx;Mercedes;SF;45.639;83.765;52.491;
62;1;41;3:57.140;0;;57.294;0;1:44.106;0;1:15.740;0;106.3;2:06:51.208;15:06:58.874;0:57.294;1:44.106;1:15.740;167.7;Abdulla Ali AL-KHELAIFI;;LMGT3;;Team Qatar by Iron Lynx;Mercedes;SF;57.294;104.106;75.740;
62;1;42;4:21.538;0;;1:19.339;0;1:38.538;0;1:23.661;0;96.4;2:11:12.746;15:11:20.412;1:19.339;1:38.538;1:23.661;;Abdulla Ali AL-KHELAIFI;;LMGT3;;Team Qatar by Iron Lynx;Mercedes;SF;79.339;98.538;83.661;
62;1;43;3:52.842;0;;1:28.766;0;1:22.001;0;1:02.075;0;108.3;2:15:05.588;15:15:13.254;1:28.766;1:22.001;1:02.075;;Abdulla Ali AL-KHELAIFI;;LMGT3;;Team Qatar by Iron Lynx;Mercedes;GF;88.766;82.001;62.075;
62;1;44;2:21.907;0;;40.977;0;1:04.891;0;36.039;0;177.7;2:17:27.495;15:17:35.161;0:40.977;1:04.891;0:36.039;261.1;Abdulla Ali AL-KHELAIFI;;LMGT3;;Team Qatar by Iron Lynx;Mercedes;GF;40.977;64.891;36.039;
62;1;45;2:26.366;0;B;40.011;1;1:04.247;0;42.108;0;172.3;2:19:53.861;15:20:01.527;0:40.011;1:04.247;0:42.108;258.0;Abdulla Ali AL-KHELAIFI;;LMGT3;;Team Qatar by Iron Lynx;Mercedes;GF;40.011;64.247;42.108;
62;2;46;3:38.212;0;;1:55.380;0;1:06.590;0;36.242;0;115.5;2:23:32.073;15:23:39.739;1:55.380;1:06.590;0:36.242;253.2;Julian HANSES;0:01:24.633;LMGT3;;Team Qatar by Iron Lynx;Mercedes;GF;115.380;66.590;36.242;
62;2;47;2:21.406;0;;39.913;0;1:04.624;0;36.869;0;178.3;2:25:53.479;15:26:01.145;0:39.913;1:04.624;0:36.869;260.5;Julian HANSES;;LMGT3;;Team Qatar by Iron Lynx;Mercedes;GF;39.913;64.624;36.869;
62;2;48;2:21.668;0;;39.974;0;1:04.438;0;37.256;0;178.0;2:28:15.147;15:28:22.813;0:39.974;1:04.438;0:37.256;259.9;Julian HANSES;;LMGT3;;Team Qatar by Iron Lynx;Mercedes;GF;39.974;64.438;37.256;
62;2;49;2:20.142;0;;39.878;2;1:03.858;1;36.406;0;179.9;2:30:35.289;15:30:42.955;0:39.878;1:03.858;0:36.406;261.1;Julian HANSES;;LMGT3;;Team Qatar by Iron Lynx;Mercedes;GF;39.878;63.858;36.406;
62;2;50;2:21.257;0;;39.962;0;1:04.898;0;36.397;0;178.5;2:32:56.546;15:33:04.212;0:39.962;1:04.898;0:36.397;260.5;Julian HANSES;;LMGT3;;Team Qatar by Iron Lynx;Mercedes;GF;39.962;64.898;36.397;
62;2;51;2:20.843;0;;40.010;0;1:04.558;0;36.275;0;179.0;2:35:17.389;15:35:25.055;0:40.010;1:04.558;0:36.275;259.9;Julian HANSES;;LMGT3;;Team Qatar by Iron Lynx;Mercedes;GF;40.010;64.558;36.275;
62;2;52;2:20.310;0;;39.936;0;1:04.128;0;36.246;0;179.7;2:37:37.699;15:37:45.365;0:39.936;1:04.128;0:36.246;259.9;Julian HANSES;;LMGT3;;Team Qatar by Iron Lynx;Mercedes;GF;39.936;64.128;36.246;
62;2;53;2:20.419;0;;39.964;0;1:04.193;0;36.262;0;179.6;2:39:58.118;15:40:05.784;0:39.964;1:04.193;0:36.262;260.5;Julian HANSES;;LMGT3;;Team Qatar by Iron Lynx;Mercedes;GF;39.964;64.193;36.262;
62;2;54;2:20.330;0;;39.940;0;1:04.320;0;36.070;1;179.7;2:42:18.448;15:42:26.114;0:39.940;1:04.320;0:36.070;260.5;Julian HANSES;;LMGT3;;Team Qatar by Iron Lynx;Mercedes;GF;39.940;64.320;36.070;
62;2;55;2:22.748;0;;40.028;0;1:05.456;0;37.264;0;176.6;2:44:41.196;15:44:48.862;0:40.028;1:05.456;0:37.264;258.0;Julian HANSES;;LMGT3;;Team Qatar by Iron Lynx;Mercedes;GF;40.028;65.456;37.264;
62;2;56;2:20.803;0;;40.116;0;1:04.442;0;36.245;0;179.1;2:47:01.999;15:47:09.665;0:40.116;1:04.442;0:36.245;260.5;Julian HANSES;;LMGT3;;Team Qatar by Iron Lynx;Mercedes;GF;40.116;64.442;36.245;
62;2;57;2:21.587;0;;39.928;0;1:04.838;0;36.821;0;178.1;2:49:23.586;15:49:31.252;0:39.928;1:04.838;0:36.821;261.7;Julian HANSES;;LMGT3;;Team Qatar by Iron Lynx;Mercedes;GF;39.928;64.838;36.821;
62;2;58;2:22.490;0;;40.228;0;1:05.593;0;36.669;0;177.0;2:51:46.076;15:51:53.742;0:40.228;1:05.593;0:36.669;261.7;Julian HANSES;;LMGT3;;Team Qatar by Iron Lynx;Mercedes;GF;40.228;65.593;36.669;
62;2;59;2:21.707;0;;39.964;0;1:05.431;0;36.312;0;177.9;2:54:07.783;15:54:15.449;0:39.964;1:05.431;0:36.312;261.1;Julian HANSES;;LMGT3;;Team Qatar by Iron Lynx;Mercedes;GF;39.964;65.431;36.312;
62;2;60;2:20.834;0;;39.907;0;1:04.587;0;36.340;0;179.0;2:56:28.617;15:56:36.283;0:39.907;1:04.587;0:36.340;260.5;Julian HANSES;;LMGT3;;Team Qatar by Iron Lynx;Mercedes;GF;39.907;64.587;36.340;
62;2;61;2:21.777;0;;39.941;0;1:05.741;0;36.095;0;177.8;2:58:50.394;15:58:58.060;0:39.941;1:05.741;0:36.095;258.6;Julian HANSES;;LMGT3;;Team Qatar by Iron Lynx;Mercedes;GF;39.941;65.741;36.095;
62;2;62;2:21.049;0;;40.160;0;1:04.555;0;36.334;0;178.8;3:01:11.443;16:01:19.109;0:40.160;1:04.555;0:36.334;260.5;Julian HANSES;;LMGT3;;Team Qatar by Iron Lynx;Mercedes;GF;40.160;64.555;36.334;
62;2;63;2:20.848;0;;40.126;0;1:04.616;0;36.106;0;179.0;3:03:32.291;16:03:39.957;0:40.126;1:04.616;0:36.106;258.0;Julian HANSES;;LMGT3;;Team Qatar by Iron Lynx;Mercedes;GF;40.126;64.616;36.106;
62;2;64;2:22.474;0;;40.785;0;1:05.350;0;36.339;0;177.0;3:05:54.765;16:06:02.431;0:40.785;1:05.350;0:36.339;258.6;Julian HANSES;;LMGT3;;Team Qatar by Iron Lynx;Mercedes;GF;40.785;65.350;36.339;
62;2;65;2:21.814;0;;39.992;0;1:05.353;0;36.469;0;177.8;3:08:16.579;16:08:24.245;0:39.992;1:05.353;0:36.469;260.5;Julian HANSES;;LMGT3;;Team Qatar by Iron Lynx;Mercedes;GF;39.992;65.353;36.469;
62;2;66;2:27.254;0;B;40.164;0;1:04.974;0;42.116;0;171.2;3:10:43.833;16:10:51.499;0:40.164;1:04.974;0:42.116;261.1;Julian HANSES;;LMGT3;;Team Qatar by Iron Lynx;Mercedes;GF;40.164;64.974;42.116;
62;3;67;3:38.676;0;;1:57.271;0;1:05.515;0;35.890;0;115.3;3:14:22.509;16:14:30.175;1:57.271;1:05.515;0:35.890;250.8;Maxime MARTIN;0:01:26.634;LMGT3;;Team Qatar by Iron Lynx;Mercedes;GF;117.271;65.515;35.890;
62;3;68;2:20.622;0;;40.018;0;1:04.247;0;36.357;0;179.3;3:16:43.131;16:16:50.797;0:40.018;1:04.247;0:36.357;259.9;Maxime MARTIN;;LMGT3;;Team Qatar by Iron Lynx;Mercedes;GF;40.018;64.247;36.357;
62;3;69;2:19.631;0;;40.303;0;1:03.513;2;35.815;1;180.6;3:19:02.762;16:19:10.428;0:40.303;1:03.513;0:35.815;259.9;Maxime MARTIN;;LMGT3;;Team Qatar by Iron Lynx;Mercedes;GF;40.303;63.513;35.815;
62;3;70;2:20.619;0;;39.927;0;1:04.801;0;35.891;0;179.3;3:21:23.381;16:21:31.047;0:39.927;1:04.801;0:35.891;258.0;Maxime MARTIN;;LMGT3;;Team Qatar by Iron Lynx;Mercedes;GF;39.927;64.801;35.891;
62;3;71;2:19.348;2;;39.982;0;1:03.521;0;35.845;0;180.9;3:23:42.729;16:23:50.395;0:39.982;1:03.521;0:35.845;258.0;Maxime MARTIN;;LMGT3;;Team Qatar by Iron Lynx;Mercedes;GF;39.982;63.521;35.845;
62;3;72;2:19.546;0;;39.937;0;1:03.647;0;35.962;0;180.7;3:26:02.275;16:26:09.941;0:39.937;1:03.647;0:35.962;259.2;Maxime MARTIN;;LMGT3;;Team Qatar by Iron Lynx;Mercedes;GF;39.937;63.647;35.962;
62;3;73;2:19.749;0;;39.954;0;1:03.811;0;35.984;0;180.4;3:28:22.024;16:28:29.690;0:39.954;1:03.811;0:35.984;258.0;Maxime MARTIN;;LMGT3;;Team Qatar by Iron Lynx;Mercedes;GF;39.954;63.811;35.984;
62;3;74;2:22.640;0;;39.893;0;1:05.951;0;36.796;0;176.8;3:30:44.664;16:30:52.330;0:39.893;1:05.951;0:36.796;261.1;Maxime MARTIN;;LMGT3;;Team Qatar by Iron Lynx;Mercedes;GF;39.893;65.951;36.796;
62;3;75;2:21.000;0;;40.040;0;1:04.757;0;36.203;0;178.8;3:33:05.664;16:33:13.330;0:40.040;1:04.757;0:36.203;259.9;Maxime MARTIN;;LMGT3;;Team Qatar by Iron Lynx;Mercedes;GF;40.040;64.757;36.203;
62;3;76;2:20.651;0;;40.008;0;1:04.580;0;36.063;0;179.3;3:35:26.315;16:35:33.981;0:40.008;1:04.580;0:36.063;259.2;Maxime MARTIN;;LMGT3;;Team Qatar by Iron Lynx;Mercedes;GF;40.008;64.580;36.063;
62;3;77;2:20.426;0;;40.086;0;1:04.410;0;35.930;0;179.6;3:37:46.741;16:37:54.407;0:40.086;1:04.410;0:35.930;258.0;Maxime MARTIN;;LMGT3;;Team Qatar by Iron Lynx;Mercedes;GF;40.086;64.410;35.930;
62;3;78;2:20.732;0;;40.110;0;1:04.548;0;36.074;0;179.2;3:40:07.473;16:40:15.139;0:40.110;1:04.548;0:36.074;258.0;Maxime MARTIN;;LMGT3;;Team Qatar by Iron Lynx;Mercedes;GF;40.110;64.548;36.074;
62;3;79;2:20.176;0;;39.882;0;1:04.225;0;36.069;0;179.9;3:42:27.649;16:42:35.315;0:39.882;1:04.225;0:36.069;258.0;Maxime MARTIN;;LMGT3;;Team Qatar by Iron Lynx;Mercedes;GF;39.882;64.225;36.069;
62;3;80;2:20.444;0;;39.881;1;1:04.357;0;36.206;0;179.5;3:44:48.093;16:44:55.759;0:39.881;1:04.357;0:36.206;259.9;Maxime MARTIN;;LMGT3;;Team Qatar by Iron Lynx;Mercedes;GF;39.881;64.357;36.206;
62;3;81;2:21.491;0;;39.988;0;1:05.259;0;36.244;0;178.2;3:47:09.584;16:47:17.250;0:39.988;1:05.259;0:36.244;259.2;Maxime MARTIN;;LMGT3;;Team Qatar by Iron Lynx;Mercedes;GF;39.988;65.259;36.244;
62;3;82;2:21.665;0;;40.097;0;1:05.059;0;36.509;0;178.0;3:49:31.249;16:49:38.915;0:40.097;1:05.059;0:36.509;259.9;Maxime MARTIN;;LMGT3;;Team Qatar by Iron Lynx;Mercedes;GF;40.097;65.059;36.509;
62;3;83;2:20.774;0;;40.051;0;1:04.757;0;35.966;0;179.1;3:51:52.023;16:51:59.689;0:40.051;1:04.757;0:35.966;258.0;Maxime MARTIN;;LMGT3;;Team Qatar by Iron Lynx;Mercedes;GF;40.051;64.757;35.966;
62;3;84;2:20.557;0;;40.116;0;1:04.537;0;35.904;0;179.4;3:54:12.580;16:54:20.246;0:40.116;1:04.537;0:35.904;257.4;Maxime MARTIN;;LMGT3;;Team Qatar by Iron Lynx;Mercedes;GF;40.116;64.537;35.904;
62;3;85;2:20.699;0;;39.935;0;1:04.724;0;36.040;0;179.2;3:56:33.279;16:56:40.945;0:39.935;1:04.724;0:36.040;259.9;Maxime MARTIN;;LMGT3;;Team Qatar by Iron Lynx;Mercedes;GF;39.935;64.724;36.040;
62;3;86;2:21.425;0;;39.985;0;1:05.377;0;36.063;0;178.3;3:58:54.704;16:59:02.370;0:39.985;1:05.377;0:36.063;260.5;Maxime MARTIN;;LMGT3;;Team Qatar by Iron Lynx;Mercedes;GF;39.985;65.377;36.063;
62;3;87;2:21.340;0;;40.087;0;1:05.049;0;36.204;0;178.4;4:01:16.044;17:01:23.710;0:40.087;1:05.049;0:36.204;259.2;Maxime MARTIN;;LMGT3;;Team Qatar by Iron Lynx;Mercedes;FF;40.087;65.049;36.204;
63;1;1;3:09.749;0;;58.077;0;1:14.269;0;57.403;0;130.6;3:09.749;13:03:17.415;0:58.077;1:14.269;0:57.403;234.0;Ameerh NARAN;;LMGT3;;Iron Lynx;Mercedes;SF;58.077;74.269;57.403;
63;1;2;4:19.501;0;;1:39.361;0;1:45.540;0;54.600;0;97.2;7:29.250;13:07:36.916;1:39.361;1:45.540;0:54.600;;Ameerh NARAN;;LMGT3;;Iron Lynx;Mercedes;SF;99.361;105.540;54.600;
63;1;3;4:22.720;0;;1:48.288;0;1:40.390;0;54.042;0;96.0;11:51.970;13:11:59.636;1:48.288;1:40.390;0:54.042;;Ameerh NARAN;;LMGT3;;Iron Lynx;Mercedes;SF;108.288;100.390;54.042;
63;1;4;2:46.641;0;;54.473;0;1:09.664;0;42.504;0;151.3;14:38.611;13:14:46.277;0:54.473;1:09.664;0:42.504;;Ameerh NARAN;;LMGT3;;Iron Lynx;Mercedes;GF;54.473;69.664;42.504;
63;1;5;2:23.558;0;;40.978;0;1:06.197;0;36.383;0;175.6;17:02.169;13:17:09.835;0:40.978;1:06.197;0:36.383;258.6;Ameerh NARAN;;LMGT3;;Iron Lynx;Mercedes;GF;40.978;66.197;36.383;
63;1;6;2:22.229;0;;41.309;0;1:05.109;0;35.811;0;177.3;19:24.398;13:19:32.064;0:41.309;1:05.109;0:35.811;257.4;Ameerh NARAN;;LMGT3;;Iron Lynx;Mercedes;GF;41.309;65.109;35.811;
63;1;7;2:20.877;0;;40.201;0;1:05.008;0;35.668;2;179.0;21:45.275;13:21:52.941;0:40.201;1:05.008;0:35.668;261.1;Ameerh NARAN;;LMGT3;;Iron Lynx;Mercedes;GF;40.201;65.008;35.668;
63;1;8;2:21.618;0;;40.467;0;1:04.846;0;36.305;0;178.0;24:06.893;13:24:14.559;0:40.467;1:04.846;0:36.305;261.7;Ameerh NARAN;;LMGT3;;Iron Lynx;Mercedes;GF;40.467;64.846;36.305;
63;1;9;2:21.238;0;;39.981;1;1:05.335;0;35.922;0;178.5;26:28.131;13:26:35.797;0:39.981;1:05.335;0:35.922;263.0;Ameerh NARAN;;LMGT3;;Iron Lynx;Mercedes;GF;39.981;65.335;35.922;
63;1;10;2:22.558;0;;40.464;0;1:05.364;0;36.730;0;176.9;28:50.689;13:28:58.355;0:40.464;1:05.364;0:36.730;261.7;Ameerh NARAN;;LMGT3;;Iron Lynx;Mercedes;GF;40.464;65.364;36.730;
63;1;11;2:24.402;0;;41.028;0;1:06.291;0;37.083;0;174.6;31:15.091;13:31:22.757;0:41.028;1:06.291;0:37.083;259.2;Ameerh NARAN;;LMGT3;;Iron Lynx;Mercedes;GF;41.028;66.291;37.083;
63;1;12;2:27.575;0;;43.337;0;1:07.797;0;36.441;0;170.9;33:42.666;13:33:50.332;0:43.337;1:07.797;0:36.441;250.8;Ameerh NARAN;;LMGT3;;Iron Lynx;Mercedes;GF;43.337;67.797;36.441;
63;1;13;2:22.379;0;;40.121;0;1:06.083;0;36.175;0;177.1;36:05.045;13:36:12.711;0:40.121;1:06.083;0:36.175;262.4;Ameerh NARAN;;LMGT3;;Iron Lynx;Mercedes;GF;40.121;66.083;36.175;
63;1;14;2:23.618;0;;40.291;0;1:05.899;0;37.428;0;175.6;38:28.663;13:38:36.329;0:40.291;1:05.899;0:37.428;261.1;Ameerh NARAN;;LMGT3;;Iron Lynx;Mercedes;GF;40.291;65.899;37.428;
63;1;15;3:02.800;0;;40.479;0;1:05.735;0;1:16.586;0;137.9;41:31.463;13:41:39.129;0:40.479;1:05.735;1:16.586;261.7;Ameerh NARAN;;LMGT3;;Iron Lynx;Mercedes;GF;40.479;65.735;76.586;
63;1;16;5:23.153;0;B;1:42.447;0;2:09.685;0;1:31.021;0;78.0;46:54.616;13:47:02.282;1:42.447;2:09.685;1:31.021;;Ameerh NARAN;;LMGT3;;Iron Lynx;Mercedes;GF;102.447;129.685;91.021;
63;1;17;5:35.820;0;;2:34.657;0;2:09.710;0;51.453;0;75.1;52:30.436;13:52:38.102;2:34.657;2:09.710;0:51.453;;Ameerh NARAN;0:01:13.445;LMGT3;;Iron Lynx;Mercedes;SF;154.657;129.710;51.453;
63;1;18;2:41.029;0;;49.326;0;1:11.557;0;40.146;0;156.6;55:11.465;13:55:19.131;0:49.326;1:11.557;0:40.146;194.2;Ameerh NARAN;;LMGT3;;Iron Lynx;Mercedes;SF;49.326;71.557;40.146;
63;1;19;4:13.250;0;;55.829;0;1:40.123;0;1:37.298;0;99.6;59:24.715;13:59:32.381;0:55.829;1:40.123;1:37.298;;Ameerh NARAN;;LMGT3;;Iron Lynx;Mercedes;SF;55.829;100.123;97.298;
63;1;20;4:16.451;0;;1:24.420;0;1:37.392;0;1:14.639;0;98.3;1:03:41.166;14:03:48.832;1:24.420;1:37.392;1:14.639;186.8;Ameerh NARAN;;LMGT3;;Iron Lynx;Mercedes;SF;84.420;97.392;74.639;
63;1;21;2:41.467;0;;47.051;0;1:08.018;0;46.398;0;156.2;1:06:22.633;14:06:30.299;0:47.051;1:08.018;0:46.398;249.1;Ameerh NARAN;;LMGT3;;Iron Lynx;Mercedes;GF;47.051;68.018;46.398;
63;1;22;2:34.824;0;;40.753;0;1:08.924;0;45.147;0;162.9;1:08:57.457;14:09:05.123;0:40.753;1:08.924;0:45.147;261.1;Ameerh NARAN;;LMGT3;;Iron Lynx;Mercedes;SF;40.753;68.924;45.147;
63;1;23;4:20.018;0;;1:15.212;0;1:53.351;0;1:11.455;0;97.0;1:13:17.475;14:13:25.141;1:15.212;1:53.351;1:11.455;144.1;Ameerh NARAN;;LMGT3;;Iron Lynx;Mercedes;SF;75.212;113.351;71.455;
63;1;24;2:37.759;0;;46.013;0;1:07.018;0;44.728;0;159.8;1:15:55.234;14:16:02.900;0:46.013;1:07.018;0:44.728;251.4;Ameerh NARAN;;LMGT3;;Iron Lynx;Mercedes;GF;46.013;67.018;44.728;
63;1;25;2:22.168;0;;40.712;0;1:05.206;0;36.250;0;177.4;1:18:17.402;14:18:25.068;0:40.712;1:05.206;0:36.250;261.1;Ameerh NARAN;;LMGT3;;Iron Lynx;Mercedes;GF;40.712;65.206;36.250;
63;1;26;3:42.474;0;;46.886;0;1:25.545;0;1:30.043;0;113.3;1:21:59.876;14:22:07.542;0:46.886;1:25.545;1:30.043;206.4;Ameerh NARAN;;LMGT3;;Iron Lynx;Mercedes;SF;46.886;85.545;90.043;
63;1;27;3:33.239;0;;1:24.275;0;1:27.179;0;41.785;0;118.2;1:25:33.115;14:25:40.781;1:24.275;1:27.179;0:41.785;;Ameerh NARAN;;LMGT3;;Iron Lynx;Mercedes;SF;84.275;87.179;41.785;
63;1;28;2:50.899;0;;45.987;0;1:19.004;0;45.908;0;147.5;1:28:24.014;14:28:31.680;0:45.987;1:19.004;0:45.908;194.9;Ameerh NARAN;;LMGT3;;Iron Lynx;Mercedes;GF;45.987;79.004;45.908;
63;1;29;2:38.378;0;;40.415;0;1:11.790;0;46.173;0;159.2;1:31:02.392;14:31:10.058;0:40.415;1:11.790;0:46.173;260.5;Ameerh NARAN;;LMGT3;;Iron Lynx;Mercedes;SF;40.415;71.790;46.173;
63;1;30;4:00.684;0;;1:17.159;0;1:43.297;0;1:00.228;0;104.8;1:35:03.076;14:35:10.742;1:17.159;1:43.297;1:00.228;;Ameerh NARAN;;LMGT3;;Iron Lynx;Mercedes;SF;77.159;103.297;60.228;
63;1;31;4:03.616;0;;1:15.433;0;1:36.297;0;1:11.886;0;103.5;1:39:06.692;14:39:14.358;1:15.433;1:36.297;1:11.886;;Ameerh NARAN;;LMGT3;;Iron Lynx;Mercedes;SF;75.433;96.297;71.886;
63;1;32;3:52.660;0;;1:39.750;0;1:21.345;0;51.565;0;108.4;1:42:59.352;14:43:07.018;1:39.750;1:21.345;0:51.565;125.4;Ameerh NARAN;;LMGT3;;Iron Lynx;Mercedes;SF;99.750;81.345;51.565;
63;1;33;2:52.617;0;;47.498;0;1:22.136;0;42.983;0;146.1;1:45:51.969;14:45:59.635;0:47.498;1:22.136;0:42.983;185.2;Ameerh NARAN;;LMGT3;;Iron Lynx;Mercedes;GF;47.498;82.136;42.983;
63;1;34;2:21.428;0;;40.418;0;1:05.118;0;35.892;0;178.3;1:48:13.397;14:48:21.063;0:40.418;1:05.118;0:35.892;259.2;Ameerh NARAN;;LMGT3;;Iron Lynx;Mercedes;GF;40.418;65.118;35.892;
63;1;35;2:21.030;0;;40.531;0;1:04.636;1;35.863;0;178.8;1:50:34.427;14:50:42.093;0:40.531;1:04.636;0:35.863;259.2;Ameerh NARAN;;LMGT3;;Iron Lynx;Mercedes;GF;40.531;64.636;35.863;
63;1;36;2:22.602;0;;40.632;0;1:05.586;0;36.384;0;176.8;1:52:57.029;14:53:04.695;0:40.632;1:05.586;0:36.384;259.9;Ameerh NARAN;;LMGT3;;Iron Lynx;Mercedes;GF;40.632;65.586;36.384;
63;1;37;2:31.066;0;B;40.904;0;1:05.664;0;44.498;0;166.9;1:55:28.095;14:55:35.761;0:40.904;1:05.664;0:44.498;258.6;Ameerh NARAN;;LMGT3;;Iron Lynx;Mercedes;GF;40.904;65.664;44.498;
63;2;38;3:30.235;0;;1:47.173;0;1:06.196;0;36.866;0;119.9;1:58:58.330;14:59:05.996;1:47.173;1:06.196;0:36.866;251.4;Rui ANDRADE;0:01:14.975;LMGT3;;Iron Lynx;Mercedes;GF;107.173;66.196;36.866;
63;2;39;2:50.790;0;;40.167;0;1:25.569;0;45.054;0;147.6;2:01:49.120;15:01:56.786;0:40.167;1:25.569;0:45.054;232.5;Rui ANDRADE;;LMGT3;;Iron Lynx;Mercedes;SF;40.167;85.569;45.054;
63;2;40;4:38.697;0;;1:12.443;0;2:08.852;0;1:17.402;0;90.5;2:06:27.817;15:06:35.483;1:12.443;2:08.852;1:17.402;;Rui ANDRADE;;LMGT3;;Iron Lynx;Mercedes;SF;72.443;128.852;77.402;
63;2;41;4:01.704;0;;1:17.989;0;1:41.328;0;1:02.387;0;104.3;2:10:29.521;15:10:37.187;1:17.989;1:41.328;1:02.387;;Rui ANDRADE;;LMGT3;;Iron Lynx;Mercedes;SF;77.989;101.328;62.387;
63;2;42;2:36.003;0;;45.939;0;1:12.220;0;37.844;0;161.6;2:13:05.524;15:13:13.190;0:45.939;1:12.220;0:37.844;188.1;Rui ANDRADE;;LMGT3;;Iron Lynx;Mercedes;SF;45.939;72.220;37.844;
63;2;43;2:24.350;0;;43.248;0;1:05.246;0;35.856;0;174.7;2:15:29.874;15:15:37.540;0:43.248;1:05.246;0:35.856;252.0;Rui ANDRADE;;LMGT3;;Iron Lynx;Mercedes;GF;43.248;65.246;35.856;
63;2;44;2:20.080;0;;39.617;0;1:04.325;0;36.138;0;180.0;2:17:49.954;15:17:57.620;0:39.617;1:04.325;0:36.138;264.9;Rui ANDRADE;;LMGT3;;Iron Lynx;Mercedes;GF;39.617;64.325;36.138;
63;2;45;2:20.876;0;;39.588;1;1:04.819;0;36.469;0;179.0;2:20:10.830;15:20:18.496;0:39.588;1:04.819;0:36.469;264.9;Rui ANDRADE;;LMGT3;;Iron Lynx;Mercedes;GF;39.588;64.819;36.469;
63;2;46;2:21.645;0;;40.404;0;1:04.863;0;36.378;0;178.0;2:22:32.475;15:22:40.141;0:40.404;1:04.863;0:36.378;260.5;Rui ANDRADE;;LMGT3;;Iron Lynx;Mercedes;GF;40.404;64.863;36.378;
63;2;47;2:20.689;0;;39.846;0;1:05.016;0;35.827;0;179.2;2:24:53.164;15:25:00.830;0:39.846;1:05.016;0:35.827;264.3;Rui ANDRADE;;LMGT3;;Iron Lynx;Mercedes;GF;39.846;65.016;35.827;
63;2;48;2:20.210;0;;39.832;0;1:04.203;0;36.175;0;179.8;2:27:13.374;15:27:21.040;0:39.832;1:04.203;0:36.175;261.1;Rui ANDRADE;;LMGT3;;Iron Lynx;Mercedes;GF;39.832;64.203;36.175;
63;2;49;2:19.782;0;;39.810;0;1:04.197;1;35.775;1;180.4;2:29:33.156;15:29:40.822;0:39.810;1:04.197;0:35.775;261.7;Rui ANDRADE;;LMGT3;;Iron Lynx;Mercedes;GF;39.810;64.197;35.775;
63;2;50;2:21.624;0;;39.818;0;1:05.114;0;36.692;0;178.0;2:31:54.780;15:32:02.446;0:39.818;1:05.114;0:36.692;255.0;Rui ANDRADE;;LMGT3;;Iron Lynx;Mercedes;GF;39.818;65.114;36.692;
63;2;51;2:21.550;0;;40.215;0;1:04.897;0;36.438;0;178.1;2:34:16.330;15:34:23.996;0:40.215;1:04.897;0:36.438;261.7;Rui ANDRADE;;LMGT3;;Iron Lynx;Mercedes;GF;40.215;64.897;36.438;
63;2;52;2:20.609;0;;39.898;0;1:04.630;0;36.081;0;179.3;2:36:36.939;15:36:44.605;0:39.898;1:04.630;0:36.081;263.0;Rui ANDRADE;;LMGT3;;Iron Lynx;Mercedes;GF;39.898;64.630;36.081;
63;2;53;2:20.721;0;;39.813;0;1:04.808;0;36.100;0;179.2;2:38:57.660;15:39:05.326;0:39.813;1:04.808;0:36.100;263.6;Rui ANDRADE;;LMGT3;;Iron Lynx;Mercedes;GF;39.813;64.808;36.100;
63;2;54;3:14.259;0;;39.663;0;1:57.694;0;36.902;0;129.8;2:42:11.919;15:42:19.585;0:39.663;1:57.694;0:36.902;263.6;Rui ANDRADE;;LMGT3;;Iron Lynx;Mercedes;GF;39.663;117.694;36.902;
63;2;55;2:21.231;0;;40.356;0;1:04.815;0;36.060;0;178.5;2:44:33.150;15:44:40.816;0:40.356;1:04.815;0:36.060;259.2;Rui ANDRADE;;LMGT3;;Iron Lynx;Mercedes;GF;40.356;64.815;36.060;
63;2;56;2:20.868;0;;39.850;0;1:05.016;0;36.002;0;179.0;2:46:54.018;15:47:01.684;0:39.850;1:05.016;0:36.002;261.1;Rui ANDRADE;;LMGT3;;Iron Lynx;Mercedes;GF;39.850;65.016;36.002;
63;2;57;2:21.375;0;;40.098;0;1:04.963;0;36.314;0;178.3;2:49:15.393;15:49:23.059;0:40.098;1:04.963;0:36.314;260.5;Rui ANDRADE;;LMGT3;;Iron Lynx;Mercedes;GF;40.098;64.963;36.314;
63;2;58;2:22.343;0;;40.729;0;1:05.366;0;36.248;0;177.1;2:51:37.736;15:51:45.402;0:40.729;1:05.366;0:36.248;262.4;Rui ANDRADE;;LMGT3;;Iron Lynx;Mercedes;GF;40.729;65.366;36.248;
63;2;59;2:23.025;0;;40.164;0;1:06.146;0;36.715;0;176.3;2:54:00.761;15:54:08.427;0:40.164;1:06.146;0:36.715;257.4;Rui ANDRADE;;LMGT3;;Iron Lynx;Mercedes;GF;40.164;66.146;36.715;
63;2;60;2:23.086;0;;40.085;0;1:06.713;0;36.288;0;176.2;2:56:23.847;15:56:31.513;0:40.085;1:06.713;0:36.288;261.7;Rui ANDRADE;;LMGT3;;Iron Lynx;Mercedes;GF;40.085;66.713;36.288;
63;2;61;2:28.398;0;B;39.918;0;1:05.501;0;42.979;0;169.9;2:58:52.245;15:58:59.911;0:39.918;1:05.501;0:42.979;259.9;Rui ANDRADE;;LMGT3;;Iron Lynx;Mercedes;GF;39.918;65.501;42.979;
63;3;62;3:44.553;0;;2:03.006;0;1:05.511;0;36.036;0;112.3;3:02:36.798;16:02:44.464;2:03.006;1:05.511;0:36.036;248.5;Sergio SETTE CAMARA;0:01:31.465;LMGT3;;Iron Lynx;Mercedes;GF;123.006;65.511;36.036;
63;3;63;2:19.337;0;;39.974;0;1:03.629;0;35.734;1;181.0;3:04:56.135;16:05:03.801;0:39.974;1:03.629;0:35.734;258.0;Sergio SETTE CAMARA;;LMGT3;;Iron Lynx;Mercedes;GF;39.974;63.629;35.734;
63;3;64;2:18.911;2;;39.655;0;1:03.387;2;35.869;0;181.5;3:07:15.046;16:07:22.712;0:39.655;1:03.387;0:35.869;261.7;Sergio SETTE CAMARA;;LMGT3;;Iron Lynx;Mercedes;GF;39.655;63.387;35.869;
63;3;65;2:19.433;0;;39.650;0;1:03.957;0;35.826;0;180.8;3:09:34.479;16:09:42.145;0:39.650;1:03.957;0:35.826;260.5;Sergio SETTE CAMARA;;LMGT3;;Iron Lynx;Mercedes;GF;39.650;63.957;35.826;
63;3;66;2:19.198;0;;39.723;0;1:03.709;0;35.766;0;181.1;3:11:53.677;16:12:01.343;0:39.723;1:03.709;0:35.766;260.5;Sergio SETTE CAMARA;;LMGT3;;Iron Lynx;Mercedes;GF;39.723;63.709;35.766;
63;3;67;2:19.919;0;;39.597;0;1:03.773;0;36.549;0;180.2;3:14:13.596;16:14:21.262;0:39.597;1:03.773;0:36.549;261.7;Sergio SETTE CAMARA;;LMGT3;;Iron Lynx;Mercedes;GF;39.597;63.773;36.549;
63;3;68;2:19.405;0;;39.759;0;1:03.804;0;35.842;0;180.9;3:16:33.001;16:16:40.667;0:39.759;1:03.804;0:35.842;262.4;Sergio SETTE CAMARA;;LMGT3;;Iron Lynx;Mercedes;GF;39.759;63.804;35.842;
63;3;69;2:20.577;0;;39.804;0;1:04.977;0;35.796;0;179.4;3:18:53.578;16:19:01.244;0:39.804;1:04.977;0:35.796;263.0;Sergio SETTE CAMARA;;LMGT3;;Iron Lynx;Mercedes;GF;39.804;64.977;35.796;
63;3;70;2:19.839;0;;39.537;0;1:04.138;0;36.164;0;180.3;3:21:13.417;16:21:21.083;0:39.537;1:04.138;0:36.164;262.4;Sergio SETTE CAMARA;;LMGT3;;Iron Lynx;Mercedes;GF;39.537;64.138;36.164;
63;3;71;2:20.240;0;;40.004;0;1:04.337;0;35.899;0;179.8;3:23:33.657;16:23:41.323;0:40.004;1:04.337;0:35.899;262.4;Sergio SETTE CAMARA;;LMGT3;;Iron Lynx;Mercedes;GF;40.004;64.337;35.899;
63;3;72;2:20.218;0;;39.695;0;1:04.466;0;36.057;0;179.8;3:25:53.875;16:26:01.541;0:39.695;1:04.466;0:36.057;262.4;Sergio SETTE CAMARA;;LMGT3;;Iron Lynx;Mercedes;GF;39.695;64.466;36.057;
63;3;73;2:21.184;0;;39.723;0;1:04.971;0;36.490;0;178.6;3:28:15.059;16:28:22.725;0:39.723;1:04.971;0:36.490;263.0;Sergio SETTE CAMARA;;LMGT3;;Iron Lynx;Mercedes;GF;39.723;64.971;36.490;
63;3;74;2:20.814;0;;39.623;0;1:05.371;0;35.820;0;179.1;3:30:35.873;16:30:43.539;0:39.623;1:05.371;0:35.820;263.6;Sergio SETTE CAMARA;;LMGT3;;Iron Lynx;Mercedes;GF;39.623;65.371;35.820;
63;3;75;2:20.085;0;;39.634;0;1:04.586;0;35.865;0;180.0;3:32:55.958;16:33:03.624;0:39.634;1:04.586;0:35.865;265.6;Sergio SETTE CAMARA;;LMGT3;;Iron Lynx;Mercedes;GF;39.634;64.586;35.865;
63;3;76;2:20.713;0;;39.718;0;1:05.081;0;35.914;0;179.2;3:35:16.671;16:35:24.337;0:39.718;1:05.081;0:35.914;257.4;Sergio SETTE CAMARA;;LMGT3;;Iron Lynx;Mercedes;GF;39.718;65.081;35.914;
63;3;77;2:20.171;0;;39.616;0;1:04.572;0;35.983;0;179.9;3:37:36.842;16:37:44.508;0:39.616;1:04.572;0:35.983;263.6;Sergio SETTE CAMARA;;LMGT3;;Iron Lynx;Mercedes;GF;39.616;64.572;35.983;
63;3;78;2:20.455;0;;39.741;0;1:04.852;0;35.862;0;179.5;3:39:57.297;16:40:04.963;0:39.741;1:04.852;0:35.862;263.0;Sergio SETTE CAMARA;;LMGT3;;Iron Lynx;Mercedes;GF;39.741;64.852;35.862;
63;3;79;2:20.188;0;;39.496;2;1:04.869;0;35.823;0;179.9;3:42:17.485;16:42:25.151;0:39.496;1:04.869;0:35.823;263.0;Sergio SETTE CAMARA;;LMGT3;;Iron Lynx;Mercedes;GF;39.496;64.869;35.823;
63;3;80;2:20.293;0;;39.545;0;1:04.512;0;36.236;0;179.7;3:44:37.778;16:44:45.444;0:39.545;1:04.512;0:36.236;264.3;Sergio SETTE CAMARA;;LMGT3;;Iron Lynx;Mercedes;GF;39.545;64.512;36.236;
63;3;81;2:20.771;0;;39.696;0;1:04.827;0;36.248;0;179.1;3:46:58.549;16:47:06.215;0:39.696;1:04.827;0:36.248;263.6;Sergio SETTE CAMARA;;LMGT3;;Iron Lynx;Mercedes;GF;39.696;64.827;36.248;
63;3;82;2:21.064;0;;39.950;0;1:05.188;0;35.926;0;178.7;3:49:19.613;16:49:27.279;0:39.950;1:05.188;0:35.926;263.0;Sergio SETTE CAMARA;;LMGT3;;Iron Lynx;Mercedes;GF;39.950;65.188;35.926;
63;3;83;2:26.228;0;B;39.765;0;1:04.977;0;41.486;0;172.4;3:51:45.841;16:51:53.507;0:39.765;1:04.977;0:41.486;263.6;Sergio SETTE CAMARA;;LMGT3;;Iron Lynx;Mercedes;GF;39.765;64.977;41.486;
63;3;84;2:49.989;0;;1:08.680;0;1:05.321;0;35.988;0;148.3;3:54:35.830;16:54:43.496;1:08.680;1:05.321;0:35.988;260.5;Sergio SETTE CAMARA;0:00:40.293;LMGT3;;Iron Lynx;Mercedes;GF;68.680;65.321;35.988;
63;3;85;2:21.858;0;;39.694;0;1:05.974;0;36.190;0;177.7;3:56:57.688;16:57:05.354;0:39.694;1:05.974;0:36.190;253.8;Sergio SETTE CAMARA;;LMGT3;;Iron Lynx;Mercedes;GF;39.694;65.974;36.190;
63;3;86;2:22.567;0;;39.639;0;1:06.922;0;36.006;0;176.9;3:59:20.255;16:59:27.921;0:39.639;1:06.922;0:36.006;267.6;Sergio SETTE CAMARA;;LMGT3;;Iron Lynx;Mercedes;GF;39.639;66.922;36.006;
63;3;87;2:20.684;0;;39.840;0;1:04.916;0;35.928;0;179.2;4:01:40.939;17:01:48.605;0:39.840;1:04.916;0:35.928;263.6;Sergio SETTE CAMARA;;LMGT3;;Iron Lynx;Mercedes;FF;39.840;64.916;35.928;
68;1;1;2:57.021;0;;48.284;0;1:10.482;0;58.255;0;140.0;2:57.021;13:03:04.687;0:48.284;1:10.482;0:58.255;234.5;Nick ADCOCK;;LMP3;;M Racing;Ligier;SF;48.284;70.482;58.255;
68;1;2;4:16.886;0;;1:33.351;0;1:38.532;0;1:05.003;0;98.2;7:13.907;13:07:21.573;1:33.351;1:38.532;1:05.003;;Nick ADCOCK;;LMP3;;M Racing;Ligier;SF;93.351;98.532;65.003;
68;1;3;4:23.067;0;;1:41.925;0;1:40.827;0;1:00.315;0;95.8;11:36.974;13:11:44.640;1:41.925;1:40.827;1:00.315;;Nick ADCOCK;;LMP3;;M Racing;Ligier;SF;101.925;100.827;60.315;
68;1;4;2:53.951;0;;57.408;0;1:10.053;0;46.490;0;144.9;14:30.925;13:14:38.591;0:57.408;1:10.053;0:46.490;173.9;Nick ADCOCK;;LMP3;;M Racing;Ligier;GF;57.408;70.053;46.490;
68;1;5;2:20.827;0;;40.083;0;1:05.276;0;35.468;0;179.0;16:51.752;13:16:59.418;0:40.083;1:05.276;0:35.468;261.7;Nick ADCOCK;;LMP3;;M Racing;Ligier;GF;40.083;65.276;35.468;
68;1;6;2:19.983;0;;39.475;0;1:04.839;0;35.669;0;180.1;19:11.735;13:19:19.401;0:39.475;1:04.839;0:35.669;267.6;Nick ADCOCK;;LMP3;;M Racing;Ligier;GF;39.475;64.839;35.669;
68;1;7;2:19.280;0;;39.374;0;1:04.542;0;35.364;0;181.0;21:31.015;13:21:38.681;0:39.374;1:04.542;0:35.364;262.4;Nick ADCOCK;;LMP3;;M Racing;Ligier;GF;39.374;64.542;35.364;
68;1;8;2:18.526;0;;39.168;0;1:03.959;0;35.399;0;182.0;23:49.541;13:23:57.207;0:39.168;1:03.959;0:35.399;268.9;Nick ADCOCK;;LMP3;;M Racing;Ligier;GF;39.168;63.959;35.399;
68;1;9;2:18.665;0;;39.203;0;1:04.094;0;35.368;0;181.8;26:08.206;13:26:15.872;0:39.203;1:04.094;0:35.368;267.6;Nick ADCOCK;;LMP3;;M Racing;Ligier;GF;39.203;64.094;35.368;
68;1;10;2:18.235;0;;39.104;0;1:04.075;0;35.056;1;182.4;28:26.441;13:28:34.107;0:39.104;1:04.075;0:35.056;268.2;Nick ADCOCK;;LMP3;;M Racing;Ligier;GF;39.104;64.075;35.056;
68;1;11;2:17.993;0;;39.039;1;1:03.670;1;35.284;0;182.7;30:44.434;13:30:52.100;0:39.039;1:03.670;0:35.284;267.6;Nick ADCOCK;;LMP3;;M Racing;Ligier;GF;39.039;63.670;35.284;
68;1;12;2:18.068;0;;39.179;0;1:03.722;0;35.167;0;182.6;33:02.502;13:33:10.168;0:39.179;1:03.722;0:35.167;267.6;Nick ADCOCK;;LMP3;;M Racing;Ligier;GF;39.179;63.722;35.167;
68;1;13;2:19.814;0;;39.181;0;1:04.414;0;36.219;0;180.3;35:22.316;13:35:29.982;0:39.181;1:04.414;0:36.219;268.2;Nick ADCOCK;;LMP3;;M Racing;Ligier;GF;39.181;64.414;36.219;
68;1;14;2:20.942;0;;40.633;0;1:04.705;0;35.604;0;178.9;37:43.258;13:37:50.924;0:40.633;1:04.705;0:35.604;260.5;Nick ADCOCK;;LMP3;;M Racing;Ligier;GF;40.633;64.705;35.604;
68;1;15;2:19.727;0;;39.331;0;1:04.496;0;35.900;0;180.5;40:02.985;13:40:10.651;0:39.331;1:04.496;0:35.900;270.9;Nick ADCOCK;;LMP3;;M Racing;Ligier;GF;39.331;64.496;35.900;
68;1;16;4:58.972;0;B;1:17.471;0;2:08.641;0;1:32.860;0;84.3;45:01.957;13:45:09.623;1:17.471;2:08.641;1:32.860;;Nick ADCOCK;;LMP3;;M Racing;Ligier;GF;77.471;128.641;92.860;
68;1;17;6:43.972;0;;3:08.564;0;2:09.208;0;1:26.200;0;62.4;51:45.929;13:51:53.595;3:08.564;2:09.208;1:26.200;;Nick ADCOCK;0:01:47.216;LMP3;;M Racing;Ligier;SF;188.564;129.208;86.200;
68;1;18;2:42.025;0;;53.968;0;1:09.755;0;38.302;0;155.6;54:27.954;13:54:35.620;0:53.968;1:09.755;0:38.302;191.1;Nick ADCOCK;;LMP3;;M Racing;Ligier;SF;53.968;69.755;38.302;
68;1;19;4:36.536;0;;1:17.912;0;1:44.071;0;1:34.553;0;91.2;59:04.490;13:59:12.156;1:17.912;1:44.071;1:34.553;140.4;Nick ADCOCK;;LMP3;;M Racing;Ligier;SF;77.912;104.071;94.553;
68;1;20;4:15.956;0;;1:22.958;0;1:39.529;0;1:13.469;0;98.5;1:03:20.446;14:03:28.112;1:22.958;1:39.529;1:13.469;;Nick ADCOCK;;LMP3;;M Racing;Ligier;SF;82.958;99.529;73.469;
68;1;21;2:50.411;0;;47.206;0;1:13.096;0;50.109;0;148.0;1:06:10.857;14:06:18.523;0:47.206;1:13.096;0:50.109;174.5;Nick ADCOCK;;LMP3;;M Racing;Ligier;GF;47.206;73.096;50.109;
68;1;22;2:29.772;0;;40.282;0;1:05.797;0;43.693;0;168.4;1:08:40.629;14:08:48.295;0:40.282;1:05.797;0:43.693;263.0;Nick ADCOCK;;LMP3;;M Racing;Ligier;SF;40.282;65.797;43.693;
68;1;23;4:17.425;0;;1:10.388;0;1:55.016;0;1:12.021;0;97.9;1:12:58.054;14:13:05.720;1:10.388;1:55.016;1:12.021;131.0;Nick ADCOCK;;LMP3;;M Racing;Ligier;SF;70.388;115.016;72.021;
68;1;24;2:49.125;0;;46.505;0;1:09.036;0;53.584;0;149.1;1:15:47.179;14:15:54.845;0:46.505;1:09.036;0:53.584;188.1;Nick ADCOCK;;LMP3;;M Racing;Ligier;GF;46.505;69.036;53.584;
68;1;25;2:22.464;0;;40.736;0;1:06.172;0;35.556;0;177.0;1:18:09.643;14:18:17.309;0:40.736;1:06.172;0:35.556;255.0;Nick ADCOCK;;LMP3;;M Racing;Ligier;GF;40.736;66.172;35.556;
68;1;26;3:41.067;0;;42.928;0;1:30.558;0;1:27.581;0;114.1;1:21:50.710;14:21:58.376;0:42.928;1:30.558;1:27.581;165.9;Nick ADCOCK;;LMP3;;M Racing;Ligier;SF;42.928;90.558;87.581;
68;1;27;3:35.916;0;;1:24.956;0;1:26.666;0;44.294;0;116.8;1:25:26.626;14:25:34.292;1:24.956;1:26.666;0:44.294;;Nick ADCOCK;;LMP3;;M Racing;Ligier;SF;84.956;86.666;44.294;
68;1;28;2:53.674;0;;46.040;0;1:19.317;0;48.317;0;145.2;1:28:20.300;14:28:27.966;0:46.040;1:19.317;0:48.317;174.2;Nick ADCOCK;;LMP3;;M Racing;Ligier;GF;46.040;79.317;48.317;
68;1;29;2:24.458;0;;40.516;0;1:05.775;0;38.167;0;174.5;1:30:44.758;14:30:52.424;0:40.516;1:05.775;0:38.167;263.6;Nick ADCOCK;;LMP3;;M Racing;Ligier;SF;40.516;65.775;38.167;
68;1;30;4:04.576;0;;1:19.118;0;1:44.597;0;1:00.861;0;103.1;1:34:49.334;14:34:57.000;1:19.118;1:44.597;1:00.861;135.6;Nick ADCOCK;;LMP3;;M Racing;Ligier;SF;79.118;104.597;60.861;
68;1;31;4:01.160;0;;1:14.125;0;1:38.756;0;1:08.279;0;104.6;1:38:50.494;14:38:58.160;1:14.125;1:38.756;1:08.279;125.6;Nick ADCOCK;;LMP3;;M Racing;Ligier;SF;74.125;98.756;68.279;
68;1;32;3:51.273;0;;1:37.893;0;1:26.073;0;47.307;0;109.0;1:42:41.767;14:42:49.433;1:37.893;1:26.073;0:47.307;;Nick ADCOCK;;LMP3;;M Racing;Ligier;SF;97.893;86.073;47.307;
68;1;33;3:02.856;0;;45.904;0;1:28.578;0;48.374;0;137.9;1:45:44.623;14:45:52.289;0:45.904;1:28.578;0:48.374;236.1;Nick ADCOCK;;LMP3;;M Racing;Ligier;GF;45.904;88.578;48.374;
68;1;34;2:22.474;0;;40.358;0;1:06.735;0;35.381;0;177.0;1:48:07.097;14:48:14.763;0:40.358;1:06.735;0:35.381;256.8;Nick ADCOCK;;LMP3;;M Racing;Ligier;GF;40.358;66.735;35.381;
68;1;35;2:19.369;0;;39.626;0;1:04.420;0;35.323;0;180.9;1:50:26.466;14:50:34.132;0:39.626;1:04.420;0:35.323;265.6;Nick ADCOCK;;LMP3;;M Racing;Ligier;GF;39.626;64.420;35.323;
68;1;36;2:21.138;0;;39.701;0;1:05.997;0;35.440;0;178.6;1:52:47.604;14:52:55.270;0:39.701;1:05.997;0:35.440;266.2;Nick ADCOCK;;LMP3;;M Racing;Ligier;GF;39.701;65.997;35.440;
68;1;37;2:19.140;0;;39.698;0;1:04.257;0;35.185;0;181.2;1:55:06.744;14:55:14.410;0:39.698;1:04.257;0:35.185;266.9;Nick ADCOCK;;LMP3;;M Racing;Ligier;GF;39.698;64.257;35.185;
68;1;38;2:19.615;0;;39.450;0;1:04.702;0;35.463;0;180.6;1:57:26.359;14:57:34.025;0:39.450;1:04.702;0:35.463;268.2;Nick ADCOCK;;LMP3;;M Racing;Ligier;GF;39.450;64.702;35.463;
68;1;39;2:21.649;0;;39.501;0;1:04.886;0;37.262;0;178.0;1:59:48.008;14:59:55.674;0:39.501;1:04.886;0:37.262;269.6;Nick ADCOCK;;LMP3;;M Racing;Ligier;SF;39.501;64.886;37.262;
68;1;40;3:02.379;0;;43.235;0;1:27.256;0;51.888;0;138.3;2:02:50.387;15:02:58.053;0:43.235;1:27.256;0:51.888;188.5;Nick ADCOCK;;LMP3;;M Racing;Ligier;SF;43.235;87.256;51.888;
68;1;41;3:57.329;0;;56.225;0;1:43.836;0;1:17.268;0;106.2;2:06:47.716;15:06:55.382;0:56.225;1:43.836;1:17.268;159.4;Nick ADCOCK;;LMP3;;M Racing;Ligier;SF;56.225;103.836;77.268;
68;1;42;4:20.984;0;;1:17.864;0;1:39.528;0;1:23.592;0;96.6;2:11:08.700;15:11:16.366;1:17.864;1:39.528;1:23.592;130.6;Nick ADCOCK;;LMP3;;M Racing;Ligier;SF;77.864;99.528;83.592;
68;1;43;3:55.068;0;;1:28.732;0;1:23.553;0;1:02.783;0;107.3;2:15:03.768;15:15:11.434;1:28.732;1:23.553;1:02.783;155.0;Nick ADCOCK;;LMP3;;M Racing;Ligier;GF;88.732;83.553;62.783;
68;1;44;2:30.357;0;B;40.182;0;1:06.841;0;43.334;0;167.7;2:17:34.125;15:17:41.791;0:40.182;1:06.841;0:43.334;262.4;Nick ADCOCK;;LMP3;;M Racing;Ligier;GF;40.182;66.841;43.334;
68;3;45;4:03.487;0;;2:18.027;0;1:09.009;0;36.451;0;103.6;2:21:37.612;15:21:45.278;2:18.027;1:09.009;0:36.451;237.1;Alfie BRIGGS;0:01:47.072;LMP3;;M Racing;Ligier;GF;138.027;69.009;36.451;
68;3;46;2:21.396;0;;40.238;0;1:05.150;0;36.008;0;178.3;2:23:59.008;15:24:06.674;0:40.238;1:05.150;0:36.008;265.6;Alfie BRIGGS;;LMP3;;M Racing;Ligier;GF;40.238;65.150;36.008;
68;3;47;2:18.163;0;;39.325;0;1:03.437;0;35.401;0;182.5;2:26:17.171;15:26:24.837;0:39.325;1:03.437;0:35.401;268.9;Alfie BRIGGS;;LMP3;;M Racing;Ligier;GF;39.325;63.437;35.401;
68;3;48;2:18.841;0;;39.256;0;1:04.326;0;35.259;0;181.6;2:28:36.012;15:28:43.678;0:39.256;1:04.326;0:35.259;270.9;Alfie BRIGGS;;LMP3;;M Racing;Ligier;GF;39.256;64.326;35.259;
68;3;49;2:18.007;0;;39.038;0;1:03.765;0;35.204;0;182.7;2:30:54.019;15:31:01.685;0:39.038;1:03.765;0:35.204;270.2;Alfie BRIGGS;;LMP3;;M Racing;Ligier;GF;39.038;63.765;35.204;
68;3;50;2:17.391;0;;38.819;0;1:03.597;0;34.975;0;183.5;2:33:11.410;15:33:19.076;0:38.819;1:03.597;0:34.975;270.2;Alfie BRIGGS;;LMP3;;M Racing;Ligier;GF;38.819;63.597;34.975;
68;3;51;2:16.753;0;;38.727;0;1:03.160;0;34.866;0;184.4;2:35:28.163;15:35:35.829;0:38.727;1:03.160;0:34.866;271.6;Alfie BRIGGS;;LMP3;;M Racing;Ligier;GF;38.727;63.160;34.866;
68;3;52;2:17.671;0;;38.530;0;1:03.580;0;35.561;0;183.1;2:37:45.834;15:37:53.500;0:38.530;1:03.580;0:35.561;274.3;Alfie BRIGGS;;LMP3;;M Racing;Ligier;GF;38.530;63.580;35.561;
68;3;53;2:17.413;0;;38.971;0;1:03.466;0;34.976;0;183.5;2:40:03.247;15:40:10.913;0:38.971;1:03.466;0:34.976;273.6;Alfie BRIGGS;;LMP3;;M Racing;Ligier;GF;38.971;63.466;34.976;
68;3;54;2:16.922;0;;38.545;0;1:03.433;0;34.944;0;184.1;2:42:20.169;15:42:27.835;0:38.545;1:03.433;0:34.944;272.3;Alfie BRIGGS;;LMP3;;M Racing;Ligier;GF;38.545;63.433;34.944;
68;3;55;2:19.880;0;;38.505;0;1:05.502;0;35.873;0;180.3;2:44:40.049;15:44:47.715;0:38.505;1:05.502;0:35.873;248.0;Alfie BRIGGS;;LMP3;;M Racing;Ligier;GF;38.505;65.502;35.873;
68;3;56;2:19.754;0;;38.549;0;1:04.758;0;36.447;0;180.4;2:46:59.803;15:47:07.469;0:38.549;1:04.758;0:36.447;273.6;Alfie BRIGGS;;LMP3;;M Racing;Ligier;GF;38.549;64.758;36.447;
68;3;57;2:22.197;0;;39.503;0;1:05.972;0;36.722;0;177.3;2:49:22.000;15:49:29.666;0:39.503;1:05.972;0:36.722;270.9;Alfie BRIGGS;;LMP3;;M Racing;Ligier;GF;39.503;65.972;36.722;
68;3;58;2:16.666;0;;38.532;0;1:03.257;0;34.877;0;184.5;2:51:38.666;15:51:46.332;0:38.532;1:03.257;0:34.877;272.9;Alfie BRIGGS;;LMP3;;M Racing;Ligier;GF;38.532;63.257;34.877;
68;3;59;2:17.769;0;;39.073;0;1:03.847;0;34.849;0;183.0;2:53:56.435;15:54:04.101;0:39.073;1:03.847;0:34.849;267.6;Alfie BRIGGS;;LMP3;;M Racing;Ligier;GF;39.073;63.847;34.849;
68;3;60;2:16.595;0;;38.900;0;1:02.760;0;34.935;0;184.6;2:56:13.030;15:56:20.696;0:38.900;1:02.760;0:34.935;271.6;Alfie BRIGGS;;LMP3;;M Racing;Ligier;GF;38.900;62.760;34.935;
68;3;61;2:16.013;0;;38.572;0;1:02.809;0;34.632;0;185.4;2:58:29.043;15:58:36.709;0:38.572;1:02.809;0:34.632;272.9;Alfie BRIGGS;;LMP3;;M Racing;Ligier;GF;38.572;62.809;34.632;
68;3;62;2:15.721;2;;38.480;0;1:02.481;2;34.760;0;185.8;3:00:44.764;16:00:52.430;0:38.480;1:02.481;0:34.760;272.3;Alfie BRIGGS;;LMP3;;M Racing;Ligier;GF;38.480;62.481;34.760;
68;3;63;2:15.778;0;;38.407;2;1:02.832;0;34.539;2;185.7;3:03:00.542;16:03:08.208;0:38.407;1:02.832;0:34.539;271.6;Alfie BRIGGS;;LMP3;;M Racing;Ligier;GF;38.407;62.832;34.539;
68;3;64;2:16.391;0;;38.453;0;1:03.273;0;34.665;0;184.9;3:05:16.933;16:05:24.599;0:38.453;1:03.273;0:34.665;272.3;Alfie BRIGGS;;LMP3;;M Racing;Ligier;GF;38.453;63.273;34.665;
68;3;65;2:16.234;0;;38.428;0;1:03.228;0;34.578;0;185.1;3:07:33.167;16:07:40.833;0:38.428;1:03.228;0:34.578;275.7;Alfie BRIGGS;;LMP3;;M Racing;Ligier;GF;38.428;63.228;34.578;
68;3;66;2:16.396;0;;38.491;0;1:03.285;0;34.620;0;184.9;3:09:49.563;16:09:57.229;0:38.491;1:03.285;0:34.620;274.3;Alfie BRIGGS;;LMP3;;M Racing;Ligier;GF;38.491;63.285;34.620;
68;3;67;2:24.723;0;B;38.567;0;1:04.197;0;41.959;0;174.2;3:12:14.286;16:12:21.952;0:38.567;1:04.197;0:41.959;276.4;Alfie BRIGGS;;LMP3;;M Racing;Ligier;GF;38.567;64.197;41.959;
68;3;68;7:44.170;0;B;5:57.775;0;1:04.888;0;41.507;0;54.3;3:19:58.456;16:20:06.122;5:57.775;1:04.888;0:41.507;266.2;Alfie BRIGGS;0:05:28.955;LMP3;;M Racing;Ligier;GF;357.775;64.888;41.507;
68;2;69;3:19.184;0;;1:38.994;0;1:05.210;0;34.980;0;126.6;3:23:17.640;16:23:25.306;1:38.994;1:05.210;0:34.980;264.9;Thomas IMBOURG;0:01:10.431;LMP3;;M Racing;Ligier;GF;98.994;65.210;34.980;
68;2;70;2:18.074;0;;38.936;0;1:04.202;0;34.936;0;182.6;3:25:35.714;16:25:43.380;0:38.936;1:04.202;0:34.936;270.9;Thomas IMBOURG;;LMP3;;M Racing;Ligier;GF;38.936;64.202;34.936;
68;2;71;2:20.129;0;;38.859;0;1:05.671;0;35.599;0;179.9;3:27:55.843;16:28:03.509;0:38.859;1:05.671;0:35.599;272.9;Thomas IMBOURG;;LMP3;;M Racing;Ligier;GF;38.859;65.671;35.599;
68;2;72;2:19.111;0;;38.942;0;1:04.951;0;35.218;0;181.3;3:30:14.954;16:30:22.620;0:38.942;1:04.951;0:35.218;248.0;Thomas IMBOURG;;LMP3;;M Racing;Ligier;GF;38.942;64.951;35.218;
68;2;73;2:19.980;0;;38.746;0;1:06.271;0;34.963;0;180.1;3:32:34.934;16:32:42.600;0:38.746;1:06.271;0:34.963;270.2;Thomas IMBOURG;;LMP3;;M Racing;Ligier;GF;38.746;66.271;34.963;
68;2;74;2:17.339;0;;38.693;0;1:03.751;0;34.895;0;183.6;3:34:52.273;16:34:59.939;0:38.693;1:03.751;0:34.895;269.6;Thomas IMBOURG;;LMP3;;M Racing;Ligier;GF;38.693;63.751;34.895;
68;2;75;2:17.286;0;;38.616;1;1:03.932;0;34.738;0;183.7;3:37:09.559;16:37:17.225;0:38.616;1:03.932;0:34.738;272.9;Thomas IMBOURG;;LMP3;;M Racing;Ligier;GF;38.616;63.932;34.738;
68;2;76;2:17.682;0;;39.344;0;1:03.465;0;34.873;0;183.1;3:39:27.241;16:39:34.907;0:39.344;1:03.465;0:34.873;269.6;Thomas IMBOURG;;LMP3;;M Racing;Ligier;GF;39.344;63.465;34.873;
68;2;77;2:21.508;0;;38.694;0;1:03.785;0;39.029;0;178.2;3:41:48.749;16:41:56.415;0:38.694;1:03.785;0:39.029;273.6;Thomas IMBOURG;;LMP3;;M Racing;Ligier;GF;38.694;63.785;39.029;
68;2;78;4:34.559;0;B;1:17.106;0;2:07.062;0;1:10.391;0;91.8;3:46:23.308;16:46:30.974;1:17.106;2:07.062;1:10.391;;Thomas IMBOURG;;LMP3;;M Racing;Ligier;GF;77.106;127.062;70.391;
68;2;79;3:28.629;0;;1:40.051;0;1:11.209;0;37.369;0;120.9;3:49:51.937;16:49:59.603;1:40.051;1:11.209;0:37.369;225.3;Thomas IMBOURG;0:01:05.458;LMP3;;M Racing;Ligier;GF;100.051;71.209;37.369;
68;2;80;2:20.962;0;;40.302;0;1:04.208;0;36.452;0;178.9;3:52:12.899;16:52:20.565;0:40.302;1:04.208;0:36.452;262.4;Thomas IMBOURG;;LMP3;;M Racing;Ligier;GF;40.302;64.208;36.452;
68;2;81;2:19.489;0;;39.112;0;1:04.752;0;35.625;0;180.8;3:54:32.388;16:54:40.054;0:39.112;1:04.752;0:35.625;268.2;Thomas IMBOURG;;LMP3;;M Racing;Ligier;GF;39.112;64.752;35.625;
68;2;82;2:16.395;0;;38.642;0;1:03.079;1;34.674;1;184.9;3:56:48.783;16:56:56.449;0:38.642;1:03.079;0:34.674;271.6;Thomas IMBOURG;;LMP3;;M Racing;Ligier;GF;38.642;63.079;34.674;
68;2;83;2:17.546;0;;38.629;0;1:03.911;0;35.006;0;183.3;3:59:06.329;16:59:13.995;0:38.629;1:03.911;0:35.006;272.3;Thomas IMBOURG;;LMP3;;M Racing;Ligier;GF;38.629;63.911;35.006;
68;2;84;2:19.944;0;;38.972;0;1:04.806;0;36.166;0;180.2;4:01:26.273;17:01:33.939;0:38.972;1:04.806;0:36.166;264.3;Thomas IMBOURG;;LMP3;;M Racing;Ligier;FF;38.972;64.806;36.166;
7;1;1;2:30.467;0;;40.898;0;1:02.034;0;47.535;0;164.7;2:30.467;13:02:38.133;0:40.898;1:02.034;0:47.535;255.0;Jens Reno MØLLER;;LMP2 Pro/Am;;Vector Sport;Oreca;SF;40.898;62.034;47.535;
7;1;2;4:20.733;0;;1:21.138;0;1:51.328;0;1:08.267;0;96.7;6:51.200;13:06:58.866;1:21.138;1:51.328;1:08.267;;Jens Reno MØLLER;;LMP2 Pro/Am;;Vector Sport;Oreca;SF;81.138;111.328;68.267;
7;1;3;4:19.955;0;;1:30.652;0;1:51.991;0;57.312;0;97.0;11:11.155;13:11:18.821;1:30.652;1:51.991;0:57.312;;Jens Reno MØLLER;;LMP2 Pro/Am;;Vector Sport;Oreca;SF;90.652;111.991;57.312;
7;1;4;3:04.852;0;;59.392;0;1:16.797;0;48.663;0;136.4;14:16.007;13:14:23.673;0:59.392;1:16.797;0:48.663;204.1;Jens Reno MØLLER;;LMP2 Pro/Am;;Vector Sport;Oreca;GF;59.392;76.797;48.663;
7;1;5;2:08.281;0;;36.355;0;59.051;0;32.875;0;196.6;16:24.288;13:16:31.954;0:36.355;0:59.051;0:32.875;293.7;Jens Reno MØLLER;;LMP2 Pro/Am;;Vector Sport;Oreca;GF;36.355;59.051;32.875;
7;1;6;2:07.330;0;;36.109;0;58.598;0;32.623;0;198.0;18:31.618;13:18:39.284;0:36.109;0:58.598;0:32.623;296.9;Jens Reno MØLLER;;LMP2 Pro/Am;;Vector Sport;Oreca;GF;36.109;58.598;32.623;
7;1;7;2:07.837;0;;36.141;0;58.538;1;33.158;0;197.2;20:39.455;13:20:47.121;0:36.141;0:58.538;0:33.158;296.1;Jens Reno MØLLER;;LMP2 Pro/Am;;Vector Sport;Oreca;GF;36.141;58.538;33.158;
7;1;8;2:09.650;0;;36.321;0;1:00.328;0;33.001;0;194.5;22:49.105;13:22:56.771;0:36.321;1:00.328;0:33.001;288.2;Jens Reno MØLLER;;LMP2 Pro/Am;;Vector Sport;Oreca;GF;36.321;60.328;33.001;
7;1;9;2:08.822;0;;36.229;0;59.787;0;32.806;0;195.7;24:57.927;13:25:05.593;0:36.229;0:59.787;0:32.806;289.0;Jens Reno MØLLER;;LMP2 Pro/Am;;Vector Sport;Oreca;GF;36.229;59.787;32.806;
7;1;10;2:07.508;0;;36.017;0;58.853;0;32.638;0;197.7;27:05.435;13:27:13.101;0:36.017;0:58.853;0:32.638;296.1;Jens Reno MØLLER;;LMP2 Pro/Am;;Vector Sport;Oreca;GF;36.017;58.853;32.638;
7;1;11;2:07.244;0;;35.935;0;58.699;0;32.610;1;198.2;29:12.679;13:29:20.345;0:35.935;0:58.699;0:32.610;296.1;Jens Reno MØLLER;;LMP2 Pro/Am;;Vector Sport;Oreca;GF;35.935;58.699;32.610;
7;1;12;2:10.921;0;;36.790;0;1:00.878;0;33.253;0;192.6;31:23.600;13:31:31.266;0:36.790;1:00.878;0:33.253;289.7;Jens Reno MØLLER;;LMP2 Pro/Am;;Vector Sport;Oreca;GF;36.790;60.878;33.253;
7;1;13;2:11.109;0;;35.820;1;1:01.377;0;33.912;0;192.3;33:34.709;13:33:42.375;0:35.820;1:01.377;0:33.912;299.3;Jens Reno MØLLER;;LMP2 Pro/Am;;Vector Sport;Oreca;GF;35.820;61.377;33.912;
7;1;14;2:12.601;0;;37.274;0;1:01.015;0;34.312;0;190.2;35:47.310;13:35:54.976;0:37.274;1:01.015;0:34.312;292.1;Jens Reno MØLLER;;LMP2 Pro/Am;;Vector Sport;Oreca;GF;37.274;61.015;34.312;
7;1;15;2:09.470;0;;35.878;0;1:00.703;0;32.889;0;194.7;37:56.780;13:38:04.446;0:35.878;1:00.703;0:32.889;297.7;Jens Reno MØLLER;;LMP2 Pro/Am;;Vector Sport;Oreca;GF;35.878;60.703;32.889;
7;1;16;2:08.638;0;;35.842;0;59.633;0;33.163;0;196.0;40:05.418;13:40:13.084;0:35.842;0:59.633;0:33.163;297.7;Jens Reno MØLLER;;LMP2 Pro/Am;;Vector Sport;Oreca;GF;35.842;59.633;33.163;
7;1;17;4:57.508;0;B;1:18.676;0;2:09.712;0;1:29.120;0;84.8;45:02.926;13:45:10.592;1:18.676;2:09.712;1:29.120;;Jens Reno MØLLER;;LMP2 Pro/Am;;Vector Sport;Oreca;GF;78.676;129.712;89.120;
7;1;18;6:02.007;0;;2:27.158;0;2:08.986;0;1:25.863;0;69.7;51:04.933;13:51:12.599;2:27.158;2:08.986;1:25.863;;Jens Reno MØLLER;0:01:07.618;LMP2 Pro/Am;;Vector Sport;Oreca;GF;147.158;128.986;85.863;
7;1;19;3:02.995;0;;1:16.572;0;1:05.776;0;40.647;0;137.8;54:07.928;13:54:15.594;1:16.572;1:05.776;0:40.647;221.6;Jens Reno MØLLER;;LMP2 Pro/Am;;Vector Sport;Oreca;SF;76.572;65.776;40.647;
7;1;20;4:50.624;0;;1:29.386;0;1:45.241;0;1:35.997;0;86.8;58:58.552;13:59:06.218;1:29.386;1:45.241;1:35.997;168.8;Jens Reno MØLLER;;LMP2 Pro/Am;;Vector Sport;Oreca;SF;89.386;105.241;95.997;
7;1;21;4:15.723;0;;1:23.245;0;1:39.547;0;1:12.931;0;98.6;1:03:14.275;14:03:21.941;1:23.245;1:39.547;1:12.931;;Jens Reno MØLLER;;LMP2 Pro/Am;;Vector Sport;Oreca;SF;83.245;99.547;72.931;
7;1;22;2:52.655;0;;47.956;0;1:14.574;0;50.125;0;146.0;1:06:06.930;14:06:14.596;0:47.956;1:14.574;0:50.125;167.2;Jens Reno MØLLER;;LMP2 Pro/Am;;Vector Sport;Oreca;GF;47.956;74.574;50.125;
7;1;23;2:18.293;0;;37.552;0;1:02.524;0;38.217;0;182.3;1:08:25.223;14:08:32.889;0:37.552;1:02.524;0:38.217;286.7;Jens Reno MØLLER;;LMP2 Pro/Am;;Vector Sport;Oreca;SF;37.552;62.524;38.217;
7;1;24;4:16.660;0;;1:11.688;0;1:54.862;0;1:10.110;0;98.2;1:12:41.883;14:12:49.549;1:11.688;1:54.862;1:10.110;;Jens Reno MØLLER;;LMP2 Pro/Am;;Vector Sport;Oreca;SF;71.688;114.862;70.110;
7;1;25;2:57.802;0;;45.951;0;1:15.829;0;56.022;0;141.8;1:15:39.685;14:15:47.351;0:45.951;1:15.829;0:56.022;219.4;Jens Reno MØLLER;;LMP2 Pro/Am;;Vector Sport;Oreca;GF;45.951;75.829;56.022;
7;1;26;2:15.052;0;B;35.898;0;1:00.050;0;39.104;0;186.7;1:17:54.737;14:18:02.403;0:35.898;1:00.050;0:39.104;297.7;Jens Reno MØLLER;;LMP2 Pro/Am;;Vector Sport;Oreca;GF;35.898;60.050;39.104;
7;2;27;4:20.422;0;;1:45.612;0;1:13.647;0;1:21.163;0;96.8;1:22:15.159;14:22:22.825;1:45.612;1:13.647;1:21.163;201.4;Cem BÖLÜKBASI;0:01:07.660;LMP2 Pro/Am;;Vector Sport;Oreca;SF;105.612;73.647;81.163;
7;2;28;3:31.059;0;;1:22.259;0;1:26.440;0;42.360;0;119.5;1:25:46.218;14:25:53.884;1:22.259;1:26.440;0:42.360;;Cem BÖLÜKBASI;;LMP2 Pro/Am;;Vector Sport;Oreca;SF;82.259;86.440;42.360;
7;2;29;2:43.495;0;;46.405;0;1:13.579;0;43.511;0;154.2;1:28:29.713;14:28:37.379;0:46.405;1:13.579;0:43.511;164.2;Cem BÖLÜKBASI;;LMP2 Pro/Am;;Vector Sport;Oreca;GF;46.405;73.579;43.511;
7;2;30;2:27.252;0;;36.865;0;1:06.224;0;44.163;0;171.2;1:30:56.965;14:31:04.631;0:36.865;1:06.224;0:44.163;292.1;Cem BÖLÜKBASI;;LMP2 Pro/Am;;Vector Sport;Oreca;SF;36.865;66.224;44.163;
7;2;31;4:02.706;0;;1:17.853;0;1:44.612;0;1:00.241;0;103.9;1:34:59.671;14:35:07.337;1:17.853;1:44.612;1:00.241;121.3;Cem BÖLÜKBASI;;LMP2 Pro/Am;;Vector Sport;Oreca;SF;77.853;104.612;60.241;
7;2;32;4:02.142;0;;1:14.053;0;1:36.804;0;1:11.285;0;104.1;1:39:01.813;14:39:09.479;1:14.053;1:36.804;1:11.285;;Cem BÖLÜKBASI;;LMP2 Pro/Am;;Vector Sport;Oreca;SF;74.053;96.804;71.285;
7;2;33;3:53.149;0;;1:38.436;0;1:23.049;0;51.664;0;108.1;1:42:54.962;14:43:02.628;1:38.436;1:23.049;0:51.664;131.0;Cem BÖLÜKBASI;;LMP2 Pro/Am;;Vector Sport;Oreca;SF;98.436;83.049;51.664;
7;2;34;2:54.093;0;;47.119;0;1:22.950;0;44.024;0;144.8;1:45:49.055;14:45:56.721;0:47.119;1:22.950;0:44.024;195.9;Cem BÖLÜKBASI;;LMP2 Pro/Am;;Vector Sport;Oreca;GF;47.119;82.950;44.024;
7;2;35;2:09.252;0;;36.649;0;1:00.175;0;32.428;0;195.1;1:47:58.307;14:48:05.973;0:36.649;1:00.175;0:32.428;287.4;Cem BÖLÜKBASI;;LMP2 Pro/Am;;Vector Sport;Oreca;GF;36.649;60.175;32.428;
7;2;36;2:05.554;0;;36.163;0;57.391;0;32.000;0;200.8;1:50:03.861;14:50:11.527;0:36.163;0:57.391;0:32.000;294.5;Cem BÖLÜKBASI;;LMP2 Pro/Am;;Vector Sport;Oreca;GF;36.163;57.391;32.000;
7;2;37;2:04.086;2;;35.451;0;56.636;2;31.999;2;203.2;1:52:07.947;14:52:15.613;0:35.451;0:56.636;0:31.999;298.5;Cem BÖLÜKBASI;;LMP2 Pro/Am;;Vector Sport;Oreca;GF;35.451;56.636;31.999;
7;2;38;2:06.567;0;;35.442;0;58.997;0;32.128;0;199.2;1:54:14.514;14:54:22.180;0:35.442;0:58.997;0:32.128;298.5;Cem BÖLÜKBASI;;LMP2 Pro/Am;;Vector Sport;Oreca;GF;35.442;58.997;32.128;
7;2;39;2:04.984;0;;35.568;0;57.249;0;32.167;0;201.7;1:56:19.498;14:56:27.164;0:35.568;0:57.249;0:32.167;296.1;Cem BÖLÜKBASI;;LMP2 Pro/Am;;Vector Sport;Oreca;GF;35.568;57.249;32.167;
7;2;40;2:04.537;0;;35.498;0;56.947;0;32.092;0;202.5;1:58:24.035;14:58:31.701;0:35.498;0:56.947;0:32.092;293.7;Cem BÖLÜKBASI;;LMP2 Pro/Am;;Vector Sport;Oreca;GF;35.498;56.947;32.092;
7;2;41;2:54.292;0;;35.453;0;1:02.527;0;1:16.312;0;144.7;2:01:18.327;15:01:25.993;0:35.453;1:02.527;1:16.312;293.7;Cem BÖLÜKBASI;;LMP2 Pro/Am;;Vector Sport;Oreca;SF;35.453;62.527;76.312;
7;2;42;4:55.381;0;;1:32.946;0;2:08.965;0;1:13.470;0;85.4;2:06:13.708;15:06:21.374;1:32.946;2:08.965;1:13.470;;Cem BÖLÜKBASI;;LMP2 Pro/Am;;Vector Sport;Oreca;SF;92.946;128.965;73.470;
7;2;43;4:37.112;0;;1:21.672;0;1:43.864;0;1:31.576;0;91.0;2:10:50.820;15:10:58.486;1:21.672;1:43.864;1:31.576;;Cem BÖLÜKBASI;;LMP2 Pro/Am;;Vector Sport;Oreca;SF;81.672;103.864;91.576;
7;2;44;4:02.461;0;;1:28.513;0;1:29.613;0;1:04.335;0;104.0;2:14:53.281;15:15:00.947;1:28.513;1:29.613;1:04.335;124.3;Cem BÖLÜKBASI;;LMP2 Pro/Am;;Vector Sport;Oreca;GF;88.513;89.613;64.335;
7;2;45;2:07.234;0;;35.934;0;59.194;0;32.106;0;198.2;2:17:00.515;15:17:08.181;0:35.934;0:59.194;0:32.106;296.1;Cem BÖLÜKBASI;;LMP2 Pro/Am;;Vector Sport;Oreca;GF;35.934;59.194;32.106;
7;2;46;2:04.803;0;;35.483;0;57.243;0;32.077;0;202.0;2:19:05.318;15:19:12.984;0:35.483;0:57.243;0:32.077;296.9;Cem BÖLÜKBASI;;LMP2 Pro/Am;;Vector Sport;Oreca;GF;35.483;57.243;32.077;
7;2;47;2:12.902;0;B;35.402;2;58.743;0;38.757;0;189.7;2:21:18.220;15:21:25.886;0:35.402;0:58.743;0:38.757;300.2;Cem BÖLÜKBASI;;LMP2 Pro/Am;;Vector Sport;Oreca;GF;35.402;58.743;38.757;
7;3;48;3:08.766;0;;1:37.983;0;58.330;0;32.453;0;133.6;2:24:26.986;15:24:34.652;1:37.983;0:58.330;0:32.453;293.7;Lorenzo FLUXA;0:01:12.658;LMP2 Pro/Am;;Vector Sport;Oreca;GF;97.983;58.330;32.453;
7;3;49;2:06.001;0;;35.899;0;57.593;1;32.509;0;200.1;2:26:32.987;15:26:40.653;0:35.899;0:57.593;0:32.509;296.1;Lorenzo FLUXA;;LMP2 Pro/Am;;Vector Sport;Oreca;GF;35.899;57.593;32.509;
7;3;50;2:06.413;0;;35.915;0;58.141;0;32.357;0;199.5;2:28:39.400;15:28:47.066;0:35.915;0:58.141;0:32.357;297.7;Lorenzo FLUXA;;LMP2 Pro/Am;;Vector Sport;Oreca;GF;35.915;58.141;32.357;
7;3;51;2:07.146;0;;36.141;0;58.804;0;32.201;0;198.3;2:30:46.546;15:30:54.212;0:36.141;0:58.804;0:32.201;289.7;Lorenzo FLUXA;;LMP2 Pro/Am;;Vector Sport;Oreca;GF;36.141;58.804;32.201;
7;3;52;2:08.781;0;;36.748;0;58.892;0;33.141;0;195.8;2:32:55.327;15:33:02.993;0:36.748;0:58.892;0:33.141;293.7;Lorenzo FLUXA;;LMP2 Pro/Am;;Vector Sport;Oreca;GF;36.748;58.892;33.141;
7;3;53;2:07.095;0;;35.829;0;58.898;0;32.368;0;198.4;2:35:02.422;15:35:10.088;0:35.829;0:58.898;0:32.368;297.7;Lorenzo FLUXA;;LMP2 Pro/Am;;Vector Sport;Oreca;GF;35.829;58.898;32.368;
7;3;54;2:06.190;0;;36.029;0;57.907;0;32.254;0;199.8;2:37:08.612;15:37:16.278;0:36.029;0:57.907;0:32.254;296.9;Lorenzo FLUXA;;LMP2 Pro/Am;;Vector Sport;Oreca;GF;36.029;57.907;32.254;
7;3;55;2:06.759;0;;35.613;0;58.884;0;32.262;0;198.9;2:39:15.371;15:39:23.037;0:35.613;0:58.884;0:32.262;296.1;Lorenzo FLUXA;;LMP2 Pro/Am;;Vector Sport;Oreca;GF;35.613;58.884;32.262;
7;3;56;2:08.138;0;;35.615;0;59.955;0;32.568;0;196.8;2:41:23.509;15:41:31.175;0:35.615;0:59.955;0:32.568;299.3;Lorenzo FLUXA;;LMP2 Pro/Am;;Vector Sport;Oreca;GF;35.615;59.955;32.568;
7;3;57;2:06.604;0;;35.746;0;58.659;0;32.199;0;199.2;2:43:30.113;15:43:37.779;0:35.746;0:58.659;0:32.199;296.1;Lorenzo FLUXA;;LMP2 Pro/Am;;Vector Sport;Oreca;GF;35.746;58.659;32.199;
7;3;58;2:06.095;0;;35.543;0;58.144;0;32.408;0;200.0;2:45:36.208;15:45:43.874;0:35.543;0:58.144;0:32.408;297.7;Lorenzo FLUXA;;LMP2 Pro/Am;;Vector Sport;Oreca;GF;35.543;58.144;32.408;
7;3;59;2:06.524;0;;35.609;0;58.123;0;32.792;0;199.3;2:47:42.732;15:47:50.398;0:35.609;0:58.123;0:32.792;298.5;Lorenzo FLUXA;;LMP2 Pro/Am;;Vector Sport;Oreca;GF;35.609;58.123;32.792;
7;3;60;2:07.028;0;;36.414;0;58.251;0;32.363;0;198.5;2:49:49.760;15:49:57.426;0:36.414;0:58.251;0:32.363;294.5;Lorenzo FLUXA;;LMP2 Pro/Am;;Vector Sport;Oreca;GF;36.414;58.251;32.363;
7;3;61;2:06.226;0;;35.590;0;58.096;0;32.540;0;199.8;2:51:55.986;15:52:03.652;0:35.590;0:58.096;0:32.540;299.3;Lorenzo FLUXA;;LMP2 Pro/Am;;Vector Sport;Oreca;GF;35.590;58.096;32.540;
7;3;62;2:09.447;0;;35.834;0;1:00.508;0;33.105;0;194.8;2:54:05.433;15:54:13.099;0:35.834;1:00.508;0:33.105;300.2;Lorenzo FLUXA;;LMP2 Pro/Am;;Vector Sport;Oreca;GF;35.834;60.508;33.105;
7;3;63;2:06.998;0;;35.695;0;58.777;0;32.526;0;198.5;2:56:12.431;15:56:20.097;0:35.695;0:58.777;0:32.526;295.3;Lorenzo FLUXA;;LMP2 Pro/Am;;Vector Sport;Oreca;GF;35.695;58.777;32.526;
7;3;64;2:06.519;0;;35.621;0;58.382;0;32.516;0;199.3;2:58:18.950;15:58:26.616;0:35.621;0:58.382;0:32.516;296.9;Lorenzo FLUXA;;LMP2 Pro/Am;;Vector Sport;Oreca;GF;35.621;58.382;32.516;
7;3;65;2:11.816;0;B;35.694;0;57.872;0;38.250;0;191.3;3:00:30.766;16:00:38.432;0:35.694;0:57.872;0:38.250;297.7;Lorenzo FLUXA;;LMP2 Pro/Am;;Vector Sport;Oreca;GF;35.694;57.872;38.250;
7;3;66;3:28.853;0;;1:54.924;0;1:01.115;0;32.814;0;120.7;3:03:59.619;16:04:07.285;1:54.924;1:01.115;0:32.814;285.9;Lorenzo FLUXA;0:01:28.212;LMP2 Pro/Am;;Vector Sport;Oreca;GF;114.924;61.115;32.814;
7;3;67;2:07.650;0;;35.859;0;58.721;0;33.070;0;197.5;3:06:07.269;16:06:14.935;0:35.859;0:58.721;0:33.070;297.7;Lorenzo FLUXA;;LMP2 Pro/Am;;Vector Sport;Oreca;GF;35.859;58.721;33.070;
7;3;68;2:10.890;0;;37.066;0;1:01.309;0;32.515;0;192.6;3:08:18.159;16:08:25.825;0:37.066;1:01.309;0:32.515;292.1;Lorenzo FLUXA;;LMP2 Pro/Am;;Vector Sport;Oreca;GF;37.066;61.309;32.515;
7;3;69;2:05.973;0;;35.688;0;57.927;0;32.358;0;200.2;3:10:24.132;16:10:31.798;0:35.688;0:57.927;0:32.358;298.5;Lorenzo FLUXA;;LMP2 Pro/Am;;Vector Sport;Oreca;GF;35.688;57.927;32.358;
7;3;70;2:06.421;0;;35.615;0;58.439;0;32.367;0;199.4;3:12:30.553;16:12:38.219;0:35.615;0:58.439;0:32.367;297.7;Lorenzo FLUXA;;LMP2 Pro/Am;;Vector Sport;Oreca;GF;35.615;58.439;32.367;
7;3;71;2:05.941;0;;35.581;0;57.996;0;32.364;0;200.2;3:14:36.494;16:14:44.160;0:35.581;0:57.996;0:32.364;297.7;Lorenzo FLUXA;;LMP2 Pro/Am;;Vector Sport;Oreca;GF;35.581;57.996;32.364;
7;3;72;2:07.373;0;;35.633;0;58.790;0;32.950;0;198.0;3:16:43.867;16:16:51.533;0:35.633;0:58.790;0:32.950;300.2;Lorenzo FLUXA;;LMP2 Pro/Am;;Vector Sport;Oreca;GF;35.633;58.790;32.950;
7;3;73;2:07.658;0;;35.912;0;58.812;0;32.934;0;197.5;3:18:51.525;16:18:59.191;0:35.912;0:58.812;0:32.934;301.0;Lorenzo FLUXA;;LMP2 Pro/Am;;Vector Sport;Oreca;GF;35.912;58.812;32.934;
7;3;74;2:06.117;0;;35.843;0;58.076;0;32.198;0;199.9;3:20:57.642;16:21:05.308;0:35.843;0:58.076;0:32.198;293.7;Lorenzo FLUXA;;LMP2 Pro/Am;;Vector Sport;Oreca;GF;35.843;58.076;32.198;
7;3;75;2:07.842;0;;35.499;0;59.055;0;33.288;0;197.2;3:23:05.484;16:23:13.150;0:35.499;0:59.055;0:33.288;299.3;Lorenzo FLUXA;;LMP2 Pro/Am;;Vector Sport;Oreca;GF;35.499;59.055;33.288;
7;3;76;2:07.291;0;;35.577;0;59.342;0;32.372;0;198.1;3:25:12.775;16:25:20.441;0:35.577;0:59.342;0:32.372;299.3;Lorenzo FLUXA;;LMP2 Pro/Am;;Vector Sport;Oreca;GF;35.577;59.342;32.372;
7;3;77;2:08.546;0;;35.522;0;1:00.426;0;32.598;0;196.1;3:27:21.321;16:27:28.987;0:35.522;1:00.426;0:32.598;301.0;Lorenzo FLUXA;;LMP2 Pro/Am;;Vector Sport;Oreca;GF;35.522;60.426;32.598;
7;3;78;2:07.953;0;;35.770;0;59.706;0;32.477;0;197.1;3:29:29.274;16:29:36.940;0:35.770;0:59.706;0:32.477;298.5;Lorenzo FLUXA;;LMP2 Pro/Am;;Vector Sport;Oreca;GF;35.770;59.706;32.477;
7;3;79;2:07.805;0;;35.470;1;59.942;0;32.393;0;197.3;3:31:37.079;16:31:44.745;0:35.470;0:59.942;0:32.393;303.5;Lorenzo FLUXA;;LMP2 Pro/Am;;Vector Sport;Oreca;GF;35.470;59.942;32.393;
7;3;80;2:05.774;0;;35.791;0;57.720;0;32.263;0;200.5;3:33:42.853;16:33:50.519;0:35.791;0:57.720;0:32.263;297.7;Lorenzo FLUXA;;LMP2 Pro/Am;;Vector Sport;Oreca;GF;35.791;57.720;32.263;
7;3;81;2:05.450;0;;35.627;0;57.655;0;32.168;1;201.0;3:35:48.303;16:35:55.969;0:35.627;0:57.655;0:32.168;298.5;Lorenzo FLUXA;;LMP2 Pro/Am;;Vector Sport;Oreca;GF;35.627;57.655;32.168;
7;3;82;2:06.576;0;;35.507;0;58.584;0;32.485;0;199.2;3:37:54.879;16:38:02.545;0:35.507;0:58.584;0:32.485;297.7;Lorenzo FLUXA;;LMP2 Pro/Am;;Vector Sport;Oreca;GF;35.507;58.584;32.485;
7;3;83;2:12.944;0;B;35.828;0;58.487;0;38.629;0;189.7;3:40:07.823;16:40:15.489;0:35.828;0:58.487;0:38.629;297.7;Lorenzo FLUXA;;LMP2 Pro/Am;;Vector Sport;Oreca;GF;35.828;58.487;38.629;
7;3;84;2:47.205;0;;1:16.398;0;58.348;0;32.459;0;150.8;3:42:55.028;16:43:02.694;1:16.398;0:58.348;0:32.459;296.1;Lorenzo FLUXA;0:00:51.585;LMP2 Pro/Am;;Vector Sport;Oreca;GF;76.398;58.348;32.459;
7;3;85;2:07.772;0;;35.758;0;59.017;0;32.997;0;197.3;3:45:02.800;16:45:10.466;0:35.758;0:59.017;0:32.997;298.5;Lorenzo FLUXA;;LMP2 Pro/Am;;Vector Sport;Oreca;GF;35.758;59.017;32.997;
7;3;86;2:10.059;0;;35.668;0;1:01.828;0;32.563;0;193.9;3:47:12.859;16:47:20.525;0:35.668;1:01.828;0:32.563;299.3;Lorenzo FLUXA;;LMP2 Pro/Am;;Vector Sport;Oreca;GF;35.668;61.828;32.563;
7;3;87;2:07.727;0;;35.828;0;59.194;0;32.705;0;197.4;3:49:20.586;16:49:28.252;0:35.828;0:59.194;0:32.705;297.7;Lorenzo FLUXA;;LMP2 Pro/Am;;Vector Sport;Oreca;GF;35.828;59.194;32.705;
7;3;88;2:08.469;0;;36.650;0;59.555;0;32.264;0;196.3;3:51:29.055;16:51:36.721;0:36.650;0:59.555;0:32.264;278.6;Lorenzo FLUXA;;LMP2 Pro/Am;;Vector Sport;Oreca;GF;36.650;59.555;32.264;
7;3;89;2:05.999;0;;35.748;0;58.041;0;32.210;0;200.1;3:53:35.054;16:53:42.720;0:35.748;0:58.041;0:32.210;295.3;Lorenzo FLUXA;;LMP2 Pro/Am;;Vector Sport;Oreca;GF;35.748;58.041;32.210;
7;3;90;2:06.739;0;;35.709;0;57.998;0;33.032;0;198.9;3:55:41.793;16:55:49.459;0:35.709;0:57.998;0:33.032;296.9;Lorenzo FLUXA;;LMP2 Pro/Am;;Vector Sport;Oreca;GF;35.709;57.998;33.032;
7;3;91;2:06.053;0;;35.614;0;58.047;0;32.392;0;200.0;3:57:47.846;16:57:55.512;0:35.614;0:58.047;0:32.392;299.3;Lorenzo FLUXA;;LMP2 Pro/Am;;Vector Sport;Oreca;GF;35.614;58.047;32.392;
7;3;92;2:06.511;0;;35.596;0;58.483;0;32.432;0;199.3;3:59:54.357;17:00:02.023;0:35.596;0:58.483;0:32.432;299.3;Lorenzo FLUXA;;LMP2 Pro/Am;;Vector Sport;Oreca;GF;35.596;58.483;32.432;
7;3;93;2:06.236;0;;35.837;0;58.174;0;32.225;0;199.7;4:02:00.593;17:02:08.259;0:35.837;0:58.174;0:32.225;299.3;Lorenzo FLUXA;;LMP2 Pro/Am;;Vector Sport;Oreca;FF;35.837;58.174;32.225;
74;1;1;3:07.582;0;;55.076;0;1:14.602;0;57.904;0;132.1;3:07.582;13:03:15.248;0:55.076;1:14.602;0:57.904;242.4;Andrew GILBERT;;LMGT3;;Kessel Racing;Ferrari;SF;55.076;74.602;57.904;
74;1;2;4:18.228;0;;1:37.203;0;1:42.102;0;58.923;0;97.6;7:25.810;13:07:33.476;1:37.203;1:42.102;0:58.923;;Andrew GILBERT;;LMGT3;;Kessel Racing;Ferrari;SF;97.203;102.102;58.923;
74;1;3;4:22.181;0;;1:47.330;0;1:36.012;0;58.839;0;96.2;11:47.991;13:11:55.657;1:47.330;1:36.012;0:58.839;;Andrew GILBERT;;LMGT3;;Kessel Racing;Ferrari;SF;107.330;96.012;58.839;
74;1;4;2:48.372;0;;55.216;0;1:08.783;0;44.373;0;149.8;14:36.363;13:14:44.029;0:55.216;1:08.783;0:44.373;;Andrew GILBERT;;LMGT3;;Kessel Racing;Ferrari;GF;55.216;68.783;44.373;
74;1;5;2:21.278;0;;40.200;0;1:04.814;0;36.264;0;178.5;16:57.641;13:17:05.307;0:40.200;1:04.814;0:36.264;258.6;Andrew GILBERT;;LMGT3;;Kessel Racing;Ferrari;GF;40.200;64.814;36.264;
74;1;6;2:20.815;0;;40.173;0;1:04.482;1;36.160;0;179.1;19:18.456;13:19:26.122;0:40.173;1:04.482;0:36.160;260.5;Andrew GILBERT;;LMGT3;;Kessel Racing;Ferrari;GF;40.173;64.482;36.160;
74;1;7;2:20.933;0;;40.302;0;1:04.589;0;36.042;0;178.9;21:39.389;13:21:47.055;0:40.302;1:04.589;0:36.042;259.9;Andrew GILBERT;;LMGT3;;Kessel Racing;Ferrari;GF;40.302;64.589;36.042;
74;1;8;2:22.519;0;;40.152;1;1:06.102;0;36.265;0;176.9;24:01.908;13:24:09.574;0:40.152;1:06.102;0:36.265;258.6;Andrew GILBERT;;LMGT3;;Kessel Racing;Ferrari;GF;40.152;66.102;36.265;
74;1;9;2:21.395;0;;40.078;0;1:05.007;0;36.310;0;178.3;26:23.303;13:26:30.969;0:40.078;1:05.007;0:36.310;259.9;Andrew GILBERT;;LMGT3;;Kessel Racing;Ferrari;GF;40.078;65.007;36.310;
74;1;10;2:21.940;0;;40.301;0;1:05.671;0;35.968;1;177.6;28:45.243;13:28:52.909;0:40.301;1:05.671;0:35.968;258.6;Andrew GILBERT;;LMGT3;;Kessel Racing;Ferrari;GF;40.301;65.671;35.968;
74;1;11;2:24.598;0;;40.165;0;1:07.985;0;36.448;0;174.4;31:09.841;13:31:17.507;0:40.165;1:07.985;0:36.448;258.6;Andrew GILBERT;;LMGT3;;Kessel Racing;Ferrari;GF;40.165;67.985;36.448;
74;1;12;2:24.602;0;;41.604;0;1:06.588;0;36.410;0;174.4;33:34.443;13:33:42.109;0:41.604;1:06.588;0:36.410;254.4;Andrew GILBERT;;LMGT3;;Kessel Racing;Ferrari;GF;41.604;66.588;36.410;
74;1;13;2:24.335;0;;40.577;0;1:05.546;0;38.212;0;174.7;35:58.778;13:36:06.444;0:40.577;1:05.546;0:38.212;261.1;Andrew GILBERT;;LMGT3;;Kessel Racing;Ferrari;GF;40.577;65.546;38.212;
74;1;14;2:46.654;0;B;40.622;0;1:20.925;0;45.107;0;151.3;38:45.432;13:38:53.098;0:40.622;1:20.925;0:45.107;260.5;Andrew GILBERT;;LMGT3;;Kessel Racing;Ferrari;GF;40.622;80.925;45.107;
74;1;15;3:46.437;0;;53.025;0;1:26.415;0;1:26.997;0;111.4;42:31.869;13:42:39.535;0:53.025;1:26.415;1:26.997;254.4;Andrew GILBERT;0:00:23.353;LMGT3;;Kessel Racing;Ferrari;GF;53.025;86.415;86.997;
74;1;16;5:24.507;0;B;1:42.312;0;2:09.624;0;1:32.571;0;77.7;47:56.376;13:48:04.042;1:42.312;2:09.624;1:32.571;;Andrew GILBERT;;LMGT3;;Kessel Racing;Ferrari;GF;102.312;129.624;92.571;
74;1;17;5:56.412;0;;2:29.801;0;1:59.935;0;1:26.676;0;70.7;53:52.788;13:54:00.454;2:29.801;1:59.935;1:26.676;;Andrew GILBERT;0:01:08.261;LMGT3;;Kessel Racing;Ferrari;SF;149.801;119.935;86.676;
74;1;18;4:27.178;0;;1:25.065;0;1:51.977;0;1:10.136;0;94.4;58:19.966;13:58:27.632;1:25.065;1:51.977;1:10.136;;Andrew GILBERT;;LMGT3;;Kessel Racing;Ferrari;SF;85.065;111.977;70.136;
74;1;19;2:34.868;0;;45.602;0;1:09.363;0;39.903;0;162.8;1:00:54.834;14:01:02.500;0:45.602;1:09.363;0:39.903;222.5;Andrew GILBERT;;LMGT3;;Kessel Racing;Ferrari;SF;45.602;69.363;39.903;
74;1;20;2:52.614;0;;44.572;0;1:08.532;0;59.510;0;146.1;1:03:47.448;14:03:55.114;0:44.572;1:08.532;0:59.510;226.2;Andrew GILBERT;;LMGT3;;Kessel Racing;Ferrari;SF;44.572;68.532;59.510;
74;1;21;2:38.955;0;;47.233;0;1:09.216;0;42.506;0;158.6;1:06:26.403;14:06:34.069;0:47.233;1:09.216;0:42.506;213.3;Andrew GILBERT;;LMGT3;;Kessel Racing;Ferrari;GF;47.233;69.216;42.506;
74;1;22;6:59.801;0;;40.501;0;5:29.202;0;50.098;0;60.1;1:13:26.204;14:13:33.870;0:40.501;5:29.202;0:50.098;259.9;Andrew GILBERT;;LMGT3;;Kessel Racing;Ferrari;SF;40.501;329.202;50.098;
74;1;23;2:33.410;0;;46.102;0;1:07.276;0;40.032;0;164.4;1:15:59.614;14:16:07.280;0:46.102;1:07.276;0:40.032;168.8;Andrew GILBERT;;LMGT3;;Kessel Racing;Ferrari;GF;46.102;67.276;40.032;
74;1;24;2:24.825;0;;41.063;0;1:06.864;0;36.898;0;174.1;1:18:24.439;14:18:32.105;0:41.063;1:06.864;0:36.898;256.8;Andrew GILBERT;;LMGT3;;Kessel Racing;Ferrari;GF;41.063;66.864;36.898;
74;1;25;3:42.721;0;;46.094;0;1:25.700;0;1:30.927;0;113.2;1:22:07.160;14:22:14.826;0:46.094;1:25.700;1:30.927;192.5;Andrew GILBERT;;LMGT3;;Kessel Racing;Ferrari;SF;46.094;85.700;90.927;
74;1;26;3:34.234;0;;1:23.300;0;1:27.906;0;43.028;0;117.7;1:25:41.394;14:25:49.060;1:23.300;1:27.906;0:43.028;;Andrew GILBERT;;LMGT3;;Kessel Racing;Ferrari;SF;83.300;87.906;43.028;
74;1;27;2:47.044;0;;46.317;0;1:14.760;0;45.967;0;150.9;1:28:28.438;14:28:36.104;0:46.317;1:14.760;0:45.967;223.0;Andrew GILBERT;;LMGT3;;Kessel Racing;Ferrari;GF;46.317;74.760;45.967;
74;1;28;2:39.939;0;;42.168;0;1:11.212;0;46.559;0;157.6;1:31:08.377;14:31:16.043;0:42.168;1:11.212;0:46.559;256.8;Andrew GILBERT;;LMGT3;;Kessel Racing;Ferrari;SF;42.168;71.212;46.559;
74;1;29;3:59.939;0;;1:17.237;0;1:42.664;0;1:00.038;0;105.1;1:35:08.316;14:35:15.982;1:17.237;1:42.664;1:00.038;;Andrew GILBERT;;LMGT3;;Kessel Racing;Ferrari;SF;77.237;102.664;60.038;
74;1;30;4:03.500;0;;1:16.988;0;1:35.525;0;1:10.987;0;103.5;1:39:11.816;14:39:19.482;1:16.988;1:35.525;1:10.987;159.1;Andrew GILBERT;;LMGT3;;Kessel Racing;Ferrari;SF;76.988;95.525;70.987;
74;1;31;3:52.110;0;;1:41.498;0;1:18.726;0;51.886;0;108.6;1:43:03.926;14:43:11.592;1:41.498;1:18.726;0:51.886;;Andrew GILBERT;;LMGT3;;Kessel Racing;Ferrari;SF;101.498;78.726;51.886;
74;1;32;2:51.973;0;;47.660;0;1:21.775;0;42.538;0;146.6;1:45:55.899;14:46:03.565;0:47.660;1:21.775;0:42.538;170.6;Andrew GILBERT;;LMGT3;;Kessel Racing;Ferrari;GF;47.660;81.775;42.538;
74;1;33;2:34.985;0;B;40.947;0;1:09.044;0;44.994;0;162.7;1:48:30.884;14:48:38.550;0:40.947;1:09.044;0:44.994;254.4;Andrew GILBERT;;LMGT3;;Kessel Racing;Ferrari;GF;40.947;69.044;44.994;
74;3;34;3:29.086;0;;1:43.921;0;1:08.576;0;36.589;0;120.6;1:51:59.970;14:52:07.636;1:43.921;1:08.576;0:36.589;244.6;Romain LEROUX;0:01:10.611;LMGT3;;Kessel Racing;Ferrari;GF;103.921;68.576;36.589;
74;3;35;2:28.384;0;B;40.406;0;1:05.096;0;42.882;0;169.9;1:54:28.354;14:54:36.020;0:40.406;1:05.096;0:42.882;258.6;Romain LEROUX;;LMGT3;;Kessel Racing;Ferrari;GF;40.406;65.096;42.882;
74;3;36;2:35.154;0;;52.691;0;1:05.535;0;36.928;0;162.5;1:57:03.508;14:57:11.174;0:52.691;1:05.535;0:36.928;256.2;Romain LEROUX;0:00:23.439;LMGT3;;Kessel Racing;Ferrari;GF;52.691;65.535;36.928;
74;3;37;2:21.009;0;;40.328;0;1:04.708;0;35.973;0;178.8;1:59:24.517;14:59:32.183;0:40.328;1:04.708;0:35.973;260.5;Romain LEROUX;;LMGT3;;Kessel Racing;Ferrari;GF;40.328;64.708;35.973;
74;3;38;2:49.999;0;;44.000;0;1:25.390;0;40.609;0;148.3;2:02:14.516;15:02:22.182;0:44.000;1:25.390;0:40.609;228.1;Romain LEROUX;;LMGT3;;Kessel Racing;Ferrari;SF;44.000;85.390;40.609;
74;3;39;4:22.372;0;;55.051;0;2:09.150;0;1:18.171;0;96.1;2:06:36.888;15:06:44.554;0:55.051;2:09.150;1:18.171;;Romain LEROUX;;LMGT3;;Kessel Racing;Ferrari;SF;55.051;129.150;78.171;
74;3;40;3:56.136;0;;1:18.297;0;1:41.366;0;56.473;0;106.8;2:10:33.024;15:10:40.690;1:18.297;1:41.366;0:56.473;;Romain LEROUX;;LMGT3;;Kessel Racing;Ferrari;SF;78.297;101.366;56.473;
74;3;41;2:36.959;0;;45.637;0;1:12.076;0;39.246;0;160.6;2:13:09.983;15:13:17.649;0:45.637;1:12.076;0:39.246;209.2;Romain LEROUX;;LMGT3;;Kessel Racing;Ferrari;SF;45.637;72.076;39.246;
74;3;42;2:22.866;0;;40.981;0;1:05.812;0;36.073;0;176.5;2:15:32.849;15:15:40.515;0:40.981;1:05.812;0:36.073;225.8;Romain LEROUX;;LMGT3;;Kessel Racing;Ferrari;GF;40.981;65.812;36.073;
74;3;43;2:20.285;0;;39.846;2;1:04.539;0;35.900;0;179.7;2:17:53.134;15:18:00.800;0:39.846;1:04.539;0:35.900;258.0;Romain LEROUX;;LMGT3;;Kessel Racing;Ferrari;GF;39.846;64.539;35.900;
74;3;44;2:20.214;0;;39.978;0;1:04.392;1;35.844;2;179.8;2:20:13.348;15:20:21.014;0:39.978;1:04.392;0:35.844;253.8;Romain LEROUX;;LMGT3;;Kessel Racing;Ferrari;GF;39.978;64.392;35.844;
74;3;45;2:22.463;0;;40.023;0;1:06.305;0;36.135;0;177.0;2:22:35.811;15:22:43.477;0:40.023;1:06.305;0:36.135;248.0;Romain LEROUX;;LMGT3;;Kessel Racing;Ferrari;GF;40.023;66.305;36.135;
74;3;46;2:21.612;0;;40.137;0;1:05.385;0;36.090;0;178.1;2:24:57.423;15:25:05.089;0:40.137;1:05.385;0:36.090;247.4;Romain LEROUX;;LMGT3;;Kessel Racing;Ferrari;GF;40.137;65.385;36.090;
74;3;47;2:20.531;0;;40.061;0;1:04.570;0;35.900;0;179.4;2:27:17.954;15:27:25.620;0:40.061;1:04.570;0:35.900;253.2;Romain LEROUX;;LMGT3;;Kessel Racing;Ferrari;GF;40.061;64.570;35.900;
74;3;48;2:22.858;0;;39.963;0;1:06.046;0;36.849;0;176.5;2:29:40.812;15:29:48.478;0:39.963;1:06.046;0:36.849;253.2;Romain LEROUX;;LMGT3;;Kessel Racing;Ferrari;GF;39.963;66.046;36.849;
74;3;49;2:22.709;0;;40.100;0;1:06.334;0;36.275;0;176.7;2:32:03.521;15:32:11.187;0:40.100;1:06.334;0:36.275;253.2;Romain LEROUX;;LMGT3;;Kessel Racing;Ferrari;GF;40.100;66.334;36.275;
74;3;50;2:21.923;0;;40.377;0;1:05.576;0;35.970;0;177.7;2:34:25.444;15:34:33.110;0:40.377;1:05.576;0:35.970;252.0;Romain LEROUX;;LMGT3;;Kessel Racing;Ferrari;GF;40.377;65.576;35.970;
74;3;51;2:21.020;0;;40.159;0;1:04.756;0;36.105;0;178.8;2:36:46.464;15:36:54.130;0:40.159;1:04.756;0:36.105;253.8;Romain LEROUX;;LMGT3;;Kessel Racing;Ferrari;GF;40.159;64.756;36.105;
74;3;52;2:21.130;0;;40.155;0;1:04.825;0;36.150;0;178.7;2:39:07.594;15:39:15.260;0:40.155;1:04.825;0:36.150;253.2;Romain LEROUX;;LMGT3;;Kessel Racing;Ferrari;GF;40.155;64.825;36.150;
74;3;53;2:22.974;0;;40.071;0;1:06.069;0;36.834;0;176.4;2:41:30.568;15:41:38.234;0:40.071;1:06.069;0:36.834;254.4;Romain LEROUX;;LMGT3;;Kessel Racing;Ferrari;GF;40.071;66.069;36.834;
74;3;54;2:22.294;0;;40.375;0;1:05.608;0;36.311;0;177.2;2:43:52.862;15:44:00.528;0:40.375;1:05.608;0:36.311;251.4;Romain LEROUX;;LMGT3;;Kessel Racing;Ferrari;GF;40.375;65.608;36.311;
74;3;55;2:21.643;0;;40.216;0;1:05.166;0;36.261;0;178.0;2:46:14.505;15:46:22.171;0:40.216;1:05.166;0:36.261;254.4;Romain LEROUX;;LMGT3;;Kessel Racing;Ferrari;GF;40.216;65.166;36.261;
74;3;56;2:21.076;0;;39.944;0;1:04.789;0;36.343;0;178.7;2:48:35.581;15:48:43.247;0:39.944;1:04.789;0:36.343;254.4;Romain LEROUX;;LMGT3;;Kessel Racing;Ferrari;GF;39.944;64.789;36.343;
74;3;57;2:22.336;0;;39.883;0;1:05.982;0;36.471;0;177.1;2:50:57.917;15:51:05.583;0:39.883;1:05.982;0:36.471;253.2;Romain LEROUX;;LMGT3;;Kessel Racing;Ferrari;GF;39.883;65.982;36.471;
74;3;58;2:28.909;0;B;40.171;0;1:05.938;0;42.800;0;169.3;2:53:26.826;15:53:34.492;0:40.171;1:05.938;0:42.800;252.6;Romain LEROUX;;LMGT3;;Kessel Racing;Ferrari;GF;40.171;65.938;42.800;
74;2;59;3:48.564;0;;2:04.707;0;1:07.412;0;36.445;0;110.3;2:57:15.390;15:57:23.056;2:04.707;1:07.412;0:36.445;249.7;Fran RUEDA;0:01:32.775;LMGT3;;Kessel Racing;Ferrari;GF;124.707;67.412;36.445;
74;2;60;2:20.123;0;;39.988;0;1:04.124;0;36.011;0;179.9;2:59:35.513;15:59:43.179;0:39.988;1:04.124;0:36.011;259.9;Fran RUEDA;;LMGT3;;Kessel Racing;Ferrari;GF;39.988;64.124;36.011;
74;2;61;2:20.784;0;;39.999;0;1:04.687;0;36.098;0;179.1;3:01:56.297;16:02:03.963;0:39.999;1:04.687;0:36.098;254.4;Fran RUEDA;;LMGT3;;Kessel Racing;Ferrari;GF;39.999;64.687;36.098;
74;2;62;2:20.124;0;;39.991;0;1:04.151;0;35.982;1;179.9;3:04:16.421;16:04:24.087;0:39.991;1:04.151;0:35.982;248.0;Fran RUEDA;;LMGT3;;Kessel Racing;Ferrari;GF;39.991;64.151;35.982;
74;2;63;2:20.074;2;;39.925;0;1:03.999;2;36.150;0;180.0;3:06:36.495;16:06:44.161;0:39.925;1:03.999;0:36.150;250.3;Fran RUEDA;;LMGT3;;Kessel Racing;Ferrari;GF;39.925;63.999;36.150;
74;2;64;2:20.404;0;;39.858;1;1:04.435;0;36.111;0;179.6;3:08:56.899;16:09:04.565;0:39.858;1:04.435;0:36.111;243.5;Fran RUEDA;;LMGT3;;Kessel Racing;Ferrari;GF;39.858;64.435;36.111;
74;2;65;2:20.796;0;;39.982;0;1:04.824;0;35.990;0;179.1;3:11:17.695;16:11:25.361;0:39.982;1:04.824;0:35.990;235.6;Fran RUEDA;;LMGT3;;Kessel Racing;Ferrari;GF;39.982;64.824;35.990;
74;2;66;2:21.296;0;;39.945;0;1:04.930;0;36.421;0;178.4;3:13:38.991;16:13:46.657;0:39.945;1:04.930;0:36.421;247.4;Fran RUEDA;;LMGT3;;Kessel Racing;Ferrari;GF;39.945;64.930;36.421;
74;2;67;2:22.051;0;;40.063;0;1:05.809;0;36.179;0;177.5;3:16:01.042;16:16:08.708;0:40.063;1:05.809;0:36.179;239.2;Fran RUEDA;;LMGT3;;Kessel Racing;Ferrari;GF;40.063;65.809;36.179;
74;2;68;2:21.336;0;;40.063;0;1:05.241;0;36.032;0;178.4;3:18:22.378;16:18:30.044;0:40.063;1:05.241;0:36.032;247.4;Fran RUEDA;;LMGT3;;Kessel Racing;Ferrari;GF;40.063;65.241;36.032;
74;2;69;2:23.316;0;;40.336;0;1:06.187;0;36.793;0;175.9;3:20:45.694;16:20:53.360;0:40.336;1:06.187;0:36.793;260.5;Fran RUEDA;;LMGT3;;Kessel Racing;Ferrari;GF;40.336;66.187;36.793;
74;2;70;2:23.596;0;;40.003;0;1:06.945;0;36.648;0;175.6;3:23:09.290;16:23:16.956;0:40.003;1:06.945;0:36.648;241.9;Fran RUEDA;;LMGT3;;Kessel Racing;Ferrari;GF;40.003;66.945;36.648;
74;2;71;2:22.999;0;;39.932;0;1:06.777;0;36.290;0;176.3;3:25:32.289;16:25:39.955;0:39.932;1:06.777;0:36.290;262.4;Fran RUEDA;;LMGT3;;Kessel Racing;Ferrari;GF;39.932;66.777;36.290;
74;2;72;2:22.106;0;;40.819;0;1:04.995;0;36.292;0;177.4;3:27:54.395;16:28:02.061;0:40.819;1:04.995;0:36.292;256.8;Fran RUEDA;;LMGT3;;Kessel Racing;Ferrari;GF;40.819;64.995;36.292;
74;2;73;2:21.977;0;;40.116;0;1:04.699;0;37.162;0;177.6;3:30:16.372;16:30:24.038;0:40.116;1:04.699;0:37.162;246.3;Fran RUEDA;;LMGT3;;Kessel Racing;Ferrari;GF;40.116;64.699;37.162;
74;2;74;2:21.641;0;;40.048;0;1:05.381;0;36.212;0;178.0;3:32:38.013;16:32:45.679;0:40.048;1:05.381;0:36.212;242.4;Fran RUEDA;;LMGT3;;Kessel Racing;Ferrari;GF;40.048;65.381;36.212;
74;2;75;2:22.334;0;;40.061;0;1:05.810;0;36.463;0;177.1;3:35:00.347;16:35:08.013;0:40.061;1:05.810;0:36.463;237.1;Fran RUEDA;;LMGT3;;Kessel Racing;Ferrari;GF;40.061;65.810;36.463;
74;2;76;2:21.498;0;;40.025;0;1:05.442;0;36.031;0;178.2;3:37:21.845;16:37:29.511;0:40.025;1:05.442;0:36.031;246.3;Fran RUEDA;;LMGT3;;Kessel Racing;Ferrari;GF;40.025;65.442;36.031;
74;2;77;2:22.979;0;;40.534;0;1:06.355;0;36.090;0;176.3;3:39:44.824;16:39:52.490;0:40.534;1:06.355;0:36.090;240.3;Fran RUEDA;;LMGT3;;Kessel Racing;Ferrari;GF;40.534;66.355;36.090;
74;2;78;2:21.696;0;;39.957;0;1:05.756;0;35.983;0;177.9;3:42:06.520;16:42:14.186;0:39.957;1:05.756;0:35.983;243.0;Fran RUEDA;;LMGT3;;Kessel Racing;Ferrari;GF;39.957;65.756;35.983;
74;2;79;2:22.734;0;;41.107;0;1:05.644;0;35.983;0;176.7;3:44:29.254;16:44:36.920;0:41.107;1:05.644;0:35.983;248.5;Fran RUEDA;;LMGT3;;Kessel Racing;Ferrari;GF;41.107;65.644;35.983;
74;2;80;2:21.686;0;;40.057;0;1:05.603;0;36.026;0;178.0;3:46:50.940;16:46:58.606;0:40.057;1:05.603;0:36.026;244.6;Fran RUEDA;;LMGT3;;Kessel Racing;Ferrari;GF;40.057;65.603;36.026;
74;2;81;2:22.246;0;;39.989;0;1:05.506;0;36.751;0;177.3;3:49:13.186;16:49:20.852;0:39.989;1:05.506;0:36.751;250.8;Fran RUEDA;;LMGT3;;Kessel Racing;Ferrari;GF;39.989;65.506;36.751;
74;2;82;2:28.087;0;B;40.224;0;1:05.694;0;42.169;0;170.3;3:51:41.273;16:51:48.939;0:40.224;1:05.694;0:42.169;246.3;Fran RUEDA;;LMGT3;;Kessel Racing;Ferrari;GF;40.224;65.694;42.169;
74;2;83;2:50.898;0;;1:07.766;0;1:06.289;0;36.843;0;147.5;3:54:32.171;16:54:39.837;1:07.766;1:06.289;0:36.843;256.2;Fran RUEDA;0:00:38.053;LMGT3;;Kessel Racing;Ferrari;GF;67.766;66.289;36.843;
74;2;84;2:24.760;0;;40.224;0;1:07.424;0;37.112;0;174.2;3:56:56.931;16:57:04.597;0:40.224;1:07.424;0:37.112;245.7;Fran RUEDA;;LMGT3;;Kessel Racing;Ferrari;GF;40.224;67.424;37.112;
74;2;85;2:24.935;0;;40.007;0;1:08.255;0;36.673;0;174.0;3:59:21.866;16:59:29.532;0:40.007;1:08.255;0:36.673;250.8;Fran RUEDA;;LMGT3;;Kessel Racing;Ferrari;GF;40.007;68.255;36.673;
74;2;86;2:23.248;0;;40.530;0;1:05.785;0;36.933;0;176.0;4:01:45.114;17:01:52.780;0:40.530;1:05.785;0:36.933;259.9;Fran RUEDA;;LMGT3;;Kessel Racing;Ferrari;FF;40.530;65.785;36.933;
75;1;1;3:06.437;0;;54.796;0;1:13.409;0;58.232;0;132.9;3:06.437;13:03:14.103;0:54.796;1:13.409;0:58.232;259.9;Matthew KURZEJEWSKI;;LMGT3;;Proton Competition;Porsche;SF;54.796;73.409;58.232;
75;1;2;4:18.183;0;;1:37.301;0;1:40.447;0;1:00.435;0;97.7;7:24.620;13:07:32.286;1:37.301;1:40.447;1:00.435;;Matthew KURZEJEWSKI;;LMGT3;;Proton Competition;Porsche;SF;97.301;100.447;60.435;
75;1;3;4:20.954;0;;1:45.985;0;1:36.046;0;58.923;0;96.6;11:45.574;13:11:53.240;1:45.985;1:36.046;0:58.923;;Matthew KURZEJEWSKI;;LMGT3;;Proton Competition;Porsche;SF;105.985;96.046;58.923;
75;1;4;2:49.922;0;;56.911;0;1:08.870;0;44.141;0;148.4;14:35.496;13:14:43.162;0:56.911;1:08.870;0:44.141;;Matthew KURZEJEWSKI;;LMGT3;;Proton Competition;Porsche;GF;56.911;68.870;44.141;
75;1;5;2:23.686;0;;41.048;0;1:06.276;0;36.362;0;175.5;16:59.182;13:17:06.848;0:41.048;1:06.276;0:36.362;252.6;Matthew KURZEJEWSKI;;LMGT3;;Proton Competition;Porsche;GF;41.048;66.276;36.362;
75;1;6;2:20.395;0;;40.192;0;1:04.225;1;35.978;0;179.6;19:19.577;13:19:27.243;0:40.192;1:04.225;0:35.978;261.7;Matthew KURZEJEWSKI;;LMGT3;;Proton Competition;Porsche;GF;40.192;64.225;35.978;
75;1;7;2:21.454;0;;40.217;0;1:04.458;0;36.779;0;178.2;21:41.031;13:21:48.697;0:40.217;1:04.458;0:36.779;262.4;Matthew KURZEJEWSKI;;LMGT3;;Proton Competition;Porsche;GF;40.217;64.458;36.779;
75;1;8;2:21.878;0;;40.582;0;1:04.633;0;36.663;0;177.7;24:02.909;13:24:10.575;0:40.582;1:04.633;0:36.663;261.7;Matthew KURZEJEWSKI;;LMGT3;;Proton Competition;Porsche;GF;40.582;64.633;36.663;
75;1;9;2:21.444;0;;40.451;0;1:04.469;0;36.524;0;178.3;26:24.353;13:26:32.019;0:40.451;1:04.469;0:36.524;260.5;Matthew KURZEJEWSKI;;LMGT3;;Proton Competition;Porsche;GF;40.451;64.469;36.524;
75;1;10;2:21.355;0;;40.419;0;1:04.735;0;36.201;0;178.4;28:45.708;13:28:53.374;0:40.419;1:04.735;0:36.201;259.9;Matthew KURZEJEWSKI;;LMGT3;;Proton Competition;Porsche;GF;40.419;64.735;36.201;
75;1;11;2:22.303;0;;40.341;0;1:05.725;0;36.237;0;177.2;31:08.011;13:31:15.677;0:40.341;1:05.725;0:36.237;259.9;Matthew KURZEJEWSKI;;LMGT3;;Proton Competition;Porsche;GF;40.341;65.725;36.237;
75;1;12;2:22.698;0;;40.252;0;1:05.715;0;36.731;0;176.7;33:30.709;13:33:38.375;0:40.252;1:05.715;0:36.731;259.9;Matthew KURZEJEWSKI;;LMGT3;;Proton Competition;Porsche;GF;40.252;65.715;36.731;
75;1;13;2:22.590;0;;39.945;0;1:06.267;0;36.378;0;176.8;35:53.299;13:36:00.965;0:39.945;1:06.267;0:36.378;262.4;Matthew KURZEJEWSKI;;LMGT3;;Proton Competition;Porsche;GF;39.945;66.267;36.378;
75;1;14;2:22.634;0;;41.066;0;1:05.337;0;36.231;0;176.8;38:15.933;13:38:23.599;0:41.066;1:05.337;0:36.231;259.2;Matthew KURZEJEWSKI;;LMGT3;;Proton Competition;Porsche;GF;41.066;65.337;36.231;
75;1;15;2:30.949;0;;40.127;0;1:04.917;0;45.905;0;167.0;40:46.882;13:40:54.548;0:40.127;1:04.917;0:45.905;261.1;Matthew KURZEJEWSKI;;LMGT3;;Proton Competition;Porsche;GF;40.127;64.917;45.905;
75;1;16;5:20.902;0;B;1:41.894;0;2:09.072;0;1:29.936;0;78.6;46:07.784;13:46:15.450;1:41.894;2:09.072;1:29.936;;Matthew KURZEJEWSKI;;LMGT3;;Proton Competition;Porsche;GF;101.894;129.072;89.936;
75;1;17;6:13.388;0;;2:34.874;0;2:08.985;0;1:29.529;0;67.5;52:21.172;13:52:28.838;2:34.874;2:08.985;1:29.529;;Matthew KURZEJEWSKI;0:01:14.079;LMGT3;;Proton Competition;Porsche;SF;154.874;128.985;89.529;
75;1;18;2:41.150;0;;49.908;0;1:11.601;0;39.641;0;156.5;55:02.322;13:55:09.988;0:49.908;1:11.601;0:39.641;204.8;Matthew KURZEJEWSKI;;LMGT3;;Proton Competition;Porsche;SF;49.908;71.601;39.641;
75;1;19;4:15.621;0;;57.820;0;1:41.856;0;1:35.945;0;98.6;59:17.943;13:59:25.609;0:57.820;1:41.856;1:35.945;;Matthew KURZEJEWSKI;;LMGT3;;Proton Competition;Porsche;SF;57.820;101.856;95.945;
75;1;20;4:17.019;0;;1:22.954;0;1:37.728;0;1:16.337;0;98.1;1:03:34.962;14:03:42.628;1:22.954;1:37.728;1:16.337;131.7;Matthew KURZEJEWSKI;;LMGT3;;Proton Competition;Porsche;SF;82.954;97.728;76.337;
75;1;21;2:44.254;0;;46.037;0;1:10.765;0;47.452;0;153.5;1:06:19.216;14:06:26.882;0:46.037;1:10.765;0:47.452;238.7;Matthew KURZEJEWSKI;;LMGT3;;Proton Competition;Porsche;GF;46.037;70.765;47.452;
75;1;22;2:34.446;0;;40.509;0;1:07.250;0;46.687;0;163.3;1:08:53.662;14:09:01.328;0:40.509;1:07.250;0:46.687;261.7;Matthew KURZEJEWSKI;;LMGT3;;Proton Competition;Porsche;SF;40.509;67.250;46.687;
75;1;23;4:19.422;0;;1:14.370;0;1:52.065;0;1:12.987;0;97.2;1:13:13.084;14:13:20.750;1:14.370;1:52.065;1:12.987;129.3;Matthew KURZEJEWSKI;;LMGT3;;Proton Competition;Porsche;SF;74.370;112.065;72.987;
75;1;24;2:39.956;0;;45.152;0;1:08.066;0;46.738;0;157.6;1:15:53.040;14:16:00.706;0:45.152;1:08.066;0:46.738;202.5;Matthew KURZEJEWSKI;;LMGT3;;Proton Competition;Porsche;GF;45.152;68.066;46.738;
75;1;25;2:21.532;0;;40.026;0;1:05.278;0;36.228;0;178.2;1:18:14.572;14:18:22.238;0:40.026;1:05.278;0:36.228;264.9;Matthew KURZEJEWSKI;;LMGT3;;Proton Competition;Porsche;GF;40.026;65.278;36.228;
75;1;26;3:43.253;0;;45.148;0;1:28.552;0;1:29.553;0;112.9;1:21:57.825;14:22:05.491;0:45.148;1:28.552;1:29.553;225.8;Matthew KURZEJEWSKI;;LMGT3;;Proton Competition;Porsche;SF;45.148;88.552;89.553;
75;1;27;3:33.781;0;;1:24.726;0;1:26.144;0;42.911;0;117.9;1:25:31.606;14:25:39.272;1:24.726;1:26.144;0:42.911;;Matthew KURZEJEWSKI;;LMGT3;;Proton Competition;Porsche;SF;84.726;86.144;42.911;
75;1;28;2:51.439;0;;45.792;0;1:19.666;0;45.981;0;147.1;1:28:23.045;14:28:30.711;0:45.792;1:19.666;0:45.981;197.4;Matthew KURZEJEWSKI;;LMGT3;;Proton Competition;Porsche;GF;45.792;79.666;45.981;
75;1;29;2:29.083;0;;40.123;0;1:06.851;0;42.109;0;169.1;1:30:52.128;14:30:59.794;0:40.123;1:06.851;0:42.109;263.0;Matthew KURZEJEWSKI;;LMGT3;;Proton Competition;Porsche;SF;40.123;66.851;42.109;
75;1;30;4:03.068;0;;1:17.754;0;1:43.580;0;1:01.734;0;103.7;1:34:55.196;14:35:02.862;1:17.754;1:43.580;1:01.734;123.3;Matthew KURZEJEWSKI;;LMGT3;;Proton Competition;Porsche;SF;77.754;103.580;61.734;
75;1;31;4:01.236;0;;1:13.481;0;1:37.386;0;1:10.369;0;104.5;1:38:56.432;14:39:04.098;1:13.481;1:37.386;1:10.369;;Matthew KURZEJEWSKI;;LMGT3;;Proton Competition;Porsche;SF;73.481;97.386;70.369;
75;1;32;3:52.231;0;;1:37.326;0;1:24.343;0;50.562;0;108.6;1:42:48.663;14:42:56.329;1:37.326;1:24.343;0:50.562;124.0;Matthew KURZEJEWSKI;;LMGT3;;Proton Competition;Porsche;SF;97.326;84.343;50.562;
75;1;33;2:58.023;0;;45.524;0;1:26.477;0;46.022;0;141.6;1:45:46.686;14:45:54.352;0:45.524;1:26.477;0:46.022;223.0;Matthew KURZEJEWSKI;;LMGT3;;Proton Competition;Porsche;GF;45.524;86.477;46.022;
75;1;34;2:24.022;0;;41.431;0;1:05.710;0;36.881;0;175.1;1:48:10.708;14:48:18.374;0:41.431;1:05.710;0:36.881;261.7;Matthew KURZEJEWSKI;;LMGT3;;Proton Competition;Porsche;GF;41.431;65.710;36.881;
75;1;35;2:21.002;0;;40.235;0;1:04.818;0;35.949;0;178.8;1:50:31.710;14:50:39.376;0:40.235;1:04.818;0:35.949;264.9;Matthew KURZEJEWSKI;;LMGT3;;Proton Competition;Porsche;GF;40.235;64.818;35.949;
75;1;36;2:21.162;0;;39.966;1;1:05.333;0;35.863;1;178.6;1:52:52.872;14:53:00.538;0:39.966;1:05.333;0:35.863;264.9;Matthew KURZEJEWSKI;;LMGT3;;Proton Competition;Porsche;GF;39.966;65.333;35.863;
75;1;37;2:21.167;0;;40.018;0;1:05.201;0;35.948;0;178.6;1:55:14.039;14:55:21.705;0:40.018;1:05.201;0:35.948;264.9;Matthew KURZEJEWSKI;;LMGT3;;Proton Competition;Porsche;GF;40.018;65.201;35.948;
75;1;38;2:21.735;0;;40.245;0;1:05.248;0;36.242;0;177.9;1:57:35.774;14:57:43.440;0:40.245;1:05.248;0:36.242;259.9;Matthew KURZEJEWSKI;;LMGT3;;Proton Competition;Porsche;GF;40.245;65.248;36.242;
75;1;39;2:26.318;0;;40.368;0;1:07.109;0;38.841;0;172.3;2:00:02.092;15:00:09.758;0:40.368;1:07.109;0:38.841;261.7;Matthew KURZEJEWSKI;;LMGT3;;Proton Competition;Porsche;SF;40.368;67.109;38.841;
75;1;40;2:58.324;0;;44.510;0;1:22.688;0;51.126;0;141.4;2:03:00.416;15:03:08.082;0:44.510;1:22.688;0:51.126;216.7;Matthew KURZEJEWSKI;;LMGT3;;Proton Competition;Porsche;SF;44.510;82.688;51.126;
75;1;41;3:57.462;0;;56.134;0;1:44.655;0;1:16.673;0;106.2;2:06:57.878;15:07:05.544;0:56.134;1:44.655;1:16.673;170.4;Matthew KURZEJEWSKI;;LMGT3;;Proton Competition;Porsche;SF;56.134;104.655;76.673;
75;1;42;4:20.049;0;;1:19.465;0;1:38.405;0;1:22.179;0;97.0;2:11:17.927;15:11:25.593;1:19.465;1:38.405;1:22.179;;Matthew KURZEJEWSKI;;LMGT3;;Proton Competition;Porsche;SF;79.465;98.405;82.179;
75;1;43;3:50.456;0;;1:30.463;0;1:19.080;0;1:00.913;0;109.4;2:15:08.383;15:15:16.049;1:30.463;1:19.080;1:00.913;;Matthew KURZEJEWSKI;;LMGT3;;Proton Competition;Porsche;GF;90.463;79.080;60.913;
75;1;44;2:27.976;0;B;40.495;0;1:05.192;0;42.289;0;170.4;2:17:36.359;15:17:44.025;0:40.495;1:05.192;0:42.289;259.9;Matthew KURZEJEWSKI;;LMGT3;;Proton Competition;Porsche;GF;40.495;65.192;42.289;
75;3;45;3:41.029;0;;1:55.151;0;1:07.998;0;37.880;0;114.1;2:21:17.388;15:21:25.054;1:55.151;1:07.998;0:37.880;252.0;Richard LIETZ;0:01:24.752;LMGT3;;Proton Competition;Porsche;GF;115.151;67.998;37.880;
75;3;46;2:24.621;0;;41.100;0;1:06.772;0;36.749;0;174.3;2:23:42.009;15:23:49.675;0:41.100;1:06.772;0:36.749;258.6;Richard LIETZ;;LMGT3;;Proton Competition;Porsche;GF;41.100;66.772;36.749;
75;3;47;2:19.362;0;;39.695;0;1:04.002;0;35.665;0;180.9;2:26:01.371;15:26:09.037;0:39.695;1:04.002;0:35.665;264.3;Richard LIETZ;;LMGT3;;Proton Competition;Porsche;GF;39.695;64.002;35.665;
75;3;48;2:18.434;2;;39.724;0;1:03.211;2;35.499;1;182.1;2:28:19.805;15:28:27.471;0:39.724;1:03.211;0:35.499;262.4;Richard LIETZ;;LMGT3;;Proton Competition;Porsche;GF;39.724;63.211;35.499;
75;3;49;2:19.372;0;;39.688;0;1:03.574;0;36.110;0;180.9;2:30:39.177;15:30:46.843;0:39.688;1:03.574;0:36.110;263.6;Richard LIETZ;;LMGT3;;Proton Competition;Porsche;GF;39.688;63.574;36.110;
75;3;50;2:19.298;0;;39.632;0;1:04.029;0;35.637;0;181.0;2:32:58.475;15:33:06.141;0:39.632;1:04.029;0:35.637;264.3;Richard LIETZ;;LMGT3;;Proton Competition;Porsche;GF;39.632;64.029;35.637;
75;3;51;2:19.380;0;;39.747;0;1:03.711;0;35.922;0;180.9;2:35:17.855;15:35:25.521;0:39.747;1:03.711;0:35.922;265.6;Richard LIETZ;;LMGT3;;Proton Competition;Porsche;GF;39.747;63.711;35.922;
75;3;52;2:20.225;0;;39.770;0;1:04.365;0;36.090;0;179.8;2:37:38.080;15:37:45.746;0:39.770;1:04.365;0:36.090;264.9;Richard LIETZ;;LMGT3;;Proton Competition;Porsche;GF;39.770;64.365;36.090;
75;3;53;2:20.513;0;;39.815;0;1:04.447;0;36.251;0;179.4;2:39:58.593;15:40:06.259;0:39.815;1:04.447;0:36.251;266.9;Richard LIETZ;;LMGT3;;Proton Competition;Porsche;GF;39.815;64.447;36.251;
75;3;54;2:20.247;0;;39.712;0;1:04.537;0;35.998;0;179.8;2:42:18.840;15:42:26.506;0:39.712;1:04.537;0:35.998;266.2;Richard LIETZ;;LMGT3;;Proton Competition;Porsche;GF;39.712;64.537;35.998;
75;3;55;2:20.194;0;;39.614;0;1:04.671;0;35.909;0;179.9;2:44:39.034;15:44:46.700;0:39.614;1:04.671;0:35.909;268.2;Richard LIETZ;;LMGT3;;Proton Competition;Porsche;GF;39.614;64.671;35.909;
75;3;56;2:21.634;0;;39.713;0;1:05.768;0;36.153;0;178.0;2:47:00.668;15:47:08.334;0:39.713;1:05.768;0:36.153;252.0;Richard LIETZ;;LMGT3;;Proton Competition;Porsche;GF;39.713;65.768;36.153;
75;3;57;2:22.758;0;;39.839;0;1:05.220;0;37.699;0;176.6;2:49:23.426;15:49:31.092;0:39.839;1:05.220;0:37.699;266.9;Richard LIETZ;;LMGT3;;Proton Competition;Porsche;GF;39.839;65.220;37.699;
75;3;58;2:21.944;0;;39.914;0;1:05.841;0;36.189;0;177.6;2:51:45.370;15:51:53.036;0:39.914;1:05.841;0:36.189;263.6;Richard LIETZ;;LMGT3;;Proton Competition;Porsche;GF;39.914;65.841;36.189;
75;3;59;2:26.478;0;B;40.080;0;1:04.388;0;42.010;0;172.1;2:54:11.848;15:54:19.514;0:40.080;1:04.388;0:42.010;261.7;Richard LIETZ;;LMGT3;;Proton Competition;Porsche;GF;40.080;64.388;42.010;
75;3;60;2:31.388;0;;51.471;0;1:04.208;0;35.709;0;166.6;2:56:43.236;15:56:50.902;0:51.471;1:04.208;0:35.709;262.4;Richard LIETZ;0:00:23.405;LMGT3;;Proton Competition;Porsche;GF;51.471;64.208;35.709;
75;3;61;2:19.546;0;;39.708;0;1:04.136;0;35.702;0;180.7;2:59:02.782;15:59:10.448;0:39.708;1:04.136;0:35.702;263.6;Richard LIETZ;;LMGT3;;Proton Competition;Porsche;GF;39.708;64.136;35.702;
75;3;62;2:20.750;0;;39.695;0;1:05.048;0;36.007;0;179.1;3:01:23.532;16:01:31.198;0:39.695;1:05.048;0:36.007;267.6;Richard LIETZ;;LMGT3;;Proton Competition;Porsche;GF;39.695;65.048;36.007;
75;3;63;2:21.809;0;;39.971;0;1:05.636;0;36.202;0;177.8;3:03:45.341;16:03:53.007;0:39.971;1:05.636;0:36.202;264.3;Richard LIETZ;;LMGT3;;Proton Competition;Porsche;GF;39.971;65.636;36.202;
75;3;64;2:21.872;0;;40.151;0;1:05.567;0;36.154;0;177.7;3:06:07.213;16:06:14.879;0:40.151;1:05.567;0:36.154;264.3;Richard LIETZ;;LMGT3;;Proton Competition;Porsche;GF;40.151;65.567;36.154;
75;3;65;2:20.556;0;;39.891;0;1:04.938;0;35.727;0;179.4;3:08:27.769;16:08:35.435;0:39.891;1:04.938;0:35.727;265.6;Richard LIETZ;;LMGT3;;Proton Competition;Porsche;GF;39.891;64.938;35.727;
75;3;66;2:27.389;0;B;39.587;1;1:05.465;0;42.337;0;171.1;3:10:55.158;16:11:02.824;0:39.587;1:05.465;0:42.337;267.6;Richard LIETZ;;LMGT3;;Proton Competition;Porsche;GF;39.587;65.465;42.337;
75;2;67;3:38.068;0;;1:55.032;0;1:06.469;0;36.567;0;115.6;3:14:33.226;16:14:40.892;1:55.032;1:06.469;0:36.567;247.4;Thomas SARGENT;0:01:25.164;LMGT3;;Proton Competition;Porsche;GF;115.032;66.469;36.567;
75;2;68;2:21.233;0;;40.106;0;1:05.057;0;36.070;0;178.5;3:16:54.459;16:17:02.125;0:40.106;1:05.057;0:36.070;267.6;Thomas SARGENT;;LMGT3;;Proton Competition;Porsche;GF;40.106;65.057;36.070;
75;2;69;2:19.225;0;;39.844;0;1:03.745;0;35.636;0;181.1;3:19:13.684;16:19:21.350;0:39.844;1:03.745;0:35.636;265.6;Thomas SARGENT;;LMGT3;;Proton Competition;Porsche;GF;39.844;63.745;35.636;
75;2;70;2:18.756;0;;39.517;0;1:03.730;1;35.509;0;181.7;3:21:32.440;16:21:40.106;0:39.517;1:03.730;0:35.509;266.9;Thomas SARGENT;;LMGT3;;Proton Competition;Porsche;GF;39.517;63.730;35.509;
75;2;71;2:19.109;0;;39.622;0;1:04.043;0;35.444;2;181.3;3:23:51.549;16:23:59.215;0:39.622;1:04.043;0:35.444;266.2;Thomas SARGENT;;LMGT3;;Proton Competition;Porsche;GF;39.622;64.043;35.444;
75;2;72;2:20.001;0;;39.819;0;1:04.230;0;35.952;0;180.1;3:26:11.550;16:26:19.216;0:39.819;1:04.230;0:35.952;265.6;Thomas SARGENT;;LMGT3;;Proton Competition;Porsche;GF;39.819;64.230;35.952;
75;2;73;2:20.488;0;;39.632;0;1:05.291;0;35.565;0;179.5;3:28:32.038;16:28:39.704;0:39.632;1:05.291;0:35.565;266.9;Thomas SARGENT;;LMGT3;;Proton Competition;Porsche;GF;39.632;65.291;35.565;
75;2;74;2:20.556;0;;39.560;2;1:04.561;0;36.435;0;179.4;3:30:52.594;16:31:00.260;0:39.560;1:04.561;0:36.435;266.9;Thomas SARGENT;;LMGT3;;Proton Competition;Porsche;GF;39.560;64.561;36.435;
75;2;75;2:19.850;0;;39.648;0;1:04.549;0;35.653;0;180.3;3:33:12.444;16:33:20.110;0:39.648;1:04.549;0:35.653;266.2;Thomas SARGENT;;LMGT3;;Proton Competition;Porsche;GF;39.648;64.549;35.653;
75;2;76;2:21.052;0;;39.627;0;1:04.857;0;36.568;0;178.8;3:35:33.496;16:35:41.162;0:39.627;1:04.857;0:36.568;265.6;Thomas SARGENT;;LMGT3;;Proton Competition;Porsche;GF;39.627;64.857;36.568;
75;2;77;2:21.247;0;;39.945;0;1:05.552;0;35.750;0;178.5;3:37:54.743;16:38:02.409;0:39.945;1:05.552;0:35.750;267.6;Thomas SARGENT;;LMGT3;;Proton Competition;Porsche;GF;39.945;65.552;35.750;
75;2;78;2:20.928;0;;40.280;0;1:04.675;0;35.973;0;178.9;3:40:15.671;16:40:23.337;0:40.280;1:04.675;0:35.973;264.3;Thomas SARGENT;;LMGT3;;Proton Competition;Porsche;GF;40.280;64.675;35.973;
75;2;79;2:20.901;0;;39.604;0;1:05.289;0;36.008;0;178.9;3:42:36.572;16:42:44.238;0:39.604;1:05.289;0:36.008;263.6;Thomas SARGENT;;LMGT3;;Proton Competition;Porsche;GF;39.604;65.289;36.008;
75;2;80;2:20.776;0;;39.638;0;1:05.238;0;35.900;0;179.1;3:44:57.348;16:45:05.014;0:39.638;1:05.238;0:35.900;264.9;Thomas SARGENT;;LMGT3;;Proton Competition;Porsche;GF;39.638;65.238;35.900;
75;2;81;2:21.689;0;;39.790;0;1:06.072;0;35.827;0;178.0;3:47:19.037;16:47:26.703;0:39.790;1:06.072;0:35.827;267.6;Thomas SARGENT;;LMGT3;;Proton Competition;Porsche;GF;39.790;66.072;35.827;
75;2;82;2:21.477;0;;39.617;0;1:05.810;0;36.050;0;178.2;3:49:40.514;16:49:48.180;0:39.617;1:05.810;0:36.050;268.9;Thomas SARGENT;;LMGT3;;Proton Competition;Porsche;GF;39.617;65.810;36.050;
75;2;83;2:20.651;0;;39.863;0;1:04.858;0;35.930;0;179.3;3:52:01.165;16:52:08.831;0:39.863;1:04.858;0:35.930;264.9;Thomas SARGENT;;LMGT3;;Proton Competition;Porsche;GF;39.863;64.858;35.930;
75;2;84;2:21.362;0;;39.718;0;1:05.632;0;36.012;0;178.4;3:54:22.527;16:54:30.193;0:39.718;1:05.632;0:36.012;265.6;Thomas SARGENT;;LMGT3;;Proton Competition;Porsche;GF;39.718;65.632;36.012;
75;2;85;2:20.949;0;;39.782;0;1:05.161;0;36.006;0;178.9;3:56:43.476;16:56:51.142;0:39.782;1:05.161;0:36.006;266.2;Thomas SARGENT;;LMGT3;;Proton Competition;Porsche;GF;39.782;65.161;36.006;
75;2;86;2:22.165;0;;39.693;0;1:05.324;0;37.148;0;177.4;3:59:05.641;16:59:13.307;0:39.693;1:05.324;0:37.148;266.9;Thomas SARGENT;;LMGT3;;Proton Competition;Porsche;GF;39.693;65.324;37.148;
75;2;87;2:21.404;0;;39.900;0;1:05.504;0;36.000;0;178.3;4:01:27.045;17:01:34.711;0:39.900;1:05.504;0:36.000;249.7;Thomas SARGENT;;LMGT3;;Proton Competition;Porsche;FF;39.900;65.504;36.000;
77;1;1;3:04.307;0;;54.712;0;1:10.904;0;58.691;0;134.4;3:04.307;13:03:11.973;0:54.712;1:10.904;0:58.691;245.7;Martin BERRY;;LMGT3;;Proton Competition;Porsche;SF;54.712;70.904;58.691;
77;1;2;4:17.507;0;;1:37.328;0;1:38.382;0;1:01.797;0;97.9;7:21.814;13:07:29.480;1:37.328;1:38.382;1:01.797;;Martin BERRY;;LMGT3;;Proton Competition;Porsche;SF;97.328;98.382;61.797;
77;1;3;4:23.069;0;;1:43.543;0;1:39.085;0;1:00.441;0;95.8;11:44.883;13:11:52.549;1:43.543;1:39.085;1:00.441;;Martin BERRY;;LMGT3;;Proton Competition;Porsche;SF;103.543;99.085;60.441;
77;1;4;2:49.920;0;;56.428;0;1:09.095;0;44.397;0;148.4;14:34.803;13:14:42.469;0:56.428;1:09.095;0:44.397;140.0;Martin BERRY;;LMGT3;;Proton Competition;Porsche;GF;56.428;69.095;44.397;
77;1;5;2:21.492;0;;40.631;0;1:04.535;0;36.326;0;178.2;16:56.295;13:17:03.961;0:40.631;1:04.535;0:36.326;259.9;Martin BERRY;;LMGT3;;Proton Competition;Porsche;GF;40.631;64.535;36.326;
77;1;6;2:21.187;0;;40.615;0;1:04.236;1;36.336;0;178.6;19:17.482;13:19:25.148;0:40.615;1:04.236;0:36.336;259.2;Martin BERRY;;LMGT3;;Proton Competition;Porsche;GF;40.615;64.236;36.336;
77;1;7;2:21.169;0;;40.545;0;1:04.358;0;36.266;1;178.6;21:38.651;13:21:46.317;0:40.545;1:04.358;0:36.266;259.2;Martin BERRY;;LMGT3;;Proton Competition;Porsche;GF;40.545;64.358;36.266;
77;1;8;2:22.083;0;;40.612;0;1:04.505;0;36.966;0;177.5;24:00.734;13:24:08.400;0:40.612;1:04.505;0:36.966;258.0;Martin BERRY;;LMGT3;;Proton Competition;Porsche;GF;40.612;64.505;36.966;
77;1;9;2:21.581;0;;40.543;0;1:04.629;0;36.409;0;178.1;26:22.315;13:26:29.981;0:40.543;1:04.629;0:36.409;258.6;Martin BERRY;;LMGT3;;Proton Competition;Porsche;GF;40.543;64.629;36.409;
77;1;10;2:21.988;0;;40.633;0;1:04.990;0;36.365;0;177.6;28:44.303;13:28:51.969;0:40.633;1:04.990;0:36.365;258.0;Martin BERRY;;LMGT3;;Proton Competition;Porsche;GF;40.633;64.990;36.365;
77;1;11;2:23.344;0;;40.469;0;1:05.772;0;37.103;0;175.9;31:07.647;13:31:15.313;0:40.469;1:05.772;0:37.103;258.0;Martin BERRY;;LMGT3;;Proton Competition;Porsche;GF;40.469;65.772;37.103;
77;1;12;2:24.891;0;;40.550;0;1:07.091;0;37.250;0;174.0;33:32.538;13:33:40.204;0:40.550;1:07.091;0:37.250;258.0;Martin BERRY;;LMGT3;;Proton Competition;Porsche;GF;40.550;67.091;37.250;
77;1;13;2:23.962;0;;40.467;0;1:06.249;0;37.246;0;175.1;35:56.500;13:36:04.166;0:40.467;1:06.249;0:37.246;260.5;Martin BERRY;;LMGT3;;Proton Competition;Porsche;GF;40.467;66.249;37.246;
77;1;14;2:22.643;0;;40.414;1;1:05.416;0;36.813;0;176.8;38:19.143;13:38:26.809;0:40.414;1:05.416;0:36.813;261.1;Martin BERRY;;LMGT3;;Proton Competition;Porsche;GF;40.414;65.416;36.813;
77;1;15;2:42.067;0;;40.481;0;1:05.235;0;56.351;0;155.6;41:01.210;13:41:08.876;0:40.481;1:05.235;0:56.351;259.9;Martin BERRY;;LMGT3;;Proton Competition;Porsche;GF;40.481;65.235;56.351;
77;1;16;5:25.377;0;B;1:41.656;0;2:09.508;0;1:34.213;0;77.5;46:26.587;13:46:34.253;1:41.656;2:09.508;1:34.213;;Martin BERRY;;LMGT3;;Proton Competition;Porsche;GF;101.656;129.508;94.213;
77;1;17;6:01.175;0;;2:55.524;0;2:09.264;0;56.387;0;69.8;52:27.762;13:52:35.428;2:55.524;2:09.264;0:56.387;;Martin BERRY;0:01:35.405;LMGT3;;Proton Competition;Porsche;SF;175.524;129.264;56.387;
77;1;18;2:42.658;0;;51.462;0;1:10.700;0;40.496;0;155.0;55:10.420;13:55:18.086;0:51.462;1:10.700;0:40.496;199.9;Martin BERRY;;LMGT3;;Proton Competition;Porsche;SF;51.462;70.700;40.496;
77;1;19;4:13.374;0;;55.848;0;1:40.336;0;1:37.190;0;99.5;59:23.794;13:59:31.460;0:55.848;1:40.336;1:37.190;;Martin BERRY;;LMGT3;;Proton Competition;Porsche;SF;55.848;100.336;97.190;
77;1;20;4:16.609;0;;1:23.069;0;1:38.261;0;1:15.279;0;98.3;1:03:40.403;14:03:48.069;1:23.069;1:38.261;1:15.279;191.8;Martin BERRY;;LMGT3;;Proton Competition;Porsche;SF;83.069;98.261;75.279;
77;1;21;2:41.677;0;;47.085;0;1:08.383;0;46.209;0;156.0;1:06:22.080;14:06:29.746;0:47.085;1:08.383;0:46.209;221.1;Martin BERRY;;LMGT3;;Proton Competition;Porsche;GF;47.085;68.383;46.209;
77;1;22;2:36.026;0;;40.917;0;1:10.006;0;45.103;0;161.6;1:08:58.106;14:09:05.772;0:40.917;1:10.006;0:45.103;258.0;Martin BERRY;;LMGT3;;Proton Competition;Porsche;SF;40.917;70.006;45.103;
77;1;23;4:21.612;0;;1:15.669;0;1:53.322;0;1:12.621;0;96.4;1:13:19.718;14:13:27.384;1:15.669;1:53.322;1:12.621;140.5;Martin BERRY;;LMGT3;;Proton Competition;Porsche;SF;75.669;113.322;72.621;
77;1;24;2:35.885;0;;44.123;0;1:07.163;0;44.599;0;161.7;1:15:55.603;14:16:03.269;0:44.123;1:07.163;0:44.599;251.4;Martin BERRY;;LMGT3;;Proton Competition;Porsche;GF;44.123;67.163;44.599;
77;1;25;2:22.763;0;;40.638;0;1:05.507;0;36.618;0;176.6;1:18:18.366;14:18:26.032;0:40.638;1:05.507;0:36.618;261.7;Martin BERRY;;LMGT3;;Proton Competition;Porsche;GF;40.638;65.507;36.618;
77;1;26;3:42.528;0;;46.439;0;1:26.011;0;1:30.078;0;113.3;1:22:00.894;14:22:08.560;0:46.439;1:26.011;1:30.078;197.4;Martin BERRY;;LMGT3;;Proton Competition;Porsche;SF;46.439;86.011;90.078;
77;1;27;3:33.449;0;;1:24.474;0;1:26.979;0;41.996;0;118.1;1:25:34.343;14:25:42.009;1:24.474;1:26.979;0:41.996;120.9;Martin BERRY;;LMGT3;;Proton Competition;Porsche;SF;84.474;86.979;41.996;
77;1;28;2:50.481;0;;46.342;0;1:18.219;0;45.920;0;147.9;1:28:24.824;14:28:32.490;0:46.342;1:18.219;0:45.920;174.5;Martin BERRY;;LMGT3;;Proton Competition;Porsche;GF;46.342;78.219;45.920;
77;1;29;2:38.113;0;;40.664;0;1:12.047;0;45.402;0;159.5;1:31:02.937;14:31:10.603;0:40.664;1:12.047;0:45.402;259.9;Martin BERRY;;LMGT3;;Proton Competition;Porsche;SF;40.664;72.047;45.402;
77;1;30;4:01.080;0;;1:17.834;0;1:43.027;0;1:00.219;0;104.6;1:35:04.017;14:35:11.683;1:17.834;1:43.027;1:00.219;;Martin BERRY;;LMGT3;;Proton Competition;Porsche;SF;77.834;103.027;60.219;
77;1;31;4:04.007;0;;1:15.319;0;1:36.356;0;1:12.332;0;103.3;1:39:08.024;14:39:15.690;1:15.319;1:36.356;1:12.332;;Martin BERRY;;LMGT3;;Proton Competition;Porsche;SF;75.319;96.356;72.332;
77;1;32;3:52.126;0;;1:39.638;0;1:20.581;0;51.907;0;108.6;1:43:00.150;14:43:07.816;1:39.638;1:20.581;0:51.907;127.2;Martin BERRY;;LMGT3;;Proton Competition;Porsche;SF;99.638;80.581;51.907;
77;1;33;2:58.587;0;B;47.828;0;1:21.881;0;48.878;0;141.2;1:45:58.737;14:46:06.403;0:47.828;1:21.881;0:48.878;169.8;Martin BERRY;;LMGT3;;Proton Competition;Porsche;GF;47.828;81.881;48.878;
77;2;34;3:33.763;0;;1:51.289;0;1:06.573;0;35.901;0;118.0;1:49:32.500;14:49:40.166;1:51.289;1:06.573;0:35.901;249.7;Huub VAN EIJNDHOVEN;0:01:20.726;LMGT3;;Proton Competition;Porsche;GF;111.289;66.573;35.901;
77;2;35;2:21.379;0;;41.489;0;1:04.035;0;35.855;0;178.3;1:51:53.879;14:52:01.545;0:41.489;1:04.035;0:35.855;250.8;Huub VAN EIJNDHOVEN;;LMGT3;;Proton Competition;Porsche;GF;41.489;64.035;35.855;
77;2;36;2:19.393;0;;40.026;0;1:03.528;0;35.839;0;180.9;1:54:13.272;14:54:20.938;0:40.026;1:03.528;0:35.839;258.0;Huub VAN EIJNDHOVEN;;LMGT3;;Proton Competition;Porsche;GF;40.026;63.528;35.839;
77;2;37;2:19.385;2;;39.895;1;1:03.471;2;36.019;0;180.9;1:56:32.657;14:56:40.323;0:39.895;1:03.471;0:36.019;260.5;Huub VAN EIJNDHOVEN;;LMGT3;;Proton Competition;Porsche;GF;39.895;63.471;36.019;
77;2;38;2:20.026;0;;40.348;0;1:03.777;0;35.901;0;180.1;1:58:52.683;14:59:00.349;0:40.348;1:03.777;0:35.901;256.8;Huub VAN EIJNDHOVEN;;LMGT3;;Proton Competition;Porsche;GF;40.348;63.777;35.901;
77;2;39;2:47.681;0;;40.080;0;1:26.202;0;41.399;0;150.4;2:01:40.364;15:01:48.030;0:40.080;1:26.202;0:41.399;258.0;Huub VAN EIJNDHOVEN;;LMGT3;;Proton Competition;Porsche;SF;40.080;86.202;41.399;
77;2;40;4:43.578;0;;1:19.486;0;2:08.119;0;1:15.973;0;88.9;2:06:23.942;15:06:31.608;1:19.486;2:08.119;1:15.973;;Huub VAN EIJNDHOVEN;;LMGT3;;Proton Competition;Porsche;SF;79.486;128.119;75.973;
77;2;41;4:03.522;0;;1:18.455;0;1:41.897;0;1:03.170;0;103.5;2:10:27.464;15:10:35.130;1:18.455;1:41.897;1:03.170;;Huub VAN EIJNDHOVEN;;LMGT3;;Proton Competition;Porsche;SF;78.455;101.897;63.170;
77;2;42;2:36.633;0;;46.097;0;1:11.215;0;39.321;0;161.0;2:13:04.097;15:13:11.763;0:46.097;1:11.215;0:39.321;201.4;Huub VAN EIJNDHOVEN;;LMGT3;;Proton Competition;Porsche;SF;46.097;71.215;39.321;
77;2;43;2:23.923;0;;43.168;0;1:05.052;0;35.703;0;175.2;2:15:28.020;15:15:35.686;0:43.168;1:05.052;0:35.703;244.1;Huub VAN EIJNDHOVEN;;LMGT3;;Proton Competition;Porsche;GF;43.168;65.052;35.703;
77;2;44;2:20.533;0;;40.013;0;1:04.629;0;35.891;0;179.4;2:17:48.553;15:17:56.219;0:40.013;1:04.629;0:35.891;261.7;Huub VAN EIJNDHOVEN;;LMGT3;;Proton Competition;Porsche;GF;40.013;64.629;35.891;
77;2;45;2:21.347;0;;40.555;0;1:04.816;0;35.976;0;178.4;2:20:09.900;15:20:17.566;0:40.555;1:04.816;0:35.976;258.6;Huub VAN EIJNDHOVEN;;LMGT3;;Proton Competition;Porsche;GF;40.555;64.816;35.976;
77;2;46;2:19.552;0;;39.980;0;1:03.883;0;35.689;2;180.7;2:22:29.452;15:22:37.118;0:39.980;1:03.883;0:35.689;260.5;Huub VAN EIJNDHOVEN;;LMGT3;;Proton Competition;Porsche;GF;39.980;63.883;35.689;
77;2;47;2:19.925;0;;40.069;0;1:03.975;0;35.881;0;180.2;2:24:49.377;15:24:57.043;0:40.069;1:03.975;0:35.881;259.2;Huub VAN EIJNDHOVEN;;LMGT3;;Proton Competition;Porsche;GF;40.069;63.975;35.881;
77;2;48;2:20.266;0;;40.093;0;1:04.441;0;35.732;0;179.8;2:27:09.643;15:27:17.309;0:40.093;1:04.441;0:35.732;258.6;Huub VAN EIJNDHOVEN;;LMGT3;;Proton Competition;Porsche;GF;40.093;64.441;35.732;
77;2;49;2:20.476;0;;39.935;0;1:04.695;0;35.846;0;179.5;2:29:30.119;15:29:37.785;0:39.935;1:04.695;0:35.846;259.9;Huub VAN EIJNDHOVEN;;LMGT3;;Proton Competition;Porsche;GF;39.935;64.695;35.846;
77;2;50;2:21.914;0;;39.950;0;1:05.545;0;36.419;0;177.7;2:31:52.033;15:31:59.699;0:39.950;1:05.545;0:36.419;259.9;Huub VAN EIJNDHOVEN;;LMGT3;;Proton Competition;Porsche;GF;39.950;65.545;36.419;
77;2;51;2:22.046;0;;40.339;0;1:05.243;0;36.464;0;177.5;2:34:14.079;15:34:21.745;0:40.339;1:05.243;0:36.464;258.6;Huub VAN EIJNDHOVEN;;LMGT3;;Proton Competition;Porsche;GF;40.339;65.243;36.464;
77;2;52;2:20.742;0;;40.062;0;1:04.594;0;36.086;0;179.2;2:36:34.821;15:36:42.487;0:40.062;1:04.594;0:36.086;260.5;Huub VAN EIJNDHOVEN;;LMGT3;;Proton Competition;Porsche;GF;40.062;64.594;36.086;
77;2;53;2:21.452;0;;40.562;0;1:04.929;0;35.961;0;178.3;2:38:56.273;15:39:03.939;0:40.562;1:04.929;0:35.961;258.0;Huub VAN EIJNDHOVEN;;LMGT3;;Proton Competition;Porsche;GF;40.562;64.929;35.961;
77;2;54;2:22.412;0;;40.030;0;1:04.980;0;37.402;0;177.1;2:41:18.685;15:41:26.351;0:40.030;1:04.980;0:37.402;258.6;Huub VAN EIJNDHOVEN;;LMGT3;;Proton Competition;Porsche;GF;40.030;64.980;37.402;
77;2;55;2:22.486;0;;40.081;0;1:05.649;0;36.756;0;177.0;2:43:41.171;15:43:48.837;0:40.081;1:05.649;0:36.756;259.2;Huub VAN EIJNDHOVEN;;LMGT3;;Proton Competition;Porsche;GF;40.081;65.649;36.756;
77;2;56;2:21.300;0;;40.066;0;1:05.021;0;36.213;0;178.4;2:46:02.471;15:46:10.137;0:40.066;1:05.021;0:36.213;261.1;Huub VAN EIJNDHOVEN;;LMGT3;;Proton Competition;Porsche;GF;40.066;65.021;36.213;
77;2;57;2:27.368;0;B;40.090;0;1:04.920;0;42.358;0;171.1;2:48:29.839;15:48:37.505;0:40.090;1:04.920;0:42.358;259.9;Huub VAN EIJNDHOVEN;;LMGT3;;Proton Competition;Porsche;GF;40.090;64.920;42.358;
77;3;58;3:39.112;0;;1:56.752;0;1:06.345;0;36.015;0;115.1;2:52:08.951;15:52:16.617;1:56.752;1:06.345;0:36.015;251.4;Alessio PICARIELLO;0:01:25.962;LMGT3;;Proton Competition;Porsche;GF;116.752;66.345;36.015;
77;3;59;2:20.310;0;;40.233;0;1:03.893;1;36.184;0;179.7;2:54:29.261;15:54:36.927;0:40.233;1:03.893;0:36.184;256.8;Alessio PICARIELLO;;LMGT3;;Proton Competition;Porsche;GF;40.233;63.893;36.184;
77;3;60;2:20.006;0;;40.156;0;1:03.924;0;35.926;0;180.1;2:56:49.267;15:56:56.933;0:40.156;1:03.924;0:35.926;258.6;Alessio PICARIELLO;;LMGT3;;Proton Competition;Porsche;GF;40.156;63.924;35.926;
77;3;61;2:20.361;0;;40.134;0;1:04.443;0;35.784;1;179.6;2:59:09.628;15:59:17.294;0:40.134;1:04.443;0:35.784;258.6;Alessio PICARIELLO;;LMGT3;;Proton Competition;Porsche;GF;40.134;64.443;35.784;
77;3;62;2:20.124;0;;39.980;0;1:04.263;0;35.881;0;179.9;3:01:29.752;16:01:37.418;0:39.980;1:04.263;0:35.881;258.0;Alessio PICARIELLO;;LMGT3;;Proton Competition;Porsche;GF;39.980;64.263;35.881;
77;3;63;2:19.973;0;;39.933;0;1:04.018;0;36.022;0;180.1;3:03:49.725;16:03:57.391;0:39.933;1:04.018;0:36.022;259.2;Alessio PICARIELLO;;LMGT3;;Proton Competition;Porsche;GF;39.933;64.018;36.022;
77;3;64;2:19.995;0;;39.927;0;1:03.966;0;36.102;0;180.1;3:06:09.720;16:06:17.386;0:39.927;1:03.966;0:36.102;261.7;Alessio PICARIELLO;;LMGT3;;Proton Competition;Porsche;GF;39.927;63.966;36.102;
77;3;65;2:21.195;0;;39.848;2;1:04.924;0;36.423;0;178.6;3:08:30.915;16:08:38.581;0:39.848;1:04.924;0:36.423;260.5;Alessio PICARIELLO;;LMGT3;;Proton Competition;Porsche;GF;39.848;64.924;36.423;
77;3;66;2:22.736;0;;40.587;0;1:05.716;0;36.433;0;176.6;3:10:53.651;16:11:01.317;0:40.587;1:05.716;0:36.433;262.4;Alessio PICARIELLO;;LMGT3;;Proton Competition;Porsche;GF;40.587;65.716;36.433;
77;3;67;2:19.944;0;;39.893;0;1:04.189;0;35.862;0;180.2;3:13:13.595;16:13:21.261;0:39.893;1:04.189;0:35.862;260.5;Alessio PICARIELLO;;LMGT3;;Proton Competition;Porsche;GF;39.893;64.189;35.862;
77;3;68;2:20.661;0;;40.052;0;1:04.740;0;35.869;0;179.3;3:15:34.256;16:15:41.922;0:40.052;1:04.740;0:35.869;258.6;Alessio PICARIELLO;;LMGT3;;Proton Competition;Porsche;GF;40.052;64.740;35.869;
77;3;69;2:20.619;0;;39.955;0;1:04.473;0;36.191;0;179.3;3:17:54.875;16:18:02.541;0:39.955;1:04.473;0:36.191;260.5;Alessio PICARIELLO;;LMGT3;;Proton Competition;Porsche;GF;39.955;64.473;36.191;
77;3;70;2:20.533;0;;39.949;0;1:04.632;0;35.952;0;179.4;3:20:15.408;16:20:23.074;0:39.949;1:04.632;0:35.952;258.6;Alessio PICARIELLO;;LMGT3;;Proton Competition;Porsche;GF;39.949;64.632;35.952;
77;3;71;2:26.440;0;B;39.968;0;1:04.681;0;41.791;0;172.2;3:22:41.848;16:22:49.514;0:39.968;1:04.681;0:41.791;261.1;Alessio PICARIELLO;;LMGT3;;Proton Competition;Porsche;GF;39.968;64.681;41.791;
77;3;72;3:16.630;0;;1:34.658;0;1:06.056;0;35.916;0;128.2;3:25:58.478;16:26:06.144;1:34.658;1:06.056;0:35.916;253.2;Alessio PICARIELLO;0:01:04.622;LMGT3;;Proton Competition;Porsche;GF;94.658;66.056;35.916;
77;3;73;2:22.062;0;;40.046;0;1:04.713;0;37.303;0;177.5;3:28:20.540;16:28:28.206;0:40.046;1:04.713;0:37.303;259.9;Alessio PICARIELLO;;LMGT3;;Proton Competition;Porsche;GF;40.046;64.713;37.303;
77;3;74;2:20.209;0;;40.089;0;1:04.032;0;36.088;0;179.8;3:30:40.749;16:30:48.415;0:40.089;1:04.032;0:36.088;258.0;Alessio PICARIELLO;;LMGT3;;Proton Competition;Porsche;GF;40.089;64.032;36.088;
77;3;75;2:20.290;0;;39.911;0;1:04.431;0;35.948;0;179.7;3:33:01.039;16:33:08.705;0:39.911;1:04.431;0:35.948;260.5;Alessio PICARIELLO;;LMGT3;;Proton Competition;Porsche;GF;39.911;64.431;35.948;
77;3;76;2:20.261;0;;39.893;0;1:04.185;0;36.183;0;179.8;3:35:21.300;16:35:28.966;0:39.893;1:04.185;0:36.183;260.5;Alessio PICARIELLO;;LMGT3;;Proton Competition;Porsche;GF;39.893;64.185;36.183;
77;3;77;2:19.989;0;;39.874;0;1:04.221;0;35.894;0;180.1;3:37:41.289;16:37:48.955;0:39.874;1:04.221;0:35.894;259.2;Alessio PICARIELLO;;LMGT3;;Proton Competition;Porsche;GF;39.874;64.221;35.894;
77;3;78;2:20.794;0;;39.986;0;1:04.321;0;36.487;0;179.1;3:40:02.083;16:40:09.749;0:39.986;1:04.321;0:36.487;259.2;Alessio PICARIELLO;;LMGT3;;Proton Competition;Porsche;GF;39.986;64.321;36.487;
77;3;79;2:20.192;0;;39.855;0;1:04.416;0;35.921;0;179.9;3:42:22.275;16:42:29.941;0:39.855;1:04.416;0:35.921;259.9;Alessio PICARIELLO;;LMGT3;;Proton Competition;Porsche;GF;39.855;64.416;35.921;
77;3;80;2:20.499;0;;39.851;0;1:04.660;0;35.988;0;179.5;3:44:42.774;16:44:50.440;0:39.851;1:04.660;0:35.988;259.9;Alessio PICARIELLO;;LMGT3;;Proton Competition;Porsche;GF;39.851;64.660;35.988;
77;3;81;2:20.334;0;;39.854;0;1:04.608;0;35.872;0;179.7;3:47:03.108;16:47:10.774;0:39.854;1:04.608;0:35.872;259.2;Alessio PICARIELLO;;LMGT3;;Proton Competition;Porsche;GF;39.854;64.608;35.872;
77;3;82;2:20.545;0;;39.989;0;1:04.353;0;36.203;0;179.4;3:49:23.653;16:49:31.319;0:39.989;1:04.353;0:36.203;261.1;Alessio PICARIELLO;;LMGT3;;Proton Competition;Porsche;GF;39.989;64.353;36.203;
77;3;83;2:20.672;0;;39.938;0;1:04.451;0;36.283;0;179.2;3:51:44.325;16:51:51.991;0:39.938;1:04.451;0:36.283;259.9;Alessio PICARIELLO;;LMGT3;;Proton Competition;Porsche;GF;39.938;64.451;36.283;
77;3;84;2:20.529;0;;40.026;0;1:04.680;0;35.823;0;179.4;3:54:04.854;16:54:12.520;0:40.026;1:04.680;0:35.823;257.4;Alessio PICARIELLO;;LMGT3;;Proton Competition;Porsche;GF;40.026;64.680;35.823;
77;3;85;2:20.251;0;;39.903;0;1:04.423;0;35.925;0;179.8;3:56:25.105;16:56:32.771;0:39.903;1:04.423;0:35.925;261.7;Alessio PICARIELLO;;LMGT3;;Proton Competition;Porsche;GF;39.903;64.423;35.925;
77;3;86;2:20.229;0;;39.917;0;1:04.462;0;35.850;0;179.8;3:58:45.334;16:58:53.000;0:39.917;1:04.462;0:35.850;261.1;Alessio PICARIELLO;;LMGT3;;Proton Competition;Porsche;GF;39.917;64.462;35.850;
77;3;87;2:20.604;0;;40.085;0;1:04.523;0;35.996;0;179.3;4:01:05.938;17:01:13.604;0:40.085;1:04.523;0:35.996;261.7;Alessio PICARIELLO;;LMGT3;;Proton Competition;Porsche;FF;40.085;64.523;35.996;
8;1;1;2:53.866;0;;46.518;0;1:08.590;0;58.758;0;142.5;2:53.866;13:03:01.532;0:46.518;1:08.590;0:58.758;221.6;Louis STERN;;LMP3;;Team Virage;Ligier;SF;46.518;68.590;58.758;
8;1;2;4:16.666;0;;1:30.427;0;1:40.262;0;1:05.977;0;98.2;7:10.532;13:07:18.198;1:30.427;1:40.262;1:05.977;;Louis STERN;;LMP3;;Team Virage;Ligier;SF;90.427;100.262;65.977;
8;1;3;4:22.207;0;;1:41.082;0;1:41.217;0;59.908;0;96.2;11:32.739;13:11:40.405;1:41.082;1:41.217;0:59.908;;Louis STERN;;LMP3;;Team Virage;Ligier;SF;101.082;101.217;59.908;
8;1;4;2:54.947;0;;56.991;0;1:10.805;0;47.151;0;144.1;14:27.686;13:14:35.352;0:56.991;1:10.805;0:47.151;165.4;Louis STERN;;LMP3;;Team Virage;Ligier;GF;56.991;70.805;47.151;
8;1;5;2:18.592;0;;39.262;0;1:03.789;0;35.541;0;181.9;16:46.278;13:16:53.944;0:39.262;1:03.789;0:35.541;264.3;Louis STERN;;LMP3;;Team Virage;Ligier;GF;39.262;63.789;35.541;
8;1;6;2:17.218;0;;38.663;0;1:03.519;0;35.036;1;183.8;19:03.496;13:19:11.162;0:38.663;1:03.519;0:35.036;267.6;Louis STERN;;LMP3;;Team Virage;Ligier;GF;38.663;63.519;35.036;
8;1;7;2:17.576;0;;38.713;0;1:03.623;0;35.240;0;183.3;21:21.072;13:21:28.738;0:38.713;1:03.623;0:35.240;266.9;Louis STERN;;LMP3;;Team Virage;Ligier;GF;38.713;63.623;35.240;
8;1;8;2:18.875;0;;40.135;0;1:03.557;0;35.183;0;181.6;23:39.947;13:23:47.613;0:40.135;1:03.557;0:35.183;268.9;Louis STERN;;LMP3;;Team Virage;Ligier;GF;40.135;63.557;35.183;
8;1;9;2:16.932;0;;38.600;0;1:03.240;1;35.092;0;184.1;25:56.879;13:26:04.545;0:38.600;1:03.240;0:35.092;267.6;Louis STERN;;LMP3;;Team Virage;Ligier;GF;38.600;63.240;35.092;
8;1;10;2:17.324;0;;38.543;0;1:03.728;0;35.053;0;183.6;28:14.203;13:28:21.869;0:38.543;1:03.728;0:35.053;270.9;Louis STERN;;LMP3;;Team Virage;Ligier;GF;38.543;63.728;35.053;
8;1;11;2:17.787;0;;38.743;0;1:03.710;0;35.334;0;183.0;30:31.990;13:30:39.656;0:38.743;1:03.710;0:35.334;266.9;Louis STERN;;LMP3;;Team Virage;Ligier;GF;38.743;63.710;35.334;
8;1;12;2:17.680;0;;38.647;0;1:03.949;0;35.084;0;183.1;32:49.670;13:32:57.336;0:38.647;1:03.949;0:35.084;268.2;Louis STERN;;LMP3;;Team Virage;Ligier;GF;38.647;63.949;35.084;
8;1;13;2:18.803;0;;38.576;0;1:04.835;0;35.392;0;181.7;35:08.473;13:35:16.139;0:38.576;1:04.835;0:35.392;271.6;Louis STERN;;LMP3;;Team Virage;Ligier;GF;38.576;64.835;35.392;
8;1;14;2:18.924;0;;38.652;0;1:04.109;0;36.163;0;181.5;37:27.397;13:37:35.063;0:38.652;1:04.109;0:36.163;273.6;Louis STERN;;LMP3;;Team Virage;Ligier;GF;38.652;64.109;36.163;
8;1;15;2:18.803;0;;38.707;0;1:03.871;0;36.225;0;181.7;39:46.200;13:39:53.866;0:38.707;1:03.871;0:36.225;273.6;Louis STERN;;LMP3;;Team Virage;Ligier;GF;38.707;63.871;36.225;
8;1;16;4:22.319;0;B;40.168;0;2:10.362;0;1:31.789;0;96.1;44:08.519;13:44:16.185;0:40.168;2:10.362;1:31.789;;Louis STERN;;LMP3;;Team Virage;Ligier;GF;40.168;130.362;91.789;
8;1;17;6:48.038;0;B;3:09.645;0;2:08.503;0;1:29.890;0;61.8;50:56.557;13:51:04.223;3:09.645;2:08.503;1:29.890;;Louis STERN;0:01:48.870;LMP3;;Team Virage;Ligier;GF;189.645;128.503;89.890;
8;1;18;4:15.722;0;;2:24.731;0;1:11.268;0;39.723;0;98.6;55:12.279;13:55:19.945;2:24.731;1:11.268;0:39.723;194.2;Louis STERN;0:01:47.250;LMP3;;Team Virage;Ligier;SF;144.731;71.268;39.723;
8;1;19;4:13.285;0;;56.034;0;1:40.023;0;1:37.228;0;99.5;59:25.564;13:59:33.230;0:56.034;1:40.023;1:37.228;;Louis STERN;;LMP3;;Team Virage;Ligier;SF;56.034;100.023;97.228;
8;1;20;4:16.482;0;;1:25.952;0;1:36.128;0;1:14.402;0;98.3;1:03:42.046;14:03:49.712;1:25.952;1:36.128;1:14.402;203.7;Louis STERN;;LMP3;;Team Virage;Ligier;SF;85.952;96.128;74.402;
8;1;21;2:41.293;0;;47.865;0;1:06.939;0;46.489;0;156.3;1:06:23.339;14:06:31.005;0:47.865;1:06.939;0:46.489;239.2;Louis STERN;;LMP3;;Team Virage;Ligier;GF;47.865;66.939;46.489;
8;1;22;2:32.979;0;;39.617;0;1:07.811;0;45.551;0;164.8;1:08:56.318;14:09:03.984;0:39.617;1:07.811;0:45.551;264.9;Louis STERN;;LMP3;;Team Virage;Ligier;SF;39.617;67.811;45.551;
8;1;23;4:19.469;0;;1:15.413;0;1:53.242;0;1:10.814;0;97.2;1:13:15.787;14:13:23.453;1:15.413;1:53.242;1:10.814;144.7;Louis STERN;;LMP3;;Team Virage;Ligier;SF;75.413;113.242;70.814;
8;1;24;2:39.077;0;;46.138;0;1:08.070;0;44.869;0;158.5;1:15:54.864;14:16:02.530;0:46.138;1:08.070;0:44.869;212.1;Louis STERN;;LMP3;;Team Virage;Ligier;GF;46.138;68.070;44.869;
8;1;25;8:02.620;0;;39.188;0;6:41.185;0;42.247;0;52.2;1:23:57.484;14:24:05.150;0:39.188;6:41.185;0:42.247;242.4;Louis STERN;;LMP3;;Team Virage;Ligier;SF;39.188;401.185;42.247;
8;1;26;2:23.030;0;;40.266;0;1:06.340;0;36.424;0;176.3;1:26:20.514;14:26:28.180;0:40.266;1:06.340;0:36.424;253.8;Louis STERN;;LMP3;;Team Virage;Ligier;SF;40.266;66.340;36.424;
8;1;27;2:20.505;0;;38.999;0;1:05.487;0;36.019;0;179.5;1:28:41.019;14:28:48.685;0:38.999;1:05.487;0:36.019;260.5;Louis STERN;;LMP3;;Team Virage;Ligier;GF;38.999;65.487;36.019;
8;1;28;2:30.604;0;;38.838;0;1:05.938;0;45.828;0;167.4;1:31:11.623;14:31:19.289;0:38.838;1:05.938;0:45.828;271.6;Louis STERN;;LMP3;;Team Virage;Ligier;SF;38.838;65.938;45.828;
8;1;29;3:57.790;0;;1:17.082;0;1:40.918;0;59.790;0;106.0;1:35:09.413;14:35:17.079;1:17.082;1:40.918;0:59.790;;Louis STERN;;LMP3;;Team Virage;Ligier;SF;77.082;100.918;59.790;
8;1;30;4:04.238;0;;1:17.270;0;1:35.351;0;1:11.617;0;103.2;1:39:13.651;14:39:21.317;1:17.270;1:35.351;1:11.617;184.3;Louis STERN;;LMP3;;Team Virage;Ligier;SF;77.270;95.351;71.617;
8;1;31;3:51.959;0;;1:41.267;0;1:18.486;0;52.206;0;108.7;1:43:05.610;14:43:13.276;1:41.267;1:18.486;0:52.206;;Louis STERN;;LMP3;;Team Virage;Ligier;SF;101.267;78.486;52.206;
8;1;32;2:50.924;0;;47.260;0;1:21.501;0;42.163;0;147.5;1:45:56.534;14:46:04.200;0:47.260;1:21.501;0:42.163;195.6;Louis STERN;;LMP3;;Team Virage;Ligier;GF;47.260;81.501;42.163;
8;1;33;2:23.215;0;;40.290;0;1:06.943;0;35.982;0;176.1;1:48:19.749;14:48:27.415;0:40.290;1:06.943;0:35.982;239.7;Louis STERN;;LMP3;;Team Virage;Ligier;GF;40.290;66.943;35.982;
8;1;34;2:17.550;0;;38.470;0;1:03.956;0;35.124;0;183.3;1:50:37.299;14:50:44.965;0:38.470;1:03.956;0:35.124;272.9;Louis STERN;;LMP3;;Team Virage;Ligier;GF;38.470;63.956;35.124;
8;1;35;2:27.866;0;B;38.408;1;1:05.456;0;44.002;0;170.5;1:53:05.165;14:53:12.831;0:38.408;1:05.456;0:44.002;276.4;Louis STERN;;LMP3;;Team Virage;Ligier;GF;38.408;65.456;44.002;
8;3;36;3:35.911;0;;1:52.275;0;1:07.971;0;35.665;0;116.8;1:56:41.076;14:56:48.742;1:52.275;1:07.971;0:35.665;243.0;Daniel NOGALES;0:01:21.654;LMP3;;Team Virage;Ligier;GF;112.275;67.971;35.665;
8;3;37;2:18.245;0;;39.030;0;1:03.681;0;35.534;0;182.4;1:58:59.321;14:59:06.987;0:39.030;1:03.681;0:35.534;272.3;Daniel NOGALES;;LMP3;;Team Virage;Ligier;GF;39.030;63.681;35.534;
8;3;38;2:51.765;0;;40.125;0;1:28.033;0;43.607;0;146.8;2:01:51.086;15:01:58.752;0:40.125;1:28.033;0:43.607;146.2;Daniel NOGALES;;LMP3;;Team Virage;Ligier;SF;40.125;88.033;43.607;
8;3;39;4:38.340;0;;1:12.432;0;2:08.075;0;1:17.833;0;90.6;2:06:29.426;15:06:37.092;1:12.432;2:08.075;1:17.833;;Daniel NOGALES;;LMP3;;Team Virage;Ligier;SF;72.432;128.075;77.833;
8;3;40;4:01.124;0;;1:18.823;0;1:40.330;0;1:01.971;0;104.6;2:10:30.550;15:10:38.216;1:18.823;1:40.330;1:01.971;;Daniel NOGALES;;LMP3;;Team Virage;Ligier;SF;78.823;100.330;61.971;
8;3;41;2:36.590;0;;45.781;0;1:12.584;0;38.225;0;161.0;2:13:07.140;15:13:14.806;0:45.781;1:12.584;0:38.225;199.9;Daniel NOGALES;;LMP3;;Team Virage;Ligier;SF;45.781;72.584;38.225;
8;3;42;2:23.762;0;;42.608;0;1:05.169;0;35.985;0;175.4;2:15:30.902;15:15:38.568;0:42.608;1:05.169;0:35.985;220.2;Daniel NOGALES;;LMP3;;Team Virage;Ligier;GF;42.608;65.169;35.985;
8;3;43;2:18.042;0;;39.032;0;1:04.146;0;34.864;0;182.7;2:17:48.944;15:17:56.610;0:39.032;1:04.146;0:34.864;266.9;Daniel NOGALES;;LMP3;;Team Virage;Ligier;GF;39.032;64.146;34.864;
8;3;44;2:16.827;0;;38.569;0;1:03.740;0;34.518;1;184.3;2:20:05.771;15:20:13.437;0:38.569;1:03.740;0:34.518;258.6;Daniel NOGALES;;LMP3;;Team Virage;Ligier;GF;38.569;63.740;34.518;
8;3;45;2:21.207;0;B;38.400;0;1:02.318;1;40.489;0;178.6;2:22:26.978;15:22:34.644;0:38.400;1:02.318;0:40.489;275.0;Daniel NOGALES;;LMP3;;Team Virage;Ligier;GF;38.400;62.318;40.489;
8;3;46;2:28.279;0;;50.283;0;1:02.798;0;35.198;0;170.0;2:24:55.257;15:25:02.923;0:50.283;1:02.798;0:35.198;275.7;Daniel NOGALES;0:00:23.299;LMP3;;Team Virage;Ligier;GF;50.283;62.798;35.198;
8;3;47;2:17.030;0;;39.030;0;1:03.135;0;34.865;0;184.0;2:27:12.287;15:27:19.953;0:39.030;1:03.135;0:34.865;272.9;Daniel NOGALES;;LMP3;;Team Virage;Ligier;GF;39.030;63.135;34.865;
8;3;48;2:15.318;0;;38.266;0;1:02.528;0;34.524;0;186.3;2:29:27.605;15:29:35.271;0:38.266;1:02.528;0:34.524;274.3;Daniel NOGALES;;LMP3;;Team Virage;Ligier;GF;38.266;62.528;34.524;
8;3;49;2:16.647;0;;38.293;0;1:03.560;0;34.794;0;184.5;2:31:44.252;15:31:51.918;0:38.293;1:03.560;0:34.794;267.6;Daniel NOGALES;;LMP3;;Team Virage;Ligier;GF;38.293;63.560;34.794;
8;3;50;2:16.516;0;;38.200;0;1:03.293;0;35.023;0;184.7;2:34:00.768;15:34:08.434;0:38.200;1:03.293;0:35.023;275.7;Daniel NOGALES;;LMP3;;Team Virage;Ligier;GF;38.200;63.293;35.023;
8;3;51;2:16.277;0;;38.464;0;1:02.924;0;34.889;0;185.0;2:36:17.045;15:36:24.711;0:38.464;1:02.924;0:34.889;272.3;Daniel NOGALES;;LMP3;;Team Virage;Ligier;GF;38.464;62.924;34.889;
8;3;52;2:17.115;0;;38.375;0;1:03.855;0;34.885;0;183.9;2:38:34.160;15:38:41.826;0:38.375;1:03.855;0:34.885;275.0;Daniel NOGALES;;LMP3;;Team Virage;Ligier;GF;38.375;63.855;34.885;
8;3;53;2:16.453;0;;38.319;0;1:02.979;0;35.155;0;184.8;2:40:50.613;15:40:58.279;0:38.319;1:02.979;0:35.155;272.9;Daniel NOGALES;;LMP3;;Team Virage;Ligier;GF;38.319;62.979;35.155;
8;3;54;2:16.314;0;;38.264;0;1:03.270;0;34.780;0;185.0;2:43:06.927;15:43:14.593;0:38.264;1:03.270;0:34.780;275.7;Daniel NOGALES;;LMP3;;Team Virage;Ligier;GF;38.264;63.270;34.780;
8;3;55;2:18.372;0;;39.143;0;1:04.052;0;35.177;0;182.2;2:45:25.299;15:45:32.965;0:39.143;1:04.052;0:35.177;267.6;Daniel NOGALES;;LMP3;;Team Virage;Ligier;GF;39.143;64.052;35.177;
8;3;56;2:18.188;0;;38.421;0;1:04.368;0;35.399;0;182.5;2:47:43.487;15:47:51.153;0:38.421;1:04.368;0:35.399;275.0;Daniel NOGALES;;LMP3;;Team Virage;Ligier;GF;38.421;64.368;35.399;
8;3;57;2:17.835;0;;39.044;0;1:03.503;0;35.288;0;182.9;2:50:01.322;15:50:08.988;0:39.044;1:03.503;0:35.288;266.9;Daniel NOGALES;;LMP3;;Team Virage;Ligier;GF;39.044;63.503;35.288;
8;3;58;2:15.695;0;;38.323;0;1:02.691;0;34.681;0;185.8;2:52:17.017;15:52:24.683;0:38.323;1:02.691;0:34.681;273.6;Daniel NOGALES;;LMP3;;Team Virage;Ligier;GF;38.323;62.691;34.681;
8;3;59;2:16.476;0;;38.268;0;1:03.035;0;35.173;0;184.8;2:54:33.493;15:54:41.159;0:38.268;1:03.035;0:35.173;274.3;Daniel NOGALES;;LMP3;;Team Virage;Ligier;GF;38.268;63.035;35.173;
8;3;60;2:17.405;0;;38.793;0;1:03.573;0;35.039;0;183.5;2:56:50.898;15:56:58.564;0:38.793;1:03.573;0:35.039;272.3;Daniel NOGALES;;LMP3;;Team Virage;Ligier;GF;38.793;63.573;35.039;
8;3;61;2:22.706;0;B;38.153;2;1:03.506;0;41.047;0;176.7;2:59:13.604;15:59:21.270;0:38.153;1:03.506;0:41.047;276.4;Daniel NOGALES;;LMP3;;Team Virage;Ligier;GF;38.153;63.506;41.047;
8;2;62;3:44.366;0;;1:58.981;0;1:08.951;0;36.434;0;112.4;3:02:57.970;16:03:05.636;1:58.981;1:08.951;0:36.434;251.4;Matteo QUINTARELLI;0:01:27.812;LMP3;;Team Virage;Ligier;GF;118.981;68.951;36.434;
8;2;63;2:18.069;0;;39.310;0;1:03.928;0;34.831;0;182.6;3:05:16.039;16:05:23.705;0:39.310;1:03.928;0:34.831;267.6;Matteo QUINTARELLI;;LMP3;;Team Virage;Ligier;GF;39.310;63.928;34.831;
8;2;64;2:16.158;0;;38.579;0;1:02.952;0;34.627;0;185.2;3:07:32.197;16:07:39.863;0:38.579;1:02.952;0:34.627;272.3;Matteo QUINTARELLI;;LMP3;;Team Virage;Ligier;GF;38.579;62.952;34.627;
8;2;65;2:15.825;0;;38.459;0;1:02.808;0;34.558;0;185.6;3:09:48.022;16:09:55.688;0:38.459;1:02.808;0:34.558;271.6;Matteo QUINTARELLI;;LMP3;;Team Virage;Ligier;GF;38.459;62.808;34.558;
8;2;66;2:19.439;0;;38.226;0;1:05.468;0;35.745;0;180.8;3:12:07.461;16:12:15.127;0:38.226;1:05.468;0:35.745;274.3;Matteo QUINTARELLI;;LMP3;;Team Virage;Ligier;GF;38.226;65.468;35.745;
8;2;67;2:15.936;0;;38.430;0;1:02.633;0;34.873;0;185.5;3:14:23.397;16:14:31.063;0:38.430;1:02.633;0:34.873;274.3;Matteo QUINTARELLI;;LMP3;;Team Virage;Ligier;GF;38.430;62.633;34.873;
8;2;68;2:16.065;0;;38.871;0;1:02.501;0;34.693;0;185.3;3:16:39.462;16:16:47.128;0:38.871;1:02.501;0:34.693;271.6;Matteo QUINTARELLI;;LMP3;;Team Virage;Ligier;GF;38.871;62.501;34.693;
8;2;69;2:16.684;0;;38.951;0;1:03.183;0;34.550;0;184.5;3:18:56.146;16:19:03.812;0:38.951;1:03.183;0:34.550;272.3;Matteo QUINTARELLI;;LMP3;;Team Virage;Ligier;GF;38.951;63.183;34.550;
8;2;70;2:17.490;0;;38.350;0;1:03.528;0;35.612;0;183.4;3:21:13.636;16:21:21.302;0:38.350;1:03.528;0:35.612;275.0;Matteo QUINTARELLI;;LMP3;;Team Virage;Ligier;GF;38.350;63.528;35.612;
8;2;71;2:16.882;0;;38.354;0;1:03.815;0;34.713;0;184.2;3:23:30.518;16:23:38.184;0:38.354;1:03.815;0:34.713;280.7;Matteo QUINTARELLI;;LMP3;;Team Virage;Ligier;GF;38.354;63.815;34.713;
8;2;72;2:17.023;0;;38.598;0;1:03.479;0;34.946;0;184.0;3:25:47.541;16:25:55.207;0:38.598;1:03.479;0:34.946;275.7;Matteo QUINTARELLI;;LMP3;;Team Virage;Ligier;GF;38.598;63.479;34.946;
8;2;73;2:15.343;0;;38.236;0;1:02.497;0;34.610;0;186.3;3:28:02.884;16:28:10.550;0:38.236;1:02.497;0:34.610;278.6;Matteo QUINTARELLI;;LMP3;;Team Virage;Ligier;GF;38.236;62.497;34.610;
8;2;74;2:14.859;2;;38.282;0;1:02.109;2;34.468;2;187.0;3:30:17.743;16:30:25.409;0:38.282;1:02.109;0:34.468;274.3;Matteo QUINTARELLI;;LMP3;;Team Virage;Ligier;GF;38.282;62.109;34.468;
8;2;75;2:15.918;0;;38.229;0;1:02.632;0;35.057;0;185.5;3:32:33.661;16:32:41.327;0:38.229;1:02.632;0:35.057;277.8;Matteo QUINTARELLI;;LMP3;;Team Virage;Ligier;GF;38.229;62.632;35.057;
8;2;76;2:16.227;0;;38.216;1;1:03.412;0;34.599;0;185.1;3:34:49.888;16:34:57.554;0:38.216;1:03.412;0:34.599;276.4;Matteo QUINTARELLI;;LMP3;;Team Virage;Ligier;GF;38.216;63.412;34.599;
8;2;77;2:16.791;0;;38.309;0;1:03.293;0;35.189;0;184.3;3:37:06.679;16:37:14.345;0:38.309;1:03.293;0:35.189;275.7;Matteo QUINTARELLI;;LMP3;;Team Virage;Ligier;GF;38.309;63.293;35.189;
8;2;78;2:16.050;0;;38.231;0;1:03.126;0;34.693;0;185.3;3:39:22.729;16:39:30.395;0:38.231;1:03.126;0:34.693;280.0;Matteo QUINTARELLI;;LMP3;;Team Virage;Ligier;GF;38.231;63.126;34.693;
8;2;79;2:16.509;0;;38.226;0;1:03.318;0;34.965;0;184.7;3:41:39.238;16:41:46.904;0:38.226;1:03.318;0:34.965;278.6;Matteo QUINTARELLI;;LMP3;;Team Virage;Ligier;GF;38.226;63.318;34.965;
8;2;80;2:16.325;0;;38.467;0;1:02.687;0;35.171;0;185.0;3:43:55.563;16:44:03.229;0:38.467;1:02.687;0:35.171;274.3;Matteo QUINTARELLI;;LMP3;;Team Virage;Ligier;GF;38.467;62.687;35.171;
8;2;81;2:16.928;0;;38.276;0;1:03.497;0;35.155;0;184.1;3:46:12.491;16:46:20.157;0:38.276;1:03.497;0:35.155;278.6;Matteo QUINTARELLI;;LMP3;;Team Virage;Ligier;GF;38.276;63.497;35.155;
8;2;82;2:16.391;0;;38.548;0;1:02.947;0;34.896;0;184.9;3:48:28.882;16:48:36.548;0:38.548;1:02.947;0:34.896;283.7;Matteo QUINTARELLI;;LMP3;;Team Virage;Ligier;GF;38.548;62.947;34.896;
8;2;83;2:16.893;0;;38.596;0;1:03.659;0;34.638;0;184.2;3:50:45.775;16:50:53.441;0:38.596;1:03.659;0:34.638;275.0;Matteo QUINTARELLI;;LMP3;;Team Virage;Ligier;GF;38.596;63.659;34.638;
8;2;84;2:16.827;0;;38.239;0;1:03.228;0;35.360;0;184.3;3:53:02.602;16:53:10.268;0:38.239;1:03.228;0:35.360;280.7;Matteo QUINTARELLI;;LMP3;;Team Virage;Ligier;GF;38.239;63.228;35.360;
8;2;85;2:17.412;0;;38.664;0;1:03.552;0;35.196;0;183.5;3:55:20.014;16:55:27.680;0:38.664;1:03.552;0:35.196;275.7;Matteo QUINTARELLI;;LMP3;;Team Virage;Ligier;GF;38.664;63.552;35.196;
8;2;86;2:17.770;0;;38.280;0;1:03.209;0;36.281;0;183.0;3:57:37.784;16:57:45.450;0:38.280;1:03.209;0:36.281;272.3;Matteo QUINTARELLI;;LMP3;;Team Virage;Ligier;GF;38.280;63.209;36.281;
8;2;87;2:16.150;0;;38.290;0;1:03.070;0;34.790;0;185.2;3:59:53.934;17:00:01.600;0:38.290;1:03.070;0:34.790;281.5;Matteo QUINTARELLI;;LMP3;;Team Virage;Ligier;GF;38.290;63.070;34.790;
8;2;88;2:17.078;0;;38.321;0;1:03.630;0;35.127;0;183.9;4:02:11.012;17:02:18.678;0:38.321;1:03.630;0:35.127;280.0;Matteo QUINTARELLI;;LMP3;;Team Virage;Ligier;FF;38.321;63.630;35.127;
83;1;1;2:49.057;0;;44.578;0;1:06.599;0;57.880;0;146.5;2:49.057;13:02:56.723;0:44.578;1:06.599;0:57.880;240.8;François PERRODO;;LMP2 Pro/Am;;AF Corse;Oreca;SF;44.578;66.599;57.880;
83;1;2;4:17.494;0;;1:19.041;0;1:49.035;0;1:09.418;0;97.9;7:06.551;13:07:14.217;1:19.041;1:49.035;1:09.418;;François PERRODO;;LMP2 Pro/Am;;AF Corse;Oreca;SF;79.041;109.035;69.418;
83;1;3;4:22.493;0;;1:37.110;0;1:44.792;0;1:00.591;0;96.1;11:29.044;13:11:36.710;1:37.110;1:44.792;1:00.591;;François PERRODO;;LMP2 Pro/Am;;AF Corse;Oreca;SF;97.110;104.792;60.591;
83;1;4;2:55.506;0;;56.205;0;1:11.039;0;48.262;0;143.7;14:24.550;13:14:32.216;0:56.205;1:11.039;0:48.262;153.1;François PERRODO;;LMP2 Pro/Am;;AF Corse;Oreca;GF;56.205;71.039;48.262;
83;1;5;2:12.480;0;;37.668;0;1:00.678;0;34.134;0;190.3;16:37.030;13:16:44.696;0:37.668;1:00.678;0:34.134;255.0;François PERRODO;;LMP2 Pro/Am;;AF Corse;Oreca;GF;37.668;60.678;34.134;
83;1;6;2:08.773;0;;36.161;0;59.966;0;32.646;0;195.8;18:45.803;13:18:53.469;0:36.161;0:59.966;0:32.646;291.3;François PERRODO;;LMP2 Pro/Am;;AF Corse;Oreca;GF;36.161;59.966;32.646;
83;1;7;2:07.950;0;;35.836;0;59.378;1;32.736;0;197.1;20:53.753;13:21:01.419;0:35.836;0:59.378;0:32.736;292.9;François PERRODO;;LMP2 Pro/Am;;AF Corse;Oreca;GF;35.836;59.378;32.736;
83;1;8;2:08.682;0;;35.850;0;59.924;0;32.908;0;195.9;23:02.435;13:23:10.101;0:35.850;0:59.924;0:32.908;283.7;François PERRODO;;LMP2 Pro/Am;;AF Corse;Oreca;GF;35.850;59.924;32.908;
83;1;9;2:09.540;0;;36.255;0;1:00.691;0;32.594;0;194.6;25:11.975;13:25:19.641;0:36.255;1:00.691;0:32.594;288.2;François PERRODO;;LMP2 Pro/Am;;AF Corse;Oreca;GF;36.255;60.691;32.594;
83;1;10;2:07.717;0;;35.872;0;59.462;0;32.383;1;197.4;27:19.692;13:27:27.358;0:35.872;0:59.462;0:32.383;291.3;François PERRODO;;LMP2 Pro/Am;;AF Corse;Oreca;GF;35.872;59.462;32.383;
83;1;11;2:07.977;0;;35.759;0;59.820;0;32.398;0;197.0;29:27.669;13:29:35.335;0:35.759;0:59.820;0:32.398;285.2;François PERRODO;;LMP2 Pro/Am;;AF Corse;Oreca;GF;35.759;59.820;32.398;
83;1;12;2:12.085;0;;35.947;0;1:01.576;0;34.562;0;190.9;31:39.754;13:31:47.420;0:35.947;1:01.576;0:34.562;289.0;François PERRODO;;LMP2 Pro/Am;;AF Corse;Oreca;GF;35.947;61.576;34.562;
83;1;13;2:11.477;0;;38.295;0;1:00.340;0;32.842;0;191.8;33:51.231;13:33:58.897;0:38.295;1:00.340;0:32.842;288.2;François PERRODO;;LMP2 Pro/Am;;AF Corse;Oreca;GF;38.295;60.340;32.842;
83;1;14;2:16.149;0;B;35.556;1;1:00.544;0;40.049;0;185.2;36:07.380;13:36:15.046;0:35.556;1:00.544;0:40.049;297.7;François PERRODO;;LMP2 Pro/Am;;AF Corse;Oreca;GF;35.556;60.544;40.049;
83;1;15;2:45.907;0;;1:13.193;0;59.658;0;33.056;0;152.0;38:53.287;13:39:00.953;1:13.193;0:59.658;0:33.056;292.1;François PERRODO;0:00:47.337;LMP2 Pro/Am;;AF Corse;Oreca;GF;73.193;59.658;33.056;
83;1;16;3:10.068;0;;37.291;0;1:06.416;0;1:26.361;0;132.7;42:03.355;13:42:11.021;0:37.291;1:06.416;1:26.361;288.2;François PERRODO;;LMP2 Pro/Am;;AF Corse;Oreca;GF;37.291;66.416;86.361;
83;1;17;5:17.669;0;;1:42.415;0;2:08.833;0;1:26.421;0;79.4;47:21.024;13:47:28.690;1:42.415;2:08.833;1:26.421;;François PERRODO;;LMP2 Pro/Am;;AF Corse;Oreca;GF;102.415;128.833;86.421;
83;1;18;5:02.419;0;;1:42.665;0;2:08.570;0;1:11.184;0;83.4;52:23.443;13:52:31.109;1:42.665;2:08.570;1:11.184;;François PERRODO;;LMP2 Pro/Am;;AF Corse;Oreca;SF;102.665;128.570;71.184;
83;1;19;2:42.096;0;;52.278;0;1:09.122;0;40.696;0;155.6;55:05.539;13:55:13.205;0:52.278;1:09.122;0:40.696;190.8;François PERRODO;;LMP2 Pro/Am;;AF Corse;Oreca;SF;52.278;69.122;40.696;
83;1;20;4:15.335;0;;57.579;0;1:40.972;0;1:36.784;0;98.7;59:20.874;13:59:28.540;0:57.579;1:40.972;1:36.784;;François PERRODO;;LMP2 Pro/Am;;AF Corse;Oreca;SF;57.579;100.972;96.784;
83;1;21;4:15.757;0;;1:22.284;0;1:37.939;0;1:15.534;0;98.6;1:03:36.631;14:03:44.297;1:22.284;1:37.939;1:15.534;122.7;François PERRODO;;LMP2 Pro/Am;;AF Corse;Oreca;SF;82.284;97.939;75.534;
83;1;22;2:43.489;0;;47.563;0;1:08.728;0;47.198;0;154.2;1:06:20.120;14:06:27.786;0:47.563;1:08.728;0:47.198;193.5;François PERRODO;;LMP2 Pro/Am;;AF Corse;Oreca;GF;47.563;68.728;47.198;
83;1;23;2:29.265;0;;37.595;0;1:04.177;0;47.493;0;168.9;1:08:49.385;14:08:57.051;0:37.595;1:04.177;0:47.493;271.6;François PERRODO;;LMP2 Pro/Am;;AF Corse;Oreca;SF;37.595;64.177;47.493;
83;1;24;4:17.223;0;;1:09.985;0;1:55.299;0;1:11.939;0;98.0;1:13:06.608;14:13:14.274;1:09.985;1:55.299;1:11.939;129.6;François PERRODO;;LMP2 Pro/Am;;AF Corse;Oreca;SF;69.985;115.299;71.939;
83;1;25;2:43.909;0;;47.155;0;1:06.437;0;50.317;0;153.8;1:15:50.517;14:15:58.183;0:47.155;1:06.437;0:50.317;206.0;François PERRODO;;LMP2 Pro/Am;;AF Corse;Oreca;GF;47.155;66.437;50.317;
83;1;26;2:22.226;0;B;37.316;0;1:02.421;0;42.489;0;177.3;1:18:12.743;14:18:20.409;0:37.316;1:02.421;0:42.489;267.6;François PERRODO;;LMP2 Pro/Am;;AF Corse;Oreca;GF;37.316;62.421;42.489;
83;3;27;4:05.644;0;;1:52.035;0;1:17.543;0;56.066;0;102.6;1:22:18.387;14:22:26.053;1:52.035;1:17.543;0:56.066;193.2;Antonio FUOCO;0:01:16.290;LMP2 Pro/Am;;AF Corse;Oreca;SF;112.035;77.543;56.066;
83;3;28;3:30.461;0;;1:22.047;0;1:25.311;0;43.103;0;119.8;1:25:48.848;14:25:56.514;1:22.047;1:25.311;0:43.103;122.6;Antonio FUOCO;;LMP2 Pro/Am;;AF Corse;Oreca;SF;82.047;85.311;43.103;
83;3;29;2:41.777;0;;45.592;0;1:13.495;0;42.690;0;155.9;1:28:30.625;14:28:38.291;0:45.592;1:13.495;0:42.690;172.8;Antonio FUOCO;;LMP2 Pro/Am;;AF Corse;Oreca;GF;45.592;73.495;42.690;
83;3;30;2:28.002;0;;36.225;0;1:07.168;0;44.609;0;170.4;1:30:58.627;14:31:06.293;0:36.225;1:07.168;0:44.609;276.4;Antonio FUOCO;;LMP2 Pro/Am;;AF Corse;Oreca;SF;36.225;67.168;44.609;
83;3;31;4:01.747;0;;1:17.520;0;1:44.367;0;59.860;0;104.3;1:35:00.374;14:35:08.040;1:17.520;1:44.367;0:59.860;;Antonio FUOCO;;LMP2 Pro/Am;;AF Corse;Oreca;SF;77.520;104.367;59.860;
83;3;32;4:02.434;0;;1:14.732;0;1:36.668;0;1:11.034;0;104.0;1:39:02.808;14:39:10.474;1:14.732;1:36.668;1:11.034;;Antonio FUOCO;;LMP2 Pro/Am;;AF Corse;Oreca;SF;74.732;96.668;71.034;
83;3;33;3:53.384;0;;1:39.761;0;1:21.630;0;51.993;0;108.0;1:42:56.192;14:43:03.858;1:39.761;1:21.630;0:51.993;131.0;Antonio FUOCO;;LMP2 Pro/Am;;AF Corse;Oreca;SF;99.761;81.630;51.993;
83;3;34;2:53.252;0;;46.991;0;1:22.926;0;43.335;0;145.5;1:45:49.444;14:45:57.110;0:46.991;1:22.926;0:43.335;223.0;Antonio FUOCO;;LMP2 Pro/Am;;AF Corse;Oreca;GF;46.991;82.926;43.335;
83;3;35;2:09.703;0;;37.188;0;59.912;0;32.603;0;194.4;1:47:59.147;14:48:06.813;0:37.188;0:59.912;0:32.603;294.5;Antonio FUOCO;;LMP2 Pro/Am;;AF Corse;Oreca;GF;37.188;59.912;32.603;
83;3;36;2:06.597;0;;35.330;0;59.387;0;31.880;0;199.2;1:50:05.744;14:50:13.410;0:35.330;0:59.387;0:31.880;275.7;Antonio FUOCO;;LMP2 Pro/Am;;AF Corse;Oreca;GF;35.330;59.387;31.880;
83;3;37;2:04.089;2;;35.296;0;57.056;0;31.737;2;203.2;1:52:09.833;14:52:17.499;0:35.296;0:57.056;0:31.737;301.0;Antonio FUOCO;;LMP2 Pro/Am;;AF Corse;Oreca;GF;35.296;57.056;31.737;
83;3;38;2:05.653;0;;35.289;0;58.334;0;32.030;0;200.7;1:54:15.486;14:54:23.152;0:35.289;0:58.334;0:32.030;301.0;Antonio FUOCO;;LMP2 Pro/Am;;AF Corse;Oreca;GF;35.289;58.334;32.030;
83;3;39;2:06.036;0;;36.516;0;57.640;0;31.880;0;200.1;1:56:21.522;14:56:29.188;0:36.516;0:57.640;0:31.880;296.9;Antonio FUOCO;;LMP2 Pro/Am;;AF Corse;Oreca;GF;36.516;57.640;31.880;
83;3;40;2:05.888;0;;35.372;0;58.654;0;31.862;0;200.3;1:58:27.410;14:58:35.076;0:35.372;0:58.654;0:31.862;297.7;Antonio FUOCO;;LMP2 Pro/Am;;AF Corse;Oreca;GF;35.372;58.654;31.862;
83;3;41;2:51.540;0;;35.335;0;1:07.897;0;1:08.308;0;147.0;2:01:18.950;15:01:26.616;0:35.335;1:07.897;1:08.308;297.7;Antonio FUOCO;;LMP2 Pro/Am;;AF Corse;Oreca;SF;35.335;67.897;68.308;
83;3;42;4:56.509;0;;1:33.528;0;2:08.941;0;1:14.040;0;85.0;2:06:15.459;15:06:23.125;1:33.528;2:08.941;1:14.040;;Antonio FUOCO;;LMP2 Pro/Am;;AF Corse;Oreca;SF;93.528;128.941;74.040;
83;3;43;4:37.095;0;;1:21.516;0;1:43.081;0;1:32.498;0;91.0;2:10:52.554;15:11:00.220;1:21.516;1:43.081;1:32.498;;Antonio FUOCO;;LMP2 Pro/Am;;AF Corse;Oreca;SF;81.516;103.081;92.498;
83;3;44;4:01.067;0;;1:28.091;0;1:28.850;0;1:04.126;0;104.6;2:14:53.621;15:15:01.287;1:28.091;1:28.850;1:04.126;;Antonio FUOCO;;LMP2 Pro/Am;;AF Corse;Oreca;GF;88.091;88.850;64.126;
83;3;45;2:07.374;0;;35.796;0;59.640;0;31.938;0;198.0;2:17:00.995;15:17:08.661;0:35.796;0:59.640;0:31.938;280.7;Antonio FUOCO;;LMP2 Pro/Am;;AF Corse;Oreca;GF;35.796;59.640;31.938;
83;3;46;2:04.704;0;;35.392;0;57.326;0;31.986;0;202.2;2:19:05.699;15:19:13.365;0:35.392;0:57.326;0:31.986;295.3;Antonio FUOCO;;LMP2 Pro/Am;;AF Corse;Oreca;GF;35.392;57.326;31.986;
83;3;47;2:06.821;0;;35.099;3;58.821;0;32.901;0;198.8;2:21:12.520;15:21:20.186;0:35.099;0:58.821;0:32.901;307.0;Antonio FUOCO;;LMP2 Pro/Am;;AF Corse;Oreca;GF;35.099;58.821;32.901;
83;3;48;2:05.707;0;;35.249;0;58.653;0;31.805;0;200.6;2:23:18.227;15:23:25.893;0:35.249;0:58.653;0:31.805;298.5;Antonio FUOCO;;LMP2 Pro/Am;;AF Corse;Oreca;GF;35.249;58.653;31.805;
83;3;49;2:09.713;0;B;35.363;0;56.562;2;37.788;0;194.4;2:25:27.940;15:25:35.606;0:35.363;0:56.562;0:37.788;301.0;Antonio FUOCO;;LMP2 Pro/Am;;AF Corse;Oreca;GF;35.363;56.562;37.788;
83;2;50;2:54.912;0;;1:23.789;0;58.540;0;32.583;0;144.2;2:28:22.852;15:28:30.518;1:23.789;0:58.540;0:32.583;295.3;Matthieu VAXIVIERE;0:00:59.063;LMP2 Pro/Am;;AF Corse;Oreca;GF;83.789;58.540;32.583;
83;2;51;2:08.288;0;;35.763;0;59.314;0;33.211;0;196.5;2:30:31.140;15:30:38.806;0:35.763;0:59.314;0:33.211;299.3;Matthieu VAXIVIERE;;LMP2 Pro/Am;;AF Corse;Oreca;GF;35.763;59.314;33.211;
83;2;52;2:06.017;0;;35.985;0;58.081;0;31.951;0;200.1;2:32:37.157;15:32:44.823;0:35.985;0:58.081;0:31.951;298.5;Matthieu VAXIVIERE;;LMP2 Pro/Am;;AF Corse;Oreca;GF;35.985;58.081;31.951;
83;2;53;2:05.388;0;;35.645;0;57.700;0;32.043;0;201.1;2:34:42.545;15:34:50.211;0:35.645;0:57.700;0:32.043;299.3;Matthieu VAXIVIERE;;LMP2 Pro/Am;;AF Corse;Oreca;GF;35.645;57.700;32.043;
83;2;54;2:05.225;0;;35.469;0;57.755;0;32.001;0;201.4;2:36:47.770;15:36:55.436;0:35.469;0:57.755;0:32.001;300.2;Matthieu VAXIVIERE;;LMP2 Pro/Am;;AF Corse;Oreca;GF;35.469;57.755;32.001;
83;2;55;2:07.759;0;;35.613;0;1:00.016;0;32.130;0;197.4;2:38:55.529;15:39:03.195;0:35.613;1:00.016;0:32.130;301.0;Matthieu VAXIVIERE;;LMP2 Pro/Am;;AF Corse;Oreca;GF;35.613;60.016;32.130;
83;2;56;2:06.420;0;;35.455;0;58.853;0;32.112;0;199.4;2:41:01.949;15:41:09.615;0:35.455;0:58.853;0:32.112;301.0;Matthieu VAXIVIERE;;LMP2 Pro/Am;;AF Corse;Oreca;GF;35.455;58.853;32.112;
83;2;57;2:06.317;0;;35.499;0;58.555;0;32.263;0;199.6;2:43:08.266;15:43:15.932;0:35.499;0:58.555;0:32.263;300.2;Matthieu VAXIVIERE;;LMP2 Pro/Am;;AF Corse;Oreca;GF;35.499;58.555;32.263;
83;2;58;2:06.097;0;;35.523;0;58.439;0;32.135;0;200.0;2:45:14.363;15:45:22.029;0:35.523;0:58.439;0:32.135;301.0;Matthieu VAXIVIERE;;LMP2 Pro/Am;;AF Corse;Oreca;GF;35.523;58.439;32.135;
83;2;59;2:06.455;0;;35.390;0;58.868;0;32.197;0;199.4;2:47:20.818;15:47:28.484;0:35.390;0:58.868;0:32.197;299.3;Matthieu VAXIVIERE;;LMP2 Pro/Am;;AF Corse;Oreca;GF;35.390;58.868;32.197;
83;2;60;2:07.211;0;;35.472;0;59.167;0;32.572;0;198.2;2:49:28.029;15:49:35.695;0:35.472;0:59.167;0:32.572;301.0;Matthieu VAXIVIERE;;LMP2 Pro/Am;;AF Corse;Oreca;GF;35.472;59.167;32.572;
83;2;61;2:08.671;0;;35.542;0;1:01.004;0;32.125;0;196.0;2:51:36.700;15:51:44.366;0:35.542;1:01.004;0:32.125;301.0;Matthieu VAXIVIERE;;LMP2 Pro/Am;;AF Corse;Oreca;GF;35.542;61.004;32.125;
83;2;62;2:06.393;0;;35.392;0;58.943;0;32.058;0;199.5;2:53:43.093;15:53:50.759;0:35.392;0:58.943;0:32.058;301.0;Matthieu VAXIVIERE;;LMP2 Pro/Am;;AF Corse;Oreca;GF;35.392;58.943;32.058;
83;2;63;2:05.400;0;;35.385;0;58.089;0;31.926;0;201.1;2:55:48.493;15:55:56.159;0:35.385;0:58.089;0:31.926;300.2;Matthieu VAXIVIERE;;LMP2 Pro/Am;;AF Corse;Oreca;GF;35.385;58.089;31.926;
83;2;64;2:05.572;0;;35.397;0;58.042;0;32.133;0;200.8;2:57:54.065;15:58:01.731;0:35.397;0:58.042;0:32.133;300.2;Matthieu VAXIVIERE;;LMP2 Pro/Am;;AF Corse;Oreca;GF;35.397;58.042;32.133;
83;2;65;2:11.898;0;B;35.324;1;58.263;0;38.311;0;191.2;3:00:05.963;16:00:13.629;0:35.324;0:58.263;0:38.311;300.2;Matthieu VAXIVIERE;;LMP2 Pro/Am;;AF Corse;Oreca;GF;35.324;58.263;38.311;
83;2;66;3:27.655;0;;1:52.646;0;1:01.894;0;33.115;0;121.4;3:03:33.618;16:03:41.284;1:52.646;1:01.894;0:33.115;282.2;Matthieu VAXIVIERE;0:01:25.135;LMP2 Pro/Am;;AF Corse;Oreca;GF;112.646;61.894;33.115;
83;2;67;2:06.272;0;;35.886;0;58.394;0;31.992;0;199.7;3:05:39.890;16:05:47.556;0:35.886;0:58.394;0:31.992;297.7;Matthieu VAXIVIERE;;LMP2 Pro/Am;;AF Corse;Oreca;GF;35.886;58.394;31.992;
83;2;68;2:05.454;0;;35.553;0;57.909;0;31.992;0;201.0;3:07:45.344;16:07:53.010;0:35.553;0:57.909;0:31.992;297.7;Matthieu VAXIVIERE;;LMP2 Pro/Am;;AF Corse;Oreca;GF;35.553;57.909;31.992;
83;2;69;2:04.838;0;;35.408;0;57.496;0;31.934;0;202.0;3:09:50.182;16:09:57.848;0:35.408;0:57.496;0:31.934;299.3;Matthieu VAXIVIERE;;LMP2 Pro/Am;;AF Corse;Oreca;GF;35.408;57.496;31.934;
83;2;70;2:05.057;0;;35.630;0;57.529;0;31.898;0;201.6;3:11:55.239;16:12:02.905;0:35.630;0:57.529;0:31.898;298.5;Matthieu VAXIVIERE;;LMP2 Pro/Am;;AF Corse;Oreca;GF;35.630;57.529;31.898;
83;2;71;2:04.846;0;;35.462;0;57.348;1;32.036;0;202.0;3:14:00.085;16:14:07.751;0:35.462;0:57.348;0:32.036;299.3;Matthieu VAXIVIERE;;LMP2 Pro/Am;;AF Corse;Oreca;GF;35.462;57.348;32.036;
83;2;72;2:05.341;0;;35.466;0;57.932;0;31.943;0;201.2;3:16:05.426;16:16:13.092;0:35.466;0:57.932;0:31.943;297.7;Matthieu VAXIVIERE;;LMP2 Pro/Am;;AF Corse;Oreca;GF;35.466;57.932;31.943;
83;2;73;2:07.228;0;;35.475;0;59.668;0;32.085;0;198.2;3:18:12.654;16:18:20.320;0:35.475;0:59.668;0:32.085;294.5;Matthieu VAXIVIERE;;LMP2 Pro/Am;;AF Corse;Oreca;GF;35.475;59.668;32.085;
83;2;74;2:05.633;0;;35.452;0;57.921;0;32.260;0;200.7;3:20:18.287;16:20:25.953;0:35.452;0:57.921;0:32.260;300.2;Matthieu VAXIVIERE;;LMP2 Pro/Am;;AF Corse;Oreca;GF;35.452;57.921;32.260;
83;2;75;2:05.800;0;;35.806;0;58.033;0;31.961;0;200.4;3:22:24.087;16:22:31.753;0:35.806;0:58.033;0:31.961;298.5;Matthieu VAXIVIERE;;LMP2 Pro/Am;;AF Corse;Oreca;GF;35.806;58.033;31.961;
83;2;76;2:05.114;0;;35.468;0;57.724;0;31.922;1;201.5;3:24:29.201;16:24:36.867;0:35.468;0:57.724;0:31.922;299.3;Matthieu VAXIVIERE;;LMP2 Pro/Am;;AF Corse;Oreca;GF;35.468;57.724;31.922;
83;2;77;2:05.773;0;;35.442;0;57.841;0;32.490;0;200.5;3:26:34.974;16:26:42.640;0:35.442;0:57.841;0:32.490;301.0;Matthieu VAXIVIERE;;LMP2 Pro/Am;;AF Corse;Oreca;GF;35.442;57.841;32.490;
83;2;78;2:05.234;0;;35.454;0;57.825;0;31.955;0;201.3;3:28:40.208;16:28:47.874;0:35.454;0:57.825;0:31.955;300.2;Matthieu VAXIVIERE;;LMP2 Pro/Am;;AF Corse;Oreca;GF;35.454;57.825;31.955;
83;2;79;2:07.212;0;;35.353;0;59.509;0;32.350;0;198.2;3:30:47.420;16:30:55.086;0:35.353;0:59.509;0:32.350;294.5;Matthieu VAXIVIERE;;LMP2 Pro/Am;;AF Corse;Oreca;GF;35.353;59.509;32.350;
83;2;80;2:09.459;0;;36.939;0;59.326;0;33.194;0;194.8;3:32:56.879;16:33:04.545;0:36.939;0:59.326;0:33.194;294.5;Matthieu VAXIVIERE;;LMP2 Pro/Am;;AF Corse;Oreca;GF;36.939;59.326;33.194;
83;2;81;2:06.748;0;;36.246;0;58.371;0;32.131;0;198.9;3:35:03.627;16:35:11.293;0:36.246;0:58.371;0:32.131;296.9;Matthieu VAXIVIERE;;LMP2 Pro/Am;;AF Corse;Oreca;GF;36.246;58.371;32.131;
83;2;82;2:06.253;0;;35.468;0;58.507;0;32.278;0;199.7;3:37:09.880;16:37:17.546;0:35.468;0:58.507;0:32.278;301.0;Matthieu VAXIVIERE;;LMP2 Pro/Am;;AF Corse;Oreca;GF;35.468;58.507;32.278;
83;2;83;2:06.742;0;;35.706;0;59.052;0;31.984;0;198.9;3:39:16.622;16:39:24.288;0:35.706;0:59.052;0:31.984;296.1;Matthieu VAXIVIERE;;LMP2 Pro/Am;;AF Corse;Oreca;GF;35.706;59.052;31.984;
83;2;84;2:12.052;0;B;35.456;0;58.374;0;38.222;0;190.9;3:41:28.674;16:41:36.340;0:35.456;0:58.374;0:38.222;300.2;Matthieu VAXIVIERE;;LMP2 Pro/Am;;AF Corse;Oreca;GF;35.456;58.374;38.222;
83;2;85;2:44.938;0;;1:13.562;0;58.821;0;32.555;0;152.9;3:44:13.612;16:44:21.278;1:13.562;0:58.821;0:32.555;298.5;Matthieu VAXIVIERE;0:00:48.950;LMP2 Pro/Am;;AF Corse;Oreca;GF;73.562;58.821;32.555;
83;2;86;2:06.625;0;;35.603;0;58.788;0;32.234;0;199.1;3:46:20.237;16:46:27.903;0:35.603;0:58.788;0:32.234;300.2;Matthieu VAXIVIERE;;LMP2 Pro/Am;;AF Corse;Oreca;GF;35.603;58.788;32.234;
83;2;87;2:06.861;0;;35.512;0;58.717;0;32.632;0;198.8;3:48:27.098;16:48:34.764;0:35.512;0:58.717;0:32.632;301.0;Matthieu VAXIVIERE;;LMP2 Pro/Am;;AF Corse;Oreca;GF;35.512;58.717;32.632;
83;2;88;2:06.173;0;;35.585;0;58.587;0;32.001;0;199.8;3:50:33.271;16:50:40.937;0:35.585;0:58.587;0:32.001;298.5;Matthieu VAXIVIERE;;LMP2 Pro/Am;;AF Corse;Oreca;GF;35.585;58.587;32.001;
83;2;89;2:06.114;0;;35.520;0;58.512;0;32.082;0;199.9;3:52:39.385;16:52:47.051;0:35.520;0:58.512;0:32.082;298.5;Matthieu VAXIVIERE;;LMP2 Pro/Am;;AF Corse;Oreca;GF;35.520;58.512;32.082;
83;2;90;2:06.719;0;;35.655;0;58.863;0;32.201;0;199.0;3:54:46.104;16:54:53.770;0:35.655;0:58.863;0:32.201;299.3;Matthieu VAXIVIERE;;LMP2 Pro/Am;;AF Corse;Oreca;GF;35.655;58.863;32.201;
83;2;91;2:08.462;0;;35.562;0;59.008;0;33.892;0;196.3;3:56:54.566;16:57:02.232;0:35.562;0:59.008;0:33.892;302.7;Matthieu VAXIVIERE;;LMP2 Pro/Am;;AF Corse;Oreca;GF;35.562;59.008;33.892;
83;2;92;2:10.370;0;;35.624;0;1:02.224;0;32.522;0;193.4;3:59:04.936;16:59:12.602;0:35.624;1:02.224;0:32.522;301.8;Matthieu VAXIVIERE;;LMP2 Pro/Am;;AF Corse;Oreca;GF;35.624;62.224;32.522;
83;2;93;2:07.988;0;;36.373;0;59.107;0;32.508;0;197.0;4:01:12.924;17:01:20.590;0:36.373;0:59.107;0:32.508;296.9;Matthieu VAXIVIERE;;LMP2 Pro/Am;;AF Corse;Oreca;FF;36.373;59.107;32.508;
85;1;1;2:51.748;0;;45.584;0;1:07.008;0;59.156;0;144.3;2:51.748;13:02:59.414;0:45.584;1:07.008;0:59.156;265.6;Fabien MICHAL;;LMP3;;R-ace GP;Duqueine;SF;45.584;67.008;59.156;
85;1;2;4:16.560;0;;1:19.300;0;1:48.994;0;1:08.266;0;98.3;7:08.308;13:07:15.974;1:19.300;1:48.994;1:08.266;;Fabien MICHAL;;LMP3;;R-ace GP;Duqueine;SF;79.300;108.994;68.266;
85;1;3;4:22.703;0;;1:36.796;0;1:45.075;0;1:00.832;0;96.0;11:31.011;13:11:38.677;1:36.796;1:45.075;1:00.832;;Fabien MICHAL;;LMP3;;R-ace GP;Duqueine;SF;96.796;105.075;60.832;
85;1;4;2:54.777;0;;56.200;0;1:10.836;0;47.741;0;144.3;14:25.788;13:14:33.454;0:56.200;1:10.836;0:47.741;172.0;Fabien MICHAL;;LMP3;;R-ace GP;Duqueine;GF;56.200;70.836;47.741;
85;1;5;2:16.942;0;;39.140;0;1:03.049;0;34.753;0;184.1;16:42.730;13:16:50.396;0:39.140;1:03.049;0:34.753;268.2;Fabien MICHAL;;LMP3;;R-ace GP;Duqueine;GF;39.140;63.049;34.753;
85;1;6;2:16.304;0;;38.836;0;1:02.787;0;34.681;0;185.0;18:59.034;13:19:06.700;0:38.836;1:02.787;0:34.681;268.9;Fabien MICHAL;;LMP3;;R-ace GP;Duqueine;GF;38.836;62.787;34.681;
85;1;7;2:15.730;0;;38.734;0;1:02.314;0;34.682;0;185.8;21:14.764;13:21:22.430;0:38.734;1:02.314;0:34.682;268.9;Fabien MICHAL;;LMP3;;R-ace GP;Duqueine;GF;38.734;62.314;34.682;
85;1;8;2:15.881;0;;38.761;0;1:02.189;0;34.931;0;185.6;23:30.645;13:23:38.311;0:38.761;1:02.189;0:34.931;268.2;Fabien MICHAL;;LMP3;;R-ace GP;Duqueine;GF;38.761;62.189;34.931;
85;1;9;2:15.825;0;;38.726;0;1:02.191;0;34.908;0;185.6;25:46.470;13:25:54.136;0:38.726;1:02.191;0:34.908;268.2;Fabien MICHAL;;LMP3;;R-ace GP;Duqueine;GF;38.726;62.191;34.908;
85;1;10;2:16.123;0;;38.836;0;1:02.751;0;34.536;1;185.2;28:02.593;13:28:10.259;0:38.836;1:02.751;0:34.536;267.6;Fabien MICHAL;;LMP3;;R-ace GP;Duqueine;GF;38.836;62.751;34.536;
85;1;11;2:16.216;0;;38.724;0;1:02.647;0;34.845;0;185.1;30:18.809;13:30:26.475;0:38.724;1:02.647;0:34.845;268.9;Fabien MICHAL;;LMP3;;R-ace GP;Duqueine;GF;38.724;62.647;34.845;
85;1;12;2:15.673;0;;38.631;0;1:02.221;0;34.821;0;185.8;32:34.482;13:32:42.148;0:38.631;1:02.221;0:34.821;270.9;Fabien MICHAL;;LMP3;;R-ace GP;Duqueine;GF;38.631;62.221;34.821;
85;1;13;2:15.628;0;;38.707;0;1:02.192;0;34.729;0;185.9;34:50.110;13:34:57.776;0:38.707;1:02.192;0:34.729;270.2;Fabien MICHAL;;LMP3;;R-ace GP;Duqueine;GF;38.707;62.192;34.729;
85;1;14;2:15.782;0;;38.606;0;1:02.333;0;34.843;0;185.7;37:05.892;13:37:13.558;0:38.606;1:02.333;0:34.843;271.6;Fabien MICHAL;;LMP3;;R-ace GP;Duqueine;GF;38.606;62.333;34.843;
85;1;15;2:22.434;0;;38.734;0;1:03.045;0;40.655;0;177.0;39:28.326;13:39:35.992;0:38.734;1:03.045;0:40.655;268.9;Fabien MICHAL;;LMP3;;R-ace GP;Duqueine;GF;38.734;63.045;40.655;
85;1;16;3:57.899;0;;39.335;0;1:53.358;0;1:25.206;0;106.0;43:26.225;13:43:33.891;0:39.335;1:53.358;1:25.206;266.2;Fabien MICHAL;;LMP3;;R-ace GP;Duqueine;GF;39.335;113.358;85.206;
85;1;17;5:19.839;0;B;1:41.643;0;2:08.428;0;1:29.768;0;78.8;48:46.064;13:48:53.730;1:41.643;2:08.428;1:29.768;;Fabien MICHAL;;LMP3;;R-ace GP;Duqueine;GF;101.643;128.428;89.768;
85;1;18;5:11.965;0;;3:06.334;0;1:15.897;0;49.734;0;80.8;53:58.029;13:54:05.695;3:06.334;1:15.897;0:49.734;130.1;Fabien MICHAL;0:01:47.079;LMP3;;R-ace GP;Duqueine;SF;186.334;75.897;49.734;
85;1;19;4:50.979;0;;1:26.524;0;1:50.642;0;1:33.813;0;86.7;58:49.008;13:58:56.674;1:26.524;1:50.642;1:33.813;;Fabien MICHAL;;LMP3;;R-ace GP;Duqueine;SF;86.524;110.642;93.813;
85;1;20;4:15.135;0;;1:23.662;0;1:41.621;0;1:09.852;0;98.8;1:03:04.143;14:03:11.809;1:23.662;1:41.621;1:09.852;;Fabien MICHAL;;LMP3;;R-ace GP;Duqueine;SF;83.662;101.621;69.852;
85;1;21;2:57.848;0;;49.137;0;1:18.325;0;50.386;0;141.8;1:06:01.991;14:06:09.657;0:49.137;1:18.325;0:50.386;206.8;Fabien MICHAL;;LMP3;;R-ace GP;Duqueine;GF;49.137;78.325;50.386;
85;1;22;2:24.284;0;;39.708;0;1:05.493;0;39.083;0;174.8;1:08:26.275;14:08:33.941;0:39.708;1:05.493;0:39.083;270.2;Fabien MICHAL;;LMP3;;R-ace GP;Duqueine;SF;39.708;65.493;39.083;
85;1;23;4:16.455;0;;1:11.617;0;1:55.229;0;1:09.609;0;98.3;1:12:42.730;14:12:50.396;1:11.617;1:55.229;1:09.609;;Fabien MICHAL;;LMP3;;R-ace GP;Duqueine;SF;71.617;115.229;69.609;
85;1;24;2:57.676;0;;47.302;0;1:14.427;0;55.947;0;141.9;1:15:40.406;14:15:48.072;0:47.302;1:14.427;0:55.947;218.5;Fabien MICHAL;;LMP3;;R-ace GP;Duqueine;GF;47.302;74.427;55.947;
85;1;25;2:19.368;0;;39.121;0;1:04.289;0;35.958;0;180.9;1:17:59.774;14:18:07.440;0:39.121;1:04.289;0:35.958;272.9;Fabien MICHAL;;LMP3;;R-ace GP;Duqueine;GF;39.121;64.289;35.958;
85;1;26;3:41.308;0;;39.207;0;1:34.996;0;1:27.105;0;113.9;1:21:41.082;14:21:48.748;0:39.207;1:34.996;1:27.105;228.1;Fabien MICHAL;;LMP3;;R-ace GP;Duqueine;SF;39.207;94.996;87.105;
85;1;27;3:36.781;0;;1:23.457;0;1:29.163;0;44.161;0;116.3;1:25:17.863;14:25:25.529;1:23.457;1:29.163;0:44.161;154.4;Fabien MICHAL;;LMP3;;R-ace GP;Duqueine;SF;83.457;89.163;44.161;
85;1;28;2:57.235;0;;47.755;0;1:20.663;0;48.817;0;142.3;1:28:15.098;14:28:22.764;0:47.755;1:20.663;0:48.817;143.0;Fabien MICHAL;;LMP3;;R-ace GP;Duqueine;GF;47.755;80.663;48.817;
85;1;29;2:23.675;0;;38.569;0;1:04.239;0;40.867;0;175.5;1:30:38.773;14:30:46.439;0:38.569;1:04.239;0:40.867;275.0;Fabien MICHAL;;LMP3;;R-ace GP;Duqueine;SF;38.569;64.239;40.867;
85;1;30;4:05.548;0;;1:19.093;0;1:42.902;0;1:03.553;0;102.7;1:34:44.321;14:34:51.987;1:19.093;1:42.902;1:03.553;;Fabien MICHAL;;LMP3;;R-ace GP;Duqueine;SF;79.093;102.902;63.553;
85;1;31;4:00.303;0;;1:12.016;0;1:40.198;0;1:08.089;0;104.9;1:38:44.624;14:38:52.290;1:12.016;1:40.198;1:08.089;159.1;Fabien MICHAL;;LMP3;;R-ace GP;Duqueine;SF;72.016;100.198;68.089;
85;1;32;3:50.421;0;;1:36.547;0;1:27.981;0;45.893;0;109.4;1:42:35.045;14:42:42.711;1:36.547;1:27.981;0:45.893;;Fabien MICHAL;;LMP3;;R-ace GP;Duqueine;SF;96.547;87.981;45.893;
85;1;33;3:04.739;0;;44.566;0;1:31.377;0;48.796;0;136.5;1:45:39.784;14:45:47.450;0:44.566;1:31.377;0:48.796;229.1;Fabien MICHAL;;LMP3;;R-ace GP;Duqueine;GF;44.566;91.377;48.796;
85;1;34;2:16.410;0;;38.733;0;1:02.898;0;34.779;0;184.8;1:47:56.194;14:48:03.860;0:38.733;1:02.898;0:34.779;271.6;Fabien MICHAL;;LMP3;;R-ace GP;Duqueine;GF;38.733;62.898;34.779;
85;1;35;2:17.715;0;;39.054;0;1:03.638;0;35.023;0;183.1;1:50:13.909;14:50:21.575;0:39.054;1:03.638;0:35.023;270.9;Fabien MICHAL;;LMP3;;R-ace GP;Duqueine;GF;39.054;63.638;35.023;
85;1;36;2:15.210;0;;38.765;0;1:01.881;0;34.564;0;186.5;1:52:29.119;14:52:36.785;0:38.765;1:01.881;0:34.564;270.2;Fabien MICHAL;;LMP3;;R-ace GP;Duqueine;GF;38.765;61.881;34.564;
85;1;37;2:14.765;2;;38.549;0;1:01.679;2;34.537;0;187.1;1:54:43.884;14:54:51.550;0:38.549;1:01.679;0:34.537;268.2;Fabien MICHAL;;LMP3;;R-ace GP;Duqueine;GF;38.549;61.679;34.537;
85;1;38;2:16.673;0;;38.410;1;1:03.251;0;35.012;0;184.5;1:57:00.557;14:57:08.223;0:38.410;1:03.251;0:35.012;272.3;Fabien MICHAL;;LMP3;;R-ace GP;Duqueine;GF;38.410;63.251;35.012;
85;1;39;2:15.291;0;;38.581;0;1:02.030;0;34.680;0;186.4;1:59:15.848;14:59:23.514;0:38.581;1:02.030;0:34.680;269.6;Fabien MICHAL;;LMP3;;R-ace GP;Duqueine;GF;38.581;62.030;34.680;
85;1;40;2:49.830;0;;45.845;0;1:24.850;0;39.135;0;148.5;2:02:05.678;15:02:13.344;0:45.845;1:24.850;0:39.135;161.3;Fabien MICHAL;;LMP3;;R-ace GP;Duqueine;SF;45.845;84.850;39.135;
85;1;41;4:26.141;0;;1:00.403;0;2:08.486;0;1:17.252;0;94.7;2:06:31.819;15:06:39.485;1:00.403;2:08.486;1:17.252;;Fabien MICHAL;;LMP3;;R-ace GP;Duqueine;SF;60.403;128.486;77.252;
85;1;42;4:24.291;0;;1:18.960;0;1:40.757;0;1:24.574;0;95.4;2:10:56.110;15:11:03.776;1:18.960;1:40.757;1:24.574;;Fabien MICHAL;;LMP3;;R-ace GP;Duqueine;SF;78.960;100.757;84.574;
85;1;43;4:00.671;0;;1:28.822;0;1:27.903;0;1:03.946;0;104.8;2:14:56.781;15:15:04.447;1:28.822;1:27.903;1:03.946;173.4;Fabien MICHAL;;LMP3;;R-ace GP;Duqueine;GF;88.822;87.903;63.946;
85;1;44;2:21.058;0;;39.798;0;1:06.004;0;35.256;0;178.8;2:17:17.839;15:17:25.505;0:39.798;1:06.004;0:35.256;254.4;Fabien MICHAL;;LMP3;;R-ace GP;Duqueine;GF;39.798;66.004;35.256;
85;1;45;2:22.522;0;B;39.219;0;1:02.801;0;40.502;0;176.9;2:19:40.361;15:19:48.027;0:39.219;1:02.801;0:40.502;266.9;Fabien MICHAL;;LMP3;;R-ace GP;Duqueine;GF;39.219;62.801;40.502;
85;2;46;4:00.244;0;;2:17.683;0;1:06.626;0;35.935;0;105.0;2:23:40.605;15:23:48.271;2:17.683;1:06.626;0:35.935;251.4;Pierre-Alexandre PROVOST;0:01:47.099;LMP3;;R-ace GP;Duqueine;GF;137.683;66.626;35.935;
85;2;47;2:16.830;0;;39.297;0;1:02.901;0;34.632;0;184.3;2:25:57.435;15:26:05.101;0:39.297;1:02.901;0:34.632;270.9;Pierre-Alexandre PROVOST;;LMP3;;R-ace GP;Duqueine;GF;39.297;62.901;34.632;
85;2;48;2:16.989;0;;38.663;0;1:02.914;0;35.412;0;184.1;2:28:14.424;15:28:22.090;0:38.663;1:02.914;0:35.412;270.9;Pierre-Alexandre PROVOST;;LMP3;;R-ace GP;Duqueine;GF;38.663;62.914;35.412;
85;2;49;2:16.441;0;;38.641;0;1:02.483;0;35.317;0;184.8;2:30:30.865;15:30:38.531;0:38.641;1:02.483;0:35.317;270.9;Pierre-Alexandre PROVOST;;LMP3;;R-ace GP;Duqueine;GF;38.641;62.483;35.317;
85;2;50;2:15.329;0;;38.997;0;1:01.867;0;34.465;2;186.3;2:32:46.194;15:32:53.860;0:38.997;1:01.867;0:34.465;270.2;Pierre-Alexandre PROVOST;;LMP3;;R-ace GP;Duqueine;GF;38.997;61.867;34.465;
85;2;51;2:15.504;0;;38.909;0;1:01.857;0;34.738;0;186.1;2:35:01.698;15:35:09.364;0:38.909;1:01.857;0:34.738;269.6;Pierre-Alexandre PROVOST;;LMP3;;R-ace GP;Duqueine;GF;38.909;61.857;34.738;
85;2;52;2:15.347;0;;38.684;0;1:01.777;1;34.886;0;186.3;2:37:17.045;15:37:24.711;0:38.684;1:01.777;0:34.886;271.6;Pierre-Alexandre PROVOST;;LMP3;;R-ace GP;Duqueine;GF;38.684;61.777;34.886;
85;2;53;2:15.197;0;;38.677;0;1:01.863;0;34.657;0;186.5;2:39:32.242;15:39:39.908;0:38.677;1:01.863;0:34.657;270.2;Pierre-Alexandre PROVOST;;LMP3;;R-ace GP;Duqueine;GF;38.677;61.863;34.657;
85;2;54;2:15.682;0;;38.620;0;1:02.442;0;34.620;0;185.8;2:41:47.924;15:41:55.590;0:38.620;1:02.442;0:34.620;269.6;Pierre-Alexandre PROVOST;;LMP3;;R-ace GP;Duqueine;GF;38.620;62.442;34.620;
85;2;55;2:15.331;0;;38.662;0;1:01.965;0;34.704;0;186.3;2:44:03.255;15:44:10.921;0:38.662;1:01.965;0:34.704;270.2;Pierre-Alexandre PROVOST;;LMP3;;R-ace GP;Duqueine;GF;38.662;61.965;34.704;
85;2;56;2:15.310;0;;38.612;0;1:01.959;0;34.739;0;186.3;2:46:18.565;15:46:26.231;0:38.612;1:01.959;0:34.739;269.6;Pierre-Alexandre PROVOST;;LMP3;;R-ace GP;Duqueine;GF;38.612;61.959;34.739;
85;2;57;2:15.874;0;;38.509;0;1:02.455;0;34.910;0;185.6;2:48:34.439;15:48:42.105;0:38.509;1:02.455;0:34.910;271.6;Pierre-Alexandre PROVOST;;LMP3;;R-ace GP;Duqueine;GF;38.509;62.455;34.910;
85;2;58;2:15.328;0;;38.570;0;1:02.088;0;34.670;0;186.3;2:50:49.767;15:50:57.433;0:38.570;1:02.088;0:34.670;269.6;Pierre-Alexandre PROVOST;;LMP3;;R-ace GP;Duqueine;GF;38.570;62.088;34.670;
85;2;59;2:14.800;0;;38.294;2;1:01.890;0;34.616;0;187.0;2:53:04.567;15:53:12.233;0:38.294;1:01.890;0:34.616;273.6;Pierre-Alexandre PROVOST;;LMP3;;R-ace GP;Duqueine;GF;38.294;61.890;34.616;
85;2;60;2:16.095;0;;38.661;0;1:02.270;0;35.164;0;185.3;2:55:20.662;15:55:28.328;0:38.661;1:02.270;0:35.164;271.6;Pierre-Alexandre PROVOST;;LMP3;;R-ace GP;Duqueine;GF;38.661;62.270;35.164;
85;2;61;2:15.337;0;;38.461;0;1:02.290;0;34.586;0;186.3;2:57:35.999;15:57:43.665;0:38.461;1:02.290;0:34.586;270.9;Pierre-Alexandre PROVOST;;LMP3;;R-ace GP;Duqueine;GF;38.461;62.290;34.586;
85;2;62;2:16.193;0;;38.481;0;1:03.118;0;34.594;0;185.1;2:59:52.192;15:59:59.858;0:38.481;1:03.118;0:34.594;273.6;Pierre-Alexandre PROVOST;;LMP3;;R-ace GP;Duqueine;GF;38.481;63.118;34.594;
85;2;63;2:15.101;0;;38.464;0;1:02.138;0;34.499;0;186.6;3:02:07.293;16:02:14.959;0:38.464;1:02.138;0:34.499;270.9;Pierre-Alexandre PROVOST;;LMP3;;R-ace GP;Duqueine;GF;38.464;62.138;34.499;
85;2;64;2:15.295;0;;38.419;0;1:02.361;0;34.515;0;186.4;3:04:22.588;16:04:30.254;0:38.419;1:02.361;0:34.515;269.6;Pierre-Alexandre PROVOST;;LMP3;;R-ace GP;Duqueine;GF;38.419;62.361;34.515;
85;2;65;2:16.519;0;;38.482;0;1:03.224;0;34.813;0;184.7;3:06:39.107;16:06:46.773;0:38.482;1:03.224;0:34.813;272.3;Pierre-Alexandre PROVOST;;LMP3;;R-ace GP;Duqueine;GF;38.482;63.224;34.813;
85;2;66;2:23.437;0;B;38.523;0;1:03.664;0;41.250;0;175.8;3:09:02.544;16:09:10.210;0:38.523;1:03.664;0:41.250;272.3;Pierre-Alexandre PROVOST;;LMP3;;R-ace GP;Duqueine;GF;38.523;63.664;41.250;
85;3;67;3:04.653;0;;1:23.583;0;1:05.058;0;36.012;0;136.5;3:12:07.197;16:12:14.863;1:23.583;1:05.058;0:36.012;265.6;Hugo SCHWARZE;0:00:54.758;LMP3;;R-ace GP;Duqueine;GF;83.583;65.058;36.012;
85;3;68;2:19.063;0;;39.328;0;1:04.142;0;35.593;0;181.3;3:14:26.260;16:14:33.926;0:39.328;1:04.142;0:35.593;272.9;Hugo SCHWARZE;;LMP3;;R-ace GP;Duqueine;GF;39.328;64.142;35.593;
85;3;69;2:19.565;0;;38.738;0;1:05.666;0;35.161;0;180.7;3:16:45.825;16:16:53.491;0:38.738;1:05.666;0:35.161;274.3;Hugo SCHWARZE;;LMP3;;R-ace GP;Duqueine;GF;38.738;65.666;35.161;
85;3;70;2:17.437;0;;38.860;0;1:03.254;0;35.323;0;183.5;3:19:03.262;16:19:10.928;0:38.860;1:03.254;0:35.323;274.3;Hugo SCHWARZE;;LMP3;;R-ace GP;Duqueine;GF;38.860;63.254;35.323;
85;3;71;2:17.568;0;;39.265;0;1:03.354;0;34.949;0;183.3;3:21:20.830;16:21:28.496;0:39.265;1:03.354;0:34.949;270.2;Hugo SCHWARZE;;LMP3;;R-ace GP;Duqueine;GF;39.265;63.354;34.949;
85;3;72;2:16.806;0;;38.840;0;1:02.899;0;35.067;0;184.3;3:23:37.636;16:23:45.302;0:38.840;1:02.899;0:35.067;270.9;Hugo SCHWARZE;;LMP3;;R-ace GP;Duqueine;GF;38.840;62.899;35.067;
85;3;73;2:18.129;0;;38.644;0;1:03.836;0;35.649;0;182.5;3:25:55.765;16:26:03.431;0:38.644;1:03.836;0:35.649;272.3;Hugo SCHWARZE;;LMP3;;R-ace GP;Duqueine;GF;38.644;63.836;35.649;
85;3;74;2:18.774;0;;38.633;0;1:04.431;0;35.710;0;181.7;3:28:14.539;16:28:22.205;0:38.633;1:04.431;0:35.710;274.3;Hugo SCHWARZE;;LMP3;;R-ace GP;Duqueine;GF;38.633;64.431;35.710;
85;3;75;2:17.822;0;;39.214;0;1:03.322;0;35.286;0;182.9;3:30:32.361;16:30:40.027;0:39.214;1:03.322;0:35.286;268.2;Hugo SCHWARZE;;LMP3;;R-ace GP;Duqueine;GF;39.214;63.322;35.286;
85;3;76;2:16.749;0;;38.641;0;1:03.045;0;35.063;0;184.4;3:32:49.110;16:32:56.776;0:38.641;1:03.045;0:35.063;272.3;Hugo SCHWARZE;;LMP3;;R-ace GP;Duqueine;GF;38.641;63.045;35.063;
85;3;77;2:16.324;0;;38.528;0;1:02.880;0;34.916;0;185.0;3:35:05.434;16:35:13.100;0:38.528;1:02.880;0:34.916;272.9;Hugo SCHWARZE;;LMP3;;R-ace GP;Duqueine;GF;38.528;62.880;34.916;
85;3;78;2:17.022;0;;38.685;0;1:03.262;0;35.075;0;184.0;3:37:22.456;16:37:30.122;0:38.685;1:03.262;0:35.075;271.6;Hugo SCHWARZE;;LMP3;;R-ace GP;Duqueine;GF;38.685;63.262;35.075;
85;3;79;2:18.001;0;;39.516;0;1:03.622;0;34.863;0;182.7;3:39:40.457;16:39:48.123;0:39.516;1:03.622;0:34.863;268.9;Hugo SCHWARZE;;LMP3;;R-ace GP;Duqueine;GF;39.516;63.622;34.863;
85;3;80;2:16.271;0;;38.595;0;1:02.837;0;34.839;0;185.0;3:41:56.728;16:42:04.394;0:38.595;1:02.837;0:34.839;272.3;Hugo SCHWARZE;;LMP3;;R-ace GP;Duqueine;GF;38.595;62.837;34.839;
85;3;81;2:17.850;0;;39.320;0;1:03.280;0;35.250;0;182.9;3:44:14.578;16:44:22.244;0:39.320;1:03.280;0:35.250;270.2;Hugo SCHWARZE;;LMP3;;R-ace GP;Duqueine;GF;39.320;63.280;35.250;
85;3;82;2:17.460;0;;38.444;1;1:04.153;0;34.863;0;183.4;3:46:32.038;16:46:39.704;0:38.444;1:04.153;0:34.863;272.9;Hugo SCHWARZE;;LMP3;;R-ace GP;Duqueine;GF;38.444;64.153;34.863;
85;3;83;2:16.563;0;;38.783;0;1:02.965;0;34.815;1;184.6;3:48:48.601;16:48:56.267;0:38.783;1:02.965;0:34.815;272.3;Hugo SCHWARZE;;LMP3;;R-ace GP;Duqueine;GF;38.783;62.965;34.815;
85;3;84;2:17.323;0;;38.619;0;1:03.870;0;34.834;0;183.6;3:51:05.924;16:51:13.590;0:38.619;1:03.870;0:34.834;269.6;Hugo SCHWARZE;;LMP3;;R-ace GP;Duqueine;GF;38.619;63.870;34.834;
85;3;85;2:19.210;0;;38.600;0;1:04.599;0;36.011;0;181.1;3:53:25.134;16:53:32.800;0:38.600;1:04.599;0:36.011;269.6;Hugo SCHWARZE;;LMP3;;R-ace GP;Duqueine;GF;38.600;64.599;36.011;
85;3;86;2:17.692;0;;38.582;0;1:03.993;0;35.117;0;183.1;3:55:42.826;16:55:50.492;0:38.582;1:03.993;0:35.117;273.6;Hugo SCHWARZE;;LMP3;;R-ace GP;Duqueine;GF;38.582;63.993;35.117;
85;3;87;2:17.030;0;;39.044;0;1:02.748;1;35.238;0;184.0;3:57:59.856;16:58:07.522;0:39.044;1:02.748;0:35.238;269.6;Hugo SCHWARZE;;LMP3;;R-ace GP;Duqueine;GF;39.044;62.748;35.238;
85;3;88;2:16.841;0;;38.520;0;1:03.155;0;35.166;0;184.3;4:00:16.697;17:00:24.363;0:38.520;1:03.155;0:35.166;272.3;Hugo SCHWARZE;;LMP3;;R-ace GP;Duqueine;GF;38.520;63.155;35.166;
85;3;89;2:16.208;0;;38.561;0;1:02.793;0;34.854;0;185.1;4:02:32.905;17:02:40.571;0:38.561;1:02.793;0:34.854;271.6;Hugo SCHWARZE;;LMP3;;R-ace GP;Duqueine;FF;38.561;62.793;34.854;
86;1;1;3:11.826;0;;58.582;0;1:15.936;0;57.308;0;129.2;3:11.826;13:03:19.492;0:58.582;1:15.936;0:57.308;212.9;Michael WAINWRIGHT;;LMGT3;;GR Racing;Ferrari;SF;58.582;75.936;57.308;
86;1;2;4:19.892;0;;1:40.664;0;1:45.446;0;53.782;0;97.0;7:31.718;13:07:39.384;1:40.664;1:45.446;0:53.782;;Michael WAINWRIGHT;;LMGT3;;GR Racing;Ferrari;SF;100.664;105.446;53.782;
86;1;3;4:21.839;0;;1:52.282;0;1:41.206;0;48.351;0;96.3;11:53.557;13:12:01.223;1:52.282;1:41.206;0:48.351;;Michael WAINWRIGHT;;LMGT3;;GR Racing;Ferrari;SF;112.282;101.206;48.351;
86;1;4;2:46.483;0;;54.529;0;1:10.408;0;41.546;0;151.5;14:40.040;13:14:47.706;0:54.529;1:10.408;0:41.546;;Michael WAINWRIGHT;;LMGT3;;GR Racing;Ferrari;GF;54.529;70.408;41.546;
86;1;5;2:23.967;0;;41.263;0;1:05.948;0;36.756;0;175.1;17:04.007;13:17:11.673;0:41.263;1:05.948;0:36.756;256.2;Michael WAINWRIGHT;;LMGT3;;GR Racing;Ferrari;GF;41.263;65.948;36.756;
86;1;6;2:23.700;0;;40.996;0;1:05.957;0;36.747;1;175.5;19:27.707;13:19:35.373;0:40.996;1:05.957;0:36.747;256.8;Michael WAINWRIGHT;;LMGT3;;GR Racing;Ferrari;GF;40.996;65.957;36.747;
86;1;7;2:23.678;0;;40.854;0;1:05.895;1;36.929;0;175.5;21:51.385;13:21:59.051;0:40.854;1:05.895;0:36.929;256.8;Michael WAINWRIGHT;;LMGT3;;GR Racing;Ferrari;GF;40.854;65.895;36.929;
86;1;8;2:23.838;0;;40.992;0;1:06.051;0;36.795;0;175.3;24:15.223;13:24:22.889;0:40.992;1:06.051;0:36.795;255.6;Michael WAINWRIGHT;;LMGT3;;GR Racing;Ferrari;GF;40.992;66.051;36.795;
86;1;9;2:24.722;0;;41.018;0;1:06.526;0;37.178;0;174.2;26:39.945;13:26:47.611;0:41.018;1:06.526;0:37.178;256.2;Michael WAINWRIGHT;;LMGT3;;GR Racing;Ferrari;GF;41.018;66.526;37.178;
86;1;10;2:24.856;0;;40.741;0;1:06.880;0;37.235;0;174.1;29:04.801;13:29:12.467;0:40.741;1:06.880;0:37.235;258.6;Michael WAINWRIGHT;;LMGT3;;GR Racing;Ferrari;GF;40.741;66.880;37.235;
86;1;11;2:26.110;0;;40.681;0;1:07.179;0;38.250;0;172.6;31:30.911;13:31:38.577;0:40.681;1:07.179;0:38.250;257.4;Michael WAINWRIGHT;;LMGT3;;GR Racing;Ferrari;GF;40.681;67.179;38.250;
86;1;12;2:23.801;0;;40.765;0;1:06.190;0;36.846;0;175.3;33:54.712;13:34:02.378;0:40.765;1:06.190;0:36.846;258.6;Michael WAINWRIGHT;;LMGT3;;GR Racing;Ferrari;GF;40.765;66.190;36.846;
86;1;13;2:24.370;0;;40.675;1;1:06.650;0;37.045;0;174.6;36:19.082;13:36:26.748;0:40.675;1:06.650;0:37.045;258.0;Michael WAINWRIGHT;;LMGT3;;GR Racing;Ferrari;GF;40.675;66.650;37.045;
86;1;14;2:25.353;0;;40.611;0;1:06.965;0;37.777;0;173.5;38:44.435;13:38:52.101;0:40.611;1:06.965;0:37.777;258.6;Michael WAINWRIGHT;;LMGT3;;GR Racing;Ferrari;GF;40.611;66.965;37.777;
86;1;15;3:21.384;0;;41.054;0;1:14.538;0;1:25.792;0;125.2;42:05.819;13:42:13.485;0:41.054;1:14.538;1:25.792;256.8;Michael WAINWRIGHT;;LMGT3;;GR Racing;Ferrari;GF;41.054;74.538;85.792;
86;1;16;5:21.002;0;B;1:41.798;0;2:08.884;0;1:30.320;0;78.5;47:26.821;13:47:34.487;1:41.798;2:08.884;1:30.320;;Michael WAINWRIGHT;;LMGT3;;GR Racing;Ferrari;GF;101.798;128.884;90.320;
86;1;17;5:14.984;0;;2:30.760;0;2:03.413;0;40.811;0;80.0;52:41.805;13:52:49.471;2:30.760;2:03.413;0:40.811;;Michael WAINWRIGHT;0:01:09.281;LMGT3;;GR Racing;Ferrari;SF;150.760;123.413;40.811;
86;1;18;2:35.190;0;;43.855;0;1:12.279;0;39.056;0;162.5;55:16.995;13:55:24.661;0:43.855;1:12.279;0:39.056;244.6;Michael WAINWRIGHT;;LMGT3;;GR Racing;Ferrari;SF;43.855;72.279;39.056;
86;1;19;4:11.088;0;;53.322;0;1:39.962;0;1:37.804;0;100.4;59:28.083;13:59:35.749;0:53.322;1:39.962;1:37.804;;Michael WAINWRIGHT;;LMGT3;;GR Racing;Ferrari;SF;53.322;99.962;97.804;
86;1;20;4:15.836;0;;1:26.062;0;1:36.043;0;1:13.731;0;98.6;1:03:43.919;14:03:51.585;1:26.062;1:36.043;1:13.731;201.0;Michael WAINWRIGHT;;LMGT3;;GR Racing;Ferrari;SF;86.062;96.043;73.731;
86;1;21;2:40.859;0;;47.406;0;1:09.212;0;44.241;0;156.7;1:06:24.778;14:06:32.444;0:47.406;1:09.212;0:44.241;224.3;Michael WAINWRIGHT;;LMGT3;;GR Racing;Ferrari;GF;47.406;69.212;44.241;
86;1;22;2:34.396;0;;41.022;0;1:08.361;0;45.013;0;163.3;1:08:59.174;14:09:06.840;0:41.022;1:08.361;0:45.013;258.0;Michael WAINWRIGHT;;LMGT3;;GR Racing;Ferrari;SF;41.022;68.361;45.013;
86;1;23;4:21.320;0;;1:15.349;0;1:54.119;0;1:11.852;0;96.5;1:13:20.494;14:13:28.160;1:15.349;1:54.119;1:11.852;155.0;Michael WAINWRIGHT;;LMGT3;;GR Racing;Ferrari;SF;75.349;114.119;71.852;
86;1;24;2:35.961;0;;44.713;0;1:07.901;0;43.347;0;161.7;1:15:56.455;14:16:04.121;0:44.713;1:07.901;0:43.347;247.4;Michael WAINWRIGHT;;LMGT3;;GR Racing;Ferrari;GF;44.713;67.901;43.347;
86;1;25;2:24.392;0;;41.022;0;1:06.171;0;37.199;0;174.6;1:18:20.847;14:18:28.513;0:41.022;1:06.171;0:37.199;258.6;Michael WAINWRIGHT;;LMGT3;;GR Racing;Ferrari;GF;41.022;66.171;37.199;
86;1;26;3:41.713;0;;44.790;0;1:26.096;0;1:30.827;0;113.7;1:22:02.560;14:22:10.226;0:44.790;1:26.096;1:30.827;183.4;Michael WAINWRIGHT;;LMGT3;;GR Racing;Ferrari;SF;44.790;86.096;90.827;
86;1;27;3:33.621;0;;1:23.792;0;1:27.508;0;42.321;0;118.0;1:25:36.181;14:25:43.847;1:23.792;1:27.508;0:42.321;124.3;Michael WAINWRIGHT;;LMGT3;;GR Racing;Ferrari;SF;83.792;87.508;42.321;
86;1;28;2:49.886;0;;45.758;0;1:17.945;0;46.183;0;148.4;1:28:26.067;14:28:33.733;0:45.758;1:17.945;0:46.183;188.1;Michael WAINWRIGHT;;LMGT3;;GR Racing;Ferrari;GF;45.758;77.945;46.183;
86;1;29;2:39.322;0;;41.536;0;1:11.636;0;46.150;0;158.3;1:31:05.389;14:31:13.055;0:41.536;1:11.636;0:46.150;253.8;Michael WAINWRIGHT;;LMGT3;;GR Racing;Ferrari;SF;41.536;71.636;46.150;
86;1;30;4:00.201;0;;1:17.392;0;1:42.847;0;59.962;0;105.0;1:35:05.590;14:35:13.256;1:17.392;1:42.847;0:59.962;;Michael WAINWRIGHT;;LMGT3;;GR Racing;Ferrari;SF;77.392;102.847;59.962;
86;1;31;4:02.955;0;;1:15.221;0;1:36.112;0;1:11.622;0;103.8;1:39:08.545;14:39:16.211;1:15.221;1:36.112;1:11.622;123.0;Michael WAINWRIGHT;;LMGT3;;GR Racing;Ferrari;SF;75.221;96.112;71.622;
86;1;32;3:52.716;0;;1:40.067;0;1:20.757;0;51.892;0;108.3;1:43:01.261;14:43:08.927;1:40.067;1:20.757;0:51.892;;Michael WAINWRIGHT;;LMGT3;;GR Racing;Ferrari;SF;100.067;80.757;51.892;
86;1;33;2:52.520;0;;47.495;0;1:22.166;0;42.859;0;146.2;1:45:53.781;14:46:01.447;0:47.495;1:22.166;0:42.859;164.7;Michael WAINWRIGHT;;LMGT3;;GR Racing;Ferrari;GF;47.495;82.166;42.859;
86;1;34;2:31.620;0;B;41.144;0;1:06.921;0;43.555;0;166.3;1:48:25.401;14:48:33.067;0:41.144;1:06.921;0:43.555;256.2;Michael WAINWRIGHT;;LMGT3;;GR Racing;Ferrari;GF;41.144;66.921;43.555;
86;3;35;3:33.358;0;;1:49.968;0;1:07.331;0;36.059;0;118.2;1:51:58.759;14:52:06.425;1:49.968;1:07.331;0:36.059;247.4;Mex JANSEN;0:01:19.112;LMGT3;;GR Racing;Ferrari;GF;109.968;67.331;36.059;
86;3;36;2:19.676;0;;39.846;0;1:04.296;0;35.534;2;180.5;1:54:18.435;14:54:26.101;0:39.846;1:04.296;0:35.534;259.9;Mex JANSEN;;LMGT3;;GR Racing;Ferrari;GF;39.846;64.296;35.534;
86;3;37;2:20.630;0;;39.846;0;1:05.078;0;35.706;0;179.3;1:56:39.065;14:56:46.731;0:39.846;1:05.078;0:35.706;252.0;Mex JANSEN;;LMGT3;;GR Racing;Ferrari;GF;39.846;65.078;35.706;
86;3;38;2:19.684;0;;39.835;0;1:03.999;1;35.850;0;180.5;1:58:58.749;14:59:06.415;0:39.835;1:03.999;0:35.850;252.6;Mex JANSEN;;LMGT3;;GR Racing;Ferrari;GF;39.835;63.999;35.850;
86;3;39;2:51.668;0;;40.044;0;1:27.394;0;44.230;0;146.9;2:01:50.417;15:01:58.083;0:40.044;1:27.394;0:44.230;209.6;Mex JANSEN;;LMGT3;;GR Racing;Ferrari;SF;40.044;87.394;44.230;
86;3;40;4:38.492;0;;1:12.297;0;2:08.361;0;1:17.834;0;90.5;2:06:28.909;15:06:36.575;1:12.297;2:08.361;1:17.834;;Mex JANSEN;;LMGT3;;GR Racing;Ferrari;SF;72.297;128.361;77.834;
86;3;41;4:01.308;0;;1:18.475;0;1:40.849;0;1:01.984;0;104.5;2:10:30.217;15:10:37.883;1:18.475;1:40.849;1:01.984;;Mex JANSEN;;LMGT3;;GR Racing;Ferrari;SF;78.475;100.849;61.984;
86;3;42;2:35.983;0;;45.775;0;1:12.503;0;37.705;0;161.6;2:13:06.200;15:13:13.866;0:45.775;1:12.503;0:37.705;199.9;Mex JANSEN;;LMGT3;;GR Racing;Ferrari;SF;45.775;72.503;37.705;
86;3;43;2:24.353;0;;43.035;0;1:05.274;0;36.044;0;174.7;2:15:30.553;15:15:38.219;0:43.035;1:05.274;0:36.044;250.3;Mex JANSEN;;LMGT3;;GR Racing;Ferrari;GF;43.035;65.274;36.044;
86;3;44;2:19.960;0;;39.895;0;1:04.244;0;35.821;0;180.2;2:17:50.513;15:17:58.179;0:39.895;1:04.244;0:35.821;263.6;Mex JANSEN;;LMGT3;;GR Racing;Ferrari;GF;39.895;64.244;35.821;
86;3;45;2:20.786;0;;39.610;2;1:04.770;0;36.406;0;179.1;2:20:11.299;15:20:18.965;0:39.610;1:04.770;0:36.406;258.0;Mex JANSEN;;LMGT3;;GR Racing;Ferrari;GF;39.610;64.770;36.406;
86;3;46;2:21.439;0;;40.062;0;1:05.119;0;36.258;0;178.3;2:22:32.738;15:22:40.404;0:40.062;1:05.119;0:36.258;261.1;Mex JANSEN;;LMGT3;;GR Racing;Ferrari;GF;40.062;65.119;36.258;
86;3;47;2:22.238;0;;39.853;0;1:06.372;0;36.013;0;177.3;2:24:54.976;15:25:02.642;0:39.853;1:06.372;0:36.013;264.3;Mex JANSEN;;LMGT3;;GR Racing;Ferrari;GF;39.853;66.372;36.013;
86;3;48;2:21.141;0;;40.168;0;1:05.110;0;35.863;0;178.6;2:27:16.117;15:27:23.783;0:40.168;1:05.110;0:35.863;261.1;Mex JANSEN;;LMGT3;;GR Racing;Ferrari;GF;40.168;65.110;35.863;
86;3;49;2:22.106;0;;39.725;0;1:05.887;0;36.494;0;177.4;2:29:38.223;15:29:45.889;0:39.725;1:05.887;0:36.494;262.4;Mex JANSEN;;LMGT3;;GR Racing;Ferrari;GF;39.725;65.887;36.494;
86;3;50;2:20.736;0;;39.766;0;1:04.769;0;36.201;0;179.2;2:31:58.959;15:32:06.625;0:39.766;1:04.769;0:36.201;262.4;Mex JANSEN;;LMGT3;;GR Racing;Ferrari;GF;39.766;64.769;36.201;
86;3;51;2:21.150;0;;39.818;0;1:05.251;0;36.081;0;178.6;2:34:20.109;15:34:27.775;0:39.818;1:05.251;0:36.081;261.1;Mex JANSEN;;LMGT3;;GR Racing;Ferrari;GF;39.818;65.251;36.081;
86;3;52;2:20.322;0;;39.786;0;1:04.585;0;35.951;0;179.7;2:36:40.431;15:36:48.097;0:39.786;1:04.585;0:35.951;261.1;Mex JANSEN;;LMGT3;;GR Racing;Ferrari;GF;39.786;64.585;35.951;
86;3;53;2:21.462;0;;39.903;0;1:04.911;0;36.648;0;178.2;2:39:01.893;15:39:09.559;0:39.903;1:04.911;0:36.648;251.4;Mex JANSEN;;LMGT3;;GR Racing;Ferrari;GF;39.903;64.911;36.648;
86;3;54;2:21.418;0;;39.858;0;1:05.541;0;36.019;0;178.3;2:41:23.311;15:41:30.977;0:39.858;1:05.541;0:36.019;248.5;Mex JANSEN;;LMGT3;;GR Racing;Ferrari;GF;39.858;65.541;36.019;
86;3;55;2:22.012;0;;39.841;0;1:05.915;0;36.256;0;177.5;2:43:45.323;15:43:52.989;0:39.841;1:05.915;0:36.256;260.5;Mex JANSEN;;LMGT3;;GR Racing;Ferrari;GF;39.841;65.915;36.256;
86;3;56;2:20.451;0;;39.679;0;1:04.813;0;35.959;0;179.5;2:46:05.774;15:46:13.440;0:39.679;1:04.813;0:35.959;261.7;Mex JANSEN;;LMGT3;;GR Racing;Ferrari;GF;39.679;64.813;35.959;
86;3;57;2:21.501;0;;39.741;0;1:05.142;0;36.618;0;178.2;2:48:27.275;15:48:34.941;0:39.741;1:05.142;0:36.618;263.0;Mex JANSEN;;LMGT3;;GR Racing;Ferrari;GF;39.741;65.142;36.618;
86;3;58;2:21.019;0;;39.832;0;1:05.109;0;36.078;0;178.8;2:50:48.294;15:50:55.960;0:39.832;1:05.109;0:36.078;261.7;Mex JANSEN;;LMGT3;;GR Racing;Ferrari;GF;39.832;65.109;36.078;
86;3;59;2:26.778;0;B;39.890;0;1:05.368;0;41.520;0;171.8;2:53:15.072;15:53:22.738;0:39.890;1:05.368;0:41.520;241.9;Mex JANSEN;;LMGT3;;GR Racing;Ferrari;GF;39.890;65.368;41.520;
86;2;60;3:41.012;0;;1:58.165;0;1:06.750;0;36.097;0;114.1;2:56:56.084;15:57:03.750;1:58.165;1:06.750;0:36.097;246.8;Lorcan HANAFIN;0:01:26.782;LMGT3;;GR Racing;Ferrari;GF;118.165;66.750;36.097;
86;2;61;2:19.529;0;;39.914;0;1:04.040;0;35.575;1;180.7;2:59:15.613;15:59:23.279;0:39.914;1:04.040;0:35.575;260.5;Lorcan HANAFIN;;LMGT3;;GR Racing;Ferrari;GF;39.914;64.040;35.575;
86;2;62;2:19.254;2;;39.822;0;1:03.658;2;35.774;0;181.1;3:01:34.867;16:01:42.533;0:39.822;1:03.658;0:35.774;262.4;Lorcan HANAFIN;;LMGT3;;GR Racing;Ferrari;GF;39.822;63.658;35.774;
86;2;63;2:20.873;0;;39.776;0;1:04.913;0;36.184;0;179.0;3:03:55.740;16:04:03.406;0:39.776;1:04.913;0:36.184;262.4;Lorcan HANAFIN;;LMGT3;;GR Racing;Ferrari;GF;39.776;64.913;36.184;
86;2;64;2:20.491;0;;40.021;0;1:04.789;0;35.681;0;179.5;3:06:16.231;16:06:23.897;0:40.021;1:04.789;0:35.681;261.7;Lorcan HANAFIN;;LMGT3;;GR Racing;Ferrari;GF;40.021;64.789;35.681;
86;2;65;2:19.947;0;;39.856;0;1:04.217;0;35.874;0;180.2;3:08:36.178;16:08:43.844;0:39.856;1:04.217;0:35.874;261.1;Lorcan HANAFIN;;LMGT3;;GR Racing;Ferrari;GF;39.856;64.217;35.874;
86;2;66;2:20.397;0;;39.826;0;1:04.621;0;35.950;0;179.6;3:10:56.575;16:11:04.241;0:39.826;1:04.621;0:35.950;262.4;Lorcan HANAFIN;;LMGT3;;GR Racing;Ferrari;GF;39.826;64.621;35.950;
86;2;67;2:20.189;0;;39.815;0;1:04.441;0;35.933;0;179.9;3:13:16.764;16:13:24.430;0:39.815;1:04.441;0:35.933;262.4;Lorcan HANAFIN;;LMGT3;;GR Racing;Ferrari;GF;39.815;64.441;35.933;
86;2;68;2:20.411;0;;39.934;0;1:04.638;0;35.839;0;179.6;3:15:37.175;16:15:44.841;0:39.934;1:04.638;0:35.839;261.7;Lorcan HANAFIN;;LMGT3;;GR Racing;Ferrari;GF;39.934;64.638;35.839;
86;2;69;2:20.888;0;;39.878;0;1:05.270;0;35.740;0;179.0;3:17:58.063;16:18:05.729;0:39.878;1:05.270;0:35.740;262.4;Lorcan HANAFIN;;LMGT3;;GR Racing;Ferrari;GF;39.878;65.270;35.740;
86;2;70;2:20.744;0;;39.804;0;1:04.685;0;36.255;0;179.1;3:20:18.807;16:20:26.473;0:39.804;1:04.685;0:36.255;263.0;Lorcan HANAFIN;;LMGT3;;GR Racing;Ferrari;GF;39.804;64.685;36.255;
86;2;71;2:20.784;0;;39.775;0;1:05.033;0;35.976;0;179.1;3:22:39.591;16:22:47.257;0:39.775;1:05.033;0:35.976;262.4;Lorcan HANAFIN;;LMGT3;;GR Racing;Ferrari;GF;39.775;65.033;35.976;
86;2;72;2:26.060;0;B;39.863;0;1:04.757;0;41.440;0;172.6;3:25:05.651;16:25:13.317;0:39.863;1:04.757;0:41.440;261.1;Lorcan HANAFIN;;LMGT3;;GR Racing;Ferrari;GF;39.863;64.757;41.440;
86;2;73;3:08.296;0;;1:26.229;0;1:06.009;0;36.058;0;133.9;3:28:13.947;16:28:21.613;1:26.229;1:06.009;0:36.058;254.4;Lorcan HANAFIN;0:00:55.386;LMGT3;;GR Racing;Ferrari;GF;86.229;66.009;36.058;
86;2;74;2:20.897;0;;40.166;0;1:04.761;0;35.970;0;179.0;3:30:34.844;16:30:42.510;0:40.166;1:04.761;0:35.970;259.9;Lorcan HANAFIN;;LMGT3;;GR Racing;Ferrari;GF;40.166;64.761;35.970;
86;2;75;2:19.894;0;;39.678;0;1:04.396;0;35.820;0;180.2;3:32:54.738;16:33:02.404;0:39.678;1:04.396;0:35.820;261.1;Lorcan HANAFIN;;LMGT3;;GR Racing;Ferrari;GF;39.678;64.396;35.820;
86;2;76;2:20.191;0;;39.654;1;1:04.605;0;35.932;0;179.9;3:35:14.929;16:35:22.595;0:39.654;1:04.605;0:35.932;263.0;Lorcan HANAFIN;;LMGT3;;GR Racing;Ferrari;GF;39.654;64.605;35.932;
86;2;77;2:20.071;0;;39.736;0;1:04.453;0;35.882;0;180.0;3:37:35.000;16:37:42.666;0:39.736;1:04.453;0:35.882;262.4;Lorcan HANAFIN;;LMGT3;;GR Racing;Ferrari;GF;39.736;64.453;35.882;
86;2;78;2:20.540;0;;39.898;0;1:04.456;0;36.186;0;179.4;3:39:55.540;16:40:03.206;0:39.898;1:04.456;0:36.186;260.5;Lorcan HANAFIN;;LMGT3;;GR Racing;Ferrari;GF;39.898;64.456;36.186;
86;2;79;2:20.610;0;;39.764;0;1:04.633;0;36.213;0;179.3;3:42:16.150;16:42:23.816;0:39.764;1:04.633;0:36.213;260.5;Lorcan HANAFIN;;LMGT3;;GR Racing;Ferrari;GF;39.764;64.633;36.213;
86;2;80;2:19.658;0;;39.751;0;1:04.047;0;35.860;0;180.5;3:44:35.808;16:44:43.474;0:39.751;1:04.047;0:35.860;261.7;Lorcan HANAFIN;;LMGT3;;GR Racing;Ferrari;GF;39.751;64.047;35.860;
86;2;81;2:20.987;0;;39.907;0;1:04.644;0;36.436;0;178.8;3:46:56.795;16:47:04.461;0:39.907;1:04.644;0:36.436;263.6;Lorcan HANAFIN;;LMGT3;;GR Racing;Ferrari;GF;39.907;64.644;36.436;
86;2;82;2:20.779;0;;39.912;0;1:04.889;0;35.978;0;179.1;3:49:17.574;16:49:25.240;0:39.912;1:04.889;0:35.978;261.7;Lorcan HANAFIN;;LMGT3;;GR Racing;Ferrari;GF;39.912;64.889;35.978;
86;2;83;2:20.830;0;;39.804;0;1:04.916;0;36.110;0;179.0;3:51:38.404;16:51:46.070;0:39.804;1:04.916;0:36.110;255.6;Lorcan HANAFIN;;LMGT3;;GR Racing;Ferrari;GF;39.804;64.916;36.110;
86;2;84;2:20.755;0;;40.028;0;1:04.751;0;35.976;0;179.1;3:53:59.159;16:54:06.825;0:40.028;1:04.751;0:35.976;259.2;Lorcan HANAFIN;;LMGT3;;GR Racing;Ferrari;GF;40.028;64.751;35.976;
86;2;85;2:20.861;0;;39.785;0;1:04.802;0;36.274;0;179.0;3:56:20.020;16:56:27.686;0:39.785;1:04.802;0:36.274;261.1;Lorcan HANAFIN;;LMGT3;;GR Racing;Ferrari;GF;39.785;64.802;36.274;
86;2;86;2:21.525;0;;40.074;0;1:05.054;0;36.397;0;178.2;3:58:41.545;16:58:49.211;0:40.074;1:05.054;0:36.397;261.7;Lorcan HANAFIN;;LMGT3;;GR Racing;Ferrari;GF;40.074;65.054;36.397;
86;2;87;2:21.621;0;;40.106;0;1:05.099;0;36.416;0;178.0;4:01:03.166;17:01:10.832;0:40.106;1:05.099;0:36.416;260.5;Lorcan HANAFIN;;LMGT3;;GR Racing;Ferrari;FF;40.106;65.099;36.416;
88;1;1;2:46.256;0;;43.787;0;1:05.153;0;57.316;0;149.0;2:46.256;13:02:53.922;0:43.787;1:05.153;0:57.316;245.7;Horst FELBERMAYR;;LMP2 Pro/Am;;Proton Competition;Oreca;SF;43.787;65.153;57.316;
88;1;2;4:16.424;0;;1:17.653;0;1:48.470;0;1:10.301;0;98.3;7:02.680;13:07:10.346;1:17.653;1:48.470;1:10.301;;Horst FELBERMAYR;;LMP2 Pro/Am;;Proton Competition;Oreca;SF;77.653;108.470;70.301;
88;1;3;4:22.542;0;;1:34.706;0;1:47.913;0;59.923;0;96.0;11:25.222;13:11:32.888;1:34.706;1:47.913;0:59.923;;Horst FELBERMAYR;;LMP2 Pro/Am;;Proton Competition;Oreca;SF;94.706;107.913;59.923;
88;1;4;2:57.915;0;;56.144;0;1:12.227;0;49.544;0;141.7;14:23.137;13:14:30.803;0:56.144;1:12.227;0:49.544;125.7;Horst FELBERMAYR;;LMP2 Pro/Am;;Proton Competition;Oreca;GF;56.144;72.227;49.544;
88;1;5;2:11.062;0;;37.372;0;1:00.137;0;33.553;0;192.4;16:34.199;13:16:41.865;0:37.372;1:00.137;0:33.553;286.7;Horst FELBERMAYR;;LMP2 Pro/Am;;Proton Competition;Oreca;GF;37.372;60.137;33.553;
88;1;6;2:09.166;0;;36.388;0;59.419;0;33.359;0;195.2;18:43.365;13:18:51.031;0:36.388;0:59.419;0:33.359;297.7;Horst FELBERMAYR;;LMP2 Pro/Am;;Proton Competition;Oreca;GF;36.388;59.419;33.359;
88;1;7;2:09.211;0;;36.746;0;59.404;0;33.061;0;195.1;20:52.576;13:21:00.242;0:36.746;0:59.404;0:33.061;295.3;Horst FELBERMAYR;;LMP2 Pro/Am;;Proton Competition;Oreca;GF;36.746;59.404;33.061;
88;1;8;2:09.550;0;;36.556;0;1:00.003;0;32.991;0;194.6;23:02.126;13:23:09.792;0:36.556;1:00.003;0:32.991;272.3;Horst FELBERMAYR;;LMP2 Pro/Am;;Proton Competition;Oreca;GF;36.556;60.003;32.991;
88;1;9;2:09.286;0;;36.574;0;59.922;0;32.790;0;195.0;25:11.412;13:25:19.078;0:36.574;0:59.922;0:32.790;292.9;Horst FELBERMAYR;;LMP2 Pro/Am;;Proton Competition;Oreca;GF;36.574;59.922;32.790;
88;1;10;2:07.730;0;;36.132;0;58.707;1;32.891;0;197.4;27:19.142;13:27:26.808;0:36.132;0:58.707;0:32.891;297.7;Horst FELBERMAYR;;LMP2 Pro/Am;;Proton Competition;Oreca;GF;36.132;58.707;32.891;
88;1;11;2:08.118;0;;36.107;0;59.069;0;32.942;0;196.8;29:27.260;13:29:34.926;0:36.107;0:59.069;0:32.942;296.9;Horst FELBERMAYR;;LMP2 Pro/Am;;Proton Competition;Oreca;GF;36.107;59.069;32.942;
88;1;12;2:12.146;0;;36.007;0;1:01.483;0;34.656;0;190.8;31:39.406;13:31:47.072;0:36.007;1:01.483;0:34.656;298.5;Horst FELBERMAYR;;LMP2 Pro/Am;;Proton Competition;Oreca;GF;36.007;61.483;34.656;
88;1;13;2:08.868;0;;36.713;0;59.531;0;32.624;1;195.7;33:48.274;13:33:55.940;0:36.713;0:59.531;0:32.624;295.3;Horst FELBERMAYR;;LMP2 Pro/Am;;Proton Competition;Oreca;GF;36.713;59.531;32.624;
88;1;14;2:11.175;0;;35.795;1;1:00.187;0;35.193;0;192.2;35:59.449;13:36:07.115;0:35.795;1:00.187;0:35.193;301.8;Horst FELBERMAYR;;LMP2 Pro/Am;;Proton Competition;Oreca;GF;35.795;60.187;35.193;
88;1;15;2:12.990;0;;36.358;0;1:02.240;0;34.392;0;189.6;38:12.439;13:38:20.105;0:36.358;1:02.240;0:34.392;289.7;Horst FELBERMAYR;;LMP2 Pro/Am;;Proton Competition;Oreca;GF;36.358;62.240;34.392;
88;1;16;2:12.422;0;;36.014;0;1:00.320;0;36.088;0;190.4;40:24.861;13:40:32.527;0:36.014;1:00.320;0:36.088;301.8;Horst FELBERMAYR;;LMP2 Pro/Am;;Proton Competition;Oreca;GF;36.014;60.320;36.088;
88;1;17;5:28.259;0;B;1:42.758;0;2:12.474;0;1:33.027;0;76.8;45:53.120;13:46:00.786;1:42.758;2:12.474;1:33.027;;Horst FELBERMAYR;;LMP2 Pro/Am;;Proton Competition;Oreca;GF;102.758;132.474;93.027;
88;1;18;6:23.279;0;;2:36.064;0;2:16.841;0;1:30.374;0;65.8;52:16.399;13:52:24.065;2:36.064;2:16.841;1:30.374;;Horst FELBERMAYR;0:01:15.491;LMP2 Pro/Am;;Proton Competition;Oreca;SF;156.064;136.841;90.374;
88;1;19;2:30.521;0;;44.263;0;1:08.093;0;38.165;0;167.5;54:46.920;13:54:54.586;0:44.263;1:08.093;0:38.165;216.3;Horst FELBERMAYR;;LMP2 Pro/Am;;Proton Competition;Oreca;SF;44.263;68.093;38.165;
88;1;20;4:24.229;0;;1:06.686;0;1:42.275;0;1:35.268;0;95.4;59:11.149;13:59:18.815;1:06.686;1:42.275;1:35.268;120.8;Horst FELBERMAYR;;LMP2 Pro/Am;;Proton Competition;Oreca;SF;66.686;102.275;95.268;
88;1;21;4:15.954;0;;1:23.029;0;1:39.275;0;1:13.650;0;98.5;1:03:27.103;14:03:34.769;1:23.029;1:39.275;1:13.650;134.6;Horst FELBERMAYR;;LMP2 Pro/Am;;Proton Competition;Oreca;SF;83.029;99.275;73.650;
88;1;22;2:47.543;0;;48.018;0;1:09.844;0;49.681;0;150.5;1:06:14.646;14:06:22.312;0:48.018;1:09.844;0:49.681;169.6;Horst FELBERMAYR;;LMP2 Pro/Am;;Proton Competition;Oreca;GF;48.018;69.844;49.681;
88;1;23;2:24.731;0;;37.603;0;1:02.700;0;44.428;0;174.2;1:08:39.377;14:08:47.043;0:37.603;1:02.700;0:44.428;281.5;Horst FELBERMAYR;;LMP2 Pro/Am;;Proton Competition;Oreca;SF;37.603;62.700;44.428;
88;1;24;4:18.537;0;;1:10.620;0;1:54.908;0;1:13.009;0;97.5;1:12:57.914;14:13:05.580;1:10.620;1:54.908;1:13.009;;Horst FELBERMAYR;;LMP2 Pro/Am;;Proton Competition;Oreca;SF;70.620;114.908;73.009;
88;1;25;2:48.730;0;;46.170;0;1:08.721;0;53.839;0;149.4;1:15:46.644;14:15:54.310;0:46.170;1:08.721;0:53.839;182.4;Horst FELBERMAYR;;LMP2 Pro/Am;;Proton Competition;Oreca;GF;46.170;68.721;53.839;
88;1;26;2:24.655;0;B;37.443;0;1:04.970;0;42.242;0;174.3;1:18:11.299;14:18:18.965;0:37.443;1:04.970;0:42.242;269.6;Horst FELBERMAYR;;LMP2 Pro/Am;;Proton Competition;Oreca;GF;37.443;64.970;42.242;
88;2;27;4:05.842;0;;1:44.474;0;1:18.726;0;1:02.642;0;102.6;1:22:17.141;14:22:24.807;1:44.474;1:18.726;1:02.642;161.0;Horst Felix FELBERMAYR;0:01:05.337;LMP2 Pro/Am;;Proton Competition;Oreca;SF;104.474;78.726;62.642;
88;2;28;3:29.776;0;;1:21.636;0;1:25.893;0;42.247;0;120.2;1:25:46.917;14:25:54.583;1:21.636;1:25.893;0:42.247;122.4;Horst Felix FELBERMAYR;;LMP2 Pro/Am;;Proton Competition;Oreca;SF;81.636;85.893;42.247;
88;2;29;2:43.226;0;;46.369;0;1:13.418;0;43.439;0;154.5;1:28:30.143;14:28:37.809;0:46.369;1:13.418;0:43.439;179.4;Horst Felix FELBERMAYR;;LMP2 Pro/Am;;Proton Competition;Oreca;GF;46.369;73.418;43.439;
88;2;30;2:29.369;0;;36.475;0;1:07.783;0;45.111;0;168.8;1:30:59.512;14:31:07.178;0:36.475;1:07.783;0:45.111;299.3;Horst Felix FELBERMAYR;;LMP2 Pro/Am;;Proton Competition;Oreca;SF;36.475;67.783;45.111;
88;2;31;4:01.347;0;;1:17.495;0;1:44.142;0;59.710;0;104.5;1:35:00.859;14:35:08.525;1:17.495;1:44.142;0:59.710;;Horst Felix FELBERMAYR;;LMP2 Pro/Am;;Proton Competition;Oreca;SF;77.495;104.142;59.710;
88;2;32;4:02.667;0;;1:15.074;0;1:36.428;0;1:11.165;0;103.9;1:39:03.526;14:39:11.192;1:15.074;1:36.428;1:11.165;;Horst Felix FELBERMAYR;;LMP2 Pro/Am;;Proton Competition;Oreca;SF;75.074;96.428;71.165;
88;2;33;3:53.006;0;;1:40.280;0;1:21.018;0;51.708;0;108.2;1:42:56.532;14:43:04.198;1:40.280;1:21.018;0:51.708;;Horst Felix FELBERMAYR;;LMP2 Pro/Am;;Proton Competition;Oreca;SF;100.280;81.018;51.708;
88;2;34;2:53.473;0;;47.132;0;1:23.093;0;43.248;0;145.3;1:45:50.005;14:45:57.671;0:47.132;1:23.093;0:43.248;220.2;Horst Felix FELBERMAYR;;LMP2 Pro/Am;;Proton Competition;Oreca;GF;47.132;83.093;43.248;
88;2;35;2:11.677;0;;36.921;0;1:01.835;0;32.921;0;191.5;1:48:01.682;14:48:09.348;0:36.921;1:01.835;0:32.921;275.7;Horst Felix FELBERMAYR;;LMP2 Pro/Am;;Proton Competition;Oreca;GF;36.921;61.835;32.921;
88;2;36;2:06.131;0;;35.817;0;58.050;0;32.264;0;199.9;1:50:07.813;14:50:15.479;0:35.817;0:58.050;0:32.264;301.0;Horst Felix FELBERMAYR;;LMP2 Pro/Am;;Proton Competition;Oreca;GF;35.817;58.050;32.264;
88;2;37;2:06.426;0;;37.073;0;57.111;2;32.242;0;199.4;1:52:14.239;14:52:21.905;0:37.073;0:57.111;0:32.242;298.5;Horst Felix FELBERMAYR;;LMP2 Pro/Am;;Proton Competition;Oreca;GF;37.073;57.111;32.242;
88;2;38;2:04.925;2;;35.556;0;57.235;0;32.134;1;201.8;1:54:19.164;14:54:26.830;0:35.556;0:57.235;0:32.134;301.0;Horst Felix FELBERMAYR;;LMP2 Pro/Am;;Proton Competition;Oreca;GF;35.556;57.235;32.134;
88;2;39;2:06.288;0;;36.303;0;57.727;0;32.258;0;199.7;1:56:25.452;14:56:33.118;0:36.303;0:57.727;0:32.258;296.9;Horst Felix FELBERMAYR;;LMP2 Pro/Am;;Proton Competition;Oreca;GF;36.303;57.727;32.258;
88;2;40;2:05.818;0;;35.619;0;57.938;0;32.261;0;200.4;1:58:31.270;14:58:38.936;0:35.619;0:57.938;0:32.261;300.2;Horst Felix FELBERMAYR;;LMP2 Pro/Am;;Proton Competition;Oreca;GF;35.619;57.938;32.261;
88;2;41;2:48.912;0;;35.483;0;1:07.694;0;1:05.735;0;149.3;2:01:20.182;15:01:27.848;0:35.483;1:07.694;1:05.735;301.0;Horst Felix FELBERMAYR;;LMP2 Pro/Am;;Proton Competition;Oreca;SF;35.483;67.694;65.735;
88;2;42;4:58.312;0;;1:34.069;0;2:08.859;0;1:15.384;0;84.5;2:06:18.494;15:06:26.160;1:34.069;2:08.859;1:15.384;;Horst Felix FELBERMAYR;;LMP2 Pro/Am;;Proton Competition;Oreca;SF;94.069;128.859;75.384;
88;2;43;4:34.850;0;;1:20.424;0;1:42.520;0;1:31.906;0;91.7;2:10:53.344;15:11:01.010;1:20.424;1:42.520;1:31.906;;Horst Felix FELBERMAYR;;LMP2 Pro/Am;;Proton Competition;Oreca;SF;80.424;102.520;91.906;
88;2;44;4:00.786;0;;1:27.821;0;1:29.001;0;1:03.964;0;104.7;2:14:54.130;15:15:01.796;1:27.821;1:29.001;1:03.964;;Horst Felix FELBERMAYR;;LMP2 Pro/Am;;Proton Competition;Oreca;GF;87.821;89.001;63.964;
88;2;45;2:08.007;0;;36.154;0;59.378;0;32.475;0;197.0;2:17:02.137;15:17:09.803;0:36.154;0:59.378;0:32.475;299.3;Horst Felix FELBERMAYR;;LMP2 Pro/Am;;Proton Competition;Oreca;GF;36.154;59.378;32.475;
88;2;46;2:05.766;0;;35.556;0;57.970;0;32.240;0;200.5;2:19:07.903;15:19:15.569;0:35.556;0:57.970;0:32.240;301.0;Horst Felix FELBERMAYR;;LMP2 Pro/Am;;Proton Competition;Oreca;GF;35.556;57.970;32.240;
88;2;47;2:06.906;0;;35.414;1;57.966;0;33.526;0;198.7;2:21:14.809;15:21:22.475;0:35.414;0:57.966;0:33.526;302.7;Horst Felix FELBERMAYR;;LMP2 Pro/Am;;Proton Competition;Oreca;GF;35.414;57.966;33.526;
88;2;48;2:39.073;0;;36.004;0;59.125;0;1:03.944;0;158.5;2:23:53.882;15:24:01.548;0:36.004;0:59.125;1:03.944;301.0;Horst Felix FELBERMAYR;;LMP2 Pro/Am;;Proton Competition;Oreca;GF;36.004;59.125;63.944;
88;2;49;2:19.809;0;B;38.231;0;1:00.423;0;41.155;0;180.3;2:26:13.691;15:26:21.357;0:38.231;1:00.423;0:41.155;250.8;Horst Felix FELBERMAYR;;LMP2 Pro/Am;;Proton Competition;Oreca;GF;38.231;60.423;41.155;
88;3;50;3:36.710;0;;2:00.025;0;1:03.329;0;33.356;0;116.3;2:29:50.401;15:29:58.067;2:00.025;1:03.329;0:33.356;270.9;Rene BINDER;0:01:31.885;LMP2 Pro/Am;;Proton Competition;Oreca;GF;120.025;63.329;33.356;
88;3;51;2:10.180;0;;36.541;0;1:00.544;0;33.095;0;193.7;2:32:00.581;15:32:08.247;0:36.541;1:00.544;0:33.095;292.9;Rene BINDER;;LMP2 Pro/Am;;Proton Competition;Oreca;GF;36.541;60.544;33.095;
88;3;52;2:08.535;0;;36.044;0;1:00.155;0;32.336;0;196.2;2:34:09.116;15:34:16.782;0:36.044;1:00.155;0:32.336;296.9;Rene BINDER;;LMP2 Pro/Am;;Proton Competition;Oreca;GF;36.044;60.155;32.336;
88;3;53;2:06.115;0;;35.788;0;58.181;0;32.146;0;199.9;2:36:15.231;15:36:22.897;0:35.788;0:58.181;0:32.146;299.3;Rene BINDER;;LMP2 Pro/Am;;Proton Competition;Oreca;GF;35.788;58.181;32.146;
88;3;54;2:05.388;0;;35.602;0;57.606;1;32.180;0;201.1;2:38:20.619;15:38:28.285;0:35.602;0:57.606;0:32.180;300.2;Rene BINDER;;LMP2 Pro/Am;;Proton Competition;Oreca;GF;35.602;57.606;32.180;
88;3;55;2:05.737;0;;35.732;0;57.932;0;32.073;0;200.5;2:40:26.356;15:40:34.022;0:35.732;0:57.932;0:32.073;300.2;Rene BINDER;;LMP2 Pro/Am;;Proton Competition;Oreca;GF;35.732;57.932;32.073;
88;3;56;2:05.152;0;;35.364;0;57.742;0;32.046;0;201.5;2:42:31.508;15:42:39.174;0:35.364;0:57.742;0:32.046;301.0;Rene BINDER;;LMP2 Pro/Am;;Proton Competition;Oreca;GF;35.364;57.742;32.046;
88;3;57;2:07.601;0;;35.616;0;58.846;0;33.139;0;197.6;2:44:39.109;15:44:46.775;0:35.616;0:58.846;0:33.139;303.5;Rene BINDER;;LMP2 Pro/Am;;Proton Competition;Oreca;GF;35.616;58.846;33.139;
88;3;58;2:06.116;0;;35.507;0;58.622;0;31.987;2;199.9;2:46:45.225;15:46:52.891;0:35.507;0:58.622;0:31.987;301.8;Rene BINDER;;LMP2 Pro/Am;;Proton Competition;Oreca;GF;35.507;58.622;31.987;
88;3;59;2:05.236;0;;35.612;0;57.635;0;31.989;0;201.3;2:48:50.461;15:48:58.127;0:35.612;0:57.635;0:31.989;301.0;Rene BINDER;;LMP2 Pro/Am;;Proton Competition;Oreca;GF;35.612;57.635;31.989;
88;3;60;2:06.165;0;;35.344;2;58.460;0;32.361;0;199.9;2:50:56.626;15:51:04.292;0:35.344;0:58.460;0:32.361;301.8;Rene BINDER;;LMP2 Pro/Am;;Proton Competition;Oreca;GF;35.344;58.460;32.361;
88;3;61;2:08.196;0;;36.764;0;58.835;0;32.597;0;196.7;2:53:04.822;15:53:12.488;0:36.764;0:58.835;0:32.597;295.3;Rene BINDER;;LMP2 Pro/Am;;Proton Competition;Oreca;GF;36.764;58.835;32.597;
88;3;62;2:06.073;0;;35.397;0;58.243;0;32.433;0;200.0;2:55:10.895;15:55:18.561;0:35.397;0:58.243;0:32.433;301.0;Rene BINDER;;LMP2 Pro/Am;;Proton Competition;Oreca;GF;35.397;58.243;32.433;
88;3;63;2:05.515;0;;35.548;0;57.971;0;31.996;0;200.9;2:57:16.410;15:57:24.076;0:35.548;0:57.971;0:31.996;300.2;Rene BINDER;;LMP2 Pro/Am;;Proton Competition;Oreca;GF;35.548;57.971;31.996;
88;3;64;2:08.212;0;;35.895;0;59.029;0;33.288;0;196.7;2:59:24.622;15:59:32.288;0:35.895;0:59.029;0:33.288;301.8;Rene BINDER;;LMP2 Pro/Am;;Proton Competition;Oreca;GF;35.895;59.029;33.288;
88;3;65;2:08.075;0;;35.386;0;59.277;0;33.412;0;196.9;3:01:32.697;16:01:40.363;0:35.386;0:59.277;0:33.412;303.5;Rene BINDER;;LMP2 Pro/Am;;Proton Competition;Oreca;GF;35.386;59.277;33.412;
88;3;66;2:09.648;0;;35.812;0;1:00.833;0;33.003;0;194.5;3:03:42.345;16:03:50.011;0:35.812;1:00.833;0:33.003;299.3;Rene BINDER;;LMP2 Pro/Am;;Proton Competition;Oreca;GF;35.812;60.833;33.003;
88;3;67;2:10.424;0;;35.930;0;1:01.577;0;32.917;0;193.3;3:05:52.769;16:06:00.435;0:35.930;1:01.577;0:32.917;301.0;Rene BINDER;;LMP2 Pro/Am;;Proton Competition;Oreca;GF;35.930;61.577;32.917;
88;3;68;2:13.117;0;B;35.606;0;59.288;0;38.223;0;189.4;3:08:05.886;16:08:13.552;0:35.606;0:59.288;0:38.223;299.3;Rene BINDER;;LMP2 Pro/Am;;Proton Competition;Oreca;GF;35.606;59.288;38.223;
88;3;69;3:09.519;0;;1:36.471;0;1:00.426;0;32.622;0;133.0;3:11:15.405;16:11:23.071;1:36.471;1:00.426;0:32.622;295.3;Rene BINDER;0:01:11.200;LMP2 Pro/Am;;Proton Competition;Oreca;GF;96.471;60.426;32.622;
88;3;70;2:08.713;0;;36.345;0;1:00.046;0;32.322;0;195.9;3:13:24.118;16:13:31.784;0:36.345;1:00.046;0:32.322;296.1;Rene BINDER;;LMP2 Pro/Am;;Proton Competition;Oreca;GF;36.345;60.046;32.322;
88;3;71;2:07.979;0;;35.731;0;59.892;0;32.356;0;197.0;3:15:32.097;16:15:39.763;0:35.731;0:59.892;0:32.356;300.2;Rene BINDER;;LMP2 Pro/Am;;Proton Competition;Oreca;GF;35.731;59.892;32.356;
88;3;72;2:07.740;0;;35.600;0;59.299;0;32.841;0;197.4;3:17:39.837;16:17:47.503;0:35.600;0:59.299;0:32.841;301.8;Rene BINDER;;LMP2 Pro/Am;;Proton Competition;Oreca;GF;35.600;59.299;32.841;
88;3;73;2:08.217;0;;35.747;0;1:00.197;0;32.273;0;196.7;3:19:48.054;16:19:55.720;0:35.747;1:00.197;0:32.273;301.0;Rene BINDER;;LMP2 Pro/Am;;Proton Competition;Oreca;GF;35.747;60.197;32.273;
88;3;74;2:07.688;0;;35.605;0;59.737;0;32.346;0;197.5;3:21:55.742;16:22:03.408;0:35.605;0:59.737;0:32.346;302.7;Rene BINDER;;LMP2 Pro/Am;;Proton Competition;Oreca;GF;35.605;59.737;32.346;
88;3;75;2:09.404;0;;35.717;0;1:00.849;0;32.838;0;194.8;3:24:05.146;16:24:12.812;0:35.717;1:00.849;0:32.838;288.2;Rene BINDER;;LMP2 Pro/Am;;Proton Competition;Oreca;GF;35.717;60.849;32.838;
88;3;76;2:10.298;0;;36.348;0;1:00.786;0;33.164;0;193.5;3:26:15.444;16:26:23.110;0:36.348;1:00.786;0:33.164;298.5;Rene BINDER;;LMP2 Pro/Am;;Proton Competition;Oreca;GF;36.348;60.786;33.164;
88;3;77;2:12.409;0;;36.403;0;1:02.822;0;33.184;0;190.4;3:28:27.853;16:28:35.519;0:36.403;1:02.822;0:33.184;301.8;Rene BINDER;;LMP2 Pro/Am;;Proton Competition;Oreca;GF;36.403;62.822;33.184;
88;3;78;2:11.006;0;;36.015;0;1:01.055;0;33.936;0;192.5;3:30:38.859;16:30:46.525;0:36.015;1:01.055;0:33.936;297.7;Rene BINDER;;LMP2 Pro/Am;;Proton Competition;Oreca;GF;36.015;61.055;33.936;
88;3;79;2:16.643;0;B;36.176;0;1:00.643;0;39.824;0;184.5;3:32:55.502;16:33:03.168;0:36.176;1:00.643;0:39.824;285.2;Rene BINDER;;LMP2 Pro/Am;;Proton Competition;Oreca;GF;36.176;60.643;39.824;
88;3;80;3:04.833;0;;1:31.457;0;1:00.329;0;33.047;0;136.4;3:36:00.335;16:36:08.001;1:31.457;1:00.329;0:33.047;291.3;Rene BINDER;0:01:05.793;LMP2 Pro/Am;;Proton Competition;Oreca;GF;91.457;60.329;33.047;
88;3;81;2:08.607;0;;35.982;0;59.780;0;32.845;0;196.1;3:38:08.942;16:38:16.608;0:35.982;0:59.780;0:32.845;295.3;Rene BINDER;;LMP2 Pro/Am;;Proton Competition;Oreca;GF;35.982;59.780;32.845;
88;3;82;2:09.351;0;;36.003;0;1:00.266;0;33.082;0;194.9;3:40:18.293;16:40:25.959;0:36.003;1:00.266;0:33.082;296.9;Rene BINDER;;LMP2 Pro/Am;;Proton Competition;Oreca;GF;36.003;60.266;33.082;
88;3;83;2:09.651;0;;36.400;0;1:00.387;0;32.864;0;194.5;3:42:27.944;16:42:35.610;0:36.400;1:00.387;0:32.864;286.7;Rene BINDER;;LMP2 Pro/Am;;Proton Competition;Oreca;GF;36.400;60.387;32.864;
88;3;84;2:08.891;0;;36.058;0;59.511;0;33.322;0;195.6;3:44:36.835;16:44:44.501;0:36.058;0:59.511;0:33.322;296.9;Rene BINDER;;LMP2 Pro/Am;;Proton Competition;Oreca;GF;36.058;59.511;33.322;
88;3;85;2:08.499;0;;36.194;0;59.780;0;32.525;0;196.2;3:46:45.334;16:46:53.000;0:36.194;0:59.780;0:32.525;298.5;Rene BINDER;;LMP2 Pro/Am;;Proton Competition;Oreca;GF;36.194;59.780;32.525;
88;3;86;2:07.122;0;;35.886;0;58.863;0;32.373;0;198.3;3:48:52.456;16:49:00.122;0:35.886;0:58.863;0:32.373;299.3;Rene BINDER;;LMP2 Pro/Am;;Proton Competition;Oreca;GF;35.886;58.863;32.373;
88;3;87;2:08.228;0;;35.848;0;59.855;0;32.525;0;196.6;3:51:00.684;16:51:08.350;0:35.848;0:59.855;0:32.525;298.5;Rene BINDER;;LMP2 Pro/Am;;Proton Competition;Oreca;GF;35.848;59.855;32.525;
88;3;88;2:09.118;0;;36.053;0;1:00.358;0;32.707;0;195.3;3:53:09.802;16:53:17.468;0:36.053;1:00.358;0:32.707;296.1;Rene BINDER;;LMP2 Pro/Am;;Proton Competition;Oreca;GF;36.053;60.358;32.707;
88;3;89;2:08.349;0;;35.747;0;59.702;0;32.900;0;196.4;3:55:18.151;16:55:25.817;0:35.747;0:59.702;0:32.900;296.9;Rene BINDER;;LMP2 Pro/Am;;Proton Competition;Oreca;GF;35.747;59.702;32.900;
88;3;90;2:09.777;0;;35.994;0;1:01.088;0;32.695;0;194.3;3:57:27.928;16:57:35.594;0:35.994;1:01.088;0:32.695;299.3;Rene BINDER;;LMP2 Pro/Am;;Proton Competition;Oreca;GF;35.994;61.088;32.695;
88;3;91;2:08.970;0;;35.984;0;59.935;0;33.051;0;195.5;3:59:36.898;16:59:44.564;0:35.984;0:59.935;0:33.051;297.7;Rene BINDER;;LMP2 Pro/Am;;Proton Competition;Oreca;GF;35.984;59.935;33.051;
88;3;92;2:08.728;0;;35.936;0;59.955;0;32.837;0;195.9;4:01:45.626;17:01:53.292;0:35.936;0:59.955;0:32.837;299.3;Rene BINDER;;LMP2 Pro/Am;;Proton Competition;Oreca;FF;35.936;59.955;32.837;
9;1;1;2:28.255;0;;39.992;0;1:01.149;0;47.114;0;167.1;2:28.255;13:02:35.921;0:39.992;1:01.149;0:47.114;288.2;Jonas RIED;;LMP2;;Proton Competition;Oreca;SF;39.992;61.149;47.114;
9;1;2;4:20.455;0;;1:20.147;0;1:51.162;0;1:09.146;0;96.8;6:48.710;13:06:56.376;1:20.147;1:51.162;1:09.146;;Jonas RIED;;LMP2;;Proton Competition;Oreca;SF;80.147;111.162;69.146;
9;1;3;4:19.103;0;;1:29.982;0;1:52.506;0;56.615;0;97.3;11:07.813;13:11:15.479;1:29.982;1:52.506;0:56.615;;Jonas RIED;;LMP2;;Proton Competition;Oreca;SF;89.982;112.506;56.615;
9;1;4;3:05.167;0;;58.833;0;1:18.623;0;47.711;0;136.2;14:12.980;13:14:20.646;0:58.833;1:18.623;0:47.711;177.9;Jonas RIED;;LMP2;;Proton Competition;Oreca;GF;58.833;78.623;47.711;
9;1;5;2:07.224;0;;36.191;0;58.913;0;32.120;0;198.2;16:20.204;13:16:27.870;0:36.191;0:58.913;0:32.120;300.2;Jonas RIED;;LMP2;;Proton Competition;Oreca;GF;36.191;58.913;32.120;
9;1;6;2:07.029;0;;35.585;0;59.444;0;32.000;0;198.5;18:27.233;13:18:34.899;0:35.585;0:59.444;0:32.000;302.7;Jonas RIED;;LMP2;;Proton Competition;Oreca;GF;35.585;59.444;32.000;
9;1;7;2:04.840;0;;35.606;0;57.317;1;31.917;0;202.0;20:32.073;13:20:39.739;0:35.606;0:57.317;0:31.917;301.0;Jonas RIED;;LMP2;;Proton Competition;Oreca;GF;35.606;57.317;31.917;
9;1;8;2:04.730;0;;35.475;0;57.356;0;31.899;0;202.1;22:36.803;13:22:44.469;0:35.475;0:57.356;0:31.899;302.7;Jonas RIED;;LMP2;;Proton Competition;Oreca;GF;35.475;57.356;31.899;
9;1;9;2:05.080;0;;35.496;0;57.679;0;31.905;0;201.6;24:41.883;13:24:49.549;0:35.496;0:57.679;0:31.905;303.5;Jonas RIED;;LMP2;;Proton Competition;Oreca;GF;35.496;57.679;31.905;
9;1;10;2:05.139;0;;35.466;0;57.828;0;31.845;1;201.5;26:47.022;13:26:54.688;0:35.466;0:57.828;0:31.845;303.5;Jonas RIED;;LMP2;;Proton Competition;Oreca;GF;35.466;57.828;31.845;
9;1;11;2:07.769;0;;37.508;0;58.350;0;31.911;0;197.3;28:54.791;13:29:02.457;0:37.508;0:58.350;0:31.911;292.9;Jonas RIED;;LMP2;;Proton Competition;Oreca;GF;37.508;58.350;31.911;
9;1;12;2:09.987;0;;36.086;0;1:01.368;0;32.533;0;194.0;31:04.778;13:31:12.444;0:36.086;1:01.368;0:32.533;273.6;Jonas RIED;;LMP2;;Proton Competition;Oreca;GF;36.086;61.368;32.533;
9;1;13;2:07.362;0;;35.509;0;59.485;0;32.368;0;198.0;33:12.140;13:33:19.806;0:35.509;0:59.485;0:32.368;301.8;Jonas RIED;;LMP2;;Proton Competition;Oreca;GF;35.509;59.485;32.368;
9;1;14;2:06.558;0;;35.400;1;58.544;0;32.614;0;199.2;35:18.698;13:35:26.364;0:35.400;0:58.544;0:32.614;305.2;Jonas RIED;;LMP2;;Proton Competition;Oreca;GF;35.400;58.544;32.614;
9;1;15;2:14.269;0;B;35.426;0;58.561;0;40.282;0;187.8;37:32.967;13:37:40.633;0:35.426;0:58.561;0:40.282;304.4;Jonas RIED;;LMP2;;Proton Competition;Oreca;GF;35.426;58.561;40.282;
9;1;16;3:26.636;0;;1:32.261;0;1:00.958;0;53.417;0;122.0;40:59.603;13:41:07.269;1:32.261;1:00.958;0:53.417;300.2;Jonas RIED;0:01:06.951;LMP2;;Proton Competition;Oreca;GF;92.261;60.958;53.417;
9;1;17;5:23.820;0;B;1:42.947;0;2:09.469;0;1:31.404;0;77.9;46:23.423;13:46:31.089;1:42.947;2:09.469;1:31.404;;Jonas RIED;;LMP2;;Proton Competition;Oreca;GF;102.947;129.469;91.404;
9;1;18;5:50.036;0;;2:04.324;0;2:16.836;0;1:28.876;0;72.0;52:13.459;13:52:21.125;2:04.324;2:16.836;1:28.876;;Jonas RIED;0:00:42.814;LMP2;;Proton Competition;Oreca;SF;124.324;136.836;88.876;
9;1;19;2:22.489;0;;41.039;0;1:05.446;0;36.004;0;177.0;54:35.948;13:54:43.614;0:41.039;1:05.446;0:36.004;204.5;Jonas RIED;;LMP2;;Proton Competition;Oreca;SF;41.039;65.446;36.004;
9;1;20;4:32.815;0;;1:14.437;0;1:43.714;0;1:34.664;0;92.4;59:08.763;13:59:16.429;1:14.437;1:43.714;1:34.664;146.8;Jonas RIED;;LMP2;;Proton Competition;Oreca;SF;74.437;103.714;94.664;
9;1;21;4:15.880;0;;1:22.929;0;1:39.682;0;1:13.269;0;98.5;1:03:24.643;14:03:32.309;1:22.929;1:39.682;1:13.269;;Jonas RIED;;LMP2;;Proton Competition;Oreca;SF;82.929;99.682;73.269;
9;1;22;2:48.048;0;;47.232;0;1:11.068;0;49.748;0;150.0;1:06:12.691;14:06:20.357;0:47.232;1:11.068;0:49.748;152.6;Jonas RIED;;LMP2;;Proton Competition;Oreca;GF;47.232;71.068;49.748;
9;1;23;2:24.427;0;;37.529;0;1:02.471;0;44.427;0;174.6;1:08:37.118;14:08:44.784;0:37.529;1:02.471;0:44.427;292.1;Jonas RIED;;LMP2;;Proton Competition;Oreca;SF;37.529;62.471;44.427;
9;1;24;4:17.263;0;;1:09.762;0;1:55.850;0;1:11.651;0;98.0;1:12:54.381;14:13:02.047;1:09.762;1:55.850;1:11.651;146.4;Jonas RIED;;LMP2;;Proton Competition;Oreca;SF;69.762;115.850;71.651;
9;1;25;2:50.620;0;;45.891;0;1:10.452;0;54.277;0;147.8;1:15:45.001;14:15:52.667;0:45.891;1:10.452;0:54.277;204.8;Jonas RIED;;LMP2;;Proton Competition;Oreca;GF;45.891;70.452;54.277;
9;1;26;2:13.581;0;;37.305;0;1:02.110;0;34.166;0;188.8;1:17:58.582;14:18:06.248;0:37.305;1:02.110;0:34.166;275.0;Jonas RIED;;LMP2;;Proton Competition;Oreca;GF;37.305;62.110;34.166;
9;1;27;3:40.162;0;;36.022;0;1:36.723;0;1:27.417;0;114.5;1:21:38.744;14:21:46.410;0:36.022;1:36.723;1:27.417;256.8;Jonas RIED;;LMP2;;Proton Competition;Oreca;SF;36.022;96.723;87.417;
9;1;28;3:35.975;0;;1:23.435;0;1:28.385;0;44.155;0;116.7;1:25:14.719;14:25:22.385;1:23.435;1:28.385;0:44.155;;Jonas RIED;;LMP2;;Proton Competition;Oreca;SF;83.435;88.385;44.155;
9;1;29;2:58.384;0;;47.355;0;1:22.110;0;48.919;0;141.3;1:28:13.103;14:28:20.769;0:47.355;1:22.110;0:48.919;146.0;Jonas RIED;;LMP2;;Proton Competition;Oreca;GF;47.355;82.110;48.919;
9;1;30;2:15.177;0;;35.914;0;1:00.406;0;38.857;0;186.5;1:30:28.280;14:30:35.946;0:35.914;1:00.406;0:38.857;301.0;Jonas RIED;;LMP2;;Proton Competition;Oreca;SF;35.914;60.406;38.857;
9;1;31;4:12.078;0;;1:24.548;0;1:44.845;0;1:02.685;0;100.0;1:34:40.358;14:34:48.024;1:24.548;1:44.845;1:02.685;;Jonas RIED;;LMP2;;Proton Competition;Oreca;SF;84.548;104.845;62.685;
9;1;32;4:00.658;0;;1:11.762;0;1:40.158;0;1:08.738;0;104.8;1:38:41.016;14:38:48.682;1:11.762;1:40.158;1:08.738;144.9;Jonas RIED;;LMP2;;Proton Competition;Oreca;SF;71.762;100.158;68.738;
9;1;33;3:50.827;0;;1:35.355;0;1:29.312;0;46.160;0;109.2;1:42:31.843;14:42:39.509;1:35.355;1:29.312;0:46.160;;Jonas RIED;;LMP2;;Proton Competition;Oreca;SF;95.355;89.312;46.160;
9;1;34;3:05.350;0;;44.049;0;1:32.480;0;48.821;0;136.0;1:45:37.193;14:45:44.859;0:44.049;1:32.480;0:48.821;202.2;Jonas RIED;;LMP2;;Proton Competition;Oreca;GF;44.049;92.480;48.821;
9;1;35;2:06.691;0;;35.983;0;58.592;0;32.116;0;199.0;1:47:43.884;14:47:51.550;0:35.983;0:58.592;0:32.116;298.5;Jonas RIED;;LMP2;;Proton Competition;Oreca;GF;35.983;58.592;32.116;
9;1;36;2:14.121;0;B;35.460;0;58.864;0;39.797;0;188.0;1:49:58.005;14:50:05.671;0:35.460;0:58.864;0:39.797;301.0;Jonas RIED;;LMP2;;Proton Competition;Oreca;GF;35.460;58.864;39.797;
9;2;37;3:22.082;0;;1:47.863;0;1:01.938;0;32.281;0;124.8;1:53:20.087;14:53:27.753;1:47.863;1:01.938;0:32.281;262.4;Sebastian PRIAULX;0:01:20.257;LMP2;;Proton Competition;Oreca;GF;107.863;61.938;32.281;
9;2;38;2:06.526;0;;35.718;0;58.382;0;32.426;0;199.3;1:55:26.613;14:55:34.279;0:35.718;0:58.382;0:32.426;299.3;Sebastian PRIAULX;;LMP2;;Proton Competition;Oreca;GF;35.718;58.382;32.426;
9;2;39;2:05.678;0;;35.563;0;57.795;0;32.320;0;200.6;1:57:32.291;14:57:39.957;0:35.563;0:57.795;0:32.320;300.2;Sebastian PRIAULX;;LMP2;;Proton Competition;Oreca;GF;35.563;57.795;32.320;
9;2;40;2:05.230;0;;35.716;0;57.375;0;32.139;0;201.3;1:59:37.521;14:59:45.187;0:35.716;0:57.375;0:32.139;301.0;Sebastian PRIAULX;;LMP2;;Proton Competition;Oreca;SF;35.716;57.375;32.139;
9;2;41;3:07.823;0;;47.190;0;1:27.329;0;53.304;0;134.2;2:02:45.344;15:02:53.010;0:47.190;1:27.329;0:53.304;173.9;Sebastian PRIAULX;;LMP2;;Proton Competition;Oreca;SF;47.190;87.329;53.304;
9;2;42;3:57.688;0;;57.450;0;1:41.833;0;1:18.405;0;106.1;2:06:43.032;15:06:50.698;0:57.450;1:41.833;1:18.405;173.9;Sebastian PRIAULX;;LMP2;;Proton Competition;Oreca;SF;57.450;101.833;78.405;
9;2;43;4:22.375;0;;1:17.246;0;1:41.353;0;1:23.776;0;96.1;2:11:05.407;15:11:13.073;1:17.246;1:41.353;1:23.776;;Sebastian PRIAULX;;LMP2;;Proton Competition;Oreca;SF;77.246;101.353;83.776;
9;2;44;3:55.776;0;;1:28.635;0;1:24.376;0;1:02.765;0;106.9;2:15:01.183;15:15:08.849;1:28.635;1:24.376;1:02.765;136.5;Sebastian PRIAULX;;LMP2;;Proton Competition;Oreca;GF;88.635;84.376;62.765;
9;2;45;2:09.329;0;;36.387;0;1:00.784;0;32.158;0;195.0;2:17:10.512;15:17:18.178;0:36.387;1:00.784;0:32.158;290.5;Sebastian PRIAULX;;LMP2;;Proton Competition;Oreca;GF;36.387;60.784;32.158;
9;2;46;2:05.012;0;;35.564;0;57.560;0;31.888;0;201.7;2:19:15.524;15:19:23.190;0:35.564;0:57.560;0:31.888;301.8;Sebastian PRIAULX;;LMP2;;Proton Competition;Oreca;GF;35.564;57.560;31.888;
9;2;47;2:07.355;0;;35.418;0;59.300;0;32.637;0;198.0;2:21:22.879;15:21:30.545;0:35.418;0:59.300;0:32.637;304.4;Sebastian PRIAULX;;LMP2;;Proton Competition;Oreca;GF;35.418;59.300;32.637;
9;2;48;2:07.528;0;;35.356;0;58.963;0;33.209;0;197.7;2:23:30.407;15:23:38.073;0:35.356;0:58.963;0:33.209;292.1;Sebastian PRIAULX;;LMP2;;Proton Competition;Oreca;GF;35.356;58.963;33.209;
9;2;49;2:05.011;0;;35.439;0;57.865;0;31.707;2;201.7;2:25:35.418;15:25:43.084;0:35.439;0:57.865;0:31.707;301.0;Sebastian PRIAULX;;LMP2;;Proton Competition;Oreca;GF;35.439;57.865;31.707;
9;2;50;2:04.084;2;;35.375;0;56.839;2;31.870;0;203.2;2:27:39.502;15:27:47.168;0:35.375;0:56.839;0:31.870;301.0;Sebastian PRIAULX;;LMP2;;Proton Competition;Oreca;GF;35.375;56.839;31.870;
9;2;51;2:04.932;0;;35.262;2;57.832;0;31.838;0;201.8;2:29:44.434;15:29:52.100;0:35.262;0:57.832;0:31.838;302.7;Sebastian PRIAULX;;LMP2;;Proton Competition;Oreca;GF;35.262;57.832;31.838;
9;2;52;2:06.644;0;;35.395;0;58.305;0;32.944;0;199.1;2:31:51.078;15:31:58.744;0:35.395;0:58.305;0:32.944;302.7;Sebastian PRIAULX;;LMP2;;Proton Competition;Oreca;GF;35.395;58.305;32.944;
9;2;53;2:04.804;0;;35.388;0;57.602;0;31.814;0;202.0;2:33:55.882;15:34:03.548;0:35.388;0:57.602;0:31.814;302.7;Sebastian PRIAULX;;LMP2;;Proton Competition;Oreca;GF;35.388;57.602;31.814;
9;2;54;2:04.271;0;;35.351;0;57.171;0;31.749;0;202.9;2:36:00.153;15:36:07.819;0:35.351;0:57.171;0:31.749;301.8;Sebastian PRIAULX;;LMP2;;Proton Competition;Oreca;GF;35.351;57.171;31.749;
9;2;55;2:05.816;0;;35.395;0;58.531;0;31.890;0;200.4;2:38:05.969;15:38:13.635;0:35.395;0:58.531;0:31.890;296.9;Sebastian PRIAULX;;LMP2;;Proton Competition;Oreca;GF;35.395;58.531;31.890;
9;2;56;2:11.744;0;B;35.358;0;57.527;0;38.859;0;191.4;2:40:17.713;15:40:25.379;0:35.358;0:57.527;0:38.859;303.5;Sebastian PRIAULX;;LMP2;;Proton Competition;Oreca;GF;35.358;57.527;38.859;
9;2;57;2:53.085;0;;1:22.472;0;58.656;0;31.957;0;145.7;2:43:10.798;15:43:18.464;1:22.472;0:58.656;0:31.957;300.2;Sebastian PRIAULX;0:00:57.793;LMP2;;Proton Competition;Oreca;GF;82.472;58.656;31.957;
9;2;58;2:07.362;0;;35.377;0;59.292;0;32.693;0;198.0;2:45:18.160;15:45:25.826;0:35.377;0:59.292;0:32.693;304.4;Sebastian PRIAULX;;LMP2;;Proton Competition;Oreca;GF;35.377;59.292;32.693;
9;2;59;2:05.440;0;;35.380;0;58.076;0;31.984;0;201.0;2:47:23.600;15:47:31.266;0:35.380;0:58.076;0:31.984;302.7;Sebastian PRIAULX;;LMP2;;Proton Competition;Oreca;GF;35.380;58.076;31.984;
9;2;60;2:06.762;0;;35.522;0;58.223;0;33.017;0;198.9;2:49:30.362;15:49:38.028;0:35.522;0:58.223;0:33.017;301.0;Sebastian PRIAULX;;LMP2;;Proton Competition;Oreca;GF;35.522;58.223;33.017;
9;2;61;2:07.637;0;;35.734;0;59.825;0;32.078;0;197.5;2:51:37.999;15:51:45.665;0:35.734;0:59.825;0:32.078;301.0;Sebastian PRIAULX;;LMP2;;Proton Competition;Oreca;GF;35.734;59.825;32.078;
9;2;62;2:13.687;0;B;35.504;0;59.146;0;39.037;0;188.6;2:53:51.686;15:53:59.352;0:35.504;0:59.146;0:39.037;302.7;Sebastian PRIAULX;;LMP2;;Proton Competition;Oreca;GF;35.504;59.146;39.037;
9;3;63;3:18.047;0;;1:42.368;0;1:03.014;0;32.665;0;127.3;2:57:09.733;15:57:17.399;1:42.368;1:03.014;0:32.665;265.6;Mike ROCKENFELLER;0:01:14.294;LMP2;;Proton Competition;Oreca;GF;102.368;63.014;32.665;
9;3;64;2:07.920;0;;35.765;0;59.368;0;32.787;0;197.1;2:59:17.653;15:59:25.319;0:35.765;0:59.368;0:32.787;292.1;Mike ROCKENFELLER;;LMP2;;Proton Competition;Oreca;GF;35.765;59.368;32.787;
9;3;65;2:09.739;0;;36.878;0;59.647;0;33.214;0;194.3;3:01:27.392;16:01:35.058;0:36.878;0:59.647;0:33.214;296.9;Mike ROCKENFELLER;;LMP2;;Proton Competition;Oreca;GF;36.878;59.647;33.214;
9;3;66;2:06.575;0;;35.511;0;58.309;0;32.755;0;199.2;3:03:33.967;16:03:41.633;0:35.511;0:58.309;0:32.755;300.2;Mike ROCKENFELLER;;LMP2;;Proton Competition;Oreca;GF;35.511;58.309;32.755;
9;3;67;2:08.089;0;;37.485;0;58.438;0;32.166;0;196.8;3:05:42.056;16:05:49.722;0:37.485;0:58.438;0:32.166;281.5;Mike ROCKENFELLER;;LMP2;;Proton Competition;Oreca;GF;37.485;58.438;32.166;
9;3;68;2:04.492;0;;35.448;0;57.276;1;31.768;0;202.5;3:07:46.548;16:07:54.214;0:35.448;0:57.276;0:31.768;300.2;Mike ROCKENFELLER;;LMP2;;Proton Competition;Oreca;GF;35.448;57.276;31.768;
9;3;69;2:04.752;0;;35.436;0;57.499;0;31.817;0;202.1;3:09:51.300;16:09:58.966;0:35.436;0:57.499;0:31.817;300.2;Mike ROCKENFELLER;;LMP2;;Proton Competition;Oreca;GF;35.436;57.499;31.817;
9;3;70;2:07.151;0;;36.345;0;58.613;0;32.193;0;198.3;3:11:58.451;16:12:06.117;0:36.345;0:58.613;0:32.193;298.5;Mike ROCKENFELLER;;LMP2;;Proton Competition;Oreca;GF;36.345;58.613;32.193;
9;3;71;2:05.607;0;;35.370;1;58.174;0;32.063;0;200.7;3:14:04.058;16:14:11.724;0:35.370;0:58.174;0:32.063;280.7;Mike ROCKENFELLER;;LMP2;;Proton Competition;Oreca;GF;35.370;58.174;32.063;
9;3;72;2:06.603;0;;36.109;0;58.398;0;32.096;0;199.2;3:16:10.661;16:16:18.327;0:36.109;0:58.398;0:32.096;297.7;Mike ROCKENFELLER;;LMP2;;Proton Competition;Oreca;GF;36.109;58.398;32.096;
9;3;73;2:06.660;0;;35.375;0;59.204;0;32.081;0;199.1;3:18:17.321;16:18:24.987;0:35.375;0:59.204;0:32.081;303.5;Mike ROCKENFELLER;;LMP2;;Proton Competition;Oreca;GF;35.375;59.204;32.081;
9;3;74;2:05.067;0;;35.389;0;57.696;0;31.982;1;201.6;3:20:22.388;16:20:30.054;0:35.389;0:57.696;0:31.982;301.0;Mike ROCKENFELLER;;LMP2;;Proton Competition;Oreca;GF;35.389;57.696;31.982;
9;3;75;2:05.747;0;;35.387;0;58.235;0;32.125;0;200.5;3:22:28.135;16:22:35.801;0:35.387;0:58.235;0:32.125;302.7;Mike ROCKENFELLER;;LMP2;;Proton Competition;Oreca;GF;35.387;58.235;32.125;
9;3;76;2:05.488;0;;35.454;0;57.962;0;32.072;0;200.9;3:24:33.623;16:24:41.289;0:35.454;0:57.962;0:32.072;301.0;Mike ROCKENFELLER;;LMP2;;Proton Competition;Oreca;GF;35.454;57.962;32.072;
9;3;77;2:05.323;0;;35.387;0;57.936;0;32.000;0;201.2;3:26:38.946;16:26:46.612;0:35.387;0:57.936;0:32.000;302.7;Mike ROCKENFELLER;;LMP2;;Proton Competition;Oreca;GF;35.387;57.936;32.000;
9;3;78;2:05.476;0;;35.375;0;57.948;0;32.153;0;200.9;3:28:44.422;16:28:52.088;0:35.375;0:57.948;0:32.153;301.8;Mike ROCKENFELLER;;LMP2;;Proton Competition;Oreca;GF;35.375;57.948;32.153;
9;3;79;2:07.372;0;;35.442;0;58.917;0;33.013;0;198.0;3:30:51.794;16:30:59.460;0:35.442;0:58.917;0:33.013;301.0;Mike ROCKENFELLER;;LMP2;;Proton Competition;Oreca;GF;35.442;58.917;33.013;
9;3;80;2:16.135;0;B;35.483;0;1:01.075;0;39.577;0;185.2;3:33:07.929;16:33:15.595;0:35.483;1:01.075;0:39.577;303.5;Mike ROCKENFELLER;;LMP2;;Proton Competition;Oreca;GF;35.483;61.075;39.577;
9;3;81;2:59.147;0;;1:27.508;0;59.196;0;32.443;0;140.7;3:36:07.076;16:36:14.742;1:27.508;0:59.196;0:32.443;298.5;Mike ROCKENFELLER;0:01:02.463;LMP2;;Proton Competition;Oreca;GF;87.508;59.196;32.443;
9;3;82;2:07.335;0;;35.661;0;59.378;0;32.296;0;198.0;3:38:14.411;16:38:22.077;0:35.661;0:59.378;0:32.296;301.0;Mike ROCKENFELLER;;LMP2;;Proton Competition;Oreca;GF;35.661;59.378;32.296;
9;3;83;2:07.131;0;;35.655;0;58.845;0;32.631;0;198.3;3:40:21.542;16:40:29.208;0:35.655;0:58.845;0:32.631;299.3;Mike ROCKENFELLER;;LMP2;;Proton Competition;Oreca;GF;35.655;58.845;32.631;
9;3;84;2:08.137;0;;35.553;0;1:00.375;0;32.209;0;196.8;3:42:29.679;16:42:37.345;0:35.553;1:00.375;0:32.209;301.8;Mike ROCKENFELLER;;LMP2;;Proton Competition;Oreca;GF;35.553;60.375;32.209;
9;3;85;2:09.086;0;;36.953;0;59.687;0;32.446;0;195.3;3:44:38.765;16:44:46.431;0:36.953;0:59.687;0:32.446;296.1;Mike ROCKENFELLER;;LMP2;;Proton Competition;Oreca;GF;36.953;59.687;32.446;
9;3;86;2:07.604;0;;35.744;0;59.581;0;32.279;0;197.6;3:46:46.369;16:46:54.035;0:35.744;0:59.581;0:32.279;302.7;Mike ROCKENFELLER;;LMP2;;Proton Competition;Oreca;GF;35.744;59.581;32.279;
9;3;87;2:07.295;0;;35.708;0;59.035;0;32.552;0;198.1;3:48:53.664;16:49:01.330;0:35.708;0:59.035;0:32.552;302.7;Mike ROCKENFELLER;;LMP2;;Proton Competition;Oreca;GF;35.708;59.035;32.552;
9;3;88;2:07.482;0;;35.668;0;59.396;0;32.418;0;197.8;3:51:01.146;16:51:08.812;0:35.668;0:59.396;0:32.418;301.0;Mike ROCKENFELLER;;LMP2;;Proton Competition;Oreca;GF;35.668;59.396;32.418;
9;3;89;2:11.343;0;;36.907;0;1:01.828;0;32.608;0;192.0;3:53:12.489;16:53:20.155;0:36.907;1:01.828;0:32.608;293.7;Mike ROCKENFELLER;;LMP2;;Proton Competition;Oreca;GF;36.907;61.828;32.608;
9;3;90;2:06.816;0;;35.529;0;58.878;0;32.409;0;198.8;3:55:19.305;16:55:26.971;0:35.529;0:58.878;0:32.409;301.0;Mike ROCKENFELLER;;LMP2;;Proton Competition;Oreca;GF;35.529;58.878;32.409;
9;3;91;2:07.400;0;;35.425;0;59.768;0;32.207;0;197.9;3:57:26.705;16:57:34.371;0:35.425;0:59.768;0:32.207;304.4;Mike ROCKENFELLER;;LMP2;;Proton Competition;Oreca;GF;35.425;59.768;32.207;
9;3;92;2:09.078;0;;35.590;0;1:00.419;0;33.069;0;195.3;3:59:35.783;16:59:43.449;0:35.590;1:00.419;0:33.069;301.8;Mike ROCKENFELLER;;LMP2;;Proton Competition;Oreca;GF;35.590;60.419;33.069;
9;3;93;2:06.703;0;;35.567;0;58.948;0;32.188;0;199.0;4:01:42.486;17:01:50.152;0:35.567;0:58.948;0:32.188;301.8;Mike ROCKENFELLER;;LMP2;;Proton Competition;Oreca;FF;35.567;58.948;32.188;
99;1;1;2:32.961;0;;41.156;0;1:03.213;0;48.592;0;162.0;2:32.961;13:02:40.627;0:41.156;1:03.213;0:48.592;248.5;PJ HYETT;;LMP2 Pro/Am;;AO by TF;Oreca;SF;41.156;63.213;48.592;
99;1;2;4:20.323;0;;1:21.051;0;1:50.565;0;1:08.707;0;96.9;6:53.284;13:07:00.950;1:21.051;1:50.565;1:08.707;;PJ HYETT;;LMP2 Pro/Am;;AO by TF;Oreca;SF;81.051;110.565;68.707;
99;1;3;4:20.554;0;;1:31.433;0;1:51.890;0;57.231;0;96.8;11:13.838;13:11:21.504;1:31.433;1:51.890;0:57.231;;PJ HYETT;;LMP2 Pro/Am;;AO by TF;Oreca;SF;91.433;111.890;57.231;
99;1;4;3:03.524;0;;59.878;0;1:15.004;0;48.642;0;137.4;14:17.362;13:14:25.028;0:59.878;1:15.004;0:48.642;177.6;PJ HYETT;;LMP2 Pro/Am;;AO by TF;Oreca;GF;59.878;75.004;48.642;
99;1;5;2:08.050;0;;36.456;0;59.062;0;32.532;0;196.9;16:25.412;13:16:33.078;0:36.456;0:59.062;0:32.532;285.9;PJ HYETT;;LMP2 Pro/Am;;AO by TF;Oreca;GF;36.456;59.062;32.532;
99;1;6;2:07.460;0;;35.750;0;59.445;0;32.265;0;197.8;18:32.872;13:18:40.538;0:35.750;0:59.445;0:32.265;303.5;PJ HYETT;;LMP2 Pro/Am;;AO by TF;Oreca;GF;35.750;59.445;32.265;
99;1;7;2:07.379;0;;35.716;0;58.907;0;32.756;0;197.9;20:40.251;13:20:47.917;0:35.716;0:58.907;0:32.756;301.8;PJ HYETT;;LMP2 Pro/Am;;AO by TF;Oreca;GF;35.716;58.907;32.756;
99;1;8;2:09.116;0;;36.027;0;1:00.179;0;32.910;0;195.3;22:49.367;13:22:57.033;0:36.027;1:00.179;0:32.910;298.5;PJ HYETT;;LMP2 Pro/Am;;AO by TF;Oreca;GF;36.027;60.179;32.910;
99;1;9;2:05.833;0;;35.922;0;57.907;1;32.004;0;200.4;24:55.200;13:25:02.866;0:35.922;0:57.907;0:32.004;299.3;PJ HYETT;;LMP2 Pro/Am;;AO by TF;Oreca;GF;35.922;57.907;32.004;
99;1;10;2:05.644;0;;35.649;0;58.090;0;31.905;1;200.7;27:00.844;13:27:08.510;0:35.649;0:58.090;0:31.905;297.7;PJ HYETT;;LMP2 Pro/Am;;AO by TF;Oreca;GF;35.649;58.090;31.905;
99;1;11;2:06.654;0;;35.625;0;58.019;0;33.010;0;199.1;29:07.498;13:29:15.164;0:35.625;0:58.019;0:33.010;298.5;PJ HYETT;;LMP2 Pro/Am;;AO by TF;Oreca;GF;35.625;58.019;33.010;
99;1;12;2:08.327;0;;36.643;0;58.808;0;32.876;0;196.5;31:15.825;13:31:23.491;0:36.643;0:58.808;0:32.876;292.1;PJ HYETT;;LMP2 Pro/Am;;AO by TF;Oreca;GF;36.643;58.808;32.876;
99;1;13;2:11.481;0;;36.247;0;1:02.402;0;32.832;0;191.8;33:27.306;13:33:34.972;0:36.247;1:02.402;0:32.832;292.1;PJ HYETT;;LMP2 Pro/Am;;AO by TF;Oreca;GF;36.247;62.402;32.832;
99;1;14;2:09.162;0;;35.651;0;1:00.778;0;32.733;0;195.2;35:36.468;13:35:44.134;0:35.651;1:00.778;0:32.733;301.0;PJ HYETT;;LMP2 Pro/Am;;AO by TF;Oreca;GF;35.651;60.778;32.733;
99;1;15;2:07.824;0;;35.600;1;59.840;0;32.384;0;197.3;37:44.292;13:37:51.958;0:35.600;0:59.840;0:32.384;300.2;PJ HYETT;;LMP2 Pro/Am;;AO by TF;Oreca;GF;35.600;59.840;32.384;
99;1;16;2:06.323;0;;35.821;0;58.296;0;32.206;0;199.6;39:50.615;13:39:58.281;0:35.821;0:58.296;0:32.206;300.2;PJ HYETT;;LMP2 Pro/Am;;AO by TF;Oreca;GF;35.821;58.296;32.206;
99;1;17;4:26.364;0;B;48.130;0;2:08.850;0;1:29.384;0;94.7;44:16.979;13:44:24.645;0:48.130;2:08.850;1:29.384;;PJ HYETT;;LMP2 Pro/Am;;AO by TF;Oreca;GF;48.130;128.850;89.384;
99;1;18;6:03.870;0;;2:27.484;0;2:10.124;0;1:26.262;0;69.3;50:20.849;13:50:28.515;2:27.484;2:10.124;1:26.262;;PJ HYETT;0:01:07.461;LMP2 Pro/Am;;AO by TF;Oreca;GF;147.484;130.124;86.262;
99;1;19;3:38.859;0;;1:35.228;0;1:13.948;0;49.683;0;115.2;53:59.708;13:54:07.374;1:35.228;1:13.948;0:49.683;146.2;PJ HYETT;;LMP2 Pro/Am;;AO by TF;Oreca;SF;95.228;73.948;49.683;
99;1;20;4:50.531;0;;1:26.812;0;1:49.630;0;1:34.089;0;86.8;58:50.239;13:58:57.905;1:26.812;1:49.630;1:34.089;;PJ HYETT;;LMP2 Pro/Am;;AO by TF;Oreca;SF;86.812;109.630;94.089;
99;1;21;4:15.459;0;;1:23.446;0;1:41.291;0;1:10.722;0;98.7;1:03:05.698;14:03:13.364;1:23.446;1:41.291;1:10.722;;PJ HYETT;;LMP2 Pro/Am;;AO by TF;Oreca;SF;83.446;101.291;70.722;
99;1;22;2:56.913;0;;48.385;0;1:18.338;0;50.190;0;142.5;1:06:02.611;14:06:10.277;0:48.385;1:18.338;0:50.190;215.4;PJ HYETT;;LMP2 Pro/Am;;AO by TF;Oreca;GF;48.385;78.338;50.190;
99;1;23;2:16.310;0;;37.528;0;59.992;0;38.790;0;185.0;1:08:18.921;14:08:26.587;0:37.528;0:59.992;0:38.790;292.1;PJ HYETT;;LMP2 Pro/Am;;AO by TF;Oreca;SF;37.528;59.992;38.790;
99;1;24;4:15.904;0;;1:11.819;0;1:55.578;0;1:08.507;0;98.5;1:12:34.825;14:12:42.491;1:11.819;1:55.578;1:08.507;;PJ HYETT;;LMP2 Pro/Am;;AO by TF;Oreca;SF;71.819;115.578;68.507;
99;1;25;3:01.593;0;;46.199;0;1:18.770;0;56.624;0;138.8;1:15:36.418;14:15:44.084;0:46.199;1:18.770;0:56.624;214.2;PJ HYETT;;LMP2 Pro/Am;;AO by TF;Oreca;GF;46.199;78.770;56.624;
99;1;26;2:14.462;0;B;35.756;0;1:00.139;0;38.567;0;187.5;1:17:50.880;14:17:58.546;0:35.756;1:00.139;0:38.567;296.9;PJ HYETT;;LMP2 Pro/Am;;AO by TF;Oreca;GF;35.756;60.139;38.567;
99;3;27;4:18.035;0;;1:38.789;0;1:10.056;0;1:29.190;0;97.7;1:22:08.915;14:22:16.581;1:38.789;1:10.056;1:29.190;227.6;Dane CAMERON;0:01:03.606;LMP2 Pro/Am;;AO by TF;Oreca;SF;98.789;70.056;89.190;
99;3;28;3:33.470;0;;1:23.108;0;1:28.936;0;41.426;0;118.1;1:25:42.385;14:25:50.051;1:23.108;1:28.936;0:41.426;;Dane CAMERON;;LMP2 Pro/Am;;AO by TF;Oreca;SF;83.108;88.936;41.426;
99;3;29;2:46.199;0;;47.947;0;1:13.237;0;45.015;0;151.7;1:28:28.584;14:28:36.250;0:47.947;1:13.237;0:45.015;198.5;Dane CAMERON;;LMP2 Pro/Am;;AO by TF;Oreca;GF;47.947;73.237;45.015;
99;3;30;2:25.434;0;;37.322;0;1:05.029;0;43.083;0;173.4;1:30:54.018;14:31:01.684;0:37.322;1:05.029;0:43.083;279.3;Dane CAMERON;;LMP2 Pro/Am;;AO by TF;Oreca;SF;37.322;65.029;43.083;
99;3;31;4:02.972;0;;1:18.336;0;1:43.895;0;1:00.741;0;103.8;1:34:56.990;14:35:04.656;1:18.336;1:43.895;1:00.741;120.4;Dane CAMERON;;LMP2 Pro/Am;;AO by TF;Oreca;SF;78.336;103.895;60.741;
99;3;32;4:01.168;0;;1:13.927;0;1:37.179;0;1:10.062;0;104.6;1:38:58.158;14:39:05.824;1:13.927;1:37.179;1:10.062;;Dane CAMERON;;LMP2 Pro/Am;;AO by TF;Oreca;SF;73.927;97.179;70.062;
99;3;33;3:52.661;0;;1:38.428;0;1:23.644;0;50.589;0;108.4;1:42:50.819;14:42:58.485;1:38.428;1:23.644;0:50.589;125.3;Dane CAMERON;;LMP2 Pro/Am;;AO by TF;Oreca;SF;98.428;83.644;50.589;
99;3;34;2:56.322;0;;47.708;0;1:23.981;0;44.633;0;143.0;1:45:47.141;14:45:54.807;0:47.708;1:23.981;0:44.633;218.0;Dane CAMERON;;LMP2 Pro/Am;;AO by TF;Oreca;GF;47.708;83.981;44.633;
99;3;35;2:09.692;0;;37.333;0;59.839;0;32.520;0;194.4;1:47:56.833;14:48:04.499;0:37.333;0:59.839;0:32.520;289.0;Dane CAMERON;;LMP2 Pro/Am;;AO by TF;Oreca;GF;37.333;59.839;32.520;
99;3;36;2:04.156;0;;35.527;0;56.773;0;31.856;0;203.1;1:50:00.989;14:50:08.655;0:35.527;0:56.773;0:31.856;301.0;Dane CAMERON;;LMP2 Pro/Am;;AO by TF;Oreca;GF;35.527;56.773;31.856;
99;3;37;2:03.426;2;;35.336;1;56.318;2;31.772;1;204.3;1:52:04.415;14:52:12.081;0:35.336;0:56.318;0:31.772;299.3;Dane CAMERON;;LMP2 Pro/Am;;AO by TF;Oreca;GF;35.336;56.318;31.772;
99;3;38;2:06.551;0;;35.421;0;57.856;0;33.274;0;199.2;1:54:10.966;14:54:18.632;0:35.421;0:57.856;0:33.274;300.2;Dane CAMERON;;LMP2 Pro/Am;;AO by TF;Oreca;GF;35.421;57.856;33.274;
99;3;39;2:04.973;0;;35.356;0;57.544;0;32.073;0;201.8;1:56:15.939;14:56:23.605;0:35.356;0:57.544;0:32.073;301.0;Dane CAMERON;;LMP2 Pro/Am;;AO by TF;Oreca;GF;35.356;57.544;32.073;
99;3;40;2:04.463;0;;35.549;0;56.904;0;32.010;0;202.6;1:58:20.402;14:58:28.068;0:35.549;0:56.904;0:32.010;292.9;Dane CAMERON;;LMP2 Pro/Am;;AO by TF;Oreca;GF;35.549;56.904;32.010;
99;3;41;2:56.583;0;;35.472;0;1:04.196;0;1:16.915;0;142.8;2:01:16.985;15:01:24.651;0:35.472;1:04.196;1:16.915;287.4;Dane CAMERON;;LMP2 Pro/Am;;AO by TF;Oreca;SF;35.472;64.196;76.915;
99;3;42;4:55.594;0;;1:33.405;0;2:08.329;0;1:13.860;0;85.3;2:06:12.579;15:06:20.245;1:33.405;2:08.329;1:13.860;;Dane CAMERON;;LMP2 Pro/Am;;AO by TF;Oreca;SF;93.405;128.329;73.860;
99;3;43;4:37.757;0;;1:22.001;0;1:43.649;0;1:32.107;0;90.8;2:10:50.336;15:10:58.002;1:22.001;1:43.649;1:32.107;;Dane CAMERON;;LMP2 Pro/Am;;AO by TF;Oreca;SF;82.001;103.649;92.107;
99;3;44;4:02.574;0;;1:28.139;0;1:30.104;0;1:04.331;0;103.9;2:14:52.910;15:15:00.576;1:28.139;1:30.104;1:04.331;138.9;Dane CAMERON;;LMP2 Pro/Am;;AO by TF;Oreca;GF;88.139;90.104;64.331;
99;3;45;2:06.237;0;;35.973;0;58.401;0;31.863;0;199.7;2:16:59.147;15:17:06.813;0:35.973;0:58.401;0:31.863;294.5;Dane CAMERON;;LMP2 Pro/Am;;AO by TF;Oreca;GF;35.973;58.401;31.863;
99;3;46;2:04.557;0;;35.377;0;57.268;0;31.912;0;202.4;2:19:03.704;15:19:11.370;0:35.377;0:57.268;0:31.912;300.2;Dane CAMERON;;LMP2 Pro/Am;;AO by TF;Oreca;GF;35.377;57.268;31.912;
99;3;47;2:07.165;0;;35.344;0;59.433;0;32.388;0;198.3;2:21:10.869;15:21:18.535;0:35.344;0:59.433;0:32.388;300.2;Dane CAMERON;;LMP2 Pro/Am;;AO by TF;Oreca;GF;35.344;59.433;32.388;
99;3;48;2:13.052;0;B;36.539;0;58.584;0;37.929;0;189.5;2:23:23.921;15:23:31.587;0:36.539;0:58.584;0:37.929;293.7;Dane CAMERON;;LMP2 Pro/Am;;AO by TF;Oreca;GF;36.539;58.584;37.929;
99;2;49;3:03.851;0;;1:32.567;0;59.332;0;31.952;0;137.1;2:26:27.772;15:26:35.438;1:32.567;0:59.332;0:31.952;282.2;Louis DELÉTRAZ;0:01:07.594;LMP2 Pro/Am;;AO by TF;Oreca;GF;92.567;59.332;31.952;
99;2;50;2:05.510;0;;35.702;0;57.944;0;31.864;0;200.9;2:28:33.282;15:28:40.948;0:35.702;0:57.944;0:31.864;297.7;Louis DELÉTRAZ;;LMP2 Pro/Am;;AO by TF;Oreca;GF;35.702;57.944;31.864;
99;2;51;2:07.038;0;;35.449;0;58.924;0;32.665;0;198.5;2:30:40.320;15:30:47.986;0:35.449;0:58.924;0:32.665;291.3;Louis DELÉTRAZ;;LMP2 Pro/Am;;AO by TF;Oreca;GF;35.449;58.924;32.665;
99;2;52;2:07.294;0;;35.600;0;59.262;0;32.432;0;198.1;2:32:47.614;15:32:55.280;0:35.600;0:59.262;0:32.432;297.7;Louis DELÉTRAZ;;LMP2 Pro/Am;;AO by TF;Oreca;GF;35.600;59.262;32.432;
99;2;53;2:05.671;0;;35.570;0;58.180;0;31.921;0;200.6;2:34:53.285;15:35:00.951;0:35.570;0:58.180;0:31.921;298.5;Louis DELÉTRAZ;;LMP2 Pro/Am;;AO by TF;Oreca;GF;35.570;58.180;31.921;
99;2;54;2:06.106;0;;35.494;0;58.566;0;32.046;0;199.9;2:36:59.391;15:37:07.057;0:35.494;0:58.566;0:32.046;301.8;Louis DELÉTRAZ;;LMP2 Pro/Am;;AO by TF;Oreca;GF;35.494;58.566;32.046;
99;2;55;2:06.257;0;;35.498;0;58.533;0;32.226;0;199.7;2:39:05.648;15:39:13.314;0:35.498;0:58.533;0:32.226;302.7;Louis DELÉTRAZ;;LMP2 Pro/Am;;AO by TF;Oreca;GF;35.498;58.533;32.226;
99;2;56;2:08.904;0;;35.592;0;1:00.093;0;33.219;0;195.6;2:41:14.552;15:41:22.218;0:35.592;1:00.093;0:33.219;301.0;Louis DELÉTRAZ;;LMP2 Pro/Am;;AO by TF;Oreca;GF;35.592;60.093;33.219;
99;2;57;2:06.245;0;;35.601;0;58.559;0;32.085;0;199.7;2:43:20.797;15:43:28.463;0:35.601;0:58.559;0:32.085;300.2;Louis DELÉTRAZ;;LMP2 Pro/Am;;AO by TF;Oreca;GF;35.601;58.559;32.085;
99;2;58;2:06.015;0;;35.492;0;58.273;0;32.250;0;200.1;2:45:26.812;15:45:34.478;0:35.492;0:58.273;0:32.250;302.7;Louis DELÉTRAZ;;LMP2 Pro/Am;;AO by TF;Oreca;GF;35.492;58.273;32.250;
99;2;59;2:07.873;0;;36.207;0;58.930;0;32.736;0;197.2;2:47:34.685;15:47:42.351;0:36.207;0:58.930;0:32.736;300.2;Louis DELÉTRAZ;;LMP2 Pro/Am;;AO by TF;Oreca;GF;36.207;58.930;32.736;
99;2;60;2:05.245;0;;35.548;0;57.641;0;32.056;0;201.3;2:49:39.930;15:49:47.596;0:35.548;0:57.641;0:32.056;296.9;Louis DELÉTRAZ;;LMP2 Pro/Am;;AO by TF;Oreca;GF;35.548;57.641;32.056;
99;2;61;2:07.003;0;;35.506;0;59.146;0;32.351;0;198.5;2:51:46.933;15:51:54.599;0:35.506;0:59.146;0:32.351;300.2;Louis DELÉTRAZ;;LMP2 Pro/Am;;AO by TF;Oreca;GF;35.506;59.146;32.351;
99;2;62;2:06.014;0;;35.771;0;58.425;0;31.818;0;200.1;2:53:52.947;15:54:00.613;0:35.771;0:58.425;0:31.818;299.3;Louis DELÉTRAZ;;LMP2 Pro/Am;;AO by TF;Oreca;GF;35.771;58.425;31.818;
99;2;63;2:05.028;0;;35.416;0;57.827;0;31.785;0;201.7;2:55:57.975;15:56:05.641;0:35.416;0:57.827;0:31.785;295.3;Louis DELÉTRAZ;;LMP2 Pro/Am;;AO by TF;Oreca;GF;35.416;57.827;31.785;
99;2;64;2:04.820;0;;35.373;0;57.659;0;31.788;0;202.0;2:58:02.795;15:58:10.461;0:35.373;0:57.659;0:31.788;297.7;Louis DELÉTRAZ;;LMP2 Pro/Am;;AO by TF;Oreca;GF;35.373;57.659;31.788;
99;2;65;2:04.979;0;;35.439;0;57.769;0;31.771;0;201.7;3:00:07.774;16:00:15.440;0:35.439;0:57.769;0:31.771;301.0;Louis DELÉTRAZ;;LMP2 Pro/Am;;AO by TF;Oreca;GF;35.439;57.769;31.771;
99;2;66;2:12.328;0;B;35.542;0;58.543;0;38.243;0;190.5;3:02:20.102;16:02:27.768;0:35.542;0:58.543;0:38.243;297.7;Louis DELÉTRAZ;;LMP2 Pro/Am;;AO by TF;Oreca;GF;35.542;58.543;38.243;
99;2;67;3:31.213;0;;1:56.568;0;1:02.559;0;32.086;0;119.4;3:05:51.315;16:05:58.981;1:56.568;1:02.559;0:32.086;277.1;Louis DELÉTRAZ;0:01:28.925;LMP2 Pro/Am;;AO by TF;Oreca;GF;116.568;62.559;32.086;
99;2;68;2:05.326;0;;35.633;0;57.880;0;31.813;0;201.2;3:07:56.641;16:08:04.307;0:35.633;0:57.880;0:31.813;296.1;Louis DELÉTRAZ;;LMP2 Pro/Am;;AO by TF;Oreca;GF;35.633;57.880;31.813;
99;2;69;2:04.262;0;;35.449;0;57.106;0;31.707;2;202.9;3:10:00.903;16:10:08.569;0:35.449;0:57.106;0:31.707;298.5;Louis DELÉTRAZ;;LMP2 Pro/Am;;AO by TF;Oreca;GF;35.449;57.106;31.707;
99;2;70;2:05.236;0;;35.417;0;56.936;1;32.883;0;201.3;3:12:06.139;16:12:13.805;0:35.417;0:56.936;0:32.883;296.9;Louis DELÉTRAZ;;LMP2 Pro/Am;;AO by TF;Oreca;GF;35.417;56.936;32.883;
99;2;71;2:06.811;0;;35.311;0;59.262;0;32.238;0;198.8;3:14:12.950;16:14:20.616;0:35.311;0:59.262;0:32.238;298.5;Louis DELÉTRAZ;;LMP2 Pro/Am;;AO by TF;Oreca;GF;35.311;59.262;32.238;
99;2;72;2:06.159;0;;35.343;0;58.844;0;31.972;0;199.9;3:16:19.109;16:16:26.775;0:35.343;0:58.844;0:31.972;301.8;Louis DELÉTRAZ;;LMP2 Pro/Am;;AO by TF;Oreca;GF;35.343;58.844;31.972;
99;2;73;2:04.923;0;;35.518;0;57.152;0;32.253;0;201.8;3:18:24.032;16:18:31.698;0:35.518;0:57.152;0:32.253;292.9;Louis DELÉTRAZ;;LMP2 Pro/Am;;AO by TF;Oreca;GF;35.518;57.152;32.253;
99;2;74;2:06.023;0;;35.216;2;58.819;0;31.988;0;200.1;3:20:30.055;16:20:37.721;0:35.216;0:58.819;0:31.988;301.0;Louis DELÉTRAZ;;LMP2 Pro/Am;;AO by TF;Oreca;GF;35.216;58.819;31.988;
99;2;75;2:04.983;0;;35.341;0;57.769;0;31.873;0;201.7;3:22:35.038;16:22:42.704;0:35.341;0:57.769;0:31.873;296.1;Louis DELÉTRAZ;;LMP2 Pro/Am;;AO by TF;Oreca;GF;35.341;57.769;31.873;
99;2;76;2:04.337;0;;35.384;0;57.170;0;31.783;0;202.8;3:24:39.375;16:24:47.041;0:35.384;0:57.170;0:31.783;286.7;Louis DELÉTRAZ;;LMP2 Pro/Am;;AO by TF;Oreca;GF;35.384;57.170;31.783;
99;2;77;2:04.404;0;;35.309;0;57.320;0;31.775;0;202.7;3:26:43.779;16:26:51.445;0:35.309;0:57.320;0:31.775;299.3;Louis DELÉTRAZ;;LMP2 Pro/Am;;AO by TF;Oreca;GF;35.309;57.320;31.775;
99;2;78;2:04.354;0;;35.404;0;57.243;0;31.707;0;202.8;3:28:48.133;16:28:55.799;0:35.404;0:57.243;0:31.707;301.8;Louis DELÉTRAZ;;LMP2 Pro/Am;;AO by TF;Oreca;GF;35.404;57.243;31.707;
99;2;79;2:05.061;0;;35.307;0;57.593;0;32.161;0;201.6;3:30:53.194;16:31:00.860;0:35.307;0:57.593;0:32.161;299.3;Louis DELÉTRAZ;;LMP2 Pro/Am;;AO by TF;Oreca;GF;35.307;57.593;32.161;
99;2;80;2:06.924;0;;35.589;0;58.948;0;32.387;0;198.7;3:33:00.118;16:33:07.784;0:35.589;0:58.948;0:32.387;301.0;Louis DELÉTRAZ;;LMP2 Pro/Am;;AO by TF;Oreca;GF;35.589;58.948;32.387;
99;2;81;2:05.448;0;;35.363;0;58.131;0;31.954;0;201.0;3:35:05.566;16:35:13.232;0:35.363;0:58.131;0:31.954;296.9;Louis DELÉTRAZ;;LMP2 Pro/Am;;AO by TF;Oreca;GF;35.363;58.131;31.954;
99;2;82;2:05.684;0;;35.286;0;58.238;0;32.160;0;200.6;3:37:11.250;16:37:18.916;0:35.286;0:58.238;0:32.160;289.0;Louis DELÉTRAZ;;LMP2 Pro/Am;;AO by TF;Oreca;GF;35.286;58.238;32.160;
99;2;83;2:06.268;0;;35.355;0;59.059;0;31.854;0;199.7;3:39:17.518;16:39:25.184;0:35.355;0:59.059;0:31.854;301.0;Louis DELÉTRAZ;;LMP2 Pro/Am;;AO by TF;Oreca;GF;35.355;59.059;31.854;
99;2;84;2:11.717;0;B;35.374;0;58.212;0;38.131;0;191.4;3:41:29.235;16:41:36.901;0:35.374;0:58.212;0:38.131;300.2;Louis DELÉTRAZ;;LMP2 Pro/Am;;AO by TF;Oreca;GF;35.374;58.212;38.131;
99;2;85;2:44.906;0;;1:13.559;0;58.880;0;32.467;0;152.9;3:44:14.141;16:44:21.807;1:13.559;0:58.880;0:32.467;301.8;Louis DELÉTRAZ;0:00:48.952;LMP2 Pro/Am;;AO by TF;Oreca;GF;73.559;58.880;32.467;
99;2;86;2:07.323;0;;36.463;0;58.799;0;32.061;0;198.0;3:46:21.464;16:46:29.130;0:36.463;0:58.799;0:32.061;294.5;Louis DELÉTRAZ;;LMP2 Pro/Am;;AO by TF;Oreca;GF;36.463;58.799;32.061;
99;2;87;2:06.118;0;;35.542;0;58.081;0;32.495;0;199.9;3:48:27.582;16:48:35.248;0:35.542;0:58.081;0:32.495;301.0;Louis DELÉTRAZ;;LMP2 Pro/Am;;AO by TF;Oreca;GF;35.542;58.081;32.495;
99;2;88;2:06.579;0;;35.594;0;58.868;0;32.117;0;199.2;3:50:34.161;16:50:41.827;0:35.594;0:58.868;0:32.117;301.0;Louis DELÉTRAZ;;LMP2 Pro/Am;;AO by TF;Oreca;GF;35.594;58.868;32.117;
99;2;89;2:05.695;0;;35.579;0;58.200;0;31.916;0;200.6;3:52:39.856;16:52:47.522;0:35.579;0:58.200;0:31.916;299.3;Louis DELÉTRAZ;;LMP2 Pro/Am;;AO by TF;Oreca;GF;35.579;58.200;31.916;
99;2;90;2:06.635;0;;35.356;0;59.332;0;31.947;0;199.1;3:54:46.491;16:54:54.157;0:35.356;0:59.332;0:31.947;302.7;Louis DELÉTRAZ;;LMP2 Pro/Am;;AO by TF;Oreca;GF;35.356;59.332;31.947;
99;2;91;2:08.376;0;;35.654;0;59.279;0;33.443;0;196.4;3:56:54.867;16:57:02.533;0:35.654;0:59.279;0:33.443;304.4;Louis DELÉTRAZ;;LMP2 Pro/Am;;AO by TF;Oreca;GF;35.654;59.279;33.443;
99;2;92;2:17.234;0;;35.452;0;1:09.359;0;32.423;0;183.7;3:59:12.101;16:59:19.767;0:35.452;1:09.359;0:32.423;306.1;Louis DELÉTRAZ;;LMP2 Pro/Am;;AO by TF;Oreca;GF;35.452;69.359;32.423;
99;2;93;2:09.274;0;;35.712;0;1:00.651;0;32.911;0;195.0;4:01:21.375;17:01:29.041;0:35.712;1:00.651;0:32.911;302.7;Louis DELÉTRAZ;;LMP2 Pro/Am;;AO by TF;Oreca;FF;35.712;60.651;32.911;
