NUMBER; DRIVER_NUMBER; LAP_NUMBER; LAP_TIME; LAP_IMPROVEMENT; CROSSING_FINISH_LINE_IN_PIT; S1; S1_IMPROVEMENT; S2; S2_IMPROVEMENT; S3; S3_IMPROVEMENT; KPH; ELAPSED; HOUR;S1_LARGE;S2_LARGE;S3_LARGE;TOP_SPEED;DRIVER_NAME;PIT_TIME;CLASS;GROUP;TEAM;MANUFACTURER;FLAG_AT_FL;S1_SECONDS;S2_SECONDS;S3_SECONDS
10;1;1;02:06.5;0;;32.084;0;54.522;0;39.872;0;128.6;02:06.5;02:07.3;00:32.1;00:54.5;00:39.9;;Ryan CULLEN;;LMP2;;Vector Sport;Oreca;SF;32.084;54.522;39.872
10;1;2;03:53.9;0;;01:09.8;0;01:29.3;0;01:14.9;0;71.7;06:00.4;06:01.2;01:09.8;01:29.3;01:14.9;123.9;Ryan CULLEN;;LMP2;;Vector Sport;Oreca;RF;69.757;89.254;74.902
10;1;3;27:05.9;0;;25:12.1;0;01:09.0;0;44.812;0;10.3;33:06.3;33:07.1;25:12.1;01:09.0;00:44.8;;Ryan CULLEN;;LMP2;;Vector Sport;Oreca;SF;1512.087;68.965;44.812
10;1;4;02:24.0;0;;50.15;0;53.64;0;40.227;0;116.4;35:30.3;35:31.1;00:50.1;00:53.6;00:40.2;147.9;Ryan CULLEN;;LMP2;;Vector Sport;Oreca;GF;50.15;53.64;40.227
10;1;5;01:36.1;0;;28.675;0;39.06;0;28.325;0;174.5;37:06.3;37:07.1;00:28.7;00:39.1;00:28.3;290.3;Ryan CULLEN;;LMP2;;Vector Sport;Oreca;GF;28.675;39.06;28.325
10;1;6;01:33.7;0;;27.459;0;38.131;0;28.094;0;179;38:40.0;38:40.8;00:27.5;00:38.1;00:28.1;291.1;Ryan CULLEN;;LMP2;;Vector Sport;Oreca;GF;27.459;38.131;28.094
10;1;7;01:33.5;0;;27.48;0;38.342;0;27.649;1;179.4;40:13.5;40:14.3;00:27.5;00:38.3;00:27.6;291.9;Ryan CULLEN;;LMP2;;Vector Sport;Oreca;GF;27.48;38.342;27.649
10;1;8;01:33.1;0;;27.286;0;37.596;0;28.256;0;180;41:46.6;41:47.4;00:27.3;00:37.6;00:28.3;291.9;Ryan CULLEN;;LMP2;;Vector Sport;Oreca;GF;27.286;37.596;28.256
10;1;9;01:32.5;0;;27.097;1;37.461;1;27.955;0;181.2;43:19.1;43:19.9;00:27.1;00:37.5;00:28.0;291.9;Ryan CULLEN;;LMP2;;Vector Sport;Oreca;GF;27.097;37.461;27.955
10;1;10;01:32.8;0;;27.199;0;37.48;0;28.144;0;180.6;44:52.0;44:52.8;00:27.2;00:37.5;00:28.1;291.9;Ryan CULLEN;;LMP2;;Vector Sport;Oreca;GF;27.199;37.48;28.144
10;1;11;01:35.0;0;;27.425;0;38.402;0;29.123;0;176.6;46:26.9;46:27.7;00:27.4;00:38.4;00:29.1;292.7;Ryan CULLEN;;LMP2;;Vector Sport;Oreca;GF;27.425;38.402;29.123
10;1;12;01:37.5;0;;27.753;0;39.618;0;30.079;0;172;48:04.4;48:05.2;00:27.8;00:39.6;00:30.1;290.3;Ryan CULLEN;;LMP2;;Vector Sport;Oreca;GF;27.753;39.618;30.079
10;1;13;01:35.3;0;;27.883;0;38.489;0;28.932;0;175.9;49:39.7;49:40.5;00:27.9;00:38.5;00:28.9;290.3;Ryan CULLEN;;LMP2;;Vector Sport;Oreca;GF;27.883;38.489;28.932
10;1;14;01:33.7;0;;27.325;0;37.736;0;28.639;0;178.9;51:13.4;51:14.2;00:27.3;00:37.7;00:28.6;290.3;Ryan CULLEN;;LMP2;;Vector Sport;Oreca;GF;27.325;37.736;28.639
10;1;15;01:33.1;0;;27.182;0;37.839;0;28.11;0;180;52:46.5;52:47.3;00:27.2;00:37.8;00:28.1;291.9;Ryan CULLEN;;LMP2;;Vector Sport;Oreca;GF;27.182;37.839;28.11
10;1;16;01:33.0;0;;27.274;0;37.688;0;27.996;0;180.4;54:19.5;54:20.3;00:27.3;00:37.7;00:28.0;291.9;Ryan CULLEN;;LMP2;;Vector Sport;Oreca;GF;27.274;37.688;27.996
10;1;17;01:34.3;0;;27.504;0;37.9;0;28.936;0;177.7;55:53.8;55:54.6;00:27.5;00:37.9;00:28.9;291.1;Ryan CULLEN;;LMP2;;Vector Sport;Oreca;GF;27.504;37.9;28.936
10;1;18;01:36.9;0;;27.518;0;39.8;0;29.535;0;173.1;57:30.6;57:31.4;00:27.5;00:39.8;00:29.5;291.1;Ryan CULLEN;;LMP2;;Vector Sport;Oreca;GF;27.518;39.8;29.535
10;1;19;01:34.6;0;;27.71;0;38.079;0;28.806;0;177.2;59:05.2;59:06.0;00:27.7;00:38.1;00:28.8;291.9;Ryan CULLEN;;LMP2;;Vector Sport;Oreca;GF;27.71;38.079;28.806
10;1;20;01:34.1;0;;27.516;0;38.086;0;28.521;0;178.1;00:39.4;00:40.2;00:27.5;00:38.1;00:28.5;290.3;Ryan CULLEN;;LMP2;;Vector Sport;Oreca;GF;27.516;38.086;28.521
10;1;21;01:34.8;0;;27.402;0;39.132;0;28.223;0;176.9;02:14.1;02:14.9;00:27.4;00:39.1;00:28.2;291.9;Ryan CULLEN;;LMP2;;Vector Sport;Oreca;GF;27.402;39.132;28.223
10;1;22;01:37.0;0;;27.796;0;38.935;0;30.237;0;172.9;03:51.1;03:51.9;00:27.8;00:38.9;00:30.2;292.7;Ryan CULLEN;;LMP2;;Vector Sport;Oreca;GF;27.796;38.935;30.237
10;1;23;01:34.6;0;;27.687;0;38.29;0;28.659;0;177.2;05:25.7;05:26.5;00:27.7;00:38.3;00:28.7;291.1;Ryan CULLEN;;LMP2;;Vector Sport;Oreca;GF;27.687;38.29;28.659
10;1;24;01:35.3;0;;27.69;0;38.904;0;28.728;0;175.9;07:01.0;07:01.8;00:27.7;00:38.9;00:28.7;292.7;Ryan CULLEN;;LMP2;;Vector Sport;Oreca;GF;27.69;38.904;28.728
10;1;25;01:33.9;0;;27.528;0;38.167;0;28.243;0;178.5;08:35.0;08:35.8;00:27.5;00:38.2;00:28.2;291.9;Ryan CULLEN;;LMP2;;Vector Sport;Oreca;GF;27.528;38.167;28.243
10;1;26;01:36.4;0;;28.12;0;39.069;0;29.249;0;173.8;10:11.4;10:12.2;00:28.1;00:39.1;00:29.2;290.3;Ryan CULLEN;;LMP2;;Vector Sport;Oreca;GF;28.12;39.069;29.249
10;1;27;01:40.0;0;B;27.784;0;38.364;0;33.9;0;167.6;11:51.5;11:52.3;00:27.8;00:38.4;00:33.9;291.1;Ryan CULLEN;;LMP2;;Vector Sport;Oreca;GF;27.784;38.364;33.9
10;1;28;02:28.3;0;;01:21.4;0;38.36;0;28.489;0;113.1;14:19.8;14:20.6;01:21.4;00:38.4;00:28.5;211.8;Ryan CULLEN;00:57.5;LMP2;;Vector Sport;Oreca;GF;81.441;38.36;28.489
10;1;29;01:35.0;0;;27.993;0;38.36;0;28.653;0;176.5;15:54.8;15:55.6;00:28.0;00:38.4;00:28.7;290.3;Ryan CULLEN;;LMP2;;Vector Sport;Oreca;GF;27.993;38.36;28.653
10;1;30;01:36.7;0;;27.989;0;39.401;0;29.334;0;173.3;17:31.5;17:32.3;00:28.0;00:39.4;00:29.3;291.9;Ryan CULLEN;;LMP2;;Vector Sport;Oreca;GF;27.989;39.401;29.334
10;1;31;01:37.3;0;;27.916;0;39.626;0;29.794;0;172.2;19:08.8;19:09.6;00:27.9;00:39.6;00:29.8;290.3;Ryan CULLEN;;LMP2;;Vector Sport;Oreca;GF;27.916;39.626;29.794
10;1;32;01:35.9;0;;28.077;0;38.738;0;29.099;0;174.8;20:44.7;20:45.5;00:28.1;00:38.7;00:29.1;291.9;Ryan CULLEN;;LMP2;;Vector Sport;Oreca;GF;28.077;38.738;29.099
10;1;33;01:38.6;0;;29.424;0;39.524;0;29.646;0;170;22:23.3;22:24.1;00:29.4;00:39.5;00:29.6;290.3;Ryan CULLEN;;LMP2;;Vector Sport;Oreca;GF;29.424;39.524;29.646
10;1;34;01:36.3;0;;28.305;0;39.018;0;28.958;0;174.1;23:59.6;24:00.4;00:28.3;00:39.0;00:29.0;290.3;Ryan CULLEN;;LMP2;;Vector Sport;Oreca;GF;28.305;39.018;28.958
10;1;35;01:37.4;0;;28.133;0;39.271;0;30.041;0;172;25:37.1;25:37.9;00:28.1;00:39.3;00:30.0;290.3;Ryan CULLEN;;LMP2;;Vector Sport;Oreca;GF;28.133;39.271;30.041
10;1;36;01:35.9;0;;28.31;0;38.717;0;28.856;0;174.9;27:12.9;27:13.7;00:28.3;00:38.7;00:28.9;290.3;Ryan CULLEN;;LMP2;;Vector Sport;Oreca;GF;28.31;38.717;28.856
10;1;37;01:36.4;0;;28.215;0;39.26;0;28.916;0;173.9;28:49.3;28:50.1;00:28.2;00:39.3;00:28.9;292.7;Ryan CULLEN;;LMP2;;Vector Sport;Oreca;GF;28.215;39.26;28.916
10;1;38;01:35.6;0;;27.961;0;38.679;0;28.937;0;175.4;30:24.9;30:25.7;00:28.0;00:38.7;00:28.9;290.3;Ryan CULLEN;;LMP2;;Vector Sport;Oreca;GF;27.961;38.679;28.937
10;1;39;01:37.7;0;;28.83;0;39.615;0;29.263;0;171.6;32:02.6;32:03.4;00:28.8;00:39.6;00:29.3;291.9;Ryan CULLEN;;LMP2;;Vector Sport;Oreca;GF;28.83;39.615;29.263
10;1;40;01:43.9;0;B;29.469;0;40.194;0;34.232;0;161.4;33:46.5;33:47.3;00:29.5;00:40.2;00:34.2;291.9;Ryan CULLEN;;LMP2;;Vector Sport;Oreca;GF;29.469;40.194;34.232
10;2;41;04:31.1;0;;02:14.6;0;01:19.6;0;56.934;0;61.8;38:17.6;38:18.4;02:14.6;01:19.6;00:56.9;;Vladislav LOMKO;01:19.7;LMP2;;Vector Sport;Oreca;GF;134.556;79.592;56.934
10;2;42;03:28.0;0;;01:13.1;0;01:19.5;0;55.447;0;80.6;41:45.6;41:46.4;01:13.1;01:19.5;00:55.4;;Vladislav LOMKO;;LMP2;;Vector Sport;Oreca;SF;73.09;79.469;55.447
10;2;43;02:07.6;0;;42.401;0;49.328;0;35.843;0;131.4;43:53.2;43:54.0;00:42.4;00:49.3;00:35.8;160.5;Vladislav LOMKO;;LMP2;;Vector Sport;Oreca;SF;42.401;49.328;35.843
10;2;44;02:57.5;0;;36.665;0;01:18.8;0;01:02.0;0;94.4;46:50.7;46:51.5;00:36.7;01:18.8;01:02.0;179.7;Vladislav LOMKO;;LMP2;;Vector Sport;Oreca;SF;36.665;78.83;62.039
10;2;45;02:57.6;0;;01:10.4;0;01:05.7;0;41.577;0;94.4;49:48.3;49:49.1;01:10.4;01:05.7;00:41.6;;Vladislav LOMKO;;LMP2;;Vector Sport;Oreca;SF;70.351;65.677;41.577
10;2;46;02:08.6;0;;39.615;0;51.388;0;37.553;0;130.4;51:56.9;51:57.7;00:39.6;00:51.4;00:37.6;176.5;Vladislav LOMKO;;LMP2;;Vector Sport;Oreca;GF;39.615;51.388;37.553
10;2;47;01:37.3;0;;29.365;0;39.519;0;28.396;0;172.3;53:34.2;53:34.9;00:29.4;00:39.5;00:28.4;282.7;Vladislav LOMKO;;LMP2;;Vector Sport;Oreca;GF;29.365;39.519;28.396
10;2;48;01:34.2;0;;27.859;0;38.495;0;27.858;0;178;55:08.4;55:09.2;00:27.9;00:38.5;00:27.9;289.5;Vladislav LOMKO;;LMP2;;Vector Sport;Oreca;GF;27.859;38.495;27.858
10;2;49;01:32.7;0;;27.221;0;37.558;0;27.872;0;181;56:41.0;56:41.8;00:27.2;00:37.6;00:27.9;290.3;Vladislav LOMKO;;LMP2;;Vector Sport;Oreca;GF;27.221;37.558;27.872
10;2;50;01:32.3;0;;27.182;0;37.388;0;27.726;0;181.6;58:13.3;58:14.1;00:27.2;00:37.4;00:27.7;289.5;Vladislav LOMKO;;LMP2;;Vector Sport;Oreca;GF;27.182;37.388;27.726
10;2;51;01:31.8;2;;26.881;2;37.215;2;27.699;0;182.6;59:45.1;59:45.9;00:26.9;00:37.2;00:27.7;290.3;Vladislav LOMKO;;LMP2;;Vector Sport;Oreca;GF;26.881;37.215;27.699
10;2;52;01:32.0;0;;26.889;0;37.465;0;27.631;2;182.3;01:17.1;01:17.9;00:26.9;00:37.5;00:27.6;291.9;Vladislav LOMKO;;LMP2;;Vector Sport;Oreca;GF;26.889;37.465;27.631
10;2;53;01:32.3;0;;26.964;0;37.412;0;27.958;0;181.6;02:49.4;02:50.2;00:27.0;00:37.4;00:28.0;291.1;Vladislav LOMKO;;LMP2;;Vector Sport;Oreca;GF;26.964;37.412;27.958
10;2;54;02:02.4;0;;27.293;0;39;0;56.076;0;137;04:51.8;04:52.6;00:27.3;00:39.0;00:56.1;291.1;Vladislav LOMKO;;LMP2;;Vector Sport;Oreca;FCY;27.293;39;56.076
10;2;55;02:34.7;0;;01:14.2;0;50.191;0;30.31;0;108.4;07:26.5;07:27.3;01:14.2;00:50.2;00:30.3;;Vladislav LOMKO;;LMP2;;Vector Sport;Oreca;GF;74.212;50.191;30.31
10;2;56;01:36.1;0;;28.31;0;38.954;0;28.837;0;174.5;09:02.6;09:03.4;00:28.3;00:39.0;00:28.8;286.5;Vladislav LOMKO;;LMP2;;Vector Sport;Oreca;GF;28.31;38.954;28.837
10;2;57;01:34.5;0;;28.221;0;38.105;0;28.125;0;177.5;10:37.1;10:37.9;00:28.2;00:38.1;00:28.1;291.1;Vladislav LOMKO;;LMP2;;Vector Sport;Oreca;GF;28.221;38.105;28.125
10;2;58;01:35.3;0;;28.376;0;38.517;0;28.423;0;175.9;12:12.4;12:13.2;00:28.4;00:38.5;00:28.4;291.1;Vladislav LOMKO;;LMP2;;Vector Sport;Oreca;GF;28.376;38.517;28.423
10;2;59;01:35.1;0;;28.146;0;38.591;0;28.346;0;176.3;13:47.5;13:48.3;00:28.1;00:38.6;00:28.3;291.9;Vladislav LOMKO;;LMP2;;Vector Sport;Oreca;GF;28.146;38.591;28.346
10;2;60;01:34.0;0;;27.483;0;38.219;0;28.289;0;178.4;15:21.4;15:22.2;00:27.5;00:38.2;00:28.3;290.3;Vladislav LOMKO;;LMP2;;Vector Sport;Oreca;GF;27.483;38.219;28.289
10;2;61;01:34.6;0;;28.179;0;38.067;0;28.392;0;177.2;16:56.1;16:56.9;00:28.2;00:38.1;00:28.4;291.1;Vladislav LOMKO;;LMP2;;Vector Sport;Oreca;GF;28.179;38.067;28.392
10;2;62;01:37.3;0;;27.472;0;40.025;0;29.763;0;172.4;18:33.3;18:34.1;00:27.5;00:40.0;00:29.8;291.1;Vladislav LOMKO;;LMP2;;Vector Sport;Oreca;GF;27.472;40.025;29.763
10;2;63;01:34.2;0;;27.606;0;37.956;0;28.633;0;178;20:07.5;20:08.3;00:27.6;00:38.0;00:28.6;289.5;Vladislav LOMKO;;LMP2;;Vector Sport;Oreca;GF;27.606;37.956;28.633
10;2;64;01:35.2;0;;27.31;0;38.35;0;29.497;0;176.2;21:42.7;21:43.5;00:27.3;00:38.4;00:29.5;291.1;Vladislav LOMKO;;LMP2;;Vector Sport;Oreca;GF;27.31;38.35;29.497
10;2;65;01:37.0;0;;29.056;0;39.078;0;28.862;0;172.8;23:19.7;23:20.5;00:29.1;00:39.1;00:28.9;291.9;Vladislav LOMKO;;LMP2;;Vector Sport;Oreca;GF;29.056;39.078;28.862
10;2;66;01:34.9;0;;27.834;0;38.454;0;28.596;0;176.7;24:54.6;24:55.4;00:27.8;00:38.5;00:28.6;291.1;Vladislav LOMKO;;LMP2;;Vector Sport;Oreca;GF;27.834;38.454;28.596
10;2;67;01:36.8;0;;27.937;0;39.451;0;29.379;0;173.3;26:31.3;26:32.1;00:27.9;00:39.5;00:29.4;289.5;Vladislav LOMKO;;LMP2;;Vector Sport;Oreca;GF;27.937;39.451;29.379
10;2;68;01:35.5;0;;27.888;0;38.527;0;29.133;0;175.5;28:06.9;28:07.7;00:27.9;00:38.5;00:29.1;289.5;Vladislav LOMKO;;LMP2;;Vector Sport;Oreca;GF;27.888;38.527;29.133
10;2;69;01:36.1;0;;27.86;0;38.631;0;29.638;0;174.4;29:43.0;29:43.8;00:27.9;00:38.6;00:29.6;287.2;Vladislav LOMKO;;LMP2;;Vector Sport;Oreca;GF;27.86;38.631;29.638
10;2;70;01:36.2;0;;27.93;0;39.51;0;28.74;0;174.3;31:19.2;31:20.0;00:27.9;00:39.5;00:28.7;288.8;Vladislav LOMKO;;LMP2;;Vector Sport;Oreca;GF;27.93;39.51;28.74
10;2;71;03:02.6;0;B;46.868;0;01:19.0;0;56.736;0;91.8;34:21.8;34:22.6;00:46.9;01:19.0;00:56.7;286.5;Vladislav LOMKO;;LMP2;;Vector Sport;Oreca;GF;46.868;79.011;56.736
10;2;72;04:16.6;0;;02:00.7;0;01:19.3;0;56.585;0;65.3;38:38.4;38:39.2;02:00.7;01:19.3;00:56.6;;Vladislav LOMKO;01:06.2;LMP2;;Vector Sport;Oreca;GF;120.707;79.259;56.585
10;2;73;02:32.8;0;;55.873;0;44.654;0;52.224;0;109.8;41:11.1;41:11.9;00:55.9;00:44.7;00:52.2;;Vladislav LOMKO;;LMP2;;Vector Sport;Oreca;SF;55.873;44.654;52.224
10;2;74;03:22.1;0;;57.512;0;01:22.8;0;01:01.8;0;82.9;44:33.3;44:34.1;00:57.5;01:22.8;01:01.8;162.7;Vladislav LOMKO;;LMP2;;Vector Sport;Oreca;SF;57.512;82.842;61.793
10;2;75;02:52.4;0;;01:05.9;0;01:05.2;0;41.327;0;97.2;47:25.7;47:26.5;01:05.9;01:05.2;00:41.3;;Vladislav LOMKO;;LMP2;;Vector Sport;Oreca;SF;65.888;65.178;41.327
10;2;76;02:19.5;0;;41.854;0;50.769;0;46.851;0;120.2;49:45.1;49:45.9;00:41.9;00:50.8;00:46.9;165.1;Vladislav LOMKO;;LMP2;;Vector Sport;Oreca;GF;41.854;50.769;46.851
10;2;77;01:36.8;0;;28.734;0;39.011;0;29.023;0;173.3;51:21.9;51:22.7;00:28.7;00:39.0;00:29.0;288;Vladislav LOMKO;;LMP2;;Vector Sport;Oreca;GF;28.734;39.011;29.023
10;2;78;01:35.5;0;;28.404;0;38.575;0;28.526;0;175.5;52:57.4;52:58.2;00:28.4;00:38.6;00:28.5;282.7;Vladislav LOMKO;;LMP2;;Vector Sport;Oreca;GF;28.404;38.575;28.526
10;2;79;01:35.6;0;;27.716;0;39.088;0;28.823;0;175.3;54:33.0;54:33.8;00:27.7;00:39.1;00:28.8;286.5;Vladislav LOMKO;;LMP2;;Vector Sport;Oreca;GF;27.716;39.088;28.823
10;2;80;01:35.9;0;;28.204;0;38.868;0;28.839;0;174.8;56:08.9;56:09.7;00:28.2;00:38.9;00:28.8;289.5;Vladislav LOMKO;;LMP2;;Vector Sport;Oreca;GF;28.204;38.868;28.839
10;2;81;01:35.6;0;;27.764;0;39.066;0;28.777;0;175.4;57:44.6;57:45.3;00:27.8;00:39.1;00:28.8;287.2;Vladislav LOMKO;;LMP2;;Vector Sport;Oreca;GF;27.764;39.066;28.777
10;2;82;01:34.8;0;;27.656;0;38.526;0;28.632;0;176.8;59:19.4;59:20.2;00:27.7;00:38.5;00:28.6;287.2;Vladislav LOMKO;;LMP2;;Vector Sport;Oreca;GF;27.656;38.526;28.632
10;2;83;01:40.4;0;B;28.371;0;38.618;0;33.362;0;167.1;00:59.7;01:00.5;00:28.4;00:38.6;00:33.4;286.5;Vladislav LOMKO;;LMP2;;Vector Sport;Oreca;GF;28.371;38.618;33.362
10;3;84;03:15.4;0;;01:40.3;0;42.038;0;53.033;0;85.8;04:15.1;04:15.9;01:40.3;00:42.0;00:53.0;199.3;Pietro FITTIPALDI;01:12.6;LMP2;;Vector Sport;Oreca;FCY;100.292;42.038;53.033
10;3;85;02:38.3;0;;01:13.4;0;54.559;0;30.262;0;105.9;06:53.3;06:54.1;01:13.4;00:54.6;00:30.3;;Pietro FITTIPALDI;;LMP2;;Vector Sport;Oreca;GF;73.442;54.559;30.262
10;3;86;01:35.4;0;;28.927;0;38.192;0;28.299;0;175.7;08:28.8;08:29.6;00:28.9;00:38.2;00:28.3;287.2;Pietro FITTIPALDI;;LMP2;;Vector Sport;Oreca;GF;28.927;38.192;28.299
10;3;87;01:34.2;0;;28.005;0;38.338;0;27.903;0;177.9;10:03.0;10:03.8;00:28.0;00:38.3;00:27.9;288;Pietro FITTIPALDI;;LMP2;;Vector Sport;Oreca;GF;28.005;38.338;27.903
10;3;88;01:32.9;0;;27.349;0;37.709;1;27.857;0;180.4;11:35.9;11:36.7;00:27.3;00:37.7;00:27.9;287.2;Pietro FITTIPALDI;;LMP2;;Vector Sport;Oreca;GF;27.349;37.709;27.857
10;3;89;01:33.5;0;;27.69;0;38.022;0;27.817;0;179.3;13:09.5;13:10.2;00:27.7;00:38.0;00:27.8;287.2;Pietro FITTIPALDI;;LMP2;;Vector Sport;Oreca;GF;27.69;38.022;27.817
10;3;90;01:32.7;0;;27.231;0;37.746;0;27.749;1;180.8;14:42.2;14:43.0;00:27.2;00:37.7;00:27.7;288.8;Pietro FITTIPALDI;;LMP2;;Vector Sport;Oreca;GF;27.231;37.746;27.749
10;3;91;01:35.0;0;;27.958;0;38.5;0;28.524;0;176.5;16:17.2;16:18.0;00:28.0;00:38.5;00:28.5;291.9;Pietro FITTIPALDI;;LMP2;;Vector Sport;Oreca;GF;27.958;38.5;28.524
10;3;92;01:34.1;0;;27.659;0;38.415;0;28.016;0;178.2;17:51.2;17:52.0;00:27.7;00:38.4;00:28.0;288.8;Pietro FITTIPALDI;;LMP2;;Vector Sport;Oreca;GF;27.659;38.415;28.016
10;3;93;01:34.6;0;;27.379;0;38.024;0;29.227;0;177.2;19:25.9;19:26.7;00:27.4;00:38.0;00:29.2;288.8;Pietro FITTIPALDI;;LMP2;;Vector Sport;Oreca;GF;27.379;38.024;29.227
10;3;94;01:33.4;0;;27.334;0;37.886;0;28.198;0;179.5;20:59.3;21:00.1;00:27.3;00:37.9;00:28.2;288.8;Pietro FITTIPALDI;;LMP2;;Vector Sport;Oreca;GF;27.334;37.886;28.198
10;3;95;02:41.6;0;;01:09.4;0;01:03.2;0;28.979;0;103.7;23:40.9;23:41.7;01:09.4;01:03.2;00:29.0;;Pietro FITTIPALDI;;LMP2;;Vector Sport;Oreca;GF;69.437;63.217;28.979
10;3;96;01:34.0;0;;27.977;0;37.914;0;28.101;0;178.4;25:14.9;25:15.7;00:28.0;00:37.9;00:28.1;287.2;Pietro FITTIPALDI;;LMP2;;Vector Sport;Oreca;GF;27.977;37.914;28.101
10;3;97;01:36.0;0;;28.203;0;39.444;0;28.368;0;174.6;26:50.9;26:51.7;00:28.2;00:39.4;00:28.4;289.5;Pietro FITTIPALDI;;LMP2;;Vector Sport;Oreca;GF;28.203;39.444;28.368
10;3;98;01:34.7;0;;27.428;0;38.881;0;28.363;0;177.1;28:25.6;28:26.4;00:27.4;00:38.9;00:28.4;288.8;Pietro FITTIPALDI;;LMP2;;Vector Sport;Oreca;GF;27.428;38.881;28.363
10;3;99;01:34.4;0;;27.555;0;38.054;0;28.773;0;177.6;30:00.0;30:00.8;00:27.6;00:38.1;00:28.8;289.5;Pietro FITTIPALDI;;LMP2;;Vector Sport;Oreca;GF;27.555;38.054;28.773
10;3;100;01:34.0;0;;27.566;0;38.371;0;28.082;0;178.3;31:34.0;31:34.8;00:27.6;00:38.4;00:28.1;290.3;Pietro FITTIPALDI;;LMP2;;Vector Sport;Oreca;GF;27.566;38.371;28.082
10;3;101;01:34.1;0;;27.262;0;38.655;0;28.135;0;178.3;33:08.1;33:08.9;00:27.3;00:38.7;00:28.1;288;Pietro FITTIPALDI;;LMP2;;Vector Sport;Oreca;GF;27.262;38.655;28.135
10;3;102;01:33.4;0;;27.231;0;38.001;0;28.186;0;179.5;34:41.5;34:42.3;00:27.2;00:38.0;00:28.2;287.2;Pietro FITTIPALDI;;LMP2;;Vector Sport;Oreca;GF;27.231;38.001;28.186
10;3;103;01:33.2;0;;27.258;0;37.934;0;28.05;0;179.8;36:14.7;36:15.5;00:27.3;00:37.9;00:28.0;288.8;Pietro FITTIPALDI;;LMP2;;Vector Sport;Oreca;GF;27.258;37.934;28.05
10;3;104;01:34.0;0;;27.518;0;38.292;0;28.151;0;178.4;37:48.7;37:49.5;00:27.5;00:38.3;00:28.2;289.5;Pietro FITTIPALDI;;LMP2;;Vector Sport;Oreca;GF;27.518;38.292;28.151
10;3;105;01:33.3;0;;27.359;0;37.907;0;28.066;0;179.6;39:22.0;39:22.8;00:27.4;00:37.9;00:28.1;288.8;Pietro FITTIPALDI;;LMP2;;Vector Sport;Oreca;GF;27.359;37.907;28.066
10;3;106;01:33.4;0;;27.296;0;37.964;0;28.122;0;179.5;40:55.4;40:56.2;00:27.3;00:38.0;00:28.1;288.8;Pietro FITTIPALDI;;LMP2;;Vector Sport;Oreca;GF;27.296;37.964;28.122
10;3;107;01:35.2;0;;28.35;0;38.682;0;28.136;0;176.2;42:30.6;42:31.4;00:28.4;00:38.7;00:28.1;289.5;Pietro FITTIPALDI;;LMP2;;Vector Sport;Oreca;GF;28.35;38.682;28.136
10;3;108;01:34.6;0;;27.769;0;38.645;0;28.205;0;177.2;44:05.2;44:06.0;00:27.8;00:38.6;00:28.2;288.8;Pietro FITTIPALDI;;LMP2;;Vector Sport;Oreca;GF;27.769;38.645;28.205
10;3;109;01:34.8;0;;28.482;0;37.896;0;28.47;0;176.8;45:40.0;45:40.8;00:28.5;00:37.9;00:28.5;287.2;Pietro FITTIPALDI;;LMP2;;Vector Sport;Oreca;GF;28.482;37.896;28.47
10;3;110;01:34.4;0;;27.54;0;38.671;0;28.206;0;177.6;47:14.4;47:15.2;00:27.5;00:38.7;00:28.2;287.2;Pietro FITTIPALDI;;LMP2;;Vector Sport;Oreca;GF;27.54;38.671;28.206
10;3;111;01:34.7;0;;27.245;0;38.153;0;29.346;0;177;48:49.2;48:50.0;00:27.2;00:38.2;00:29.3;288.8;Pietro FITTIPALDI;;LMP2;;Vector Sport;Oreca;GF;27.245;38.153;29.346
10;3;112;01:40.1;0;B;27.552;0;38.416;0;34.097;0;167.5;50:29.3;50:30.1;00:27.6;00:38.4;00:34.1;285.7;Pietro FITTIPALDI;;LMP2;;Vector Sport;Oreca;GF;27.552;38.416;34.097
10;3;113;02:54.2;0;;01:45.3;0;39.99;0;28.917;0;96.2;53:23.4;53:24.2;01:45.3;00:40.0;00:28.9;203.8;Pietro FITTIPALDI;01:18.1;LMP2;;Vector Sport;Oreca;GF;105.277;39.99;28.917
10;3;114;01:33.9;0;;27.846;0;37.977;0;28.061;0;178.6;54:57.3;54:58.1;00:27.8;00:38.0;00:28.1;285.7;Pietro FITTIPALDI;;LMP2;;Vector Sport;Oreca;GF;27.846;37.977;28.061
10;3;115;01:33.5;0;;27.563;0;38.024;0;27.947;0;179.2;56:30.9;56:31.7;00:27.6;00:38.0;00:27.9;287.2;Pietro FITTIPALDI;;LMP2;;Vector Sport;Oreca;GF;27.563;38.024;27.947
10;3;116;01:33.1;0;;27.175;0;37.834;0;28.076;0;180.1;58:03.9;58:04.7;00:27.2;00:37.8;00:28.1;287.2;Pietro FITTIPALDI;;LMP2;;Vector Sport;Oreca;GF;27.175;37.834;28.076
10;3;117;01:36.0;0;;27.428;0;38.276;0;30.304;0;174.6;59:40.0;59:40.7;00:27.4;00:38.3;00:30.3;287.2;Pietro FITTIPALDI;;LMP2;;Vector Sport;Oreca;GF;27.428;38.276;30.304
10;3;118;01:35.0;0;;28.01;0;38.474;0;28.491;0;176.5;01:14.9;01:15.7;00:28.0;00:38.5;00:28.5;288.8;Pietro FITTIPALDI;;LMP2;;Vector Sport;Oreca;GF;28.01;38.474;28.491
10;3;119;01:35.2;0;;27.768;0;39.175;0;28.238;0;176.1;02:50.1;02:50.9;00:27.8;00:39.2;00:28.2;288;Pietro FITTIPALDI;;LMP2;;Vector Sport;Oreca;GF;27.768;39.175;28.238
10;3;120;01:35.4;0;;27.396;0;39.353;0;28.625;0;175.8;04:25.5;04:26.3;00:27.4;00:39.4;00:28.6;288.8;Pietro FITTIPALDI;;LMP2;;Vector Sport;Oreca;GF;27.396;39.353;28.625
10;3;121;01:34.5;0;;27.821;0;38.346;0;28.355;0;177.4;06:00.0;06:00.8;00:27.8;00:38.3;00:28.4;288;Pietro FITTIPALDI;;LMP2;;Vector Sport;Oreca;GF;27.821;38.346;28.355
10;3;122;01:33.1;0;;27.275;0;37.769;0;28.033;0;180.1;07:33.1;07:33.9;00:27.3;00:37.8;00:28.0;287.2;Pietro FITTIPALDI;;LMP2;;Vector Sport;Oreca;GF;27.275;37.769;28.033
10;3;123;01:34.1;0;;27.248;0;37.75;0;29.1;0;178.2;09:07.2;09:08.0;00:27.2;00:37.7;00:29.1;288.8;Pietro FITTIPALDI;;LMP2;;Vector Sport;Oreca;GF;27.248;37.75;29.1
10;3;124;01:33.6;0;;27.239;0;37.884;0;28.492;0;179.1;10:40.8;10:41.6;00:27.2;00:37.9;00:28.5;287.2;Pietro FITTIPALDI;;LMP2;;Vector Sport;Oreca;GF;27.239;37.884;28.492
10;3;125;01:33.4;0;;27.26;0;38.033;0;28.104;0;179.5;12:14.2;12:15.0;00:27.3;00:38.0;00:28.1;288.8;Pietro FITTIPALDI;;LMP2;;Vector Sport;Oreca;GF;27.26;38.033;28.104
10;3;126;01:34.3;0;;27.395;0;38.669;0;28.214;0;177.8;13:48.5;13:49.3;00:27.4;00:38.7;00:28.2;288;Pietro FITTIPALDI;;LMP2;;Vector Sport;Oreca;GF;27.395;38.669;28.214
10;3;127;01:35.1;0;;27.585;0;38.211;0;29.333;0;176.2;15:23.6;15:24.4;00:27.6;00:38.2;00:29.3;288.8;Pietro FITTIPALDI;;LMP2;;Vector Sport;Oreca;GF;27.585;38.211;29.333
10;3;128;01:35.0;0;;27.687;0;38.655;0;28.657;0;176.5;16:58.6;16:59.4;00:27.7;00:38.7;00:28.7;287.2;Pietro FITTIPALDI;;LMP2;;Vector Sport;Oreca;GF;27.687;38.655;28.657
10;3;129;01:34.7;0;;27.912;0;38.154;0;28.606;0;177.1;18:33.3;18:34.1;00:27.9;00:38.2;00:28.6;288;Pietro FITTIPALDI;;LMP2;;Vector Sport;Oreca;GF;27.912;38.154;28.606
10;3;130;01:33.7;0;;27.237;0;38.251;0;28.256;0;178.8;20:07.0;20:07.8;00:27.2;00:38.3;00:28.3;288;Pietro FITTIPALDI;;LMP2;;Vector Sport;Oreca;GF;27.237;38.251;28.256
10;3;131;01:33.2;0;;27.143;1;37.841;0;28.257;0;179.8;21:40.3;21:41.1;00:27.1;00:37.8;00:28.3;288.8;Pietro FITTIPALDI;;LMP2;;Vector Sport;Oreca;GF;27.143;37.841;28.257
10;3;132;01:33.1;0;;27.226;0;37.74;0;28.118;0;180.1;23:13.3;23:14.1;00:27.2;00:37.7;00:28.1;288;Pietro FITTIPALDI;;LMP2;;Vector Sport;Oreca;GF;27.226;37.74;28.118
10;3;133;01:34.2;0;;27.379;0;38.647;0;28.156;0;178;24:47.5;24:48.3;00:27.4;00:38.6;00:28.2;289.5;Pietro FITTIPALDI;;LMP2;;Vector Sport;Oreca;GF;27.379;38.647;28.156
10;3;134;01:34.5;0;;27.393;0;38.446;0;28.698;0;177.3;26:22.1;26:22.9;00:27.4;00:38.4;00:28.7;288.8;Pietro FITTIPALDI;;LMP2;;Vector Sport;Oreca;GF;27.393;38.446;28.698
10;3;135;01:37.7;0;;28.553;0;39.542;0;29.585;0;171.6;27:59.7;28:00.5;00:28.6;00:39.5;00:29.6;290.3;Pietro FITTIPALDI;;LMP2;;Vector Sport;Oreca;FF;28.553;39.542;29.585
11;1;1;02:19.1;0;;43.933;0;55.439;0;39.703;0;117;02:19.1;02:19.9;00:43.9;00:55.4;00:39.7;;Matthew Richard BELL;;LMP3;;Eurointernational;Ligier;SF;43.933;55.439;39.703
11;1;2;04:11.4;0;;01:16.7;0;01:22.8;0;01:31.9;0;66.7;06:30.5;06:31.3;01:16.7;01:22.8;01:31.9;;Matthew Richard BELL;;LMP3;;Eurointernational;Ligier;RF;76.666;82.829;91.943
11;1;3;26:51.9;0;;24:59.7;0;01:05.2;0;46.997;0;10.4;33:22.4;33:23.2;24:59.7;01:05.2;00:47.0;167.4;Matthew Richard BELL;;LMP3;;Eurointernational;Ligier;SF;1499.739;65.189;46.997
11;1;4;02:18.6;0;;46.976;0;50.563;0;41.094;0;120.9;35:41.1;35:41.9;00:47.0;00:50.6;00:41.1;;Matthew Richard BELL;;LMP3;;Eurointernational;Ligier;GF;46.976;50.563;41.094
11;1;5;01:42.6;0;;30.957;0;41.527;0;30.111;0;163.4;37:23.7;37:24.5;00:31.0;00:41.5;00:30.1;261.5;Matthew Richard BELL;;LMP3;;Eurointernational;Ligier;GF;30.957;41.527;30.111
11;1;6;01:41.3;0;;30.077;0;41.065;0;30.194;0;165.4;39:05.0;39:05.8;00:30.1;00:41.1;00:30.2;261.5;Matthew Richard BELL;;LMP3;;Eurointernational;Ligier;GF;30.077;41.065;30.194
11;1;7;01:40.6;0;;29.875;0;40.822;0;29.873;0;166.7;40:45.6;40:46.4;00:29.9;00:40.8;00:29.9;260.9;Matthew Richard BELL;;LMP3;;Eurointernational;Ligier;GF;29.875;40.822;29.873
11;1;8;01:40.2;0;;29.775;0;40.611;0;29.816;1;167.3;42:25.8;42:26.6;00:29.8;00:40.6;00:29.8;261.5;Matthew Richard BELL;;LMP3;;Eurointernational;Ligier;GF;29.775;40.611;29.816
11;1;9;01:40.2;0;;29.873;0;40.526;0;29.817;0;167.3;44:06.0;44:06.8;00:29.9;00:40.5;00:29.8;260.9;Matthew Richard BELL;;LMP3;;Eurointernational;Ligier;GF;29.873;40.526;29.817
11;1;10;01:40.0;0;;29.724;1;40.408;1;29.898;0;167.6;45:46.0;45:46.8;00:29.7;00:40.4;00:29.9;261.5;Matthew Richard BELL;;LMP3;;Eurointernational;Ligier;GF;29.724;40.408;29.898
11;1;11;01:40.5;0;;29.791;0;40.687;0;30.03;0;166.8;47:26.5;47:27.3;00:29.8;00:40.7;00:30.0;260.9;Matthew Richard BELL;;LMP3;;Eurointernational;Ligier;GF;29.791;40.687;30.03
11;1;12;01:40.4;0;;29.741;0;40.697;0;29.973;0;167;49:06.9;49:07.7;00:29.7;00:40.7;00:30.0;260.9;Matthew Richard BELL;;LMP3;;Eurointernational;Ligier;GF;29.741;40.697;29.973
11;1;13;01:40.5;0;;29.91;0;40.547;0;30.01;0;166.9;50:47.4;50:48.2;00:29.9;00:40.5;00:30.0;261.5;Matthew Richard BELL;;LMP3;;Eurointernational;Ligier;GF;29.91;40.547;30.01
11;1;14;01:42.3;0;;30.177;0;40.799;0;31.294;0;163.9;52:29.7;52:30.5;00:30.2;00:40.8;00:31.3;260.9;Matthew Richard BELL;;LMP3;;Eurointernational;Ligier;GF;30.177;40.799;31.294
11;1;15;01:42.4;0;;30.461;0;41.589;0;30.389;0;163.7;54:12.1;54:12.9;00:30.5;00:41.6;00:30.4;259.6;Matthew Richard BELL;;LMP3;;Eurointernational;Ligier;GF;30.461;41.589;30.389
11;1;16;01:43.6;0;;30.611;0;41.825;0;31.127;0;161.9;55:55.7;55:56.5;00:30.6;00:41.8;00:31.1;260.2;Matthew Richard BELL;;LMP3;;Eurointernational;Ligier;GF;30.611;41.825;31.127
11;1;17;01:42.3;0;;30.514;0;41.223;0;30.549;0;163.9;57:38.0;57:38.8;00:30.5;00:41.2;00:30.5;259.6;Matthew Richard BELL;;LMP3;;Eurointernational;Ligier;GF;30.514;41.223;30.549
11;1;18;01:44.5;0;;30.706;0;41.696;0;32.147;0;160.4;59:22.5;59:23.3;00:30.7;00:41.7;00:32.1;263.4;Matthew Richard BELL;;LMP3;;Eurointernational;Ligier;GF;30.706;41.696;32.147
11;1;19;01:43.5;0;;31.065;0;41.952;0;30.463;0;162;01:06.0;01:06.8;00:31.1;00:42.0;00:30.5;262.1;Matthew Richard BELL;;LMP3;;Eurointernational;Ligier;GF;31.065;41.952;30.463
11;1;20;01:43.7;0;;30.663;0;42.402;0;30.608;0;161.7;02:49.7;02:50.5;00:30.7;00:42.4;00:30.6;261.5;Matthew Richard BELL;;LMP3;;Eurointernational;Ligier;GF;30.663;42.402;30.608
11;1;21;01:43.2;0;;31.083;0;41.553;0;30.557;0;162.5;04:32.9;04:33.7;00:31.1;00:41.6;00:30.6;262.1;Matthew Richard BELL;;LMP3;;Eurointernational;Ligier;GF;31.083;41.553;30.557
11;1;22;01:44.2;0;;31.331;0;41.648;0;31.252;0;160.8;06:17.1;06:17.9;00:31.3;00:41.6;00:31.3;266;Matthew Richard BELL;;LMP3;;Eurointernational;Ligier;GF;31.331;41.648;31.252
11;1;23;01:45.1;0;;30.978;0;42.014;0;32.083;0;159.6;08:02.2;08:03.0;00:31.0;00:42.0;00:32.1;264.1;Matthew Richard BELL;;LMP3;;Eurointernational;Ligier;GF;30.978;42.014;32.083
11;1;24;01:43.1;0;;30.986;0;41.636;0;30.47;0;162.6;09:45.3;09:46.1;00:31.0;00:41.6;00:30.5;259.6;Matthew Richard BELL;;LMP3;;Eurointernational;Ligier;GF;30.986;41.636;30.47
11;1;25;01:43.9;0;;30.877;0;42.345;0;30.692;0;161.3;11:29.2;11:30.0;00:30.9;00:42.3;00:30.7;262.8;Matthew Richard BELL;;LMP3;;Eurointernational;Ligier;GF;30.877;42.345;30.692
11;1;26;01:42.2;0;;30.666;0;41.192;0;30.363;0;164;13:11.4;13:12.2;00:30.7;00:41.2;00:30.4;260.2;Matthew Richard BELL;;LMP3;;Eurointernational;Ligier;GF;30.666;41.192;30.363
11;1;27;01:42.2;0;;30.517;0;41.264;0;30.427;0;164;14:53.6;14:54.4;00:30.5;00:41.3;00:30.4;261.5;Matthew Richard BELL;;LMP3;;Eurointernational;Ligier;GF;30.517;41.264;30.427
11;1;28;01:43.2;0;;30.416;0;42.167;0;30.61;0;162.5;16:36.8;16:37.6;00:30.4;00:42.2;00:30.6;262.8;Matthew Richard BELL;;LMP3;;Eurointernational;Ligier;GF;30.416;42.167;30.61
11;1;29;01:43.9;0;;30.841;0;41.561;0;31.468;0;161.4;18:20.7;18:21.5;00:30.8;00:41.6;00:31.5;262.1;Matthew Richard BELL;;LMP3;;Eurointernational;Ligier;GF;30.841;41.561;31.468
11;1;30;01:42.4;0;;30.583;0;41.292;0;30.559;0;163.7;20:03.1;20:03.9;00:30.6;00:41.3;00:30.6;259.6;Matthew Richard BELL;;LMP3;;Eurointernational;Ligier;GF;30.583;41.292;30.559
11;1;31;01:43.2;0;;30.403;0;41.494;0;31.33;0;162.4;21:46.3;21:47.1;00:30.4;00:41.5;00:31.3;260.9;Matthew Richard BELL;;LMP3;;Eurointernational;Ligier;GF;30.403;41.494;31.33
11;1;32;01:44.2;0;;31.419;0;42.223;0;30.563;0;160.9;23:30.5;23:31.3;00:31.4;00:42.2;00:30.6;260.9;Matthew Richard BELL;;LMP3;;Eurointernational;Ligier;GF;31.419;42.223;30.563
11;1;33;01:44.0;0;;31.1;0;42.161;0;30.727;0;161.2;25:14.5;25:15.3;00:31.1;00:42.2;00:30.7;263.4;Matthew Richard BELL;;LMP3;;Eurointernational;Ligier;GF;31.1;42.161;30.727
11;1;34;01:42.8;0;;30.684;0;41.613;0;30.52;0;163.1;26:57.3;26:58.1;00:30.7;00:41.6;00:30.5;260.9;Matthew Richard BELL;;LMP3;;Eurointernational;Ligier;GF;30.684;41.613;30.52
11;1;35;01:42.3;0;;30.367;0;41.253;0;30.712;0;163.8;28:39.7;28:40.5;00:30.4;00:41.3;00:30.7;263.4;Matthew Richard BELL;;LMP3;;Eurointernational;Ligier;GF;30.367;41.253;30.712
11;1;36;01:43.1;0;;30.752;0;41.476;0;30.827;0;162.7;30:22.7;30:23.5;00:30.8;00:41.5;00:30.8;260.9;Matthew Richard BELL;;LMP3;;Eurointernational;Ligier;GF;30.752;41.476;30.827
11;1;37;01:50.8;0;B;31.27;0;42.035;0;37.452;0;151.4;32:13.5;32:14.3;00:31.3;00:42.0;00:37.5;264.1;Matthew Richard BELL;;LMP3;;Eurointernational;Ligier;GF;31.27;42.035;37.452
11;1;38;04:12.0;0;;01:56.3;0;01:19.2;0;56.496;0;66.5;36:25.5;36:26.3;01:56.3;01:19.2;00:56.5;177.3;Matthew Richard BELL;01:21.4;LMP3;;Eurointernational;Ligier;GF;116.345;79.209;56.496
11;1;39;03:28.6;0;;01:12.8;0;01:19.3;0;56.399;0;80.4;39:54.1;39:54.9;01:12.8;01:19.3;00:56.4;;Matthew Richard BELL;;LMP3;;Eurointernational;Ligier;GF;72.847;79.306;56.399
11;1;40;02:52.5;0;;01:12.9;0;53.826;0;45.74;0;97.2;42:46.5;42:47.3;01:12.9;00:53.8;00:45.7;;Matthew Richard BELL;;LMP3;;Eurointernational;Ligier;SF;72.89;53.826;45.74
11;1;41;03:07.1;0;;01:08.6;0;01:22.9;0;35.579;0;89.6;45:53.6;45:54.4;01:08.6;01:22.9;00:35.6;;Matthew Richard BELL;;LMP3;;Eurointernational;Ligier;SF;68.633;82.877;35.579
11;1;42;01:49.4;0;;33.369;0;43.299;0;32.689;0;153.3;47:43.0;47:43.8;00:33.4;00:43.3;00:32.7;227.4;Matthew Richard BELL;;LMP3;;Eurointernational;Ligier;SF;33.369;43.299;32.689
11;1;43;02:14.1;0;;32.053;0;01:00.8;0;41.28;0;125;49:57.1;49:57.9;00:32.1;01:00.8;00:41.3;248.8;Matthew Richard BELL;;LMP3;;Eurointernational;Ligier;SF;32.053;60.809;41.28
11;1;44;02:06.3;0;;41.117;0;47.489;0;37.734;0;132.7;52:03.5;52:04.3;00:41.1;00:47.5;00:37.7;153.4;Matthew Richard BELL;;LMP3;;Eurointernational;Ligier;GF;41.117;47.489;37.734
11;1;45;01:45.2;0;;31.488;0;42.489;0;31.186;0;159.4;53:48.6;53:49.4;00:31.5;00:42.5;00:31.2;256.5;Matthew Richard BELL;;LMP3;;Eurointernational;Ligier;GF;31.488;42.489;31.186
11;1;46;01:44.7;0;;31.593;0;42.829;0;30.313;0;160.1;55:33.4;55:34.2;00:31.6;00:42.8;00:30.3;252.9;Matthew Richard BELL;;LMP3;;Eurointernational;Ligier;GF;31.593;42.829;30.313
11;1;47;01:42.3;0;;30.01;0;41.87;0;30.416;0;163.9;57:15.7;57:16.5;00:30.0;00:41.9;00:30.4;260.2;Matthew Richard BELL;;LMP3;;Eurointernational;Ligier;GF;30.01;41.87;30.416
11;1;48;01:44.4;0;;30.26;0;42.31;0;31.871;0;160.5;59:00.1;59:00.9;00:30.3;00:42.3;00:31.9;260.9;Matthew Richard BELL;;LMP3;;Eurointernational;Ligier;GF;30.26;42.31;31.871
11;1;49;01:43.4;0;;30.4;0;41.535;0;31.451;0;162.2;00:43.5;00:44.3;00:30.4;00:41.5;00:31.5;257.8;Matthew Richard BELL;;LMP3;;Eurointernational;Ligier;GF;30.4;41.535;31.451
11;1;50;01:42.0;0;;30.147;0;40.978;0;30.831;0;164.4;02:25.4;02:26.2;00:30.1;00:41.0;00:30.8;258.4;Matthew Richard BELL;;LMP3;;Eurointernational;Ligier;GF;30.147;40.978;30.831
11;1;51;01:50.1;0;;30.021;0;40.809;0;39.265;0;152.3;04:15.5;04:16.3;00:30.0;00:40.8;00:39.3;259;Matthew Richard BELL;;LMP3;;Eurointernational;Ligier;FCY;30.021;40.809;39.265
11;1;52;02:54.1;0;;01:12.6;0;01:10.7;0;30.835;0;96.3;07:09.7;07:10.5;01:12.6;01:10.7;00:30.8;;Matthew Richard BELL;;LMP3;;Eurointernational;Ligier;GF;72.602;70.7;30.835
11;1;53;01:42.9;0;;30.594;0;41.315;0;30.952;0;163;08:52.5;08:53.3;00:30.6;00:41.3;00:31.0;259.6;Matthew Richard BELL;;LMP3;;Eurointernational;Ligier;GF;30.594;41.315;30.952
11;1;54;01:43.9;0;;30.794;0;41.807;0;31.338;0;161.3;10:36.5;10:37.3;00:30.8;00:41.8;00:31.3;259;Matthew Richard BELL;;LMP3;;Eurointernational;Ligier;GF;30.794;41.807;31.338
11;1;55;01:42.9;0;;30.746;0;41.748;0;30.406;0;162.9;12:19.4;12:20.2;00:30.7;00:41.7;00:30.4;260.9;Matthew Richard BELL;;LMP3;;Eurointernational;Ligier;GF;30.746;41.748;30.406
11;1;56;01:43.3;0;;30.219;0;41.755;0;31.357;0;162.2;14:02.7;14:03.5;00:30.2;00:41.8;00:31.4;259.6;Matthew Richard BELL;;LMP3;;Eurointernational;Ligier;GF;30.219;41.755;31.357
11;1;57;01:42.5;0;;30.64;0;41.436;0;30.405;0;163.6;15:45.2;15:46.0;00:30.6;00:41.4;00:30.4;257.8;Matthew Richard BELL;;LMP3;;Eurointernational;Ligier;GF;30.64;41.436;30.405
11;1;58;01:42.9;0;;30.295;0;41.692;0;30.891;0;163;17:28.1;17:28.9;00:30.3;00:41.7;00:30.9;261.5;Matthew Richard BELL;;LMP3;;Eurointernational;Ligier;GF;30.295;41.692;30.891
11;1;59;01:42.5;0;;30.473;0;41.439;0;30.554;0;163.6;19:10.5;19:11.3;00:30.5;00:41.4;00:30.6;259.6;Matthew Richard BELL;;LMP3;;Eurointernational;Ligier;GF;30.473;41.439;30.554
11;1;60;01:43.3;0;;30.523;0;41.493;0;31.278;0;162.3;20:53.8;20:54.6;00:30.5;00:41.5;00:31.3;260.2;Matthew Richard BELL;;LMP3;;Eurointernational;Ligier;GF;30.523;41.493;31.278
11;1;61;01:42.8;0;;30.55;0;41.408;0;30.801;0;163.2;22:36.6;22:37.4;00:30.6;00:41.4;00:30.8;257.8;Matthew Richard BELL;;LMP3;;Eurointernational;Ligier;GF;30.55;41.408;30.801
11;1;62;01:43.9;0;;30.677;0;41.907;0;31.324;0;161.3;24:20.5;24:21.3;00:30.7;00:41.9;00:31.3;260.9;Matthew Richard BELL;;LMP3;;Eurointernational;Ligier;GF;30.677;41.907;31.324
11;1;63;01:42.3;0;;30.15;0;41.571;0;30.557;0;163.9;26:02.8;26:03.6;00:30.1;00:41.6;00:30.6;258.4;Matthew Richard BELL;;LMP3;;Eurointernational;Ligier;GF;30.15;41.571;30.557
11;1;64;01:42.4;0;;30.594;0;41.242;0;30.587;0;163.7;27:45.2;27:46.0;00:30.6;00:41.2;00:30.6;259;Matthew Richard BELL;;LMP3;;Eurointernational;Ligier;GF;30.594;41.242;30.587
11;1;65;01:43.8;0;;30.796;0;41.538;0;31.467;0;161.5;29:29.0;29:29.8;00:30.8;00:41.5;00:31.5;257.8;Matthew Richard BELL;;LMP3;;Eurointernational;Ligier;GF;30.796;41.538;31.467
11;1;66;01:50.4;0;B;30.998;0;41.575;0;37.84;0;151.8;31:19.4;31:20.2;00:31.0;00:41.6;00:37.8;257.1;Matthew Richard BELL;;LMP3;;Eurointernational;Ligier;GF;30.998;41.575;37.84
11;2;67;04:58.3;0;;02:41.5;0;01:19.7;0;57.038;0;56.2;36:17.7;36:18.5;02:41.5;01:19.7;00:57.0;;Douwe DEDECKER;01:46.5;LMP3;;Eurointernational;Ligier;GF;161.518;79.742;57.038
11;2;68;03:10.6;0;;01:13.1;0;01:19.5;0;38.026;0;88;39:28.3;39:29.1;01:13.1;01:19.5;00:38.0;;Douwe DEDECKER;;LMP3;;Eurointernational;Ligier;SF;73.064;79.512;38.026
11;2;69;02:02.3;0;;38.547;0;44.869;0;38.881;0;137.1;41:30.6;41:31.4;00:38.5;00:44.9;00:38.9;182.7;Douwe DEDECKER;;LMP3;;Eurointernational;Ligier;SF;38.547;44.869;38.881
11;2;70;03:12.6;0;;56.095;0;01:15.0;0;01:01.5;0;87.1;44:43.2;44:44.0;00:56.1;01:15.0;01:01.5;;Douwe DEDECKER;;LMP3;;Eurointernational;Ligier;SF;56.095;75.007;61.482
11;2;71;02:53.2;0;;01:05.4;0;01:05.7;0;42.132;0;96.8;47:36.4;47:37.2;01:05.4;01:05.7;00:42.1;122;Douwe DEDECKER;;LMP3;;Eurointernational;Ligier;SF;65.391;65.669;42.132
11;2;72;02:14.2;0;;39.414;0;50.93;0;43.906;0;124.9;49:50.6;49:51.4;00:39.4;00:50.9;00:43.9;217.7;Douwe DEDECKER;;LMP3;;Eurointernational;Ligier;GF;39.414;50.93;43.906
11;2;73;01:42.4;0;;30.545;0;41.407;0;30.48;0;163.7;51:33.1;51:33.9;00:30.5;00:41.4;00:30.5;259;Douwe DEDECKER;;LMP3;;Eurointernational;Ligier;GF;30.545;41.407;30.48
11;2;74;01:40.7;0;;30.188;0;40.707;0;29.804;2;166.5;53:13.8;53:14.6;00:30.2;00:40.7;00:29.8;256.5;Douwe DEDECKER;;LMP3;;Eurointernational;Ligier;GF;30.188;40.707;29.804
11;2;75;01:39.8;0;;29.621;2;40.333;0;29.871;0;167.9;54:53.6;54:54.4;00:29.6;00:40.3;00:29.9;257.1;Douwe DEDECKER;;LMP3;;Eurointernational;Ligier;GF;29.621;40.333;29.871
11;2;76;01:40.0;0;;29.705;0;40.409;0;29.892;0;167.6;56:33.6;56:34.4;00:29.7;00:40.4;00:29.9;256.5;Douwe DEDECKER;;LMP3;;Eurointernational;Ligier;GF;29.705;40.409;29.892
11;2;77;01:40.1;0;;29.745;0;40.46;0;29.897;0;167.5;58:13.7;58:14.5;00:29.7;00:40.5;00:29.9;256.5;Douwe DEDECKER;;LMP3;;Eurointernational;Ligier;GF;29.745;40.46;29.897
11;2;78;01:40.0;0;;29.692;0;40.39;0;29.956;0;167.6;59:53.7;59:54.5;00:29.7;00:40.4;00:30.0;255.9;Douwe DEDECKER;;LMP3;;Eurointernational;Ligier;GF;29.692;40.39;29.956
11;2;79;01:39.8;2;;29.742;0;40.223;2;29.855;0;168;01:33.5;01:34.3;00:29.7;00:40.2;00:29.9;255.3;Douwe DEDECKER;;LMP3;;Eurointernational;Ligier;GF;29.742;40.223;29.855
11;2;80;01:40.2;0;;29.755;0;40.363;0;30.047;0;167.4;03:13.7;03:14.5;00:29.8;00:40.4;00:30.0;256.5;Douwe DEDECKER;;LMP3;;Eurointernational;Ligier;GF;29.755;40.363;30.047
11;2;81;02:54.4;0;;47.278;0;01:18.7;0;48.41;0;96.1;06:08.1;06:08.9;00:47.3;01:18.7;00:48.4;255.9;Douwe DEDECKER;;LMP3;;Eurointernational;Ligier;GF;47.278;78.739;48.41
11;2;82;01:40.9;0;;30.416;0;40.573;0;29.911;0;166.2;07:49.0;07:49.8;00:30.4;00:40.6;00:29.9;251.7;Douwe DEDECKER;;LMP3;;Eurointernational;Ligier;GF;30.416;40.573;29.911
11;2;83;01:40.2;0;;29.766;0;40.368;0;30.032;0;167.4;09:29.2;09:30.0;00:29.8;00:40.4;00:30.0;255.9;Douwe DEDECKER;;LMP3;;Eurointernational;Ligier;GF;29.766;40.368;30.032
11;2;84;01:40.3;0;;29.746;0;40.599;0;29.952;0;167.2;11:09.5;11:10.3;00:29.7;00:40.6;00:30.0;257.1;Douwe DEDECKER;;LMP3;;Eurointernational;Ligier;GF;29.746;40.599;29.952
11;2;85;01:40.7;0;;29.775;0;40.813;0;30.095;0;166.5;12:50.2;12:51.0;00:29.8;00:40.8;00:30.1;257.8;Douwe DEDECKER;;LMP3;;Eurointernational;Ligier;GF;29.775;40.813;30.095
11;2;86;01:41.4;0;;29.926;0;41.222;0;30.273;0;165.3;14:31.6;14:32.4;00:29.9;00:41.2;00:30.3;259;Douwe DEDECKER;;LMP3;;Eurointernational;Ligier;GF;29.926;41.222;30.273
11;2;87;01:42.1;0;;29.767;0;41.23;0;31.123;0;164.2;16:13.7;16:14.5;00:29.8;00:41.2;00:31.1;257.8;Douwe DEDECKER;;LMP3;;Eurointernational;Ligier;GF;29.767;41.23;31.123
11;2;88;01:42.3;0;;30.765;0;41.301;0;30.241;0;163.9;17:56.0;17:56.8;00:30.8;00:41.3;00:30.2;255.9;Douwe DEDECKER;;LMP3;;Eurointernational;Ligier;GF;30.765;41.301;30.241
11;2;89;01:41.5;0;;30.14;0;41.06;0;30.268;0;165.2;19:37.5;19:38.3;00:30.1;00:41.1;00:30.3;259.6;Douwe DEDECKER;;LMP3;;Eurointernational;Ligier;GF;30.14;41.06;30.268
11;2;90;02:03.3;0;;29.924;0;41.871;0;51.492;0;136;21:40.8;21:41.6;00:29.9;00:41.9;00:51.5;259;Douwe DEDECKER;;LMP3;;Eurointernational;Ligier;FCY;29.924;41.871;51.492
11;2;91;02:27.2;0;;01:12.6;0;44.371;0;30.252;0;113.9;24:08.0;24:08.8;01:12.6;00:44.4;00:30.3;;Douwe DEDECKER;;LMP3;;Eurointernational;Ligier;GF;72.553;44.371;30.252
11;2;92;01:41.0;0;;29.991;0;40.811;0;30.206;0;166;25:49.0;25:49.8;00:30.0;00:40.8;00:30.2;256.5;Douwe DEDECKER;;LMP3;;Eurointernational;Ligier;GF;29.991;40.811;30.206
11;2;93;01:41.7;0;;29.905;0;40.928;0;30.908;0;164.8;27:30.7;27:31.5;00:29.9;00:40.9;00:30.9;257.1;Douwe DEDECKER;;LMP3;;Eurointernational;Ligier;GF;29.905;40.928;30.908
11;2;94;01:41.1;0;;30.261;0;40.649;0;30.205;0;165.8;29:11.8;29:12.6;00:30.3;00:40.6;00:30.2;255.3;Douwe DEDECKER;;LMP3;;Eurointernational;Ligier;GF;30.261;40.649;30.205
11;2;95;01:41.1;0;;29.917;0;40.936;0;30.211;0;165.9;30:52.9;30:53.7;00:29.9;00:40.9;00:30.2;256.5;Douwe DEDECKER;;LMP3;;Eurointernational;Ligier;GF;29.917;40.936;30.211
11;2;96;01:40.8;0;;29.896;0;40.67;0;30.245;0;166.3;32:33.7;32:34.5;00:29.9;00:40.7;00:30.2;257.1;Douwe DEDECKER;;LMP3;;Eurointernational;Ligier;GF;29.896;40.67;30.245
11;2;97;01:41.5;0;;30.017;0;41.109;0;30.379;0;165.2;34:15.2;34:16.0;00:30.0;00:41.1;00:30.4;257.1;Douwe DEDECKER;;LMP3;;Eurointernational;Ligier;GF;30.017;41.109;30.379
11;2;98;01:48.2;0;B;30.308;0;41.369;0;36.499;0;155;36:03.4;36:04.2;00:30.3;00:41.4;00:36.5;257.8;Douwe DEDECKER;;LMP3;;Eurointernational;Ligier;GF;30.308;41.369;36.499
11;3;99;03:32.7;0;;02:15.8;0;44.387;0;32.584;0;78.8;39:36.1;39:36.9;02:15.8;00:44.4;00:32.6;183.7;Max VAN DER SNEL;01:44.9;LMP3;;Eurointernational;Ligier;GF;135.751;44.387;32.584
11;3;100;01:44.8;0;;31.355;0;42.271;0;31.128;0;160;41:20.9;41:21.7;00:31.4;00:42.3;00:31.1;254.7;Max VAN DER SNEL;;LMP3;;Eurointernational;Ligier;GF;31.355;42.271;31.128
11;3;101;01:43.3;0;;31.413;0;41.422;0;30.461;0;162.3;43:04.2;43:05.0;00:31.4;00:41.4;00:30.5;252.3;Max VAN DER SNEL;;LMP3;;Eurointernational;Ligier;GF;31.413;41.422;30.461
11;3;102;01:41.3;0;;30.287;0;41.012;0;30.051;1;165.4;44:45.5;44:46.3;00:30.3;00:41.0;00:30.1;255.9;Max VAN DER SNEL;;LMP3;;Eurointernational;Ligier;GF;30.287;41.012;30.051
11;3;103;01:41.7;0;;30.453;0;41.03;0;30.179;0;164.9;46:27.2;46:28.0;00:30.5;00:41.0;00:30.2;257.1;Max VAN DER SNEL;;LMP3;;Eurointernational;Ligier;GF;30.453;41.03;30.179
11;3;104;01:40.6;0;;29.904;1;40.636;1;30.043;0;166.7;48:07.8;48:08.6;00:29.9;00:40.6;00:30.0;257.1;Max VAN DER SNEL;;LMP3;;Eurointernational;Ligier;GF;29.904;40.636;30.043
11;3;105;01:41.3;0;;29.931;0;41.178;0;30.21;0;165.5;49:49.1;49:49.9;00:29.9;00:41.2;00:30.2;257.1;Max VAN DER SNEL;;LMP3;;Eurointernational;Ligier;GF;29.931;41.178;30.21
11;3;106;01:41.9;0;;30.336;0;41.211;0;30.357;0;164.5;51:31.0;51:31.8;00:30.3;00:41.2;00:30.4;257.8;Max VAN DER SNEL;;LMP3;;Eurointernational;Ligier;GF;30.336;41.211;30.357
11;3;107;01:41.5;0;;30.472;0;40.891;0;30.127;0;165.2;53:12.5;53:13.3;00:30.5;00:40.9;00:30.1;257.1;Max VAN DER SNEL;;LMP3;;Eurointernational;Ligier;GF;30.472;40.891;30.127
11;3;108;01:42.7;0;;30.041;0;41.781;0;30.918;0;163.2;54:55.2;54:56.0;00:30.0;00:41.8;00:30.9;256.5;Max VAN DER SNEL;;LMP3;;Eurointernational;Ligier;GF;30.041;41.781;30.918
11;3;109;01:41.4;0;;30.034;0;41.124;0;30.266;0;165.3;56:36.6;56:37.4;00:30.0;00:41.1;00:30.3;257.1;Max VAN DER SNEL;;LMP3;;Eurointernational;Ligier;GF;30.034;41.124;30.266
11;3;110;01:41.6;0;;29.984;0;41.163;0;30.414;0;165.1;58:18.2;58:19.0;00:30.0;00:41.2;00:30.4;259;Max VAN DER SNEL;;LMP3;;Eurointernational;Ligier;GF;29.984;41.163;30.414
11;3;111;01:41.8;0;;30.301;0;41.206;0;30.323;0;164.6;00:00.0;00:00.8;00:30.3;00:41.2;00:30.3;256.5;Max VAN DER SNEL;;LMP3;;Eurointernational;Ligier;GF;30.301;41.206;30.323
11;3;112;01:41.8;0;;30.11;0;41.301;0;30.415;0;164.6;01:41.8;01:42.6;00:30.1;00:41.3;00:30.4;257.1;Max VAN DER SNEL;;LMP3;;Eurointernational;Ligier;GF;30.11;41.301;30.415
11;3;113;01:42.0;0;;30.215;0;41.131;0;30.656;0;164.4;03:23.9;03:24.6;00:30.2;00:41.1;00:30.7;257.1;Max VAN DER SNEL;;LMP3;;Eurointernational;Ligier;GF;30.215;41.131;30.656
11;3;114;01:43.8;0;;30.314;0;42.208;0;31.244;0;161.6;05:07.6;05:08.4;00:30.3;00:42.2;00:31.2;257.8;Max VAN DER SNEL;;LMP3;;Eurointernational;Ligier;GF;30.314;42.208;31.244
11;3;115;01:42.6;0;;30.68;0;41.308;0;30.587;0;163.4;06:50.2;06:51.0;00:30.7;00:41.3;00:30.6;255.3;Max VAN DER SNEL;;LMP3;;Eurointernational;Ligier;GF;30.68;41.308;30.587
11;3;116;01:42.8;0;;30.193;0;41.673;0;30.901;0;163.1;08:33.0;08:33.8;00:30.2;00:41.7;00:30.9;256.5;Max VAN DER SNEL;;LMP3;;Eurointernational;Ligier;GF;30.193;41.673;30.901
11;3;117;01:42.3;0;;30.251;0;41.047;0;30.975;0;163.9;10:15.2;10:16.0;00:30.3;00:41.0;00:31.0;259;Max VAN DER SNEL;;LMP3;;Eurointernational;Ligier;GF;30.251;41.047;30.975
11;3;118;01:41.8;0;;30.241;0;41.084;0;30.445;0;164.7;11:57.0;11:57.8;00:30.2;00:41.1;00:30.4;259;Max VAN DER SNEL;;LMP3;;Eurointernational;Ligier;GF;30.241;41.084;30.445
11;3;119;01:42.5;0;;30.409;0;41.017;0;31.097;0;163.5;13:39.5;13:40.3;00:30.4;00:41.0;00:31.1;258.4;Max VAN DER SNEL;;LMP3;;Eurointernational;Ligier;GF;30.409;41.017;31.097
11;3;120;01:44.1;0;;30.557;0;42.333;0;31.246;0;161;15:23.7;15:24.5;00:30.6;00:42.3;00:31.2;257.8;Max VAN DER SNEL;;LMP3;;Eurointernational;Ligier;GF;30.557;42.333;31.246
11;3;121;01:42.4;0;;30.604;0;41.153;0;30.682;0;163.7;17:06.1;17:06.9;00:30.6;00:41.2;00:30.7;256.5;Max VAN DER SNEL;;LMP3;;Eurointernational;Ligier;GF;30.604;41.153;30.682
11;3;122;01:43.8;0;;30.382;0;42.188;0;31.237;0;161.5;18:49.9;18:50.7;00:30.4;00:42.2;00:31.2;259.6;Max VAN DER SNEL;;LMP3;;Eurointernational;Ligier;GF;30.382;42.188;31.237
11;3;123;01:48.8;0;B;30.338;0;41.396;0;37.1;0;154;20:38.7;20:39.5;00:30.3;00:41.4;00:37.1;257.1;Max VAN DER SNEL;;LMP3;;Eurointernational;Ligier;GF;30.338;41.396;37.1
11;3;124;02:08.8;0;;56.317;0;41.425;0;31.056;0;130.2;22:47.5;22:48.3;00:56.3;00:41.4;00:31.1;187.8;Max VAN DER SNEL;00:29.7;LMP3;;Eurointernational;Ligier;GF;56.317;41.425;31.056
11;3;125;01:42.8;0;;30.342;0;41.55;0;30.879;0;163.1;24:30.3;24:31.1;00:30.3;00:41.6;00:30.9;259;Max VAN DER SNEL;;LMP3;;Eurointernational;Ligier;GF;30.342;41.55;30.879
11;3;126;01:43.6;0;;30.397;0;42.023;0;31.163;0;161.9;26:13.9;26:14.7;00:30.4;00:42.0;00:31.2;257.8;Max VAN DER SNEL;;LMP3;;Eurointernational;Ligier;GF;30.397;42.023;31.163
11;3;127;01:43.0;0;;30.532;0;41.289;0;31.142;0;162.8;27:56.9;27:57.7;00:30.5;00:41.3;00:31.1;257.1;Max VAN DER SNEL;;LMP3;;Eurointernational;Ligier;FF;30.532;41.289;31.142
13;2;1;02:23.7;0;;46.301;0;56.803;0;40.555;0;113.2;02:23.7;02:24.5;00:46.3;00:56.8;00:40.6;;Henry CUBIDES OLARTE;;LMP3;;Inter Europol Competition;Ligier;SF;46.301;56.803;40.555
13;2;2;28:15.2;0;;01:19.6;0;01:24.8;0;25:30.7;0;9.9;30:38.8;30:39.6;01:19.6;01:24.8;25:30.7;;Henry CUBIDES OLARTE;;LMP3;;Inter Europol Competition;Ligier;SF;79.621;84.846;1530.692
13;2;3;02:47.6;0;;56.426;0;01:06.7;0;44.477;0;100;33:26.4;33:27.2;00:56.4;01:06.7;00:44.5;135.2;Henry CUBIDES OLARTE;;LMP3;;Inter Europol Competition;Ligier;SF;56.426;66.685;44.477
13;2;4;02:16.7;0;;47.006;0;49.789;0;39.943;0;122.6;35:43.1;35:43.9;00:47.0;00:49.8;00:39.9;;Henry CUBIDES OLARTE;;LMP3;;Inter Europol Competition;Ligier;GF;47.006;49.789;39.943
13;2;5;01:48.6;0;B;31.016;0;42.408;0;35.201;0;154.3;37:31.8;37:32.6;00:31.0;00:42.4;00:35.2;262.8;Henry CUBIDES OLARTE;;LMP3;;Inter Europol Competition;Ligier;GF;31.016;42.408;35.201
13;1;6;02:46.5;0;;01:31.6;0;43.418;0;31.527;0;100.7;40:18.3;40:19.1;01:31.6;00:43.4;00:31.5;184.9;Alexander BUKHANTSOV;01:03.5;LMP3;;Inter Europol Competition;Ligier;GF;91.56;43.418;31.527
13;1;7;01:45.2;0;;30.88;0;42.677;0;31.666;0;159.3;42:03.5;42:04.3;00:30.9;00:42.7;00:31.7;260.9;Alexander BUKHANTSOV;;LMP3;;Inter Europol Competition;Ligier;GF;30.88;42.677;31.666
13;1;8;01:42.9;0;;30.592;0;41.784;0;30.567;0;162.9;43:46.4;43:47.2;00:30.6;00:41.8;00:30.6;259;Alexander BUKHANTSOV;;LMP3;;Inter Europol Competition;Ligier;GF;30.592;41.784;30.567
13;1;9;01:42.7;0;;30.345;0;41.656;0;30.656;0;163.3;45:29.1;45:29.9;00:30.3;00:41.7;00:30.7;259.6;Alexander BUKHANTSOV;;LMP3;;Inter Europol Competition;Ligier;GF;30.345;41.656;30.656
13;1;10;01:42.7;0;;30.574;0;41.56;0;30.583;0;163.2;47:11.8;47:12.6;00:30.6;00:41.6;00:30.6;257.1;Alexander BUKHANTSOV;;LMP3;;Inter Europol Competition;Ligier;GF;30.574;41.56;30.583
13;1;11;01:43.7;0;;30.788;0;42.436;0;30.489;0;161.6;48:55.5;48:56.3;00:30.8;00:42.4;00:30.5;260.9;Alexander BUKHANTSOV;;LMP3;;Inter Europol Competition;Ligier;GF;30.788;42.436;30.489
13;1;12;01:42.0;0;;30.327;0;41.25;0;30.437;0;164.3;50:37.5;50:38.3;00:30.3;00:41.3;00:30.4;259.6;Alexander BUKHANTSOV;;LMP3;;Inter Europol Competition;Ligier;GF;30.327;41.25;30.437
13;1;13;01:41.3;0;;30.061;0;41.153;0;30.106;2;165.5;52:18.9;52:19.7;00:30.1;00:41.2;00:30.1;260.9;Alexander BUKHANTSOV;;LMP3;;Inter Europol Competition;Ligier;GF;30.061;41.153;30.106
13;1;14;01:41.4;0;;30.067;0;41.01;0;30.336;0;165.3;54:00.3;54:01.1;00:30.1;00:41.0;00:30.3;259;Alexander BUKHANTSOV;;LMP3;;Inter Europol Competition;Ligier;GF;30.067;41.01;30.336
13;1;15;01:44.8;0;;30.759;0;42.242;0;31.844;0;159.9;55:45.1;55:45.9;00:30.8;00:42.2;00:31.8;263.4;Alexander BUKHANTSOV;;LMP3;;Inter Europol Competition;Ligier;GF;30.759;42.242;31.844
13;1;16;01:44.4;0;;30.736;0;42.53;0;31.125;0;160.6;57:29.5;57:30.3;00:30.7;00:42.5;00:31.1;262.8;Alexander BUKHANTSOV;;LMP3;;Inter Europol Competition;Ligier;GF;30.736;42.53;31.125
13;1;17;01:42.5;0;;30.533;0;41.493;0;30.494;0;163.5;59:12.0;59:12.8;00:30.5;00:41.5;00:30.5;259;Alexander BUKHANTSOV;;LMP3;;Inter Europol Competition;Ligier;GF;30.533;41.493;30.494
13;1;18;01:42.2;0;;30.139;0;41.445;0;30.574;0;164.1;00:54.2;00:55.0;00:30.1;00:41.4;00:30.6;261.5;Alexander BUKHANTSOV;;LMP3;;Inter Europol Competition;Ligier;GF;30.139;41.445;30.574
13;1;19;01:44.1;0;;30.891;0;42.152;0;31.058;0;161;02:38.3;02:39.1;00:30.9;00:42.2;00:31.1;260.9;Alexander BUKHANTSOV;;LMP3;;Inter Europol Competition;Ligier;GF;30.891;42.152;31.058
13;1;20;01:43.0;0;;30.415;0;41.715;0;30.847;0;162.8;04:21.3;04:22.1;00:30.4;00:41.7;00:30.8;259.6;Alexander BUKHANTSOV;;LMP3;;Inter Europol Competition;Ligier;GF;30.415;41.715;30.847
13;1;21;01:44.8;0;;30.337;0;41.913;0;32.552;0;160;06:06.1;06:06.9;00:30.3;00:41.9;00:32.6;260.9;Alexander BUKHANTSOV;;LMP3;;Inter Europol Competition;Ligier;GF;30.337;41.913;32.552
13;1;22;01:42.4;0;;30.586;0;41.376;0;30.426;0;163.7;07:48.5;07:49.3;00:30.6;00:41.4;00:30.4;262.1;Alexander BUKHANTSOV;;LMP3;;Inter Europol Competition;Ligier;GF;30.586;41.376;30.426
13;1;23;01:42.2;0;;30.23;0;41.294;0;30.636;0;164.1;09:30.6;09:31.4;00:30.2;00:41.3;00:30.6;259.6;Alexander BUKHANTSOV;;LMP3;;Inter Europol Competition;Ligier;GF;30.23;41.294;30.636
13;1;24;01:42.9;0;;30.148;0;41.915;0;30.829;0;162.9;11:13.5;11:14.3;00:30.1;00:41.9;00:30.8;260.2;Alexander BUKHANTSOV;;LMP3;;Inter Europol Competition;Ligier;GF;30.148;41.915;30.829
13;1;25;01:41.8;0;;30.374;0;41.082;0;30.341;0;164.7;12:55.3;12:56.1;00:30.4;00:41.1;00:30.3;258.4;Alexander BUKHANTSOV;;LMP3;;Inter Europol Competition;Ligier;GF;30.374;41.082;30.341
13;1;26;01:42.4;0;;30.107;0;41.108;0;31.144;0;163.8;14:37.7;14:38.5;00:30.1;00:41.1;00:31.1;260.9;Alexander BUKHANTSOV;;LMP3;;Inter Europol Competition;Ligier;GF;30.107;41.108;31.144
13;1;27;01:42.8;0;;30.537;0;41.436;0;30.797;0;163.1;16:20.4;16:21.2;00:30.5;00:41.4;00:30.8;259;Alexander BUKHANTSOV;;LMP3;;Inter Europol Competition;Ligier;GF;30.537;41.436;30.797
13;1;28;01:42.8;0;;30.468;0;41.094;0;31.275;0;163;18:03.3;18:04.1;00:30.5;00:41.1;00:31.3;260.2;Alexander BUKHANTSOV;;LMP3;;Inter Europol Competition;Ligier;GF;30.468;41.094;31.275
13;1;29;01:43.8;0;;31.277;0;41.903;0;30.574;0;161.6;19:47.0;19:47.8;00:31.3;00:41.9;00:30.6;259.6;Alexander BUKHANTSOV;;LMP3;;Inter Europol Competition;Ligier;GF;31.277;41.903;30.574
13;1;30;01:42.0;0;;30.016;1;41.118;0;30.846;0;164.4;21:29.0;21:29.8;00:30.0;00:41.1;00:30.8;260.2;Alexander BUKHANTSOV;;LMP3;;Inter Europol Competition;Ligier;GF;30.016;41.118;30.846
13;1;31;01:42.1;0;;30.215;0;40.955;1;30.973;0;164.1;23:11.1;23:11.9;00:30.2;00:41.0;00:31.0;259;Alexander BUKHANTSOV;;LMP3;;Inter Europol Competition;Ligier;GF;30.215;40.955;30.973
13;1;32;01:42.8;0;;30.655;0;41.596;0;30.571;0;163.1;24:54.0;24:54.8;00:30.7;00:41.6;00:30.6;261.5;Alexander BUKHANTSOV;;LMP3;;Inter Europol Competition;Ligier;GF;30.655;41.596;30.571
13;1;33;01:43.0;0;;30.553;0;41.861;0;30.615;0;162.7;26:37.0;26:37.8;00:30.6;00:41.9;00:30.6;262.8;Alexander BUKHANTSOV;;LMP3;;Inter Europol Competition;Ligier;GF;30.553;41.861;30.615
13;1;34;01:42.1;0;;30.472;0;41.438;0;30.214;0;164.2;28:19.1;28:19.9;00:30.5;00:41.4;00:30.2;264.1;Alexander BUKHANTSOV;;LMP3;;Inter Europol Competition;Ligier;GF;30.472;41.438;30.214
13;1;35;01:41.4;0;;30.117;0;40.96;0;30.364;0;165.3;30:00.6;30:01.4;00:30.1;00:41.0;00:30.4;262.1;Alexander BUKHANTSOV;;LMP3;;Inter Europol Competition;Ligier;GF;30.117;40.96;30.364
13;1;36;01:43.3;0;;30.909;0;41.733;0;30.696;0;162.2;31:43.9;31:44.7;00:30.9;00:41.7;00:30.7;259;Alexander BUKHANTSOV;;LMP3;;Inter Europol Competition;Ligier;GF;30.909;41.733;30.696
13;1;37;01:42.4;0;;30.334;0;41.079;0;30.973;0;163.7;33:26.3;33:27.1;00:30.3;00:41.1;00:31.0;260.9;Alexander BUKHANTSOV;;LMP3;;Inter Europol Competition;Ligier;GF;30.334;41.079;30.973
13;1;38;02:45.1;0;B;30.522;0;01:17.4;0;57.118;0;101.6;36:11.4;36:12.2;00:30.5;01:17.4;00:57.1;260.2;Alexander BUKHANTSOV;;LMP3;;Inter Europol Competition;Ligier;GF;30.522;77.442;57.118
13;1;39;04:59.6;0;;02:42.0;0;01:20.1;0;57.472;0;56;41:10.9;41:11.7;02:42.0;01:20.1;00:57.5;;Alexander BUKHANTSOV;01:46.9;LMP3;;Inter Europol Competition;Ligier;GF;161.976;80.106;57.472
13;1;40;02:30.3;0;;59.263;0;55.239;0;35.831;0;111.5;43:41.3;43:42.1;00:59.3;00:55.2;00:35.8;;Alexander BUKHANTSOV;;LMP3;;Inter Europol Competition;Ligier;SF;59.263;55.239;35.831
13;1;41;02:21.2;0;;37.123;0;01:08.8;0;35.264;0;118.8;46:02.4;46:03.2;00:37.1;01:08.8;00:35.3;193.2;Alexander BUKHANTSOV;;LMP3;;Inter Europol Competition;Ligier;SF;37.123;68.774;35.264
13;1;42;01:49.5;0;;33.762;0;43.716;0;32.039;0;153.1;47:51.9;47:52.7;00:33.8;00:43.7;00:32.0;240.5;Alexander BUKHANTSOV;;LMP3;;Inter Europol Competition;Ligier;SF;33.762;43.716;32.039
13;1;43;02:10.1;0;;31.618;0;59.259;0;39.18;0;128.9;50:02.0;50:02.8;00:31.6;00:59.3;00:39.2;251.7;Alexander BUKHANTSOV;;LMP3;;Inter Europol Competition;Ligier;SF;31.618;59.259;39.18
13;1;44;02:05.0;0;;42.663;0;45.822;0;36.474;0;134.2;52:07.0;52:07.7;00:42.7;00:45.8;00:36.5;;Alexander BUKHANTSOV;;LMP3;;Inter Europol Competition;Ligier;GF;42.663;45.822;36.474
13;1;45;01:45.7;0;;31.474;0;42.253;0;31.973;0;158.6;53:52.7;53:53.4;00:31.5;00:42.3;00:32.0;259;Alexander BUKHANTSOV;;LMP3;;Inter Europol Competition;Ligier;GF;31.474;42.253;31.973
13;1;46;01:44.9;0;;31.535;0;42.184;0;31.2;0;159.8;55:37.6;55:38.4;00:31.5;00:42.2;00:31.2;260.2;Alexander BUKHANTSOV;;LMP3;;Inter Europol Competition;Ligier;GF;31.535;42.184;31.2
13;1;47;01:44.1;0;;30.759;0;42.53;0;30.84;0;161;57:21.7;57:22.5;00:30.8;00:42.5;00:30.8;256.5;Alexander BUKHANTSOV;;LMP3;;Inter Europol Competition;Ligier;GF;30.759;42.53;30.84
13;1;48;01:43.5;0;;30.943;0;41.593;0;30.973;0;162;59:05.2;59:06.0;00:30.9;00:41.6;00:31.0;254.7;Alexander BUKHANTSOV;;LMP3;;Inter Europol Competition;Ligier;GF;30.943;41.593;30.973
13;1;49;01:42.3;0;;30.157;0;41.505;0;30.617;0;163.9;00:47.5;00:48.3;00:30.2;00:41.5;00:30.6;257.8;Alexander BUKHANTSOV;;LMP3;;Inter Europol Competition;Ligier;GF;30.157;41.505;30.617
13;1;50;01:45.7;0;;31.365;0;42.092;0;32.239;0;158.6;02:33.2;02:34.0;00:31.4;00:42.1;00:32.2;262.8;Alexander BUKHANTSOV;;LMP3;;Inter Europol Competition;Ligier;GF;31.365;42.092;32.239
13;1;51;02:05.0;0;;30.793;0;42.098;0;52.083;0;134.1;04:38.2;04:39.0;00:30.8;00:42.1;00:52.1;257.1;Alexander BUKHANTSOV;;LMP3;;Inter Europol Competition;Ligier;FCY;30.793;42.098;52.083
13;1;52;02:45.7;0;;01:13.6;0;59.85;0;32.183;0;101.2;07:23.8;07:24.6;01:13.6;00:59.9;00:32.2;;Alexander BUKHANTSOV;;LMP3;;Inter Europol Competition;Ligier;GF;73.638;59.85;32.183
13;1;53;01:46.3;0;;31.036;0;42.75;0;32.523;0;157.7;09:10.1;09:10.9;00:31.0;00:42.8;00:32.5;258.4;Alexander BUKHANTSOV;;LMP3;;Inter Europol Competition;Ligier;GF;31.036;42.75;32.523
13;1;54;01:42.9;0;;30.5;0;41.394;0;30.957;0;163;10:53.0;10:53.8;00:30.5;00:41.4;00:31.0;256.5;Alexander BUKHANTSOV;;LMP3;;Inter Europol Competition;Ligier;GF;30.5;41.394;30.957
13;1;55;01:42.6;0;;30.429;0;41.563;0;30.637;0;163.4;12:35.6;12:36.4;00:30.4;00:41.6;00:30.6;261.5;Alexander BUKHANTSOV;;LMP3;;Inter Europol Competition;Ligier;GF;30.429;41.563;30.637
13;1;56;01:43.0;0;;30.455;0;41.768;0;30.797;0;162.7;14:18.6;14:19.4;00:30.5;00:41.8;00:30.8;259;Alexander BUKHANTSOV;;LMP3;;Inter Europol Competition;Ligier;GF;30.455;41.768;30.797
13;1;57;01:43.8;0;;30.726;0;42.308;0;30.785;0;161.5;16:02.5;16:03.3;00:30.7;00:42.3;00:30.8;260.9;Alexander BUKHANTSOV;;LMP3;;Inter Europol Competition;Ligier;GF;30.726;42.308;30.785
13;1;58;01:44.0;0;;30.834;0;42.339;0;30.834;0;161.2;17:46.5;17:47.3;00:30.8;00:42.3;00:30.8;260.2;Alexander BUKHANTSOV;;LMP3;;Inter Europol Competition;Ligier;GF;30.834;42.339;30.834
13;1;59;01:42.6;0;;30.38;0;41.625;0;30.596;0;163.4;19:29.1;19:29.9;00:30.4;00:41.6;00:30.6;259.6;Alexander BUKHANTSOV;;LMP3;;Inter Europol Competition;Ligier;GF;30.38;41.625;30.596
13;1;60;01:43.1;0;;30.254;0;41.603;0;31.219;0;162.6;21:12.1;21:12.9;00:30.3;00:41.6;00:31.2;258.4;Alexander BUKHANTSOV;;LMP3;;Inter Europol Competition;Ligier;GF;30.254;41.603;31.219
13;1;61;01:43.5;0;;30.562;0;41.286;0;31.694;0;161.9;22:55.7;22:56.5;00:30.6;00:41.3;00:31.7;258.4;Alexander BUKHANTSOV;;LMP3;;Inter Europol Competition;Ligier;GF;30.562;41.286;31.694
13;1;62;01:43.9;0;;30.47;0;42.283;0;31.138;0;161.4;24:39.6;24:40.4;00:30.5;00:42.3;00:31.1;259.6;Alexander BUKHANTSOV;;LMP3;;Inter Europol Competition;Ligier;GF;30.47;42.283;31.138
13;1;63;01:43.5;0;;30.874;0;41.899;0;30.748;0;161.9;26:23.1;26:23.9;00:30.9;00:41.9;00:30.7;257.1;Alexander BUKHANTSOV;;LMP3;;Inter Europol Competition;Ligier;GF;30.874;41.899;30.748
13;1;64;01:48.3;0;B;30.552;0;41.874;0;35.86;0;154.8;28:11.4;28:12.2;00:30.6;00:41.9;00:35.9;256.5;Alexander BUKHANTSOV;;LMP3;;Inter Europol Competition;Ligier;GF;30.552;41.874;35.86
13;3;65;03:55.4;0;;02:17.9;0;45.151;0;52.267;0;71.2;32:06.7;32:07.5;02:17.9;00:45.2;00:52.3;179.4;Chun Ting CHOU;01:46.9;LMP3;;Inter Europol Competition;Ligier;GF;137.95;45.151;52.267
13;3;66;03:30.0;0;;01:13.3;0;01:19.7;0;57.115;0;79.8;35:36.8;35:37.6;01:13.3;01:19.7;00:57.1;;Chun Ting CHOU;;LMP3;;Inter Europol Competition;Ligier;GF;73.276;79.653;57.115
13;3;67;03:28.0;0;;01:13.4;0;01:19.8;0;54.703;0;80.6;39:04.8;39:05.5;01:13.4;01:19.8;00:54.7;;Chun Ting CHOU;;LMP3;;Inter Europol Competition;Ligier;SF;73.416;79.842;54.703
13;3;68;02:13.3;0;;38.59;0;46.036;0;48.639;0;125.8;41:18.0;41:18.8;00:38.6;00:46.0;00:48.6;208.5;Chun Ting CHOU;;LMP3;;Inter Europol Competition;Ligier;SF;38.59;46.036;48.639
13;3;69;02:46.0;0;;55.004;0;01:16.7;0;34.282;0;101;44:04.0;44:04.8;00:55.0;01:16.7;00:34.3;120;Chun Ting CHOU;;LMP3;;Inter Europol Competition;Ligier;SF;55.004;76.72;34.282
13;3;70;01:49.4;0;;32.714;0;43.749;0;32.949;0;153.2;45:53.4;45:54.2;00:32.7;00:43.7;00:32.9;240;Chun Ting CHOU;;LMP3;;Inter Europol Competition;Ligier;SF;32.714;43.749;32.949
13;3;71;02:00.6;0;;32.269;0;46.706;0;41.632;0;139;47:54.0;47:54.8;00:32.3;00:46.7;00:41.6;245.5;Chun Ting CHOU;;LMP3;;Inter Europol Competition;Ligier;SF;32.269;46.706;41.632
13;3;72;02:08.4;0;;40.842;0;46.703;0;40.861;0;130.6;50:02.4;50:03.2;00:40.8;00:46.7;00:40.9;;Chun Ting CHOU;;LMP3;;Inter Europol Competition;Ligier;GF;40.842;46.703;40.861
13;3;73;01:42.7;0;;30.783;0;41.444;0;30.516;0;163.2;51:45.2;51:46.0;00:30.8;00:41.4;00:30.5;253.5;Chun Ting CHOU;;LMP3;;Inter Europol Competition;Ligier;GF;30.783;41.444;30.516
13;3;74;01:42.7;0;;30.622;0;41.374;0;30.708;0;163.2;53:27.9;53:28.7;00:30.6;00:41.4;00:30.7;260.2;Chun Ting CHOU;;LMP3;;Inter Europol Competition;Ligier;GF;30.622;41.374;30.708
13;3;75;01:42.7;0;;30.667;0;41.4;0;30.583;0;163.3;55:10.5;55:11.3;00:30.7;00:41.4;00:30.6;257.1;Chun Ting CHOU;;LMP3;;Inter Europol Competition;Ligier;GF;30.667;41.4;30.583
13;3;76;01:42.7;0;;30.83;0;41.366;0;30.473;0;163.3;56:53.2;56:54.0;00:30.8;00:41.4;00:30.5;262.1;Chun Ting CHOU;;LMP3;;Inter Europol Competition;Ligier;GF;30.83;41.366;30.473
13;3;77;01:44.8;0;;30.568;0;42.539;0;31.741;0;159.9;58:38.1;58:38.9;00:30.6;00:42.5;00:31.7;260.9;Chun Ting CHOU;;LMP3;;Inter Europol Competition;Ligier;GF;30.568;42.539;31.741
13;3;78;01:45.4;0;;31.448;0;41.884;0;32.082;0;159;00:23.5;00:24.3;00:31.4;00:41.9;00:32.1;255.3;Chun Ting CHOU;;LMP3;;Inter Europol Competition;Ligier;GF;31.448;41.884;32.082
13;3;79;01:42.7;0;;30.636;0;41.306;0;30.802;0;163.2;02:06.2;02:07.0;00:30.6;00:41.3;00:30.8;255.3;Chun Ting CHOU;;LMP3;;Inter Europol Competition;Ligier;GF;30.636;41.306;30.802
13;3;80;02:04.8;0;;30.545;0;42.161;0;52.066;0;134.4;04:11.0;04:11.8;00:30.5;00:42.2;00:52.1;259;Chun Ting CHOU;;LMP3;;Inter Europol Competition;Ligier;FCY;30.545;42.161;52.066
13;3;81;02:41.5;0;;01:12.9;0;57.773;0;30.801;0;103.8;06:52.5;06:53.3;01:12.9;00:57.8;00:30.8;;Chun Ting CHOU;;LMP3;;Inter Europol Competition;Ligier;GF;72.905;57.773;30.801
13;3;82;01:43.4;0;;30.982;0;41.581;0;30.864;0;162.1;08:35.9;08:36.7;00:31.0;00:41.6;00:30.9;257.8;Chun Ting CHOU;;LMP3;;Inter Europol Competition;Ligier;GF;30.982;41.581;30.864
13;3;83;01:43.6;0;;30.599;0;41.669;0;31.296;0;161.9;10:19.5;10:20.3;00:30.6;00:41.7;00:31.3;260.2;Chun Ting CHOU;;LMP3;;Inter Europol Competition;Ligier;GF;30.599;41.669;31.296
13;3;84;01:44.1;0;;31.052;0;41.735;0;31.342;0;161;12:03.6;12:04.4;00:31.1;00:41.7;00:31.3;260.2;Chun Ting CHOU;;LMP3;;Inter Europol Competition;Ligier;GF;31.052;41.735;31.342
13;3;85;01:41.7;0;;30.485;0;41.027;0;30.199;0;164.8;13:45.3;13:46.1;00:30.5;00:41.0;00:30.2;258.4;Chun Ting CHOU;;LMP3;;Inter Europol Competition;Ligier;GF;30.485;41.027;30.199
13;3;86;01:40.8;0;;29.948;0;40.807;0;30.046;0;166.3;15:26.1;15:26.9;00:29.9;00:40.8;00:30.0;257.1;Chun Ting CHOU;;LMP3;;Inter Europol Competition;Ligier;GF;29.948;40.807;30.046
13;3;87;01:41.6;0;;30.184;0;40.92;0;30.47;0;165.1;17:07.7;17:08.5;00:30.2;00:40.9;00:30.5;259;Chun Ting CHOU;;LMP3;;Inter Europol Competition;Ligier;GF;30.184;40.92;30.47
13;3;88;01:42.9;0;;30.458;0;41.57;0;30.914;0;162.9;18:50.6;18:51.4;00:30.5;00:41.6;00:30.9;258.4;Chun Ting CHOU;;LMP3;;Inter Europol Competition;Ligier;GF;30.458;41.57;30.914
13;3;89;01:43.7;0;;30.411;0;41.817;0;31.483;0;161.7;20:34.3;20:35.1;00:30.4;00:41.8;00:31.5;261.5;Chun Ting CHOU;;LMP3;;Inter Europol Competition;Ligier;GF;30.411;41.817;31.483
13;3;90;02:39.0;0;;37.86;0;01:19.4;0;41.692;0;105.5;23:13.3;23:14.1;00:37.9;01:19.4;00:41.7;254.7;Chun Ting CHOU;;LMP3;;Inter Europol Competition;Ligier;GF;37.86;79.408;41.692
13;3;91;01:41.4;0;;30.301;0;40.86;0;30.197;0;165.4;24:54.6;24:55.4;00:30.3;00:40.9;00:30.2;255.3;Chun Ting CHOU;;LMP3;;Inter Europol Competition;Ligier;GF;30.301;40.86;30.197
13;3;92;01:40.9;2;;29.99;0;40.793;1;30.123;1;166.1;26:35.6;26:36.4;00:30.0;00:40.8;00:30.1;254.7;Chun Ting CHOU;;LMP3;;Inter Europol Competition;Ligier;GF;29.99;40.793;30.123
13;3;93;01:41.8;0;;29.922;2;41.242;0;30.587;0;164.8;28:17.3;28:18.1;00:29.9;00:41.2;00:30.6;256.5;Chun Ting CHOU;;LMP3;;Inter Europol Competition;Ligier;GF;29.922;41.242;30.587
13;3;94;01:48.8;0;B;30.709;0;41.482;0;36.598;0;154.1;30:06.1;30:06.9;00:30.7;00:41.5;00:36.6;259;Chun Ting CHOU;;LMP3;;Inter Europol Competition;Ligier;GF;30.709;41.482;36.598
13;2;95;02:50.4;0;;01:34.2;0;44.258;0;31.944;0;98.4;32:56.5;32:57.3;01:34.2;00:44.3;00:31.9;185.6;Henry CUBIDES OLARTE;01:04.1;LMP3;;Inter Europol Competition;Ligier;GF;94.239;44.258;31.944
13;2;96;01:44.1;0;;31.334;0;41.826;0;30.986;0;161;34:40.7;34:41.5;00:31.3;00:41.8;00:31.0;255.3;Henry CUBIDES OLARTE;;LMP3;;Inter Europol Competition;Ligier;GF;31.334;41.826;30.986
13;2;97;01:42.1;0;;30.437;0;40.852;0;30.777;0;164.3;36:22.7;36:23.5;00:30.4;00:40.9;00:30.8;256.5;Henry CUBIDES OLARTE;;LMP3;;Inter Europol Competition;Ligier;GF;30.437;40.852;30.777
13;2;98;01:43.0;0;;30.074;0;41.284;0;31.619;0;162.8;38:05.7;38:06.5;00:30.1;00:41.3;00:31.6;255.9;Henry CUBIDES OLARTE;;LMP3;;Inter Europol Competition;Ligier;GF;30.074;41.284;31.619
13;2;99;01:41.8;0;;30.446;0;40.934;0;30.452;0;164.6;39:47.6;39:48.4;00:30.4;00:40.9;00:30.5;255.3;Henry CUBIDES OLARTE;;LMP3;;Inter Europol Competition;Ligier;GF;30.446;40.934;30.452
13;2;100;01:41.8;0;;30.346;0;40.968;0;30.452;0;164.7;41:29.3;41:30.1;00:30.3;00:41.0;00:30.5;257.1;Henry CUBIDES OLARTE;;LMP3;;Inter Europol Competition;Ligier;GF;30.346;40.968;30.452
13;2;101;01:41.5;0;;30.216;0;41.038;0;30.244;1;165.2;43:10.8;43:11.6;00:30.2;00:41.0;00:30.2;255.9;Henry CUBIDES OLARTE;;LMP3;;Inter Europol Competition;Ligier;GF;30.216;41.038;30.244
13;2;102;01:41.7;0;;30.202;0;40.811;0;30.735;0;164.8;44:52.6;44:53.4;00:30.2;00:40.8;00:30.7;255.3;Henry CUBIDES OLARTE;;LMP3;;Inter Europol Competition;Ligier;GF;30.202;40.811;30.735
13;2;103;01:41.2;0;;30.172;0;40.718;2;30.312;0;165.7;46:33.8;46:34.6;00:30.2;00:40.7;00:30.3;256.5;Henry CUBIDES OLARTE;;LMP3;;Inter Europol Competition;Ligier;GF;30.172;40.718;30.312
13;2;104;01:43.4;0;;30.349;0;42.161;0;30.867;0;162.2;48:17.1;48:17.9;00:30.3;00:42.2;00:30.9;260.2;Henry CUBIDES OLARTE;;LMP3;;Inter Europol Competition;Ligier;GF;30.349;42.161;30.867
13;2;105;01:41.8;0;;30.298;0;41.052;0;30.478;0;164.6;49:59.0;49:59.8;00:30.3;00:41.1;00:30.5;255.3;Henry CUBIDES OLARTE;;LMP3;;Inter Europol Competition;Ligier;GF;30.298;41.052;30.478
13;2;106;01:41.4;0;;30.061;0;40.891;0;30.426;0;165.4;51:40.4;51:41.2;00:30.1;00:40.9;00:30.4;256.5;Henry CUBIDES OLARTE;;LMP3;;Inter Europol Competition;Ligier;GF;30.061;40.891;30.426
13;2;107;01:42.8;0;;30.794;0;41.384;0;30.59;0;163.1;53:23.1;53:23.9;00:30.8;00:41.4;00:30.6;257.1;Henry CUBIDES OLARTE;;LMP3;;Inter Europol Competition;Ligier;GF;30.794;41.384;30.59
13;2;108;01:42.2;0;;30.426;0;41.1;0;30.695;0;164;55:05.3;55:06.1;00:30.4;00:41.1;00:30.7;257.8;Henry CUBIDES OLARTE;;LMP3;;Inter Europol Competition;Ligier;GF;30.426;41.1;30.695
13;2;109;01:41.3;0;;30.038;0;40.95;0;30.333;0;165.5;56:46.7;56:47.5;00:30.0;00:41.0;00:30.3;257.1;Henry CUBIDES OLARTE;;LMP3;;Inter Europol Competition;Ligier;GF;30.038;40.95;30.333
13;2;110;01:41.0;0;;29.922;1;40.794;0;30.27;0;166;58:27.6;58:28.4;00:29.9;00:40.8;00:30.3;257.8;Henry CUBIDES OLARTE;;LMP3;;Inter Europol Competition;Ligier;GF;29.922;40.794;30.27
13;2;111;01:42.1;0;;30.549;0;41.092;0;30.476;0;164.2;00:09.8;00:10.6;00:30.5;00:41.1;00:30.5;255.9;Henry CUBIDES OLARTE;;LMP3;;Inter Europol Competition;Ligier;GF;30.549;41.092;30.476
13;2;112;01:41.3;0;;30.104;0;40.848;0;30.366;0;165.5;01:51.1;01:51.9;00:30.1;00:40.8;00:30.4;256.5;Henry CUBIDES OLARTE;;LMP3;;Inter Europol Competition;Ligier;GF;30.104;40.848;30.366
13;2;113;01:41.8;0;;30.23;0;41.121;0;30.432;0;164.7;03:32.9;03:33.7;00:30.2;00:41.1;00:30.4;257.1;Henry CUBIDES OLARTE;;LMP3;;Inter Europol Competition;Ligier;GF;30.23;41.121;30.432
13;2;114;01:41.5;0;;30.321;0;40.873;0;30.265;0;165.2;05:14.3;05:15.1;00:30.3;00:40.9;00:30.3;259;Henry CUBIDES OLARTE;;LMP3;;Inter Europol Competition;Ligier;GF;30.321;40.873;30.265
13;2;115;01:41.6;0;;30.057;0;41.133;0;30.452;0;164.9;06:56.0;06:56.8;00:30.1;00:41.1;00:30.5;257.8;Henry CUBIDES OLARTE;;LMP3;;Inter Europol Competition;Ligier;GF;30.057;41.133;30.452
13;2;116;01:43.2;0;;30.129;0;41.04;0;32.054;0;162.4;08:39.2;08:40.0;00:30.1;00:41.0;00:32.1;259;Henry CUBIDES OLARTE;;LMP3;;Inter Europol Competition;Ligier;GF;30.129;41.04;32.054
13;2;117;01:41.8;0;;30.265;0;41.121;0;30.408;0;164.7;10:21.0;10:21.8;00:30.3;00:41.1;00:30.4;256.5;Henry CUBIDES OLARTE;;LMP3;;Inter Europol Competition;Ligier;GF;30.265;41.121;30.408
13;2;118;01:41.0;0;;30.006;0;40.723;0;30.304;0;165.9;12:02.0;12:02.8;00:30.0;00:40.7;00:30.3;257.8;Henry CUBIDES OLARTE;;LMP3;;Inter Europol Competition;Ligier;GF;30.006;40.723;30.304
13;2;119;01:41.3;0;;30.116;0;40.868;0;30.271;0;165.6;13:43.3;13:44.1;00:30.1;00:40.9;00:30.3;257.8;Henry CUBIDES OLARTE;;LMP3;;Inter Europol Competition;Ligier;GF;30.116;40.868;30.271
13;2;120;01:42.4;0;;30.141;0;40.771;0;31.466;0;163.8;15:25.7;15:26.4;00:30.1;00:40.8;00:31.5;260.2;Henry CUBIDES OLARTE;;LMP3;;Inter Europol Competition;Ligier;GF;30.141;40.771;31.466
13;2;121;01:42.5;0;;30.28;0;41.662;0;30.543;0;163.6;17:08.1;17:08.9;00:30.3;00:41.7;00:30.5;260.9;Henry CUBIDES OLARTE;;LMP3;;Inter Europol Competition;Ligier;GF;30.28;41.662;30.543
13;2;122;01:42.6;0;;30.148;0;41.323;0;31.177;0;163.3;18:50.8;18:51.6;00:30.1;00:41.3;00:31.2;259.6;Henry CUBIDES OLARTE;;LMP3;;Inter Europol Competition;Ligier;GF;30.148;41.323;31.177
13;2;123;01:42.6;0;;30.681;0;41.039;0;30.923;0;163.3;20:33.4;20:34.2;00:30.7;00:41.0;00:30.9;257.1;Henry CUBIDES OLARTE;;LMP3;;Inter Europol Competition;Ligier;GF;30.681;41.039;30.923
13;2;124;01:42.4;0;;30.08;0;40.775;0;31.58;0;163.7;22:15.9;22:16.7;00:30.1;00:40.8;00:31.6;260.2;Henry CUBIDES OLARTE;;LMP3;;Inter Europol Competition;Ligier;GF;30.08;40.775;31.58
13;2;125;01:42.5;0;;30.461;0;41.076;0;30.922;0;163.6;23:58.3;23:59.1;00:30.5;00:41.1;00:30.9;257.8;Henry CUBIDES OLARTE;;LMP3;;Inter Europol Competition;Ligier;GF;30.461;41.076;30.922
13;2;126;01:44.3;0;;30.795;0;41.728;0;31.815;0;160.7;25:42.7;25:43.5;00:30.8;00:41.7;00:31.8;257.8;Henry CUBIDES OLARTE;;LMP3;;Inter Europol Competition;Ligier;GF;30.795;41.728;31.815
13;2;127;01:42.6;0;;30.391;0;41.343;0;30.854;0;163.4;27:25.2;27:26.0;00:30.4;00:41.3;00:30.9;259.6;Henry CUBIDES OLARTE;;LMP3;;Inter Europol Competition;Ligier;FF;30.391;41.343;30.854
14;1;1;02:11.0;0;;34.503;0;56.607;0;39.937;0;124.1;02:11.0;02:11.8;00:34.5;00:56.6;00:39.9;;Steven THOMAS;;LMP2 Pro/Am;;TDS Racing;Oreca;SF;34.503;56.607;39.937
14;1;2;03:59.5;0;;01:10.7;0;01:30.0;0;01:18.9;0;70;06:10.5;06:11.3;01:10.7;01:30.0;01:18.9;126.2;Steven THOMAS;;LMP2 Pro/Am;;TDS Racing;Oreca;RF;70.654;89.952;78.865
14;1;3;27:02.5;0;;25:10.2;0;01:06.6;0;45.753;0;10.3;33:13.1;33:13.9;25:10.2;01:06.6;00:45.8;140.8;Steven THOMAS;;LMP2 Pro/Am;;TDS Racing;Oreca;SF;1510.185;66.601;45.753
14;1;4;02:20.7;0;;47.582;0;52.667;0;40.497;0;119.1;35:33.8;35:34.6;00:47.6;00:52.7;00:40.5;;Steven THOMAS;;LMP2 Pro/Am;;TDS Racing;Oreca;GF;47.582;52.667;40.497
14;1;5;01:37.5;0;;29.056;0;39.533;0;28.894;0;172;37:11.3;37:12.1;00:29.1;00:39.5;00:28.9;283.5;Steven THOMAS;;LMP2 Pro/Am;;TDS Racing;Oreca;GF;29.056;39.533;28.894
14;1;6;01:34.8;0;;27.853;0;38.613;0;28.361;0;176.8;38:46.1;38:46.9;00:27.9;00:38.6;00:28.4;286.5;Steven THOMAS;;LMP2 Pro/Am;;TDS Racing;Oreca;GF;27.853;38.613;28.361
14;1;7;01:34.3;0;;27.558;0;38.402;0;28.328;0;177.8;40:20.4;40:21.2;00:27.6;00:38.4;00:28.3;285;Steven THOMAS;;LMP2 Pro/Am;;TDS Racing;Oreca;GF;27.558;38.402;28.328
14;1;8;01:34.8;0;;27.974;0;38.548;0;28.285;0;176.8;41:55.2;41:56.0;00:28.0;00:38.5;00:28.3;288.8;Steven THOMAS;;LMP2 Pro/Am;;TDS Racing;Oreca;GF;27.974;38.548;28.285
14;1;9;01:34.4;0;;27.517;0;38.798;0;28.047;1;177.7;43:29.6;43:30.4;00:27.5;00:38.8;00:28.0;288;Steven THOMAS;;LMP2 Pro/Am;;TDS Racing;Oreca;GF;27.517;38.798;28.047
14;1;10;01:33.7;0;;27.334;1;38.237;1;28.106;0;179;45:03.2;45:04.0;00:27.3;00:38.2;00:28.1;286.5;Steven THOMAS;;LMP2 Pro/Am;;TDS Racing;Oreca;GF;27.334;38.237;28.106
14;1;11;01:34.8;0;;27.426;0;39.143;0;28.2;0;176.9;46:38.0;46:38.8;00:27.4;00:39.1;00:28.2;287.2;Steven THOMAS;;LMP2 Pro/Am;;TDS Racing;Oreca;GF;27.426;39.143;28.2
14;1;12;01:35.8;0;;27.89;0;38.976;0;28.926;0;175;48:13.8;48:14.6;00:27.9;00:39.0;00:28.9;286.5;Steven THOMAS;;LMP2 Pro/Am;;TDS Racing;Oreca;GF;27.89;38.976;28.926
14;1;13;01:37.9;0;;28.227;0;39.914;0;29.71;0;171.3;49:51.7;49:52.5;00:28.2;00:39.9;00:29.7;288.8;Steven THOMAS;;LMP2 Pro/Am;;TDS Racing;Oreca;GF;28.227;39.914;29.71
14;1;14;01:36.0;0;;27.659;0;39.274;0;29.082;0;174.6;51:27.7;51:28.5;00:27.7;00:39.3;00:29.1;288.8;Steven THOMAS;;LMP2 Pro/Am;;TDS Racing;Oreca;GF;27.659;39.274;29.082
14;1;15;01:35.3;0;;28.072;0;38.854;0;28.363;0;175.9;53:03.0;53:03.8;00:28.1;00:38.9;00:28.4;288;Steven THOMAS;;LMP2 Pro/Am;;TDS Racing;Oreca;GF;28.072;38.854;28.363
14;1;16;01:34.8;0;;27.608;0;38.561;0;28.603;0;176.9;54:37.7;54:38.5;00:27.6;00:38.6;00:28.6;288;Steven THOMAS;;LMP2 Pro/Am;;TDS Racing;Oreca;GF;27.608;38.561;28.603
14;1;17;01:36.1;0;;28.387;0;38.889;0;28.788;0;174.5;56:13.8;56:14.6;00:28.4;00:38.9;00:28.8;290.3;Steven THOMAS;;LMP2 Pro/Am;;TDS Racing;Oreca;GF;28.387;38.889;28.788
14;1;18;01:36.5;0;;28.358;0;38.769;0;29.37;0;173.7;57:50.3;57:51.1;00:28.4;00:38.8;00:29.4;291.1;Steven THOMAS;;LMP2 Pro/Am;;TDS Racing;Oreca;GF;28.358;38.769;29.37
14;1;19;01:35.6;0;;27.901;0;38.546;0;29.18;0;175.3;59:25.9;59:26.7;00:27.9;00:38.5;00:29.2;282.7;Steven THOMAS;;LMP2 Pro/Am;;TDS Racing;Oreca;GF;27.901;38.546;29.18
14;1;20;01:36.5;0;;28.412;0;39.546;0;28.56;0;173.7;01:02.4;01:03.2;00:28.4;00:39.5;00:28.6;285.7;Steven THOMAS;;LMP2 Pro/Am;;TDS Racing;Oreca;GF;28.412;39.546;28.56
14;1;21;01:37.6;0;;27.869;0;40.108;0;29.649;0;171.7;02:40.1;02:40.9;00:27.9;00:40.1;00:29.6;287.2;Steven THOMAS;;LMP2 Pro/Am;;TDS Racing;Oreca;GF;27.869;40.108;29.649
14;1;22;01:37.3;0;;28.429;0;38.952;0;29.913;0;172.3;04:17.4;04:18.2;00:28.4;00:39.0;00:29.9;287.2;Steven THOMAS;;LMP2 Pro/Am;;TDS Racing;Oreca;GF;28.429;38.952;29.913
14;1;23;01:36.6;0;;28.21;0;38.684;0;29.738;0;173.5;05:54.0;05:54.8;00:28.2;00:38.7;00:29.7;288;Steven THOMAS;;LMP2 Pro/Am;;TDS Racing;Oreca;GF;28.21;38.684;29.738
14;1;24;01:35.9;0;;27.821;0;38.61;0;29.469;0;174.8;07:29.9;07:30.7;00:27.8;00:38.6;00:29.5;288;Steven THOMAS;;LMP2 Pro/Am;;TDS Racing;Oreca;GF;27.821;38.61;29.469
14;1;25;01:37.8;0;;28.46;0;39.848;0;29.51;0;171.4;09:07.7;09:08.5;00:28.5;00:39.8;00:29.5;290.3;Steven THOMAS;;LMP2 Pro/Am;;TDS Racing;Oreca;GF;28.46;39.848;29.51
14;1;26;01:36.1;0;;27.872;0;38.555;0;29.703;0;174.4;10:43.8;10:44.6;00:27.9;00:38.6;00:29.7;286.5;Steven THOMAS;;LMP2 Pro/Am;;TDS Racing;Oreca;GF;27.872;38.555;29.703
14;1;27;01:35.6;0;;28.079;0;38.523;0;28.952;0;175.5;12:19.4;12:20.2;00:28.1;00:38.5;00:29.0;288.8;Steven THOMAS;;LMP2 Pro/Am;;TDS Racing;Oreca;GF;28.079;38.523;28.952
14;1;28;01:43.0;0;B;28.066;0;39.83;0;35.058;0;162.8;14:02.3;14:03.1;00:28.1;00:39.8;00:35.1;285.7;Steven THOMAS;;LMP2 Pro/Am;;TDS Racing;Oreca;GF;28.066;39.83;35.058
14;1;29;02:23.5;0;;01:15.7;0;39.079;0;28.742;0;116.8;16:25.9;16:26.7;01:15.7;00:39.1;00:28.7;208.5;Steven THOMAS;00:50.9;LMP2 Pro/Am;;TDS Racing;Oreca;GF;75.707;39.079;28.742
14;1;30;01:38.5;0;;27.995;0;39.39;0;31.145;0;170.2;18:04.4;18:05.2;00:28.0;00:39.4;00:31.1;288.8;Steven THOMAS;;LMP2 Pro/Am;;TDS Racing;Oreca;GF;27.995;39.39;31.145
14;1;31;01:38.4;0;;29.213;0;39.558;0;29.584;0;170.5;19:42.8;19:43.6;00:29.2;00:39.6;00:29.6;291.1;Steven THOMAS;;LMP2 Pro/Am;;TDS Racing;Oreca;GF;29.213;39.558;29.584
14;1;32;01:37.8;0;;28.175;0;38.915;0;30.669;0;171.5;21:20.5;21:21.3;00:28.2;00:38.9;00:30.7;286.5;Steven THOMAS;;LMP2 Pro/Am;;TDS Racing;Oreca;GF;28.175;38.915;30.669
14;1;33;01:37.0;0;;28.282;0;38.773;0;29.953;0;172.8;22:57.5;22:58.3;00:28.3;00:38.8;00:30.0;286.5;Steven THOMAS;;LMP2 Pro/Am;;TDS Racing;Oreca;GF;28.282;38.773;29.953
14;1;34;01:36.7;0;;28.823;0;38.866;0;29.045;0;173.3;24:34.3;24:35.1;00:28.8;00:38.9;00:29.0;288;Steven THOMAS;;LMP2 Pro/Am;;TDS Racing;Oreca;GF;28.823;38.866;29.045
14;1;35;01:37.1;0;;28.025;0;39.884;0;29.216;0;172.6;26:11.4;26:12.2;00:28.0;00:39.9;00:29.2;288.8;Steven THOMAS;;LMP2 Pro/Am;;TDS Racing;Oreca;GF;28.025;39.884;29.216
14;1;36;01:39.1;0;;28.246;0;39.366;0;31.472;0;169.2;27:50.5;27:51.3;00:28.2;00:39.4;00:31.5;288.8;Steven THOMAS;;LMP2 Pro/Am;;TDS Racing;Oreca;GF;28.246;39.366;31.472
14;1;37;01:44.1;0;B;28.571;0;39.518;0;35.979;0;161.1;29:34.5;29:35.3;00:28.6;00:39.5;00:36.0;288.8;Steven THOMAS;;LMP2 Pro/Am;;TDS Racing;Oreca;GF;28.571;39.518;35.979
14;2;38;02:58.9;0;;01:49.8;0;40.081;0;29.023;0;93.7;32:33.4;32:34.2;01:49.8;00:40.1;00:29.0;194.6;Sami MEGUETOUNIF;01:22.1;LMP2 Pro/Am;;TDS Racing;Oreca;GF;109.774;40.081;29.023
14;2;39;01:48.8;0;;27.652;0;39.188;0;42.001;0;154;34:22.3;34:23.1;00:27.7;00:39.2;00:42.0;291.1;Sami MEGUETOUNIF;;LMP2 Pro/Am;;TDS Racing;Oreca;GF;27.652;39.188;42.001
14;2;40;03:29.5;0;;01:13.6;0;01:19.4;0;56.508;0;80;37:51.8;37:52.6;01:13.6;01:19.4;00:56.5;;Sami MEGUETOUNIF;;LMP2 Pro/Am;;TDS Racing;Oreca;GF;73.604;79.395;56.508
14;2;41;03:29.4;0;;01:13.2;0;01:19.6;0;56.589;0;80;41:21.2;41:22.0;01:13.2;01:19.6;00:56.6;;Sami MEGUETOUNIF;;LMP2 Pro/Am;;TDS Racing;Oreca;SF;73.245;79.608;56.589
14;2;42;02:22.1;0;;52.992;0;54.46;0;34.621;0;118;43:43.3;43:44.1;00:53.0;00:54.5;00:34.6;122.2;Sami MEGUETOUNIF;;LMP2 Pro/Am;;TDS Racing;Oreca;SF;52.992;54.46;34.621
14;2;43;02:59.5;0;;38.06;0;01:20.0;0;01:01.4;0;93.4;46:42.7;46:43.5;00:38.1;01:20.0;01:01.4;151;Sami MEGUETOUNIF;;LMP2 Pro/Am;;TDS Racing;Oreca;SF;38.06;80.006;61.392
14;2;44;02:59.1;0;;01:10.4;0;01:06.7;0;42.004;0;93.6;49:41.9;49:42.7;01:10.4;01:06.7;00:42.0;;Sami MEGUETOUNIF;;LMP2 Pro/Am;;TDS Racing;Oreca;SF;70.382;66.732;42.004
14;2;45;02:10.5;0;;39.967;0;51.544;0;38.991;0;128.5;51:52.4;51:53.2;00:40.0;00:51.5;00:39.0;187.8;Sami MEGUETOUNIF;;LMP2 Pro/Am;;TDS Racing;Oreca;GF;39.967;51.544;38.991
14;2;46;01:34.6;0;;27.623;0;38.863;0;28.126;0;177.2;53:27.0;53:27.8;00:27.6;00:38.9;00:28.1;290.3;Sami MEGUETOUNIF;;LMP2 Pro/Am;;TDS Racing;Oreca;GF;27.623;38.863;28.126
14;2;47;01:32.4;0;;27.278;0;37.252;1;27.836;0;181.5;54:59.3;55:00.1;00:27.3;00:37.3;00:27.8;289.5;Sami MEGUETOUNIF;;LMP2 Pro/Am;;TDS Racing;Oreca;GF;27.278;37.252;27.836
14;2;48;01:32.7;0;;27.052;1;37.847;0;27.837;0;180.8;56:32.1;56:32.9;00:27.1;00:37.8;00:27.8;290.3;Sami MEGUETOUNIF;;LMP2 Pro/Am;;TDS Racing;Oreca;GF;27.052;37.847;27.837
14;2;49;01:33.4;0;;27.226;0;37.445;0;28.688;0;179.6;58:05.4;58:06.2;00:27.2;00:37.4;00:28.7;289.5;Sami MEGUETOUNIF;;LMP2 Pro/Am;;TDS Racing;Oreca;GF;27.226;37.445;28.688
14;2;50;01:32.7;0;;27.341;0;37.622;0;27.72;1;180.9;59:38.1;59:38.9;00:27.3;00:37.6;00:27.7;290.3;Sami MEGUETOUNIF;;LMP2 Pro/Am;;TDS Racing;Oreca;GF;27.341;37.622;27.72
14;2;51;01:32.8;0;;27.201;0;37.643;0;27.924;0;180.7;01:10.9;01:11.7;00:27.2;00:37.6;00:27.9;288;Sami MEGUETOUNIF;;LMP2 Pro/Am;;TDS Racing;Oreca;GF;27.201;37.643;27.924
14;2;52;01:34.4;0;;27.472;0;37.904;0;29.045;0;177.6;02:45.3;02:46.1;00:27.5;00:37.9;00:29.0;285.7;Sami MEGUETOUNIF;;LMP2 Pro/Am;;TDS Racing;Oreca;GF;27.472;37.904;29.045
14;2;53;01:58.8;0;;27.92;0;39.335;0;51.589;0;141.1;04:44.1;04:44.9;00:27.9;00:39.3;00:51.6;283.5;Sami MEGUETOUNIF;;LMP2 Pro/Am;;TDS Racing;Oreca;FCY;27.92;39.335;51.589
14;2;54;02:38.5;0;;01:13.8;0;55.008;0;29.676;0;105.8;07:22.6;07:23.4;01:13.8;00:55.0;00:29.7;;Sami MEGUETOUNIF;;LMP2 Pro/Am;;TDS Racing;Oreca;GF;73.798;55.008;29.676
14;2;55;01:35.1;0;;27.824;0;38.325;0;28.999;0;176.2;08:57.8;08:58.6;00:27.8;00:38.3;00:29.0;288.8;Sami MEGUETOUNIF;;LMP2 Pro/Am;;TDS Racing;Oreca;GF;27.824;38.325;28.999
14;2;56;01:34.3;0;;27.417;0;38.484;0;28.413;0;177.8;10:32.1;10:32.9;00:27.4;00:38.5;00:28.4;290.3;Sami MEGUETOUNIF;;LMP2 Pro/Am;;TDS Racing;Oreca;GF;27.417;38.484;28.413
14;2;57;01:34.2;0;;27.449;0;38.394;0;28.328;0;178;12:06.3;12:07.1;00:27.4;00:38.4;00:28.3;290.3;Sami MEGUETOUNIF;;LMP2 Pro/Am;;TDS Racing;Oreca;GF;27.449;38.394;28.328
14;2;58;01:34.1;0;;27.333;0;38.497;0;28.282;0;178.1;13:40.4;13:41.2;00:27.3;00:38.5;00:28.3;290.3;Sami MEGUETOUNIF;;LMP2 Pro/Am;;TDS Racing;Oreca;GF;27.333;38.497;28.282
14;2;59;01:33.9;0;;27.403;0;38.319;0;28.222;0;178.5;15:14.3;15:15.1;00:27.4;00:38.3;00:28.2;289.5;Sami MEGUETOUNIF;;LMP2 Pro/Am;;TDS Racing;Oreca;GF;27.403;38.319;28.222
14;2;60;01:34.4;0;;27.454;0;37.98;0;28.918;0;177.7;16:48.7;16:49.5;00:27.5;00:38.0;00:28.9;290.3;Sami MEGUETOUNIF;;LMP2 Pro/Am;;TDS Racing;Oreca;GF;27.454;37.98;28.918
14;2;61;01:33.7;0;;27.506;0;38.121;0;28.11;0;178.9;18:22.4;18:23.2;00:27.5;00:38.1;00:28.1;290.3;Sami MEGUETOUNIF;;LMP2 Pro/Am;;TDS Racing;Oreca;GF;27.506;38.121;28.11
14;2;62;01:34.2;0;;27.391;0;37.972;0;28.843;0;178;19:56.6;19:57.4;00:27.4;00:38.0;00:28.8;290.3;Sami MEGUETOUNIF;;LMP2 Pro/Am;;TDS Racing;Oreca;GF;27.391;37.972;28.843
14;2;63;01:36.0;0;;28.278;0;39.086;0;28.656;0;174.6;21:32.6;21:33.4;00:28.3;00:39.1;00:28.7;291.1;Sami MEGUETOUNIF;;LMP2 Pro/Am;;TDS Racing;Oreca;GF;28.278;39.086;28.656
14;2;64;01:34.9;0;;27.709;0;38.556;0;28.611;0;176.7;23:07.5;23:08.3;00:27.7;00:38.6;00:28.6;290.3;Sami MEGUETOUNIF;;LMP2 Pro/Am;;TDS Racing;Oreca;GF;27.709;38.556;28.611
14;2;65;01:35.2;0;;27.941;0;38.395;0;28.814;0;176.2;24:42.7;24:43.5;00:27.9;00:38.4;00:28.8;290.3;Sami MEGUETOUNIF;;LMP2 Pro/Am;;TDS Racing;Oreca;GF;27.941;38.395;28.814
14;2;66;01:34.7;0;;27.787;0;38.386;0;28.482;0;177.1;26:17.3;26:18.1;00:27.8;00:38.4;00:28.5;288;Sami MEGUETOUNIF;;LMP2 Pro/Am;;TDS Racing;Oreca;GF;27.787;38.386;28.482
14;2;67;01:35.3;0;;27.65;0;38.722;0;28.95;0;175.9;27:52.6;27:53.4;00:27.6;00:38.7;00:29.0;290.3;Sami MEGUETOUNIF;;LMP2 Pro/Am;;TDS Racing;Oreca;GF;27.65;38.722;28.95
14;2;68;01:35.5;0;;28.314;0;38.278;0;28.938;0;175.5;29:28.2;29:29.0;00:28.3;00:38.3;00:28.9;290.3;Sami MEGUETOUNIF;;LMP2 Pro/Am;;TDS Racing;Oreca;GF;28.314;38.278;28.938
14;2;69;01:35.2;0;;28.019;0;38.232;0;28.976;0;176.1;31:03.4;31:04.2;00:28.0;00:38.2;00:29.0;288.8;Sami MEGUETOUNIF;;LMP2 Pro/Am;;TDS Racing;Oreca;GF;28.019;38.232;28.976
14;2;70;02:44.7;0;B;28.967;0;01:18.8;0;56.924;0;101.8;33:48.1;33:48.8;00:29.0;01:18.8;00:56.9;287.2;Sami MEGUETOUNIF;;LMP2 Pro/Am;;TDS Racing;Oreca;GF;28.967;78.768;56.924
14;2;71;04:25.2;0;;02:08.9;0;01:19.2;0;57.117;0;63.2;38:13.3;38:14.1;02:08.9;01:19.2;00:57.1;;Sami MEGUETOUNIF;01:14.4;LMP2 Pro/Am;;TDS Racing;Oreca;GF;128.923;79.164;57.117
14;2;72;02:54.4;0;;01:01.8;0;55.177;0;57.451;0;96.1;41:07.7;41:08.5;01:01.8;00:55.2;00:57.5;;Sami MEGUETOUNIF;;LMP2 Pro/Am;;TDS Racing;Oreca;SF;61.82;55.177;57.451
14;2;73;03:24.5;0;;58.011;0;01:24.3;0;01:02.1;0;82;44:32.2;44:33.0;00:58.0;01:24.3;01:02.1;159.8;Sami MEGUETOUNIF;;LMP2 Pro/Am;;TDS Racing;Oreca;SF;58.011;84.35;62.093
14;2;74;02:52.2;0;;01:05.8;0;01:05.2;0;41.25;0;97.4;47:24.4;47:25.2;01:05.8;01:05.2;00:41.3;;Sami MEGUETOUNIF;;LMP2 Pro/Am;;TDS Racing;Oreca;SF;65.781;65.178;41.25
14;2;75;02:20.2;0;;41.368;0;51.268;0;47.592;0;119.6;49:44.6;49:45.4;00:41.4;00:51.3;00:47.6;152.8;Sami MEGUETOUNIF;;LMP2 Pro/Am;;TDS Racing;Oreca;GF;41.368;51.268;47.592
14;2;76;01:36.4;0;;28.385;0;38.682;0;29.322;0;173.9;51:21.0;51:21.8;00:28.4;00:38.7;00:29.3;286.5;Sami MEGUETOUNIF;;LMP2 Pro/Am;;TDS Racing;Oreca;GF;28.385;38.682;29.322
14;2;77;01:35.3;0;;27.848;0;38.921;0;28.516;0;175.9;52:56.3;52:57.1;00:27.8;00:38.9;00:28.5;286.5;Sami MEGUETOUNIF;;LMP2 Pro/Am;;TDS Racing;Oreca;GF;27.848;38.921;28.516
14;2;78;01:35.5;0;;27.799;0;38.856;0;28.811;0;175.6;54:31.7;54:32.5;00:27.8;00:38.9;00:28.8;286.5;Sami MEGUETOUNIF;;LMP2 Pro/Am;;TDS Racing;Oreca;GF;27.799;38.856;28.811
14;2;79;01:35.9;0;;27.73;0;38.886;0;29.24;0;174.9;56:07.6;56:08.4;00:27.7;00:38.9;00:29.2;288;Sami MEGUETOUNIF;;LMP2 Pro/Am;;TDS Racing;Oreca;GF;27.73;38.886;29.24
14;2;80;01:35.5;0;;28.539;0;38.43;0;28.508;0;175.6;57:43.1;57:43.9;00:28.5;00:38.4;00:28.5;290.3;Sami MEGUETOUNIF;;LMP2 Pro/Am;;TDS Racing;Oreca;GF;28.539;38.43;28.508
14;2;81;01:34.2;0;;27.657;0;38.247;0;28.288;0;178;59:17.3;59:18.1;00:27.7;00:38.2;00:28.3;288.8;Sami MEGUETOUNIF;;LMP2 Pro/Am;;TDS Racing;Oreca;GF;27.657;38.247;28.288
14;2;82;01:34.3;0;;27.554;0;38.312;0;28.473;0;177.7;00:51.6;00:52.4;00:27.6;00:38.3;00:28.5;288;Sami MEGUETOUNIF;;LMP2 Pro/Am;;TDS Racing;Oreca;GF;27.554;38.312;28.473
14;2;83;01:43.4;0;B;27.649;0;38.347;0;37.442;0;162.1;02:35.0;02:35.8;00:27.6;00:38.3;00:37.4;288.8;Sami MEGUETOUNIF;;LMP2 Pro/Am;;TDS Racing;Oreca;GF;27.649;38.347;37.442
14;3;84;04:01.3;0;;02:16.1;0;01:14.6;0;30.698;0;69.5;06:36.4;06:37.2;02:16.1;01:14.6;00:30.7;;Scott HUFFAKER II;01:21.3;LMP2 Pro/Am;;TDS Racing;Oreca;GF;136.054;74.577;30.698
14;3;85;01:34.1;0;;28.283;0;38.061;0;27.706;0;178.3;08:10.4;08:11.2;00:28.3;00:38.1;00:27.7;279.1;Scott HUFFAKER II;;LMP2 Pro/Am;;TDS Racing;Oreca;GF;28.283;38.061;27.706
14;3;86;01:32.3;0;;27.219;0;37.6;0;27.453;0;181.7;09:42.7;09:43.5;00:27.2;00:37.6;00:27.5;286.5;Scott HUFFAKER II;;LMP2 Pro/Am;;TDS Racing;Oreca;GF;27.219;37.6;27.453
14;3;87;01:31.6;0;;26.773;0;37.149;0;27.644;0;183.1;11:14.3;11:15.1;00:26.8;00:37.1;00:27.6;288;Scott HUFFAKER II;;LMP2 Pro/Am;;TDS Racing;Oreca;GF;26.773;37.149;27.644
14;3;88;01:33.2;0;;26.73;2;37.877;0;28.553;0;180;12:47.4;12:48.2;00:26.7;00:37.9;00:28.6;289.5;Scott HUFFAKER II;;LMP2 Pro/Am;;TDS Racing;Oreca;GF;26.73;37.877;28.553
14;3;89;01:31.3;2;;26.85;0;37.094;2;27.359;2;183.6;14:18.7;14:19.5;00:26.8;00:37.1;00:27.4;287.2;Scott HUFFAKER II;;LMP2 Pro/Am;;TDS Racing;Oreca;GF;26.85;37.094;27.359
14;3;90;01:31.9;0;;26.883;0;37.598;0;27.457;0;182.4;15:50.7;15:51.5;00:26.9;00:37.6;00:27.5;288.8;Scott HUFFAKER II;;LMP2 Pro/Am;;TDS Racing;Oreca;GF;26.883;37.598;27.457
14;3;91;01:33.2;0;;26.81;0;37.408;0;28.967;0;179.9;17:23.8;17:24.6;00:26.8;00:37.4;00:29.0;290.3;Scott HUFFAKER II;;LMP2 Pro/Am;;TDS Racing;Oreca;GF;26.81;37.408;28.967
14;3;92;01:32.6;0;;27.028;0;37.915;0;27.628;0;181.1;18:56.4;18:57.2;00:27.0;00:37.9;00:27.6;287.2;Scott HUFFAKER II;;LMP2 Pro/Am;;TDS Racing;Oreca;GF;27.028;37.915;27.628
14;3;93;01:34.5;0;;26.965;0;39.388;0;28.114;0;177.5;20:30.9;20:31.7;00:27.0;00:39.4;00:28.1;291.1;Scott HUFFAKER II;;LMP2 Pro/Am;;TDS Racing;Oreca;GF;26.965;39.388;28.114
14;3;94;02:34.4;0;;26.971;0;01:16.3;0;51.127;0;108.6;23:05.3;23:06.1;00:27.0;01:16.3;00:51.1;288.8;Scott HUFFAKER II;;LMP2 Pro/Am;;TDS Racing;Oreca;GF;26.971;76.299;51.127
14;3;95;01:33.8;0;;28.409;0;37.662;0;27.764;0;178.7;24:39.1;24:39.9;00:28.4;00:37.7;00:27.8;275.5;Scott HUFFAKER II;;LMP2 Pro/Am;;TDS Racing;Oreca;GF;28.409;37.662;27.764
14;3;96;01:32.4;0;;27.408;0;37.314;0;27.656;0;181.5;26:11.5;26:12.3;00:27.4;00:37.3;00:27.7;288;Scott HUFFAKER II;;LMP2 Pro/Am;;TDS Racing;Oreca;GF;27.408;37.314;27.656
14;3;97;01:31.7;0;;26.859;0;37.284;0;27.56;0;182.8;27:43.2;27:44.0;00:26.9;00:37.3;00:27.6;288;Scott HUFFAKER II;;LMP2 Pro/Am;;TDS Racing;Oreca;GF;26.859;37.284;27.56
14;3;98;01:32.7;0;;26.945;0;37.616;0;28.188;0;180.8;29:15.9;29:16.7;00:26.9;00:37.6;00:28.2;290.3;Scott HUFFAKER II;;LMP2 Pro/Am;;TDS Racing;Oreca;GF;26.945;37.616;28.188
14;3;99;01:32.8;0;;27.111;0;38.025;0;27.688;0;180.6;30:48.8;30:49.6;00:27.1;00:38.0;00:27.7;289.5;Scott HUFFAKER II;;LMP2 Pro/Am;;TDS Racing;Oreca;GF;27.111;38.025;27.688
14;3;100;01:31.9;0;;26.773;0;37.374;0;27.707;0;182.5;32:20.6;32:21.4;00:26.8;00:37.4;00:27.7;288.8;Scott HUFFAKER II;;LMP2 Pro/Am;;TDS Racing;Oreca;GF;26.773;37.374;27.707
14;3;101;01:32.4;0;;26.974;0;37.644;0;27.809;0;181.4;33:53.0;33:53.8;00:27.0;00:37.6;00:27.8;289.5;Scott HUFFAKER II;;LMP2 Pro/Am;;TDS Racing;Oreca;GF;26.974;37.644;27.809
14;3;102;01:35.1;0;;27.794;0;38.276;0;29.011;0;176.3;35:28.1;35:28.9;00:27.8;00:38.3;00:29.0;288.8;Scott HUFFAKER II;;LMP2 Pro/Am;;TDS Racing;Oreca;GF;27.794;38.276;29.011
14;3;103;01:36.0;0;;28.424;0;38.664;0;28.888;0;174.7;37:04.1;37:04.9;00:28.4;00:38.7;00:28.9;285.7;Scott HUFFAKER II;;LMP2 Pro/Am;;TDS Racing;Oreca;GF;28.424;38.664;28.888
14;3;104;01:33.7;0;;27.576;0;38.154;0;27.925;0;179;38:37.8;38:38.6;00:27.6;00:38.2;00:27.9;288.8;Scott HUFFAKER II;;LMP2 Pro/Am;;TDS Racing;Oreca;GF;27.576;38.154;27.925
14;3;105;01:33.4;0;;27.098;0;37.906;0;28.407;0;179.5;40:11.2;40:12.0;00:27.1;00:37.9;00:28.4;289.5;Scott HUFFAKER II;;LMP2 Pro/Am;;TDS Racing;Oreca;GF;27.098;37.906;28.407
14;3;106;01:32.8;0;;27.126;0;37.676;0;28.046;0;180.6;41:44.0;41:44.8;00:27.1;00:37.7;00:28.0;288;Scott HUFFAKER II;;LMP2 Pro/Am;;TDS Racing;Oreca;GF;27.126;37.676;28.046
14;3;107;01:33.9;0;;27.703;0;38.324;0;27.877;0;178.5;43:17.9;43:18.7;00:27.7;00:38.3;00:27.9;288.8;Scott HUFFAKER II;;LMP2 Pro/Am;;TDS Racing;Oreca;GF;27.703;38.324;27.877
14;3;108;01:33.2;0;;27.081;0;37.673;0;28.468;0;179.8;44:51.1;44:51.9;00:27.1;00:37.7;00:28.5;288.8;Scott HUFFAKER II;;LMP2 Pro/Am;;TDS Racing;Oreca;GF;27.081;37.673;28.468
14;3;109;01:34.1;0;;27.283;0;38.371;0;28.447;0;178.2;46:25.2;46:26.0;00:27.3;00:38.4;00:28.4;288;Scott HUFFAKER II;;LMP2 Pro/Am;;TDS Racing;Oreca;GF;27.283;38.371;28.447
14;3;110;01:33.1;0;;27.233;0;37.738;0;28.092;0;180.1;47:58.3;47:59.1;00:27.2;00:37.7;00:28.1;288;Scott HUFFAKER II;;LMP2 Pro/Am;;TDS Racing;Oreca;GF;27.233;37.738;28.092
14;3;111;01:38.1;0;B;27.164;0;37.824;0;33.105;0;170.9;49:36.4;49:37.2;00:27.2;00:37.8;00:33.1;288.8;Scott HUFFAKER II;;LMP2 Pro/Am;;TDS Racing;Oreca;GF;27.164;37.824;33.105
14;3;112;02:54.7;0;;01:45.8;0;39.89;0;28.986;0;96;52:31.1;52:31.9;01:45.8;00:39.9;00:29.0;204.5;Scott HUFFAKER II;01:19.2;LMP2 Pro/Am;;TDS Racing;Oreca;GF;105.802;39.89;28.986
14;3;113;01:35.3;0;;29.029;0;38.259;0;27.979;0;176;54:06.3;54:07.1;00:29.0;00:38.3;00:28.0;286.5;Scott HUFFAKER II;;LMP2 Pro/Am;;TDS Racing;Oreca;GF;29.029;38.259;27.979
14;3;114;01:33.1;0;;27.238;0;37.838;0;28.053;0;180;55:39.5;55:40.3;00:27.2;00:37.8;00:28.1;289.5;Scott HUFFAKER II;;LMP2 Pro/Am;;TDS Racing;Oreca;GF;27.238;37.838;28.053
14;3;115;01:32.0;0;;26.937;0;37.483;0;27.589;0;182.2;57:11.5;57:12.3;00:26.9;00:37.5;00:27.6;288;Scott HUFFAKER II;;LMP2 Pro/Am;;TDS Racing;Oreca;GF;26.937;37.483;27.589
14;3;116;01:32.0;0;;26.838;0;37.419;0;27.694;0;182.3;58:43.4;58:44.2;00:26.8;00:37.4;00:27.7;288.8;Scott HUFFAKER II;;LMP2 Pro/Am;;TDS Racing;Oreca;GF;26.838;37.419;27.694
14;3;117;01:34.7;0;;29.421;0;37.67;0;27.647;0;177;00:18.2;00:19.0;00:29.4;00:37.7;00:27.6;282.7;Scott HUFFAKER II;;LMP2 Pro/Am;;TDS Racing;Oreca;GF;29.421;37.67;27.647
14;3;118;01:32.8;0;;26.878;0;37.523;0;28.373;0;180.7;01:50.9;01:51.7;00:26.9;00:37.5;00:28.4;288.8;Scott HUFFAKER II;;LMP2 Pro/Am;;TDS Racing;Oreca;GF;26.878;37.523;28.373
14;3;119;01:33.0;0;;27.091;0;37.842;0;28.114;0;180.2;03:24.0;03:24.8;00:27.1;00:37.8;00:28.1;288;Scott HUFFAKER II;;LMP2 Pro/Am;;TDS Racing;Oreca;GF;27.091;37.842;28.114
14;3;120;01:35.5;0;;29.111;0;38.306;0;28.045;0;175.6;04:59.5;05:00.3;00:29.1;00:38.3;00:28.0;288.8;Scott HUFFAKER II;;LMP2 Pro/Am;;TDS Racing;Oreca;GF;29.111;38.306;28.045
14;3;121;01:33.6;0;;27.256;0;38.336;0;28.057;0;179;06:33.1;06:33.9;00:27.3;00:38.3;00:28.1;289.5;Scott HUFFAKER II;;LMP2 Pro/Am;;TDS Racing;Oreca;GF;27.256;38.336;28.057
14;3;122;01:34.0;0;;27.426;0;38.036;0;28.495;0;178.4;08:07.1;08:07.9;00:27.4;00:38.0;00:28.5;288;Scott HUFFAKER II;;LMP2 Pro/Am;;TDS Racing;Oreca;GF;27.426;38.036;28.495
14;3;123;01:34.3;0;;27.358;0;38.747;0;28.162;0;177.8;09:41.3;09:42.1;00:27.4;00:38.7;00:28.2;289.5;Scott HUFFAKER II;;LMP2 Pro/Am;;TDS Racing;Oreca;GF;27.358;38.747;28.162
14;3;124;01:33.3;0;;27.517;0;37.744;0;28.01;0;179.7;11:14.6;11:15.4;00:27.5;00:37.7;00:28.0;290.3;Scott HUFFAKER II;;LMP2 Pro/Am;;TDS Racing;Oreca;GF;27.517;37.744;28.01
14;3;125;01:34.4;0;;27.393;0;38.631;0;28.398;0;177.6;12:49.0;12:49.8;00:27.4;00:38.6;00:28.4;291.1;Scott HUFFAKER II;;LMP2 Pro/Am;;TDS Racing;Oreca;GF;27.393;38.631;28.398
14;3;126;01:36.2;0;;27.838;0;39.689;0;28.688;0;174.2;14:25.2;14:26.0;00:27.8;00:39.7;00:28.7;291.9;Scott HUFFAKER II;;LMP2 Pro/Am;;TDS Racing;Oreca;GF;27.838;39.689;28.688
14;3;127;01:33.7;0;;27.74;0;38.004;0;27.935;0;179;15:58.9;15:59.7;00:27.7;00:38.0;00:27.9;291.9;Scott HUFFAKER II;;LMP2 Pro/Am;;TDS Racing;Oreca;GF;27.74;38.004;27.935
14;3;128;01:32.8;0;;27.229;0;37.789;0;27.799;0;180.6;17:31.7;17:32.5;00:27.2;00:37.8;00:27.8;289.5;Scott HUFFAKER II;;LMP2 Pro/Am;;TDS Racing;Oreca;GF;27.229;37.789;27.799
14;3;129;01:34.0;0;;27.135;0;38.411;0;28.466;0;178.3;19:05.7;19:06.5;00:27.1;00:38.4;00:28.5;290.3;Scott HUFFAKER II;;LMP2 Pro/Am;;TDS Racing;Oreca;GF;27.135;38.411;28.466
14;3;130;01:33.8;0;;27.369;0;38.086;0;28.367;0;178.7;20:39.6;20:40.4;00:27.4;00:38.1;00:28.4;291.1;Scott HUFFAKER II;;LMP2 Pro/Am;;TDS Racing;Oreca;GF;27.369;38.086;28.367
14;3;131;01:35.0;0;;27.915;0;38.3;0;28.811;0;176.4;22:14.6;22:15.4;00:27.9;00:38.3;00:28.8;290.3;Scott HUFFAKER II;;LMP2 Pro/Am;;TDS Racing;Oreca;GF;27.915;38.3;28.811
14;3;132;01:35.2;0;;28.139;0;38.315;0;28.744;0;176.1;23:49.8;23:50.6;00:28.1;00:38.3;00:28.7;290.3;Scott HUFFAKER II;;LMP2 Pro/Am;;TDS Racing;Oreca;GF;28.139;38.315;28.744
14;3;133;01:34.8;0;;27.675;0;38.418;0;28.745;0;176.8;25:24.6;25:25.4;00:27.7;00:38.4;00:28.7;289.5;Scott HUFFAKER II;;LMP2 Pro/Am;;TDS Racing;Oreca;GF;27.675;38.418;28.745
14;3;134;01:35.2;0;;28.297;0;38.231;0;28.63;0;176.2;26:59.8;27:00.6;00:28.3;00:38.2;00:28.6;288.8;Scott HUFFAKER II;;LMP2 Pro/Am;;TDS Racing;Oreca;FF;28.297;38.231;28.63
17;1;1;31:09.8;0;;07:56.8;0;01:00.5;0;22:12.4;0;8.7;31:09.8;31:10.6;07:56.8;01:00.5;22:12.4;;Paul LANCHERE;;LMP3;;CLX Motorsport;Ligier;SF;476.803;60.545;1332.431
17;1;2;02:36.2;0;B;51.699;0;59.546;0;44.924;0;107.4;33:45.9;33:46.7;00:51.7;00:59.5;00:44.9;125.1;Paul LANCHERE;;LMP3;;CLX Motorsport;Ligier;SF;51.699;59.546;44.924
17;1;3;12:47.4;0;;11:30.8;0;45.11;0;31.545;0;21.8;46:33.4;46:34.2;11:30.8;00:45.1;00:31.5;171.7;Paul LANCHERE;10:59.0;LMP3;;CLX Motorsport;Ligier;GF;690.784;45.11;31.545
17;1;4;01:44.4;0;;30.63;0;42.365;0;31.454;0;160.5;48:17.8;48:18.6;00:30.6;00:42.4;00:31.5;257.8;Paul LANCHERE;;LMP3;;CLX Motorsport;Ligier;GF;30.63;42.365;31.454
17;1;5;01:44.2;0;;30.245;0;41.5;0;32.41;0;161;50:02.0;50:02.8;00:30.2;00:41.5;00:32.4;257.8;Paul LANCHERE;;LMP3;;CLX Motorsport;Ligier;GF;30.245;41.5;32.41
17;1;6;01:44.9;0;;30.269;0;42.121;0;32.473;0;159.9;51:46.9;51:47.7;00:30.3;00:42.1;00:32.5;259.6;Paul LANCHERE;;LMP3;;CLX Motorsport;Ligier;GF;30.269;42.121;32.473
17;1;7;01:42.0;0;;30.202;0;41.198;0;30.615;0;164.3;53:28.9;53:29.7;00:30.2;00:41.2;00:30.6;262.8;Paul LANCHERE;;LMP3;;CLX Motorsport;Ligier;GF;30.202;41.198;30.615
17;1;8;01:44.0;0;;30.371;0;41.899;0;31.692;0;161.3;55:12.8;55:13.6;00:30.4;00:41.9;00:31.7;263.4;Paul LANCHERE;;LMP3;;CLX Motorsport;Ligier;GF;30.371;41.899;31.692
17;1;9;01:42.0;0;;30.079;0;41.223;0;30.715;0;164.3;56:54.8;56:55.6;00:30.1;00:41.2;00:30.7;261.5;Paul LANCHERE;;LMP3;;CLX Motorsport;Ligier;GF;30.079;41.223;30.715
17;1;10;01:42.8;0;;30.462;0;42.012;0;30.307;1;163.1;58:37.6;58:38.4;00:30.5;00:42.0;00:30.3;263.4;Paul LANCHERE;;LMP3;;CLX Motorsport;Ligier;GF;30.462;42.012;30.307
17;1;11;01:42.4;0;;30.05;0;40.926;1;31.468;0;163.7;00:20.1;00:20.9;00:30.1;00:40.9;00:31.5;264.7;Paul LANCHERE;;LMP3;;CLX Motorsport;Ligier;GF;30.05;40.926;31.468
17;1;12;01:43.7;0;;31.072;0;42.134;0;30.514;0;161.6;02:03.8;02:04.6;00:31.1;00:42.1;00:30.5;264.7;Paul LANCHERE;;LMP3;;CLX Motorsport;Ligier;GF;31.072;42.134;30.514
17;1;13;01:41.9;0;;29.976;1;41.368;0;30.604;0;164.4;03:45.7;03:46.5;00:30.0;00:41.4;00:30.6;263.4;Paul LANCHERE;;LMP3;;CLX Motorsport;Ligier;GF;29.976;41.368;30.604
17;1;14;01:42.5;0;;30.209;0;41.473;0;30.779;0;163.6;05:28.2;05:29.0;00:30.2;00:41.5;00:30.8;265.4;Paul LANCHERE;;LMP3;;CLX Motorsport;Ligier;GF;30.209;41.473;30.779
17;1;15;01:41.6;0;;30.116;0;41.107;0;30.417;0;164.9;07:09.8;07:10.6;00:30.1;00:41.1;00:30.4;264.1;Paul LANCHERE;;LMP3;;CLX Motorsport;Ligier;GF;30.116;41.107;30.417
17;1;16;01:42.0;0;;30.316;0;41.082;0;30.586;0;164.4;08:51.8;08:52.6;00:30.3;00:41.1;00:30.6;264.1;Paul LANCHERE;;LMP3;;CLX Motorsport;Ligier;GF;30.316;41.082;30.586
17;1;17;01:42.3;0;;30.266;0;41.3;0;30.757;0;163.8;10:34.1;10:34.9;00:30.3;00:41.3;00:30.8;262.8;Paul LANCHERE;;LMP3;;CLX Motorsport;Ligier;GF;30.266;41.3;30.757
17;1;18;01:42.2;0;;30.488;0;41.194;0;30.481;0;164.1;12:16.3;12:17.1;00:30.5;00:41.2;00:30.5;264.1;Paul LANCHERE;;LMP3;;CLX Motorsport;Ligier;GF;30.488;41.194;30.481
17;1;19;01:42.8;0;;30.247;0;41.587;0;30.916;0;163.2;13:59.1;13:59.9;00:30.2;00:41.6;00:30.9;264.1;Paul LANCHERE;;LMP3;;CLX Motorsport;Ligier;GF;30.247;41.587;30.916
17;1;20;01:43.9;0;;30.15;0;41.312;0;32.438;0;161.4;15:43.0;15:43.8;00:30.1;00:41.3;00:32.4;262.8;Paul LANCHERE;;LMP3;;CLX Motorsport;Ligier;GF;30.15;41.312;32.438
17;1;21;01:43.6;0;;31.263;0;41.544;0;30.766;0;161.9;17:26.5;17:27.3;00:31.3;00:41.5;00:30.8;247.1;Paul LANCHERE;;LMP3;;CLX Motorsport;Ligier;GF;31.263;41.544;30.766
17;1;22;01:41.9;0;;30.1;0;41.362;0;30.429;0;164.5;19:08.4;19:09.2;00:30.1;00:41.4;00:30.4;266;Paul LANCHERE;;LMP3;;CLX Motorsport;Ligier;GF;30.1;41.362;30.429
17;1;23;01:42.9;0;;30.742;0;41.34;0;30.775;0;163;20:51.3;20:52.1;00:30.7;00:41.3;00:30.8;264.1;Paul LANCHERE;;LMP3;;CLX Motorsport;Ligier;GF;30.742;41.34;30.775
17;1;24;01:42.9;0;;30.121;0;42.112;0;30.693;0;162.9;22:34.2;22:35.0;00:30.1;00:42.1;00:30.7;261.5;Paul LANCHERE;;LMP3;;CLX Motorsport;Ligier;GF;30.121;42.112;30.693
17;1;25;01:42.4;0;;30.448;0;41.217;0;30.763;0;163.7;24:16.6;24:17.4;00:30.4;00:41.2;00:30.8;262.8;Paul LANCHERE;;LMP3;;CLX Motorsport;Ligier;GF;30.448;41.217;30.763
17;1;26;01:46.3;0;;30.525;0;43.57;0;32.202;0;157.7;26:02.9;26:03.7;00:30.5;00:43.6;00:32.2;266;Paul LANCHERE;;LMP3;;CLX Motorsport;Ligier;GF;30.525;43.57;32.202
17;1;27;01:43.4;0;;31.009;0;41.543;0;30.815;0;162.2;27:46.3;27:47.1;00:31.0;00:41.5;00:30.8;262.1;Paul LANCHERE;;LMP3;;CLX Motorsport;Ligier;GF;31.009;41.543;30.815
17;1;28;01:42.5;0;;30.335;0;41.423;0;30.741;0;163.6;29:28.8;29:29.6;00:30.3;00:41.4;00:30.7;264.7;Paul LANCHERE;;LMP3;;CLX Motorsport;Ligier;GF;30.335;41.423;30.741
17;1;29;01:42.5;0;;30.269;0;41.422;0;30.769;0;163.6;31:11.3;31:12.1;00:30.3;00:41.4;00:30.8;264.7;Paul LANCHERE;;LMP3;;CLX Motorsport;Ligier;GF;30.269;41.422;30.769
17;1;30;01:45.6;0;;30.282;0;41.865;0;33.405;0;158.8;32:56.8;32:57.6;00:30.3;00:41.9;00:33.4;264.7;Paul LANCHERE;;LMP3;;CLX Motorsport;Ligier;GF;30.282;41.865;33.405
17;1;31;02:21.2;0;;30.598;0;53.56;0;57.051;0;118.7;35:18.0;35:18.8;00:30.6;00:53.6;00:57.1;264.1;Paul LANCHERE;;LMP3;;CLX Motorsport;Ligier;GF;30.598;53.56;57.051
17;1;32;03:30.7;0;B;01:13.3;0;01:19.6;0;57.84;0;79.6;38:48.8;38:49.6;01:13.3;01:19.6;00:57.8;;Paul LANCHERE;;LMP3;;CLX Motorsport;Ligier;GF;73.268;79.639;57.84
17;1;33;04:04.2;0;;02:40.7;0;46.983;0;36.436;0;68.7;42:52.9;42:53.7;02:40.7;00:47.0;00:36.4;;Paul LANCHERE;01:47.2;LMP3;;CLX Motorsport;Ligier;SF;160.734;46.983;36.436
17;1;34;03:02.6;0;;01:07.8;0;01:19.9;0;35.031;0;91.8;45:55.6;45:56.4;01:07.8;01:19.9;00:35.0;;Paul LANCHERE;;LMP3;;CLX Motorsport;Ligier;SF;67.76;79.855;35.031
17;1;35;01:50.8;0;;34.215;0;43.504;0;33.117;0;151.3;47:46.4;47:47.2;00:34.2;00:43.5;00:33.1;225.5;Paul LANCHERE;;LMP3;;CLX Motorsport;Ligier;SF;34.215;43.504;33.117
17;1;36;02:12.9;0;;31.2;0;01:00.6;0;41.145;0;126.1;49:59.3;50:00.1;00:31.2;01:00.6;00:41.1;245.5;Paul LANCHERE;;LMP3;;CLX Motorsport;Ligier;SF;31.2;60.563;41.145
17;1;37;02:05.7;0;;41.324;0;47.392;0;37.029;0;133.3;52:05.1;52:05.9;00:41.3;00:47.4;00:37.0;126.6;Paul LANCHERE;;LMP3;;CLX Motorsport;Ligier;GF;41.324;47.392;37.029
17;1;38;01:48.0;0;;32.066;0;43.153;0;32.765;0;155.3;53:53.0;53:53.8;00:32.1;00:43.2;00:32.8;260.2;Paul LANCHERE;;LMP3;;CLX Motorsport;Ligier;GF;32.066;43.153;32.765
17;1;39;01:47.0;0;;31.999;0;42.896;0;32.109;0;156.7;55:40.0;55:40.8;00:32.0;00:42.9;00:32.1;260.9;Paul LANCHERE;;LMP3;;CLX Motorsport;Ligier;GF;31.999;42.896;32.109
17;1;40;01:47.0;0;;31.697;0;43.562;0;31.784;0;156.6;57:27.1;57:27.9;00:31.7;00:43.6;00:31.8;266;Paul LANCHERE;;LMP3;;CLX Motorsport;Ligier;GF;31.697;43.562;31.784
17;1;41;01:43.9;0;;30.566;0;42.029;0;31.296;0;161.4;59:11.0;59:11.8;00:30.6;00:42.0;00:31.3;260.9;Paul LANCHERE;;LMP3;;CLX Motorsport;Ligier;GF;30.566;42.029;31.296
17;1;42;01:45.6;0;;30.79;0;42.575;0;32.278;0;158.7;00:56.6;00:57.4;00:30.8;00:42.6;00:32.3;262.8;Paul LANCHERE;;LMP3;;CLX Motorsport;Ligier;GF;30.79;42.575;32.278
17;1;43;01:48.2;0;;31.148;0;43.73;0;33.355;0;154.9;02:44.9;02:45.6;00:31.1;00:43.7;00:33.4;262.1;Paul LANCHERE;;LMP3;;CLX Motorsport;Ligier;GF;31.148;43.73;33.355
17;1;44;02:09.9;0;;31.715;0;42.465;0;55.729;0;129.1;04:54.8;04:55.6;00:31.7;00:42.5;00:55.7;260.9;Paul LANCHERE;;LMP3;;CLX Motorsport;Ligier;FCY;31.715;42.465;55.729
17;1;45;02:37.1;0;;01:13.5;0;51.96;0;31.542;0;106.8;07:31.8;07:32.6;01:13.5;00:52.0;00:31.5;;Paul LANCHERE;;LMP3;;CLX Motorsport;Ligier;GF;73.549;51.96;31.542
17;1;46;01:44.4;0;;31.024;0;42.122;0;31.241;0;160.6;09:16.2;09:17.0;00:31.0;00:42.1;00:31.2;261.5;Paul LANCHERE;;LMP3;;CLX Motorsport;Ligier;GF;31.024;42.122;31.241
17;1;47;01:45.4;0;;30.672;0;41.955;0;32.784;0;159;11:01.6;11:02.4;00:30.7;00:42.0;00:32.8;260.2;Paul LANCHERE;;LMP3;;CLX Motorsport;Ligier;GF;30.672;41.955;32.784
17;1;48;01:47.8;0;;31.578;0;44.381;0;31.847;0;155.5;12:49.4;12:50.2;00:31.6;00:44.4;00:31.8;261.5;Paul LANCHERE;;LMP3;;CLX Motorsport;Ligier;GF;31.578;44.381;31.847
17;1;49;01:45.2;0;;31.245;0;42.268;0;31.641;0;159.4;14:34.6;14:35.4;00:31.2;00:42.3;00:31.6;260.2;Paul LANCHERE;;LMP3;;CLX Motorsport;Ligier;GF;31.245;42.268;31.641
17;1;50;01:44.9;0;;31.042;0;41.994;0;31.866;0;159.8;16:19.5;16:20.3;00:31.0;00:42.0;00:31.9;261.5;Paul LANCHERE;;LMP3;;CLX Motorsport;Ligier;GF;31.042;41.994;31.866
17;1;51;01:46.3;0;;31.49;0;42.558;0;32.206;0;157.8;18:05.7;18:06.5;00:31.5;00:42.6;00:32.2;260.2;Paul LANCHERE;;LMP3;;CLX Motorsport;Ligier;GF;31.49;42.558;32.206
17;1;52;01:49.9;0;;32.336;0;43.394;0;34.194;0;152.5;19:55.7;19:56.4;00:32.3;00:43.4;00:34.2;261.5;Paul LANCHERE;;LMP3;;CLX Motorsport;Ligier;GF;32.336;43.394;34.194
17;1;53;01:46.9;0;;32.133;0;42.44;0;32.293;0;156.9;21:42.5;21:43.3;00:32.1;00:42.4;00:32.3;257.8;Paul LANCHERE;;LMP3;;CLX Motorsport;Ligier;GF;32.133;42.44;32.293
17;1;54;01:47.2;0;;31.463;0;42.83;0;32.876;0;156.4;23:29.7;23:30.5;00:31.5;00:42.8;00:32.9;262.8;Paul LANCHERE;;LMP3;;CLX Motorsport;Ligier;GF;31.463;42.83;32.876
17;1;55;01:53.8;0;B;32.776;0;43.657;0;37.35;0;147.3;25:23.5;25:24.3;00:32.8;00:43.7;00:37.4;251.7;Paul LANCHERE;;LMP3;;CLX Motorsport;Ligier;GF;32.776;43.657;37.35
17;3;56;03:41.1;0;;02:21.9;0;46.565;0;32.623;0;75.8;29:04.6;29:05.4;02:21.9;00:46.6;00:32.6;153.4;Bruno RIBEIRO;01:48.2;LMP3;;CLX Motorsport;Ligier;GF;141.896;46.565;32.623
17;3;57;01:45.0;0;;31.689;0;42.421;0;30.912;0;159.6;30:49.6;30:50.4;00:31.7;00:42.4;00:30.9;255.9;Bruno RIBEIRO;;LMP3;;CLX Motorsport;Ligier;GF;31.689;42.421;30.912
17;3;58;02:41.1;0;;30.529;0;01:13.5;0;57.082;0;104.1;33:30.7;33:31.5;00:30.5;01:13.5;00:57.1;259;Bruno RIBEIRO;;LMP3;;CLX Motorsport;Ligier;GF;30.529;73.477;57.082
17;3;59;03:30.8;0;;01:13.6;0;01:20.0;0;57.214;0;79.5;37:01.4;37:02.2;01:13.6;01:20.0;00:57.2;;Bruno RIBEIRO;;LMP3;;CLX Motorsport;Ligier;GF;73.579;79.958;57.214
17;3;60;02:49.7;0;;01:13.6;0;01:03.3;0;32.743;0;98.8;39:51.1;39:51.9;01:13.6;01:03.3;00:32.7;;Bruno RIBEIRO;;LMP3;;CLX Motorsport;Ligier;SF;73.617;63.306;32.743
17;3;61;01:47.9;0;;33.176;0;42.349;0;32.333;0;155.4;41:38.9;41:39.7;00:33.2;00:42.3;00:32.3;225.5;Bruno RIBEIRO;;LMP3;;CLX Motorsport;Ligier;SF;33.176;42.349;32.333
17;3;62;03:07.8;0;;52.582;0;01:13.9;0;01:01.3;0;89.3;44:46.8;44:47.6;00:52.6;01:13.9;01:01.3;;Bruno RIBEIRO;;LMP3;;CLX Motorsport;Ligier;SF;52.582;73.899;61.349
17;3;63;02:52.8;0;;01:06.4;0;01:05.1;0;41.328;0;97;47:39.5;47:40.3;01:06.4;01:05.1;00:41.3;125.7;Bruno RIBEIRO;;LMP3;;CLX Motorsport;Ligier;SF;66.355;65.079;41.328
17;3;64;02:13.9;0;;39.526;0;50.585;0;43.771;0;125.2;49:53.4;49:54.2;00:39.5;00:50.6;00:43.8;192.9;Bruno RIBEIRO;;LMP3;;CLX Motorsport;Ligier;GF;39.526;50.585;43.771
17;3;65;01:43.0;0;;30.485;0;41.841;0;30.63;0;162.8;51:36.4;51:37.2;00:30.5;00:41.8;00:30.6;259;Bruno RIBEIRO;;LMP3;;CLX Motorsport;Ligier;GF;30.485;41.841;30.63
17;3;66;01:40.9;0;;30.195;0;40.617;0;30.113;0;166.1;53:17.3;53:18.1;00:30.2;00:40.6;00:30.1;262.8;Bruno RIBEIRO;;LMP3;;CLX Motorsport;Ligier;GF;30.195;40.617;30.113
17;3;67;01:39.9;0;;29.86;0;40.322;0;29.701;2;167.8;54:57.2;54:58.0;00:29.9;00:40.3;00:29.7;260.2;Bruno RIBEIRO;;LMP3;;CLX Motorsport;Ligier;GF;29.86;40.322;29.701
17;3;68;01:39.9;2;;29.769;0;40.314;2;29.783;0;167.9;56:37.0;56:37.8;00:29.8;00:40.3;00:29.8;260.2;Bruno RIBEIRO;;LMP3;;CLX Motorsport;Ligier;GF;29.769;40.314;29.783
17;3;69;01:40.1;0;;29.804;0;40.477;0;29.868;0;167.4;58:17.2;58:18.0;00:29.8;00:40.5;00:29.9;258.4;Bruno RIBEIRO;;LMP3;;CLX Motorsport;Ligier;GF;29.804;40.477;29.868
17;3;70;01:40.2;0;;29.879;0;40.487;0;29.811;0;167.4;59:57.4;59:58.2;00:29.9;00:40.5;00:29.8;259.6;Bruno RIBEIRO;;LMP3;;CLX Motorsport;Ligier;GF;29.879;40.487;29.811
17;3;71;01:40.0;0;;29.75;0;40.422;0;29.798;0;167.7;01:37.3;01:38.1;00:29.7;00:40.4;00:29.8;259.6;Bruno RIBEIRO;;LMP3;;CLX Motorsport;Ligier;GF;29.75;40.422;29.798
17;3;72;01:40.4;0;;29.768;0;40.558;0;30.099;0;166.9;03:17.8;03:18.6;00:29.8;00:40.6;00:30.1;259.6;Bruno RIBEIRO;;LMP3;;CLX Motorsport;Ligier;GF;29.768;40.558;30.099
17;3;73;02:54.7;0;;51.982;0;01:19.3;0;43.417;0;96;06:12.5;06:13.3;00:52.0;01:19.3;00:43.4;254.7;Bruno RIBEIRO;;LMP3;;CLX Motorsport;Ligier;GF;51.982;79.32;43.417
17;3;74;01:41.2;0;;30.437;0;40.663;0;30.053;0;165.7;07:53.6;07:54.4;00:30.4;00:40.7;00:30.1;256.5;Bruno RIBEIRO;;LMP3;;CLX Motorsport;Ligier;GF;30.437;40.663;30.053
17;3;75;01:40.4;0;;29.963;0;40.518;0;29.923;0;167;09:34.0;09:34.8;00:30.0;00:40.5;00:29.9;257.8;Bruno RIBEIRO;;LMP3;;CLX Motorsport;Ligier;GF;29.963;40.518;29.923
17;3;76;01:40.1;0;;29.735;2;40.566;0;29.817;0;167.5;11:14.2;11:15.0;00:29.7;00:40.6;00:29.8;259;Bruno RIBEIRO;;LMP3;;CLX Motorsport;Ligier;GF;29.735;40.566;29.817
17;3;77;01:40.2;0;;29.853;0;40.441;0;29.902;0;167.3;12:54.4;12:55.2;00:29.9;00:40.4;00:29.9;262.1;Bruno RIBEIRO;;LMP3;;CLX Motorsport;Ligier;GF;29.853;40.441;29.902
17;3;78;01:42.3;0;;29.981;0;40.507;0;31.837;0;163.8;14:36.7;14:37.5;00:30.0;00:40.5;00:31.8;260.9;Bruno RIBEIRO;;LMP3;;CLX Motorsport;Ligier;GF;29.981;40.507;31.837
17;3;79;01:42.4;0;;30.354;0;41.327;0;30.733;0;163.7;16:19.1;16:19.9;00:30.4;00:41.3;00:30.7;260.2;Bruno RIBEIRO;;LMP3;;CLX Motorsport;Ligier;GF;30.354;41.327;30.733
17;3;80;01:42.4;0;;30.272;0;41.302;0;30.789;0;163.8;18:01.5;18:02.3;00:30.3;00:41.3;00:30.8;259.6;Bruno RIBEIRO;;LMP3;;CLX Motorsport;Ligier;GF;30.272;41.302;30.789
17;3;81;01:41.1;0;;30.161;0;40.694;0;30.275;0;165.8;19:42.6;19:43.4;00:30.2;00:40.7;00:30.3;257.1;Bruno RIBEIRO;;LMP3;;CLX Motorsport;Ligier;GF;30.161;40.694;30.275
17;3;82;02:05.7;0;;30.046;0;40.699;0;54.966;0;133.4;21:48.3;21:49.1;00:30.0;00:40.7;00:55.0;260.9;Bruno RIBEIRO;;LMP3;;CLX Motorsport;Ligier;FCY;30.046;40.699;54.966
17;3;83;02:24.8;0;;01:13.1;0;41.335;0;30.316;0;115.8;24:13.1;24:13.9;01:13.1;00:41.3;00:30.3;;Bruno RIBEIRO;;LMP3;;CLX Motorsport;Ligier;GF;73.128;41.335;30.316
17;3;84;01:42.4;0;;30.118;0;41.762;0;30.489;0;163.8;25:55.4;25:56.2;00:30.1;00:41.8;00:30.5;260.2;Bruno RIBEIRO;;LMP3;;CLX Motorsport;Ligier;GF;30.118;41.762;30.489
17;3;85;01:41.0;0;;30.052;0;40.85;0;30.086;0;166;27:36.4;27:37.2;00:30.1;00:40.9;00:30.1;259;Bruno RIBEIRO;;LMP3;;CLX Motorsport;Ligier;GF;30.052;40.85;30.086
17;3;86;01:40.9;0;;29.878;0;40.568;0;30.503;0;166.1;29:17.4;29:18.2;00:29.9;00:40.6;00:30.5;260.9;Bruno RIBEIRO;;LMP3;;CLX Motorsport;Ligier;GF;29.878;40.568;30.503
17;3;87;01:42.2;0;;30.145;0;41.675;0;30.356;0;164.1;30:59.6;31:00.4;00:30.1;00:41.7;00:30.4;260.9;Bruno RIBEIRO;;LMP3;;CLX Motorsport;Ligier;GF;30.145;41.675;30.356
17;3;88;01:41.1;0;;30.047;0;40.861;0;30.22;0;165.8;32:40.7;32:41.5;00:30.0;00:40.9;00:30.2;259;Bruno RIBEIRO;;LMP3;;CLX Motorsport;Ligier;GF;30.047;40.861;30.22
17;3;89;01:41.4;0;;30.058;0;41.033;0;30.261;0;165.4;34:22.0;34:22.8;00:30.1;00:41.0;00:30.3;260.2;Bruno RIBEIRO;;LMP3;;CLX Motorsport;Ligier;GF;30.058;41.033;30.261
17;3;90;01:46.0;0;B;30.051;0;40.66;0;35.318;0;158.1;36:08.1;36:08.9;00:30.1;00:40.7;00:35.3;260.2;Bruno RIBEIRO;;LMP3;;CLX Motorsport;Ligier;GF;30.051;40.66;35.318
17;2;91;02:59.5;0;;01:42.6;0;44.105;0;32.769;0;93.4;39:07.6;39:08.4;01:42.6;00:44.1;00:32.8;183.4;Alexander JACOBY;01:12.7;LMP3;;CLX Motorsport;Ligier;GF;102.637;44.105;32.769
17;2;92;01:45.7;0;;31.325;0;42.822;0;31.569;0;158.6;40:53.3;40:54.1;00:31.3;00:42.8;00:31.6;257.8;Alexander JACOBY;;LMP3;;CLX Motorsport;Ligier;GF;31.325;42.822;31.569
17;2;93;01:42.9;0;;30.632;0;41.748;0;30.507;0;162.9;42:36.2;42:37.0;00:30.6;00:41.7;00:30.5;258.4;Alexander JACOBY;;LMP3;;CLX Motorsport;Ligier;GF;30.632;41.748;30.507
17;2;94;01:41.6;0;;30.147;0;40.919;0;30.564;0;165;44:17.8;44:18.6;00:30.1;00:40.9;00:30.6;260.2;Alexander JACOBY;;LMP3;;CLX Motorsport;Ligier;GF;30.147;40.919;30.564
17;2;95;01:43.4;0;;30.522;0;41.835;0;31.088;0;162.1;46:01.3;46:02.1;00:30.5;00:41.8;00:31.1;262.1;Alexander JACOBY;;LMP3;;CLX Motorsport;Ligier;GF;30.522;41.835;31.088
17;2;96;01:41.7;0;;30.536;0;40.939;0;30.195;0;164.9;47:42.9;47:43.7;00:30.5;00:40.9;00:30.2;256.5;Alexander JACOBY;;LMP3;;CLX Motorsport;Ligier;GF;30.536;40.939;30.195
17;2;97;01:41.3;0;;29.871;1;40.815;1;30.587;0;165.5;49:24.2;49:25.0;00:29.9;00:40.8;00:30.6;259.6;Alexander JACOBY;;LMP3;;CLX Motorsport;Ligier;GF;29.871;40.815;30.587
17;2;98;01:41.1;0;;30.063;0;40.862;0;30.191;1;165.8;51:05.3;51:06.1;00:30.1;00:40.9;00:30.2;257.8;Alexander JACOBY;;LMP3;;CLX Motorsport;Ligier;GF;30.063;40.862;30.191
17;2;99;01:41.5;0;;29.991;0;41.177;0;30.328;0;165.2;52:46.8;52:47.6;00:30.0;00:41.2;00:30.3;262.1;Alexander JACOBY;;LMP3;;CLX Motorsport;Ligier;GF;29.991;41.177;30.328
17;2;100;01:43.0;0;;30.527;0;41.675;0;30.764;0;162.8;54:29.8;54:30.6;00:30.5;00:41.7;00:30.8;262.8;Alexander JACOBY;;LMP3;;CLX Motorsport;Ligier;GF;30.527;41.675;30.764
17;2;101;01:43.5;0;;30.755;0;41.69;0;31.035;0;162;56:13.3;56:14.1;00:30.8;00:41.7;00:31.0;260.9;Alexander JACOBY;;LMP3;;CLX Motorsport;Ligier;GF;30.755;41.69;31.035
17;2;102;01:49.9;0;;32.88;0;43.827;0;33.176;0;152.6;58:03.1;58:03.9;00:32.9;00:43.8;00:33.2;261.5;Alexander JACOBY;;LMP3;;CLX Motorsport;Ligier;GF;32.88;43.827;33.176
17;2;103;01:44.7;0;;31.856;0;41.747;0;31.116;0;160.1;59:47.9;59:48.7;00:31.9;00:41.7;00:31.1;248.3;Alexander JACOBY;;LMP3;;CLX Motorsport;Ligier;GF;31.856;41.747;31.116
17;2;104;01:41.6;0;;30.154;0;40.949;0;30.507;0;165;01:29.5;01:30.3;00:30.2;00:40.9;00:30.5;259.6;Alexander JACOBY;;LMP3;;CLX Motorsport;Ligier;GF;30.154;40.949;30.507
17;2;105;01:41.8;0;;30.247;0;41.074;0;30.513;0;164.6;03:11.3;03:12.1;00:30.2;00:41.1;00:30.5;260.9;Alexander JACOBY;;LMP3;;CLX Motorsport;Ligier;GF;30.247;41.074;30.513
17;2;106;01:44.2;0;;30.711;0;42.273;0;31.187;0;160.9;04:55.5;04:56.3;00:30.7;00:42.3;00:31.2;263.4;Alexander JACOBY;;LMP3;;CLX Motorsport;Ligier;GF;30.711;42.273;31.187
17;2;107;01:42.5;0;;30.267;0;41.482;0;30.788;0;163.5;06:38.0;06:38.8;00:30.3;00:41.5;00:30.8;260.2;Alexander JACOBY;;LMP3;;CLX Motorsport;Ligier;GF;30.267;41.482;30.788
17;2;108;01:42.2;0;;30.566;0;41.227;0;30.449;0;164;08:20.3;08:21.0;00:30.6;00:41.2;00:30.4;260.9;Alexander JACOBY;;LMP3;;CLX Motorsport;Ligier;GF;30.566;41.227;30.449
17;2;109;01:42.0;0;;30.056;0;41.138;0;30.786;0;164.4;10:02.2;10:03.0;00:30.1;00:41.1;00:30.8;260.2;Alexander JACOBY;;LMP3;;CLX Motorsport;Ligier;GF;30.056;41.138;30.786
17;2;110;01:45.0;0;;30.252;0;42.89;0;31.877;0;159.6;11:47.3;11:48.0;00:30.3;00:42.9;00:31.9;262.1;Alexander JACOBY;;LMP3;;CLX Motorsport;Ligier;GF;30.252;42.89;31.877
17;2;111;01:45.3;0;;31.25;0;42.534;0;31.51;0;159.2;13:32.5;13:33.3;00:31.2;00:42.5;00:31.5;258.4;Alexander JACOBY;;LMP3;;CLX Motorsport;Ligier;GF;31.25;42.534;31.51
17;2;112;01:43.1;0;;30.622;0;41.305;0;31.179;0;162.6;15:15.7;15:16.4;00:30.6;00:41.3;00:31.2;255.9;Alexander JACOBY;;LMP3;;CLX Motorsport;Ligier;GF;30.622;41.305;31.179
17;2;113;01:42.8;0;;30.378;0;41.637;0;30.743;0;163.2;16:58.4;16:59.2;00:30.4;00:41.6;00:30.7;259.6;Alexander JACOBY;;LMP3;;CLX Motorsport;Ligier;GF;30.378;41.637;30.743
17;2;114;01:42.7;0;;30.553;0;41.319;0;30.875;0;163.2;18:41.2;18:42.0;00:30.6;00:41.3;00:30.9;257.8;Alexander JACOBY;;LMP3;;CLX Motorsport;Ligier;GF;30.553;41.319;30.875
17;2;115;01:43.6;0;;30.391;0;41.709;0;31.482;0;161.9;20:24.7;20:25.5;00:30.4;00:41.7;00:31.5;261.5;Alexander JACOBY;;LMP3;;CLX Motorsport;Ligier;GF;30.391;41.709;31.482
17;2;116;01:42.5;0;;30.49;0;41.453;0;30.603;0;163.5;22:07.3;22:08.1;00:30.5;00:41.5;00:30.6;257.1;Alexander JACOBY;;LMP3;;CLX Motorsport;Ligier;GF;30.49;41.453;30.603
17;2;117;01:42.8;0;;30.504;0;41.257;0;30.997;0;163.2;23:50.0;23:50.8;00:30.5;00:41.3;00:31.0;260.9;Alexander JACOBY;;LMP3;;CLX Motorsport;Ligier;GF;30.504;41.257;30.997
17;2;118;01:42.1;0;;30.399;0;41.15;0;30.535;0;164.2;25:32.1;25:32.9;00:30.4;00:41.1;00:30.5;259.6;Alexander JACOBY;;LMP3;;CLX Motorsport;Ligier;GF;30.399;41.15;30.535
17;2;119;01:43.3;0;;30.336;0;41.404;0;31.597;0;162.2;27:15.5;27:16.3;00:30.3;00:41.4;00:31.6;260.2;Alexander JACOBY;;LMP3;;CLX Motorsport;Ligier;FF;30.336;41.404;31.597
18;1;1;02:03.2;0;;30.469;0;52.261;0;40.482;0;132;02:03.2;02:04.0;00:30.5;00:52.3;00:40.5;;Jamie CHADWICK;;LMP2;;IDEC Sport;Oreca;SF;30.469;52.261;40.482
18;1;2;03:50.8;0;;01:10.5;0;01:27.0;0;01:13.4;0;72.6;05:54.0;05:54.8;01:10.5;01:27.0;01:13.4;;Jamie CHADWICK;;LMP2;;IDEC Sport;Oreca;RF;70.457;86.97;73.385
18;1;3;27:10.0;0;;25:16.1;0;01:08.4;0;45.565;0;10.3;33:04.0;33:04.8;25:16.1;01:08.4;00:45.6;;Jamie CHADWICK;;LMP2;;IDEC Sport;Oreca;SF;1516.078;68.358;45.565
18;1;4;02:25.1;0;;49.272;0;54.793;0;41.016;0;115.6;35:29.1;35:29.9;00:49.3;00:54.8;00:41.0;163.4;Jamie CHADWICK;;LMP2;;IDEC Sport;Oreca;GF;49.272;54.793;41.016
18;1;5;01:35.0;0;;28.721;0;38.236;0;28.021;0;176.5;37:04.1;37:04.9;00:28.7;00:38.2;00:28.0;291.1;Jamie CHADWICK;;LMP2;;IDEC Sport;Oreca;GF;28.721;38.236;28.021
18;1;6;01:33.0;0;;27.571;0;37.682;0;27.759;0;180.2;38:37.1;38:37.9;00:27.6;00:37.7;00:27.8;289.5;Jamie CHADWICK;;LMP2;;IDEC Sport;Oreca;GF;27.571;37.682;27.759
18;1;7;01:32.9;0;;27.324;0;37.873;0;27.694;0;180.5;40:10.0;40:10.8;00:27.3;00:37.9;00:27.7;290.3;Jamie CHADWICK;;LMP2;;IDEC Sport;Oreca;GF;27.324;37.873;27.694
18;1;8;01:33.9;0;;27.196;0;38.775;0;27.954;0;178.5;41:43.9;41:44.7;00:27.2;00:38.8;00:28.0;289.5;Jamie CHADWICK;;LMP2;;IDEC Sport;Oreca;GF;27.196;38.775;27.954
18;1;9;01:32.1;0;;27.045;0;37.533;1;27.512;1;182.1;43:16.0;43:16.8;00:27.0;00:37.5;00:27.5;289.5;Jamie CHADWICK;;LMP2;;IDEC Sport;Oreca;GF;27.045;37.533;27.512
18;1;10;01:32.5;0;;26.934;1;37.9;0;27.643;0;181.3;44:48.5;44:49.3;00:26.9;00:37.9;00:27.6;288.8;Jamie CHADWICK;;LMP2;;IDEC Sport;Oreca;GF;26.934;37.9;27.643
18;1;11;01:35.4;0;;27.578;0;38.603;0;29.254;0;175.7;46:23.9;46:24.7;00:27.6;00:38.6;00:29.3;286.5;Jamie CHADWICK;;LMP2;;IDEC Sport;Oreca;GF;27.578;38.603;29.254
18;1;12;01:38.3;0;;29.128;0;40.066;0;29.093;0;170.6;48:02.2;48:03.0;00:29.1;00:40.1;00:29.1;279.8;Jamie CHADWICK;;LMP2;;IDEC Sport;Oreca;GF;29.128;40.066;29.093
18;1;13;01:34.0;0;;27.835;0;38.079;0;28.098;0;178.3;49:36.2;49:37.0;00:27.8;00:38.1;00:28.1;288.8;Jamie CHADWICK;;LMP2;;IDEC Sport;Oreca;GF;27.835;38.079;28.098
18;1;14;01:34.0;0;;27.356;0;38.849;0;27.778;0;178.4;51:10.2;51:11.0;00:27.4;00:38.8;00:27.8;288;Jamie CHADWICK;;LMP2;;IDEC Sport;Oreca;GF;27.356;38.849;27.778
18;1;15;01:32.9;0;;27.326;0;37.701;0;27.88;0;180.5;52:43.1;52:43.9;00:27.3;00:37.7;00:27.9;288.8;Jamie CHADWICK;;LMP2;;IDEC Sport;Oreca;GF;27.326;37.701;27.88
18;1;16;01:32.9;0;;27.336;0;37.764;0;27.816;0;180.4;54:16.0;54:16.8;00:27.3;00:37.8;00:27.8;288;Jamie CHADWICK;;LMP2;;IDEC Sport;Oreca;GF;27.336;37.764;27.816
18;1;17;01:33.4;0;;27.404;0;38.115;0;27.866;0;179.5;55:49.4;55:50.2;00:27.4;00:38.1;00:27.9;288;Jamie CHADWICK;;LMP2;;IDEC Sport;Oreca;GF;27.404;38.115;27.866
18;1;18;01:35.7;0;;28.214;0;39.587;0;27.852;0;175.3;57:25.1;57:25.9;00:28.2;00:39.6;00:27.9;288.8;Jamie CHADWICK;;LMP2;;IDEC Sport;Oreca;GF;28.214;39.587;27.852
18;1;19;01:35.0;0;;27.314;0;39.797;0;27.874;0;176.5;59:00.0;59:00.8;00:27.3;00:39.8;00:27.9;292.7;Jamie CHADWICK;;LMP2;;IDEC Sport;Oreca;GF;27.314;39.797;27.874
18;1;20;01:33.3;0;;27.306;0;37.866;0;28.08;0;179.8;00:33.3;00:34.1;00:27.3;00:37.9;00:28.1;288;Jamie CHADWICK;;LMP2;;IDEC Sport;Oreca;GF;27.306;37.866;28.08
18;1;21;01:34.1;0;;27.288;0;38.73;0;28.102;0;178.1;02:07.4;02:08.2;00:27.3;00:38.7;00:28.1;288.8;Jamie CHADWICK;;LMP2;;IDEC Sport;Oreca;GF;27.288;38.73;28.102
18;1;22;01:35.0;0;;27.951;0;38.695;0;28.388;0;176.4;03:42.4;03:43.2;00:28.0;00:38.7;00:28.4;282.7;Jamie CHADWICK;;LMP2;;IDEC Sport;Oreca;GF;27.951;38.695;28.388
18;1;23;01:34.3;0;;27.35;0;38.011;0;28.891;0;177.9;05:16.7;05:17.5;00:27.4;00:38.0;00:28.9;288;Jamie CHADWICK;;LMP2;;IDEC Sport;Oreca;GF;27.35;38.011;28.891
18;1;24;01:33.2;0;;27.343;0;37.929;0;27.95;0;179.8;06:49.9;06:50.7;00:27.3;00:37.9;00:28.0;288.8;Jamie CHADWICK;;LMP2;;IDEC Sport;Oreca;GF;27.343;37.929;27.95
18;1;25;01:36.9;0;;27.439;0;38.988;0;30.518;0;172.9;08:26.9;08:27.7;00:27.4;00:39.0;00:30.5;288.8;Jamie CHADWICK;;LMP2;;IDEC Sport;Oreca;GF;27.439;38.988;30.518
18;1;26;01:34.7;0;;27.668;0;38.195;0;28.787;0;177.1;10:01.5;10:02.3;00:27.7;00:38.2;00:28.8;290.3;Jamie CHADWICK;;LMP2;;IDEC Sport;Oreca;GF;27.668;38.195;28.787
18;1;27;01:41.2;0;B;27.885;0;38.793;0;34.509;0;165.7;11:42.7;11:43.5;00:27.9;00:38.8;00:34.5;285.7;Jamie CHADWICK;;LMP2;;IDEC Sport;Oreca;GF;27.885;38.793;34.509
18;1;28;02:39.6;0;;01:32.3;0;38.807;0;28.514;0;105;14:22.3;14:23.1;01:32.3;00:38.8;00:28.5;209.7;Jamie CHADWICK;01:07.8;LMP2;;IDEC Sport;Oreca;GF;92.28;38.807;28.514
18;1;29;01:34.7;0;;27.775;0;38.653;0;28.312;0;177;15:57.0;15:57.8;00:27.8;00:38.7;00:28.3;287.2;Jamie CHADWICK;;LMP2;;IDEC Sport;Oreca;GF;27.775;38.653;28.312
18;1;30;01:34.9;0;;27.789;0;38.276;0;28.867;0;176.6;17:32.0;17:32.8;00:27.8;00:38.3;00:28.9;285.7;Jamie CHADWICK;;LMP2;;IDEC Sport;Oreca;GF;27.789;38.276;28.867
18;1;31;01:36.4;0;;27.952;0;39.245;0;29.243;0;173.8;19:08.4;19:09.2;00:28.0;00:39.2;00:29.2;283.5;Jamie CHADWICK;;LMP2;;IDEC Sport;Oreca;GF;27.952;39.245;29.243
18;1;32;01:34.5;0;;27.704;0;38.367;0;28.409;0;177.4;20:42.9;20:43.7;00:27.7;00:38.4;00:28.4;288;Jamie CHADWICK;;LMP2;;IDEC Sport;Oreca;GF;27.704;38.367;28.409
18;1;33;01:36.6;0;;28.338;0;38.925;0;29.36;0;173.5;22:19.5;22:20.3;00:28.3;00:38.9;00:29.4;286.5;Jamie CHADWICK;;LMP2;;IDEC Sport;Oreca;GF;28.338;38.925;29.36
18;1;34;01:35.7;0;;28.363;0;38.591;0;28.769;0;175.1;23:55.2;23:56.0;00:28.4;00:38.6;00:28.8;290.3;Jamie CHADWICK;;LMP2;;IDEC Sport;Oreca;GF;28.363;38.591;28.769
18;1;35;01:37.6;0;;28.198;0;40.052;0;29.327;0;171.8;25:32.8;25:33.6;00:28.2;00:40.1;00:29.3;291.1;Jamie CHADWICK;;LMP2;;IDEC Sport;Oreca;GF;28.198;40.052;29.327
18;1;36;01:35.4;0;;27.771;0;38.46;0;29.16;0;175.8;27:08.2;27:09.0;00:27.8;00:38.5;00:29.2;288.8;Jamie CHADWICK;;LMP2;;IDEC Sport;Oreca;GF;27.771;38.46;29.16
18;1;37;01:36.2;0;;28.232;0;39.376;0;28.585;0;174.3;28:44.4;28:45.2;00:28.2;00:39.4;00:28.6;288;Jamie CHADWICK;;LMP2;;IDEC Sport;Oreca;GF;28.232;39.376;28.585
18;1;38;01:36.0;0;;28.083;0;39.125;0;28.802;0;174.6;30:20.4;30:21.2;00:28.1;00:39.1;00:28.8;291.9;Jamie CHADWICK;;LMP2;;IDEC Sport;Oreca;GF;28.083;39.125;28.802
18;1;39;01:36.3;0;;28.28;0;39.209;0;28.856;0;174;31:56.8;31:57.6;00:28.3;00:39.2;00:28.9;287.2;Jamie CHADWICK;;LMP2;;IDEC Sport;Oreca;GF;28.28;39.209;28.856
18;1;40;01:35.6;0;;28.162;0;38.419;0;29.067;0;175.3;33:32.4;33:33.2;00:28.2;00:38.4;00:29.1;288.8;Jamie CHADWICK;;LMP2;;IDEC Sport;Oreca;GF;28.162;38.419;29.067
18;1;41;02:46.0;0;;28.981;0;01:20.3;0;56.743;0;101;36:18.4;36:19.2;00:29.0;01:20.3;00:56.7;288;Jamie CHADWICK;;LMP2;;IDEC Sport;Oreca;GF;28.981;80.275;56.743
18;1;42;03:30.2;0;B;01:13.0;0;01:19.7;0;57.562;0;79.8;39:48.6;39:49.4;01:13.0;01:19.7;00:57.6;;Jamie CHADWICK;;LMP2;;IDEC Sport;Oreca;GF;72.967;79.655;57.562
18;3;43;03:40.4;0;;02:13.4;0;53.563;0;33.345;0;76.1;43:28.9;43:29.7;02:13.4;00:53.6;00:33.3;;Laurents HÖRR;01:21.3;LMP2;;IDEC Sport;Oreca;SF;133.445;53.563;33.345
18;3;44;03:06.1;0;;42.573;0;01:22.7;0;01:00.8;0;90.1;46:35.0;46:35.8;00:42.6;01:22.7;01:00.8;217.7;Laurents HÖRR;;LMP2;;IDEC Sport;Oreca;SF;42.573;82.726;60.801
18;3;45;03:00.8;0;;01:11.9;0;01:07.3;0;41.594;0;92.7;49:35.8;49:36.6;01:11.9;01:07.3;00:41.6;;Laurents HÖRR;;LMP2;;IDEC Sport;Oreca;SF;71.861;67.304;41.594
18;3;46;02:12.7;0;;38.894;0;53.195;0;40.636;0;126.3;51:48.5;51:49.3;00:38.9;00:53.2;00:40.6;135.2;Laurents HÖRR;;LMP2;;IDEC Sport;Oreca;GF;38.894;53.195;40.636
18;3;47;01:34.6;0;;28.368;0;38.522;0;27.689;0;177.3;53:23.1;53:23.9;00:28.4;00:38.5;00:27.7;285;Laurents HÖRR;;LMP2;;IDEC Sport;Oreca;GF;28.368;38.522;27.689
18;3;48;01:31.9;0;;27.148;0;37.388;0;27.386;2;182.4;54:55.0;54:55.8;00:27.1;00:37.4;00:27.4;288.8;Laurents HÖRR;;LMP2;;IDEC Sport;Oreca;GF;27.148;37.388;27.386
18;3;49;01:32.1;0;;27.055;0;37.535;0;27.501;0;182.1;56:27.1;56:27.9;00:27.1;00:37.5;00:27.5;291.1;Laurents HÖRR;;LMP2;;IDEC Sport;Oreca;GF;27.055;37.535;27.501
18;3;50;01:32.0;0;;26.95;0;37.433;0;27.615;0;182.2;57:59.1;57:59.9;00:26.9;00:37.4;00:27.6;288.8;Laurents HÖRR;;LMP2;;IDEC Sport;Oreca;GF;26.95;37.433;27.615
18;3;51;01:31.6;2;;26.811;2;37.322;2;27.47;0;183;59:30.7;59:31.5;00:26.8;00:37.3;00:27.5;290.3;Laurents HÖRR;;LMP2;;IDEC Sport;Oreca;GF;26.811;37.322;27.47
18;3;52;01:32.9;0;;26.842;0;37.644;0;28.452;0;180.4;01:03.7;01:04.5;00:26.8;00:37.6;00:28.5;291.1;Laurents HÖRR;;LMP2;;IDEC Sport;Oreca;GF;26.842;37.644;28.452
18;3;53;01:36.1;0;;27.084;0;38.775;0;30.27;0;174.4;02:39.8;02:40.6;00:27.1;00:38.8;00:30.3;291.1;Laurents HÖRR;;LMP2;;IDEC Sport;Oreca;GF;27.084;38.775;30.27
18;3;54;01:59.7;0;;28.511;0;39.794;0;51.397;0;140.1;04:39.5;04:40.3;00:28.5;00:39.8;00:51.4;291.9;Laurents HÖRR;;LMP2;;IDEC Sport;Oreca;FCY;28.511;39.794;51.397
18;3;55;02:38.7;0;;01:13.9;0;56.85;0;27.939;0;105.7;07:18.2;07:19.0;01:13.9;00:56.8;00:27.9;;Laurents HÖRR;;LMP2;;IDEC Sport;Oreca;GF;73.893;56.85;27.939
18;3;56;01:34.3;0;;27.519;0;38.048;0;28.691;0;177.9;08:52.4;08:53.2;00:27.5;00:38.0;00:28.7;290.3;Laurents HÖRR;;LMP2;;IDEC Sport;Oreca;GF;27.519;38.048;28.691
18;3;57;01:33.7;0;;27.879;0;37.759;0;28.083;0;178.9;10:26.2;10:26.9;00:27.9;00:37.8;00:28.1;288.8;Laurents HÖRR;;LMP2;;IDEC Sport;Oreca;GF;27.879;37.759;28.083
18;3;58;01:33.8;0;;27.354;0;38.018;0;28.464;0;178.7;12:00.0;12:00.8;00:27.4;00:38.0;00:28.5;288.8;Laurents HÖRR;;LMP2;;IDEC Sport;Oreca;GF;27.354;38.018;28.464
18;3;59;01:34.2;0;;27.242;0;38.035;0;28.953;0;177.9;13:34.2;13:35.0;00:27.2;00:38.0;00:29.0;290.3;Laurents HÖRR;;LMP2;;IDEC Sport;Oreca;GF;27.242;38.035;28.953
18;3;60;01:33.4;0;;27.416;0;38.018;0;27.921;0;179.6;15:07.6;15:08.4;00:27.4;00:38.0;00:27.9;289.5;Laurents HÖRR;;LMP2;;IDEC Sport;Oreca;GF;27.416;38.018;27.921
18;3;61;01:34.8;0;;27.696;0;38.728;0;28.363;0;176.9;16:42.4;16:43.2;00:27.7;00:38.7;00:28.4;291.1;Laurents HÖRR;;LMP2;;IDEC Sport;Oreca;GF;27.696;38.728;28.363
18;3;62;01:33.5;0;;27.369;0;38.15;0;28.006;0;179.3;18:15.9;18:16.7;00:27.4;00:38.2;00:28.0;290.3;Laurents HÖRR;;LMP2;;IDEC Sport;Oreca;GF;27.369;38.15;28.006
18;3;63;01:36.3;0;;27.332;0;38.767;0;30.243;0;174;19:52.2;19:53.0;00:27.3;00:38.8;00:30.2;291.1;Laurents HÖRR;;LMP2;;IDEC Sport;Oreca;GF;27.332;38.767;30.243
18;3;64;01:34.3;0;;28.002;0;38.163;0;28.168;0;177.7;21:26.6;21:27.4;00:28.0;00:38.2;00:28.2;289.5;Laurents HÖRR;;LMP2;;IDEC Sport;Oreca;GF;28.002;38.163;28.168
18;3;65;01:34.4;0;;27.588;0;38.562;0;28.243;0;177.6;23:01.0;23:01.7;00:27.6;00:38.6;00:28.2;291.1;Laurents HÖRR;;LMP2;;IDEC Sport;Oreca;GF;27.588;38.562;28.243
18;3;66;01:35.2;0;;27.585;0;38.999;0;28.621;0;176.1;24:36.2;24:37.0;00:27.6;00:39.0;00:28.6;290.3;Laurents HÖRR;;LMP2;;IDEC Sport;Oreca;GF;27.585;38.999;28.621
18;3;67;01:36.0;0;;27.621;0;38.441;0;29.904;0;174.7;26:12.1;26:12.9;00:27.6;00:38.4;00:29.9;289.5;Laurents HÖRR;;LMP2;;IDEC Sport;Oreca;GF;27.621;38.441;29.904
18;3;68;01:34.3;0;;27.716;0;38.193;0;28.439;0;177.7;27:46.5;27:47.3;00:27.7;00:38.2;00:28.4;290.3;Laurents HÖRR;;LMP2;;IDEC Sport;Oreca;GF;27.716;38.193;28.439
18;3;69;01:34.0;0;;27.559;0;38.009;0;28.382;0;178.4;29:20.4;29:21.2;00:27.6;00:38.0;00:28.4;289.5;Laurents HÖRR;;LMP2;;IDEC Sport;Oreca;GF;27.559;38.009;28.382
18;3;70;01:35.1;0;;27.779;0;38.78;0;28.523;0;176.3;30:55.5;30:56.3;00:27.8;00:38.8;00:28.5;290.3;Laurents HÖRR;;LMP2;;IDEC Sport;Oreca;GF;27.779;38.78;28.523
18;3;71;02:36.0;0;;27.396;0;01:11.5;0;57.121;0;107.5;33:31.5;33:32.3;00:27.4;01:11.5;00:57.1;290.3;Laurents HÖRR;;LMP2;;IDEC Sport;Oreca;GF;27.396;71.46;57.121
18;3;72;03:31.2;0;B;01:13.5;0;01:19.9;0;57.756;0;79.4;37:02.7;37:03.5;01:13.5;01:19.9;00:57.8;;Laurents HÖRR;;LMP2;;IDEC Sport;Oreca;GF;73.534;79.904;57.756
18;3;73;04:03.4;0;;02:10.5;0;55.688;0;57.169;0;68.9;41:06.0;41:06.8;02:10.5;00:55.7;00:57.2;;Laurents HÖRR;01:25.3;LMP2;;IDEC Sport;Oreca;SF;130.511;55.688;57.169
18;3;74;03:24.5;0;;58.263;0;01:23.9;0;01:02.4;0;82;44:30.6;44:31.4;00:58.3;01:23.9;01:02.4;125.9;Laurents HÖRR;;LMP2;;IDEC Sport;Oreca;SF;58.263;83.869;62.393
18;3;75;02:52.0;0;;01:05.6;0;01:05.5;0;40.875;0;97.5;47:22.6;47:23.4;01:05.6;01:05.5;00:40.9;;Laurents HÖRR;;LMP2;;IDEC Sport;Oreca;SF;65.632;65.504;40.875
18;3;76;02:21.2;0;;41.215;0;51.598;0;48.379;0;118.7;49:43.8;49:44.6;00:41.2;00:51.6;00:48.4;168.2;Laurents HÖRR;;LMP2;;IDEC Sport;Oreca;GF;41.215;51.598;48.379
18;3;77;01:33.8;0;;28.062;0;38.068;0;27.662;0;178.7;51:17.6;51:18.4;00:28.1;00:38.1;00:27.7;285;Laurents HÖRR;;LMP2;;IDEC Sport;Oreca;GF;28.062;38.068;27.662
18;3;78;01:32.8;0;;27.23;0;37.876;0;27.686;0;180.7;52:50.4;52:51.1;00:27.2;00:37.9;00:27.7;288.8;Laurents HÖRR;;LMP2;;IDEC Sport;Oreca;GF;27.23;37.876;27.686
18;3;79;01:32.7;0;;27.142;0;37.707;0;27.811;0;180.9;54:23.0;54:23.8;00:27.1;00:37.7;00:27.8;288.8;Laurents HÖRR;;LMP2;;IDEC Sport;Oreca;GF;27.142;37.707;27.811
18;3;80;01:33.2;0;;27.77;0;37.699;0;27.719;0;179.9;55:56.2;55:57.0;00:27.8;00:37.7;00:27.7;288;Laurents HÖRR;;LMP2;;IDEC Sport;Oreca;GF;27.77;37.699;27.719
18;3;81;01:32.1;0;;26.976;0;37.61;0;27.551;0;182;57:28.3;57:29.1;00:27.0;00:37.6;00:27.6;289.5;Laurents HÖRR;;LMP2;;IDEC Sport;Oreca;GF;26.976;37.61;27.551
18;3;82;01:32.7;0;;27.074;0;37.824;0;27.832;0;180.8;59:01.1;59:01.9;00:27.1;00:37.8;00:27.8;290.3;Laurents HÖRR;;LMP2;;IDEC Sport;Oreca;GF;27.074;37.824;27.832
18;3;83;01:36.6;0;;27.541;0;38.927;0;30.135;0;173.5;00:37.7;00:38.5;00:27.5;00:38.9;00:30.1;291.1;Laurents HÖRR;;LMP2;;IDEC Sport;Oreca;GF;27.541;38.927;30.135
18;3;84;01:35.9;0;;28.515;0;38.436;0;28.964;0;174.8;02:13.6;02:14.4;00:28.5;00:38.4;00:29.0;285;Laurents HÖRR;;LMP2;;IDEC Sport;Oreca;GF;28.515;38.436;28.964
18;3;85;01:58.1;0;;28.126;0;39.094;0;50.841;0;142;04:11.6;04:12.4;00:28.1;00:39.1;00:50.8;290.3;Laurents HÖRR;;LMP2;;IDEC Sport;Oreca;FCY;28.126;39.094;50.841
18;3;86;02:38.9;0;;01:13.3;0;56.202;0;29.411;0;105.5;06:50.6;06:51.4;01:13.3;00:56.2;00:29.4;;Laurents HÖRR;;LMP2;;IDEC Sport;Oreca;GF;73.296;56.202;29.411
18;3;87;01:35.4;0;;27.794;0;38.34;0;29.268;0;175.7;08:26.0;08:26.8;00:27.8;00:38.3;00:29.3;286.5;Laurents HÖRR;;LMP2;;IDEC Sport;Oreca;GF;27.794;38.34;29.268
18;3;88;01:33.1;0;;27.557;0;37.654;0;27.868;0;180.1;09:59.0;09:59.8;00:27.6;00:37.7;00:27.9;285;Laurents HÖRR;;LMP2;;IDEC Sport;Oreca;GF;27.557;37.654;27.868
18;3;89;01:33.2;0;;27.189;0;37.878;0;28.144;0;179.9;11:32.2;11:33.0;00:27.2;00:37.9;00:28.1;289.5;Laurents HÖRR;;LMP2;;IDEC Sport;Oreca;GF;27.189;37.878;28.144
18;3;90;01:33.2;0;;27.281;0;37.929;0;28.029;0;179.8;13:05.5;13:06.3;00:27.3;00:37.9;00:28.0;289.5;Laurents HÖRR;;LMP2;;IDEC Sport;Oreca;GF;27.281;37.929;28.029
18;3;91;01:35.2;0;;27.384;0;38.069;0;29.748;0;176.1;14:40.7;14:41.5;00:27.4;00:38.1;00:29.7;289.5;Laurents HÖRR;;LMP2;;IDEC Sport;Oreca;GF;27.384;38.069;29.748
18;3;92;01:34.5;0;;27.936;0;38.509;0;28.051;0;177.4;16:15.2;16:16.0;00:27.9;00:38.5;00:28.1;288;Laurents HÖRR;;LMP2;;IDEC Sport;Oreca;GF;27.936;38.509;28.051
18;3;93;01:33.6;0;;27.539;0;37.816;0;28.209;0;179.2;17:48.7;17:49.5;00:27.5;00:37.8;00:28.2;290.3;Laurents HÖRR;;LMP2;;IDEC Sport;Oreca;GF;27.539;37.816;28.209
18;3;94;01:34.3;0;;28.137;0;37.888;0;28.252;0;177.8;19:23.0;19:23.8;00:28.1;00:37.9;00:28.3;291.1;Laurents HÖRR;;LMP2;;IDEC Sport;Oreca;GF;28.137;37.888;28.252
18;3;95;01:33.5;0;;27.265;0;38.035;0;28.182;0;179.3;20:56.5;20:57.3;00:27.3;00:38.0;00:28.2;291.1;Laurents HÖRR;;LMP2;;IDEC Sport;Oreca;GF;27.265;38.035;28.182
18;3;96;02:46.2;0;B;01:04.1;0;01:08.5;0;33.613;0;100.9;23:42.7;23:43.5;01:04.1;01:08.5;00:33.6;;Laurents HÖRR;;LMP2;;IDEC Sport;Oreca;GF;64.114;68.492;33.613
18;2;97;02:47.0;0;;01:38.4;0;39.337;0;29.234;0;100.4;26:29.7;26:30.5;01:38.4;00:39.3;00:29.2;192.5;Valerio RINICELLA;01:11.6;LMP2;;IDEC Sport;Oreca;GF;98.391;39.337;29.234
18;2;98;01:35.0;0;;27.822;0;39.025;0;28.195;0;176.4;28:04.7;28:05.5;00:27.8;00:39.0;00:28.2;287.2;Valerio RINICELLA;;LMP2;;IDEC Sport;Oreca;GF;27.822;39.025;28.195
18;2;99;01:32.9;0;;27.361;0;37.671;1;27.894;1;180.4;29:37.7;29:38.5;00:27.4;00:37.7;00:27.9;286.5;Valerio RINICELLA;;LMP2;;IDEC Sport;Oreca;GF;27.361;37.671;27.894
18;2;100;01:33.7;0;;27.414;0;37.761;0;28.516;0;178.9;31:11.3;31:12.1;00:27.4;00:37.8;00:28.5;288;Valerio RINICELLA;;LMP2;;IDEC Sport;Oreca;GF;27.414;37.761;28.516
18;2;101;01:33.8;0;;27.434;0;37.819;0;28.58;0;178.7;32:45.2;32:46.0;00:27.4;00:37.8;00:28.6;288;Valerio RINICELLA;;LMP2;;IDEC Sport;Oreca;GF;27.434;37.819;28.58
18;2;102;01:33.6;0;;27.313;0;38.263;0;27.991;0;179.2;34:18.7;34:19.5;00:27.3;00:38.3;00:28.0;287.2;Valerio RINICELLA;;LMP2;;IDEC Sport;Oreca;GF;27.313;38.263;27.991
18;2;103;01:33.5;0;;27.34;0;37.994;0;28.124;0;179.4;35:52.2;35:53.0;00:27.3;00:38.0;00:28.1;288.8;Valerio RINICELLA;;LMP2;;IDEC Sport;Oreca;GF;27.34;37.994;28.124
18;2;104;01:33.9;0;;27.528;0;38.205;0;28.128;0;178.6;37:26.1;37:26.9;00:27.5;00:38.2;00:28.1;289.5;Valerio RINICELLA;;LMP2;;IDEC Sport;Oreca;GF;27.528;38.205;28.128
18;2;105;01:36.6;0;;27.573;0;40.601;0;28.465;0;173.5;39:02.7;39:03.5;00:27.6;00:40.6;00:28.5;290.3;Valerio RINICELLA;;LMP2;;IDEC Sport;Oreca;GF;27.573;40.601;28.465
18;2;106;01:34.3;0;;27.686;0;38.413;0;28.213;0;177.8;40:37.0;40:37.8;00:27.7;00:38.4;00:28.2;288.8;Valerio RINICELLA;;LMP2;;IDEC Sport;Oreca;GF;27.686;38.413;28.213
18;2;107;01:34.8;0;;28.147;0;38.251;0;28.416;0;176.8;42:11.8;42:12.6;00:28.1;00:38.3;00:28.4;285.7;Valerio RINICELLA;;LMP2;;IDEC Sport;Oreca;GF;28.147;38.251;28.416
18;2;108;01:35.9;0;;27.677;0;38.742;0;29.46;0;174.9;43:47.7;43:48.5;00:27.7;00:38.7;00:29.5;288;Valerio RINICELLA;;LMP2;;IDEC Sport;Oreca;GF;27.677;38.742;29.46
18;2;109;01:34.9;0;;27.525;0;38.254;0;29.09;0;176.7;45:22.6;45:23.4;00:27.5;00:38.3;00:29.1;286.5;Valerio RINICELLA;;LMP2;;IDEC Sport;Oreca;GF;27.525;38.254;29.09
18;2;110;01:34.1;0;;27.619;0;38.135;0;28.357;0;178.1;46:56.7;46:57.5;00:27.6;00:38.1;00:28.4;285;Valerio RINICELLA;;LMP2;;IDEC Sport;Oreca;GF;27.619;38.135;28.357
18;2;111;01:33.7;0;;27.566;0;38.037;0;28.139;0;178.8;48:30.4;48:31.2;00:27.6;00:38.0;00:28.1;286.5;Valerio RINICELLA;;LMP2;;IDEC Sport;Oreca;GF;27.566;38.037;28.139
18;2;112;01:34.3;0;;27.544;0;38.451;0;28.279;0;177.8;50:04.7;50:05.5;00:27.5;00:38.5;00:28.3;288;Valerio RINICELLA;;LMP2;;IDEC Sport;Oreca;GF;27.544;38.451;28.279
18;2;113;01:35.6;0;;27.873;0;39.314;0;28.438;0;175.3;51:40.3;51:41.1;00:27.9;00:39.3;00:28.4;288;Valerio RINICELLA;;LMP2;;IDEC Sport;Oreca;GF;27.873;39.314;28.438
18;2;114;01:33.7;0;;27.419;0;38.039;0;28.267;0;178.9;53:14.1;53:14.9;00:27.4;00:38.0;00:28.3;286.5;Valerio RINICELLA;;LMP2;;IDEC Sport;Oreca;GF;27.419;38.039;28.267
18;2;115;01:34.7;0;;27.997;0;38.368;0;28.328;0;177;54:48.7;54:49.5;00:28.0;00:38.4;00:28.3;288.8;Valerio RINICELLA;;LMP2;;IDEC Sport;Oreca;GF;27.997;38.368;28.328
18;2;116;01:34.0;0;;27.363;0;38.147;0;28.498;0;178.3;56:22.8;56:23.6;00:27.4;00:38.1;00:28.5;288;Valerio RINICELLA;;LMP2;;IDEC Sport;Oreca;GF;27.363;38.147;28.498
18;2;117;01:34.6;0;;27.635;0;38.56;0;28.43;0;177.2;57:57.4;57:58.2;00:27.6;00:38.6;00:28.4;285;Valerio RINICELLA;;LMP2;;IDEC Sport;Oreca;GF;27.635;38.56;28.43
18;2;118;01:35.4;0;;28.092;0;38.798;0;28.525;0;175.7;59:32.8;59:33.6;00:28.1;00:38.8;00:28.5;289.5;Valerio RINICELLA;;LMP2;;IDEC Sport;Oreca;GF;28.092;38.798;28.525
18;2;119;01:35.8;0;;27.663;0;38.811;0;29.288;0;175.1;01:08.6;01:09.4;00:27.7;00:38.8;00:29.3;291.1;Valerio RINICELLA;;LMP2;;IDEC Sport;Oreca;GF;27.663;38.811;29.288
18;2;120;01:40.4;0;B;28.247;0;38.268;0;33.924;0;166.9;02:49.0;02:49.8;00:28.2;00:38.3;00:33.9;261.5;Valerio RINICELLA;;LMP2;;IDEC Sport;Oreca;GF;28.247;38.268;33.924
18;2;121;02:32.5;0;;01:25.4;0;38.661;0;28.522;0;109.9;05:21.5;05:22.3;01:25.4;00:38.7;00:28.5;202.6;Valerio RINICELLA;00:58.9;LMP2;;IDEC Sport;Oreca;GF;85.365;38.661;28.522
18;2;122;01:34.3;0;;27.658;0;38.172;0;28.512;0;177.7;06:55.9;06:56.7;00:27.7;00:38.2;00:28.5;285.7;Valerio RINICELLA;;LMP2;;IDEC Sport;Oreca;GF;27.658;38.172;28.512
18;2;123;01:34.3;0;;27.881;0;38.095;0;28.334;0;177.8;08:30.2;08:31.0;00:27.9;00:38.1;00:28.3;288;Valerio RINICELLA;;LMP2;;IDEC Sport;Oreca;GF;27.881;38.095;28.334
18;2;124;01:35.9;0;;27.653;0;39.098;0;29.156;0;174.8;10:06.1;10:06.9;00:27.7;00:39.1;00:29.2;288;Valerio RINICELLA;;LMP2;;IDEC Sport;Oreca;GF;27.653;39.098;29.156
18;2;125;01:38.0;0;;27.805;0;41.143;0;29.066;0;171;11:44.1;11:44.9;00:27.8;00:41.1;00:29.1;287.2;Valerio RINICELLA;;LMP2;;IDEC Sport;Oreca;GF;27.805;41.143;29.066
18;2;126;01:35.8;0;;28.084;0;38.709;0;28.981;0;175;13:19.9;13:20.7;00:28.1;00:38.7;00:29.0;290.3;Valerio RINICELLA;;LMP2;;IDEC Sport;Oreca;GF;28.084;38.709;28.981
18;2;127;01:34.5;0;;27.558;0;38.453;0;28.468;0;177.4;14:54.4;14:55.2;00:27.6;00:38.5;00:28.5;287.2;Valerio RINICELLA;;LMP2;;IDEC Sport;Oreca;GF;27.558;38.453;28.468
18;2;128;01:34.3;0;;27.875;0;38.287;0;28.17;0;177.7;16:28.7;16:29.5;00:27.9;00:38.3;00:28.2;290.3;Valerio RINICELLA;;LMP2;;IDEC Sport;Oreca;GF;27.875;38.287;28.17
18;2;129;01:33.6;0;;27.291;1;38.143;0;28.17;0;179.1;18:02.3;18:03.1;00:27.3;00:38.1;00:28.2;289.5;Valerio RINICELLA;;LMP2;;IDEC Sport;Oreca;GF;27.291;38.143;28.17
18;2;130;01:35.5;0;;27.362;0;38.129;0;29.978;0;175.6;19:37.8;19:38.6;00:27.4;00:38.1;00:30.0;290.3;Valerio RINICELLA;;LMP2;;IDEC Sport;Oreca;GF;27.362;38.129;29.978
18;2;131;01:34.1;0;;27.813;0;38.057;0;28.26;0;178.1;21:11.9;21:12.7;00:27.8;00:38.1;00:28.3;287.2;Valerio RINICELLA;;LMP2;;IDEC Sport;Oreca;GF;27.813;38.057;28.26
18;2;132;01:35.5;0;;27.783;0;38.668;0;29.094;0;175.5;22:47.5;22:48.2;00:27.8;00:38.7;00:29.1;291.1;Valerio RINICELLA;;LMP2;;IDEC Sport;Oreca;GF;27.783;38.668;29.094
18;2;133;01:34.6;0;;27.943;0;38.238;0;28.44;0;177.2;24:22.1;24:22.9;00:27.9;00:38.2;00:28.4;288.8;Valerio RINICELLA;;LMP2;;IDEC Sport;Oreca;GF;27.943;38.238;28.44
18;2;134;01:34.5;0;;27.585;0;38.369;0;28.546;0;177.4;25:56.6;25:57.4;00:27.6;00:38.4;00:28.5;288.8;Valerio RINICELLA;;LMP2;;IDEC Sport;Oreca;GF;27.585;38.369;28.546
18;2;135;01:36.2;0;;28.49;0;38.955;0;28.721;0;174.3;27:32.7;27:33.5;00:28.5;00:39.0;00:28.7;288;Valerio RINICELLA;;LMP2;;IDEC Sport;Oreca;FF;28.49;38.955;28.721
19;1;1;02:12.0;0;;35.537;0;56.894;0;39.581;0;123.2;02:12.0;02:12.8;00:35.5;00:56.9;00:39.6;;John FALB;;LMP2 Pro/Am;;Rossa Racing by Virage;Oreca;SF;35.537;56.894;39.581
19;1;2;04:01.2;0;;01:10.6;0;01:29.6;0;01:20.9;0;69.5;06:13.2;06:14.0;01:10.6;01:29.6;01:20.9;132.2;John FALB;;LMP2 Pro/Am;;Rossa Racing by Virage;Oreca;RF;70.644;89.595;80.913
19;1;3;27:02.4;0;;25:09.2;0;01:07.1;0;46.063;0;10.3;33:15.5;33:16.3;25:09.2;01:07.1;00:46.1;145.2;John FALB;;LMP2 Pro/Am;;Rossa Racing by Virage;Oreca;SF;1509.239;67.066;46.063
19;1;4;02:19.0;0;;47.01;0;51.554;0;40.416;0;120.6;35:34.5;35:35.3;00:47.0;00:51.6;00:40.4;;John FALB;;LMP2 Pro/Am;;Rossa Racing by Virage;Oreca;GF;47.01;51.554;40.416
19;1;5;01:37.4;0;;28.94;0;39.569;0;28.863;0;172.2;37:11.9;37:12.7;00:28.9;00:39.6;00:28.9;290.3;John FALB;;LMP2 Pro/Am;;Rossa Racing by Virage;Oreca;GF;28.94;39.569;28.863
19;1;6;01:35.0;0;;28.064;0;38.61;0;28.373;0;176.4;38:46.9;38:47.7;00:28.1;00:38.6;00:28.4;288;John FALB;;LMP2 Pro/Am;;Rossa Racing by Virage;Oreca;GF;28.064;38.61;28.373
19;1;7;01:34.2;0;;27.837;0;38.122;0;28.287;0;177.9;40:21.2;40:22.0;00:27.8;00:38.1;00:28.3;289.5;John FALB;;LMP2 Pro/Am;;Rossa Racing by Virage;Oreca;GF;27.837;38.122;28.287
19;1;8;01:34.6;0;;27.739;0;38.467;0;28.358;0;177.3;41:55.7;41:56.5;00:27.7;00:38.5;00:28.4;288;John FALB;;LMP2 Pro/Am;;Rossa Racing by Virage;Oreca;GF;27.739;38.467;28.358
19;1;9;01:34.6;0;;27.701;0;38.794;0;28.07;1;177.3;43:30.3;43:31.1;00:27.7;00:38.8;00:28.1;288.8;John FALB;;LMP2 Pro/Am;;Rossa Racing by Virage;Oreca;GF;27.701;38.794;28.07
19;1;10;01:33.7;0;;27.41;1;38.095;1;28.162;0;179;45:04.0;45:04.8;00:27.4;00:38.1;00:28.2;291.1;John FALB;;LMP2 Pro/Am;;Rossa Racing by Virage;Oreca;GF;27.41;38.095;28.162
19;1;11;01:35.4;0;;27.675;0;39.428;0;28.319;0;175.7;46:39.4;46:40.2;00:27.7;00:39.4;00:28.3;288.8;John FALB;;LMP2 Pro/Am;;Rossa Racing by Virage;Oreca;GF;27.675;39.428;28.319
19;1;12;01:34.9;0;;27.813;0;38.681;0;28.429;0;176.6;48:14.3;48:15.1;00:27.8;00:38.7;00:28.4;291.1;John FALB;;LMP2 Pro/Am;;Rossa Racing by Virage;Oreca;GF;27.813;38.681;28.429
19;1;13;01:38.5;0;;28.591;0;39.953;0;29.914;0;170.3;49:52.8;49:53.6;00:28.6;00:40.0;00:29.9;291.1;John FALB;;LMP2 Pro/Am;;Rossa Racing by Virage;Oreca;GF;28.591;39.953;29.914
19;1;14;01:37.6;0;;29.113;0;39.293;0;29.206;0;171.8;51:30.4;51:31.2;00:29.1;00:39.3;00:29.2;287.2;John FALB;;LMP2 Pro/Am;;Rossa Racing by Virage;Oreca;GF;29.113;39.293;29.206
19;1;15;01:36.7;0;;28.089;0;39.5;0;29.118;0;173.4;53:07.1;53:07.9;00:28.1;00:39.5;00:29.1;288.8;John FALB;;LMP2 Pro/Am;;Rossa Racing by Virage;Oreca;GF;28.089;39.5;29.118
19;1;16;01:35.7;0;;27.915;0;38.968;0;28.865;0;175.1;54:42.8;54:43.6;00:27.9;00:39.0;00:28.9;290.3;John FALB;;LMP2 Pro/Am;;Rossa Racing by Virage;Oreca;GF;27.915;38.968;28.865
19;1;17;01:35.8;0;;27.974;0;38.996;0;28.812;0;175;56:18.6;56:19.4;00:28.0;00:39.0;00:28.8;290.3;John FALB;;LMP2 Pro/Am;;Rossa Racing by Virage;Oreca;GF;27.974;38.996;28.812
19;1;18;01:35.3;0;;27.718;0;38.931;0;28.663;0;175.9;57:53.9;57:54.7;00:27.7;00:38.9;00:28.7;291.1;John FALB;;LMP2 Pro/Am;;Rossa Racing by Virage;Oreca;GF;27.718;38.931;28.663
19;1;19;01:36.5;0;;28.057;0;39.861;0;28.611;0;173.7;59:30.5;59:31.3;00:28.1;00:39.9;00:28.6;288.8;John FALB;;LMP2 Pro/Am;;Rossa Racing by Virage;Oreca;GF;28.057;39.861;28.611
19;1;20;01:37.2;0;;28.134;0;39.85;0;29.256;0;172.4;01:07.7;01:08.5;00:28.1;00:39.9;00:29.3;291.1;John FALB;;LMP2 Pro/Am;;Rossa Racing by Virage;Oreca;GF;28.134;39.85;29.256
19;1;21;01:36.9;0;;28.409;0;39.147;0;29.381;0;172.9;02:44.6;02:45.4;00:28.4;00:39.1;00:29.4;290.3;John FALB;;LMP2 Pro/Am;;Rossa Racing by Virage;Oreca;GF;28.409;39.147;29.381
19;1;22;01:37.3;0;;28.842;0;39.741;0;28.713;0;172.3;04:21.9;04:22.7;00:28.8;00:39.7;00:28.7;289.5;John FALB;;LMP2 Pro/Am;;Rossa Racing by Virage;Oreca;GF;28.842;39.741;28.713
19;1;23;01:36.2;0;;28.107;0;39.193;0;28.877;0;174.3;05:58.1;05:58.9;00:28.1;00:39.2;00:28.9;289.5;John FALB;;LMP2 Pro/Am;;Rossa Racing by Virage;Oreca;GF;28.107;39.193;28.877
19;1;24;01:35.8;0;;27.792;0;39.068;0;28.923;0;175;07:33.9;07:34.7;00:27.8;00:39.1;00:28.9;290.3;John FALB;;LMP2 Pro/Am;;Rossa Racing by Virage;Oreca;GF;27.792;39.068;28.923
19;1;25;01:37.6;0;;27.987;0;39.163;0;30.466;0;171.7;09:11.5;09:12.3;00:28.0;00:39.2;00:30.5;290.3;John FALB;;LMP2 Pro/Am;;Rossa Racing by Virage;Oreca;GF;27.987;39.163;30.466
19;1;26;01:40.4;0;B;27.935;0;38.845;0;33.592;0;167;10:51.9;10:52.7;00:27.9;00:38.8;00:33.6;288.8;John FALB;;LMP2 Pro/Am;;Rossa Racing by Virage;Oreca;GF;27.935;38.845;33.592
19;1;27;02:31.5;0;;01:22.2;0;40.006;0;29.219;0;110.7;13:23.4;13:24.2;01:22.2;00:40.0;00:29.2;211.4;John FALB;00:57.8;LMP2 Pro/Am;;Rossa Racing by Virage;Oreca;GF;82.243;40.006;29.219
19;1;28;01:37.8;0;;28.454;0;40.464;0;28.853;0;171.5;15:01.1;15:01.9;00:28.5;00:40.5;00:28.9;288.8;John FALB;;LMP2 Pro/Am;;Rossa Racing by Virage;Oreca;GF;28.454;40.464;28.853
19;1;29;01:37.0;0;;28.149;0;39.087;0;29.734;0;172.9;16:38.1;16:38.9;00:28.1;00:39.1;00:29.7;287.2;John FALB;;LMP2 Pro/Am;;Rossa Racing by Virage;Oreca;GF;28.149;39.087;29.734
19;1;30;01:37.9;0;;29.157;0;39.4;0;29.294;0;171.3;18:15.9;18:16.7;00:29.2;00:39.4;00:29.3;289.5;John FALB;;LMP2 Pro/Am;;Rossa Racing by Virage;Oreca;GF;29.157;39.4;29.294
19;1;31;01:38.0;0;;28.519;0;39.279;0;30.24;0;171;19:54.0;19:54.8;00:28.5;00:39.3;00:30.2;287.2;John FALB;;LMP2 Pro/Am;;Rossa Racing by Virage;Oreca;GF;28.519;39.279;30.24
19;1;32;01:38.6;0;;28.86;0;40.403;0;29.304;0;170.1;21:32.6;21:33.3;00:28.9;00:40.4;00:29.3;289.5;John FALB;;LMP2 Pro/Am;;Rossa Racing by Virage;Oreca;GF;28.86;40.403;29.304
19;1;33;01:37.0;0;;28.395;0;39.343;0;29.304;0;172.8;23:09.6;23:10.4;00:28.4;00:39.3;00:29.3;288;John FALB;;LMP2 Pro/Am;;Rossa Racing by Virage;Oreca;GF;28.395;39.343;29.304
19;1;34;01:37.2;0;;28.199;0;39.364;0;29.632;0;172.5;24:46.8;24:47.6;00:28.2;00:39.4;00:29.6;289.5;John FALB;;LMP2 Pro/Am;;Rossa Racing by Virage;Oreca;GF;28.199;39.364;29.632
19;1;35;01:37.1;0;;28.361;0;39.711;0;29.043;0;172.6;26:23.9;26:24.7;00:28.4;00:39.7;00:29.0;288.8;John FALB;;LMP2 Pro/Am;;Rossa Racing by Virage;Oreca;GF;28.361;39.711;29.043
19;1;36;01:37.4;0;;28.22;0;40.371;0;28.846;0;172.1;28:01.3;28:02.1;00:28.2;00:40.4;00:28.8;289.5;John FALB;;LMP2 Pro/Am;;Rossa Racing by Virage;Oreca;GF;28.22;40.371;28.846
19;1;37;01:36.6;0;;28.136;0;39.021;0;29.446;0;173.5;29:37.9;29:38.7;00:28.1;00:39.0;00:29.4;288;John FALB;;LMP2 Pro/Am;;Rossa Racing by Virage;Oreca;GF;28.136;39.021;29.446
19;1;38;01:41.7;0;B;28.265;0;39.593;0;33.875;0;164.8;31:19.7;31:20.5;00:28.3;00:39.6;00:33.9;289.5;John FALB;;LMP2 Pro/Am;;Rossa Racing by Virage;Oreca;GF;28.265;39.593;33.875
19;3;39;03:17.3;0;;01:45.3;0;41.677;0;50.351;0;85;34:37.0;34:37.8;01:45.3;00:41.7;00:50.4;186.5;Rik KOEN;01:16.7;LMP2 Pro/Am;;Rossa Racing by Virage;Oreca;GF;105.296;41.677;50.351
19;3;40;03:29.9;0;B;01:12.9;0;01:19.3;0;57.684;0;79.9;38:06.9;38:07.7;01:12.9;01:19.3;00:57.7;;Rik KOEN;;LMP2 Pro/Am;;Rossa Racing by Virage;Oreca;GF;72.887;79.338;57.684
19;3;41;03:40.2;0;;01:29.1;0;01:19.1;0;51.982;0;76.1;41:47.1;41:47.9;01:29.1;01:19.1;00:52.0;;Rik KOEN;00:34.5;LMP2 Pro/Am;;Rossa Racing by Virage;Oreca;SF;89.113;79.111;51.982
19;3;42;02:07.8;0;;43.408;0;48.21;0;36.225;0;131.1;43:55.0;43:55.8;00:43.4;00:48.2;00:36.2;158.8;Rik KOEN;;LMP2 Pro/Am;;Rossa Racing by Virage;Oreca;SF;43.408;48.21;36.225
19;3;43;02:57.7;0;;37.483;0;01:18.1;0;01:02.0;0;94.4;46:52.6;46:53.4;00:37.5;01:18.1;01:02.0;182.7;Rik KOEN;;LMP2 Pro/Am;;Rossa Racing by Virage;Oreca;SF;37.483;78.123;62.045
19;3;44;02:58.1;0;;01:10.7;0;01:05.3;0;42.075;0;94.1;49:50.7;49:51.5;01:10.7;01:05.3;00:42.1;;Rik KOEN;;LMP2 Pro/Am;;Rossa Racing by Virage;Oreca;SF;70.723;65.304;42.075
19;3;45;02:08.8;0;;40.765;0;49.481;0;38.553;0;130.2;51:59.5;52:00.3;00:40.8;00:49.5;00:38.6;161.4;Rik KOEN;;LMP2 Pro/Am;;Rossa Racing by Virage;Oreca;GF;40.765;49.481;38.553
19;3;46;01:36.0;0;;28.23;0;39.155;0;28.566;0;174.7;53:35.5;53:36.3;00:28.2;00:39.2;00:28.6;286.5;Rik KOEN;;LMP2 Pro/Am;;Rossa Racing by Virage;Oreca;GF;28.23;39.155;28.566
19;3;47;01:33.4;0;;27.354;0;38.386;0;27.681;0;179.5;55:08.9;55:09.7;00:27.4;00:38.4;00:27.7;288;Rik KOEN;;LMP2 Pro/Am;;Rossa Racing by Virage;Oreca;GF;27.354;38.386;27.681
19;3;48;01:32.4;0;;27.253;0;37.437;0;27.704;0;181.5;56:41.3;56:42.1;00:27.3;00:37.4;00:27.7;289.5;Rik KOEN;;LMP2 Pro/Am;;Rossa Racing by Virage;Oreca;GF;27.253;37.437;27.704
19;3;49;01:32.4;0;;27.221;0;37.506;0;27.625;0;181.5;58:13.6;58:14.4;00:27.2;00:37.5;00:27.6;291.1;Rik KOEN;;LMP2 Pro/Am;;Rossa Racing by Virage;Oreca;GF;27.221;37.506;27.625
19;3;50;01:31.9;0;;27.087;0;37.373;0;27.467;1;182.4;59:45.6;59:46.4;00:27.1;00:37.4;00:27.5;291.9;Rik KOEN;;LMP2 Pro/Am;;Rossa Racing by Virage;Oreca;GF;27.087;37.373;27.467
19;3;51;01:31.9;0;;26.896;2;37.358;2;27.638;0;182.4;01:17.4;01:18.2;00:26.9;00:37.4;00:27.6;290.3;Rik KOEN;;LMP2 Pro/Am;;Rossa Racing by Virage;Oreca;GF;26.896;37.358;27.638
19;3;52;01:32.4;0;;26.981;0;37.713;0;27.729;0;181.4;02:49.9;02:50.7;00:27.0;00:37.7;00:27.7;291.1;Rik KOEN;;LMP2 Pro/Am;;Rossa Racing by Virage;Oreca;GF;26.981;37.713;27.729
19;3;53;02:02.8;0;;27.708;0;39.539;0;55.525;0;136.6;04:52.6;04:53.4;00:27.7;00:39.5;00:55.5;291.9;Rik KOEN;;LMP2 Pro/Am;;Rossa Racing by Virage;Oreca;FCY;27.708;39.539;55.525
19;3;54;02:34.0;0;;01:14.3;0;49.889;0;29.841;0;108.9;07:26.6;07:27.4;01:14.3;00:49.9;00:29.8;;Rik KOEN;;LMP2 Pro/Am;;Rossa Racing by Virage;Oreca;GF;74.255;49.889;29.841
19;3;55;01:36.2;0;;28.75;0;38.963;0;28.475;0;174.3;09:02.8;09:03.6;00:28.7;00:39.0;00:28.5;283.5;Rik KOEN;;LMP2 Pro/Am;;Rossa Racing by Virage;Oreca;GF;28.75;38.963;28.475
19;3;56;01:34.5;0;;28.334;0;38.215;0;27.903;0;177.5;10:37.3;10:38.1;00:28.3;00:38.2;00:27.9;291.1;Rik KOEN;;LMP2 Pro/Am;;Rossa Racing by Virage;Oreca;GF;28.334;38.215;27.903
19;3;57;01:35.4;0;;28.399;0;38.714;0;28.318;0;175.7;12:12.7;12:13.5;00:28.4;00:38.7;00:28.3;291.1;Rik KOEN;;LMP2 Pro/Am;;Rossa Racing by Virage;Oreca;GF;28.399;38.714;28.318
19;3;58;01:35.0;0;;28.088;0;38.726;0;28.193;0;176.5;13:47.7;13:48.5;00:28.1;00:38.7;00:28.2;290.3;Rik KOEN;;LMP2 Pro/Am;;Rossa Racing by Virage;Oreca;GF;28.088;38.726;28.193
19;3;59;01:34.2;0;;27.676;0;38.355;0;28.128;0;178.1;15:21.9;15:22.7;00:27.7;00:38.4;00:28.1;291.9;Rik KOEN;;LMP2 Pro/Am;;Rossa Racing by Virage;Oreca;GF;27.676;38.355;28.128
19;3;60;01:34.6;0;;28.013;0;38.497;0;28.077;0;177.2;16:56.5;16:57.2;00:28.0;00:38.5;00:28.1;291.1;Rik KOEN;;LMP2 Pro/Am;;Rossa Racing by Virage;Oreca;GF;28.013;38.497;28.077
19;3;61;01:37.2;0;;27.428;0;39.859;0;29.914;0;172.5;18:33.7;18:34.4;00:27.4;00:39.9;00:29.9;285;Rik KOEN;;LMP2 Pro/Am;;Rossa Racing by Virage;Oreca;GF;27.428;39.859;29.914
19;3;62;01:34.3;0;;27.722;0;38.212;0;28.317;0;177.9;20:07.9;20:08.7;00:27.7;00:38.2;00:28.3;289.5;Rik KOEN;;LMP2 Pro/Am;;Rossa Racing by Virage;Oreca;GF;27.722;38.212;28.317
19;3;63;01:35.2;0;;27.489;0;38.25;0;29.506;0;176;21:43.1;21:43.9;00:27.5;00:38.2;00:29.5;291.9;Rik KOEN;;LMP2 Pro/Am;;Rossa Racing by Virage;Oreca;GF;27.489;38.25;29.506
19;3;64;01:40.0;0;;29.544;0;40.055;0;30.377;0;167.7;23:23.1;23:23.9;00:29.5;00:40.1;00:30.4;291.1;Rik KOEN;;LMP2 Pro/Am;;Rossa Racing by Virage;Oreca;GF;29.544;40.055;30.377
19;3;65;01:33.8;0;;27.735;0;38.042;0;28.069;0;178.6;24:57.0;24:57.8;00:27.7;00:38.0;00:28.1;289.5;Rik KOEN;;LMP2 Pro/Am;;Rossa Racing by Virage;Oreca;GF;27.735;38.042;28.069
19;3;66;01:36.7;0;;27.578;0;39.783;0;29.378;0;173.3;26:33.7;26:34.5;00:27.6;00:39.8;00:29.4;290.3;Rik KOEN;;LMP2 Pro/Am;;Rossa Racing by Virage;Oreca;GF;27.578;39.783;29.378
19;3;67;01:35.0;0;;27.699;0;38.601;0;28.691;0;176.5;28:08.7;28:09.5;00:27.7;00:38.6;00:28.7;288;Rik KOEN;;LMP2 Pro/Am;;Rossa Racing by Virage;Oreca;GF;27.699;38.601;28.691
19;3;68;01:35.5;0;;27.776;0;38.692;0;29.047;0;175.5;29:44.2;29:45.0;00:27.8;00:38.7;00:29.0;290.3;Rik KOEN;;LMP2 Pro/Am;;Rossa Racing by Virage;Oreca;GF;27.776;38.692;29.047
19;3;69;01:36.9;0;;27.962;0;39.291;0;29.665;0;173;31:21.1;31:21.9;00:28.0;00:39.3;00:29.7;285.7;Rik KOEN;;LMP2 Pro/Am;;Rossa Racing by Virage;Oreca;GF;27.962;39.291;29.665
19;3;70;03:08.0;0;B;49.561;0;01:19.5;0;58.976;0;89.2;34:29.1;34:29.9;00:49.6;01:19.5;00:59.0;290.3;Rik KOEN;;LMP2 Pro/Am;;Rossa Racing by Virage;Oreca;GF;49.561;79.454;58.976
19;2;71;04:42.4;0;;02:28.4;0;01:19.3;0;54.715;0;59.4;39:11.5;39:12.3;02:28.4;01:19.3;00:54.7;;Manuel ESPIRITO SANTO;01:33.9;LMP2 Pro/Am;;Rossa Racing by Virage;Oreca;SF;148.377;79.29;54.715
19;2;72;02:08.8;0;;36.529;0;45.4;0;46.895;0;130.1;41:20.3;41:21.1;00:36.5;00:45.4;00:46.9;205.3;Manuel ESPIRITO SANTO;;LMP2 Pro/Am;;Rossa Racing by Virage;Oreca;SF;36.529;45.4;46.895
19;2;73;03:16.4;0;;54.404;0;01:21.4;0;01:00.6;0;85.3;44:36.8;44:37.6;00:54.4;01:21.4;01:00.6;131.2;Manuel ESPIRITO SANTO;;LMP2 Pro/Am;;Rossa Racing by Virage;Oreca;SF;54.404;81.403;60.638
19;2;74;02:53.9;0;;01:05.9;0;01:06.1;0;41.938;0;96.4;47:30.7;47:31.5;01:05.9;01:06.1;00:41.9;;Manuel ESPIRITO SANTO;;LMP2 Pro/Am;;Rossa Racing by Virage;Oreca;SF;65.858;66.095;41.938
19;2;75;02:15.5;0;;39.711;0;51.449;0;44.331;0;123.7;49:46.2;49:47.0;00:39.7;00:51.4;00:44.3;185.6;Manuel ESPIRITO SANTO;;LMP2 Pro/Am;;Rossa Racing by Virage;Oreca;GF;39.711;51.449;44.331
19;2;76;01:36.6;0;;28.601;0;39.639;0;28.392;0;173.5;51:22.8;51:23.6;00:28.6;00:39.6;00:28.4;286.5;Manuel ESPIRITO SANTO;;LMP2 Pro/Am;;Rossa Racing by Virage;Oreca;GF;28.601;39.639;28.392
19;2;77;01:35.2;0;;28.075;0;38.985;0;28.182;0;176;52:58.0;52:58.8;00:28.1;00:39.0;00:28.2;290.3;Manuel ESPIRITO SANTO;;LMP2 Pro/Am;;Rossa Racing by Virage;Oreca;GF;28.075;38.985;28.182
19;2;78;01:34.0;0;;27.52;0;38.031;0;28.421;0;178.4;54:32.0;54:32.8;00:27.5;00:38.0;00:28.4;288.8;Manuel ESPIRITO SANTO;;LMP2 Pro/Am;;Rossa Racing by Virage;Oreca;GF;27.52;38.031;28.421
19;2;79;01:32.9;0;;27.72;0;37.691;0;27.5;0;180.4;56:04.9;56:05.7;00:27.7;00:37.7;00:27.5;288;Manuel ESPIRITO SANTO;;LMP2 Pro/Am;;Rossa Racing by Virage;Oreca;GF;27.72;37.691;27.5
19;2;80;01:31.9;0;;27.01;0;37.438;0;27.42;0;182.5;57:36.8;57:37.6;00:27.0;00:37.4;00:27.4;287.2;Manuel ESPIRITO SANTO;;LMP2 Pro/Am;;Rossa Racing by Virage;Oreca;GF;27.01;37.438;27.42
19;2;81;01:31.7;2;;26.942;0;37.372;1;27.352;2;182.9;59:08.4;59:09.2;00:26.9;00:37.4;00:27.4;287.2;Manuel ESPIRITO SANTO;;LMP2 Pro/Am;;Rossa Racing by Virage;Oreca;GF;26.942;37.372;27.352
19;2;82;01:32.8;0;;26.9;1;38.357;0;27.586;0;180.6;00:41.3;00:42.1;00:26.9;00:38.4;00:27.6;288;Manuel ESPIRITO SANTO;;LMP2 Pro/Am;;Rossa Racing by Virage;Oreca;GF;26.9;38.357;27.586
19;2;83;01:33.8;0;;27.527;0;37.991;0;28.285;0;178.7;02:15.1;02:15.9;00:27.5;00:38.0;00:28.3;289.5;Manuel ESPIRITO SANTO;;LMP2 Pro/Am;;Rossa Racing by Virage;Oreca;GF;27.527;37.991;28.285
19;2;84;02:00.6;0;;27.851;0;39.325;0;53.387;0;139.1;04:15.7;04:16.5;00:27.9;00:39.3;00:53.4;288.8;Manuel ESPIRITO SANTO;;LMP2 Pro/Am;;Rossa Racing by Virage;Oreca;FCY;27.851;39.325;53.387
19;2;85;02:36.7;0;;01:13.5;0;53.865;0;29.321;0;107;06:52.3;06:53.1;01:13.5;00:53.9;00:29.3;;Manuel ESPIRITO SANTO;;LMP2 Pro/Am;;Rossa Racing by Virage;Oreca;GF;73.487;53.865;29.321
19;2;86;01:35.1;0;;27.975;0;38.361;0;28.786;0;176.2;08:27.5;08:28.2;00:28.0;00:38.4;00:28.8;285;Manuel ESPIRITO SANTO;;LMP2 Pro/Am;;Rossa Racing by Virage;Oreca;GF;27.975;38.361;28.786
19;2;87;01:34.0;0;;28.156;0;37.828;0;28.002;0;178.4;10:01.4;10:02.2;00:28.2;00:37.8;00:28.0;283.5;Manuel ESPIRITO SANTO;;LMP2 Pro/Am;;Rossa Racing by Virage;Oreca;GF;28.156;37.828;28.002
19;2;88;01:33.7;0;;27.259;0;37.55;0;28.903;0;178.9;11:35.2;11:35.9;00:27.3;00:37.5;00:28.9;286.5;Manuel ESPIRITO SANTO;;LMP2 Pro/Am;;Rossa Racing by Virage;Oreca;GF;27.259;37.55;28.903
19;2;89;01:32.5;0;;27.459;0;37.396;0;27.632;0;181.3;13:07.6;13:08.4;00:27.5;00:37.4;00:27.6;286.5;Manuel ESPIRITO SANTO;;LMP2 Pro/Am;;Rossa Racing by Virage;Oreca;GF;27.459;37.396;27.632
19;2;90;01:33.1;0;;27.21;0;37.646;0;28.257;0;180.1;14:40.8;14:41.5;00:27.2;00:37.6;00:28.3;288;Manuel ESPIRITO SANTO;;LMP2 Pro/Am;;Rossa Racing by Virage;Oreca;GF;27.21;37.646;28.257
19;2;91;01:35.9;0;;28.004;0;39.404;0;28.512;0;174.8;16:16.7;16:17.5;00:28.0;00:39.4;00:28.5;287.2;Manuel ESPIRITO SANTO;;LMP2 Pro/Am;;Rossa Racing by Virage;Oreca;GF;28.004;39.404;28.512
19;2;92;01:33.7;0;;27.775;0;37.89;0;28.083;0;178.8;17:50.4;17:51.2;00:27.8;00:37.9;00:28.1;290.3;Manuel ESPIRITO SANTO;;LMP2 Pro/Am;;Rossa Racing by Virage;Oreca;GF;27.775;37.89;28.083
19;2;93;01:34.5;0;;27.529;0;38.198;0;28.783;0;177.4;19:24.9;19:25.7;00:27.5;00:38.2;00:28.8;289.5;Manuel ESPIRITO SANTO;;LMP2 Pro/Am;;Rossa Racing by Virage;Oreca;GF;27.529;38.198;28.783
19;2;94;01:33.3;0;;27.436;0;37.571;0;28.305;0;179.7;20:58.2;20:59.0;00:27.4;00:37.6;00:28.3;290.3;Manuel ESPIRITO SANTO;;LMP2 Pro/Am;;Rossa Racing by Virage;Oreca;GF;27.436;37.571;28.305
19;2;95;02:41.1;0;;01:04.8;0;01:07.2;0;29.181;0;104;23:39.4;23:40.2;01:04.8;01:07.2;00:29.2;;Manuel ESPIRITO SANTO;;LMP2 Pro/Am;;Rossa Racing by Virage;Oreca;GF;64.764;67.199;29.181
19;2;96;01:35.3;0;;27.964;0;38.31;0;29;0;176;25:14.7;25:15.5;00:28.0;00:38.3;00:29.0;287.2;Manuel ESPIRITO SANTO;;LMP2 Pro/Am;;Rossa Racing by Virage;Oreca;GF;27.964;38.31;29
19;2;97;01:35.5;0;;27.897;0;39.587;0;28.061;0;175.5;26:50.2;26:51.0;00:27.9;00:39.6;00:28.1;286.5;Manuel ESPIRITO SANTO;;LMP2 Pro/Am;;Rossa Racing by Virage;Oreca;GF;27.897;39.587;28.061
19;2;98;01:34.6;0;;27.353;0;39.124;0;28.108;0;177.3;28:24.8;28:25.6;00:27.4;00:39.1;00:28.1;288.8;Manuel ESPIRITO SANTO;;LMP2 Pro/Am;;Rossa Racing by Virage;Oreca;GF;27.353;39.124;28.108
19;2;99;01:34.5;0;;27.279;0;38.143;0;29.067;0;177.4;29:59.3;30:00.1;00:27.3;00:38.1;00:29.1;288;Manuel ESPIRITO SANTO;;LMP2 Pro/Am;;Rossa Racing by Virage;Oreca;GF;27.279;38.143;29.067
19;2;100;01:38.4;0;B;27.704;0;37.786;0;32.958;0;170.3;31:37.7;31:38.5;00:27.7;00:37.8;00:33.0;288.8;Manuel ESPIRITO SANTO;;LMP2 Pro/Am;;Rossa Racing by Virage;Oreca;GF;27.704;37.786;32.958
19;2;101;02:55.0;0;;01:46.3;0;39.248;0;29.43;0;95.8;34:32.7;34:33.5;01:46.3;00:39.2;00:29.4;204.2;Manuel ESPIRITO SANTO;01:20.2;LMP2 Pro/Am;;Rossa Racing by Virage;Oreca;GF;106.291;39.248;29.43
19;2;102;01:33.7;0;;27.977;0;37.85;0;27.9;0;178.9;36:06.4;36:07.2;00:28.0;00:37.9;00:27.9;284.2;Manuel ESPIRITO SANTO;;LMP2 Pro/Am;;Rossa Racing by Virage;Oreca;GF;27.977;37.85;27.9
19;2;103;01:33.9;0;;27.535;0;37.9;0;28.473;0;178.5;37:40.3;37:41.1;00:27.5;00:37.9;00:28.5;286.5;Manuel ESPIRITO SANTO;;LMP2 Pro/Am;;Rossa Racing by Virage;Oreca;GF;27.535;37.9;28.473
19;2;104;01:34.0;0;;27.81;0;38.127;0;28.075;0;178.3;39:14.3;39:15.1;00:27.8;00:38.1;00:28.1;289.5;Manuel ESPIRITO SANTO;;LMP2 Pro/Am;;Rossa Racing by Virage;Oreca;GF;27.81;38.127;28.075
19;2;105;01:35.7;0;;27.419;0;39.252;0;29.041;0;175.2;40:50.1;40:50.9;00:27.4;00:39.3;00:29.0;288;Manuel ESPIRITO SANTO;;LMP2 Pro/Am;;Rossa Racing by Virage;Oreca;GF;27.419;39.252;29.041
19;2;106;01:34.6;0;;27.394;0;38.111;0;29.075;0;177.3;42:24.6;42:25.4;00:27.4;00:38.1;00:29.1;285.7;Manuel ESPIRITO SANTO;;LMP2 Pro/Am;;Rossa Racing by Virage;Oreca;GF;27.394;38.111;29.075
19;2;107;01:33.8;0;;27.516;0;38.57;0;27.678;0;178.8;43:58.4;43:59.2;00:27.5;00:38.6;00:27.7;286.5;Manuel ESPIRITO SANTO;;LMP2 Pro/Am;;Rossa Racing by Virage;Oreca;GF;27.516;38.57;27.678
19;2;108;01:34.2;0;;27.389;0;38.413;0;28.379;0;178;45:32.6;45:33.4;00:27.4;00:38.4;00:28.4;287.2;Manuel ESPIRITO SANTO;;LMP2 Pro/Am;;Rossa Racing by Virage;Oreca;GF;27.389;38.413;28.379
19;2;109;01:33.9;0;;27.374;0;37.946;0;28.618;0;178.5;47:06.5;47:07.3;00:27.4;00:37.9;00:28.6;286.5;Manuel ESPIRITO SANTO;;LMP2 Pro/Am;;Rossa Racing by Virage;Oreca;GF;27.374;37.946;28.618
19;2;110;01:34.0;0;;27.388;0;37.921;0;28.696;0;178.3;48:40.5;48:41.3;00:27.4;00:37.9;00:28.7;285.7;Manuel ESPIRITO SANTO;;LMP2 Pro/Am;;Rossa Racing by Virage;Oreca;GF;27.388;37.921;28.696
19;2;111;01:32.5;0;;27.252;0;37.452;0;27.746;0;181.3;50:13.0;50:13.8;00:27.3;00:37.5;00:27.7;286.5;Manuel ESPIRITO SANTO;;LMP2 Pro/Am;;Rossa Racing by Virage;Oreca;GF;27.252;37.452;27.746
19;2;112;01:33.4;0;;27.246;0;37.697;0;28.46;0;179.5;51:46.4;51:47.2;00:27.2;00:37.7;00:28.5;288;Manuel ESPIRITO SANTO;;LMP2 Pro/Am;;Rossa Racing by Virage;Oreca;GF;27.246;37.697;28.46
19;2;113;01:33.6;0;;27.68;0;38.08;0;27.883;0;179;53:20.0;53:20.8;00:27.7;00:38.1;00:27.9;285.7;Manuel ESPIRITO SANTO;;LMP2 Pro/Am;;Rossa Racing by Virage;Oreca;GF;27.68;38.08;27.883
19;2;114;01:33.6;0;;27.144;0;37.942;0;28.493;0;179.2;54:53.6;54:54.4;00:27.1;00:37.9;00:28.5;288;Manuel ESPIRITO SANTO;;LMP2 Pro/Am;;Rossa Racing by Virage;Oreca;GF;27.144;37.942;28.493
19;2;115;01:34.3;0;;27.748;0;38.225;0;28.315;0;177.8;56:27.9;56:28.7;00:27.7;00:38.2;00:28.3;278.4;Manuel ESPIRITO SANTO;;LMP2 Pro/Am;;Rossa Racing by Virage;Oreca;GF;27.748;38.225;28.315
19;2;116;01:34.6;0;;27.554;0;38.546;0;28.467;0;177.3;58:02.5;58:03.2;00:27.6;00:38.5;00:28.5;288;Manuel ESPIRITO SANTO;;LMP2 Pro/Am;;Rossa Racing by Virage;Oreca;GF;27.554;38.546;28.467
19;2;117;01:37.8;0;;27.793;0;39.075;0;30.973;0;171.4;59:40.3;59:41.1;00:27.8;00:39.1;00:31.0;287.2;Manuel ESPIRITO SANTO;;LMP2 Pro/Am;;Rossa Racing by Virage;Oreca;GF;27.793;39.075;30.973
19;2;118;01:35.6;0;;28.096;0;38.83;0;28.648;0;175.4;01:15.9;01:16.7;00:28.1;00:38.8;00:28.6;288.8;Manuel ESPIRITO SANTO;;LMP2 Pro/Am;;Rossa Racing by Virage;Oreca;GF;28.096;38.83;28.648
19;2;119;01:36.0;0;;27.999;0;39.156;0;28.85;0;174.6;02:51.9;02:52.7;00:28.0;00:39.2;00:28.9;287.2;Manuel ESPIRITO SANTO;;LMP2 Pro/Am;;Rossa Racing by Virage;Oreca;GF;27.999;39.156;28.85
19;2;120;01:34.6;0;;27.357;0;38.783;0;28.483;0;177.2;04:26.5;04:27.3;00:27.4;00:38.8;00:28.5;287.2;Manuel ESPIRITO SANTO;;LMP2 Pro/Am;;Rossa Racing by Virage;Oreca;GF;27.357;38.783;28.483
19;2;121;01:34.4;0;;27.557;0;38.365;0;28.497;0;177.6;06:00.9;06:01.7;00:27.6;00:38.4;00:28.5;288;Manuel ESPIRITO SANTO;;LMP2 Pro/Am;;Rossa Racing by Virage;Oreca;GF;27.557;38.365;28.497
19;2;122;01:34.3;0;;27.776;0;38.336;0;28.216;0;177.7;07:35.2;07:36.0;00:27.8;00:38.3;00:28.2;287.2;Manuel ESPIRITO SANTO;;LMP2 Pro/Am;;Rossa Racing by Virage;Oreca;GF;27.776;38.336;28.216
19;2;123;01:33.6;0;;27.317;0;38.079;0;28.213;0;179.1;09:08.9;09:09.6;00:27.3;00:38.1;00:28.2;287.2;Manuel ESPIRITO SANTO;;LMP2 Pro/Am;;Rossa Racing by Virage;Oreca;GF;27.317;38.079;28.213
19;2;124;01:33.8;0;;27.372;0;38.157;0;28.304;0;178.7;10:42.7;10:43.5;00:27.4;00:38.2;00:28.3;287.2;Manuel ESPIRITO SANTO;;LMP2 Pro/Am;;Rossa Racing by Virage;Oreca;GF;27.372;38.157;28.304
19;2;125;01:33.6;0;;27.521;0;37.905;0;28.14;0;179.2;12:16.3;12:17.0;00:27.5;00:37.9;00:28.1;286.5;Manuel ESPIRITO SANTO;;LMP2 Pro/Am;;Rossa Racing by Virage;Oreca;GF;27.521;37.905;28.14
19;2;126;01:34.5;0;;27.349;0;38.846;0;28.295;0;177.4;13:50.7;13:51.5;00:27.3;00:38.8;00:28.3;289.5;Manuel ESPIRITO SANTO;;LMP2 Pro/Am;;Rossa Racing by Virage;Oreca;GF;27.349;38.846;28.295
19;2;127;01:34.9;0;;27.361;0;38.245;0;29.273;0;176.7;15:25.6;15:26.4;00:27.4;00:38.2;00:29.3;288;Manuel ESPIRITO SANTO;;LMP2 Pro/Am;;Rossa Racing by Virage;Oreca;GF;27.361;38.245;29.273
19;2;128;01:42.1;0;B;28.268;0;39;0;34.822;0;164.2;17:07.7;17:08.5;00:28.3;00:39.0;00:34.8;288;Manuel ESPIRITO SANTO;;LMP2 Pro/Am;;Rossa Racing by Virage;Oreca;GF;28.268;39;34.822
19;2;129;02:12.7;0;;01:05.1;0;38.962;0;28.639;0;126.3;19:20.4;19:21.2;01:05.1;00:39.0;00:28.6;210.9;Manuel ESPIRITO SANTO;00:40.8;LMP2 Pro/Am;;Rossa Racing by Virage;Oreca;GF;65.131;38.962;28.639
19;2;130;01:35.5;0;;27.736;0;38.374;0;29.366;0;175.6;20:55.9;20:56.7;00:27.7;00:38.4;00:29.4;286.5;Manuel ESPIRITO SANTO;;LMP2 Pro/Am;;Rossa Racing by Virage;Oreca;GF;27.736;38.374;29.366
19;2;131;01:35.0;0;;27.662;0;38.551;0;28.741;0;176.6;22:30.9;22:31.7;00:27.7;00:38.6;00:28.7;287.2;Manuel ESPIRITO SANTO;;LMP2 Pro/Am;;Rossa Racing by Virage;Oreca;GF;27.662;38.551;28.741
19;2;132;01:36.5;0;;27.46;0;38.969;0;30.04;0;173.8;24:07.3;24:08.1;00:27.5;00:39.0;00:30.0;287.2;Manuel ESPIRITO SANTO;;LMP2 Pro/Am;;Rossa Racing by Virage;Oreca;GF;27.46;38.969;30.04
19;2;133;01:35.4;0;;27.776;0;38.493;0;29.119;0;175.8;25:42.7;25:43.5;00:27.8;00:38.5;00:29.1;286.5;Manuel ESPIRITO SANTO;;LMP2 Pro/Am;;Rossa Racing by Virage;Oreca;GF;27.776;38.493;29.119
19;2;134;01:36.3;0;;27.959;0;39.751;0;28.621;0;174;27:19.1;27:19.9;00:28.0;00:39.8;00:28.6;286.5;Manuel ESPIRITO SANTO;;LMP2 Pro/Am;;Rossa Racing by Virage;Oreca;FF;27.959;39.751;28.621
20;1;1;02:15.0;0;;38.638;0;56.529;0;39.813;0;120.5;02:15.0;02:15.8;00:38.6;00:56.5;00:39.8;;Michael JENSEN;;LMP2 Pro/Am;;Algarve Pro Racing;Oreca;SF;38.638;56.529;39.813
20;1;2;04:05.7;0;;01:12.7;0;01:27.9;0;01:25.1;0;68.2;06:20.7;06:21.5;01:12.7;01:27.9;01:25.1;128;Michael JENSEN;;LMP2 Pro/Am;;Algarve Pro Racing;Oreca;RF;72.74;87.902;85.061
20;1;3;26:58.9;0;;25:06.5;0;01:05.2;0;47.276;0;10.4;33:19.6;33:20.4;25:06.5;01:05.2;00:47.3;151.7;Michael JENSEN;;LMP2 Pro/Am;;Algarve Pro Racing;Oreca;SF;1506.455;65.166;47.276
20;1;4;02:17.8;0;;46.367;0;51.134;0;40.271;0;121.7;35:37.4;35:38.1;00:46.4;00:51.1;00:40.3;;Michael JENSEN;;LMP2 Pro/Am;;Algarve Pro Racing;Oreca;GF;46.367;51.134;40.271
20;1;5;01:38.1;0;;29.087;0;40.158;0;28.891;0;170.8;37:15.5;37:16.3;00:29.1;00:40.2;00:28.9;285.7;Michael JENSEN;;LMP2 Pro/Am;;Algarve Pro Racing;Oreca;GF;29.087;40.158;28.891
20;1;6;01:35.4;0;;28.312;0;38.537;0;28.576;0;175.7;38:50.9;38:51.7;00:28.3;00:38.5;00:28.6;290.3;Michael JENSEN;;LMP2 Pro/Am;;Algarve Pro Racing;Oreca;GF;28.312;38.537;28.576
20;1;7;01:34.9;0;;27.87;0;38.485;0;28.499;0;176.7;40:25.8;40:26.6;00:27.9;00:38.5;00:28.5;288.8;Michael JENSEN;;LMP2 Pro/Am;;Algarve Pro Racing;Oreca;GF;27.87;38.485;28.499
20;1;8;01:36.5;0;;27.797;0;38.637;0;30.041;0;173.8;42:02.2;42:03.0;00:27.8;00:38.6;00:30.0;288.8;Michael JENSEN;;LMP2 Pro/Am;;Algarve Pro Racing;Oreca;GF;27.797;38.637;30.041
20;1;9;01:35.7;0;;27.902;0;38.343;1;29.418;0;175.3;43:37.9;43:38.7;00:27.9;00:38.3;00:29.4;287.2;Michael JENSEN;;LMP2 Pro/Am;;Algarve Pro Racing;Oreca;GF;27.902;38.343;29.418
20;1;10;01:34.9;0;;27.886;0;38.559;0;28.432;0;176.7;45:12.8;45:13.6;00:27.9;00:38.6;00:28.4;285.7;Michael JENSEN;;LMP2 Pro/Am;;Algarve Pro Racing;Oreca;GF;27.886;38.559;28.432
20;1;11;01:34.7;0;;27.632;0;38.489;0;28.582;0;177;46:47.5;46:48.3;00:27.6;00:38.5;00:28.6;287.2;Michael JENSEN;;LMP2 Pro/Am;;Algarve Pro Racing;Oreca;GF;27.632;38.489;28.582
20;1;12;01:35.7;0;;28.68;0;38.637;0;28.368;0;175.2;48:23.2;48:24.0;00:28.7;00:38.6;00:28.4;288.8;Michael JENSEN;;LMP2 Pro/Am;;Algarve Pro Racing;Oreca;GF;28.68;38.637;28.368
20;1;13;01:36.3;0;;27.512;1;38.832;0;30.006;0;174;49:59.5;50:00.3;00:27.5;00:38.8;00:30.0;290.3;Michael JENSEN;;LMP2 Pro/Am;;Algarve Pro Racing;Oreca;GF;27.512;38.832;30.006
20;1;14;01:38.2;0;;27.826;0;40.287;0;30.095;0;170.7;51:37.7;51:38.5;00:27.8;00:40.3;00:30.1;289.5;Michael JENSEN;;LMP2 Pro/Am;;Algarve Pro Racing;Oreca;GF;27.826;40.287;30.095
20;1;15;01:36.8;0;;28.53;0;39.603;0;28.697;0;173.1;53:14.6;53:15.4;00:28.5;00:39.6;00:28.7;287.2;Michael JENSEN;;LMP2 Pro/Am;;Algarve Pro Racing;Oreca;GF;28.53;39.603;28.697
20;1;16;01:35.5;0;;27.833;0;39.086;0;28.558;0;175.6;54:50.0;54:50.8;00:27.8;00:39.1;00:28.6;288;Michael JENSEN;;LMP2 Pro/Am;;Algarve Pro Racing;Oreca;GF;27.833;39.086;28.558
20;1;17;01:35.1;0;;27.741;0;38.998;0;28.321;1;176.4;56:25.1;56:25.9;00:27.7;00:39.0;00:28.3;287.2;Michael JENSEN;;LMP2 Pro/Am;;Algarve Pro Racing;Oreca;GF;27.741;38.998;28.321
20;1;18;01:35.3;0;;27.609;0;39.222;0;28.502;0;175.9;58:00.4;58:01.2;00:27.6;00:39.2;00:28.5;289.5;Michael JENSEN;;LMP2 Pro/Am;;Algarve Pro Racing;Oreca;GF;27.609;39.222;28.502
20;1;19;01:36.1;0;;27.552;0;38.422;0;30.092;0;174.5;59:36.5;59:37.3;00:27.6;00:38.4;00:30.1;288.8;Michael JENSEN;;LMP2 Pro/Am;;Algarve Pro Racing;Oreca;GF;27.552;38.422;30.092
20;1;20;01:38.0;0;;28.837;0;39.485;0;29.631;0;171.2;01:14.4;01:15.2;00:28.8;00:39.5;00:29.6;288.8;Michael JENSEN;;LMP2 Pro/Am;;Algarve Pro Racing;Oreca;GF;28.837;39.485;29.631
20;1;21;01:36.0;0;;28.474;0;38.984;0;28.579;0;174.6;02:50.5;02:51.3;00:28.5;00:39.0;00:28.6;290.3;Michael JENSEN;;LMP2 Pro/Am;;Algarve Pro Racing;Oreca;GF;28.474;38.984;28.579
20;1;22;01:39.6;0;;28.105;0;40.418;0;31.111;0;168.3;04:30.1;04:30.9;00:28.1;00:40.4;00:31.1;291.1;Michael JENSEN;;LMP2 Pro/Am;;Algarve Pro Racing;Oreca;GF;28.105;40.418;31.111
20;1;23;01:37.2;0;;28.188;0;39.308;0;29.698;0;172.5;06:07.3;06:08.1;00:28.2;00:39.3;00:29.7;291.1;Michael JENSEN;;LMP2 Pro/Am;;Algarve Pro Racing;Oreca;GF;28.188;39.308;29.698
20;1;24;01:36.9;0;;28.703;0;39.346;0;28.855;0;173;07:44.2;07:45.0;00:28.7;00:39.3;00:28.9;288;Michael JENSEN;;LMP2 Pro/Am;;Algarve Pro Racing;Oreca;GF;28.703;39.346;28.855
20;1;25;01:37.2;0;;28.757;0;39.85;0;28.546;0;172.6;09:21.4;09:22.2;00:28.8;00:39.9;00:28.5;291.1;Michael JENSEN;;LMP2 Pro/Am;;Algarve Pro Racing;Oreca;GF;28.757;39.85;28.546
20;1;26;01:37.5;0;;27.963;0;39.599;0;29.944;0;171.9;10:58.9;10:59.7;00:28.0;00:39.6;00:29.9;289.5;Michael JENSEN;;LMP2 Pro/Am;;Algarve Pro Racing;Oreca;GF;27.963;39.599;29.944
20;1;27;01:37.2;0;;28.889;0;39.392;0;28.899;0;172.5;12:36.1;12:36.9;00:28.9;00:39.4;00:28.9;289.5;Michael JENSEN;;LMP2 Pro/Am;;Algarve Pro Racing;Oreca;GF;28.889;39.392;28.899
20;1;28;01:42.9;0;B;27.921;0;39.378;0;35.621;0;162.9;14:19.0;14:19.8;00:27.9;00:39.4;00:35.6;288.8;Michael JENSEN;;LMP2 Pro/Am;;Algarve Pro Racing;Oreca;GF;27.921;39.378;35.621
20;1;29;02:20.9;0;;01:12.5;0;39.238;0;29.172;0;119;16:39.9;16:40.7;01:12.5;00:39.2;00:29.2;204.5;Michael JENSEN;00:46.9;LMP2 Pro/Am;;Algarve Pro Racing;Oreca;GF;72.473;39.238;29.172
20;1;30;01:37.5;0;;28.783;0;39.828;0;28.839;0;172;18:17.3;18:18.1;00:28.8;00:39.8;00:28.8;286.5;Michael JENSEN;;LMP2 Pro/Am;;Algarve Pro Racing;Oreca;GF;28.783;39.828;28.839
20;1;31;01:37.8;0;;28.067;0;40.178;0;29.539;0;171.5;19:55.1;19:55.9;00:28.1;00:40.2;00:29.5;288.8;Michael JENSEN;;LMP2 Pro/Am;;Algarve Pro Racing;Oreca;GF;28.067;40.178;29.539
20;1;32;01:38.0;0;;28.718;0;39.725;0;29.549;0;171.1;21:33.1;21:33.9;00:28.7;00:39.7;00:29.5;288;Michael JENSEN;;LMP2 Pro/Am;;Algarve Pro Racing;Oreca;GF;28.718;39.725;29.549
20;1;33;01:38.1;0;;28.434;0;39.743;0;29.931;0;170.9;23:11.2;23:12.0;00:28.4;00:39.7;00:29.9;288.8;Michael JENSEN;;LMP2 Pro/Am;;Algarve Pro Racing;Oreca;GF;28.434;39.743;29.931
20;1;34;01:38.9;0;;29.601;0;39.879;0;29.412;0;169.5;24:50.1;24:50.9;00:29.6;00:39.9;00:29.4;289.5;Michael JENSEN;;LMP2 Pro/Am;;Algarve Pro Racing;Oreca;GF;29.601;39.879;29.412
20;1;35;01:37.3;0;;28.511;0;39.902;0;28.922;0;172.2;26:27.4;26:28.2;00:28.5;00:39.9;00:28.9;291.1;Michael JENSEN;;LMP2 Pro/Am;;Algarve Pro Racing;Oreca;GF;28.511;39.902;28.922
20;1;36;01:37.9;0;;28.184;0;39.209;0;30.476;0;171.3;28:05.3;28:06.1;00:28.2;00:39.2;00:30.5;289.5;Michael JENSEN;;LMP2 Pro/Am;;Algarve Pro Racing;Oreca;GF;28.184;39.209;30.476
20;1;37;01:36.8;0;;28.182;0;39.432;0;29.222;0;173.1;29:42.1;29:42.9;00:28.2;00:39.4;00:29.2;288.8;Michael JENSEN;;LMP2 Pro/Am;;Algarve Pro Racing;Oreca;GF;28.182;39.432;29.222
20;1;38;01:44.3;0;B;29.275;0;39.641;0;35.408;0;160.7;31:26.4;31:27.2;00:29.3;00:39.6;00:35.4;290.3;Michael JENSEN;;LMP2 Pro/Am;;Algarve Pro Racing;Oreca;GF;29.275;39.641;35.408
20;2;39;03:15.4;0;;01:43.0;0;41.378;0;51.014;0;85.8;34:41.8;34:42.6;01:43.0;00:41.4;00:51.0;203.8;Enzo TRULLI;01:15.7;LMP2 Pro/Am;;Algarve Pro Racing;Oreca;GF;102.967;41.378;51.014
20;2;40;03:30.1;0;;01:13.5;0;01:19.8;0;56.78;0;79.8;38:11.9;38:12.7;01:13.5;01:19.8;00:56.8;;Enzo TRULLI;;LMP2 Pro/Am;;Algarve Pro Racing;Oreca;GF;73.549;79.773;56.78
20;2;41;03:28.2;0;;01:13.2;0;01:19.2;0;55.835;0;80.5;41:40.1;41:40.9;01:13.2;01:19.2;00:55.8;;Enzo TRULLI;;LMP2 Pro/Am;;Algarve Pro Racing;Oreca;SF;73.167;79.232;55.835
20;2;42;02:10.7;0;;42.537;0;51.044;0;37.11;0;128.3;43:50.8;43:51.6;00:42.5;00:51.0;00:37.1;172;Enzo TRULLI;;LMP2 Pro/Am;;Algarve Pro Racing;Oreca;SF;42.537;51.044;37.11
20;2;43;02:58.2;0;;36.505;0;01:20.2;0;01:01.5;0;94.1;46:49.0;46:49.8;00:36.5;01:20.2;01:01.5;209.7;Enzo TRULLI;;LMP2 Pro/Am;;Algarve Pro Racing;Oreca;SF;36.505;80.157;61.52
20;2;44;02:57.7;0;;01:10.0;0;01:06.2;0;41.435;0;94.3;49:46.7;49:47.5;01:10.0;01:06.2;00:41.4;;Enzo TRULLI;;LMP2 Pro/Am;;Algarve Pro Racing;Oreca;SF;70.044;66.241;41.435
20;2;45;02:09.3;0;;40.038;0;51.501;0;37.731;0;129.7;51:56.0;51:56.8;00:40.0;00:51.5;00:37.7;187.2;Enzo TRULLI;;LMP2 Pro/Am;;Algarve Pro Racing;Oreca;GF;40.038;51.501;37.731
20;2;46;01:36.6;0;;28.779;0;38.597;0;29.177;0;173.6;53:32.6;53:33.4;00:28.8;00:38.6;00:29.2;279.1;Enzo TRULLI;;LMP2 Pro/Am;;Algarve Pro Racing;Oreca;GF;28.779;38.597;29.177
20;2;47;01:33.5;0;;27.933;0;37.984;0;27.629;0;179.2;55:06.1;55:06.9;00:27.9;00:38.0;00:27.6;288.8;Enzo TRULLI;;LMP2 Pro/Am;;Algarve Pro Racing;Oreca;GF;27.933;37.984;27.629
20;2;48;01:32.0;0;;27.129;0;37.438;0;27.45;1;182.2;56:38.1;56:38.9;00:27.1;00:37.4;00:27.4;287.2;Enzo TRULLI;;LMP2 Pro/Am;;Algarve Pro Racing;Oreca;GF;27.129;37.438;27.45
20;2;49;01:31.7;0;;26.956;1;37.283;2;27.498;0;182.8;58:09.9;58:10.7;00:27.0;00:37.3;00:27.5;288.8;Enzo TRULLI;;LMP2 Pro/Am;;Algarve Pro Racing;Oreca;GF;26.956;37.283;27.498
20;2;50;01:32.1;0;;27.005;0;37.629;0;27.483;0;182;59:42.0;59:42.8;00:27.0;00:37.6;00:27.5;288.8;Enzo TRULLI;;LMP2 Pro/Am;;Algarve Pro Racing;Oreca;GF;27.005;37.629;27.483
20;2;51;01:32.2;0;;26.981;0;37.664;0;27.51;0;181.9;01:14.1;01:14.9;00:27.0;00:37.7;00:27.5;288.8;Enzo TRULLI;;LMP2 Pro/Am;;Algarve Pro Racing;Oreca;GF;26.981;37.664;27.51
20;2;52;01:32.8;0;;27.162;0;37.819;0;27.833;0;180.6;02:46.9;02:47.7;00:27.2;00:37.8;00:27.8;290.3;Enzo TRULLI;;LMP2 Pro/Am;;Algarve Pro Racing;Oreca;GF;27.162;37.819;27.833
20;2;53;02:03.3;0;;27.973;0;39.73;0;55.603;0;136;04:50.3;04:51.0;00:28.0;00:39.7;00:55.6;282.7;Enzo TRULLI;;LMP2 Pro/Am;;Algarve Pro Racing;Oreca;FCY;27.973;39.73;55.603
20;2;54;02:35.3;0;;01:13.0;0;52.474;0;29.88;0;107.9;07:25.6;07:26.4;01:13.0;00:52.5;00:29.9;;Enzo TRULLI;;LMP2 Pro/Am;;Algarve Pro Racing;Oreca;GF;72.994;52.474;29.88
20;2;55;01:36.0;0;;28.417;0;38.765;0;28.79;0;174.7;09:01.6;09:02.4;00:28.4;00:38.8;00:28.8;285;Enzo TRULLI;;LMP2 Pro/Am;;Algarve Pro Racing;Oreca;GF;28.417;38.765;28.79
20;2;56;01:34.1;0;;27.697;0;37.929;0;28.52;0;178.1;10:35.7;10:36.5;00:27.7;00:37.9;00:28.5;287.2;Enzo TRULLI;;LMP2 Pro/Am;;Algarve Pro Racing;Oreca;GF;27.697;37.929;28.52
20;2;57;01:35.4;0;;27.588;0;38.266;0;29.589;0;175.7;12:11.2;12:12.0;00:27.6;00:38.3;00:29.6;289.5;Enzo TRULLI;;LMP2 Pro/Am;;Algarve Pro Racing;Oreca;GF;27.588;38.266;29.589
20;2;58;01:35.6;0;;28.892;0;38.548;0;28.141;0;175.4;13:46.7;13:47.5;00:28.9;00:38.5;00:28.1;270.7;Enzo TRULLI;;LMP2 Pro/Am;;Algarve Pro Racing;Oreca;GF;28.892;38.548;28.141
20;2;59;01:34.2;0;;27.679;0;38.187;0;28.342;0;178;15:20.9;15:21.7;00:27.7;00:38.2;00:28.3;288.8;Enzo TRULLI;;LMP2 Pro/Am;;Algarve Pro Racing;Oreca;GF;27.679;38.187;28.342
20;2;60;01:34.3;0;;27.989;0;38.115;0;28.226;0;177.7;16:55.3;16:56.1;00:28.0;00:38.1;00:28.2;288.8;Enzo TRULLI;;LMP2 Pro/Am;;Algarve Pro Racing;Oreca;GF;27.989;38.115;28.226
20;2;61;01:36.1;0;;27.644;0;39.778;0;28.638;0;174.5;18:31.3;18:32.1;00:27.6;00:39.8;00:28.6;290.3;Enzo TRULLI;;LMP2 Pro/Am;;Algarve Pro Racing;Oreca;GF;27.644;39.778;28.638
20;2;62;01:33.8;0;;27.459;0;38.158;0;28.158;0;178.8;20:05.1;20:05.9;00:27.5;00:38.2;00:28.2;290.3;Enzo TRULLI;;LMP2 Pro/Am;;Algarve Pro Racing;Oreca;GF;27.459;38.158;28.158
20;2;63;01:35.8;0;;27.48;0;38.504;0;29.769;0;175.1;21:40.9;21:41.7;00:27.5;00:38.5;00:29.8;291.1;Enzo TRULLI;;LMP2 Pro/Am;;Algarve Pro Racing;Oreca;GF;27.48;38.504;29.769
20;2;64;01:37.3;0;;28.651;0;39.115;0;29.548;0;172.3;23:18.2;23:19.0;00:28.7;00:39.1;00:29.5;287.2;Enzo TRULLI;;LMP2 Pro/Am;;Algarve Pro Racing;Oreca;GF;28.651;39.115;29.548
20;2;65;01:34.1;0;;27.535;0;38.228;0;28.361;0;178.1;24:52.3;24:53.1;00:27.5;00:38.2;00:28.4;289.5;Enzo TRULLI;;LMP2 Pro/Am;;Algarve Pro Racing;Oreca;GF;27.535;38.228;28.361
20;2;66;01:35.8;0;;28.557;0;38.592;0;28.62;0;175.1;26:28.1;26:28.9;00:28.6;00:38.6;00:28.6;291.1;Enzo TRULLI;;LMP2 Pro/Am;;Algarve Pro Racing;Oreca;GF;28.557;38.592;28.62
20;2;67;01:34.2;0;;27.401;0;38.717;0;28.122;0;177.9;28:02.3;28:03.1;00:27.4;00:38.7;00:28.1;287.2;Enzo TRULLI;;LMP2 Pro/Am;;Algarve Pro Racing;Oreca;GF;27.401;38.717;28.122
20;2;68;01:35.6;0;;27.282;0;38.395;0;29.903;0;175.4;29:37.9;29:38.7;00:27.3;00:38.4;00:29.9;288;Enzo TRULLI;;LMP2 Pro/Am;;Algarve Pro Racing;Oreca;GF;27.282;38.395;29.903
20;2;69;01:35.4;0;;27.963;0;38.485;0;28.937;0;175.8;31:13.3;31:14.1;00:28.0;00:38.5;00:28.9;285.7;Enzo TRULLI;;LMP2 Pro/Am;;Algarve Pro Racing;Oreca;GF;27.963;38.485;28.937
20;2;70;03:00.0;0;B;43.814;0;01:18.9;0;57.288;0;93.1;34:13.3;34:14.1;00:43.8;01:18.9;00:57.3;286.5;Enzo TRULLI;;LMP2 Pro/Am;;Algarve Pro Racing;Oreca;GF;43.814;78.904;57.288
20;3;71;04:40.1;0;;02:24.3;0;01:19.2;0;56.537;0;59.9;38:53.4;38:54.2;02:24.3;01:19.2;00:56.5;;Malthe JAKOBSEN;01:29.4;LMP2 Pro/Am;;Algarve Pro Racing;Oreca;SF;144.323;79.217;56.537
20;3;72;02:22.4;0;;45.904;0;45.958;0;50.497;0;117.8;41:15.7;41:16.5;00:45.9;00:46.0;00:50.5;202.2;Malthe JAKOBSEN;;LMP2 Pro/Am;;Algarve Pro Racing;Oreca;SF;45.904;45.958;50.497
20;3;73;03:20.0;0;;55.79;0;01:23.8;0;01:00.4;0;83.8;44:35.7;44:36.5;00:55.8;01:23.8;01:00.4;168;Malthe JAKOBSEN;;LMP2 Pro/Am;;Algarve Pro Racing;Oreca;SF;55.79;83.795;60.39
20;3;74;02:53.4;0;;01:06.1;0;01:05.8;0;41.558;0;96.7;47:29.1;47:29.9;01:06.1;01:05.8;00:41.6;;Malthe JAKOBSEN;;LMP2 Pro/Am;;Algarve Pro Racing;Oreca;SF;66.056;65.757;41.558
20;3;75;02:16.8;0;;40.679;0;51.068;0;45.044;0;122.6;49:45.9;49:46.7;00:40.7;00:51.1;00:45.0;173.9;Malthe JAKOBSEN;;LMP2 Pro/Am;;Algarve Pro Racing;Oreca;GF;40.679;51.068;45.044
20;3;76;01:36.0;0;;28.43;0;39.1;0;28.472;0;174.6;51:21.9;51:22.7;00:28.4;00:39.1;00:28.5;288.8;Malthe JAKOBSEN;;LMP2 Pro/Am;;Algarve Pro Racing;Oreca;GF;28.43;39.1;28.472
20;3;77;01:32.1;0;;27.327;0;37.564;0;27.176;0;182.1;52:53.9;52:54.7;00:27.3;00:37.6;00:27.2;284.2;Malthe JAKOBSEN;;LMP2 Pro/Am;;Algarve Pro Racing;Oreca;GF;27.327;37.564;27.176
20;3;78;01:31.6;2;;27.068;0;37.343;1;27.172;2;183.1;54:25.5;54:26.3;00:27.1;00:37.3;00:27.2;287.2;Malthe JAKOBSEN;;LMP2 Pro/Am;;Algarve Pro Racing;Oreca;GF;27.068;37.343;27.172
20;3;79;01:31.6;0;;26.821;2;37.444;0;27.381;0;182.9;55:57.2;55:58.0;00:26.8;00:37.4;00:27.4;289.5;Malthe JAKOBSEN;;LMP2 Pro/Am;;Algarve Pro Racing;Oreca;GF;26.821;37.444;27.381
20;3;80;01:32.2;0;;27.184;0;37.477;0;27.572;0;181.8;57:29.4;57:30.2;00:27.2;00:37.5;00:27.6;289.5;Malthe JAKOBSEN;;LMP2 Pro/Am;;Algarve Pro Racing;Oreca;GF;27.184;37.477;27.572
20;3;81;01:32.6;0;;27.119;0;37.703;0;27.767;0;181.1;59:02.0;59:02.8;00:27.1;00:37.7;00:27.8;288.8;Malthe JAKOBSEN;;LMP2 Pro/Am;;Algarve Pro Racing;Oreca;GF;27.119;37.703;27.767
20;3;82;01:34.4;0;;27.262;0;37.926;0;29.237;0;177.6;00:36.4;00:37.2;00:27.3;00:37.9;00:29.2;288;Malthe JAKOBSEN;;LMP2 Pro/Am;;Algarve Pro Racing;Oreca;GF;27.262;37.926;29.237
20;3;83;01:34.1;0;;27.059;0;38.177;0;28.894;0;178.1;02:10.5;02:11.3;00:27.1;00:38.2;00:28.9;288.8;Malthe JAKOBSEN;;LMP2 Pro/Am;;Algarve Pro Racing;Oreca;GF;27.059;38.177;28.894
20;3;84;01:57.9;0;;28.385;0;39.321;0;50.154;0;142.2;04:08.4;04:09.2;00:28.4;00:39.3;00:50.2;288.8;Malthe JAKOBSEN;;LMP2 Pro/Am;;Algarve Pro Racing;Oreca;FCY;28.385;39.321;50.154
20;3;85;02:38.4;0;;01:12.9;0;57.085;0;28.496;0;105.8;06:46.8;06:47.6;01:12.9;00:57.1;00:28.5;;Malthe JAKOBSEN;;LMP2 Pro/Am;;Algarve Pro Racing;Oreca;GF;72.853;57.085;28.496
20;3;86;01:34.8;0;;27.615;0;39.332;0;27.897;0;176.8;08:21.7;08:22.5;00:27.6;00:39.3;00:27.9;287.2;Malthe JAKOBSEN;;LMP2 Pro/Am;;Algarve Pro Racing;Oreca;GF;27.615;39.332;27.897
20;3;87;01:33.0;0;;27.266;0;37.795;0;27.906;0;180.3;09:54.6;09:55.4;00:27.3;00:37.8;00:27.9;285.7;Malthe JAKOBSEN;;LMP2 Pro/Am;;Algarve Pro Racing;Oreca;GF;27.266;37.795;27.906
20;3;88;01:33.1;0;;27.299;0;37.926;0;27.9;0;180;11:27.8;11:28.6;00:27.3;00:37.9;00:27.9;288.8;Malthe JAKOBSEN;;LMP2 Pro/Am;;Algarve Pro Racing;Oreca;GF;27.299;37.926;27.9
20;3;89;01:32.5;0;;27.158;0;37.587;0;27.738;0;181.3;13:00.2;13:01.0;00:27.2;00:37.6;00:27.7;288.8;Malthe JAKOBSEN;;LMP2 Pro/Am;;Algarve Pro Racing;Oreca;GF;27.158;37.587;27.738
20;3;90;01:34.9;0;;27.689;0;37.906;0;29.333;0;176.6;14:35.2;14:36.0;00:27.7;00:37.9;00:29.3;289.5;Malthe JAKOBSEN;;LMP2 Pro/Am;;Algarve Pro Racing;Oreca;GF;27.689;37.906;29.333
20;3;91;01:33.6;0;;27.468;0;38.285;0;27.844;0;179.1;16:08.8;16:09.6;00:27.5;00:38.3;00:27.8;288.8;Malthe JAKOBSEN;;LMP2 Pro/Am;;Algarve Pro Racing;Oreca;GF;27.468;38.285;27.844
20;3;92;01:33.4;0;;27.212;0;38.02;0;28.207;0;179.4;17:42.2;17:43.0;00:27.2;00:38.0;00:28.2;286.5;Malthe JAKOBSEN;;LMP2 Pro/Am;;Algarve Pro Racing;Oreca;GF;27.212;38.02;28.207
20;3;93;01:33.7;0;;27.821;0;37.966;0;27.945;0;178.9;19:15.9;19:16.7;00:27.8;00:38.0;00:27.9;291.1;Malthe JAKOBSEN;;LMP2 Pro/Am;;Algarve Pro Racing;Oreca;GF;27.821;37.966;27.945
20;3;94;01:36.4;0;;27.572;0;39.508;0;29.335;0;173.9;20:52.4;20:53.2;00:27.6;00:39.5;00:29.3;289.5;Malthe JAKOBSEN;;LMP2 Pro/Am;;Algarve Pro Racing;Oreca;GF;27.572;39.508;29.335
20;3;95;02:39.4;0;;55.427;0;01:16.1;0;27.917;0;105.1;23:31.8;23:32.6;00:55.4;01:16.1;00:27.9;;Malthe JAKOBSEN;;LMP2 Pro/Am;;Algarve Pro Racing;Oreca;GF;55.427;76.106;27.917
20;3;96;01:33.8;0;;27.177;0;38.644;0;27.939;0;178.8;25:05.6;25:06.4;00:27.2;00:38.6;00:27.9;285.7;Malthe JAKOBSEN;;LMP2 Pro/Am;;Algarve Pro Racing;Oreca;GF;27.177;38.644;27.939
20;3;97;01:33.6;0;;27.246;0;38.621;0;27.721;0;179.1;26:39.2;26:40.0;00:27.2;00:38.6;00:27.7;286.5;Malthe JAKOBSEN;;LMP2 Pro/Am;;Algarve Pro Racing;Oreca;GF;27.246;38.621;27.721
20;3;98;01:33.3;0;;26.996;0;38.276;0;28.016;0;179.7;28:12.4;28:13.2;00:27.0;00:38.3;00:28.0;287.2;Malthe JAKOBSEN;;LMP2 Pro/Am;;Algarve Pro Racing;Oreca;GF;26.996;38.276;28.016
20;3;99;01:33.0;0;;27.569;0;37.512;0;27.894;0;180.3;29:45.4;29:46.2;00:27.6;00:37.5;00:27.9;285;Malthe JAKOBSEN;;LMP2 Pro/Am;;Algarve Pro Racing;Oreca;GF;27.569;37.512;27.894
20;3;100;01:32.5;0;;26.95;0;37.73;0;27.81;0;181.3;31:17.9;31:18.7;00:26.9;00:37.7;00:27.8;288;Malthe JAKOBSEN;;LMP2 Pro/Am;;Algarve Pro Racing;Oreca;GF;26.95;37.73;27.81
20;3;101;01:38.1;0;B;27.136;0;38.53;0;32.472;0;170.8;32:56.0;32:56.8;00:27.1;00:38.5;00:32.5;287.2;Malthe JAKOBSEN;;LMP2 Pro/Am;;Algarve Pro Racing;Oreca;GF;27.136;38.53;32.472
20;3;102;02:55.1;0;;01:47.5;0;39.273;0;28.336;0;95.8;35:51.1;35:51.9;01:47.5;00:39.3;00:28.3;204.5;Malthe JAKOBSEN;01:21.5;LMP2 Pro/Am;;Algarve Pro Racing;Oreca;GF;107.484;39.273;28.336
20;3;103;01:32.7;0;;27.444;0;37.6;0;27.688;0;180.8;37:23.9;37:24.7;00:27.4;00:37.6;00:27.7;285;Malthe JAKOBSEN;;LMP2 Pro/Am;;Algarve Pro Racing;Oreca;GF;27.444;37.6;27.688
20;3;104;01:34.6;0;;28.438;0;38.445;0;27.704;0;177.2;38:58.5;38:59.3;00:28.4;00:38.4;00:27.7;288.8;Malthe JAKOBSEN;;LMP2 Pro/Am;;Algarve Pro Racing;Oreca;GF;28.438;38.445;27.704
20;3;105;01:33.5;0;;27.061;0;38.511;0;27.879;0;179.4;40:31.9;40:32.7;00:27.1;00:38.5;00:27.9;286.5;Malthe JAKOBSEN;;LMP2 Pro/Am;;Algarve Pro Racing;Oreca;GF;27.061;38.511;27.879
20;3;106;01:32.7;0;;27.061;0;37.99;0;27.609;0;180.9;42:04.6;42:05.4;00:27.1;00:38.0;00:27.6;286.5;Malthe JAKOBSEN;;LMP2 Pro/Am;;Algarve Pro Racing;Oreca;GF;27.061;37.99;27.609
20;3;107;01:34.5;0;;27.229;0;37.828;0;29.468;0;177.4;43:39.1;43:39.9;00:27.2;00:37.8;00:29.5;285.7;Malthe JAKOBSEN;;LMP2 Pro/Am;;Algarve Pro Racing;Oreca;GF;27.229;37.828;29.468
20;3;108;01:32.5;0;;27.133;0;37.569;0;27.784;0;181.3;45:11.6;45:12.4;00:27.1;00:37.6;00:27.8;284.2;Malthe JAKOBSEN;;LMP2 Pro/Am;;Algarve Pro Racing;Oreca;GF;27.133;37.569;27.784
20;3;109;01:32.7;0;;26.931;0;37.42;0;28.325;0;180.9;46:44.3;46:45.1;00:26.9;00:37.4;00:28.3;286.5;Malthe JAKOBSEN;;LMP2 Pro/Am;;Algarve Pro Racing;Oreca;GF;26.931;37.42;28.325
20;3;110;01:32.9;0;;27.188;0;37.465;0;28.201;0;180.6;48:17.1;48:17.9;00:27.2;00:37.5;00:28.2;285;Malthe JAKOBSEN;;LMP2 Pro/Am;;Algarve Pro Racing;Oreca;GF;27.188;37.465;28.201
20;3;111;01:32.9;0;;27.285;0;37.774;0;27.796;0;180.6;49:50.0;49:50.8;00:27.3;00:37.8;00:27.8;285.7;Malthe JAKOBSEN;;LMP2 Pro/Am;;Algarve Pro Racing;Oreca;GF;27.285;37.774;27.796
20;3;112;01:33.3;0;;27.439;0;37.965;0;27.867;0;179.7;51:23.2;51:24.0;00:27.4;00:38.0;00:27.9;288;Malthe JAKOBSEN;;LMP2 Pro/Am;;Algarve Pro Racing;Oreca;GF;27.439;37.965;27.867
20;3;113;01:33.1;0;;27.359;0;37.778;0;28.007;0;180;52:56.4;52:57.2;00:27.4;00:37.8;00:28.0;288;Malthe JAKOBSEN;;LMP2 Pro/Am;;Algarve Pro Racing;Oreca;GF;27.359;37.778;28.007
20;3;114;01:33.9;0;;27.609;0;38.166;0;28.112;0;178.6;54:30.3;54:31.1;00:27.6;00:38.2;00:28.1;290.3;Malthe JAKOBSEN;;LMP2 Pro/Am;;Algarve Pro Racing;Oreca;GF;27.609;38.166;28.112
20;3;115;01:35.0;0;;27.794;0;38.909;0;28.295;0;176.5;56:05.3;56:06.1;00:27.8;00:38.9;00:28.3;289.5;Malthe JAKOBSEN;;LMP2 Pro/Am;;Algarve Pro Racing;Oreca;GF;27.794;38.909;28.295
20;3;116;01:35.0;0;;27.498;0;38.971;0;28.576;0;176.4;57:40.3;57:41.1;00:27.5;00:39.0;00:28.6;289.5;Malthe JAKOBSEN;;LMP2 Pro/Am;;Algarve Pro Racing;Oreca;GF;27.498;38.971;28.576
20;3;117;01:34.0;0;;27.417;0;38.239;0;28.323;0;178.4;59:14.3;59:15.1;00:27.4;00:38.2;00:28.3;288;Malthe JAKOBSEN;;LMP2 Pro/Am;;Algarve Pro Racing;Oreca;GF;27.417;38.239;28.323
20;3;118;01:34.5;0;;27.766;0;38.553;0;28.186;0;177.4;00:48.8;00:49.6;00:27.8;00:38.6;00:28.2;287.2;Malthe JAKOBSEN;;LMP2 Pro/Am;;Algarve Pro Racing;Oreca;GF;27.766;38.553;28.186
20;3;119;01:33.3;0;;27.343;0;38.022;0;27.963;0;179.6;02:22.1;02:22.9;00:27.3;00:38.0;00:28.0;286.5;Malthe JAKOBSEN;;LMP2 Pro/Am;;Algarve Pro Racing;Oreca;GF;27.343;38.022;27.963
20;3;120;01:33.4;0;;27.3;0;38.134;0;28;0;179.4;03:55.6;03:56.4;00:27.3;00:38.1;00:28.0;288;Malthe JAKOBSEN;;LMP2 Pro/Am;;Algarve Pro Racing;Oreca;GF;27.3;38.134;28
20;3;121;01:33.6;0;;27.344;0;37.977;0;28.265;0;179.1;05:29.1;05:29.9;00:27.3;00:38.0;00:28.3;288;Malthe JAKOBSEN;;LMP2 Pro/Am;;Algarve Pro Racing;Oreca;GF;27.344;37.977;28.265
20;3;122;01:33.4;0;;27.245;0;38.042;0;28.095;0;179.5;07:02.5;07:03.3;00:27.2;00:38.0;00:28.1;288;Malthe JAKOBSEN;;LMP2 Pro/Am;;Algarve Pro Racing;Oreca;GF;27.245;38.042;28.095
20;3;123;01:36.2;0;;27.563;0;38.209;0;30.397;0;174.3;08:38.7;08:39.5;00:27.6;00:38.2;00:30.4;289.5;Malthe JAKOBSEN;;LMP2 Pro/Am;;Algarve Pro Racing;Oreca;GF;27.563;38.209;30.397
20;3;124;01:35.0;0;;27.697;0;38.216;0;29.133;0;176.4;10:13.7;10:14.5;00:27.7;00:38.2;00:29.1;285.7;Malthe JAKOBSEN;;LMP2 Pro/Am;;Algarve Pro Racing;Oreca;GF;27.697;38.216;29.133
20;3;125;01:34.0;0;;27.426;0;38.238;0;28.376;0;178.3;11:47.8;11:48.6;00:27.4;00:38.2;00:28.4;285.7;Malthe JAKOBSEN;;LMP2 Pro/Am;;Algarve Pro Racing;Oreca;GF;27.426;38.238;28.376
20;3;126;01:38.8;0;B;27.543;0;38.443;0;32.817;0;169.7;13:26.6;13:27.4;00:27.5;00:38.4;00:32.8;287.2;Malthe JAKOBSEN;;LMP2 Pro/Am;;Algarve Pro Racing;Oreca;GF;27.543;38.443;32.817
20;3;127;02:10.0;0;;01:02.8;0;38.858;0;28.314;0;129;15:36.6;15:37.4;01:02.8;00:38.9;00:28.3;209.3;Malthe JAKOBSEN;00:39.1;LMP2 Pro/Am;;Algarve Pro Racing;Oreca;GF;62.832;38.858;28.314
20;3;128;01:34.0;0;;27.458;0;38.327;0;28.182;0;178.4;17:10.6;17:11.3;00:27.5;00:38.3;00:28.2;287.2;Malthe JAKOBSEN;;LMP2 Pro/Am;;Algarve Pro Racing;Oreca;GF;27.458;38.327;28.182
20;3;129;01:36.0;0;;27.734;0;39.515;0;28.709;0;174.7;18:46.5;18:47.3;00:27.7;00:39.5;00:28.7;288.8;Malthe JAKOBSEN;;LMP2 Pro/Am;;Algarve Pro Racing;Oreca;GF;27.734;39.515;28.709
20;3;130;01:34.8;0;;27.84;0;38.474;0;28.488;0;176.8;20:21.3;20:22.1;00:27.8;00:38.5;00:28.5;288;Malthe JAKOBSEN;;LMP2 Pro/Am;;Algarve Pro Racing;Oreca;GF;27.84;38.474;28.488
20;3;131;01:34.4;0;;27.662;0;38.368;0;28.386;0;177.6;21:55.7;21:56.5;00:27.7;00:38.4;00:28.4;287.2;Malthe JAKOBSEN;;LMP2 Pro/Am;;Algarve Pro Racing;Oreca;GF;27.662;38.368;28.386
20;3;132;01:34.0;0;;27.436;0;38.325;0;28.242;0;178.3;23:29.7;23:30.5;00:27.4;00:38.3;00:28.2;287.2;Malthe JAKOBSEN;;LMP2 Pro/Am;;Algarve Pro Racing;Oreca;GF;27.436;38.325;28.242
20;3;133;01:33.8;0;;27.276;0;38.208;0;28.352;0;178.7;25:03.6;25:04.4;00:27.3;00:38.2;00:28.4;288;Malthe JAKOBSEN;;LMP2 Pro/Am;;Algarve Pro Racing;Oreca;GF;27.276;38.208;28.352
20;3;134;01:35.7;0;;27.522;0;38.22;0;29.912;0;175.3;26:39.2;26:40.0;00:27.5;00:38.2;00:29.9;286.5;Malthe JAKOBSEN;;LMP2 Pro/Am;;Algarve Pro Racing;Oreca;GF;27.522;38.22;29.912
20;3;135;01:34.2;0;;27.52;0;38.201;0;28.528;0;177.9;28:13.5;28:14.3;00:27.5;00:38.2;00:28.5;285;Malthe JAKOBSEN;;LMP2 Pro/Am;;Algarve Pro Racing;Oreca;FF;27.52;38.201;28.528
21;1;1;02:14.0;0;;36.915;0;57.377;0;39.711;0;121.4;02:14.0;02:14.8;00:36.9;00:57.4;00:39.7;;Daniel SCHNEIDER;;LMP2 Pro/Am;;United Autosports;Oreca;SF;36.915;57.377;39.711
21;1;2;04:03.3;0;;01:12.8;0;01:27.8;0;01:22.8;0;68.9;06:17.3;06:18.1;01:12.8;01:27.8;01:22.8;127.1;Daniel SCHNEIDER;;LMP2 Pro/Am;;United Autosports;Oreca;RF;72.755;87.773;82.801
21;1;3;27:00.8;0;;25:07.6;0;01:06.5;0;46.697;0;10.3;33:18.1;33:18.9;25:07.6;01:06.5;00:46.7;160.7;Daniel SCHNEIDER;;LMP2 Pro/Am;;United Autosports;Oreca;SF;1507.615;66.463;46.697
21;1;4;02:18.3;0;;46.617;0;51.699;0;40.015;0;121.2;35:36.4;35:37.2;00:46.6;00:51.7;00:40.0;;Daniel SCHNEIDER;;LMP2 Pro/Am;;United Autosports;Oreca;GF;46.617;51.699;40.015
21;1;5;01:38.9;0;;29.689;0;40.046;0;29.168;0;169.5;37:15.3;37:16.1;00:29.7;00:40.0;00:29.2;285;Daniel SCHNEIDER;;LMP2 Pro/Am;;United Autosports;Oreca;GF;29.689;40.046;29.168
21;1;6;01:37.5;0;;29.275;0;39.376;0;28.888;0;171.9;38:52.9;38:53.7;00:29.3;00:39.4;00:28.9;289.5;Daniel SCHNEIDER;;LMP2 Pro/Am;;United Autosports;Oreca;GF;29.275;39.376;28.888
21;1;7;01:35.7;0;;28.216;0;38.618;0;28.85;0;175.2;40:28.6;40:29.4;00:28.2;00:38.6;00:28.9;290.3;Daniel SCHNEIDER;;LMP2 Pro/Am;;United Autosports;Oreca;GF;28.216;38.618;28.85
21;1;8;01:35.6;0;;28.089;0;38.663;0;28.813;0;175.4;42:04.1;42:04.9;00:28.1;00:38.7;00:28.8;288.8;Daniel SCHNEIDER;;LMP2 Pro/Am;;United Autosports;Oreca;GF;28.089;38.663;28.813
21;1;9;01:35.6;0;;28.115;0;38.72;0;28.781;1;175.3;43:39.7;43:40.5;00:28.1;00:38.7;00:28.8;289.5;Daniel SCHNEIDER;;LMP2 Pro/Am;;United Autosports;Oreca;GF;28.115;38.72;28.781
21;1;10;01:35.5;0;;28.186;0;38.558;1;28.717;0;175.6;45:15.2;45:16.0;00:28.2;00:38.6;00:28.7;291.1;Daniel SCHNEIDER;;LMP2 Pro/Am;;United Autosports;Oreca;GF;28.186;38.558;28.717
21;1;11;01:35.4;0;;27.982;0;38.581;0;28.84;0;175.7;46:50.6;46:51.4;00:28.0;00:38.6;00:28.8;289.5;Daniel SCHNEIDER;;LMP2 Pro/Am;;United Autosports;Oreca;GF;27.982;38.581;28.84
21;1;12;01:36.5;0;;28.033;0;39.533;0;28.973;0;173.7;48:27.1;48:27.9;00:28.0;00:39.5;00:29.0;290.3;Daniel SCHNEIDER;;LMP2 Pro/Am;;United Autosports;Oreca;GF;28.033;39.533;28.973
21;1;13;01:36.7;0;;28.208;0;39.583;0;28.927;0;173.3;50:03.9;50:04.7;00:28.2;00:39.6;00:28.9;289.5;Daniel SCHNEIDER;;LMP2 Pro/Am;;United Autosports;Oreca;GF;28.208;39.583;28.927
21;1;14;01:40.8;0;;29.142;0;40.761;0;30.884;0;166.3;51:44.7;51:45.4;00:29.1;00:40.8;00:30.9;291.1;Daniel SCHNEIDER;;LMP2 Pro/Am;;United Autosports;Oreca;GF;29.142;40.761;30.884
21;1;15;01:38.3;0;;28.244;0;40.623;0;29.384;0;170.6;53:22.9;53:23.7;00:28.2;00:40.6;00:29.4;289.5;Daniel SCHNEIDER;;LMP2 Pro/Am;;United Autosports;Oreca;GF;28.244;40.623;29.384
21;1;16;01:37.7;0;;28.39;0;40.006;0;29.317;0;171.6;55:00.6;55:01.4;00:28.4;00:40.0;00:29.3;289.5;Daniel SCHNEIDER;;LMP2 Pro/Am;;United Autosports;Oreca;GF;28.39;40.006;29.317
21;1;17;01:38.6;0;;28.533;0;40.784;0;29.239;0;170.1;56:39.2;56:40.0;00:28.5;00:40.8;00:29.2;289.5;Daniel SCHNEIDER;;LMP2 Pro/Am;;United Autosports;Oreca;GF;28.533;40.784;29.239
21;1;18;01:36.4;0;;28.524;0;38.822;0;29.068;0;173.9;58:15.6;58:16.4;00:28.5;00:38.8;00:29.1;289.5;Daniel SCHNEIDER;;LMP2 Pro/Am;;United Autosports;Oreca;GF;28.524;38.822;29.068
21;1;19;01:36.7;0;;28.234;0;39.35;0;29.147;0;173.3;59:52.3;59:53.1;00:28.2;00:39.3;00:29.1;290.3;Daniel SCHNEIDER;;LMP2 Pro/Am;;United Autosports;Oreca;GF;28.234;39.35;29.147
21;1;20;01:36.3;0;;27.898;1;39.288;0;29.107;0;174.1;01:28.6;01:29.4;00:27.9;00:39.3;00:29.1;290.3;Daniel SCHNEIDER;;LMP2 Pro/Am;;United Autosports;Oreca;GF;27.898;39.288;29.107
21;1;21;01:36.9;0;;28.11;0;39.444;0;29.329;0;173;03:05.5;03:06.3;00:28.1;00:39.4;00:29.3;290.3;Daniel SCHNEIDER;;LMP2 Pro/Am;;United Autosports;Oreca;GF;28.11;39.444;29.329
21;1;22;01:38.2;0;;28.303;0;40.147;0;29.706;0;170.8;04:43.7;04:44.4;00:28.3;00:40.1;00:29.7;289.5;Daniel SCHNEIDER;;LMP2 Pro/Am;;United Autosports;Oreca;GF;28.303;40.147;29.706
21;1;23;01:37.3;0;;28.278;0;39.27;0;29.709;0;172.4;06:20.9;06:21.7;00:28.3;00:39.3;00:29.7;289.5;Daniel SCHNEIDER;;LMP2 Pro/Am;;United Autosports;Oreca;GF;28.278;39.27;29.709
21;1;24;01:41.6;0;;28.401;0;40.904;0;32.338;0;164.9;08:02.6;08:03.3;00:28.4;00:40.9;00:32.3;289.5;Daniel SCHNEIDER;;LMP2 Pro/Am;;United Autosports;Oreca;GF;28.401;40.904;32.338
21;1;25;01:38.2;0;;28.759;0;39.704;0;29.743;0;170.7;09:40.8;09:41.6;00:28.8;00:39.7;00:29.7;287.2;Daniel SCHNEIDER;;LMP2 Pro/Am;;United Autosports;Oreca;GF;28.759;39.704;29.743
21;1;26;01:43.3;0;B;28.511;0;39.085;0;35.752;0;162.2;11:24.1;11:24.9;00:28.5;00:39.1;00:35.8;288.8;Daniel SCHNEIDER;;LMP2 Pro/Am;;United Autosports;Oreca;GF;28.511;39.085;35.752
21;1;27;02:21.6;0;;01:12.1;0;39.935;0;29.523;0;118.4;13:45.7;13:46.5;01:12.1;00:39.9;00:29.5;203.8;Daniel SCHNEIDER;00:45.0;LMP2 Pro/Am;;United Autosports;Oreca;GF;72.129;39.935;29.523
21;1;28;01:37.8;0;;28.558;0;39.899;0;29.307;0;171.5;15:23.5;15:24.3;00:28.6;00:39.9;00:29.3;289.5;Daniel SCHNEIDER;;LMP2 Pro/Am;;United Autosports;Oreca;GF;28.558;39.899;29.307
21;1;29;01:38.1;0;;28.979;0;39.785;0;29.298;0;171;17:01.5;17:02.3;00:29.0;00:39.8;00:29.3;289.5;Daniel SCHNEIDER;;LMP2 Pro/Am;;United Autosports;Oreca;GF;28.979;39.785;29.298
21;1;30;01:36.9;0;;28.348;0;39.089;0;29.437;0;173.1;18:38.4;18:39.2;00:28.3;00:39.1;00:29.4;288.8;Daniel SCHNEIDER;;LMP2 Pro/Am;;United Autosports;Oreca;GF;28.348;39.089;29.437
21;1;31;01:37.7;0;;28.858;0;39.236;0;29.598;0;171.6;20:16.1;20:16.9;00:28.9;00:39.2;00:29.6;278.4;Daniel SCHNEIDER;;LMP2 Pro/Am;;United Autosports;Oreca;GF;28.858;39.236;29.598
21;1;32;01:36.6;0;;28.276;0;39.044;0;29.263;0;173.6;21:52.7;21:53.5;00:28.3;00:39.0;00:29.3;289.5;Daniel SCHNEIDER;;LMP2 Pro/Am;;United Autosports;Oreca;GF;28.276;39.044;29.263
21;1;33;01:39.3;0;;28.232;0;40.539;0;30.535;0;168.8;23:32.0;23:32.8;00:28.2;00:40.5;00:30.5;289.5;Daniel SCHNEIDER;;LMP2 Pro/Am;;United Autosports;Oreca;GF;28.232;40.539;30.535
21;1;34;01:38.0;0;;29.249;0;39.492;0;29.308;0;171;25:10.0;25:10.8;00:29.2;00:39.5;00:29.3;291.1;Daniel SCHNEIDER;;LMP2 Pro/Am;;United Autosports;Oreca;GF;29.249;39.492;29.308
21;1;35;01:42.9;0;B;28.473;0;39.101;0;35.327;0;162.9;26:52.9;26:53.7;00:28.5;00:39.1;00:35.3;289.5;Daniel SCHNEIDER;;LMP2 Pro/Am;;United Autosports;Oreca;GF;28.473;39.101;35.327
21;3;36;03:03.0;0;;01:52.8;0;41.111;0;29.123;0;91.6;29:55.9;29:56.7;01:52.8;00:41.1;00:29.1;198.5;Oliver JARVIS;01:24.6;LMP2 Pro/Am;;United Autosports;Oreca;GF;112.788;41.111;29.123
21;3;37;01:34.4;0;;28.103;0;38.473;0;27.825;0;177.6;31:30.3;31:31.1;00:28.1;00:38.5;00:27.8;287.2;Oliver JARVIS;;LMP2 Pro/Am;;United Autosports;Oreca;GF;28.103;38.473;27.825
21;3;38;01:34.2;0;;27.447;0;37.804;0;28.914;0;178;33:04.5;33:05.3;00:27.4;00:37.8;00:28.9;290.3;Oliver JARVIS;;LMP2 Pro/Am;;United Autosports;Oreca;GF;27.447;37.804;28.914
21;3;39;02:18.8;0;;27.499;0;54.756;0;56.579;0;120.8;35:23.3;35:24.1;00:27.5;00:54.8;00:56.6;288.8;Oliver JARVIS;;LMP2 Pro/Am;;United Autosports;Oreca;GF;27.499;54.756;56.579
21;3;40;03:30.6;0;B;01:12.8;0;01:19.9;0;57.871;0;79.6;38:54.0;38:54.8;01:12.8;01:19.9;00:57.9;;Oliver JARVIS;;LMP2 Pro/Am;;United Autosports;Oreca;GF;72.819;79.921;57.871
21;3;41;03:50.4;0;;01:38.4;0;01:18.2;0;53.776;0;72.8;42:44.4;42:45.2;01:38.4;01:18.2;00:53.8;;Oliver JARVIS;00:43.9;LMP2 Pro/Am;;United Autosports;Oreca;SF;98.429;78.243;53.776
21;3;42;03:02.1;0;;01:08.0;0;01:22.8;0;31.344;0;92.1;45:46.5;45:47.3;01:08.0;01:22.8;00:31.3;;Oliver JARVIS;;LMP2 Pro/Am;;United Autosports;Oreca;SF;68.016;82.756;31.344
21;3;43;01:40.8;0;;30.817;0;40.215;0;29.789;0;166.3;47:27.3;47:28.1;00:30.8;00:40.2;00:29.8;213;Oliver JARVIS;;LMP2 Pro/Am;;United Autosports;Oreca;SF;30.817;40.215;29.789
21;3;44;02:25.8;0;;41.82;0;01:03.8;0;40.181;0;115;49:53.1;49:53.9;00:41.8;01:03.8;00:40.2;189.5;Oliver JARVIS;;LMP2 Pro/Am;;United Autosports;Oreca;SF;41.82;63.752;40.181
21;3;45;02:08.8;0;;41.765;0;48.189;0;38.837;0;130.2;52:01.9;52:02.7;00:41.8;00:48.2;00:38.8;169.3;Oliver JARVIS;;LMP2 Pro/Am;;United Autosports;Oreca;GF;41.765;48.189;38.837
21;3;46;01:37.5;0;;28.836;0;39.171;0;29.473;0;172;53:39.4;53:40.2;00:28.8;00:39.2;00:29.5;285;Oliver JARVIS;;LMP2 Pro/Am;;United Autosports;Oreca;GF;28.836;39.171;29.473
21;3;47;01:33.3;0;;27.56;0;37.83;0;27.891;0;179.7;55:12.6;55:13.4;00:27.6;00:37.8;00:27.9;287.2;Oliver JARVIS;;LMP2 Pro/Am;;United Autosports;Oreca;GF;27.56;37.83;27.891
21;3;48;01:32.2;0;;27.123;0;37.42;0;27.688;0;181.8;56:44.9;56:45.7;00:27.1;00:37.4;00:27.7;288;Oliver JARVIS;;LMP2 Pro/Am;;United Autosports;Oreca;GF;27.123;37.42;27.688
21;3;49;01:32.0;0;;27.134;0;37.28;1;27.606;1;182.2;58:16.9;58:17.7;00:27.1;00:37.3;00:27.6;289.5;Oliver JARVIS;;LMP2 Pro/Am;;United Autosports;Oreca;GF;27.134;37.28;27.606
21;3;50;01:32.1;0;;27.044;0;37.41;0;27.614;0;182.1;59:49.0;59:49.8;00:27.0;00:37.4;00:27.6;288.8;Oliver JARVIS;;LMP2 Pro/Am;;United Autosports;Oreca;GF;27.044;37.41;27.614
21;3;51;01:32.2;0;;26.979;1;37.473;0;27.751;0;181.8;01:21.2;01:22.0;00:27.0;00:37.5;00:27.8;289.5;Oliver JARVIS;;LMP2 Pro/Am;;United Autosports;Oreca;GF;26.979;37.473;27.751
21;3;52;01:32.4;0;;27.029;0;37.491;0;27.91;0;181.4;02:53.6;02:54.4;00:27.0;00:37.5;00:27.9;290.3;Oliver JARVIS;;LMP2 Pro/Am;;United Autosports;Oreca;GF;27.029;37.491;27.91
21;3;53;02:01.6;0;;27.107;0;38.695;0;55.761;0;137.9;04:55.2;04:56.0;00:27.1;00:38.7;00:55.8;289.5;Oliver JARVIS;;LMP2 Pro/Am;;United Autosports;Oreca;FCY;27.107;38.695;55.761
21;3;54;02:32.1;0;;01:13.7;0;49.247;0;29.217;0;110.2;07:27.3;07:28.1;01:13.7;00:49.2;00:29.2;;Oliver JARVIS;;LMP2 Pro/Am;;United Autosports;Oreca;GF;73.66;49.247;29.217
21;3;55;01:36.9;0;;28.948;0;39.878;0;28.078;0;173;09:04.2;09:05.0;00:28.9;00:39.9;00:28.1;291.1;Oliver JARVIS;;LMP2 Pro/Am;;United Autosports;Oreca;GF;28.948;39.878;28.078
21;3;56;01:34.2;0;;27.703;0;38.231;0;28.23;0;178;10:38.4;10:39.1;00:27.7;00:38.2;00:28.2;291.9;Oliver JARVIS;;LMP2 Pro/Am;;United Autosports;Oreca;GF;27.703;38.231;28.23
21;3;57;01:35.5;0;;28.17;0;38.765;0;28.557;0;175.6;12:13.8;12:14.6;00:28.2;00:38.8;00:28.6;291.9;Oliver JARVIS;;LMP2 Pro/Am;;United Autosports;Oreca;GF;28.17;38.765;28.557
21;3;58;01:35.3;0;;28.046;0;38.757;0;28.455;0;176;13:49.1;13:49.9;00:28.0;00:38.8;00:28.5;290.3;Oliver JARVIS;;LMP2 Pro/Am;;United Autosports;Oreca;GF;28.046;38.757;28.455
21;3;59;01:34.3;0;;27.649;0;38.348;0;28.332;0;177.7;15:23.4;15:24.2;00:27.6;00:38.3;00:28.3;290.3;Oliver JARVIS;;LMP2 Pro/Am;;United Autosports;Oreca;GF;27.649;38.348;28.332
21;3;60;01:34.3;0;;27.6;0;38.365;0;28.287;0;177.9;16:57.7;16:58.5;00:27.6;00:38.4;00:28.3;290.3;Oliver JARVIS;;LMP2 Pro/Am;;United Autosports;Oreca;GF;27.6;38.365;28.287
21;3;61;01:36.7;0;;27.53;0;38.816;0;30.352;0;173.4;18:34.4;18:35.2;00:27.5;00:38.8;00:30.4;291.1;Oliver JARVIS;;LMP2 Pro/Am;;United Autosports;Oreca;GF;27.53;38.816;30.352
21;3;62;01:34.4;0;;27.792;0;38.135;0;28.465;0;177.6;20:08.8;20:09.6;00:27.8;00:38.1;00:28.5;290.3;Oliver JARVIS;;LMP2 Pro/Am;;United Autosports;Oreca;GF;27.792;38.135;28.465
21;3;63;01:34.6;0;;27.591;0;38.23;0;28.789;0;177.2;21:43.4;21:44.2;00:27.6;00:38.2;00:28.8;291.9;Oliver JARVIS;;LMP2 Pro/Am;;United Autosports;Oreca;GF;27.591;38.23;28.789
21;3;64;01:38.0;0;;29.118;0;39.556;0;29.363;0;171;23:21.4;23:22.2;00:29.1;00:39.6;00:29.4;289.5;Oliver JARVIS;;LMP2 Pro/Am;;United Autosports;Oreca;GF;29.118;39.556;29.363
21;3;65;01:34.9;0;;28.095;0;38.509;0;28.303;0;176.6;24:56.3;24:57.1;00:28.1;00:38.5;00:28.3;289.5;Oliver JARVIS;;LMP2 Pro/Am;;United Autosports;Oreca;GF;28.095;38.509;28.303
21;3;66;01:36.8;0;;27.772;0;40.029;0;29.038;0;173.1;26:33.2;26:34.0;00:27.8;00:40.0;00:29.0;289.5;Oliver JARVIS;;LMP2 Pro/Am;;United Autosports;Oreca;GF;27.772;40.029;29.038
21;3;67;01:35.3;0;;27.782;0;38.531;0;28.945;0;176;28:08.4;28:09.2;00:27.8;00:38.5;00:28.9;288.8;Oliver JARVIS;;LMP2 Pro/Am;;United Autosports;Oreca;GF;27.782;38.531;28.945
21;3;68;01:35.4;0;;27.821;0;38.607;0;28.936;0;175.8;29:43.8;29:44.6;00:27.8;00:38.6;00:28.9;289.5;Oliver JARVIS;;LMP2 Pro/Am;;United Autosports;Oreca;GF;27.821;38.607;28.936
21;3;69;01:37.1;0;;28.146;0;39.185;0;29.737;0;172.7;31:20.9;31:21.7;00:28.1;00:39.2;00:29.7;288.8;Oliver JARVIS;;LMP2 Pro/Am;;United Autosports;Oreca;GF;28.146;39.185;29.737
21;3;70;03:06.4;0;B;49.372;0;01:19.5;0;57.551;0;89.9;34:27.3;34:28.1;00:49.4;01:19.5;00:57.6;283.5;Oliver JARVIS;;LMP2 Pro/Am;;United Autosports;Oreca;GF;49.372;79.489;57.551
21;3;71;04:35.7;0;B;02:18.3;0;01:19.3;0;58.019;0;60.8;39:02.9;39:03.7;02:18.3;01:19.3;00:58.0;;Oliver JARVIS;01:23.3;LMP2 Pro/Am;;United Autosports;Oreca;SF;138.33;79.308;58.019
21;2;72;02:48.8;0;;01:33.2;0;43.501;0;32.117;0;99.3;41:51.7;41:52.5;01:33.2;00:43.5;00:32.1;195.7;Marino SATO;01:02.7;LMP2 Pro/Am;;United Autosports;Oreca;SF;93.168;43.501;32.117
21;2;73;02:56.1;0;;42.598;0;01:12.9;0;01:00.5;0;95.2;44:47.8;44:48.6;00:42.6;01:12.9;01:00.5;;Marino SATO;;LMP2 Pro/Am;;United Autosports;Oreca;SF;42.598;72.936;60.523
21;2;74;02:54.1;0;;01:06.4;0;01:04.8;0;42.909;0;96.3;47:41.8;47:42.6;01:06.4;01:04.8;00:42.9;;Marino SATO;;LMP2 Pro/Am;;United Autosports;Oreca;SF;66.388;64.769;42.909
21;2;75;02:11.7;0;;37.921;0;50.564;0;43.168;0;127.3;49:53.5;49:54.3;00:37.9;00:50.6;00:43.2;180.6;Marino SATO;;LMP2 Pro/Am;;United Autosports;Oreca;GF;37.921;50.564;43.168
21;2;76;01:36.3;0;;28.345;0;39.958;0;28.012;0;174.1;51:29.8;51:30.6;00:28.3;00:40.0;00:28.0;280.5;Marino SATO;;LMP2 Pro/Am;;United Autosports;Oreca;GF;28.345;39.958;28.012
21;2;77;01:32.9;0;;27.271;0;37.767;0;27.885;0;180.4;53:02.7;53:03.5;00:27.3;00:37.8;00:27.9;288;Marino SATO;;LMP2 Pro/Am;;United Autosports;Oreca;GF;27.271;37.767;27.885
21;2;78;01:33.3;0;;27.37;0;37.747;0;28.157;0;179.7;54:36.0;54:36.8;00:27.4;00:37.7;00:28.2;288;Marino SATO;;LMP2 Pro/Am;;United Autosports;Oreca;GF;27.37;37.747;28.157
21;2;79;01:35.1;0;;27.539;0;39.474;0;28.132;0;176.2;56:11.1;56:11.9;00:27.5;00:39.5;00:28.1;289.5;Marino SATO;;LMP2 Pro/Am;;United Autosports;Oreca;GF;27.539;39.474;28.132
21;2;80;01:34.1;0;;27.571;0;38.237;0;28.313;0;178.1;57:45.3;57:46.1;00:27.6;00:38.2;00:28.3;288.8;Marino SATO;;LMP2 Pro/Am;;United Autosports;Oreca;GF;27.571;38.237;28.313
21;2;81;01:34.2;0;;27.814;0;38.433;0;27.945;0;178;59:19.5;59:20.3;00:27.8;00:38.4;00:27.9;289.5;Marino SATO;;LMP2 Pro/Am;;United Autosports;Oreca;GF;27.814;38.433;27.945
21;2;82;01:33.3;0;;27.312;0;37.969;0;28.003;0;179.7;00:52.7;00:53.5;00:27.3;00:38.0;00:28.0;287.2;Marino SATO;;LMP2 Pro/Am;;United Autosports;Oreca;GF;27.312;37.969;28.003
21;2;83;01:34.5;0;;27.387;0;38.579;0;28.523;0;177.4;02:27.2;02:28.0;00:27.4;00:38.6;00:28.5;289.5;Marino SATO;;LMP2 Pro/Am;;United Autosports;Oreca;GF;27.387;38.579;28.523
21;2;84;02:07.2;0;;27.618;0;42.626;0;56.995;0;131.8;04:34.5;04:35.3;00:27.6;00:42.6;00:57.0;289.5;Marino SATO;;LMP2 Pro/Am;;United Autosports;Oreca;FCY;27.618;42.626;56.995
21;2;85;02:27.2;0;;01:13.0;0;45.625;0;28.606;0;113.9;07:01.7;07:02.5;01:13.0;00:45.6;00:28.6;;Marino SATO;;LMP2 Pro/Am;;United Autosports;Oreca;GF;73.016;45.625;28.606
21;2;86;01:34.3;0;;27.567;0;38.349;0;28.341;0;177.9;08:36.0;08:36.8;00:27.6;00:38.3;00:28.3;288;Marino SATO;;LMP2 Pro/Am;;United Autosports;Oreca;GF;27.567;38.349;28.341
21;2;87;01:34.9;0;;27.599;0;38.209;0;29.075;0;176.7;10:10.9;10:11.7;00:27.6;00:38.2;00:29.1;288;Marino SATO;;LMP2 Pro/Am;;United Autosports;Oreca;GF;27.599;38.209;29.075
21;2;88;01:34.9;0;;28.669;0;38.125;0;28.126;0;176.6;11:45.8;11:46.6;00:28.7;00:38.1;00:28.1;287.2;Marino SATO;;LMP2 Pro/Am;;United Autosports;Oreca;GF;28.669;38.125;28.126
21;2;89;01:33.3;0;;27.038;0;37.709;0;28.545;0;179.7;13:19.1;13:19.9;00:27.0;00:37.7;00:28.5;289.5;Marino SATO;;LMP2 Pro/Am;;United Autosports;Oreca;GF;27.038;37.709;28.545
21;2;90;01:32.8;0;;27.285;0;37.684;0;27.845;0;180.6;14:51.9;14:52.7;00:27.3;00:37.7;00:27.8;288;Marino SATO;;LMP2 Pro/Am;;United Autosports;Oreca;GF;27.285;37.684;27.845
21;2;91;01:33.6;0;;27.085;0;37.846;0;28.673;0;179.1;16:25.5;16:26.3;00:27.1;00:37.8;00:28.7;290.3;Marino SATO;;LMP2 Pro/Am;;United Autosports;Oreca;GF;27.085;37.846;28.673
21;2;92;01:34.4;0;;27.8;0;38.059;0;28.522;0;177.6;17:59.9;18:00.7;00:27.8;00:38.1;00:28.5;287.2;Marino SATO;;LMP2 Pro/Am;;United Autosports;Oreca;GF;27.8;38.059;28.522
21;2;93;01:34.2;0;;27.486;0;38.38;0;28.329;0;178;19:34.1;19:34.9;00:27.5;00:38.4;00:28.3;291.1;Marino SATO;;LMP2 Pro/Am;;United Autosports;Oreca;GF;27.486;38.38;28.329
21;2;94;01:45.3;0;;27.585;0;38.552;0;39.195;0;159.2;21:19.4;21:20.2;00:27.6;00:38.6;00:39.2;288.8;Marino SATO;;LMP2 Pro/Am;;United Autosports;Oreca;FCY;27.585;38.552;39.195
21;2;95;02:33.2;0;;01:12.8;0;51.955;0;28.45;0;109.5;23:52.6;23:53.4;01:12.8;00:52.0;00:28.5;;Marino SATO;;LMP2 Pro/Am;;United Autosports;Oreca;GF;72.766;51.955;28.45
21;2;96;01:34.1;0;;27.492;0;38.021;0;28.564;0;178.2;25:26.6;25:27.4;00:27.5;00:38.0;00:28.6;286.5;Marino SATO;;LMP2 Pro/Am;;United Autosports;Oreca;GF;27.492;38.021;28.564
21;2;97;01:35.2;0;;27.81;0;38.917;0;28.475;0;176.1;27:01.8;27:02.6;00:27.8;00:38.9;00:28.5;288;Marino SATO;;LMP2 Pro/Am;;United Autosports;Oreca;GF;27.81;38.917;28.475
21;2;98;01:36.3;0;;27.43;0;38.568;0;30.279;0;174.1;28:38.1;28:38.9;00:27.4;00:38.6;00:30.3;289.5;Marino SATO;;LMP2 Pro/Am;;United Autosports;Oreca;GF;27.43;38.568;30.279
21;2;99;01:35.9;0;;28.255;0;38.635;0;29.025;0;174.8;30:14.0;30:14.8;00:28.3;00:38.6;00:29.0;285;Marino SATO;;LMP2 Pro/Am;;United Autosports;Oreca;GF;28.255;38.635;29.025
21;2;100;01:35.6;0;;28.819;0;38.223;0;28.514;0;175.4;31:49.6;31:50.4;00:28.8;00:38.2;00:28.5;289.5;Marino SATO;;LMP2 Pro/Am;;United Autosports;Oreca;GF;28.819;38.223;28.514
21;2;101;01:39.8;0;B;27.664;0;38.47;0;33.694;0;167.9;33:29.4;33:30.2;00:27.7;00:38.5;00:33.7;289.5;Marino SATO;;LMP2 Pro/Am;;United Autosports;Oreca;GF;27.664;38.47;33.694
21;2;102;03:07.0;0;;01:57.9;0;40.238;0;28.838;0;89.7;36:36.4;36:37.2;01:57.9;00:40.2;00:28.8;197.4;Marino SATO;01:30.7;LMP2 Pro/Am;;United Autosports;Oreca;GF;117.93;40.238;28.838
21;2;103;01:35.9;0;;28.422;0;38.984;0;28.448;0;174.9;38:12.3;38:13.1;00:28.4;00:39.0;00:28.4;286.5;Marino SATO;;LMP2 Pro/Am;;United Autosports;Oreca;GF;28.422;38.984;28.448
21;2;104;01:35.3;0;;27.483;0;38.538;0;29.323;0;175.8;39:47.6;39:48.4;00:27.5;00:38.5;00:29.3;289.5;Marino SATO;;LMP2 Pro/Am;;United Autosports;Oreca;GF;27.483;38.538;29.323
21;2;105;01:33.7;0;;27.331;0;37.42;0;28.987;0;178.9;41:21.4;41:22.2;00:27.3;00:37.4;00:29.0;287.2;Marino SATO;;LMP2 Pro/Am;;United Autosports;Oreca;GF;27.331;37.42;28.987
21;2;106;01:31.7;2;;26.918;0;37.254;2;27.516;2;182.9;42:53.1;42:53.8;00:26.9;00:37.3;00:27.5;286.5;Marino SATO;;LMP2 Pro/Am;;United Autosports;Oreca;GF;26.918;37.254;27.516
21;2;107;01:31.8;0;;26.891;2;37.306;0;27.572;0;182.7;44:24.8;44:25.6;00:26.9;00:37.3;00:27.6;287.2;Marino SATO;;LMP2 Pro/Am;;United Autosports;Oreca;GF;26.891;37.306;27.572
21;2;108;01:33.1;0;;26.923;0;38.05;0;28.175;0;180;45:58.0;45:58.8;00:26.9;00:38.1;00:28.2;288;Marino SATO;;LMP2 Pro/Am;;United Autosports;Oreca;GF;26.923;38.05;28.175
21;2;109;01:34.0;0;;27.793;0;38.113;0;28.121;0;178.3;47:32.0;47:32.8;00:27.8;00:38.1;00:28.1;290.3;Marino SATO;;LMP2 Pro/Am;;United Autosports;Oreca;GF;27.793;38.113;28.121
21;2;110;01:33.9;0;;27.67;0;37.915;0;28.331;0;178.5;49:05.9;49:06.7;00:27.7;00:37.9;00:28.3;288;Marino SATO;;LMP2 Pro/Am;;United Autosports;Oreca;GF;27.67;37.915;28.331
21;2;111;01:34.1;0;;27.695;0;38.323;0;28.047;0;178.2;50:40.0;50:40.8;00:27.7;00:38.3;00:28.0;290.3;Marino SATO;;LMP2 Pro/Am;;United Autosports;Oreca;GF;27.695;38.323;28.047
21;2;112;01:33.8;0;;27.269;0;38.513;0;28.03;0;178.7;52:13.8;52:14.6;00:27.3;00:38.5;00:28.0;288.8;Marino SATO;;LMP2 Pro/Am;;United Autosports;Oreca;GF;27.269;38.513;28.03
21;2;113;01:33.9;0;;27.543;0;37.978;0;28.34;0;178.6;53:47.6;53:48.4;00:27.5;00:38.0;00:28.3;290.3;Marino SATO;;LMP2 Pro/Am;;United Autosports;Oreca;GF;27.543;37.978;28.34
21;2;114;01:33.7;0;;27.504;0;37.926;0;28.274;0;178.9;55:21.4;55:22.1;00:27.5;00:37.9;00:28.3;289.5;Marino SATO;;LMP2 Pro/Am;;United Autosports;Oreca;GF;27.504;37.926;28.274
21;2;115;01:34.1;0;;27.352;0;38.443;0;28.271;0;178.2;56:55.4;56:56.2;00:27.4;00:38.4;00:28.3;290.3;Marino SATO;;LMP2 Pro/Am;;United Autosports;Oreca;GF;27.352;38.443;28.271
21;2;116;01:33.5;0;;27.326;0;37.935;0;28.2;0;179.4;58:28.9;58:29.7;00:27.3;00:37.9;00:28.2;290.3;Marino SATO;;LMP2 Pro/Am;;United Autosports;Oreca;GF;27.326;37.935;28.2
21;2;117;01:34.1;0;;27.62;0;37.908;0;28.551;0;178.2;00:03.0;00:03.8;00:27.6;00:37.9;00:28.6;291.1;Marino SATO;;LMP2 Pro/Am;;United Autosports;Oreca;GF;27.62;37.908;28.551
21;2;118;01:35.2;0;;27.696;0;38.912;0;28.64;0;176;01:38.2;01:39.0;00:27.7;00:38.9;00:28.6;289.5;Marino SATO;;LMP2 Pro/Am;;United Autosports;Oreca;GF;27.696;38.912;28.64
21;2;119;01:35.0;0;;27.731;0;38.696;0;28.557;0;176.5;03:13.2;03:14.0;00:27.7;00:38.7;00:28.6;288.8;Marino SATO;;LMP2 Pro/Am;;United Autosports;Oreca;GF;27.731;38.696;28.557
21;2;120;01:37.2;0;;28.209;0;39.231;0;29.749;0;172.5;04:50.4;04:51.2;00:28.2;00:39.2;00:29.7;291.1;Marino SATO;;LMP2 Pro/Am;;United Autosports;Oreca;GF;28.209;39.231;29.749
21;2;121;01:35.4;0;;28.349;0;38.784;0;28.313;0;175.7;06:25.8;06:26.6;00:28.3;00:38.8;00:28.3;288.8;Marino SATO;;LMP2 Pro/Am;;United Autosports;Oreca;GF;28.349;38.784;28.313
21;2;122;01:34.4;0;;27.536;0;38.11;0;28.777;0;177.6;08:00.2;08:01.0;00:27.5;00:38.1;00:28.8;289.5;Marino SATO;;LMP2 Pro/Am;;United Autosports;Oreca;GF;27.536;38.11;28.777
21;2;123;01:34.3;0;;27.472;0;38.554;0;28.228;0;177.9;09:34.5;09:35.3;00:27.5;00:38.6;00:28.2;286.5;Marino SATO;;LMP2 Pro/Am;;United Autosports;Oreca;GF;27.472;38.554;28.228
21;2;124;01:33.6;0;;27.378;0;37.989;0;28.243;0;179.1;11:08.1;11:08.9;00:27.4;00:38.0;00:28.2;288;Marino SATO;;LMP2 Pro/Am;;United Autosports;Oreca;GF;27.378;37.989;28.243
21;2;125;01:34.2;0;;27.577;0;38.416;0;28.246;0;177.9;12:42.4;12:43.1;00:27.6;00:38.4;00:28.2;288.8;Marino SATO;;LMP2 Pro/Am;;United Autosports;Oreca;GF;27.577;38.416;28.246
21;2;126;01:34.1;0;;27.499;0;38.231;0;28.363;0;178.2;14:16.4;14:17.2;00:27.5;00:38.2;00:28.4;290.3;Marino SATO;;LMP2 Pro/Am;;United Autosports;Oreca;GF;27.499;38.231;28.363
21;2;127;01:34.2;0;;27.473;0;38.445;0;28.264;0;178;15:50.6;15:51.4;00:27.5;00:38.4;00:28.3;290.3;Marino SATO;;LMP2 Pro/Am;;United Autosports;Oreca;GF;27.473;38.445;28.264
21;2;128;01:34.5;0;;27.36;0;38.099;0;29.019;0;177.5;17:25.1;17:25.9;00:27.4;00:38.1;00:29.0;289.5;Marino SATO;;LMP2 Pro/Am;;United Autosports;Oreca;GF;27.36;38.099;29.019
21;2;129;01:39.0;0;B;27.436;0;38.278;0;33.303;0;169.3;19:04.1;19:04.9;00:27.4;00:38.3;00:33.3;287.2;Marino SATO;;LMP2 Pro/Am;;United Autosports;Oreca;GF;27.436;38.278;33.303
21;2;130;02:11.9;0;;01:04.2;0;38.777;0;28.864;0;127.1;21:16.0;21:16.8;01:04.2;00:38.8;00:28.9;209.7;Marino SATO;00:40.0;LMP2 Pro/Am;;United Autosports;Oreca;GF;64.24;38.777;28.864
21;2;131;01:35.1;0;;27.638;0;38.683;0;28.754;0;176.3;22:51.1;22:51.9;00:27.6;00:38.7;00:28.8;288.8;Marino SATO;;LMP2 Pro/Am;;United Autosports;Oreca;GF;27.638;38.683;28.754
21;2;132;01:35.9;0;;27.884;0;38.758;0;29.286;0;174.8;24:27.0;24:27.8;00:27.9;00:38.8;00:29.3;290.3;Marino SATO;;LMP2 Pro/Am;;United Autosports;Oreca;GF;27.884;38.758;29.286
21;2;133;01:34.9;0;;27.751;0;38.54;0;28.611;0;176.7;26:01.9;26:02.7;00:27.8;00:38.5;00:28.6;287.2;Marino SATO;;LMP2 Pro/Am;;United Autosports;Oreca;GF;27.751;38.54;28.611
21;2;134;01:36.9;0;;27.753;0;38.964;0;30.197;0;173;27:38.8;27:39.6;00:27.8;00:39.0;00:30.2;289.5;Marino SATO;;LMP2 Pro/Am;;United Autosports;Oreca;FF;27.753;38.964;30.197
22;1;1;02:01.8;0;;30.298;0;50.81;0;40.66;0;133.6;02:01.8;02:02.6;00:30.3;00:50.8;00:40.7;;Griffin PEEBLES;;LMP2;;United Autosports;Oreca;SF;30.298;50.81;40.66
22;1;2;03:47.7;0;;01:10.5;0;01:26.3;0;01:10.8;0;73.6;05:49.4;05:50.2;01:10.5;01:26.3;01:10.8;;Griffin PEEBLES;;LMP2;;United Autosports;Oreca;RF;70.514;86.331;70.806
22;1;3;27:12.5;0;;25:18.8;0;01:08.1;0;45.574;0;10.3;33:02.0;33:02.8;25:18.8;01:08.1;00:45.6;;Griffin PEEBLES;;LMP2;;United Autosports;Oreca;SF;1518.83;68.135;45.574
22;1;4;02:26.5;0;;49.451;0;54.798;0;42.294;0;114.4;35:28.5;35:29.3;00:49.5;00:54.8;00:42.3;128.1;Griffin PEEBLES;;LMP2;;United Autosports;Oreca;GF;49.451;54.798;42.294
22;1;5;01:34.5;0;;28.314;0;38.004;0;28.198;0;177.4;37:03.0;37:03.8;00:28.3;00:38.0;00:28.2;288.8;Griffin PEEBLES;;LMP2;;United Autosports;Oreca;GF;28.314;38.004;28.198
22;1;6;01:32.8;0;;27.381;0;37.754;0;27.702;0;180.6;38:35.9;38:36.7;00:27.4;00:37.8;00:27.7;288;Griffin PEEBLES;;LMP2;;United Autosports;Oreca;GF;27.381;37.754;27.702
22;1;7;01:32.7;0;;27.343;0;37.726;0;27.611;0;180.9;40:08.5;40:09.3;00:27.3;00:37.7;00:27.6;289.5;Griffin PEEBLES;;LMP2;;United Autosports;Oreca;GF;27.343;37.726;27.611
22;1;8;01:31.0;2;;26.786;0;37.129;0;27.059;2;184.3;41:39.5;41:40.3;00:26.8;00:37.1;00:27.1;289.5;Griffin PEEBLES;;LMP2;;United Autosports;Oreca;GF;26.786;37.129;27.059
22;1;9;01:31.1;0;;26.664;3;36.882;3;27.506;0;184.1;43:10.6;43:11.4;00:26.7;00:36.9;00:27.5;289.5;Griffin PEEBLES;;LMP2;;United Autosports;Oreca;GF;26.664;36.882;27.506
22;1;10;01:32.6;0;;27.001;0;37.581;0;27.971;0;181.1;44:43.1;44:43.9;00:27.0;00:37.6;00:28.0;289.5;Griffin PEEBLES;;LMP2;;United Autosports;Oreca;GF;27.001;37.581;27.971
22;1;11;01:35.6;0;;27.677;0;38.594;0;29.335;0;175.4;46:18.7;46:19.5;00:27.7;00:38.6;00:29.3;291.1;Griffin PEEBLES;;LMP2;;United Autosports;Oreca;GF;27.677;38.594;29.335
22;1;12;01:31.9;0;;27.292;0;37.282;0;27.283;0;182.5;47:50.6;47:51.4;00:27.3;00:37.3;00:27.3;290.3;Griffin PEEBLES;;LMP2;;United Autosports;Oreca;GF;27.292;37.282;27.283
22;1;13;01:31.9;0;;26.827;0;37.325;0;27.708;0;182.5;49:22.4;49:23.2;00:26.8;00:37.3;00:27.7;289.5;Griffin PEEBLES;;LMP2;;United Autosports;Oreca;GF;26.827;37.325;27.708
22;1;14;01:32.2;0;;26.998;0;37.633;0;27.526;0;181.9;50:54.6;50:55.4;00:27.0;00:37.6;00:27.5;291.1;Griffin PEEBLES;;LMP2;;United Autosports;Oreca;GF;26.998;37.633;27.526
22;1;15;01:34.0;0;;26.954;0;37.61;0;29.442;0;178.3;52:28.6;52:29.4;00:27.0;00:37.6;00:29.4;290.3;Griffin PEEBLES;;LMP2;;United Autosports;Oreca;GF;26.954;37.61;29.442
22;1;16;01:33.2;0;;27.371;0;38.034;0;27.836;0;179.8;54:01.8;54:02.6;00:27.4;00:38.0;00:27.8;290.3;Griffin PEEBLES;;LMP2;;United Autosports;Oreca;GF;27.371;38.034;27.836
22;1;17;01:34.4;0;;27.718;0;39.053;0;27.607;0;177.6;55:36.2;55:37.0;00:27.7;00:39.1;00:27.6;289.5;Griffin PEEBLES;;LMP2;;United Autosports;Oreca;GF;27.718;39.053;27.607
22;1;18;01:32.8;0;;27.061;0;38.149;0;27.555;0;180.7;57:09.0;57:09.8;00:27.1;00:38.1;00:27.6;290.3;Griffin PEEBLES;;LMP2;;United Autosports;Oreca;GF;27.061;38.149;27.555
22;1;19;01:34.3;0;;27.458;0;38.154;0;28.663;0;177.8;58:43.3;58:44.1;00:27.5;00:38.2;00:28.7;291.1;Griffin PEEBLES;;LMP2;;United Autosports;Oreca;GF;27.458;38.154;28.663
22;1;20;01:35.6;0;;27.748;0;38.202;0;29.612;0;175.4;00:18.8;00:19.6;00:27.7;00:38.2;00:29.6;289.5;Griffin PEEBLES;;LMP2;;United Autosports;Oreca;GF;27.748;38.202;29.612
22;1;21;01:32.7;0;;27.211;0;37.83;0;27.676;0;180.8;01:51.5;01:52.3;00:27.2;00:37.8;00:27.7;291.1;Griffin PEEBLES;;LMP2;;United Autosports;Oreca;GF;27.211;37.83;27.676
22;1;22;01:32.1;0;;27.16;0;37.438;0;27.499;0;182;03:23.6;03:24.4;00:27.2;00:37.4;00:27.5;290.3;Griffin PEEBLES;;LMP2;;United Autosports;Oreca;GF;27.16;37.438;27.499
22;1;23;01:33.1;0;;26.891;0;37.703;0;28.498;0;180.1;04:56.7;04:57.5;00:26.9;00:37.7;00:28.5;291.1;Griffin PEEBLES;;LMP2;;United Autosports;Oreca;GF;26.891;37.703;28.498
22;1;24;01:33.4;0;;27.532;0;38.104;0;27.797;0;179.4;06:30.2;06:31.0;00:27.5;00:38.1;00:27.8;289.5;Griffin PEEBLES;;LMP2;;United Autosports;Oreca;GF;27.532;38.104;27.797
22;1;25;01:33.3;0;;27.047;0;38.515;0;27.785;0;179.6;08:03.5;08:04.3;00:27.0;00:38.5;00:27.8;289.5;Griffin PEEBLES;;LMP2;;United Autosports;Oreca;GF;27.047;38.515;27.785
22;1;26;01:33.2;0;;27.477;0;38.027;0;27.729;0;179.8;09:36.7;09:37.5;00:27.5;00:38.0;00:27.7;290.3;Griffin PEEBLES;;LMP2;;United Autosports;Oreca;GF;27.477;38.027;27.729
22;1;27;01:36.0;0;;27.146;0;39.668;0;29.195;0;174.6;11:12.7;11:13.5;00:27.1;00:39.7;00:29.2;290.3;Griffin PEEBLES;;LMP2;;United Autosports;Oreca;GF;27.146;39.668;29.195
22;1;28;01:38.2;0;B;27.209;0;37.958;0;33.036;0;170.7;12:51.0;12:51.7;00:27.2;00:38.0;00:33.0;291.1;Griffin PEEBLES;;LMP2;;United Autosports;Oreca;GF;27.209;37.958;33.036
22;1;29;02:37.8;0;;01:31.7;0;38.039;0;28.067;0;106.2;15:28.8;15:29.5;01:31.7;00:38.0;00:28.1;209.3;Griffin PEEBLES;01:07.8;LMP2;;United Autosports;Oreca;GF;91.694;38.039;28.067
22;1;30;01:35.5;0;;27.656;0;38.923;0;28.887;0;175.6;17:04.2;17:05.0;00:27.7;00:38.9;00:28.9;291.1;Griffin PEEBLES;;LMP2;;United Autosports;Oreca;GF;27.656;38.923;28.887
22;1;31;01:34.3;0;;27.716;0;37.916;0;28.697;0;177.7;18:38.5;18:39.3;00:27.7;00:37.9;00:28.7;290.3;Griffin PEEBLES;;LMP2;;United Autosports;Oreca;GF;27.716;37.916;28.697
22;1;32;01:35.4;0;;27.633;0;38.714;0;29.051;0;175.7;20:13.9;20:14.7;00:27.6;00:38.7;00:29.1;291.1;Griffin PEEBLES;;LMP2;;United Autosports;Oreca;GF;27.633;38.714;29.051
22;1;33;01:33.7;0;;27.573;0;38.031;0;28.116;0;178.9;21:47.7;21:48.5;00:27.6;00:38.0;00:28.1;290.3;Griffin PEEBLES;;LMP2;;United Autosports;Oreca;GF;27.573;38.031;28.116
22;1;34;01:35.5;0;;27.766;0;39.626;0;28.157;0;175.5;23:23.2;23:24.0;00:27.8;00:39.6;00:28.2;289.5;Griffin PEEBLES;;LMP2;;United Autosports;Oreca;GF;27.766;39.626;28.157
22;1;35;01:33.6;0;;27.46;0;37.916;0;28.197;0;179.2;24:56.8;24:57.6;00:27.5;00:37.9;00:28.2;291.1;Griffin PEEBLES;;LMP2;;United Autosports;Oreca;GF;27.46;37.916;28.197
22;1;36;01:34.9;0;;27.736;0;38.612;0;28.589;0;176.6;26:31.7;26:32.5;00:27.7;00:38.6;00:28.6;289.5;Griffin PEEBLES;;LMP2;;United Autosports;Oreca;GF;27.736;38.612;28.589
22;1;37;01:34.7;0;;27.597;0;38.873;0;28.229;0;177;28:06.4;28:07.2;00:27.6;00:38.9;00:28.2;289.5;Griffin PEEBLES;;LMP2;;United Autosports;Oreca;GF;27.597;38.873;28.229
22;1;38;01:34.7;0;;27.594;0;38.903;0;28.186;0;177.1;29:41.1;29:41.9;00:27.6;00:38.9;00:28.2;288.8;Griffin PEEBLES;;LMP2;;United Autosports;Oreca;GF;27.594;38.903;28.186
22;1;39;01:35.3;0;;27.642;0;39.272;0;28.397;0;175.9;31:16.4;31:17.2;00:27.6;00:39.3;00:28.4;290.3;Griffin PEEBLES;;LMP2;;United Autosports;Oreca;GF;27.642;39.272;28.397
22;1;40;01:36.3;0;;27.636;0;39.343;0;29.37;0;174;32:52.8;32:53.6;00:27.6;00:39.3;00:29.4;290.3;Griffin PEEBLES;;LMP2;;United Autosports;Oreca;GF;27.636;39.343;29.37
22;1;41;02:00.8;0;;27.462;0;38.306;0;55.05;0;138.8;34:53.6;34:54.4;00:27.5;00:38.3;00:55.1;291.1;Griffin PEEBLES;;LMP2;;United Autosports;Oreca;GF;27.462;38.306;55.05
22;1;42;03:30.8;0;B;01:14.3;0;01:19.4;0;57.183;0;79.5;38:24.4;38:25.2;01:14.3;01:19.4;00:57.2;;Griffin PEEBLES;;LMP2;;United Autosports;Oreca;GF;74.285;79.379;57.183
22;2;43;04:18.9;0;;02:03.8;0;01:18.4;0;56.664;0;64.8;42:43.3;42:44.1;02:03.8;01:18.4;00:56.7;;Grégoire SAUCY;01:09.0;LMP2;;United Autosports;Oreca;SF;123.834;78.393;56.664
22;2;44;03:41.3;0;;01:08.1;0;01:27.1;0;01:06.2;0;75.8;46:24.6;46:25.4;01:08.1;01:27.1;01:06.2;;Grégoire SAUCY;;LMP2;;United Autosports;Oreca;SF;68.066;87.065;66.188
22;2;45;03:01.6;0;;01:11.1;0;01:08.5;0;41.962;0;92.3;49:26.2;49:27.0;01:11.1;01:08.5;00:42.0;;Grégoire SAUCY;;LMP2;;United Autosports;Oreca;SF;71.127;68.482;41.962
22;2;46;02:12.4;0;;39.593;0;52.167;0;40.67;0;126.6;51:38.6;51:39.4;00:39.6;00:52.2;00:40.7;214.7;Grégoire SAUCY;;LMP2;;United Autosports;Oreca;GF;39.593;52.167;40.67
22;2;47;01:32.8;0;;27.554;0;37.53;0;27.673;0;180.7;53:11.4;53:12.2;00:27.6;00:37.5;00:27.7;288;Grégoire SAUCY;;LMP2;;United Autosports;Oreca;GF;27.554;37.53;27.673
22;2;48;01:32.4;0;;27.287;0;37.369;1;27.754;0;181.4;54:43.8;54:44.6;00:27.3;00:37.4;00:27.8;290.3;Grégoire SAUCY;;LMP2;;United Autosports;Oreca;GF;27.287;37.369;27.754
22;2;49;01:32.8;0;;27.388;0;37.627;0;27.812;0;180.6;56:16.6;56:17.4;00:27.4;00:37.6;00:27.8;289.5;Grégoire SAUCY;;LMP2;;United Autosports;Oreca;GF;27.388;37.627;27.812
22;2;50;01:32.5;0;;27.162;0;37.627;0;27.695;0;181.3;57:49.1;57:49.9;00:27.2;00:37.6;00:27.7;290.3;Grégoire SAUCY;;LMP2;;United Autosports;Oreca;GF;27.162;37.627;27.695
22;2;51;01:32.6;0;;27.313;0;37.631;0;27.64;1;181.1;59:21.7;59:22.5;00:27.3;00:37.6;00:27.6;290.3;Grégoire SAUCY;;LMP2;;United Autosports;Oreca;GF;27.313;37.631;27.64
22;2;52;01:34.5;0;;27.389;0;38.29;0;28.829;0;177.4;00:56.2;00:57.0;00:27.4;00:38.3;00:28.8;291.1;Grégoire SAUCY;;LMP2;;United Autosports;Oreca;GF;27.389;38.29;28.829
22;2;53;01:37.5;0;;28.259;0;39.45;0;29.745;0;172;02:33.7;02:34.5;00:28.3;00:39.5;00:29.7;291.9;Grégoire SAUCY;;LMP2;;United Autosports;Oreca;GF;28.259;39.45;29.745
22;2;54;01:48.2;0;;28.242;0;38.689;0;41.258;0;155;04:21.9;04:22.7;00:28.2;00:38.7;00:41.3;284.2;Grégoire SAUCY;;LMP2;;United Autosports;Oreca;FCY;28.242;38.689;41.258
22;2;55;02:48.1;0;;01:13.4;0;01:05.8;0;28.871;0;99.7;07:10.0;07:10.8;01:13.4;01:05.8;00:28.9;;Grégoire SAUCY;;LMP2;;United Autosports;Oreca;GF;73.445;65.804;28.871
22;2;56;01:34.4;0;;27.613;0;38.701;0;28.051;0;177.7;08:44.3;08:45.1;00:27.6;00:38.7;00:28.1;289.5;Grégoire SAUCY;;LMP2;;United Autosports;Oreca;GF;27.613;38.701;28.051
22;2;57;01:33.5;0;;27.472;0;37.93;0;28.07;0;179.4;10:17.8;10:18.6;00:27.5;00:37.9;00:28.1;291.1;Grégoire SAUCY;;LMP2;;United Autosports;Oreca;GF;27.472;37.93;28.07
22;2;58;01:34.7;0;;28.155;0;38.319;0;28.265;0;177;11:52.6;11:53.3;00:28.2;00:38.3;00:28.3;291.1;Grégoire SAUCY;;LMP2;;United Autosports;Oreca;GF;28.155;38.319;28.265
22;2;59;01:33.8;0;;27.816;0;37.917;0;28.097;0;178.7;13:26.4;13:27.2;00:27.8;00:37.9;00:28.1;290.3;Grégoire SAUCY;;LMP2;;United Autosports;Oreca;GF;27.816;37.917;28.097
22;2;60;01:33.4;0;;27.338;0;37.98;0;28.049;0;179.6;14:59.7;15:00.5;00:27.3;00:38.0;00:28.0;291.1;Grégoire SAUCY;;LMP2;;United Autosports;Oreca;GF;27.338;37.98;28.049
22;2;61;01:33.7;0;;27.621;0;37.995;0;28.099;0;178.9;16:33.5;16:34.3;00:27.6;00:38.0;00:28.1;291.9;Grégoire SAUCY;;LMP2;;United Autosports;Oreca;GF;27.621;37.995;28.099
22;2;62;01:33.8;0;;27.238;0;38.106;0;28.411;0;178.8;18:07.2;18:08.0;00:27.2;00:38.1;00:28.4;291.9;Grégoire SAUCY;;LMP2;;United Autosports;Oreca;GF;27.238;38.106;28.411
22;2;63;01:35.3;0;;28.871;0;38.277;0;28.14;0;175.9;19:42.5;19:43.3;00:28.9;00:38.3;00:28.1;286.5;Grégoire SAUCY;;LMP2;;United Autosports;Oreca;GF;28.871;38.277;28.14
22;2;64;01:35.3;0;;27.343;0;38.465;0;29.494;0;175.9;21:17.8;21:18.6;00:27.3;00:38.5;00:29.5;291.1;Grégoire SAUCY;;LMP2;;United Autosports;Oreca;GF;27.343;38.465;29.494
22;2;65;01:36.2;0;;28.231;0;38.413;0;29.544;0;174.3;22:54.0;22:54.8;00:28.2;00:38.4;00:29.5;289.5;Grégoire SAUCY;;LMP2;;United Autosports;Oreca;GF;28.231;38.413;29.544
22;2;66;01:33.9;0;;27.33;0;38.365;0;28.177;0;178.6;24:27.9;24:28.7;00:27.3;00:38.4;00:28.2;291.9;Grégoire SAUCY;;LMP2;;United Autosports;Oreca;GF;27.33;38.365;28.177
22;2;67;01:34.9;0;;28.096;0;38.325;0;28.509;0;176.6;26:02.8;26:03.6;00:28.1;00:38.3;00:28.5;291.9;Grégoire SAUCY;;LMP2;;United Autosports;Oreca;GF;28.096;38.325;28.509
22;2;68;01:33.6;0;;27.305;0;37.985;0;28.358;0;179;27:36.4;27:37.2;00:27.3;00:38.0;00:28.4;289.5;Grégoire SAUCY;;LMP2;;United Autosports;Oreca;GF;27.305;37.985;28.358
22;2;69;01:34.5;0;;27.667;0;38.486;0;28.298;0;177.5;29:10.9;29:11.7;00:27.7;00:38.5;00:28.3;290.3;Grégoire SAUCY;;LMP2;;United Autosports;Oreca;GF;27.667;38.486;28.298
22;2;70;01:35.1;0;;27.579;0;38.684;0;28.885;0;176.2;30:46.0;30:46.8;00:27.6;00:38.7;00:28.9;290.3;Grégoire SAUCY;;LMP2;;United Autosports;Oreca;GF;27.579;38.684;28.885
22;2;71;02:32.6;0;;28.007;0;01:08.0;0;56.593;0;109.8;33:18.7;33:19.5;00:28.0;01:08.0;00:56.6;291.1;Grégoire SAUCY;;LMP2;;United Autosports;Oreca;GF;28.007;68.043;56.593
22;2;72;03:29.9;0;B;01:13.1;0;01:19.2;0;57.564;0;79.9;36:48.6;36:49.4;01:13.1;01:19.2;00:57.6;;Grégoire SAUCY;;LMP2;;United Autosports;Oreca;GF;73.115;79.189;57.564
22;2;73;04:13.8;0;;02:12.9;0;01:04.0;0;56.919;0;66.1;41:02.3;41:03.1;02:12.9;01:04.0;00:56.9;;Grégoire SAUCY;01:20.7;LMP2;;United Autosports;Oreca;SF;132.868;63.999;56.919
22;2;74;03:26.7;0;;58.981;0;01:25.2;0;01:02.5;0;81.1;44:29.0;44:29.8;00:59.0;01:25.2;01:02.5;;Grégoire SAUCY;;LMP2;;United Autosports;Oreca;SF;58.981;85.18;62.542
22;2;75;02:51.6;0;;01:05.9;0;01:05.1;0;40.614;0;97.7;47:20.6;47:21.4;01:05.9;01:05.1;00:40.6;;Grégoire SAUCY;;LMP2;;United Autosports;Oreca;SF;65.908;65.066;40.614
22;2;76;02:21.8;0;;41.679;0;51.375;0;48.756;0;118.2;49:42.4;49:43.2;00:41.7;00:51.4;00:48.8;184.3;Grégoire SAUCY;;LMP2;;United Autosports;Oreca;GF;41.679;51.375;48.756
22;2;77;01:34.1;0;;28.022;0;38.075;0;28.046;0;178.1;51:16.6;51:17.4;00:28.0;00:38.1;00:28.0;287.2;Grégoire SAUCY;;LMP2;;United Autosports;Oreca;GF;28.022;38.075;28.046
22;2;78;01:32.8;0;;27.335;0;37.709;0;27.748;0;180.7;52:49.4;52:50.2;00:27.3;00:37.7;00:27.7;289.5;Grégoire SAUCY;;LMP2;;United Autosports;Oreca;GF;27.335;37.709;27.748
22;2;79;01:32.5;0;;27.154;0;37.687;0;27.675;0;181.2;54:21.9;54:22.7;00:27.2;00:37.7;00:27.7;288;Grégoire SAUCY;;LMP2;;United Autosports;Oreca;GF;27.154;37.687;27.675
22;2;80;01:32.4;0;;27.02;0;37.676;0;27.695;0;181.5;55:54.3;55:55.1;00:27.0;00:37.7;00:27.7;290.3;Grégoire SAUCY;;LMP2;;United Autosports;Oreca;GF;27.02;37.676;27.695
22;2;81;01:32.5;0;;27.028;0;37.697;0;27.768;0;181.3;57:26.8;57:27.6;00:27.0;00:37.7;00:27.8;290.3;Grégoire SAUCY;;LMP2;;United Autosports;Oreca;GF;27.028;37.697;27.768
22;2;82;01:33.3;0;;26.977;0;37.824;0;28.451;0;179.8;59:00.0;59:00.8;00:27.0;00:37.8;00:28.5;291.1;Grégoire SAUCY;;LMP2;;United Autosports;Oreca;GF;26.977;37.824;28.451
22;2;83;01:33.9;0;;27.581;0;38;0;28.357;0;178.5;00:34.0;00:34.8;00:27.6;00:38.0;00:28.4;289.5;Grégoire SAUCY;;LMP2;;United Autosports;Oreca;GF;27.581;38;28.357
22;2;84;01:35.7;0;;27.46;0;38.496;0;29.745;0;175.2;02:09.7;02:10.5;00:27.5;00:38.5;00:29.7;289.5;Grégoire SAUCY;;LMP2;;United Autosports;Oreca;GF;27.46;38.496;29.745
22;2;85;01:57.2;0;;28.579;0;38.784;0;49.802;0;143.1;04:06.8;04:07.6;00:28.6;00:38.8;00:49.8;289.5;Grégoire SAUCY;;LMP2;;United Autosports;Oreca;FCY;28.579;38.784;49.802
22;2;86;02:39.5;0;;01:12.9;0;58.243;0;28.341;0;105.1;06:46.3;06:47.1;01:12.9;00:58.2;00:28.3;;Grégoire SAUCY;;LMP2;;United Autosports;Oreca;GF;72.925;58.243;28.341
22;2;87;01:34.8;0;;27.933;0;38.812;0;28.073;0;176.8;08:21.2;08:22.0;00:27.9;00:38.8;00:28.1;288.8;Grégoire SAUCY;;LMP2;;United Autosports;Oreca;GF;27.933;38.812;28.073
22;2;88;01:33.0;0;;27.219;0;37.826;0;27.919;0;180.3;09:54.1;09:54.9;00:27.2;00:37.8;00:27.9;290.3;Grégoire SAUCY;;LMP2;;United Autosports;Oreca;GF;27.219;37.826;27.919
22;2;89;01:33.2;0;;27.301;0;37.875;0;27.993;0;179.9;11:27.3;11:28.1;00:27.3;00:37.9;00:28.0;291.1;Grégoire SAUCY;;LMP2;;United Autosports;Oreca;GF;27.301;37.875;27.993
22;2;90;01:32.3;0;;26.944;1;37.578;0;27.732;0;181.7;12:59.5;13:00.3;00:26.9;00:37.6;00:27.7;291.1;Grégoire SAUCY;;LMP2;;United Autosports;Oreca;GF;26.944;37.578;27.732
22;2;91;01:35.2;0;;27.629;0;38.039;0;29.505;0;176.2;14:34.7;14:35.5;00:27.6;00:38.0;00:29.5;288.8;Grégoire SAUCY;;LMP2;;United Autosports;Oreca;GF;27.629;38.039;29.505
22;2;92;01:33.6;0;;27.449;0;38.126;0;27.983;0;179.2;16:08.3;16:09.1;00:27.4;00:38.1;00:28.0;291.1;Grégoire SAUCY;;LMP2;;United Autosports;Oreca;GF;27.449;38.126;27.983
22;2;93;01:33.5;0;;27.028;0;38.412;0;28.088;0;179.3;17:41.8;17:42.6;00:27.0;00:38.4;00:28.1;291.1;Grégoire SAUCY;;LMP2;;United Autosports;Oreca;GF;27.028;38.412;28.088
22;2;94;01:33.8;0;;27.591;0;37.97;0;28.258;0;178.7;19:15.6;19:16.4;00:27.6;00:38.0;00:28.3;288.8;Grégoire SAUCY;;LMP2;;United Autosports;Oreca;GF;27.591;37.97;28.258
22;2;95;01:35.0;0;;27.378;0;39.207;0;28.414;0;176.5;20:50.6;20:51.4;00:27.4;00:39.2;00:28.4;291.1;Grégoire SAUCY;;LMP2;;United Autosports;Oreca;GF;27.378;39.207;28.414
22;2;96;02:43.5;0;B;49.406;0;01:19.3;0;34.8;0;102.5;23:34.1;23:34.9;00:49.4;01:19.3;00:34.8;259;Grégoire SAUCY;;LMP2;;United Autosports;Oreca;GF;49.406;79.285;34.8
22;3;97;02:55.1;0;;01:45.7;0;40.004;0;29.398;0;95.7;26:29.3;26:30.1;01:45.7;00:40.0;00:29.4;205.7;Benjamin HANLEY;01:19.2;LMP2;;United Autosports;Oreca;GF;105.742;40.004;29.398
22;3;98;01:34.3;0;;27.755;0;38.252;0;28.288;0;177.8;28:03.6;28:04.4;00:27.8;00:38.3;00:28.3;286.5;Benjamin HANLEY;;LMP2;;United Autosports;Oreca;GF;27.755;38.252;28.288
22;3;99;01:33.1;0;;27.314;0;37.651;1;28.135;0;180.1;29:36.7;29:37.5;00:27.3;00:37.7;00:28.1;288.8;Benjamin HANLEY;;LMP2;;United Autosports;Oreca;GF;27.314;37.651;28.135
22;3;100;01:33.4;0;;27.2;0;37.888;0;28.335;0;179.5;31:10.1;31:10.9;00:27.2;00:37.9;00:28.3;290.3;Benjamin HANLEY;;LMP2;;United Autosports;Oreca;GF;27.2;37.888;28.335
22;3;101;01:33.6;0;;27.302;0;38.292;0;28.019;0;179.1;32:43.7;32:44.5;00:27.3;00:38.3;00:28.0;289.5;Benjamin HANLEY;;LMP2;;United Autosports;Oreca;GF;27.302;38.292;28.019
22;3;102;01:33.5;0;;27.34;0;38.021;0;28.131;0;179.3;34:17.2;34:18.0;00:27.3;00:38.0;00:28.1;291.1;Benjamin HANLEY;;LMP2;;United Autosports;Oreca;GF;27.34;38.021;28.131
22;3;103;01:34.5;0;;27.742;0;38.405;0;28.312;0;177.5;35:51.6;35:52.4;00:27.7;00:38.4;00:28.3;291.9;Benjamin HANLEY;;LMP2;;United Autosports;Oreca;GF;27.742;38.405;28.312
22;3;104;01:33.7;0;;27.508;0;38.092;0;28.078;0;179;37:25.3;37:26.1;00:27.5;00:38.1;00:28.1;291.9;Benjamin HANLEY;;LMP2;;United Autosports;Oreca;GF;27.508;38.092;28.078
22;3;105;01:34.5;0;;27.48;0;38.808;0;28.162;0;177.5;38:59.8;39:00.6;00:27.5;00:38.8;00:28.2;291.9;Benjamin HANLEY;;LMP2;;United Autosports;Oreca;GF;27.48;38.808;28.162
22;3;106;01:34.8;0;;27.43;0;38.21;0;29.138;0;176.9;40:34.5;40:35.3;00:27.4;00:38.2;00:29.1;291.1;Benjamin HANLEY;;LMP2;;United Autosports;Oreca;GF;27.43;38.21;29.138
22;3;107;01:34.3;0;;27.444;0;38.239;0;28.605;0;177.8;42:08.8;42:09.6;00:27.4;00:38.2;00:28.6;288;Benjamin HANLEY;;LMP2;;United Autosports;Oreca;GF;27.444;38.239;28.605
22;3;108;01:33.5;0;;27.236;0;38.252;0;28.003;1;179.3;43:42.3;43:43.1;00:27.2;00:38.3;00:28.0;291.1;Benjamin HANLEY;;LMP2;;United Autosports;Oreca;GF;27.236;38.252;28.003
22;3;109;01:35.1;0;;28.087;0;38.727;0;28.273;0;176.3;45:17.4;45:18.2;00:28.1;00:38.7;00:28.3;291.1;Benjamin HANLEY;;LMP2;;United Autosports;Oreca;GF;28.087;38.727;28.273
22;3;110;01:33.6;0;;27.334;0;38.22;0;28.015;0;179.2;46:51.0;46:51.8;00:27.3;00:38.2;00:28.0;289.5;Benjamin HANLEY;;LMP2;;United Autosports;Oreca;GF;27.334;38.22;28.015
22;3;111;01:33.4;0;;27.18;0;38.186;0;28.026;0;179.5;48:24.4;48:25.2;00:27.2;00:38.2;00:28.0;290.3;Benjamin HANLEY;;LMP2;;United Autosports;Oreca;GF;27.18;38.186;28.026
22;3;112;01:34.4;0;;27.122;0;38.53;0;28.734;0;177.6;49:58.8;49:59.6;00:27.1;00:38.5;00:28.7;290.3;Benjamin HANLEY;;LMP2;;United Autosports;Oreca;GF;27.122;38.53;28.734
22;3;113;01:33.5;0;;27.223;0;38.144;0;28.127;0;179.3;51:32.3;51:33.1;00:27.2;00:38.1;00:28.1;289.5;Benjamin HANLEY;;LMP2;;United Autosports;Oreca;GF;27.223;38.144;28.127
22;3;114;01:34.0;0;;27.48;0;38.399;0;28.084;0;178.4;53:06.2;53:07.0;00:27.5;00:38.4;00:28.1;291.1;Benjamin HANLEY;;LMP2;;United Autosports;Oreca;GF;27.48;38.399;28.084
22;3;115;01:33.3;0;;27.093;1;38.007;0;28.248;0;179.6;54:39.6;54:40.4;00:27.1;00:38.0;00:28.2;291.1;Benjamin HANLEY;;LMP2;;United Autosports;Oreca;GF;27.093;38.007;28.248
22;3;116;01:34.6;0;;28.148;0;38.129;0;28.296;0;177.3;56:14.1;56:14.9;00:28.1;00:38.1;00:28.3;290.3;Benjamin HANLEY;;LMP2;;United Autosports;Oreca;GF;28.148;38.129;28.296
22;3;117;01:35.3;0;;28.086;0;38.865;0;28.332;0;176;57:49.4;57:50.2;00:28.1;00:38.9;00:28.3;291.1;Benjamin HANLEY;;LMP2;;United Autosports;Oreca;GF;28.086;38.865;28.332
22;3;118;01:35.6;0;;27.482;0;39.664;0;28.469;0;175.3;59:25.0;59:25.8;00:27.5;00:39.7;00:28.5;291.1;Benjamin HANLEY;;LMP2;;United Autosports;Oreca;GF;27.482;39.664;28.469
22;3;119;01:34.8;0;;27.338;0;38.285;0;29.156;0;176.9;00:59.8;01:00.6;00:27.3;00:38.3;00:29.2;291.1;Benjamin HANLEY;;LMP2;;United Autosports;Oreca;GF;27.338;38.285;29.156
22;3;120;01:35.9;0;;27.896;0;38.346;0;29.705;0;174.7;02:35.8;02:36.6;00:27.9;00:38.3;00:29.7;289.5;Benjamin HANLEY;;LMP2;;United Autosports;Oreca;GF;27.896;38.346;29.705
22;3;121;01:34.1;0;;27.39;0;38.312;0;28.392;0;178.2;04:09.9;04:10.7;00:27.4;00:38.3;00:28.4;289.5;Benjamin HANLEY;;LMP2;;United Autosports;Oreca;GF;27.39;38.312;28.392
22;3;122;01:39.7;0;B;27.338;0;38.314;0;34.018;0;168.2;05:49.5;05:50.3;00:27.3;00:38.3;00:34.0;290.3;Benjamin HANLEY;;LMP2;;United Autosports;Oreca;GF;27.338;38.314;34.018
22;3;123;02:18.8;0;;01:09.5;0;39.245;0;30.033;0;120.8;08:08.4;08:09.1;01:09.5;00:39.2;00:30.0;209.3;Benjamin HANLEY;00:45.5;LMP2;;United Autosports;Oreca;GF;69.547;39.245;30.033
22;3;124;01:36.1;0;;27.961;0;38.698;0;29.409;0;174.5;09:44.4;09:45.2;00:28.0;00:38.7;00:29.4;288;Benjamin HANLEY;;LMP2;;United Autosports;Oreca;GF;27.961;38.698;29.409
22;3;125;01:34.7;0;;27.794;0;38.497;0;28.44;0;177;11:19.1;11:19.9;00:27.8;00:38.5;00:28.4;287.2;Benjamin HANLEY;;LMP2;;United Autosports;Oreca;GF;27.794;38.497;28.44
22;3;126;01:34.3;0;;27.494;0;38.398;0;28.456;0;177.7;12:53.5;12:54.3;00:27.5;00:38.4;00:28.5;289.5;Benjamin HANLEY;;LMP2;;United Autosports;Oreca;GF;27.494;38.398;28.456
22;3;127;01:36.5;0;;27.564;0;38.825;0;30.074;0;173.8;14:30.0;14:30.8;00:27.6;00:38.8;00:30.1;290.3;Benjamin HANLEY;;LMP2;;United Autosports;Oreca;GF;27.564;38.825;30.074
22;3;128;01:37.1;0;;28.423;0;39.044;0;29.602;0;172.7;16:07.0;16:07.8;00:28.4;00:39.0;00:29.6;290.3;Benjamin HANLEY;;LMP2;;United Autosports;Oreca;GF;28.423;39.044;29.602
22;3;129;01:35.4;0;;27.755;0;38.845;0;28.806;0;175.7;17:42.4;17:43.2;00:27.8;00:38.8;00:28.8;290.3;Benjamin HANLEY;;LMP2;;United Autosports;Oreca;GF;27.755;38.845;28.806
22;3;130;01:35.8;0;;28.116;0;38.83;0;28.897;0;174.9;19:18.3;19:19.1;00:28.1;00:38.8;00:28.9;290.3;Benjamin HANLEY;;LMP2;;United Autosports;Oreca;GF;28.116;38.83;28.897
22;3;131;01:35.6;0;;27.878;0;38.581;0;29.114;0;175.4;20:53.9;20:54.6;00:27.9;00:38.6;00:29.1;290.3;Benjamin HANLEY;;LMP2;;United Autosports;Oreca;GF;27.878;38.581;29.114
22;3;132;01:34.8;0;;27.512;0;38.544;0;28.712;0;176.9;22:28.6;22:29.4;00:27.5;00:38.5;00:28.7;290.3;Benjamin HANLEY;;LMP2;;United Autosports;Oreca;GF;27.512;38.544;28.712
22;3;133;01:35.6;0;;27.658;0;39.404;0;28.528;0;175.4;24:04.2;24:05.0;00:27.7;00:39.4;00:28.5;291.1;Benjamin HANLEY;;LMP2;;United Autosports;Oreca;GF;27.658;39.404;28.528
22;3;134;01:35.8;0;;27.658;0;38.923;0;29.2;0;175;25:40.0;25:40.8;00:27.7;00:38.9;00:29.2;290.3;Benjamin HANLEY;;LMP2;;United Autosports;Oreca;GF;27.658;38.923;29.2
22;3;135;01:36.9;0;;28.934;0;39.123;0;28.846;0;173;27:16.9;27:17.7;00:28.9;00:39.1;00:28.8;289.5;Benjamin HANLEY;;LMP2;;United Autosports;Oreca;FF;28.934;39.123;28.846
23;1;1;02:37.0;0;;50.643;0;01:01.5;0;44.773;0;103.6;02:37.0;02:37.8;00:50.6;01:01.5;00:44.8;;Michael BIRCH;;LMGT3;;United Autosports;McLaren;SF;50.643;61.55;44.773
23;1;2;28:20.5;0;;01:28.6;0;01:15.8;0;25:36.1;0;9.9;30:57.4;30:58.2;01:28.6;01:15.8;25:36.1;;Michael BIRCH;;LMGT3;;United Autosports;McLaren;SF;88.624;75.782;1536.072
23;1;3;02:40.3;0;;50.55;0;01:06.5;0;43.245;0;104.6;33:37.7;33:38.5;00:50.5;01:06.5;00:43.2;129.3;Michael BIRCH;;LMGT3;;United Autosports;McLaren;SF;50.55;66.486;43.245
23;1;4;02:12.2;0;;47.943;0;48.208;0;36.069;0;126.8;35:49.9;35:50.7;00:47.9;00:48.2;00:36.1;138.8;Michael BIRCH;;LMGT3;;United Autosports;McLaren;GF;47.943;48.208;36.069
23;1;5;01:47.0;0;;31.833;0;43.126;0;32.051;0;156.7;37:37.0;37:37.8;00:31.8;00:43.1;00:32.1;255.9;Michael BIRCH;;LMGT3;;United Autosports;McLaren;GF;31.833;43.126;32.051
23;1;6;01:48.3;0;;33.464;0;43.091;0;31.742;0;154.8;39:25.3;39:26.0;00:33.5;00:43.1;00:31.7;255.9;Michael BIRCH;;LMGT3;;United Autosports;McLaren;GF;33.464;43.091;31.742
23;1;7;01:47.0;0;;31.604;1;42.761;0;32.619;0;156.7;41:12.2;41:13.0;00:31.6;00:42.8;00:32.6;256.5;Michael BIRCH;;LMGT3;;United Autosports;McLaren;GF;31.604;42.761;32.619
23;1;8;01:46.3;0;;31.836;0;42.821;0;31.617;1;157.8;42:58.5;42:59.3;00:31.8;00:42.8;00:31.6;256.5;Michael BIRCH;;LMGT3;;United Autosports;McLaren;GF;31.836;42.821;31.617
23;1;9;01:47.1;0;;31.858;0;42.687;1;32.509;0;156.6;44:45.6;44:46.4;00:31.9;00:42.7;00:32.5;255.3;Michael BIRCH;;LMGT3;;United Autosports;McLaren;GF;31.858;42.687;32.509
23;1;10;01:49.6;0;;33.196;0;43.497;0;32.899;0;153;46:35.2;46:36.0;00:33.2;00:43.5;00:32.9;255.3;Michael BIRCH;;LMGT3;;United Autosports;McLaren;GF;33.196;43.497;32.899
23;1;11;01:47.8;0;;32.874;0;43.058;0;31.884;0;155.5;48:23.0;48:23.8;00:32.9;00:43.1;00:31.9;255.3;Michael BIRCH;;LMGT3;;United Autosports;McLaren;GF;32.874;43.058;31.884
23;1;12;01:47.1;0;;32.01;0;43.245;0;31.814;0;156.6;50:10.0;50:10.8;00:32.0;00:43.2;00:31.8;255.9;Michael BIRCH;;LMGT3;;United Autosports;McLaren;GF;32.01;43.245;31.814
23;1;13;01:46.5;0;;32.007;0;42.708;0;31.782;0;157.4;51:56.5;51:57.3;00:32.0;00:42.7;00:31.8;254.1;Michael BIRCH;;LMGT3;;United Autosports;McLaren;GF;32.007;42.708;31.782
23;1;14;01:46.8;0;;31.787;0;43.006;0;31.995;0;157;53:43.3;53:44.1;00:31.8;00:43.0;00:32.0;252.9;Michael BIRCH;;LMGT3;;United Autosports;McLaren;GF;31.787;43.006;31.995
23;1;15;01:46.9;0;;32.061;0;42.791;0;32.006;0;156.9;55:30.2;55:31.0;00:32.1;00:42.8;00:32.0;253.5;Michael BIRCH;;LMGT3;;United Autosports;McLaren;GF;32.061;42.791;32.006
23;1;16;01:47.4;0;;31.778;0;43.22;0;32.448;0;156;57:17.6;57:18.4;00:31.8;00:43.2;00:32.4;253.5;Michael BIRCH;;LMGT3;;United Autosports;McLaren;GF;31.778;43.22;32.448
23;1;17;01:47.7;0;;31.884;0;43.217;0;32.557;0;155.7;59:05.3;59:06.1;00:31.9;00:43.2;00:32.6;254.1;Michael BIRCH;;LMGT3;;United Autosports;McLaren;GF;31.884;43.217;32.557
23;1;18;01:48.6;0;;31.946;0;43.571;0;33.108;0;154.3;00:53.9;00:54.7;00:31.9;00:43.6;00:33.1;255.3;Michael BIRCH;;LMGT3;;United Autosports;McLaren;GF;31.946;43.571;33.108
23;1;19;01:48.3;0;;32.144;0;43.669;0;32.46;0;154.8;02:42.2;02:43.0;00:32.1;00:43.7;00:32.5;254.1;Michael BIRCH;;LMGT3;;United Autosports;McLaren;GF;32.144;43.669;32.46
23;1;20;01:49.9;0;;32.688;0;43.915;0;33.304;0;152.5;04:32.1;04:32.9;00:32.7;00:43.9;00:33.3;255.9;Michael BIRCH;;LMGT3;;United Autosports;McLaren;GF;32.688;43.915;33.304
23;1;21;01:49.0;0;;32.92;0;43.546;0;32.583;0;153.7;06:21.1;06:21.9;00:32.9;00:43.5;00:32.6;244.3;Michael BIRCH;;LMGT3;;United Autosports;McLaren;GF;32.92;43.546;32.583
23;1;22;01:47.5;0;;32.158;0;43.267;0;32.078;0;156;08:08.6;08:09.4;00:32.2;00:43.3;00:32.1;254.1;Michael BIRCH;;LMGT3;;United Autosports;McLaren;GF;32.158;43.267;32.078
23;1;23;01:47.4;0;;32.048;0;43.304;0;32.089;0;156;09:56.1;09:56.9;00:32.0;00:43.3;00:32.1;255.3;Michael BIRCH;;LMGT3;;United Autosports;McLaren;GF;32.048;43.304;32.089
23;1;24;01:48.5;0;;32.781;0;43.261;0;32.492;0;154.5;11:44.6;11:45.4;00:32.8;00:43.3;00:32.5;255.3;Michael BIRCH;;LMGT3;;United Autosports;McLaren;GF;32.781;43.261;32.492
23;1;25;01:47.5;0;;31.945;0;43.146;0;32.453;0;155.9;13:32.2;13:33.0;00:31.9;00:43.1;00:32.5;254.7;Michael BIRCH;;LMGT3;;United Autosports;McLaren;GF;31.945;43.146;32.453
23;1;26;01:48.7;0;;31.915;0;43.609;0;33.157;0;154.3;15:20.8;15:21.6;00:31.9;00:43.6;00:33.2;253.5;Michael BIRCH;;LMGT3;;United Autosports;McLaren;GF;31.915;43.609;33.157
23;1;27;01:49.8;0;;32.7;0;44.243;0;32.826;0;152.7;17:10.6;17:11.4;00:32.7;00:44.2;00:32.8;254.7;Michael BIRCH;;LMGT3;;United Autosports;McLaren;GF;32.7;44.243;32.826
23;1;28;01:49.0;0;;32.49;0;43.673;0;32.856;0;153.8;18:59.6;19:00.4;00:32.5;00:43.7;00:32.9;253.5;Michael BIRCH;;LMGT3;;United Autosports;McLaren;GF;32.49;43.673;32.856
23;1;29;01:48.2;0;;31.998;0;43.306;0;32.89;0;155;20:47.8;20:48.6;00:32.0;00:43.3;00:32.9;252.9;Michael BIRCH;;LMGT3;;United Autosports;McLaren;GF;31.998;43.306;32.89
23;1;30;01:49.0;0;;32.173;0;43.549;0;33.259;0;153.8;22:36.8;22:37.6;00:32.2;00:43.5;00:33.3;253.5;Michael BIRCH;;LMGT3;;United Autosports;McLaren;GF;32.173;43.549;33.259
23;1;31;01:50.9;0;;32.814;0;45.052;0;33.079;0;151.1;24:27.8;24:28.5;00:32.8;00:45.1;00:33.1;254.1;Michael BIRCH;;LMGT3;;United Autosports;McLaren;GF;32.814;45.052;33.079
23;1;32;01:49.1;0;;32.339;0;43.818;0;32.962;0;153.6;26:16.9;26:17.7;00:32.3;00:43.8;00:33.0;254.1;Michael BIRCH;;LMGT3;;United Autosports;McLaren;GF;32.339;43.818;32.962
23;1;33;01:49.5;0;;32.36;0;43.818;0;33.308;0;153.1;28:06.4;28:07.2;00:32.4;00:43.8;00:33.3;254.7;Michael BIRCH;;LMGT3;;United Autosports;McLaren;GF;32.36;43.818;33.308
23;1;34;01:49.2;0;;32.817;0;43.633;0;32.735;0;153.5;29:55.5;29:56.3;00:32.8;00:43.6;00:32.7;256.5;Michael BIRCH;;LMGT3;;United Autosports;McLaren;GF;32.817;43.633;32.735
23;1;35;01:48.5;0;;32.1;0;43.558;0;32.837;0;154.5;31:44.0;31:44.8;00:32.1;00:43.6;00:32.8;255.3;Michael BIRCH;;LMGT3;;United Autosports;McLaren;GF;32.1;43.558;32.837
23;1;36;01:49.7;0;;32.657;0;43.863;0;33.167;0;152.8;33:33.7;33:34.5;00:32.7;00:43.9;00:33.2;254.7;Michael BIRCH;;LMGT3;;United Autosports;McLaren;GF;32.657;43.863;33.167
23;1;37;02:57.7;0;B;42.338;0;01:18.6;0;56.744;0;94.3;36:31.5;36:32.2;00:42.3;01:18.6;00:56.7;255.3;Michael BIRCH;;LMGT3;;United Autosports;McLaren;GF;42.338;78.646;56.744
23;1;38;04:54.4;0;;02:36.5;0;01:20.3;0;57.577;0;56.9;41:25.9;41:26.7;02:36.5;01:20.3;00:57.6;;Michael BIRCH;01:40.8;LMGT3;;United Autosports;McLaren;SF;156.527;80.344;57.577
23;1;39;02:22.3;0;;53.345;0;51.411;0;37.528;0;117.8;43:48.2;43:49.0;00:53.3;00:51.4;00:37.5;121.3;Michael BIRCH;;LMGT3;;United Autosports;McLaren;SF;53.345;51.411;37.528
23;1;40;02:57.7;0;;37.062;0;01:18.6;0;01:02.0;0;94.4;46:45.9;46:46.7;00:37.1;01:18.6;01:02.0;190.5;Michael BIRCH;;LMGT3;;United Autosports;McLaren;SF;37.062;78.594;62.031
23;1;41;02:58.2;0;;01:09.2;0;01:06.9;0;42.168;0;94.1;49:44.1;49:44.9;01:09.2;01:06.9;00:42.2;;Michael BIRCH;;LMGT3;;United Autosports;McLaren;SF;69.191;66.866;42.168
23;1;42;02:11.0;0;;39.461;0;51.729;0;39.854;0;127.9;51:55.1;51:55.9;00:39.5;00:51.7;00:39.9;206.1;Michael BIRCH;;LMGT3;;United Autosports;McLaren;GF;39.461;51.729;39.854
23;1;43;01:47.4;0;;32.324;0;43.068;0;31.995;0;156.1;53:42.5;53:43.3;00:32.3;00:43.1;00:32.0;254.7;Michael BIRCH;;LMGT3;;United Autosports;McLaren;GF;32.324;43.068;31.995
23;1;44;01:47.9;0;;31.921;0;43.485;0;32.464;0;155.4;55:30.4;55:31.2;00:31.9;00:43.5;00:32.5;253.5;Michael BIRCH;;LMGT3;;United Autosports;McLaren;GF;31.921;43.485;32.464
23;1;45;01:47.5;0;;31.754;0;43.063;0;32.638;0;156;57:17.9;57:18.6;00:31.8;00:43.1;00:32.6;252.3;Michael BIRCH;;LMGT3;;United Autosports;McLaren;GF;31.754;43.063;32.638
23;1;46;01:54.7;0;B;32.139;0;43.854;0;38.707;0;146.2;59:12.6;59:13.3;00:32.1;00:43.9;00:38.7;252.9;Michael BIRCH;;LMGT3;;United Autosports;McLaren;GF;32.139;43.854;38.707
23;3;47;02:35.9;0;;01:23.7;0;41.579;0;30.628;0;107.5;01:48.4;01:49.2;01:23.7;00:41.6;00:30.6;184.6;Wayne BOYD;00:57.1;LMGT3;;United Autosports;McLaren;GF;83.677;41.579;30.628
23;3;48;01:43.0;0;;30.657;2;41.487;0;30.9;0;162.7;03:31.5;03:32.3;00:30.7;00:41.5;00:30.9;251.7;Wayne BOYD;;LMGT3;;United Autosports;McLaren;GF;30.657;41.487;30.9
23;3;49;02:47.6;0;;32.322;0;01:18.9;0;56.382;0;100.1;06:19.0;06:19.8;00:32.3;01:18.9;00:56.4;251.7;Wayne BOYD;;LMGT3;;United Autosports;McLaren;FCY;32.322;78.863;56.382
23;3;50;01:54.0;0;;42.063;0;41.385;0;30.549;2;147.1;08:13.0;08:13.8;00:42.1;00:41.4;00:30.5;204.5;Wayne BOYD;;LMGT3;;United Autosports;McLaren;GF;42.063;41.385;30.549
23;3;51;01:42.6;2;;30.693;0;41.316;0;30.64;0;163.3;09:55.7;09:56.5;00:30.7;00:41.3;00:30.6;252.3;Wayne BOYD;;LMGT3;;United Autosports;McLaren;GF;30.693;41.316;30.64
23;3;52;01:42.7;0;;30.697;0;41.203;2;30.758;0;163.3;11:38.4;11:39.1;00:30.7;00:41.2;00:30.8;252.3;Wayne BOYD;;LMGT3;;United Autosports;McLaren;GF;30.697;41.203;30.758
23;3;53;01:42.9;0;;30.728;0;41.391;0;30.801;0;162.9;13:21.3;13:22.1;00:30.7;00:41.4;00:30.8;252.3;Wayne BOYD;;LMGT3;;United Autosports;McLaren;GF;30.728;41.391;30.801
23;3;54;01:43.9;0;;30.824;0;41.965;0;31.069;0;161.4;15:05.1;15:05.9;00:30.8;00:42.0;00:31.1;252.3;Wayne BOYD;;LMGT3;;United Autosports;McLaren;GF;30.824;41.965;31.069
23;3;55;01:44.5;0;;31.106;0;41.871;0;31.478;0;160.5;16:49.6;16:50.4;00:31.1;00:41.9;00:31.5;252.3;Wayne BOYD;;LMGT3;;United Autosports;McLaren;GF;31.106;41.871;31.478
23;3;56;01:45.0;0;;30.979;0;42.019;0;32.008;0;159.7;18:34.6;18:35.4;00:31.0;00:42.0;00:32.0;254.7;Wayne BOYD;;LMGT3;;United Autosports;McLaren;GF;30.979;42.019;32.008
23;3;57;01:43.8;0;;30.823;0;41.829;0;31.153;0;161.5;20:18.4;20:19.2;00:30.8;00:41.8;00:31.2;254.1;Wayne BOYD;;LMGT3;;United Autosports;McLaren;GF;30.823;41.829;31.153
23;3;58;01:43.3;0;;30.835;0;41.528;0;30.91;0;162.3;22:01.7;22:02.5;00:30.8;00:41.5;00:30.9;253.5;Wayne BOYD;;LMGT3;;United Autosports;McLaren;GF;30.835;41.528;30.91
23;3;59;01:43.7;0;;30.675;0;41.61;0;31.373;0;161.7;23:45.3;23:46.1;00:30.7;00:41.6;00:31.4;252.9;Wayne BOYD;;LMGT3;;United Autosports;McLaren;GF;30.675;41.61;31.373
23;3;60;01:43.5;0;;30.828;0;41.575;0;31.094;0;162;25:28.8;25:29.6;00:30.8;00:41.6;00:31.1;252.9;Wayne BOYD;;LMGT3;;United Autosports;McLaren;GF;30.828;41.575;31.094
23;3;61;01:43.7;0;;30.829;0;41.628;0;31.284;0;161.6;27:12.6;27:13.4;00:30.8;00:41.6;00:31.3;251.2;Wayne BOYD;;LMGT3;;United Autosports;McLaren;GF;30.829;41.628;31.284
23;3;62;01:44.7;0;;31.42;0;41.999;0;31.316;0;160.1;28:57.3;28:58.1;00:31.4;00:42.0;00:31.3;253.5;Wayne BOYD;;LMGT3;;United Autosports;McLaren;GF;31.42;41.999;31.316
23;3;63;01:44.0;0;;30.939;0;41.549;0;31.517;0;161.2;30:41.3;30:42.1;00:30.9;00:41.5;00:31.5;250.6;Wayne BOYD;;LMGT3;;United Autosports;McLaren;GF;30.939;41.549;31.517
23;3;64;02:34.8;0;B;31.072;0;01:07.4;0;56.352;0;108.3;33:16.1;33:16.9;00:31.1;01:07.4;00:56.4;254.7;Wayne BOYD;;LMGT3;;United Autosports;McLaren;GF;31.072;67.366;56.352
23;2;65;04:26.4;0;;02:08.9;0;01:20.1;0;57.333;0;62.9;37:42.5;37:43.3;02:08.9;01:20.1;00:57.3;;Garnet PATTERSON;01:14.0;LMGT3;;United Autosports;McLaren;GF;128.937;80.123;57.333
23;2;66;03:18.8;0;;01:13.3;0;01:08.5;0;57.057;0;84.3;41:01.3;41:02.1;01:13.3;01:08.5;00:57.1;;Garnet PATTERSON;;LMGT3;;United Autosports;McLaren;SF;73.264;68.505;57.057
23;2;67;02:55.0;0;;58.762;0;01:22.3;0;33.983;0;95.8;43:56.4;43:57.2;00:58.8;01:22.3;00:34.0;;Garnet PATTERSON;;LMGT3;;United Autosports;McLaren;SF;58.762;82.304;33.983
23;2;68;01:49.2;0;;33.445;0;43.421;0;32.305;0;153.6;45:45.5;45:46.3;00:33.4;00:43.4;00:32.3;209.3;Garnet PATTERSON;;LMGT3;;United Autosports;McLaren;SF;33.445;43.421;32.305
23;2;69;02:01.3;0;;32.027;0;48.664;0;40.588;0;138.2;47:46.8;47:47.6;00:32.0;00:48.7;00:40.6;245.5;Garnet PATTERSON;;LMGT3;;United Autosports;McLaren;SF;32.027;48.664;40.588
23;2;70;02:11.4;0;;41.014;0;48.298;0;42.072;0;127.6;49:58.2;49:59.0;00:41.0;00:48.3;00:42.1;177;Garnet PATTERSON;;LMGT3;;United Autosports;McLaren;GF;41.014;48.298;42.072
23;2;71;01:43.3;0;;30.994;0;41.517;0;30.747;0;162.4;51:41.5;51:42.3;00:31.0;00:41.5;00:30.7;251.7;Garnet PATTERSON;;LMGT3;;United Autosports;McLaren;GF;30.994;41.517;30.747
23;2;72;01:43.1;0;;30.861;0;41.385;1;30.807;0;162.7;53:24.5;53:25.3;00:30.9;00:41.4;00:30.8;252.9;Garnet PATTERSON;;LMGT3;;United Autosports;McLaren;GF;30.861;41.385;30.807
23;2;73;01:43.4;0;;30.852;0;41.586;0;30.953;0;162.2;55:07.9;55:08.7;00:30.9;00:41.6;00:31.0;252.3;Garnet PATTERSON;;LMGT3;;United Autosports;McLaren;GF;30.852;41.586;30.953
23;2;74;01:43.5;0;;30.814;0;41.76;0;30.913;0;162;56:51.4;56:52.2;00:30.8;00:41.8;00:30.9;253.5;Garnet PATTERSON;;LMGT3;;United Autosports;McLaren;GF;30.814;41.76;30.913
23;2;75;01:43.5;0;;30.708;1;41.671;0;31.081;0;162;58:34.8;58:35.6;00:30.7;00:41.7;00:31.1;250;Garnet PATTERSON;;LMGT3;;United Autosports;McLaren;GF;30.708;41.671;31.081
23;2;76;01:44.5;0;;31.422;0;41.918;0;31.166;0;160.4;00:19.4;00:20.1;00:31.4;00:41.9;00:31.2;250;Garnet PATTERSON;;LMGT3;;United Autosports;McLaren;GF;31.422;41.918;31.166
23;2;77;01:43.9;0;;30.985;0;41.819;0;31.096;0;161.4;02:03.3;02:04.0;00:31.0;00:41.8;00:31.1;249.4;Garnet PATTERSON;;LMGT3;;United Autosports;McLaren;GF;30.985;41.819;31.096
23;2;78;02:02.8;0;;30.863;0;41.755;0;50.223;0;136.5;04:06.1;04:06.9;00:30.9;00:41.8;00:50.2;248.8;Garnet PATTERSON;;LMGT3;;United Autosports;McLaren;FCY;30.863;41.755;50.223
23;2;79;02:44.4;0;;01:12.6;0;01:00.0;0;31.74;0;102;06:50.5;06:51.3;01:12.6;01:00.0;00:31.7;;Garnet PATTERSON;;LMGT3;;United Autosports;McLaren;GF;72.641;60.027;31.74
23;2;80;01:44.4;0;;31.103;0;41.895;0;31.39;0;160.6;08:34.9;08:35.7;00:31.1;00:41.9;00:31.4;251.2;Garnet PATTERSON;;LMGT3;;United Autosports;McLaren;GF;31.103;41.895;31.39
23;2;81;01:43.8;0;;30.926;0;41.472;0;31.45;0;161.4;10:18.7;10:19.5;00:30.9;00:41.5;00:31.4;250.6;Garnet PATTERSON;;LMGT3;;United Autosports;McLaren;GF;30.926;41.472;31.45
23;2;82;01:44.7;0;;31.264;0;42.085;0;31.32;0;160.2;12:03.4;12:04.2;00:31.3;00:42.1;00:31.3;250.6;Garnet PATTERSON;;LMGT3;;United Autosports;McLaren;GF;31.264;42.085;31.32
23;2;83;01:44.5;0;;31.232;0;42.047;0;31.223;0;160.4;13:47.9;13:48.7;00:31.2;00:42.0;00:31.2;251.7;Garnet PATTERSON;;LMGT3;;United Autosports;McLaren;GF;31.232;42.047;31.223
23;2;84;01:44.3;0;;31.19;0;41.875;0;31.253;0;160.7;15:32.2;15:33.0;00:31.2;00:41.9;00:31.3;250.6;Garnet PATTERSON;;LMGT3;;United Autosports;McLaren;GF;31.19;41.875;31.253
23;2;85;01:44.0;0;;30.789;0;41.853;0;31.31;0;161.3;17:16.2;17:17.0;00:30.8;00:41.9;00:31.3;251.2;Garnet PATTERSON;;LMGT3;;United Autosports;McLaren;GF;30.789;41.853;31.31
23;2;86;01:44.3;0;;30.826;0;41.911;0;31.58;0;160.7;19:00.5;19:01.3;00:30.8;00:41.9;00:31.6;251.7;Garnet PATTERSON;;LMGT3;;United Autosports;McLaren;GF;30.826;41.911;31.58
23;2;87;01:44.5;0;;30.975;0;41.865;0;31.639;0;160.5;20:45.0;20:45.8;00:31.0;00:41.9;00:31.6;251.7;Garnet PATTERSON;;LMGT3;;United Autosports;McLaren;GF;30.975;41.865;31.639
23;2;88;02:39.8;0;;45.521;0;01:19.0;0;35.337;0;104.9;23:24.8;23:25.6;00:45.5;01:19.0;00:35.3;251.2;Garnet PATTERSON;;LMGT3;;United Autosports;McLaren;GF;45.521;78.985;35.337
23;2;89;01:43.9;0;;30.94;0;41.829;0;31.146;0;161.3;25:08.7;25:09.5;00:30.9;00:41.8;00:31.1;249.4;Garnet PATTERSON;;LMGT3;;United Autosports;McLaren;GF;30.94;41.829;31.146
23;2;90;01:44.9;0;;31.155;0;42.208;0;31.54;0;159.8;26:53.6;26:54.4;00:31.2;00:42.2;00:31.5;250.6;Garnet PATTERSON;;LMGT3;;United Autosports;McLaren;GF;31.155;42.208;31.54
23;2;91;01:44.7;0;;30.944;0;42.027;0;31.695;0;160.2;28:38.3;28:39.1;00:30.9;00:42.0;00:31.7;250.6;Garnet PATTERSON;;LMGT3;;United Autosports;McLaren;GF;30.944;42.027;31.695
23;2;92;01:44.2;0;;31.023;0;41.949;0;31.22;0;160.9;30:22.5;30:23.3;00:31.0;00:41.9;00:31.2;252.9;Garnet PATTERSON;;LMGT3;;United Autosports;McLaren;GF;31.023;41.949;31.22
23;2;93;01:44.3;0;;30.966;0;42.096;0;31.282;0;160.7;32:06.8;32:07.6;00:31.0;00:42.1;00:31.3;250.6;Garnet PATTERSON;;LMGT3;;United Autosports;McLaren;GF;30.966;42.096;31.282
23;2;94;01:44.6;0;;31.057;0;42.141;0;31.374;0;160.3;33:51.4;33:52.2;00:31.1;00:42.1;00:31.4;251.2;Garnet PATTERSON;;LMGT3;;United Autosports;McLaren;GF;31.057;42.141;31.374
23;2;95;01:44.6;0;;31.148;0;42.185;0;31.289;0;160.2;35:36.0;35:36.8;00:31.1;00:42.2;00:31.3;252.3;Garnet PATTERSON;;LMGT3;;United Autosports;McLaren;GF;31.148;42.185;31.289
23;2;96;01:44.8;0;;31.131;0;42.1;0;31.536;0;160;37:20.8;37:21.6;00:31.1;00:42.1;00:31.5;252.9;Garnet PATTERSON;;LMGT3;;United Autosports;McLaren;GF;31.131;42.1;31.536
23;2;97;01:45.9;0;;31.236;0;42.994;0;31.653;0;158.3;39:06.7;39:07.5;00:31.2;00:43.0;00:31.7;252.3;Garnet PATTERSON;;LMGT3;;United Autosports;McLaren;GF;31.236;42.994;31.653
23;2;98;01:51.1;0;B;31.892;0;42.72;0;36.514;0;150.9;40:57.8;40:58.6;00:31.9;00:42.7;00:36.5;250.6;Garnet PATTERSON;;LMGT3;;United Autosports;McLaren;GF;31.892;42.72;36.514
23;2;99;03:05.0;0;;01:50.6;0;43.033;0;31.335;0;90.6;44:02.8;44:03.6;01:50.6;00:43.0;00:31.3;182.1;Garnet PATTERSON;01:21.6;LMGT3;;United Autosports;McLaren;GF;110.611;43.033;31.335
23;2;100;01:45.1;0;;31.624;0;42.581;0;30.94;0;159.4;45:47.9;45:48.7;00:31.6;00:42.6;00:30.9;254.1;Garnet PATTERSON;;LMGT3;;United Autosports;McLaren;GF;31.624;42.581;30.94
23;2;101;01:43.0;0;;30.762;0;41.64;0;30.628;1;162.7;47:31.0;47:31.8;00:30.8;00:41.6;00:30.6;251.7;Garnet PATTERSON;;LMGT3;;United Autosports;McLaren;GF;30.762;41.64;30.628
23;2;102;01:43.2;0;;30.957;0;41.492;0;30.754;0;162.4;49:14.2;49:15.0;00:31.0;00:41.5;00:30.8;251.2;Garnet PATTERSON;;LMGT3;;United Autosports;McLaren;GF;30.957;41.492;30.754
23;2;103;01:43.5;0;;30.829;0;41.661;0;30.978;0;162;50:57.6;50:58.4;00:30.8;00:41.7;00:31.0;251.2;Garnet PATTERSON;;LMGT3;;United Autosports;McLaren;GF;30.829;41.661;30.978
23;2;104;01:43.3;0;;31.011;0;41.576;0;30.748;0;162.2;52:41.0;52:41.8;00:31.0;00:41.6;00:30.7;251.2;Garnet PATTERSON;;LMGT3;;United Autosports;McLaren;GF;31.011;41.576;30.748
23;2;105;01:44.2;0;;31.158;0;41.989;0;31.012;0;161;54:25.1;54:25.9;00:31.2;00:42.0;00:31.0;251.7;Garnet PATTERSON;;LMGT3;;United Autosports;McLaren;GF;31.158;41.989;31.012
23;2;106;01:43.7;0;;30.823;0;42.061;0;30.846;0;161.6;56:08.9;56:09.7;00:30.8;00:42.1;00:30.8;251.7;Garnet PATTERSON;;LMGT3;;United Autosports;McLaren;GF;30.823;42.061;30.846
23;2;107;01:43.3;0;;30.757;0;41.479;0;31.048;0;162.3;57:52.1;57:52.9;00:30.8;00:41.5;00:31.0;252.3;Garnet PATTERSON;;LMGT3;;United Autosports;McLaren;GF;30.757;41.479;31.048
23;2;108;01:44.1;0;;30.742;0;41.652;0;31.746;0;161;59:36.3;59:37.1;00:30.7;00:41.7;00:31.7;251.7;Garnet PATTERSON;;LMGT3;;United Autosports;McLaren;GF;30.742;41.652;31.746
23;2;109;01:44.3;0;;31.32;0;41.936;0;31;0;160.8;01:20.5;01:21.3;00:31.3;00:41.9;00:31.0;251.7;Garnet PATTERSON;;LMGT3;;United Autosports;McLaren;GF;31.32;41.936;31
23;2;110;01:43.4;0;;30.812;0;41.54;0;31.007;0;162.2;03:03.9;03:04.7;00:30.8;00:41.5;00:31.0;251.7;Garnet PATTERSON;;LMGT3;;United Autosports;McLaren;GF;30.812;41.54;31.007
23;2;111;01:43.8;0;;30.888;0;41.822;0;31.117;0;161.5;04:47.7;04:48.5;00:30.9;00:41.8;00:31.1;251.7;Garnet PATTERSON;;LMGT3;;United Autosports;McLaren;GF;30.888;41.822;31.117
23;2;112;01:44.5;0;;30.959;0;42.489;0;31.053;0;160.4;06:32.2;06:33.0;00:31.0;00:42.5;00:31.1;251.7;Garnet PATTERSON;;LMGT3;;United Autosports;McLaren;GF;30.959;42.489;31.053
23;2;113;01:44.1;0;;31.064;0;41.774;0;31.252;0;161.1;08:16.3;08:17.1;00:31.1;00:41.8;00:31.3;252.3;Garnet PATTERSON;;LMGT3;;United Autosports;McLaren;GF;31.064;41.774;31.252
23;2;114;01:44.8;0;;31.366;0;42.154;0;31.315;0;159.9;10:01.1;10:01.9;00:31.4;00:42.2;00:31.3;253.5;Garnet PATTERSON;;LMGT3;;United Autosports;McLaren;GF;31.366;42.154;31.315
23;2;115;01:46.0;0;;30.99;0;42.758;0;32.203;0;158.2;11:47.1;11:47.9;00:31.0;00:42.8;00:32.2;254.7;Garnet PATTERSON;;LMGT3;;United Autosports;McLaren;GF;30.99;42.758;32.203
23;2;116;01:45.9;0;;31.729;0;42.607;0;31.578;0;158.3;13:33.0;13:33.8;00:31.7;00:42.6;00:31.6;252.9;Garnet PATTERSON;;LMGT3;;United Autosports;McLaren;GF;31.729;42.607;31.578
23;2;117;01:44.2;0;;31.204;0;41.861;0;31.113;0;160.9;15:17.2;15:18.0;00:31.2;00:41.9;00:31.1;255.3;Garnet PATTERSON;;LMGT3;;United Autosports;McLaren;GF;31.204;41.861;31.113
23;2;118;01:44.0;0;;30.995;0;41.685;0;31.349;0;161.2;17:01.2;17:02.0;00:31.0;00:41.7;00:31.3;252.3;Garnet PATTERSON;;LMGT3;;United Autosports;McLaren;GF;30.995;41.685;31.349
23;2;119;01:43.7;0;;30.887;0;41.792;0;31.066;0;161.6;18:45.0;18:45.8;00:30.9;00:41.8;00:31.1;252.3;Garnet PATTERSON;;LMGT3;;United Autosports;McLaren;GF;30.887;41.792;31.066
23;2;120;01:43.9;0;;31.012;0;41.827;0;31.037;0;161.4;20:28.8;20:29.6;00:31.0;00:41.8;00:31.0;252.3;Garnet PATTERSON;;LMGT3;;United Autosports;McLaren;GF;31.012;41.827;31.037
23;2;121;01:43.9;0;;30.954;0;41.874;0;31.056;0;161.4;22:12.7;22:13.5;00:31.0;00:41.9;00:31.1;252.9;Garnet PATTERSON;;LMGT3;;United Autosports;McLaren;GF;30.954;41.874;31.056
23;2;122;01:44.9;0;;31.744;0;41.972;0;31.163;0;159.9;23:57.6;23:58.4;00:31.7;00:42.0;00:31.2;252.9;Garnet PATTERSON;;LMGT3;;United Autosports;McLaren;GF;31.744;41.972;31.163
23;2;123;01:44.8;0;;31.004;0;42.047;0;31.758;0;160;25:42.4;25:43.2;00:31.0;00:42.0;00:31.8;252.9;Garnet PATTERSON;;LMGT3;;United Autosports;McLaren;GF;31.004;42.047;31.758
23;2;124;01:45.1;0;;31.533;0;42.022;0;31.566;0;159.5;27:27.5;27:28.3;00:31.5;00:42.0;00:31.6;253.5;Garnet PATTERSON;;LMGT3;;United Autosports;McLaren;FF;31.533;42.022;31.566
24;1;1;02:05.1;0;;31.26;0;53.091;0;40.764;0;130;02:05.1;02:05.9;00:31.3;00:53.1;00:40.8;;Edward PEARSON;;LMP2;;Nielsen Racing;Oreca;SF;31.26;53.091;40.764
24;1;2;03:51.3;0;;01:09.7;0;01:26.9;0;01:14.8;0;72.5;05:56.4;05:57.2;01:09.7;01:26.9;01:14.8;;Edward PEARSON;;LMP2;;Nielsen Racing;Oreca;RF;69.68;86.85;74.783
24;1;3;27:08.5;0;;25:14.4;0;01:09.0;0;45.072;0;10.3;33:05.0;33:05.8;25:14.4;01:09.0;00:45.1;;Edward PEARSON;;LMP2;;Nielsen Racing;Oreca;SF;1514.425;69.039;45.072
24;1;4;02:24.6;0;;49.208;0;54.538;0;40.902;0;115.9;35:29.6;35:30.4;00:49.2;00:54.5;00:40.9;161.7;Edward PEARSON;;LMP2;;Nielsen Racing;Oreca;GF;49.208;54.538;40.902
24;1;5;01:35.8;0;;28.968;0;38.849;0;28.011;0;175;37:05.4;37:06.2;00:29.0;00:38.8;00:28.0;288.8;Edward PEARSON;;LMP2;;Nielsen Racing;Oreca;GF;28.968;38.849;28.011
24;1;6;01:33.6;0;;27.743;0;37.929;0;27.938;0;179.1;38:39.1;38:39.8;00:27.7;00:37.9;00:27.9;291.9;Edward PEARSON;;LMP2;;Nielsen Racing;Oreca;GF;27.743;37.929;27.938
24;1;7;01:33.4;0;;27.223;0;38.304;0;27.887;0;179.5;40:12.5;40:13.3;00:27.2;00:38.3;00:27.9;292.7;Edward PEARSON;;LMP2;;Nielsen Racing;Oreca;GF;27.223;38.304;27.887
24;1;8;01:33.0;0;;27.392;0;37.562;1;28.089;0;180.2;41:45.5;41:46.3;00:27.4;00:37.6;00:28.1;291.9;Edward PEARSON;;LMP2;;Nielsen Racing;Oreca;GF;27.392;37.562;28.089
24;1;9;01:32.6;0;;27.166;0;37.581;0;27.809;0;181.1;43:18.1;43:18.9;00:27.2;00:37.6;00:27.8;291.9;Edward PEARSON;;LMP2;;Nielsen Racing;Oreca;GF;27.166;37.581;27.809
24;1;10;01:32.4;0;;26.946;1;37.642;0;27.85;0;181.4;44:50.5;44:51.3;00:26.9;00:37.6;00:27.8;291.9;Edward PEARSON;;LMP2;;Nielsen Racing;Oreca;GF;26.946;37.642;27.85
24;1;11;01:35.6;0;;27.761;0;37.944;0;29.848;0;175.5;46:26.1;46:26.8;00:27.8;00:37.9;00:29.8;289.5;Edward PEARSON;;LMP2;;Nielsen Racing;Oreca;GF;27.761;37.944;29.848
24;1;12;01:38.4;0;;27.76;0;40.091;0;30.576;0;170.3;48:04.5;48:05.3;00:27.8;00:40.1;00:30.6;291.9;Edward PEARSON;;LMP2;;Nielsen Racing;Oreca;GF;27.76;40.091;30.576
24;1;13;01:35.9;0;;28.19;0;39.752;0;27.998;0;174.7;49:40.4;49:41.2;00:28.2;00:39.8;00:28.0;282.7;Edward PEARSON;;LMP2;;Nielsen Racing;Oreca;GF;28.19;39.752;27.998
24;1;14;01:33.8;0;;27.462;0;37.804;0;28.578;0;178.6;51:14.3;51:15.1;00:27.5;00:37.8;00:28.6;291.1;Edward PEARSON;;LMP2;;Nielsen Racing;Oreca;GF;27.462;37.804;28.578
24;1;15;01:33.2;0;;27.286;0;38.116;0;27.798;1;179.9;52:47.5;52:48.3;00:27.3;00:38.1;00:27.8;290.3;Edward PEARSON;;LMP2;;Nielsen Racing;Oreca;GF;27.286;38.116;27.798
24;1;16;01:34.0;0;;27.233;0;38.904;0;27.817;0;178.4;54:21.4;54:22.2;00:27.2;00:38.9;00:27.8;290.3;Edward PEARSON;;LMP2;;Nielsen Racing;Oreca;GF;27.233;38.904;27.817
24;1;17;01:33.1;0;;27.098;0;37.915;0;28.08;0;180.1;55:54.5;55:55.3;00:27.1;00:37.9;00:28.1;291.1;Edward PEARSON;;LMP2;;Nielsen Racing;Oreca;GF;27.098;37.915;28.08
24;1;18;01:38.5;0;;27.328;0;39.783;0;31.418;0;170.2;57:33.0;57:33.8;00:27.3;00:39.8;00:31.4;291.1;Edward PEARSON;;LMP2;;Nielsen Racing;Oreca;GF;27.328;39.783;31.418
24;1;19;01:33.5;0;;27.652;0;37.976;0;27.855;0;179.3;59:06.5;59:07.3;00:27.7;00:38.0;00:27.9;289.5;Edward PEARSON;;LMP2;;Nielsen Racing;Oreca;GF;27.652;37.976;27.855
24;1;20;01:34.0;0;;27.622;0;37.804;0;28.604;0;178.3;00:40.6;00:41.3;00:27.6;00:37.8;00:28.6;291.9;Edward PEARSON;;LMP2;;Nielsen Racing;Oreca;GF;27.622;37.804;28.604
24;1;21;01:34.6;0;;27.167;0;39.239;0;28.185;0;177.2;02:15.1;02:15.9;00:27.2;00:39.2;00:28.2;292.7;Edward PEARSON;;LMP2;;Nielsen Racing;Oreca;GF;27.167;39.239;28.185
24;1;22;01:34.5;0;;27.399;0;38.335;0;28.731;0;177.5;03:49.6;03:50.4;00:27.4;00:38.3;00:28.7;291.1;Edward PEARSON;;LMP2;;Nielsen Racing;Oreca;GF;27.399;38.335;28.731
24;1;23;01:34.1;0;;27.206;0;38.848;0;28.064;0;178.1;05:23.7;05:24.5;00:27.2;00:38.8;00:28.1;292.7;Edward PEARSON;;LMP2;;Nielsen Racing;Oreca;GF;27.206;38.848;28.064
24;1;24;01:34.5;0;;27.522;0;38.48;0;28.517;0;177.4;06:58.2;06:59.0;00:27.5;00:38.5;00:28.5;291.9;Edward PEARSON;;LMP2;;Nielsen Racing;Oreca;GF;27.522;38.48;28.517
24;1;25;01:35.2;0;;27.796;0;38.197;0;29.162;0;176.2;08:33.4;08:34.2;00:27.8;00:38.2;00:29.2;285.7;Edward PEARSON;;LMP2;;Nielsen Racing;Oreca;GF;27.796;38.197;29.162
24;1;26;01:43.6;0;B;28.052;0;39.218;0;36.293;0;161.9;10:17.0;10:17.8;00:28.1;00:39.2;00:36.3;291.1;Edward PEARSON;;LMP2;;Nielsen Racing;Oreca;GF;28.052;39.218;36.293
24;1;27;02:44.6;0;;01:36.0;0;38.661;0;29.933;0;101.8;13:01.6;13:02.4;01:36.0;00:38.7;00:29.9;209.7;Edward PEARSON;01:11.8;LMP2;;Nielsen Racing;Oreca;GF;96.027;38.661;29.933
24;1;28;01:35.6;0;;27.61;0;38.407;0;29.548;0;175.4;14:37.2;14:37.9;00:27.6;00:38.4;00:29.5;288.8;Edward PEARSON;;LMP2;;Nielsen Racing;Oreca;GF;27.61;38.407;29.548
24;1;29;01:38.3;0;;29.66;0;39.79;0;28.855;0;170.5;16:15.5;16:16.3;00:29.7;00:39.8;00:28.9;288;Edward PEARSON;;LMP2;;Nielsen Racing;Oreca;GF;29.66;39.79;28.855
24;1;30;01:36.1;0;;28.019;0;39.007;0;29.039;0;174.5;17:51.5;17:52.3;00:28.0;00:39.0;00:29.0;289.5;Edward PEARSON;;LMP2;;Nielsen Racing;Oreca;GF;28.019;39.007;29.039
24;1;31;01:36.9;0;;28.351;0;39.388;0;29.16;0;173;19:28.4;19:29.2;00:28.4;00:39.4;00:29.2;291.1;Edward PEARSON;;LMP2;;Nielsen Racing;Oreca;GF;28.351;39.388;29.16
24;1;32;01:37.5;0;;28.362;0;39.098;0;30.034;0;172;21:05.9;21:06.7;00:28.4;00:39.1;00:30.0;291.1;Edward PEARSON;;LMP2;;Nielsen Racing;Oreca;GF;28.362;39.098;30.034
24;1;33;01:36.6;0;;28.311;0;39.194;0;29.078;0;173.6;22:42.5;22:43.3;00:28.3;00:39.2;00:29.1;289.5;Edward PEARSON;;LMP2;;Nielsen Racing;Oreca;GF;28.311;39.194;29.078
24;1;34;01:37.0;0;;28.239;0;39.432;0;29.283;0;172.9;24:19.5;24:20.2;00:28.2;00:39.4;00:29.3;290.3;Edward PEARSON;;LMP2;;Nielsen Racing;Oreca;GF;28.239;39.432;29.283
24;1;35;01:37.6;0;;28.133;0;40.236;0;29.278;0;171.7;25:57.1;25:57.9;00:28.1;00:40.2;00:29.3;290.3;Edward PEARSON;;LMP2;;Nielsen Racing;Oreca;GF;28.133;40.236;29.278
24;1;36;01:35.7;0;;28.043;0;38.756;0;28.87;0;175.2;27:32.8;27:33.6;00:28.0;00:38.8;00:28.9;288.8;Edward PEARSON;;LMP2;;Nielsen Racing;Oreca;GF;28.043;38.756;28.87
24;1;37;01:36.8;0;;28.871;0;39.026;0;28.895;0;173.2;29:09.6;29:10.4;00:28.9;00:39.0;00:28.9;290.3;Edward PEARSON;;LMP2;;Nielsen Racing;Oreca;GF;28.871;39.026;28.895
24;1;38;01:35.8;0;;28.027;0;38.697;0;29.109;0;174.9;30:45.4;30:46.2;00:28.0;00:38.7;00:29.1;291.9;Edward PEARSON;;LMP2;;Nielsen Racing;Oreca;GF;28.027;38.697;29.109
24;1;39;01:36.3;0;;27.901;0;38.871;0;29.545;0;174.1;32:21.7;32:22.5;00:27.9;00:38.9;00:29.5;289.5;Edward PEARSON;;LMP2;;Nielsen Racing;Oreca;GF;27.901;38.871;29.545
24;1;40;01:35.7;0;;27.964;0;38.876;0;28.869;0;175.2;33:57.4;33:58.2;00:28.0;00:38.9;00:28.9;290.3;Edward PEARSON;;LMP2;;Nielsen Racing;Oreca;GF;27.964;38.876;28.869
24;1;41;03:25.9;0;B;01:06.7;0;01:19.9;0;59.332;0;81.4;37:23.3;37:24.1;01:06.7;01:19.9;00:59.3;;Edward PEARSON;;LMP2;;Nielsen Racing;Oreca;GF;66.722;79.858;59.332
24;2;42;04:21.8;0;;02:06.0;0;01:19.1;0;56.614;0;64;41:45.1;41:45.9;02:06.0;01:19.1;00:56.6;;Roy NISSANY;01:11.7;LMP2;;Nielsen Racing;Oreca;SF;126.02;79.122;56.614
24;2;43;02:07.1;0;;41.109;0;49.777;0;36.253;0;131.9;43:52.2;43:53.0;00:41.1;00:49.8;00:36.3;167.7;Roy NISSANY;;LMP2;;Nielsen Racing;Oreca;SF;41.109;49.777;36.253
24;2;44;02:57.7;0;;36.307;0;01:19.5;0;01:01.9;0;94.4;46:49.9;46:50.7;00:36.3;01:19.5;01:01.9;169;Roy NISSANY;;LMP2;;Nielsen Racing;Oreca;SF;36.307;79.485;61.876
24;2;45;02:57.8;0;;01:10.0;0;01:06.2;0;41.597;0;94.3;49:47.7;49:48.5;01:10.0;01:06.2;00:41.6;;Roy NISSANY;;LMP2;;Nielsen Racing;Oreca;SF;69.994;66.173;41.597
24;2;46;02:08.8;0;;39.868;0;51.35;0;37.546;0;130.2;51:56.4;51:57.2;00:39.9;00:51.3;00:37.5;182.1;Roy NISSANY;;LMP2;;Nielsen Racing;Oreca;GF;39.868;51.35;37.546
24;2;47;01:37.2;0;;28.676;0;39.032;0;29.536;0;172.4;53:33.7;53:34.5;00:28.7;00:39.0;00:29.5;287.2;Roy NISSANY;;LMP2;;Nielsen Racing;Oreca;GF;28.676;39.032;29.536
24;2;48;01:34.0;0;;28.139;0;38.158;0;27.66;0;178.4;55:07.6;55:08.4;00:28.1;00:38.2;00:27.7;288.8;Roy NISSANY;;LMP2;;Nielsen Racing;Oreca;GF;28.139;38.158;27.66
24;2;49;01:32.3;0;;27.163;0;37.511;0;27.624;0;181.6;56:39.9;56:40.7;00:27.2;00:37.5;00:27.6;288;Roy NISSANY;;LMP2;;Nielsen Racing;Oreca;GF;27.163;37.511;27.624
24;2;50;01:32.2;0;;26.959;0;37.639;0;27.585;1;181.9;58:12.1;58:12.9;00:27.0;00:37.6;00:27.6;289.5;Roy NISSANY;;LMP2;;Nielsen Racing;Oreca;GF;26.959;37.639;27.585
24;2;51;01:32.1;0;;26.997;0;37.384;0;27.693;0;182.1;59:44.2;59:45.0;00:27.0;00:37.4;00:27.7;288.8;Roy NISSANY;;LMP2;;Nielsen Racing;Oreca;GF;26.997;37.384;27.693
24;2;52;01:32.0;0;;26.906;1;37.373;1;27.674;0;182.3;01:16.1;01:16.9;00:26.9;00:37.4;00:27.7;289.5;Roy NISSANY;;LMP2;;Nielsen Racing;Oreca;GF;26.906;37.373;27.674
24;2;53;01:32.4;0;;26.976;0;37.568;0;27.818;0;181.5;02:48.5;02:49.3;00:27.0;00:37.6;00:27.8;288.8;Roy NISSANY;;LMP2;;Nielsen Racing;Oreca;GF;26.976;37.568;27.818
24;2;54;02:02.2;0;;27.626;0;38.783;0;55.805;0;137.2;04:50.7;04:51.5;00:27.6;00:38.8;00:55.8;291.1;Roy NISSANY;;LMP2;;Nielsen Racing;Oreca;FCY;27.626;38.783;55.805
24;2;55;02:35.2;0;;01:14.3;0;50.945;0;29.943;0;108;07:25.9;07:26.7;01:14.3;00:50.9;00:29.9;;Roy NISSANY;;LMP2;;Nielsen Racing;Oreca;GF;74.347;50.945;29.943
24;2;56;01:36.5;0;;28.33;0;39.02;0;29.12;0;173.8;09:02.4;09:03.2;00:28.3;00:39.0;00:29.1;286.5;Roy NISSANY;;LMP2;;Nielsen Racing;Oreca;GF;28.33;39.02;29.12
24;2;57;01:33.9;0;;27.979;0;37.892;0;28.071;0;178.5;10:36.4;10:37.1;00:28.0;00:37.9;00:28.1;288.8;Roy NISSANY;;LMP2;;Nielsen Racing;Oreca;GF;27.979;37.892;28.071
24;2;58;01:34.8;0;;27.574;0;38.034;0;29.2;0;176.8;12:11.2;12:12.0;00:27.6;00:38.0;00:29.2;286.5;Roy NISSANY;;LMP2;;Nielsen Racing;Oreca;GF;27.574;38.034;29.2
24;2;59;01:34.9;0;;28.606;0;38.327;0;27.972;0;176.7;13:46.1;13:46.9;00:28.6;00:38.3;00:28.0;288;Roy NISSANY;;LMP2;;Nielsen Racing;Oreca;GF;28.606;38.327;27.972
24;2;60;01:34.0;0;;27.866;0;38.035;0;28.129;0;178.3;15:20.1;15:20.9;00:27.9;00:38.0;00:28.1;289.5;Roy NISSANY;;LMP2;;Nielsen Racing;Oreca;GF;27.866;38.035;28.129
24;2;61;01:34.6;0;;27.715;0;38.384;0;28.457;0;177.3;16:54.7;16:55.4;00:27.7;00:38.4;00:28.5;289.5;Roy NISSANY;;LMP2;;Nielsen Racing;Oreca;GF;27.715;38.384;28.457
24;2;62;01:36.0;0;;27.66;0;40.1;0;28.213;0;174.7;18:30.6;18:31.4;00:27.7;00:40.1;00:28.2;291.1;Roy NISSANY;;LMP2;;Nielsen Racing;Oreca;GF;27.66;40.1;28.213
24;2;63;01:33.8;0;;27.417;0;38.12;0;28.261;0;178.7;20:04.4;20:05.2;00:27.4;00:38.1;00:28.3;290.3;Roy NISSANY;;LMP2;;Nielsen Racing;Oreca;GF;27.417;38.12;28.261
24;2;64;01:35.9;0;;27.503;0;38.774;0;29.618;0;174.8;21:40.3;21:41.1;00:27.5;00:38.8;00:29.6;288.8;Roy NISSANY;;LMP2;;Nielsen Racing;Oreca;GF;27.503;38.774;29.618
24;2;65;01:38.3;0;;29.503;0;39.356;0;29.473;0;170.5;23:18.6;23:19.4;00:29.5;00:39.4;00:29.5;289.5;Roy NISSANY;;LMP2;;Nielsen Racing;Oreca;GF;29.503;39.356;29.473
24;2;66;01:34.3;0;;27.8;0;38.304;0;28.244;0;177.7;24:53.0;24:53.8;00:27.8;00:38.3;00:28.2;289.5;Roy NISSANY;;LMP2;;Nielsen Racing;Oreca;GF;27.8;38.304;28.244
24;2;67;01:35.9;0;;28.252;0;39.068;0;28.572;0;174.8;26:28.9;26:29.7;00:28.3;00:39.1;00:28.6;289.5;Roy NISSANY;;LMP2;;Nielsen Racing;Oreca;GF;28.252;39.068;28.572
24;2;68;01:34.5;0;;27.581;0;38.623;0;28.337;0;177.3;28:03.4;28:04.2;00:27.6;00:38.6;00:28.3;288;Roy NISSANY;;LMP2;;Nielsen Racing;Oreca;GF;27.581;38.623;28.337
24;2;69;01:35.1;0;;27.358;0;38.632;0;29.152;0;176.2;29:38.6;29:39.4;00:27.4;00:38.6;00:29.2;288;Roy NISSANY;;LMP2;;Nielsen Racing;Oreca;GF;27.358;38.632;29.152
24;2;70;01:35.6;0;;27.944;0;38.662;0;28.96;0;175.4;31:14.1;31:14.9;00:27.9;00:38.7;00:29.0;288.8;Roy NISSANY;;LMP2;;Nielsen Racing;Oreca;GF;27.944;38.662;28.96
24;2;71;03:02.3;0;B;43.624;0;01:19.9;0;58.711;0;92;34:16.4;34:17.2;00:43.6;01:19.9;00:58.7;287.2;Roy NISSANY;;LMP2;;Nielsen Racing;Oreca;GF;43.624;79.927;58.711
24;2;72;04:34.7;0;;02:17.6;0;01:20.0;0;57.135;0;61;38:51.1;38:51.9;02:17.6;01:20.0;00:57.1;;Roy NISSANY;01:22.4;LMP2;;Nielsen Racing;Oreca;SF;137.552;79.994;57.135
24;2;73;02:23.8;0;;47.131;0;46.156;0;50.539;0;116.6;41:14.9;41:15.7;00:47.1;00:46.2;00:50.5;204.2;Roy NISSANY;;LMP2;;Nielsen Racing;Oreca;SF;47.131;46.156;50.539
24;2;74;03:19.9;0;;55.827;0;01:23.7;0;01:00.5;0;83.9;44:34.8;44:35.6;00:55.8;01:23.7;01:00.5;166.4;Roy NISSANY;;LMP2;;Nielsen Racing;Oreca;SF;55.827;83.659;60.455
24;2;75;02:53.6;0;;01:06.1;0;01:05.4;0;42.071;0;96.6;47:28.4;47:29.2;01:06.1;01:05.4;00:42.1;;Roy NISSANY;;LMP2;;Nielsen Racing;Oreca;SF;66.077;65.436;42.071
24;2;76;02:17.3;0;;40.594;0;51.202;0;45.488;0;122.1;49:45.7;49:46.5;00:40.6;00:51.2;00:45.5;168.2;Roy NISSANY;;LMP2;;Nielsen Racing;Oreca;GF;40.594;51.202;45.488
24;2;77;01:36.8;0;;28.812;0;39.474;0;28.524;0;173.2;51:22.5;51:23.3;00:28.8;00:39.5;00:28.5;287.2;Roy NISSANY;;LMP2;;Nielsen Racing;Oreca;GF;28.812;39.474;28.524
24;2;78;01:35.3;0;;28.119;0;38.607;0;28.605;0;175.9;52:57.9;52:58.7;00:28.1;00:38.6;00:28.6;288;Roy NISSANY;;LMP2;;Nielsen Racing;Oreca;GF;28.119;38.607;28.605
24;2;79;01:36.7;0;;28.246;0;38.974;0;29.497;0;173.3;54:34.6;54:35.4;00:28.2;00:39.0;00:29.5;288.8;Roy NISSANY;;LMP2;;Nielsen Racing;Oreca;GF;28.246;38.974;29.497
24;2;80;01:36.0;0;;28.723;0;39.075;0;28.235;0;174.6;56:10.6;56:11.4;00:28.7;00:39.1;00:28.2;288;Roy NISSANY;;LMP2;;Nielsen Racing;Oreca;GF;28.723;39.075;28.235
24;2;81;01:34.3;0;;27.731;0;38.229;0;28.308;0;177.8;57:44.9;57:45.7;00:27.7;00:38.2;00:28.3;288.8;Roy NISSANY;;LMP2;;Nielsen Racing;Oreca;GF;27.731;38.229;28.308
24;2;82;01:35.4;0;;27.909;0;39.23;0;28.296;0;175.7;59:20.3;59:21.1;00:27.9;00:39.2;00:28.3;288;Roy NISSANY;;LMP2;;Nielsen Racing;Oreca;GF;27.909;39.23;28.296
24;2;83;01:34.9;0;;27.653;0;38.824;0;28.384;0;176.7;00:55.2;00:56.0;00:27.7;00:38.8;00:28.4;291.9;Roy NISSANY;;LMP2;;Nielsen Racing;Oreca;GF;27.653;38.824;28.384
24;2;84;01:34.2;0;;27.344;0;38.415;0;28.397;0;178.1;02:29.3;02:30.1;00:27.3;00:38.4;00:28.4;287.2;Roy NISSANY;;LMP2;;Nielsen Racing;Oreca;GF;27.344;38.415;28.397
24;2;85;02:13.1;0;;27.484;0;48.472;0;57.124;0;126;04:42.4;04:43.2;00:27.5;00:48.5;00:57.1;289.5;Roy NISSANY;;LMP2;;Nielsen Racing;Oreca;FCY;27.484;48.472;57.124
24;2;86;02:28.6;0;B;01:13.3;0;41.182;0;34.097;0;112.9;07:11.0;07:11.8;01:13.3;00:41.2;00:34.1;;Roy NISSANY;;LMP2;;Nielsen Racing;Oreca;GF;73.28;41.182;34.097
24;3;87;02:38.7;0;;01:30.5;0;39.178;0;29.04;0;105.7;09:49.6;09:50.4;01:30.5;00:39.2;00:29.0;198.9;Jack DOOHAN;01:04.3;LMP2;;Nielsen Racing;Oreca;GF;90.455;39.178;29.04
24;3;88;01:32.5;0;;27.455;0;37.46;0;27.613;0;181.2;11:22.2;11:23.0;00:27.5;00:37.5;00:27.6;284.2;Jack DOOHAN;;LMP2;;Nielsen Racing;Oreca;GF;27.455;37.46;27.613
24;3;89;01:32.8;0;;27.028;0;38.174;0;27.607;0;180.6;12:55.0;12:55.8;00:27.0;00:38.2;00:27.6;287.2;Jack DOOHAN;;LMP2;;Nielsen Racing;Oreca;GF;27.028;38.174;27.607
24;3;90;01:33.8;0;;26.996;0;39.12;0;27.688;0;178.7;14:28.8;14:29.6;00:27.0;00:39.1;00:27.7;286.5;Jack DOOHAN;;LMP2;;Nielsen Racing;Oreca;GF;26.996;39.12;27.688
24;3;91;01:31.6;0;;26.771;0;37.228;0;27.649;0;182.9;16:00.4;16:01.2;00:26.8;00:37.2;00:27.6;288;Jack DOOHAN;;LMP2;;Nielsen Racing;Oreca;GF;26.771;37.228;27.649
24;3;92;01:32.8;0;;27.1;0;37.668;0;27.987;0;180.7;17:33.2;17:34.0;00:27.1;00:37.7;00:28.0;288;Jack DOOHAN;;LMP2;;Nielsen Racing;Oreca;GF;27.1;37.668;27.987
24;3;93;01:33.0;0;;27.142;0;37.96;0;27.85;0;180.4;19:06.1;19:06.9;00:27.1;00:38.0;00:27.8;288;Jack DOOHAN;;LMP2;;Nielsen Racing;Oreca;GF;27.142;37.96;27.85
24;3;94;01:33.7;0;;26.955;0;39.044;0;27.733;0;178.9;20:39.9;20:40.7;00:27.0;00:39.0;00:27.7;289.5;Jack DOOHAN;;LMP2;;Nielsen Racing;Oreca;GF;26.955;39.044;27.733
24;3;95;02:35.9;0;;39.509;0;01:19.3;0;37.036;0;107.6;23:15.7;23:16.5;00:39.5;01:19.3;00:37.0;288.8;Jack DOOHAN;;LMP2;;Nielsen Racing;Oreca;GF;39.509;79.318;37.036
24;3;96;01:32.8;0;;27.649;0;37.491;0;27.679;0;180.6;24:48.5;24:49.3;00:27.6;00:37.5;00:27.7;284.2;Jack DOOHAN;;LMP2;;Nielsen Racing;Oreca;GF;27.649;37.491;27.679
24;3;97;01:34.2;0;;27.992;0;37.6;0;28.575;0;178;26:22.7;26:23.5;00:28.0;00:37.6;00:28.6;288;Jack DOOHAN;;LMP2;;Nielsen Racing;Oreca;GF;27.992;37.6;28.575
24;3;98;01:31.9;0;;26.937;0;37.304;0;27.656;0;182.4;27:54.6;27:55.4;00:26.9;00:37.3;00:27.7;285.7;Jack DOOHAN;;LMP2;;Nielsen Racing;Oreca;GF;26.937;37.304;27.656
24;3;99;01:32.6;0;;26.706;2;37.298;0;28.559;0;181.1;29:27.2;29:28.0;00:26.7;00:37.3;00:28.6;289.5;Jack DOOHAN;;LMP2;;Nielsen Racing;Oreca;GF;26.706;37.298;28.559
24;3;100;01:33.9;0;;26.996;0;37.466;0;29.484;0;178.5;31:01.1;31:01.9;00:27.0;00:37.5;00:29.5;287.2;Jack DOOHAN;;LMP2;;Nielsen Racing;Oreca;GF;26.996;37.466;29.484
24;3;101;01:33.9;0;;27.892;0;38.049;0;27.983;0;178.5;32:35.0;32:35.8;00:27.9;00:38.0;00:28.0;285;Jack DOOHAN;;LMP2;;Nielsen Racing;Oreca;GF;27.892;38.049;27.983
24;3;102;01:34.1;0;;28.439;0;37.817;0;27.857;0;178.1;34:09.2;34:10.0;00:28.4;00:37.8;00:27.9;287.2;Jack DOOHAN;;LMP2;;Nielsen Racing;Oreca;GF;28.439;37.817;27.857
24;3;103;01:32.4;0;;26.935;0;37.58;0;27.883;0;181.4;35:41.6;35:42.4;00:26.9;00:37.6;00:27.9;288.8;Jack DOOHAN;;LMP2;;Nielsen Racing;Oreca;GF;26.935;37.58;27.883
24;3;104;01:34.5;0;;27.408;0;39.101;0;28.012;0;177.4;37:16.1;37:16.9;00:27.4;00:39.1;00:28.0;291.9;Jack DOOHAN;;LMP2;;Nielsen Racing;Oreca;GF;27.408;39.101;28.012
24;3;105;01:33.5;0;;26.949;0;38.106;0;28.412;0;179.4;38:49.5;38:50.3;00:26.9;00:38.1;00:28.4;289.5;Jack DOOHAN;;LMP2;;Nielsen Racing;Oreca;GF;26.949;38.106;28.412
24;3;106;01:33.6;0;;27.04;0;38.143;0;28.401;0;179.1;40:23.1;40:23.9;00:27.0;00:38.1;00:28.4;288.8;Jack DOOHAN;;LMP2;;Nielsen Racing;Oreca;GF;27.04;38.143;28.401
24;3;107;01:33.3;0;;27.389;0;37.707;0;28.22;0;179.7;41:56.4;41:57.2;00:27.4;00:37.7;00:28.2;290.3;Jack DOOHAN;;LMP2;;Nielsen Racing;Oreca;GF;27.389;37.707;28.22
24;3;108;01:33.0;0;;27.537;0;37.547;0;27.965;0;180.2;43:29.5;43:30.3;00:27.5;00:37.5;00:28.0;287.2;Jack DOOHAN;;LMP2;;Nielsen Racing;Oreca;GF;27.537;37.547;27.965
24;3;109;01:33.5;0;;27.428;0;37.9;0;28.161;0;179.3;45:03.0;45:03.8;00:27.4;00:37.9;00:28.2;289.5;Jack DOOHAN;;LMP2;;Nielsen Racing;Oreca;GF;27.428;37.9;28.161
24;3;110;01:32.8;0;;27.008;0;37.864;0;27.958;0;180.6;46:35.8;46:36.6;00:27.0;00:37.9;00:28.0;287.2;Jack DOOHAN;;LMP2;;Nielsen Racing;Oreca;GF;27.008;37.864;27.958
24;3;111;01:35.8;0;;28.38;0;39.161;0;28.303;0;174.9;48:11.7;48:12.5;00:28.4;00:39.2;00:28.3;290.3;Jack DOOHAN;;LMP2;;Nielsen Racing;Oreca;GF;28.38;39.161;28.303
24;3;112;01:33.1;0;;27.137;0;37.847;0;28.088;0;180.1;49:44.7;49:45.5;00:27.1;00:37.8;00:28.1;288.8;Jack DOOHAN;;LMP2;;Nielsen Racing;Oreca;GF;27.137;37.847;28.088
24;3;113;01:32.6;0;;27.011;0;37.654;0;27.981;0;181;51:17.4;51:18.2;00:27.0;00:37.7;00:28.0;289.5;Jack DOOHAN;;LMP2;;Nielsen Racing;Oreca;GF;27.011;37.654;27.981
24;3;114;01:39.4;0;B;27.176;0;38.532;0;33.663;0;168.7;52:56.7;52:57.5;00:27.2;00:38.5;00:33.7;289.5;Jack DOOHAN;;LMP2;;Nielsen Racing;Oreca;GF;27.176;38.532;33.663
24;3;115;02:47.8;0;;01:40.5;0;38.826;0;28.474;0;99.9;55:44.5;55:45.3;01:40.5;00:38.8;00:28.5;203.4;Jack DOOHAN;01:14.6;LMP2;;Nielsen Racing;Oreca;GF;100.493;38.826;28.474
24;3;116;01:33.0;0;;27.439;0;37.713;0;27.805;0;180.4;57:17.5;57:18.3;00:27.4;00:37.7;00:27.8;288;Jack DOOHAN;;LMP2;;Nielsen Racing;Oreca;GF;27.439;37.713;27.805
24;3;117;01:31.4;2;;26.807;0;37.139;2;27.488;2;183.4;58:48.9;58:49.7;00:26.8;00:37.1;00:27.5;288.8;Jack DOOHAN;;LMP2;;Nielsen Racing;Oreca;GF;26.807;37.139;27.488
24;3;118;01:32.5;0;;26.866;0;37.948;0;27.726;0;181.2;00:21.5;00:22.3;00:26.9;00:37.9;00:27.7;289.5;Jack DOOHAN;;LMP2;;Nielsen Racing;Oreca;GF;26.866;37.948;27.726
24;3;119;01:31.9;0;;26.801;0;37.447;0;27.644;0;182.4;01:53.4;01:54.2;00:26.8;00:37.4;00:27.6;290.3;Jack DOOHAN;;LMP2;;Nielsen Racing;Oreca;GF;26.801;37.447;27.644
24;3;120;01:33.5;0;;27.645;0;38.089;0;27.78;0;179.3;03:26.9;03:27.7;00:27.6;00:38.1;00:27.8;289.5;Jack DOOHAN;;LMP2;;Nielsen Racing;Oreca;GF;27.645;38.089;27.78
24;3;121;01:33.9;0;;27.355;0;38.302;0;28.207;0;178.6;05:00.7;05:01.5;00:27.4;00:38.3;00:28.2;291.1;Jack DOOHAN;;LMP2;;Nielsen Racing;Oreca;GF;27.355;38.302;28.207
24;3;122;01:34.4;0;;27.223;0;38.849;0;28.306;0;177.6;06:35.1;06:35.9;00:27.2;00:38.8;00:28.3;289.5;Jack DOOHAN;;LMP2;;Nielsen Racing;Oreca;GF;27.223;38.849;28.306
24;3;123;01:35.8;0;;28.434;0;39.095;0;28.307;0;174.9;08:11.0;08:11.8;00:28.4;00:39.1;00:28.3;291.1;Jack DOOHAN;;LMP2;;Nielsen Racing;Oreca;GF;28.434;39.095;28.307
24;3;124;01:34.4;0;;27.833;0;37.909;0;28.695;0;177.5;09:45.4;09:46.2;00:27.8;00:37.9;00:28.7;288;Jack DOOHAN;;LMP2;;Nielsen Racing;Oreca;GF;27.833;37.909;28.695
24;3;125;01:34.2;0;;27.458;0;38.227;0;28.465;0;178.1;11:19.5;11:20.3;00:27.5;00:38.2;00:28.5;286.5;Jack DOOHAN;;LMP2;;Nielsen Racing;Oreca;GF;27.458;38.227;28.465
24;3;126;01:34.4;0;;27.544;0;38.446;0;28.408;0;177.6;12:53.9;12:54.7;00:27.5;00:38.4;00:28.4;291.1;Jack DOOHAN;;LMP2;;Nielsen Racing;Oreca;GF;27.544;38.446;28.408
24;3;127;01:35.7;0;;27.549;0;38.738;0;29.366;0;175.3;14:29.6;14:30.4;00:27.5;00:38.7;00:29.4;289.5;Jack DOOHAN;;LMP2;;Nielsen Racing;Oreca;GF;27.549;38.738;29.366
24;3;128;01:36.3;0;;28.469;0;38.368;0;29.468;0;174.1;16:05.9;16:06.7;00:28.5;00:38.4;00:29.5;290.3;Jack DOOHAN;;LMP2;;Nielsen Racing;Oreca;GF;28.469;38.368;29.468
24;3;129;01:33.5;0;;27.223;0;37.943;0;28.337;0;179.3;17:39.4;17:40.2;00:27.2;00:37.9;00:28.3;288.8;Jack DOOHAN;;LMP2;;Nielsen Racing;Oreca;GF;27.223;37.943;28.337
24;3;130;01:34.2;0;;27.323;0;38.132;0;28.757;0;178;19:13.6;19:14.4;00:27.3;00:38.1;00:28.8;289.5;Jack DOOHAN;;LMP2;;Nielsen Racing;Oreca;GF;27.323;38.132;28.757
24;3;131;01:33.4;0;;27.399;0;37.876;0;28.133;0;179.5;20:47.0;20:47.8;00:27.4;00:37.9;00:28.1;290.3;Jack DOOHAN;;LMP2;;Nielsen Racing;Oreca;GF;27.399;37.876;28.133
24;3;132;01:35.1;0;;27.122;0;38.027;0;29.97;0;176.3;22:22.1;22:22.9;00:27.1;00:38.0;00:30.0;289.5;Jack DOOHAN;;LMP2;;Nielsen Racing;Oreca;GF;27.122;38.027;29.97
24;3;133;01:34.5;0;;27.534;0;37.877;0;29.093;0;177.4;23:56.6;23:57.4;00:27.5;00:37.9;00:29.1;286.5;Jack DOOHAN;;LMP2;;Nielsen Racing;Oreca;GF;27.534;37.877;29.093
24;3;134;01:55.2;0;;32.049;0;48.023;0;35.172;0;145.5;25:51.9;25:52.7;00:32.0;00:48.0;00:35.2;289.5;Jack DOOHAN;;LMP2;;Nielsen Racing;Oreca;GF;32.049;48.023;35.172
24;3;135;02:00.5;0;;32.055;0;54.2;0;34.259;0;139.1;27:52.4;27:53.2;00:32.1;00:54.2;00:34.3;237.9;Jack DOOHAN;;LMP2;;Nielsen Racing;Oreca;FF;32.055;54.2;34.259
25;1;1;02:01.4;0;;30.043;0;50.525;0;40.84;0;134;02:01.4;02:02.2;00:30.0;00:50.5;00:40.8;;Matthias KAISER;;LMP2;;Algarve Pro Racing;Oreca;SF;30.043;50.525;40.84
25;1;2;03:47.1;0;;01:10.5;0;01:26.3;0;01:10.4;0;73.8;05:48.5;05:49.3;01:10.5;01:26.3;01:10.4;;Matthias KAISER;;LMP2;;Algarve Pro Racing;Oreca;RF;70.47;86.294;70.367
25;1;3;27:13.1;0;;25:19.2;0;01:08.2;0;45.704;0;10.3;33:01.7;33:02.5;25:19.2;01:08.2;00:45.7;;Matthias KAISER;;LMP2;;Algarve Pro Racing;Oreca;SF;1519.241;68.171;45.704
25;1;4;02:26.6;0;;49.048;0;55.078;0;42.481;0;114.4;35:28.3;35:29.1;00:49.0;00:55.1;00:42.5;133.5;Matthias KAISER;;LMP2;;Algarve Pro Racing;Oreca;GF;49.048;55.078;42.481
25;1;5;01:35.5;0;;28.502;0;38.907;0;28.102;0;175.5;37:03.8;37:04.6;00:28.5;00:38.9;00:28.1;288;Matthias KAISER;;LMP2;;Algarve Pro Racing;Oreca;GF;28.502;38.907;28.102
25;1;6;01:32.9;0;;27.293;0;37.71;0;27.892;0;180.5;38:36.7;38:37.5;00:27.3;00:37.7;00:27.9;290.3;Matthias KAISER;;LMP2;;Algarve Pro Racing;Oreca;GF;27.293;37.71;27.892
25;1;7;01:33.0;0;;27.378;0;37.842;0;27.732;0;180.4;40:09.6;40:10.4;00:27.4;00:37.8;00:27.7;291.1;Matthias KAISER;;LMP2;;Algarve Pro Racing;Oreca;GF;27.378;37.842;27.732
25;1;8;01:32.4;0;;27.189;0;37.662;0;27.512;0;181.5;41:42.0;41:42.8;00:27.2;00:37.7;00:27.5;291.1;Matthias KAISER;;LMP2;;Algarve Pro Racing;Oreca;GF;27.189;37.662;27.512
25;1;9;01:32.0;0;;27.024;0;37.586;1;27.383;1;182.2;43:14.0;43:14.8;00:27.0;00:37.6;00:27.4;288.8;Matthias KAISER;;LMP2;;Algarve Pro Racing;Oreca;GF;27.024;37.586;27.383
25;1;10;01:33.2;0;;27.01;1;38.524;0;27.68;0;179.9;44:47.2;44:48.0;00:27.0;00:38.5;00:27.7;291.1;Matthias KAISER;;LMP2;;Algarve Pro Racing;Oreca;GF;27.01;38.524;27.68
25;1;11;01:36.5;0;;27.725;0;39.597;0;29.14;0;173.8;46:23.7;46:24.4;00:27.7;00:39.6;00:29.1;291.1;Matthias KAISER;;LMP2;;Algarve Pro Racing;Oreca;GF;27.725;39.597;29.14
25;1;12;01:37.3;0;;29.044;0;39.571;0;28.717;0;172.2;48:01.0;48:01.8;00:29.0;00:39.6;00:28.7;291.9;Matthias KAISER;;LMP2;;Algarve Pro Racing;Oreca;GF;29.044;39.571;28.717
25;1;13;01:34.7;0;;28.42;0;38.265;0;28.015;0;177;49:35.7;49:36.5;00:28.4;00:38.3;00:28.0;290.3;Matthias KAISER;;LMP2;;Algarve Pro Racing;Oreca;GF;28.42;38.265;28.015
25;1;14;01:33.8;0;;27.205;0;38.121;0;28.437;0;178.8;51:09.4;51:10.2;00:27.2;00:38.1;00:28.4;289.5;Matthias KAISER;;LMP2;;Algarve Pro Racing;Oreca;GF;27.205;38.121;28.437
25;1;15;01:32.9;0;;27.159;0;37.705;0;27.999;0;180.5;52:42.3;52:43.1;00:27.2;00:37.7;00:28.0;285;Matthias KAISER;;LMP2;;Algarve Pro Racing;Oreca;GF;27.159;37.705;27.999
25;1;16;01:33.1;0;;27.051;0;37.651;0;28.431;0;180;54:15.4;54:16.2;00:27.1;00:37.7;00:28.4;288;Matthias KAISER;;LMP2;;Algarve Pro Racing;Oreca;GF;27.051;37.651;28.431
25;1;17;01:33.2;0;;27.28;0;37.859;0;28.086;0;179.8;55:48.7;55:49.5;00:27.3;00:37.9;00:28.1;288;Matthias KAISER;;LMP2;;Algarve Pro Racing;Oreca;GF;27.28;37.859;28.086
25;1;18;01:34.2;0;;27.735;0;38.535;0;27.968;0;177.9;57:22.9;57:23.7;00:27.7;00:38.5;00:28.0;288.8;Matthias KAISER;;LMP2;;Algarve Pro Racing;Oreca;GF;27.735;38.535;27.968
25;1;19;01:33.5;0;;27.292;0;38.149;0;28.082;0;179.3;58:56.4;58:57.2;00:27.3;00:38.1;00:28.1;290.3;Matthias KAISER;;LMP2;;Algarve Pro Racing;Oreca;GF;27.292;38.149;28.082
25;1;20;01:34.4;0;;27.041;0;38.096;0;29.286;0;177.6;00:30.9;00:31.6;00:27.0;00:38.1;00:29.3;289.5;Matthias KAISER;;LMP2;;Algarve Pro Racing;Oreca;GF;27.041;38.096;29.286
25;1;21;01:35.2;0;;27.22;0;38.116;0;29.902;0;176;02:06.1;02:06.9;00:27.2;00:38.1;00:29.9;289.5;Matthias KAISER;;LMP2;;Algarve Pro Racing;Oreca;GF;27.22;38.116;29.902
25;1;22;01:34.6;0;;27.514;0;38.34;0;28.724;0;177.3;03:40.7;03:41.5;00:27.5;00:38.3;00:28.7;288;Matthias KAISER;;LMP2;;Algarve Pro Racing;Oreca;GF;27.514;38.34;28.724
25;1;23;01:34.6;0;;27.296;0;39.016;0;28.335;0;177.1;05:15.3;05:16.1;00:27.3;00:39.0;00:28.3;288.8;Matthias KAISER;;LMP2;;Algarve Pro Racing;Oreca;GF;27.296;39.016;28.335
25;1;24;01:33.2;0;;27.309;0;37.95;0;27.94;0;179.9;06:48.5;06:49.3;00:27.3;00:38.0;00:27.9;291.1;Matthias KAISER;;LMP2;;Algarve Pro Racing;Oreca;GF;27.309;37.95;27.94
25;1;25;01:35.4;0;;27.851;0;38.761;0;28.822;0;175.7;08:23.9;08:24.7;00:27.9;00:38.8;00:28.8;291.1;Matthias KAISER;;LMP2;;Algarve Pro Racing;Oreca;GF;27.851;38.761;28.822
25;1;26;01:33.8;0;;27.331;0;38.215;0;28.231;0;178.8;09:57.7;09:58.5;00:27.3;00:38.2;00:28.2;291.1;Matthias KAISER;;LMP2;;Algarve Pro Racing;Oreca;GF;27.331;38.215;28.231
25;1;27;01:41.0;0;B;28.14;0;38.915;0;33.903;0;166.1;11:38.7;11:39.5;00:28.1;00:38.9;00:33.9;288;Matthias KAISER;;LMP2;;Algarve Pro Racing;Oreca;GF;28.14;38.915;33.903
25;1;28;02:39.1;0;;01:32.0;0;38.672;0;28.491;0;105.3;14:17.8;14:18.6;01:32.0;00:38.7;00:28.5;209.3;Matthias KAISER;01:07.9;LMP2;;Algarve Pro Racing;Oreca;GF;91.982;38.672;28.491
25;1;29;01:35.5;0;;28.52;0;38.622;0;28.388;0;175.5;15:53.4;15:54.2;00:28.5;00:38.6;00:28.4;289.5;Matthias KAISER;;LMP2;;Algarve Pro Racing;Oreca;GF;28.52;38.622;28.388
25;1;30;01:36.7;0;;27.76;0;38.83;0;30.07;0;173.4;17:30.0;17:30.8;00:27.8;00:38.8;00:30.1;291.1;Matthias KAISER;;LMP2;;Algarve Pro Racing;Oreca;GF;27.76;38.83;30.07
25;1;31;01:36.1;0;;27.933;0;39.731;0;28.463;0;174.4;19:06.1;19:06.9;00:27.9;00:39.7;00:28.5;288;Matthias KAISER;;LMP2;;Algarve Pro Racing;Oreca;GF;27.933;39.731;28.463
25;1;32;01:35.7;0;;27.668;0;39.244;0;28.742;0;175.3;20:41.8;20:42.6;00:27.7;00:39.2;00:28.7;288.8;Matthias KAISER;;LMP2;;Algarve Pro Racing;Oreca;GF;27.668;39.244;28.742
25;1;33;01:37.5;0;;28.666;0;39.366;0;29.458;0;172;22:19.3;22:20.1;00:28.7;00:39.4;00:29.5;289.5;Matthias KAISER;;LMP2;;Algarve Pro Racing;Oreca;GF;28.666;39.366;29.458
25;1;34;01:35.2;0;;28.137;0;38.455;0;28.63;0;176.1;23:54.5;23:55.3;00:28.1;00:38.5;00:28.6;288;Matthias KAISER;;LMP2;;Algarve Pro Racing;Oreca;GF;28.137;38.455;28.63
25;1;35;01:36.9;0;;28.13;0;39.813;0;28.993;0;173;25:31.4;25:32.2;00:28.1;00:39.8;00:29.0;288;Matthias KAISER;;LMP2;;Algarve Pro Racing;Oreca;GF;28.13;39.813;28.993
25;1;36;01:36.4;0;;27.779;0;38.645;0;29.984;0;173.9;27:07.9;27:08.7;00:27.8;00:38.6;00:30.0;289.5;Matthias KAISER;;LMP2;;Algarve Pro Racing;Oreca;GF;27.779;38.645;29.984
25;1;37;01:35.5;0;;28.004;0;38.971;0;28.506;0;175.6;28:43.3;28:44.1;00:28.0;00:39.0;00:28.5;288;Matthias KAISER;;LMP2;;Algarve Pro Racing;Oreca;GF;28.004;38.971;28.506
25;1;38;01:36.2;0;;28.217;0;39.387;0;28.618;0;174.2;30:19.6;30:20.4;00:28.2;00:39.4;00:28.6;291.1;Matthias KAISER;;LMP2;;Algarve Pro Racing;Oreca;GF;28.217;39.387;28.618
25;1;39;01:36.4;0;;27.831;0;39.975;0;28.583;0;173.9;31:55.9;31:56.7;00:27.8;00:40.0;00:28.6;288.8;Matthias KAISER;;LMP2;;Algarve Pro Racing;Oreca;GF;27.831;39.975;28.583
25;1;40;01:35.3;0;;27.657;0;38.478;0;29.213;0;175.8;33:31.3;33:32.1;00:27.7;00:38.5;00:29.2;288;Matthias KAISER;;LMP2;;Algarve Pro Racing;Oreca;GF;27.657;38.478;29.213
25;1;41;02:42.7;0;B;28.296;0;01:17.5;0;56.849;0;103.1;36:14.0;36:14.8;00:28.3;01:17.5;00:56.8;288;Matthias KAISER;;LMP2;;Algarve Pro Racing;Oreca;GF;28.296;77.539;56.849
25;3;42;04:27.1;0;;02:11.5;0;01:19.1;0;56.483;0;62.8;40:41.0;40:41.8;02:11.5;01:19.1;00:56.5;;Jake HUGHES;01:16.8;LMP2;;Algarve Pro Racing;Oreca;GF;131.507;79.077;56.483
25;3;43;02:26.4;0;;01:05.0;0;47.586;0;33.881;0;114.5;43:07.5;43:08.3;01:05.0;00:47.6;00:33.9;;Jake HUGHES;;LMP2;;Algarve Pro Racing;Oreca;SF;64.953;47.586;33.881
25;3;44;03:23.8;0;;01:00.3;0;01:21.8;0;01:01.7;0;82.3;46:31.3;46:32.1;01:00.3;01:21.8;01:01.7;;Jake HUGHES;;LMP2;;Algarve Pro Racing;Oreca;SF;60.314;81.825;61.69
25;3;45;03:01.6;0;;01:12.6;0;01:07.1;0;41.868;0;92.3;49:32.9;49:33.7;01:12.6;01:07.1;00:41.9;;Jake HUGHES;;LMP2;;Algarve Pro Racing;Oreca;SF;72.616;67.091;41.868
25;3;46;02:11.8;0;;39.291;0;52.21;0;40.302;0;127.2;51:44.7;51:45.5;00:39.3;00:52.2;00:40.3;157.9;Jake HUGHES;;LMP2;;Algarve Pro Racing;Oreca;GF;39.291;52.21;40.302
25;3;47;01:34.6;0;;28.706;0;38.221;0;27.71;0;177.2;53:19.3;53:20.1;00:28.7;00:38.2;00:27.7;285.7;Jake HUGHES;;LMP2;;Algarve Pro Racing;Oreca;GF;28.706;38.221;27.71
25;3;48;01:31.9;2;;27.32;0;37.32;1;27.285;2;182.4;54:51.2;54:52.0;00:27.3;00:37.3;00:27.3;286.5;Jake HUGHES;;LMP2;;Algarve Pro Racing;Oreca;GF;27.32;37.32;27.285
25;3;49;01:32.0;0;;27.257;0;37.33;0;27.433;0;182.2;56:23.3;56:24.1;00:27.3;00:37.3;00:27.4;288;Jake HUGHES;;LMP2;;Algarve Pro Racing;Oreca;GF;27.257;37.33;27.433
25;3;50;01:32.5;0;;27.179;0;37.576;0;27.713;0;181.3;57:55.7;57:56.5;00:27.2;00:37.6;00:27.7;288.8;Jake HUGHES;;LMP2;;Algarve Pro Racing;Oreca;GF;27.179;37.576;27.713
25;3;51;01:32.7;0;;27.349;0;37.499;0;27.886;0;180.8;59:28.5;59:29.3;00:27.3;00:37.5;00:27.9;289.5;Jake HUGHES;;LMP2;;Algarve Pro Racing;Oreca;GF;27.349;37.499;27.886
25;3;52;01:33.0;0;;26.987;1;37.831;0;28.202;0;180.2;01:01.5;01:02.3;00:27.0;00:37.8;00:28.2;288.8;Jake HUGHES;;LMP2;;Algarve Pro Racing;Oreca;GF;26.987;37.831;28.202
25;3;53;01:37.3;0;;27.914;0;38.863;0;30.548;0;172.3;02:38.8;02:39.6;00:27.9;00:38.9;00:30.5;290.3;Jake HUGHES;;LMP2;;Algarve Pro Racing;Oreca;GF;27.914;38.863;30.548
25;3;54;01:58.9;0;;27.916;0;39.761;0;51.201;0;141;04:37.7;04:38.5;00:27.9;00:39.8;00:51.2;287.2;Jake HUGHES;;LMP2;;Algarve Pro Racing;Oreca;FCY;27.916;39.761;51.201
25;3;55;02:38.8;0;;01:13.2;0;57.6;0;28.012;0;105.6;07:16.4;07:17.2;01:13.2;00:57.6;00:28.0;;Jake HUGHES;;LMP2;;Algarve Pro Racing;Oreca;GF;73.15;57.6;28.012
25;3;56;01:34.3;0;;27.365;0;38.332;0;28.563;0;177.9;08:50.7;08:51.5;00:27.4;00:38.3;00:28.6;287.2;Jake HUGHES;;LMP2;;Algarve Pro Racing;Oreca;GF;27.365;38.332;28.563
25;3;57;01:34.4;0;;27.468;0;38.072;0;28.851;0;177.6;10:25.1;10:25.9;00:27.5;00:38.1;00:28.9;288.8;Jake HUGHES;;LMP2;;Algarve Pro Racing;Oreca;GF;27.468;38.072;28.851
25;3;58;01:34.1;0;;27.492;0;37.941;0;28.644;0;178.2;11:59.2;12:00.0;00:27.5;00:37.9;00:28.6;291.1;Jake HUGHES;;LMP2;;Algarve Pro Racing;Oreca;GF;27.492;37.941;28.644
25;3;59;01:34.5;0;;27.325;0;38.057;0;29.078;0;177.5;13:33.6;13:34.4;00:27.3;00:38.1;00:29.1;291.1;Jake HUGHES;;LMP2;;Algarve Pro Racing;Oreca;GF;27.325;38.057;29.078
25;3;60;01:33.3;0;;27.206;0;37.802;0;28.317;0;179.6;15:07.0;15:07.8;00:27.2;00:37.8;00:28.3;288.8;Jake HUGHES;;LMP2;;Algarve Pro Racing;Oreca;GF;27.206;37.802;28.317
25;3;61;01:34.8;0;;27.838;0;38.742;0;28.213;0;176.9;16:41.7;16:42.5;00:27.8;00:38.7;00:28.2;289.5;Jake HUGHES;;LMP2;;Algarve Pro Racing;Oreca;GF;27.838;38.742;28.213
25;3;62;01:33.5;0;;27.255;0;38.098;0;28.174;0;179.3;18:15.3;18:16.1;00:27.3;00:38.1;00:28.2;290.3;Jake HUGHES;;LMP2;;Algarve Pro Racing;Oreca;GF;27.255;38.098;28.174
25;3;63;01:44.1;0;;27.442;0;38.542;0;38.14;0;161;19:59.4;20:00.2;00:27.4;00:38.5;00:38.1;289.5;Jake HUGHES;;LMP2;;Algarve Pro Racing;Oreca;GF;27.442;38.542;38.14
25;3;64;02:46.8;0;B;50.356;0;01:00.2;0;56.243;0;100.5;22:46.2;22:47.0;00:50.4;01:00.2;00:56.2;128.3;Jake HUGHES;;LMP2;;Algarve Pro Racing;Oreca;GF;50.356;60.229;56.243
25;3;65;02:49.7;0;;01:41.4;0;39.771;0;28.563;0;98.8;25:36.0;25:36.8;01:41.4;00:39.8;00:28.6;192.5;Jake HUGHES;01:14.9;LMP2;;Algarve Pro Racing;Oreca;GF;101.399;39.771;28.563
25;3;66;01:33.8;0;;27.617;0;37.834;0;28.388;0;178.7;27:09.8;27:10.6;00:27.6;00:37.8;00:28.4;282.7;Jake HUGHES;;LMP2;;Algarve Pro Racing;Oreca;GF;27.617;37.834;28.388
25;3;67;01:33.4;0;;27.425;0;37.623;0;28.335;0;179.5;28:43.2;28:44.0;00:27.4;00:37.6;00:28.3;285;Jake HUGHES;;LMP2;;Algarve Pro Racing;Oreca;GF;27.425;37.623;28.335
25;3;68;01:33.7;0;;27.702;0;37.769;0;28.273;0;178.8;30:16.9;30:17.7;00:27.7;00:37.8;00:28.3;284.2;Jake HUGHES;;LMP2;;Algarve Pro Racing;Oreca;GF;27.702;37.769;28.273
25;3;69;02:00.5;0;;28.277;0;38.355;0;53.894;0;139.1;32:17.5;32:18.2;00:28.3;00:38.4;00:53.9;281.2;Jake HUGHES;;LMP2;;Algarve Pro Racing;Oreca;GF;28.277;38.355;53.894
25;3;70;03:29.1;0;B;01:12.7;0;01:19.3;0;57.063;0;80.2;35:46.5;35:47.3;01:12.7;01:19.3;00:57.1;;Jake HUGHES;;LMP2;;Algarve Pro Racing;Oreca;GF;72.706;79.321;57.063
25;3;71;03:35.5;0;;01:32.4;0;01:19.0;0;44.137;0;77.8;39:22.0;39:22.8;01:32.4;01:19.0;00:44.1;;Jake HUGHES;00:37.9;LMP2;;Algarve Pro Racing;Oreca;SF;92.365;78.985;44.137
25;3;72;02:06.6;0;;40.164;0;45.85;0;40.559;0;132.5;41:28.6;41:29.4;00:40.2;00:45.8;00:40.6;169.3;Jake HUGHES;;LMP2;;Algarve Pro Racing;Oreca;SF;40.164;45.85;40.559
25;3;73;03:13.5;0;;56.218;0;01:15.9;0;01:01.3;0;86.7;44:42.1;44:42.9;00:56.2;01:15.9;01:01.3;;Jake HUGHES;;LMP2;;Algarve Pro Racing;Oreca;SF;56.218;75.917;61.325
25;3;74;02:53.4;0;;01:05.5;0;01:06.2;0;41.712;0;96.7;47:35.5;47:36.3;01:05.5;01:06.2;00:41.7;120.7;Jake HUGHES;;LMP2;;Algarve Pro Racing;Oreca;SF;65.494;66.234;41.712
25;3;75;02:14.4;0;;38.657;0;51.959;0;43.743;0;124.8;49:49.9;49:50.7;00:38.7;00:52.0;00:43.7;211.4;Jake HUGHES;;LMP2;;Algarve Pro Racing;Oreca;GF;38.657;51.959;43.743
25;3;76;01:34.5;0;;27.748;0;38.411;0;28.314;0;177.5;51:24.3;51:25.1;00:27.7;00:38.4;00:28.3;280.5;Jake HUGHES;;LMP2;;Algarve Pro Racing;Oreca;GF;27.748;38.411;28.314
25;3;77;01:35.4;0;;27.805;0;38.877;0;28.756;0;175.7;52:59.8;53:00.6;00:27.8;00:38.9;00:28.8;285.7;Jake HUGHES;;LMP2;;Algarve Pro Racing;Oreca;GF;27.805;38.877;28.756
25;3;78;01:35.1;0;;27.605;0;38.568;0;28.885;0;176.4;54:34.8;54:35.6;00:27.6;00:38.6;00:28.9;286.5;Jake HUGHES;;LMP2;;Algarve Pro Racing;Oreca;GF;27.605;38.568;28.885
25;3;79;01:34.4;0;;28.645;0;38.056;0;27.697;0;177.6;56:09.2;56:10.0;00:28.6;00:38.1;00:27.7;287.2;Jake HUGHES;;LMP2;;Algarve Pro Racing;Oreca;GF;28.645;38.056;27.697
25;3;80;01:34.2;0;;27.789;0;38.033;0;28.355;0;178;57:43.4;57:44.2;00:27.8;00:38.0;00:28.4;287.2;Jake HUGHES;;LMP2;;Algarve Pro Racing;Oreca;GF;27.789;38.033;28.355
25;3;81;01:34.4;0;;27.704;0;38.203;0;28.477;0;177.6;59:17.8;59:18.6;00:27.7;00:38.2;00:28.5;288;Jake HUGHES;;LMP2;;Algarve Pro Racing;Oreca;GF;27.704;38.203;28.477
25;3;82;01:34.2;0;;27.438;0;38.264;0;28.514;0;177.9;00:52.0;00:52.8;00:27.4;00:38.3;00:28.5;287.2;Jake HUGHES;;LMP2;;Algarve Pro Racing;Oreca;GF;27.438;38.264;28.514
25;3;83;01:34.4;0;;27.829;0;38.337;0;28.249;0;177.6;02:26.4;02:27.2;00:27.8;00:38.3;00:28.2;286.5;Jake HUGHES;;LMP2;;Algarve Pro Racing;Oreca;GF;27.829;38.337;28.249
25;3;84;02:07.5;0;;27.83;0;42.931;0;56.783;0;131.4;04:34.0;04:34.8;00:27.8;00:42.9;00:56.8;289.5;Jake HUGHES;;LMP2;;Algarve Pro Racing;Oreca;FCY;27.83;42.931;56.783
25;3;85;02:26.7;0;;01:12.7;0;45.68;0;28.325;0;114.3;07:00.7;07:01.5;01:12.7;00:45.7;00:28.3;;Jake HUGHES;;LMP2;;Algarve Pro Racing;Oreca;GF;72.695;45.68;28.325
25;3;86;01:34.7;0;;27.515;0;37.942;0;29.224;0;177.1;08:35.3;08:36.1;00:27.5;00:37.9;00:29.2;287.2;Jake HUGHES;;LMP2;;Algarve Pro Racing;Oreca;GF;27.515;37.942;29.224
25;3;87;01:34.1;0;;27.472;0;37.775;0;28.87;0;178.1;10:09.5;10:10.3;00:27.5;00:37.8;00:28.9;283.5;Jake HUGHES;;LMP2;;Algarve Pro Racing;Oreca;GF;27.472;37.775;28.87
25;3;88;01:32.6;0;;27.176;0;37.639;0;27.793;0;181;11:42.1;11:42.9;00:27.2;00:37.6;00:27.8;285.7;Jake HUGHES;;LMP2;;Algarve Pro Racing;Oreca;GF;27.176;37.639;27.793
25;3;89;01:32.8;0;;27.182;0;37.953;0;27.647;0;180.7;13:14.9;13:15.6;00:27.2;00:38.0;00:27.6;288;Jake HUGHES;;LMP2;;Algarve Pro Racing;Oreca;GF;27.182;37.953;27.647
25;3;90;01:32.3;0;;27.094;0;37.393;0;27.823;0;181.6;14:47.2;14:48.0;00:27.1;00:37.4;00:27.8;288.8;Jake HUGHES;;LMP2;;Algarve Pro Racing;Oreca;GF;27.094;37.393;27.823
25;3;91;01:34.4;0;;27.083;0;38.598;0;28.701;0;177.6;16:21.5;16:22.3;00:27.1;00:38.6;00:28.7;289.5;Jake HUGHES;;LMP2;;Algarve Pro Racing;Oreca;GF;27.083;38.598;28.701
25;3;92;01:35.0;0;;27.589;0;38.1;0;29.343;0;176.4;17:56.6;17:57.4;00:27.6;00:38.1;00:29.3;288.8;Jake HUGHES;;LMP2;;Algarve Pro Racing;Oreca;GF;27.589;38.1;29.343
25;3;93;01:40.0;0;B;27.606;0;38.041;0;34.307;0;167.7;19:36.5;19:37.3;00:27.6;00:38.0;00:34.3;286.5;Jake HUGHES;;LMP2;;Algarve Pro Racing;Oreca;GF;27.606;38.041;34.307
25;2;94;04:00.8;0;;02:13.8;0;01:15.1;0;31.798;0;69.6;23:37.3;23:38.1;02:13.8;01:15.1;00:31.8;;Tristan VAUTIER;01:21.5;LMP2;;Algarve Pro Racing;Oreca;GF;133.841;75.114;31.798
25;2;95;01:34.7;0;;28.43;0;38.339;0;27.937;0;177;25:12.0;25:12.8;00:28.4;00:38.3;00:27.9;279.8;Tristan VAUTIER;;LMP2;;Algarve Pro Racing;Oreca;GF;28.43;38.339;27.937
25;2;96;01:33.6;0;;27.845;0;37.676;0;28.062;0;179.1;26:45.6;26:46.4;00:27.8;00:37.7;00:28.1;286.5;Tristan VAUTIER;;LMP2;;Algarve Pro Racing;Oreca;GF;27.845;37.676;28.062
25;2;97;01:33.4;0;;27.638;0;37.497;0;28.309;0;179.4;28:19.0;28:19.8;00:27.6;00:37.5;00:28.3;286.5;Tristan VAUTIER;;LMP2;;Algarve Pro Racing;Oreca;GF;27.638;37.497;28.309
25;2;98;01:33.5;0;;27.585;0;38.359;0;27.544;1;179.3;29:52.5;29:53.3;00:27.6;00:38.4;00:27.5;288.8;Tristan VAUTIER;;LMP2;;Algarve Pro Racing;Oreca;GF;27.585;38.359;27.544
25;2;99;01:32.0;0;;26.839;2;37.302;2;27.853;0;182.2;31:24.5;31:25.3;00:26.8;00:37.3;00:27.9;288;Tristan VAUTIER;;LMP2;;Algarve Pro Racing;Oreca;GF;26.839;37.302;27.853
25;2;100;01:32.3;0;;27.003;0;37.419;0;27.852;0;181.7;32:56.8;32:57.6;00:27.0;00:37.4;00:27.9;288;Tristan VAUTIER;;LMP2;;Algarve Pro Racing;Oreca;GF;27.003;37.419;27.852
25;2;101;01:33.2;0;;27.118;0;37.509;0;28.548;0;179.9;34:29.9;34:30.7;00:27.1;00:37.5;00:28.5;287.2;Tristan VAUTIER;;LMP2;;Algarve Pro Racing;Oreca;GF;27.118;37.509;28.548
25;2;102;01:32.7;0;;27.041;0;37.638;0;27.99;0;180.9;36:02.6;36:03.4;00:27.0;00:37.6;00:28.0;286.5;Tristan VAUTIER;;LMP2;;Algarve Pro Racing;Oreca;GF;27.041;37.638;27.99
25;2;103;01:35.7;0;;28.445;0;39.102;0;28.131;0;175.2;37:38.3;37:39.1;00:28.4;00:39.1;00:28.1;288.8;Tristan VAUTIER;;LMP2;;Algarve Pro Racing;Oreca;GF;28.445;39.102;28.131
25;2;104;01:32.6;0;;27.225;0;37.555;0;27.796;0;181.1;39:10.9;39:11.7;00:27.2;00:37.6;00:27.8;290.3;Tristan VAUTIER;;LMP2;;Algarve Pro Racing;Oreca;GF;27.225;37.555;27.796
25;2;105;01:33.6;0;;27.613;0;38.058;0;27.937;0;179.1;40:44.5;40:45.3;00:27.6;00:38.1;00:27.9;290.3;Tristan VAUTIER;;LMP2;;Algarve Pro Racing;Oreca;GF;27.613;38.058;27.937
25;2;106;01:35.3;0;;27.795;0;38.661;0;28.826;0;176;42:19.8;42:20.6;00:27.8;00:38.7;00:28.8;290.3;Tristan VAUTIER;;LMP2;;Algarve Pro Racing;Oreca;GF;27.795;38.661;28.826
25;2;107;01:34.6;0;;27.754;0;37.862;0;28.985;0;177.2;43:54.4;43:55.2;00:27.8;00:37.9;00:29.0;288;Tristan VAUTIER;;LMP2;;Algarve Pro Racing;Oreca;GF;27.754;37.862;28.985
25;2;108;01:33.9;0;;27.777;0;38.112;0;27.991;0;178.6;45:28.2;45:29.0;00:27.8;00:38.1;00:28.0;288;Tristan VAUTIER;;LMP2;;Algarve Pro Racing;Oreca;GF;27.777;38.112;27.991
25;2;109;01:33.4;0;;27.471;0;37.997;0;27.947;0;179.5;47:01.7;47:02.5;00:27.5;00:38.0;00:27.9;288;Tristan VAUTIER;;LMP2;;Algarve Pro Racing;Oreca;GF;27.471;37.997;27.947
25;2;110;01:32.9;0;;27.12;0;37.801;0;27.941;0;180.5;48:34.5;48:35.3;00:27.1;00:37.8;00:27.9;288.8;Tristan VAUTIER;;LMP2;;Algarve Pro Racing;Oreca;GF;27.12;37.801;27.941
25;2;111;01:33.7;0;;27.264;0;37.943;0;28.498;0;178.9;50:08.2;50:09.0;00:27.3;00:37.9;00:28.5;288.8;Tristan VAUTIER;;LMP2;;Algarve Pro Racing;Oreca;GF;27.264;37.943;28.498
25;2;112;01:34.2;0;;27.342;0;38.603;0;28.285;0;177.9;51:42.5;51:43.2;00:27.3;00:38.6;00:28.3;288.8;Tristan VAUTIER;;LMP2;;Algarve Pro Racing;Oreca;GF;27.342;38.603;28.285
25;2;113;01:33.9;0;;27.558;0;38.18;0;28.146;0;178.6;53:16.3;53:17.1;00:27.6;00:38.2;00:28.1;289.5;Tristan VAUTIER;;LMP2;;Algarve Pro Racing;Oreca;GF;27.558;38.18;28.146
25;2;114;01:34.8;0;;27.493;0;38.32;0;28.993;0;176.8;54:51.1;54:51.9;00:27.5;00:38.3;00:29.0;288;Tristan VAUTIER;;LMP2;;Algarve Pro Racing;Oreca;GF;27.493;38.32;28.993
25;2;115;01:34.0;0;;27.625;0;38.168;0;28.215;0;178.3;56:25.2;56:25.9;00:27.6;00:38.2;00:28.2;288;Tristan VAUTIER;;LMP2;;Algarve Pro Racing;Oreca;GF;27.625;38.168;28.215
25;2;116;01:36.1;0;;27.834;0;38.592;0;29.672;0;174.5;58:01.2;58:02.0;00:27.8;00:38.6;00:29.7;290.3;Tristan VAUTIER;;LMP2;;Algarve Pro Racing;Oreca;GF;27.834;38.592;29.672
25;2;117;01:37.2;0;;27.956;0;39.808;0;29.476;0;172.4;59:38.5;59:39.3;00:28.0;00:39.8;00:29.5;288.8;Tristan VAUTIER;;LMP2;;Algarve Pro Racing;Oreca;GF;27.956;39.808;29.476
25;2;118;01:36.0;0;;28.27;0;38.264;0;29.481;0;174.6;01:14.5;01:15.3;00:28.3;00:38.3;00:29.5;289.5;Tristan VAUTIER;;LMP2;;Algarve Pro Racing;Oreca;GF;28.27;38.264;29.481
25;2;119;01:34.9;0;;27.734;0;38.821;0;28.305;0;176.7;02:49.4;02:50.2;00:27.7;00:38.8;00:28.3;287.2;Tristan VAUTIER;;LMP2;;Algarve Pro Racing;Oreca;GF;27.734;38.821;28.305
25;2;120;01:35.8;0;;27.705;0;38.964;0;29.161;0;174.9;04:25.2;04:26.0;00:27.7;00:39.0;00:29.2;288.8;Tristan VAUTIER;;LMP2;;Algarve Pro Racing;Oreca;GF;27.705;38.964;29.161
25;2;121;01:39.5;0;B;27.594;0;38.29;0;33.641;0;168.5;06:04.7;06:05.5;00:27.6;00:38.3;00:33.6;286.5;Tristan VAUTIER;;LMP2;;Algarve Pro Racing;Oreca;GF;27.594;38.29;33.641
25;2;122;02:32.3;0;;01:23.4;0;39.081;0;29.844;0;110.1;08:37.0;08:37.8;01:23.4;00:39.1;00:29.8;210.9;Tristan VAUTIER;00:59.7;LMP2;;Algarve Pro Racing;Oreca;GF;83.404;39.081;29.844
25;2;123;01:36.5;0;;27.906;0;38.991;0;29.556;0;173.8;10:13.5;10:14.3;00:27.9;00:39.0;00:29.6;287.2;Tristan VAUTIER;;LMP2;;Algarve Pro Racing;Oreca;GF;27.906;38.991;29.556
25;2;124;01:37.2;0;;28.833;0;38.921;0;29.442;0;172.5;11:50.7;11:51.5;00:28.8;00:38.9;00:29.4;260.9;Tristan VAUTIER;;LMP2;;Algarve Pro Racing;Oreca;GF;28.833;38.921;29.442
25;2;125;01:36.0;0;;28.072;0;39.265;0;28.62;0;174.7;13:26.7;13:27.4;00:28.1;00:39.3;00:28.6;288.8;Tristan VAUTIER;;LMP2;;Algarve Pro Racing;Oreca;GF;28.072;39.265;28.62
25;2;126;01:34.9;0;;27.624;0;38.821;0;28.456;0;176.7;15:01.6;15:02.4;00:27.6;00:38.8;00:28.5;285.7;Tristan VAUTIER;;LMP2;;Algarve Pro Racing;Oreca;GF;27.624;38.821;28.456
25;2;127;01:35.5;0;;27.776;0;38.603;0;29.164;0;175.5;16:37.1;16:37.9;00:27.8;00:38.6;00:29.2;287.2;Tristan VAUTIER;;LMP2;;Algarve Pro Racing;Oreca;GF;27.776;38.603;29.164
25;2;128;01:35.0;0;;28.01;0;38.42;0;28.537;0;176.5;18:12.1;18:12.9;00:28.0;00:38.4;00:28.5;285;Tristan VAUTIER;;LMP2;;Algarve Pro Racing;Oreca;GF;28.01;38.42;28.537
25;2;129;01:34.0;0;;27.511;0;38.164;0;28.288;0;178.4;19:46.0;19:46.8;00:27.5;00:38.2;00:28.3;287.2;Tristan VAUTIER;;LMP2;;Algarve Pro Racing;Oreca;GF;27.511;38.164;28.288
25;2;130;01:36.3;0;;27.576;0;38.722;0;30.016;0;174.1;21:22.3;21:23.1;00:27.6;00:38.7;00:30.0;288.8;Tristan VAUTIER;;LMP2;;Algarve Pro Racing;Oreca;GF;27.576;38.722;30.016
25;2;131;01:35.1;0;;27.879;0;38.588;0;28.606;0;176.3;22:57.4;22:58.2;00:27.9;00:38.6;00:28.6;285.7;Tristan VAUTIER;;LMP2;;Algarve Pro Racing;Oreca;GF;27.879;38.588;28.606
25;2;132;01:35.8;0;;27.878;0;38.537;0;29.394;0;175;24:33.2;24:34.0;00:27.9;00:38.5;00:29.4;288;Tristan VAUTIER;;LMP2;;Algarve Pro Racing;Oreca;GF;27.878;38.537;29.394
25;2;133;01:35.2;0;;28.009;0;38.819;0;28.38;0;176.1;26:08.4;26:09.2;00:28.0;00:38.8;00:28.4;287.2;Tristan VAUTIER;;LMP2;;Algarve Pro Racing;Oreca;GF;28.009;38.819;28.38
25;2;134;01:35.2;0;;27.619;0;38.778;0;28.779;0;176.1;27:43.6;27:44.4;00:27.6;00:38.8;00:28.8;288;Tristan VAUTIER;;LMP2;;Algarve Pro Racing;Oreca;FF;27.619;38.778;28.779
28;1;1;02:02.4;0;;30.73;0;50.971;0;40.689;0;132.9;02:02.4;02:03.2;00:30.7;00:51.0;00:40.7;;Paul LAFARGUE;;LMP2;;IDEC Sport;Oreca;SF;30.73;50.971;40.689
28;1;2;03:48.3;0;;01:10.5;0;01:26.6;0;01:11.2;0;73.4;05:50.7;05:51.5;01:10.5;01:26.6;01:11.2;;Paul LAFARGUE;;LMP2;;IDEC Sport;Oreca;RF;70.472;86.579;71.25
28;1;3;27:12.1;0;;25:18.3;0;01:08.4;0;45.413;0;10.3;33:02.8;33:03.6;25:18.3;01:08.4;00:45.4;;Paul LAFARGUE;;LMP2;;IDEC Sport;Oreca;SF;1518.286;68.388;45.413
28;1;4;02:26.0;0;;49.531;0;54.482;0;42.034;0;114.8;35:28.8;35:29.6;00:49.5;00:54.5;00:42.0;123;Paul LAFARGUE;;LMP2;;IDEC Sport;Oreca;GF;49.531;54.482;42.034
28;1;5;01:35.7;0;;29.308;0;38.445;0;27.943;0;175.2;37:04.5;37:05.3;00:29.3;00:38.4;00:27.9;290.3;Paul LAFARGUE;;LMP2;;IDEC Sport;Oreca;GF;29.308;38.445;27.943
28;1;6;01:33.7;0;;27.514;0;38.019;0;28.122;0;179;38:38.2;38:39.0;00:27.5;00:38.0;00:28.1;291.1;Paul LAFARGUE;;LMP2;;IDEC Sport;Oreca;GF;27.514;38.019;28.122
28;1;7;01:33.7;0;;27.074;1;38.856;0;27.757;0;178.9;40:11.9;40:12.7;00:27.1;00:38.9;00:27.8;290.3;Paul LAFARGUE;;LMP2;;IDEC Sport;Oreca;GF;27.074;38.856;27.757
28;1;8;01:33.2;0;;27.201;0;38.11;0;27.843;0;180;41:45.0;41:45.8;00:27.2;00:38.1;00:27.8;288.8;Paul LAFARGUE;;LMP2;;IDEC Sport;Oreca;GF;27.201;38.11;27.843
28;1;9;01:32.3;0;;27.094;0;37.641;0;27.601;0;181.6;43:17.4;43:18.1;00:27.1;00:37.6;00:27.6;290.3;Paul LAFARGUE;;LMP2;;IDEC Sport;Oreca;GF;27.094;37.641;27.601
28;1;10;01:32.2;0;;26.926;0;37.579;1;27.732;1;181.8;44:49.6;44:50.4;00:26.9;00:37.6;00:27.7;291.9;Paul LAFARGUE;;LMP2;;IDEC Sport;Oreca;GF;26.926;37.579;27.732
28;1;11;01:36.0;0;;27.687;0;38.121;0;30.214;0;174.6;46:25.6;46:26.4;00:27.7;00:38.1;00:30.2;286.5;Paul LAFARGUE;;LMP2;;IDEC Sport;Oreca;GF;27.687;38.121;30.214
28;1;12;01:37.3;0;;27.799;0;39.92;0;29.542;0;172.4;48:02.9;48:03.7;00:27.8;00:39.9;00:29.5;291.9;Paul LAFARGUE;;LMP2;;IDEC Sport;Oreca;GF;27.799;39.92;29.542
28;1;13;01:34.4;0;;27.433;0;38.364;0;28.592;0;177.6;49:37.3;49:38.1;00:27.4;00:38.4;00:28.6;291.9;Paul LAFARGUE;;LMP2;;IDEC Sport;Oreca;GF;27.433;38.364;28.592
28;1;14;01:33.7;0;;27.369;0;38.466;0;27.896;0;178.9;51:11.0;51:11.8;00:27.4;00:38.5;00:27.9;291.9;Paul LAFARGUE;;LMP2;;IDEC Sport;Oreca;GF;27.369;38.466;27.896
28;1;15;01:33.4;0;;27.725;0;37.732;0;27.913;0;179.6;52:44.4;52:45.2;00:27.7;00:37.7;00:27.9;288.8;Paul LAFARGUE;;LMP2;;IDEC Sport;Oreca;GF;27.725;37.732;27.913
28;1;16;01:33.2;0;;27.475;0;37.863;0;27.845;0;179.9;54:17.5;54:18.3;00:27.5;00:37.9;00:27.8;291.1;Paul LAFARGUE;;LMP2;;IDEC Sport;Oreca;GF;27.475;37.863;27.845
28;1;17;01:34.0;0;;27.559;0;38.466;0;27.992;0;178.3;55:51.6;55:52.4;00:27.6;00:38.5;00:28.0;291.9;Paul LAFARGUE;;LMP2;;IDEC Sport;Oreca;GF;27.559;38.466;27.992
28;1;18;01:37.2;0;;27.393;0;39.847;0;29.992;0;172.4;57:28.8;57:29.6;00:27.4;00:39.8;00:30.0;288;Paul LAFARGUE;;LMP2;;IDEC Sport;Oreca;GF;27.393;39.847;29.992
28;1;19;01:34.0;0;;27.332;0;38.045;0;28.624;0;178.4;59:02.8;59:03.6;00:27.3;00:38.0;00:28.6;290.3;Paul LAFARGUE;;LMP2;;IDEC Sport;Oreca;GF;27.332;38.045;28.624
28;1;20;01:34.4;0;;27.435;0;38.53;0;28.434;0;177.6;00:37.2;00:38.0;00:27.4;00:38.5;00:28.4;291.1;Paul LAFARGUE;;LMP2;;IDEC Sport;Oreca;GF;27.435;38.53;28.434
28;1;21;01:34.5;0;;27.727;0;38.414;0;28.382;0;177.4;02:11.7;02:12.5;00:27.7;00:38.4;00:28.4;291.1;Paul LAFARGUE;;LMP2;;IDEC Sport;Oreca;GF;27.727;38.414;28.382
28;1;22;01:34.3;0;;27.525;0;38.562;0;28.217;0;177.8;03:46.0;03:46.8;00:27.5;00:38.6;00:28.2;288.8;Paul LAFARGUE;;LMP2;;IDEC Sport;Oreca;GF;27.525;38.562;28.217
28;1;23;01:34.5;0;;27.685;0;38.305;0;28.503;0;177.4;05:20.5;05:21.3;00:27.7;00:38.3;00:28.5;291.1;Paul LAFARGUE;;LMP2;;IDEC Sport;Oreca;GF;27.685;38.305;28.503
28;1;24;01:37.4;0;;29.177;0;39.524;0;28.685;0;172.2;06:57.9;06:58.7;00:29.2;00:39.5;00:28.7;288;Paul LAFARGUE;;LMP2;;IDEC Sport;Oreca;GF;29.177;39.524;28.685
28;1;25;01:35.3;0;;27.624;0;38.086;0;29.563;0;176;08:33.2;08:34.0;00:27.6;00:38.1;00:29.6;288.8;Paul LAFARGUE;;LMP2;;IDEC Sport;Oreca;GF;27.624;38.086;29.563
28;1;26;01:34.8;0;;27.769;0;38.634;0;28.354;0;176.9;10:07.9;10:08.7;00:27.8;00:38.6;00:28.4;289.5;Paul LAFARGUE;;LMP2;;IDEC Sport;Oreca;GF;27.769;38.634;28.354
28;1;27;01:40.3;0;B;27.699;0;38.84;0;33.743;0;167.2;11:48.2;11:49.0;00:27.7;00:38.8;00:33.7;291.9;Paul LAFARGUE;;LMP2;;IDEC Sport;Oreca;GF;27.699;38.84;33.743
28;1;28;02:54.5;0;;01:46.5;0;39.319;0;28.671;0;96.1;14:42.7;14:43.5;01:46.5;00:39.3;00:28.7;201.1;Paul LAFARGUE;01:19.9;LMP2;;IDEC Sport;Oreca;GF;106.546;39.319;28.671
28;1;29;01:36.1;0;;27.775;0;39.478;0;28.808;0;174.5;16:18.8;16:19.6;00:27.8;00:39.5;00:28.8;289.5;Paul LAFARGUE;;LMP2;;IDEC Sport;Oreca;GF;27.775;39.478;28.808
28;1;30;01:33.5;0;;27.495;0;37.963;0;28.021;0;179.3;17:52.3;17:53.1;00:27.5;00:38.0;00:28.0;290.3;Paul LAFARGUE;;LMP2;;IDEC Sport;Oreca;GF;27.495;37.963;28.021
28;1;31;01:35.5;0;;27.943;0;38.942;0;28.567;0;175.6;19:27.7;19:28.5;00:27.9;00:38.9;00:28.6;291.1;Paul LAFARGUE;;LMP2;;IDEC Sport;Oreca;GF;27.943;38.942;28.567
28;1;32;01:37.7;0;;27.92;0;39.775;0;30.04;0;171.5;21:05.5;21:06.3;00:27.9;00:39.8;00:30.0;291.9;Paul LAFARGUE;;LMP2;;IDEC Sport;Oreca;GF;27.92;39.775;30.04
28;1;33;01:33.8;0;;27.63;0;37.981;0;28.165;0;178.8;22:39.3;22:40.0;00:27.6;00:38.0;00:28.2;290.3;Paul LAFARGUE;;LMP2;;IDEC Sport;Oreca;GF;27.63;37.981;28.165
28;1;34;01:38.9;0;;30.008;0;39.882;0;29.022;0;169.5;24:18.2;24:19.0;00:30.0;00:39.9;00:29.0;290.3;Paul LAFARGUE;;LMP2;;IDEC Sport;Oreca;GF;30.008;39.882;29.022
28;1;35;01:35.2;0;;28.448;0;38.69;0;28.104;0;176;25:53.4;25:54.2;00:28.4;00:38.7;00:28.1;290.3;Paul LAFARGUE;;LMP2;;IDEC Sport;Oreca;GF;28.448;38.69;28.104
28;1;36;01:34.7;0;;27.276;0;38.186;0;29.283;0;177;27:28.2;27:28.9;00:27.3;00:38.2;00:29.3;290.3;Paul LAFARGUE;;LMP2;;IDEC Sport;Oreca;GF;27.276;38.186;29.283
28;1;37;01:34.4;0;;27.297;0;38.072;0;29.07;0;177.5;29:02.6;29:03.4;00:27.3;00:38.1;00:29.1;291.1;Paul LAFARGUE;;LMP2;;IDEC Sport;Oreca;GF;27.297;38.072;29.07
28;1;38;01:35.8;0;;28.066;0;39.479;0;28.221;0;175.1;30:38.4;30:39.2;00:28.1;00:39.5;00:28.2;291.1;Paul LAFARGUE;;LMP2;;IDEC Sport;Oreca;GF;28.066;39.479;28.221
28;1;39;01:33.8;0;;27.639;0;38.168;0;28.04;0;178.6;32:12.2;32:13.0;00:27.6;00:38.2;00:28.0;291.1;Paul LAFARGUE;;LMP2;;IDEC Sport;Oreca;GF;27.639;38.168;28.04
28;1;40;07:17.4;0;B;27.258;0;05:52.4;0;57.694;0;38.3;39:29.6;39:30.4;00:27.3;05:52.4;00:57.7;291.9;Paul LAFARGUE;;LMP2;;IDEC Sport;Oreca;GF;27.258;352.409;57.694
28;3;41;04:04.4;0;;02:33.9;0;55.86;0;34.63;0;68.6;43:33.9;43:34.7;02:33.9;00:55.9;00:34.6;;Paul-Loup CHATIN;01:50.4;LMP2;;IDEC Sport;Oreca;SF;153.895;55.86;34.63
28;3;42;03:03.4;0;;39.683;0;01:22.5;0;01:01.2;0;91.4;46:37.3;46:38.1;00:39.7;01:22.5;01:01.2;185.2;Paul-Loup CHATIN;;LMP2;;IDEC Sport;Oreca;SF;39.683;82.54;61.16
28;3;43;03:00.5;0;;01:11.7;0;01:06.7;0;42.065;0;92.9;49:37.8;49:38.6;01:11.7;01:06.7;00:42.1;;Paul-Loup CHATIN;;LMP2;;IDEC Sport;Oreca;SF;71.739;66.693;42.065
28;3;44;02:11.4;0;;39.756;0;51.783;0;39.836;0;127.6;51:49.2;51:50.0;00:39.8;00:51.8;00:39.8;156.7;Paul-Loup CHATIN;;LMP2;;IDEC Sport;Oreca;GF;39.756;51.783;39.836
28;3;45;01:35.7;0;;28.399;0;38.906;0;28.393;0;175.2;53:24.9;53:25.7;00:28.4;00:38.9;00:28.4;290.3;Paul-Loup CHATIN;;LMP2;;IDEC Sport;Oreca;GF;28.399;38.906;28.393
28;3;46;01:33.0;0;;27.213;0;37.695;0;28.072;0;180.3;54:57.9;54:58.7;00:27.2;00:37.7;00:28.1;290.3;Paul-Loup CHATIN;;LMP2;;IDEC Sport;Oreca;GF;27.213;37.695;28.072
28;3;47;01:32.9;0;;27.253;0;37.621;0;28.004;0;180.5;56:30.8;56:31.6;00:27.3;00:37.6;00:28.0;289.5;Paul-Loup CHATIN;;LMP2;;IDEC Sport;Oreca;GF;27.253;37.621;28.004
28;3;48;01:32.6;0;;27.253;0;37.48;1;27.86;0;181.1;58:03.4;58:04.1;00:27.3;00:37.5;00:27.9;289.5;Paul-Loup CHATIN;;LMP2;;IDEC Sport;Oreca;GF;27.253;37.48;27.86
28;3;49;01:32.5;0;;27.279;0;37.523;0;27.745;1;181.2;59:35.9;59:36.7;00:27.3;00:37.5;00:27.7;291.1;Paul-Loup CHATIN;;LMP2;;IDEC Sport;Oreca;GF;27.279;37.523;27.745
28;3;50;01:32.6;0;;27.122;1;37.608;0;27.891;0;181;01:08.5;01:09.3;00:27.1;00:37.6;00:27.9;291.1;Paul-Loup CHATIN;;LMP2;;IDEC Sport;Oreca;GF;27.122;37.608;27.891
28;3;51;01:35.2;0;;27.307;0;38.019;0;29.908;0;176;02:43.8;02:44.6;00:27.3;00:38.0;00:29.9;292.7;Paul-Loup CHATIN;;LMP2;;IDEC Sport;Oreca;GF;27.307;38.019;29.908
28;3;52;01:59.5;0;;27.81;0;39.386;0;52.268;0;140.3;04:43.2;04:44.0;00:27.8;00:39.4;00:52.3;291.9;Paul-Loup CHATIN;;LMP2;;IDEC Sport;Oreca;FCY;27.81;39.386;52.268
28;3;53;02:38.0;0;;01:13.7;0;55.216;0;29.1;0;106.1;07:21.3;07:22.1;01:13.7;00:55.2;00:29.1;;Paul-Loup CHATIN;;LMP2;;IDEC Sport;Oreca;GF;73.733;55.216;29.1
28;3;54;01:34.7;0;;27.772;0;38.355;0;28.559;0;177.1;08:56.0;08:56.7;00:27.8;00:38.4;00:28.6;289.5;Paul-Loup CHATIN;;LMP2;;IDEC Sport;Oreca;GF;27.772;38.355;28.559
28;3;55;01:34.9;0;;27.637;0;38.342;0;28.895;0;176.7;10:30.8;10:31.6;00:27.6;00:38.3;00:28.9;289.5;Paul-Loup CHATIN;;LMP2;;IDEC Sport;Oreca;GF;27.637;38.342;28.895
28;3;56;01:34.2;0;;27.606;0;38.327;0;28.229;0;178;12:05.0;12:05.8;00:27.6;00:38.3;00:28.2;289.5;Paul-Loup CHATIN;;LMP2;;IDEC Sport;Oreca;GF;27.606;38.327;28.229
28;3;57;01:33.4;0;;27.235;0;38.087;0;28.067;0;179.5;13:38.4;13:39.2;00:27.2;00:38.1;00:28.1;289.5;Paul-Loup CHATIN;;LMP2;;IDEC Sport;Oreca;GF;27.235;38.087;28.067
28;3;58;01:33.8;0;;27.674;0;38.024;0;28.091;0;178.8;15:12.2;15:13.0;00:27.7;00:38.0;00:28.1;290.3;Paul-Loup CHATIN;;LMP2;;IDEC Sport;Oreca;GF;27.674;38.024;28.091
28;3;59;01:34.6;0;;27.3;0;38.234;0;29.022;0;177.3;16:46.7;16:47.5;00:27.3;00:38.2;00:29.0;290.3;Paul-Loup CHATIN;;LMP2;;IDEC Sport;Oreca;GF;27.3;38.234;29.022
28;3;60;01:33.5;0;;27.542;0;37.862;0;28.137;0;179.2;18:20.3;18:21.1;00:27.5;00:37.9;00:28.1;288.8;Paul-Loup CHATIN;;LMP2;;IDEC Sport;Oreca;GF;27.542;37.862;28.137
28;3;61;01:34.8;0;;27.231;0;37.82;0;29.791;0;176.8;19:55.1;19:55.9;00:27.2;00:37.8;00:29.8;290.3;Paul-Loup CHATIN;;LMP2;;IDEC Sport;Oreca;GF;27.231;37.82;29.791
28;3;62;01:36.4;0;;28.999;0;39.068;0;28.351;0;173.9;21:31.5;21:32.3;00:29.0;00:39.1;00:28.4;287.2;Paul-Loup CHATIN;;LMP2;;IDEC Sport;Oreca;GF;28.999;39.068;28.351
28;3;63;01:35.3;0;;27.559;0;38.714;0;29.019;0;175.9;23:06.8;23:07.6;00:27.6;00:38.7;00:29.0;291.1;Paul-Loup CHATIN;;LMP2;;IDEC Sport;Oreca;GF;27.559;38.714;29.019
28;3;64;01:34.7;0;;27.875;0;38.246;0;28.598;0;177;24:41.5;24:42.3;00:27.9;00:38.2;00:28.6;290.3;Paul-Loup CHATIN;;LMP2;;IDEC Sport;Oreca;GF;27.875;38.246;28.598
28;3;65;01:34.5;0;;27.838;0;38.297;0;28.408;0;177.3;26:16.1;26:16.9;00:27.8;00:38.3;00:28.4;290.3;Paul-Loup CHATIN;;LMP2;;IDEC Sport;Oreca;GF;27.838;38.297;28.408
28;3;66;01:35.4;0;;27.544;0;39.139;0;28.706;0;175.8;27:51.5;27:52.3;00:27.5;00:39.1;00:28.7;290.3;Paul-Loup CHATIN;;LMP2;;IDEC Sport;Oreca;GF;27.544;39.139;28.706
28;3;67;01:38.2;0;;27.676;0;38.266;0;32.209;0;170.8;29:29.6;29:30.4;00:27.7;00:38.3;00:32.2;291.9;Paul-Loup CHATIN;;LMP2;;IDEC Sport;Oreca;GF;27.676;38.266;32.209
28;3;68;01:36.1;0;;28.612;0;38.761;0;28.726;0;174.5;31:05.7;31:06.5;00:28.6;00:38.8;00:28.7;285.7;Paul-Loup CHATIN;;LMP2;;IDEC Sport;Oreca;GF;28.612;38.761;28.726
28;3;69;02:47.8;0;B;31.003;0;01:19.3;0;57.543;0;99.9;33:53.6;33:54.4;00:31.0;01:19.3;00:57.5;290.3;Paul-Loup CHATIN;;LMP2;;IDEC Sport;Oreca;GF;31.003;79.299;57.543
28;3;70;04:19.3;0;;02:02.6;0;01:19.6;0;57.051;0;64.7;38:12.8;38:13.6;02:02.6;01:19.6;00:57.1;;Paul-Loup CHATIN;01:08.1;LMP2;;IDEC Sport;Oreca;GF;122.602;79.613;57.051
28;3;71;02:54.1;0;;01:01.0;0;55.717;0;57.446;0;96.3;41:07.0;41:07.8;01:01.0;00:55.7;00:57.4;;Paul-Loup CHATIN;;LMP2;;IDEC Sport;Oreca;SF;60.964;55.717;57.446
28;3;72;03:24.4;0;;58.081;0;01:23.9;0;01:02.4;0;82;44:31.4;44:32.2;00:58.1;01:23.9;01:02.4;123.6;Paul-Loup CHATIN;;LMP2;;IDEC Sport;Oreca;SF;58.081;83.931;62.408
28;3;73;02:52.0;0;;01:05.9;0;01:05.2;0;40.929;0;97.4;47:23.4;47:24.2;01:05.9;01:05.2;00:40.9;;Paul-Loup CHATIN;;LMP2;;IDEC Sport;Oreca;SF;65.928;65.184;40.929
28;3;74;02:20.9;0;;41.133;0;51.904;0;47.881;0;119;49:44.3;49:45.1;00:41.1;00:51.9;00:47.9;162.9;Paul-Loup CHATIN;;LMP2;;IDEC Sport;Oreca;GF;41.133;51.904;47.881
28;3;75;01:42.8;0;;30.386;0;41.707;0;30.69;0;163.1;51:27.1;51:27.9;00:30.4;00:41.7;00:30.7;267.3;Paul-Loup CHATIN;;LMP2;;IDEC Sport;Oreca;GF;30.386;41.707;30.69
28;3;76;01:34.5;0;;27.702;0;38.245;0;28.583;0;177.4;53:01.6;53:02.4;00:27.7;00:38.2;00:28.6;285.7;Paul-Loup CHATIN;;LMP2;;IDEC Sport;Oreca;GF;27.702;38.245;28.583
28;3;77;01:35.2;0;;27.493;0;38.061;0;29.657;0;176.1;54:36.9;54:37.7;00:27.5;00:38.1;00:29.7;286.5;Paul-Loup CHATIN;;LMP2;;IDEC Sport;Oreca;GF;27.493;38.061;29.657
28;3;78;01:35.6;0;;28.228;0;38.657;0;28.696;0;175.4;56:12.4;56:13.2;00:28.2;00:38.7;00:28.7;285;Paul-Loup CHATIN;;LMP2;;IDEC Sport;Oreca;GF;28.228;38.657;28.696
28;3;79;01:34.5;0;;27.596;0;38.414;0;28.506;0;177.4;57:47.0;57:47.8;00:27.6;00:38.4;00:28.5;288;Paul-Loup CHATIN;;LMP2;;IDEC Sport;Oreca;GF;27.596;38.414;28.506
28;3;80;01:36.2;0;;28.92;0;38.697;0;28.565;0;174.3;59:23.1;59:23.9;00:28.9;00:38.7;00:28.6;250;Paul-Loup CHATIN;;LMP2;;IDEC Sport;Oreca;GF;28.92;38.697;28.565
28;3;81;01:34.0;0;;27.416;0;38.235;0;28.377;0;178.3;00:57.2;00:58.0;00:27.4;00:38.2;00:28.4;288.8;Paul-Loup CHATIN;;LMP2;;IDEC Sport;Oreca;GF;27.416;38.235;28.377
28;3;82;01:36.0;0;;27.567;0;38.328;0;30.155;0;174.5;02:33.2;02:34.0;00:27.6;00:38.3;00:30.2;288;Paul-Loup CHATIN;;LMP2;;IDEC Sport;Oreca;GF;27.567;38.328;30.155
28;3;83;02:15.7;0;;27.576;0;51.257;0;56.907;0;123.5;04:49.0;04:49.8;00:27.6;00:51.3;00:56.9;284.2;Paul-Loup CHATIN;;LMP2;;IDEC Sport;Oreca;FCY;27.576;51.257;56.907
28;3;84;02:23.1;0;;01:12.6;0;41.048;0;29.458;0;117.2;07:12.0;07:12.8;01:12.6;00:41.0;00:29.5;;Paul-Loup CHATIN;;LMP2;;IDEC Sport;Oreca;GF;72.586;41.048;29.458
28;3;85;01:34.6;0;;27.648;0;38.691;0;28.231;0;177.3;08:46.6;08:47.4;00:27.6;00:38.7;00:28.2;286.5;Paul-Loup CHATIN;;LMP2;;IDEC Sport;Oreca;GF;27.648;38.691;28.231
28;3;86;01:37.0;0;;28.27;0;39.583;0;29.115;0;172.9;10:23.6;10:24.4;00:28.3;00:39.6;00:29.1;288.8;Paul-Loup CHATIN;;LMP2;;IDEC Sport;Oreca;GF;28.27;39.583;29.115
28;3;87;01:36.2;0;;27.852;0;39.484;0;28.859;0;174.3;11:59.8;12:00.6;00:27.9;00:39.5;00:28.9;288.8;Paul-Loup CHATIN;;LMP2;;IDEC Sport;Oreca;GF;27.852;39.484;28.859
28;3;88;01:40.9;0;B;27.829;0;39.028;0;34.063;0;166.1;13:40.7;13:41.5;00:27.8;00:39.0;00:34.1;288.8;Paul-Loup CHATIN;;LMP2;;IDEC Sport;Oreca;GF;27.829;39.028;34.063
28;3;89;01:56.2;0;;47.716;0;39.733;0;28.774;0;144.3;15:36.9;15:37.7;00:47.7;00:39.7;00:28.8;210.9;Paul-Loup CHATIN;00:23.8;LMP2;;IDEC Sport;Oreca;GF;47.716;39.733;28.774
28;3;90;01:36.7;0;;28.573;0;39.259;0;28.834;0;173.4;17:13.6;17:14.4;00:28.6;00:39.3;00:28.8;289.5;Paul-Loup CHATIN;;LMP2;;IDEC Sport;Oreca;GF;28.573;39.259;28.834
28;3;91;01:36.4;0;;27.649;0;38.776;0;29.992;0;173.9;18:50.0;18:50.8;00:27.6;00:38.8;00:30.0;288;Paul-Loup CHATIN;;LMP2;;IDEC Sport;Oreca;GF;27.649;38.776;29.992
28;3;92;01:39.4;0;B;27.618;0;38.074;0;33.671;0;168.7;20:29.4;20:30.2;00:27.6;00:38.1;00:33.7;285.7;Paul-Loup CHATIN;;LMP2;;IDEC Sport;Oreca;GF;27.618;38.074;33.671
28;2;93;03:27.9;0;;02:05.1;0;52.703;0;30.122;0;80.6;23:57.3;23:58.1;02:05.1;00:52.7;00:30.1;;Job VAN UITERT;01:10.1;LMP2;;IDEC Sport;Oreca;GF;125.099;52.703;30.122
28;2;94;01:34.9;0;;28.139;0;38.559;0;28.21;0;176.6;25:32.2;25:33.0;00:28.1;00:38.6;00:28.2;281.2;Job VAN UITERT;;LMP2;;IDEC Sport;Oreca;GF;28.139;38.559;28.21
28;2;95;01:33.1;0;;27.102;0;37.458;0;28.55;0;180.1;27:05.3;27:06.1;00:27.1;00:37.5;00:28.6;285;Job VAN UITERT;;LMP2;;IDEC Sport;Oreca;GF;27.102;37.458;28.55
28;2;96;01:32.9;0;;26.855;2;37.261;2;28.747;0;180.5;28:38.2;28:39.0;00:26.9;00:37.3;00:28.7;286.5;Job VAN UITERT;;LMP2;;IDEC Sport;Oreca;GF;26.855;37.261;28.747
28;2;97;01:34.2;0;;27.171;0;37.898;0;29.144;0;177.9;30:12.4;30:13.2;00:27.2;00:37.9;00:29.1;282;Job VAN UITERT;;LMP2;;IDEC Sport;Oreca;GF;27.171;37.898;29.144
28;2;98;01:33.1;0;;26.982;0;37.308;0;28.836;0;180;31:45.5;31:46.3;00:27.0;00:37.3;00:28.8;285;Job VAN UITERT;;LMP2;;IDEC Sport;Oreca;GF;26.982;37.308;28.836
28;2;99;01:32.6;0;;27.028;0;37.817;0;27.737;0;181.1;33:18.1;33:18.9;00:27.0;00:37.8;00:27.7;289.5;Job VAN UITERT;;LMP2;;IDEC Sport;Oreca;GF;27.028;37.817;27.737
28;2;100;01:32.0;2;;26.878;0;37.427;0;27.662;0;182.3;34:50.1;34:50.9;00:26.9;00:37.4;00:27.7;288.8;Job VAN UITERT;;LMP2;;IDEC Sport;Oreca;GF;26.878;37.427;27.662
28;2;101;01:33.4;0;;26.914;0;38.598;0;27.841;0;179.6;36:23.4;36:24.2;00:26.9;00:38.6;00:27.8;289.5;Job VAN UITERT;;LMP2;;IDEC Sport;Oreca;GF;26.914;38.598;27.841
28;2;102;01:32.4;0;;27.086;0;37.394;0;27.941;0;181.4;37:55.8;37:56.6;00:27.1;00:37.4;00:27.9;289.5;Job VAN UITERT;;LMP2;;IDEC Sport;Oreca;GF;27.086;37.394;27.941
28;2;103;01:32.9;0;;27.034;0;38.198;0;27.645;2;180.5;39:28.7;39:29.5;00:27.0;00:38.2;00:27.6;288;Job VAN UITERT;;LMP2;;IDEC Sport;Oreca;GF;27.034;38.198;27.645
28;2;104;01:32.4;0;;27.003;0;37.594;0;27.771;0;181.5;41:01.1;41:01.9;00:27.0;00:37.6;00:27.8;288.8;Job VAN UITERT;;LMP2;;IDEC Sport;Oreca;GF;27.003;37.594;27.771
28;2;105;01:32.6;0;;26.993;0;37.514;0;28.129;0;181;42:33.7;42:34.5;00:27.0;00:37.5;00:28.1;288.8;Job VAN UITERT;;LMP2;;IDEC Sport;Oreca;GF;26.993;37.514;28.129
28;2;106;01:34.4;0;;27.669;0;38.295;0;28.443;0;177.6;44:08.1;44:08.9;00:27.7;00:38.3;00:28.4;290.3;Job VAN UITERT;;LMP2;;IDEC Sport;Oreca;GF;27.669;38.295;28.443
28;2;107;01:37.1;0;;27.48;0;39.13;0;30.509;0;172.6;45:45.2;45:46.0;00:27.5;00:39.1;00:30.5;289.5;Job VAN UITERT;;LMP2;;IDEC Sport;Oreca;GF;27.48;39.13;30.509
28;2;108;01:33.5;0;;27.201;0;38.438;0;27.877;0;179.3;47:18.8;47:19.6;00:27.2;00:38.4;00:27.9;288;Job VAN UITERT;;LMP2;;IDEC Sport;Oreca;GF;27.201;38.438;27.877
28;2;109;01:32.6;0;;26.946;0;37.522;0;28.09;0;181.1;48:51.3;48:52.1;00:26.9;00:37.5;00:28.1;288.8;Job VAN UITERT;;LMP2;;IDEC Sport;Oreca;GF;26.946;37.522;28.09
28;2;110;01:33.4;0;;27.461;0;37.735;0;28.162;0;179.6;50:24.7;50:25.5;00:27.5;00:37.7;00:28.2;287.2;Job VAN UITERT;;LMP2;;IDEC Sport;Oreca;GF;27.461;37.735;28.162
28;2;111;01:33.1;0;;27.334;0;37.787;0;28.012;0;180;51:57.8;51:58.6;00:27.3;00:37.8;00:28.0;288.8;Job VAN UITERT;;LMP2;;IDEC Sport;Oreca;GF;27.334;37.787;28.012
28;2;112;01:34.4;0;;27.08;0;39.15;0;28.183;0;177.6;53:32.2;53:33.0;00:27.1;00:39.2;00:28.2;289.5;Job VAN UITERT;;LMP2;;IDEC Sport;Oreca;GF;27.08;39.15;28.183
28;2;113;01:34.6;0;;28.267;0;38.163;0;28.151;0;177.3;55:06.8;55:07.6;00:28.3;00:38.2;00:28.2;289.5;Job VAN UITERT;;LMP2;;IDEC Sport;Oreca;GF;28.267;38.163;28.151
28;2;114;01:33.9;0;;28.104;0;37.845;0;27.991;0;178.5;56:40.7;56:41.5;00:28.1;00:37.8;00:28.0;289.5;Job VAN UITERT;;LMP2;;IDEC Sport;Oreca;GF;28.104;37.845;27.991
28;2;115;01:38.8;0;B;27.143;0;38.299;0;33.339;0;169.7;58:19.5;58:20.3;00:27.1;00:38.3;00:33.3;288.8;Job VAN UITERT;;LMP2;;IDEC Sport;Oreca;GF;27.143;38.299;33.339
28;2;116;02:34.0;0;;01:22.8;0;40.145;0;31.125;0;108.8;00:53.5;00:54.3;01:22.8;00:40.1;00:31.1;208.5;Job VAN UITERT;00:58.0;LMP2;;IDEC Sport;Oreca;GF;82.752;40.145;31.125
28;2;117;01:33.8;0;;27.33;0;38.099;0;28.327;0;178.8;02:27.3;02:28.1;00:27.3;00:38.1;00:28.3;286.5;Job VAN UITERT;;LMP2;;IDEC Sport;Oreca;GF;27.33;38.099;28.327
28;2;118;01:33.6;0;;27.348;0;37.974;0;28.311;0;179.1;04:00.9;04:01.7;00:27.3;00:38.0;00:28.3;285.7;Job VAN UITERT;;LMP2;;IDEC Sport;Oreca;GF;27.348;37.974;28.311
28;2;119;01:34.2;0;;27.347;0;38.579;0;28.27;0;178;05:35.1;05:35.9;00:27.3;00:38.6;00:28.3;287.2;Job VAN UITERT;;LMP2;;IDEC Sport;Oreca;GF;27.347;38.579;28.27
28;2;120;01:34.2;0;;27.475;0;38.472;0;28.21;0;178.1;07:09.3;07:10.1;00:27.5;00:38.5;00:28.2;287.2;Job VAN UITERT;;LMP2;;IDEC Sport;Oreca;GF;27.475;38.472;28.21
28;2;121;01:33.8;0;;27.376;0;38.032;0;28.372;0;178.8;08:43.1;08:43.9;00:27.4;00:38.0;00:28.4;288;Job VAN UITERT;;LMP2;;IDEC Sport;Oreca;GF;27.376;38.032;28.372
28;2;122;01:34.9;0;;27.665;0;38.826;0;28.441;0;176.6;10:18.0;10:18.8;00:27.7;00:38.8;00:28.4;289.5;Job VAN UITERT;;LMP2;;IDEC Sport;Oreca;GF;27.665;38.826;28.441
28;2;123;01:35.4;0;;27.679;0;38.725;0;28.991;0;175.7;11:53.4;11:54.2;00:27.7;00:38.7;00:29.0;288.8;Job VAN UITERT;;LMP2;;IDEC Sport;Oreca;GF;27.679;38.725;28.991
28;2;124;01:36.1;0;;27.996;0;39.187;0;28.879;0;174.5;13:29.5;13:30.3;00:28.0;00:39.2;00:28.9;288;Job VAN UITERT;;LMP2;;IDEC Sport;Oreca;GF;27.996;39.187;28.879
28;2;125;01:35.7;0;;27.86;0;38.625;0;29.237;0;175.1;15:05.2;15:06.0;00:27.9;00:38.6;00:29.2;288.8;Job VAN UITERT;;LMP2;;IDEC Sport;Oreca;GF;27.86;38.625;29.237
28;2;126;01:35.9;0;;27.721;0;38.491;0;29.69;0;174.8;16:41.1;16:41.9;00:27.7;00:38.5;00:29.7;285;Job VAN UITERT;;LMP2;;IDEC Sport;Oreca;GF;27.721;38.491;29.69
28;2;127;01:35.6;0;;27.836;0;38.651;0;29.134;0;175.3;18:16.7;18:17.5;00:27.8;00:38.7;00:29.1;286.5;Job VAN UITERT;;LMP2;;IDEC Sport;Oreca;GF;27.836;38.651;29.134
28;2;128;01:34.5;0;;27.548;0;38.344;0;28.649;0;177.3;19:51.2;19:52.0;00:27.5;00:38.3;00:28.6;285.7;Job VAN UITERT;;LMP2;;IDEC Sport;Oreca;GF;27.548;38.344;28.649
28;2;129;01:34.4;0;;27.63;0;38.333;0;28.412;0;177.6;21:25.6;21:26.4;00:27.6;00:38.3;00:28.4;287.2;Job VAN UITERT;;LMP2;;IDEC Sport;Oreca;GF;27.63;38.333;28.412
28;2;130;01:35.5;0;;28.152;0;38.55;0;28.753;0;175.6;23:01.1;23:01.9;00:28.2;00:38.6;00:28.8;289.5;Job VAN UITERT;;LMP2;;IDEC Sport;Oreca;GF;28.152;38.55;28.753
28;2;131;01:36.3;0;;28.628;0;38.472;0;29.249;0;174;24:37.4;24:38.2;00:28.6;00:38.5;00:29.2;280.5;Job VAN UITERT;;LMP2;;IDEC Sport;Oreca;GF;28.628;38.472;29.249
28;2;132;01:36.9;0;;27.864;0;39.097;0;29.923;0;173;26:14.3;26:15.1;00:27.9;00:39.1;00:29.9;286.5;Job VAN UITERT;;LMP2;;IDEC Sport;Oreca;GF;27.864;39.097;29.923
28;2;133;01:34.8;0;;27.648;0;38.323;0;28.8;0;176.9;27:49.1;27:49.9;00:27.6;00:38.3;00:28.8;285.7;Job VAN UITERT;;LMP2;;IDEC Sport;Oreca;FF;27.648;38.323;28.8
29;1;1;01:59.3;0;;29.047;0;49.554;0;40.66;0;136.4;01:59.3;02:00.1;00:29.0;00:49.6;00:40.7;;Louis ROUSSET;;LMP2;;Forestier Racing by Panis;Oreca;SF;29.047;49.554;40.66
29;1;2;03:43.5;0;;01:10.8;0;01:25.7;0;01:06.9;0;75;05:42.7;05:43.5;01:10.8;01:25.7;01:06.9;124.9;Louis ROUSSET;;LMP2;;Forestier Racing by Panis;Oreca;RF;70.844;85.695;66.949
29;1;3;27:17.2;0;;25:22.3;0;01:08.8;0;46.108;0;10.2;33:00.0;33:00.8;25:22.3;01:08.8;00:46.1;;Louis ROUSSET;;LMP2;;Forestier Racing by Panis;Oreca;SF;1522.345;68.771;46.108
29;1;4;02:26.9;0;;48.651;0;55.308;0;42.944;0;114.1;35:26.9;35:27.7;00:48.7;00:55.3;00:42.9;149.4;Louis ROUSSET;;LMP2;;Forestier Racing by Panis;Oreca;GF;48.651;55.308;42.944
29;1;5;01:34.3;0;;28.097;0;38.158;0;28.048;0;177.8;37:01.2;37:02.0;00:28.1;00:38.2;00:28.0;291.1;Louis ROUSSET;;LMP2;;Forestier Racing by Panis;Oreca;GF;28.097;38.158;28.048
29;1;6;01:32.4;0;;27.378;0;37.54;0;27.486;0;181.4;38:33.6;38:34.4;00:27.4;00:37.5;00:27.5;291.9;Louis ROUSSET;;LMP2;;Forestier Racing by Panis;Oreca;GF;27.378;37.54;27.486
29;1;7;01:32.8;0;;27.608;0;37.587;0;27.576;0;180.7;40:06.4;40:07.2;00:27.6;00:37.6;00:27.6;291.1;Louis ROUSSET;;LMP2;;Forestier Racing by Panis;Oreca;GF;27.608;37.587;27.576
29;1;8;01:32.1;0;;27.348;0;37.398;0;27.388;1;182;41:38.5;41:39.3;00:27.3;00:37.4;00:27.4;290.3;Louis ROUSSET;;LMP2;;Forestier Racing by Panis;Oreca;GF;27.348;37.398;27.388
29;1;9;01:31.5;0;;27.016;1;37.099;1;27.411;0;183.2;43:10.0;43:10.8;00:27.0;00:37.1;00:27.4;290.3;Louis ROUSSET;;LMP2;;Forestier Racing by Panis;Oreca;GF;27.016;37.099;27.411
29;1;10;01:32.5;0;;27.247;0;37.396;0;27.873;0;181.2;44:42.5;44:43.3;00:27.2;00:37.4;00:27.9;288;Louis ROUSSET;;LMP2;;Forestier Racing by Panis;Oreca;GF;27.247;37.396;27.873
29;1;11;01:35.9;0;;28.068;0;38.67;0;29.158;0;174.8;46:18.4;46:19.2;00:28.1;00:38.7;00:29.2;290.3;Louis ROUSSET;;LMP2;;Forestier Racing by Panis;Oreca;GF;28.068;38.67;29.158
29;1;12;01:35.9;0;;27.661;0;38.66;0;29.573;0;174.8;47:54.3;47:55.1;00:27.7;00:38.7;00:29.6;292.7;Louis ROUSSET;;LMP2;;Forestier Racing by Panis;Oreca;GF;27.661;38.66;29.573
29;1;13;01:33.2;0;;27.447;0;38.151;0;27.605;0;179.9;49:27.5;49:28.3;00:27.4;00:38.2;00:27.6;290.3;Louis ROUSSET;;LMP2;;Forestier Racing by Panis;Oreca;GF;27.447;38.151;27.605
29;1;14;01:33.2;0;;27.897;0;37.43;0;27.877;0;179.9;51:00.7;51:01.5;00:27.9;00:37.4;00:27.9;291.1;Louis ROUSSET;;LMP2;;Forestier Racing by Panis;Oreca;GF;27.897;37.43;27.877
29;1;15;01:37.9;0;B;27.055;0;37.565;0;33.27;0;171.3;52:38.6;52:39.4;00:27.1;00:37.6;00:33.3;291.1;Louis ROUSSET;;LMP2;;Forestier Racing by Panis;Oreca;GF;27.055;37.565;33.27
29;1;16;01:53.0;0;;47.04;0;38.319;0;27.672;0;148.3;54:31.6;54:32.4;00:47.0;00:38.3;00:27.7;212.2;Louis ROUSSET;00:23.7;LMP2;;Forestier Racing by Panis;Oreca;GF;47.04;38.319;27.672
29;1;17;01:32.6;0;;27.08;0;37.739;0;27.751;0;181.1;56:04.2;56:05.0;00:27.1;00:37.7;00:27.8;291.9;Louis ROUSSET;;LMP2;;Forestier Racing by Panis;Oreca;GF;27.08;37.739;27.751
29;1;18;01:33.5;0;;27.244;0;37.673;0;28.625;0;179.2;57:37.8;57:38.6;00:27.2;00:37.7;00:28.6;289.5;Louis ROUSSET;;LMP2;;Forestier Racing by Panis;Oreca;GF;27.244;37.673;28.625
29;1;19;01:34.3;0;;28.122;0;38.049;0;28.119;0;177.8;59:12.1;59:12.8;00:28.1;00:38.0;00:28.1;291.1;Louis ROUSSET;;LMP2;;Forestier Racing by Panis;Oreca;GF;28.122;38.049;28.119
29;1;20;01:33.6;0;;27.424;0;38.225;0;27.925;0;179.2;00:45.6;00:46.4;00:27.4;00:38.2;00:27.9;291.1;Louis ROUSSET;;LMP2;;Forestier Racing by Panis;Oreca;GF;27.424;38.225;27.925
29;1;21;01:34.8;0;;27.511;0;37.935;0;29.332;0;176.9;02:20.4;02:21.2;00:27.5;00:37.9;00:29.3;291.1;Louis ROUSSET;;LMP2;;Forestier Racing by Panis;Oreca;GF;27.511;37.935;29.332
29;1;22;01:33.9;0;;27.661;0;38.029;0;28.182;0;178.6;03:54.3;03:55.1;00:27.7;00:38.0;00:28.2;291.9;Louis ROUSSET;;LMP2;;Forestier Racing by Panis;Oreca;GF;27.661;38.029;28.182
29;1;23;01:33.9;0;;27.509;0;38.015;0;28.359;0;178.6;05:28.2;05:29.0;00:27.5;00:38.0;00:28.4;290.3;Louis ROUSSET;;LMP2;;Forestier Racing by Panis;Oreca;GF;27.509;38.015;28.359
29;1;24;01:34.2;0;;27.524;0;38.038;0;28.609;0;178;07:02.3;07:03.1;00:27.5;00:38.0;00:28.6;291.1;Louis ROUSSET;;LMP2;;Forestier Racing by Panis;Oreca;GF;27.524;38.038;28.609
29;1;25;01:33.7;0;;27.592;0;38;0;28.154;0;178.8;08:36.1;08:36.9;00:27.6;00:38.0;00:28.2;291.1;Louis ROUSSET;;LMP2;;Forestier Racing by Panis;Oreca;GF;27.592;38;28.154
29;1;26;01:41.6;0;B;28.021;0;38.427;0;35.196;0;164.9;10:17.7;10:18.5;00:28.0;00:38.4;00:35.2;290.3;Louis ROUSSET;;LMP2;;Forestier Racing by Panis;Oreca;GF;28.021;38.427;35.196
29;1;27;02:31.5;0;;01:24.1;0;38.312;0;29.143;0;110.6;12:49.2;12:50.0;01:24.1;00:38.3;00:29.1;211.8;Louis ROUSSET;01:00.0;LMP2;;Forestier Racing by Panis;Oreca;GF;84.066;38.312;29.143
29;1;28;01:35.5;0;;28.489;0;38.608;0;28.415;0;175.5;14:24.8;14:25.5;00:28.5;00:38.6;00:28.4;291.1;Louis ROUSSET;;LMP2;;Forestier Racing by Panis;Oreca;GF;28.489;38.608;28.415
29;1;29;01:35.0;0;;27.726;0;38.397;0;28.913;0;176.4;15:59.8;16:00.6;00:27.7;00:38.4;00:28.9;291.9;Louis ROUSSET;;LMP2;;Forestier Racing by Panis;Oreca;GF;27.726;38.397;28.913
29;1;30;01:34.7;0;;27.769;0;38.077;0;28.827;0;177.1;17:34.5;17:35.3;00:27.8;00:38.1;00:28.8;291.9;Louis ROUSSET;;LMP2;;Forestier Racing by Panis;Oreca;GF;27.769;38.077;28.827
29;1;31;01:35.2;0;;28.189;0;38.285;0;28.683;0;176.2;19:09.6;19:10.4;00:28.2;00:38.3;00:28.7;291.1;Louis ROUSSET;;LMP2;;Forestier Racing by Panis;Oreca;GF;28.189;38.285;28.683
29;1;32;01:35.6;0;;28.653;0;38.238;0;28.743;0;175.3;20:45.3;20:46.0;00:28.7;00:38.2;00:28.7;287.2;Louis ROUSSET;;LMP2;;Forestier Racing by Panis;Oreca;GF;28.653;38.238;28.743
29;1;33;01:35.2;0;;28.068;0;38.614;0;28.542;0;176.1;22:20.5;22:21.3;00:28.1;00:38.6;00:28.5;290.3;Louis ROUSSET;;LMP2;;Forestier Racing by Panis;Oreca;GF;28.068;38.614;28.542
29;1;34;01:35.2;0;;27.904;0;38.457;0;28.832;0;176.1;23:55.7;23:56.5;00:27.9;00:38.5;00:28.8;291.1;Louis ROUSSET;;LMP2;;Forestier Racing by Panis;Oreca;GF;27.904;38.457;28.832
29;1;35;01:37.8;0;;28.377;0;39.711;0;29.718;0;171.4;25:33.5;25:34.3;00:28.4;00:39.7;00:29.7;290.3;Louis ROUSSET;;LMP2;;Forestier Racing by Panis;Oreca;GF;28.377;39.711;29.718
29;1;36;01:35.6;0;;28.077;0;38.553;0;28.936;0;175.4;27:09.0;27:09.8;00:28.1;00:38.6;00:28.9;291.9;Louis ROUSSET;;LMP2;;Forestier Racing by Panis;Oreca;GF;28.077;38.553;28.936
29;1;37;01:36.9;0;;27.923;0;40.205;0;28.727;0;173.1;28:45.9;28:46.7;00:27.9;00:40.2;00:28.7;294.3;Louis ROUSSET;;LMP2;;Forestier Racing by Panis;Oreca;GF;27.923;40.205;28.727
29;1;38;01:36.2;0;;27.848;0;39.209;0;29.12;0;174.3;30:22.1;30:22.9;00:27.8;00:39.2;00:29.1;289.5;Louis ROUSSET;;LMP2;;Forestier Racing by Panis;Oreca;GF;27.848;39.209;29.12
29;1;39;01:35.5;0;;28.282;0;38.53;0;28.701;0;175.5;31:57.6;31:58.4;00:28.3;00:38.5;00:28.7;291.1;Louis ROUSSET;;LMP2;;Forestier Racing by Panis;Oreca;GF;28.282;38.53;28.701
29;1;40;01:36.1;0;;29.202;0;38.296;0;28.595;0;174.5;33:33.7;33:34.5;00:29.2;00:38.3;00:28.6;291.1;Louis ROUSSET;;LMP2;;Forestier Racing by Panis;Oreca;GF;29.202;38.296;28.595
29;1;41;02:46.5;0;B;31.097;0;01:18.5;0;56.853;0;100.7;36:20.2;36:21.0;00:31.1;01:18.5;00:56.9;291.1;Louis ROUSSET;;LMP2;;Forestier Racing by Panis;Oreca;GF;31.097;78.545;56.853
29;2;42;04:27.4;0;;02:10.4;0;01:20.0;0;56.965;0;62.7;40:47.6;40:48.3;02:10.4;01:20.0;00:57.0;;Oliver GRAY;01:15.4;LMP2;;Forestier Racing by Panis;Oreca;GF;130.366;80.046;56.965
29;2;43;02:28.1;0;;01:04.4;0;49.606;0;34.074;0;113.2;43:15.6;43:16.4;01:04.4;00:49.6;00:34.1;;Oliver GRAY;;LMP2;;Forestier Racing by Panis;Oreca;SF;64.403;49.606;34.074
29;2;44;03:17.1;0;;54.078;0;01:21.7;0;01:01.3;0;85.1;46:32.7;46:33.5;00:54.1;01:21.7;01:01.3;;Oliver GRAY;;LMP2;;Forestier Racing by Panis;Oreca;SF;54.078;81.669;61.306
29;2;45;03:01.7;0;;01:12.9;0;01:07.1;0;41.668;0;92.3;49:34.3;49:35.1;01:12.9;01:07.1;00:41.7;;Oliver GRAY;;LMP2;;Forestier Racing by Panis;Oreca;SF;72.858;67.125;41.668
29;2;46;02:11.1;0;;39.151;0;52.266;0;39.662;0;127.9;51:45.4;51:46.2;00:39.2;00:52.3;00:39.7;145.7;Oliver GRAY;;LMP2;;Forestier Racing by Panis;Oreca;GF;39.151;52.266;39.662
29;2;47;01:35.4;0;;28.383;0;38.741;0;28.287;0;175.7;53:20.8;53:21.6;00:28.4;00:38.7;00:28.3;289.5;Oliver GRAY;;LMP2;;Forestier Racing by Panis;Oreca;GF;28.383;38.741;28.287
29;2;48;01:33.2;0;;27.75;0;37.725;0;27.757;0;179.8;54:54.1;54:54.9;00:27.8;00:37.7;00:27.8;291.1;Oliver GRAY;;LMP2;;Forestier Racing by Panis;Oreca;GF;27.75;37.725;27.757
29;2;49;01:32.3;0;;27.576;0;37.224;0;27.503;0;181.6;56:26.4;56:27.2;00:27.6;00:37.2;00:27.5;291.9;Oliver GRAY;;LMP2;;Forestier Racing by Panis;Oreca;GF;27.576;37.224;27.503
29;2;50;01:31.3;2;;26.906;1;37.006;2;27.362;2;183.7;57:57.6;57:58.4;00:26.9;00:37.0;00:27.4;291.1;Oliver GRAY;;LMP2;;Forestier Racing by Panis;Oreca;GF;26.906;37.006;27.362
29;2;51;01:31.8;0;;27.036;0;37.176;0;27.593;0;182.6;59:29.4;59:30.2;00:27.0;00:37.2;00:27.6;291.9;Oliver GRAY;;LMP2;;Forestier Racing by Panis;Oreca;GF;27.036;37.176;27.593
29;2;52;01:32.5;0;;27.023;0;37.463;0;27.971;0;181.3;01:01.9;01:02.7;00:27.0;00:37.5;00:28.0;288.8;Oliver GRAY;;LMP2;;Forestier Racing by Panis;Oreca;GF;27.023;37.463;27.971
29;2;53;01:37.0;0;;27.673;0;39.209;0;30.133;0;172.8;02:38.9;02:39.7;00:27.7;00:39.2;00:30.1;283.5;Oliver GRAY;;LMP2;;Forestier Racing by Panis;Oreca;GF;27.673;39.209;30.133
29;2;54;01:53.2;0;;27.268;0;38.675;0;47.258;0;148.1;04:32.1;04:32.9;00:27.3;00:38.7;00:47.3;291.1;Oliver GRAY;;LMP2;;Forestier Racing by Panis;Oreca;FCY;27.268;38.675;47.258
29;2;55;02:41.3;0;;01:12.8;0;01:00.3;0;28.228;0;104;07:13.4;07:14.2;01:12.8;01:00.3;00:28.2;;Oliver GRAY;;LMP2;;Forestier Racing by Panis;Oreca;GF;72.752;60.275;28.228
29;2;56;01:34.4;0;;27.479;0;37.966;0;28.906;0;177.7;08:47.7;08:48.5;00:27.5;00:38.0;00:28.9;291.1;Oliver GRAY;;LMP2;;Forestier Racing by Panis;Oreca;GF;27.479;37.966;28.906
29;2;57;01:34.0;0;;27.336;0;38.424;0;28.252;0;178.3;10:21.7;10:22.5;00:27.3;00:38.4;00:28.3;291.1;Oliver GRAY;;LMP2;;Forestier Racing by Panis;Oreca;GF;27.336;38.424;28.252
29;2;58;01:33.1;0;;27.251;0;37.996;0;27.822;0;180.1;11:54.8;11:55.6;00:27.3;00:38.0;00:27.8;291.9;Oliver GRAY;;LMP2;;Forestier Racing by Panis;Oreca;GF;27.251;37.996;27.822
29;2;59;01:33.3;0;;27.269;0;38.077;0;27.915;0;179.8;13:28.1;13:28.9;00:27.3;00:38.1;00:27.9;290.3;Oliver GRAY;;LMP2;;Forestier Racing by Panis;Oreca;GF;27.269;38.077;27.915
29;2;60;01:33.9;0;;27.468;0;38.232;0;28.242;0;178.5;15:02.0;15:02.8;00:27.5;00:38.2;00:28.2;289.5;Oliver GRAY;;LMP2;;Forestier Racing by Panis;Oreca;GF;27.468;38.232;28.242
29;2;61;01:34.1;0;;28.282;0;37.817;0;27.952;0;178.3;16:36.1;16:36.9;00:28.3;00:37.8;00:28.0;288.8;Oliver GRAY;;LMP2;;Forestier Racing by Panis;Oreca;GF;28.282;37.817;27.952
29;2;62;01:33.0;0;;27.259;0;37.516;0;28.193;0;180.3;18:09.0;18:09.8;00:27.3;00:37.5;00:28.2;290.3;Oliver GRAY;;LMP2;;Forestier Racing by Panis;Oreca;GF;27.259;37.516;28.193
29;2;63;01:34.2;0;;27.841;0;38.338;0;28.023;0;178;19:43.2;19:44.0;00:27.8;00:38.3;00:28.0;284.2;Oliver GRAY;;LMP2;;Forestier Racing by Panis;Oreca;GF;27.841;38.338;28.023
29;2;64;01:34.7;0;;27.317;0;38.144;0;29.2;0;177.1;21:17.9;21:18.7;00:27.3;00:38.1;00:29.2;287.2;Oliver GRAY;;LMP2;;Forestier Racing by Panis;Oreca;GF;27.317;38.144;29.2
29;2;65;01:33.7;0;;27.454;0;38.139;0;28.064;0;179;22:51.5;22:52.3;00:27.5;00:38.1;00:28.1;288.8;Oliver GRAY;;LMP2;;Forestier Racing by Panis;Oreca;GF;27.454;38.139;28.064
29;2;66;01:33.7;0;;27.328;0;38.146;0;28.246;0;178.9;24:25.3;24:26.1;00:27.3;00:38.1;00:28.2;289.5;Oliver GRAY;;LMP2;;Forestier Racing by Panis;Oreca;GF;27.328;38.146;28.246
29;2;67;01:33.9;0;;27.35;0;38.634;0;27.933;0;178.5;25:59.2;26:00.0;00:27.4;00:38.6;00:27.9;290.3;Oliver GRAY;;LMP2;;Forestier Racing by Panis;Oreca;GF;27.35;38.634;27.933
29;2;68;01:34.1;0;;27.206;0;37.934;0;28.959;0;178.2;27:33.3;27:34.1;00:27.2;00:37.9;00:29.0;291.1;Oliver GRAY;;LMP2;;Forestier Racing by Panis;Oreca;GF;27.206;37.934;28.959
29;2;69;01:33.7;0;;27.743;0;38.021;0;27.973;0;178.9;29:07.0;29:07.8;00:27.7;00:38.0;00:28.0;287.2;Oliver GRAY;;LMP2;;Forestier Racing by Panis;Oreca;GF;27.743;38.021;27.973
29;2;70;01:34.0;0;;27.404;0;37.926;0;28.718;0;178.3;30:41.1;30:41.9;00:27.4;00:37.9;00:28.7;291.1;Oliver GRAY;;LMP2;;Forestier Racing by Panis;Oreca;GF;27.404;37.926;28.718
29;2;71;02:25.4;0;B;27.667;0;01:00.9;0;56.862;0;115.3;33:06.5;33:07.3;00:27.7;01:00.9;00:56.9;288.8;Oliver GRAY;;LMP2;;Forestier Racing by Panis;Oreca;GF;27.667;60.866;56.862
29;2;72;04:23.6;0;;02:07.2;0;01:19.5;0;56.855;0;63.6;37:30.0;37:30.8;02:07.2;01:19.5;00:56.9;;Oliver GRAY;01:12.6;LMP2;;Forestier Racing by Panis;Oreca;GF;127.24;79.468;56.855
29;2;73;03:29.3;0;;01:13.7;0;01:18.9;0;56.759;0;80.1;40:59.4;41:00.2;01:13.7;01:18.9;00:56.8;;Oliver GRAY;;LMP2;;Forestier Racing by Panis;Oreca;SF;73.709;78.877;56.759
29;2;74;03:29.0;0;;59.488;0;01:26.0;0;01:03.4;0;80.2;44:28.3;44:29.1;00:59.5;01:26.0;01:03.4;;Oliver GRAY;;LMP2;;Forestier Racing by Panis;Oreca;SF;59.488;86.032;63.436
29;2;75;02:51.9;0;;01:05.8;0;01:05.3;0;40.772;0;97.5;47:20.2;47:21.0;01:05.8;01:05.3;00:40.8;;Oliver GRAY;;LMP2;;Forestier Racing by Panis;Oreca;SF;65.826;65.277;40.772
29;2;76;02:21.7;0;;41.598;0;51.431;0;48.637;0;118.3;49:41.9;49:42.7;00:41.6;00:51.4;00:48.6;173.1;Oliver GRAY;;LMP2;;Forestier Racing by Panis;Oreca;GF;41.598;51.431;48.637
29;2;77;01:33.9;0;;28.021;0;37.955;0;27.896;0;178.6;51:15.7;51:16.5;00:28.0;00:38.0;00:27.9;284.2;Oliver GRAY;;LMP2;;Forestier Racing by Panis;Oreca;GF;28.021;37.955;27.896
29;2;78;01:32.6;0;;27.256;0;37.63;0;27.753;0;181;52:48.4;52:49.2;00:27.3;00:37.6;00:27.8;288;Oliver GRAY;;LMP2;;Forestier Racing by Panis;Oreca;GF;27.256;37.63;27.753
29;2;79;01:32.5;0;;27.14;0;37.551;0;27.78;0;181.3;54:20.8;54:21.6;00:27.1;00:37.6;00:27.8;288;Oliver GRAY;;LMP2;;Forestier Racing by Panis;Oreca;GF;27.14;37.551;27.78
29;2;80;01:32.5;0;;27.217;0;37.574;0;27.66;0;181.3;55:53.3;55:54.1;00:27.2;00:37.6;00:27.7;288.8;Oliver GRAY;;LMP2;;Forestier Racing by Panis;Oreca;GF;27.217;37.574;27.66
29;2;81;01:32.4;0;;27.049;0;37.633;0;27.751;0;181.4;57:25.7;57:26.5;00:27.0;00:37.6;00:27.8;288.8;Oliver GRAY;;LMP2;;Forestier Racing by Panis;Oreca;GF;27.049;37.633;27.751
29;2;82;01:33.2;0;;27.058;0;37.71;0;28.44;0;179.9;58:58.9;58:59.7;00:27.1;00:37.7;00:28.4;289.5;Oliver GRAY;;LMP2;;Forestier Racing by Panis;Oreca;GF;27.058;37.71;28.44
29;2;83;01:34.4;0;;27.191;0;38.734;0;28.467;0;177.6;00:33.3;00:34.1;00:27.2;00:38.7;00:28.5;289.5;Oliver GRAY;;LMP2;;Forestier Racing by Panis;Oreca;GF;27.191;38.734;28.467
29;2;84;01:35.9;0;;27.402;0;38.582;0;29.949;0;174.8;02:09.3;02:10.1;00:27.4;00:38.6;00:29.9;290.3;Oliver GRAY;;LMP2;;Forestier Racing by Panis;Oreca;GF;27.402;38.582;29.949
29;2;85;01:56.4;0;;28.111;0;38.918;0;49.382;0;144;04:05.7;04:06.5;00:28.1;00:38.9;00:49.4;288;Oliver GRAY;;LMP2;;Forestier Racing by Panis;Oreca;FCY;28.111;38.918;49.382
29;2;86;02:39.4;0;;01:12.8;0;58.181;0;28.44;0;105.2;06:45.1;06:45.9;01:12.8;00:58.2;00:28.4;;Oliver GRAY;;LMP2;;Forestier Racing by Panis;Oreca;GF;72.795;58.181;28.44
29;2;87;01:35.0;0;;28.125;0;38.892;0;27.946;0;176.5;08:20.1;08:20.8;00:28.1;00:38.9;00:27.9;259.6;Oliver GRAY;;LMP2;;Forestier Racing by Panis;Oreca;GF;28.125;38.892;27.946
29;2;88;01:33.1;0;;27.274;0;37.768;0;28.039;0;180.1;09:53.1;09:53.9;00:27.3;00:37.8;00:28.0;288;Oliver GRAY;;LMP2;;Forestier Racing by Panis;Oreca;GF;27.274;37.768;28.039
29;2;89;01:38.7;0;B;27.566;0;37.936;0;33.209;0;169.8;11:31.8;11:32.6;00:27.6;00:37.9;00:33.2;291.1;Oliver GRAY;;LMP2;;Forestier Racing by Panis;Oreca;GF;27.566;37.936;33.209
29;3;90;03:06.2;0;;01:58.3;0;39.619;0;28.245;0;90;14:38.1;14:38.9;01:58.3;00:39.6;00:28.2;204.2;Esteban MASSON;01:31.3;LMP2;;Forestier Racing by Panis;Oreca;GF;118.347;39.619;28.245
29;3;91;01:33.3;0;;27.819;0;37.755;0;27.721;0;179.7;16:11.4;16:12.1;00:27.8;00:37.8;00:27.7;288;Esteban MASSON;;LMP2;;Forestier Racing by Panis;Oreca;GF;27.819;37.755;27.721
29;3;92;01:32.9;0;;27.349;0;37.523;0;27.991;0;180.5;17:44.2;17:45.0;00:27.3;00:37.5;00:28.0;288.8;Esteban MASSON;;LMP2;;Forestier Racing by Panis;Oreca;GF;27.349;37.523;27.991
29;3;93;01:33.1;0;;27.569;0;37.622;0;27.95;0;180;19:17.4;19:18.2;00:27.6;00:37.6;00:28.0;287.2;Esteban MASSON;;LMP2;;Forestier Racing by Panis;Oreca;GF;27.569;37.622;27.95
29;3;94;01:35.7;0;;27.438;0;38.56;0;29.724;0;175.1;20:53.1;20:53.9;00:27.4;00:38.6;00:29.7;288;Esteban MASSON;;LMP2;;Forestier Racing by Panis;Oreca;GF;27.438;38.56;29.724
29;3;95;02:39.0;0;;55.235;0;01:15.8;0;27.955;0;105.4;23:32.1;23:32.9;00:55.2;01:15.8;00:28.0;122.2;Esteban MASSON;;LMP2;;Forestier Racing by Panis;Oreca;GF;55.235;75.835;27.955
29;3;96;01:34.1;0;;27.53;0;38.289;0;28.253;0;178.2;25:06.2;25:07.0;00:27.5;00:38.3;00:28.3;291.1;Esteban MASSON;;LMP2;;Forestier Racing by Panis;Oreca;GF;27.53;38.289;28.253
29;3;97;01:33.7;0;;27.414;0;38.445;0;27.881;0;178.8;26:39.9;26:40.7;00:27.4;00:38.4;00:27.9;288;Esteban MASSON;;LMP2;;Forestier Racing by Panis;Oreca;GF;27.414;38.445;27.881
29;3;98;01:33.4;0;;27.375;0;38.217;0;27.807;0;179.5;28:13.3;28:14.1;00:27.4;00:38.2;00:27.8;287.2;Esteban MASSON;;LMP2;;Forestier Racing by Panis;Oreca;GF;27.375;38.217;27.807
29;3;99;01:32.7;0;;27.306;0;37.663;0;27.692;0;180.9;29:46.0;29:46.8;00:27.3;00:37.7;00:27.7;289.5;Esteban MASSON;;LMP2;;Forestier Racing by Panis;Oreca;GF;27.306;37.663;27.692
29;3;100;01:32.6;0;;27.283;0;37.725;0;27.596;0;181;31:18.6;31:19.4;00:27.3;00:37.7;00:27.6;288.8;Esteban MASSON;;LMP2;;Forestier Racing by Panis;Oreca;GF;27.283;37.725;27.596
29;3;101;01:33.3;0;;27.293;0;37.947;0;28.01;0;179.8;32:51.8;32:52.6;00:27.3;00:37.9;00:28.0;287.2;Esteban MASSON;;LMP2;;Forestier Racing by Panis;Oreca;GF;27.293;37.947;28.01
29;3;102;01:31.8;0;;27;0;37.192;0;27.598;0;182.6;34:23.6;34:24.4;00:27.0;00:37.2;00:27.6;288;Esteban MASSON;;LMP2;;Forestier Racing by Panis;Oreca;GF;27;37.192;27.598
29;3;103;01:32.7;0;;27.313;0;37.363;0;28.023;0;180.9;35:56.3;35:57.1;00:27.3;00:37.4;00:28.0;279.8;Esteban MASSON;;LMP2;;Forestier Racing by Panis;Oreca;GF;27.313;37.363;28.023
29;3;104;01:31.6;0;;26.924;0;37.191;0;27.474;1;183;37:27.9;37:28.7;00:26.9;00:37.2;00:27.5;289.5;Esteban MASSON;;LMP2;;Forestier Racing by Panis;Oreca;GF;26.924;37.191;27.474
29;3;105;01:33.8;0;;26.937;0;39.009;0;27.825;0;178.8;39:01.7;39:02.5;00:26.9;00:39.0;00:27.8;285.7;Esteban MASSON;;LMP2;;Forestier Racing by Panis;Oreca;GF;26.937;39.009;27.825
29;3;106;01:33.4;0;;27.231;0;37.506;0;28.682;0;179.5;40:35.1;40:35.9;00:27.2;00:37.5;00:28.7;285;Esteban MASSON;;LMP2;;Forestier Racing by Panis;Oreca;GF;27.231;37.506;28.682
29;3;107;01:34.1;0;;27.412;0;37.929;0;28.769;0;178.1;42:09.2;42:10.0;00:27.4;00:37.9;00:28.8;288;Esteban MASSON;;LMP2;;Forestier Racing by Panis;Oreca;GF;27.412;37.929;28.769
29;3;108;01:33.5;0;;27.325;0;38.245;0;27.953;0;179.3;43:42.7;43:43.5;00:27.3;00:38.2;00:28.0;286.5;Esteban MASSON;;LMP2;;Forestier Racing by Panis;Oreca;GF;27.325;38.245;27.953
29;3;109;01:33.6;0;;27.964;0;37.894;0;27.771;0;179.1;45:16.4;45:17.2;00:28.0;00:37.9;00:27.8;285.7;Esteban MASSON;;LMP2;;Forestier Racing by Panis;Oreca;GF;27.964;37.894;27.771
29;3;110;01:32.7;0;;27.088;0;37.928;0;27.712;0;180.8;46:49.1;46:49.9;00:27.1;00:37.9;00:27.7;286.5;Esteban MASSON;;LMP2;;Forestier Racing by Panis;Oreca;GF;27.088;37.928;27.712
29;3;111;01:32.0;0;;26.984;0;37.355;0;27.641;0;182.3;48:21.1;48:21.9;00:27.0;00:37.4;00:27.6;287.2;Esteban MASSON;;LMP2;;Forestier Racing by Panis;Oreca;GF;26.984;37.355;27.641
29;3;112;01:33.0;0;;27.602;0;37.598;0;27.796;0;180.3;49:54.1;49:54.9;00:27.6;00:37.6;00:27.8;286.5;Esteban MASSON;;LMP2;;Forestier Racing by Panis;Oreca;GF;27.602;37.598;27.796
29;3;113;01:33.6;0;;27.148;0;37.934;0;28.502;0;179.1;51:27.6;51:28.4;00:27.1;00:37.9;00:28.5;286.5;Esteban MASSON;;LMP2;;Forestier Racing by Panis;Oreca;GF;27.148;37.934;28.502
29;3;114;01:32.4;0;;27.082;0;37.565;0;27.755;0;181.4;53:00.0;53:00.8;00:27.1;00:37.6;00:27.8;286.5;Esteban MASSON;;LMP2;;Forestier Racing by Panis;Oreca;GF;27.082;37.565;27.755
29;3;115;01:33.1;0;;26.908;0;38.305;0;27.884;0;180.1;54:33.1;54:33.9;00:26.9;00:38.3;00:27.9;287.2;Esteban MASSON;;LMP2;;Forestier Racing by Panis;Oreca;GF;26.908;38.305;27.884
29;3;116;01:40.1;0;B;27.38;0;38.768;0;33.971;0;167.5;56:13.3;56:14.1;00:27.4;00:38.8;00:34.0;287.2;Esteban MASSON;;LMP2;;Forestier Racing by Panis;Oreca;GF;27.38;38.768;33.971
29;3;117;02:43.7;0;;01:36.6;0;38.755;0;28.371;0;102.4;58:57.0;58:57.8;01:36.6;00:38.8;00:28.4;206.9;Esteban MASSON;01:11.2;LMP2;;Forestier Racing by Panis;Oreca;GF;96.606;38.755;28.371
29;3;118;01:32.1;0;;27.247;0;37.188;0;27.623;0;182.1;00:29.1;00:29.9;00:27.2;00:37.2;00:27.6;286.5;Esteban MASSON;;LMP2;;Forestier Racing by Panis;Oreca;GF;27.247;37.188;27.623
29;3;119;01:33.1;0;;27.742;0;37.701;0;27.687;0;180;02:02.2;02:03.0;00:27.7;00:37.7;00:27.7;285.7;Esteban MASSON;;LMP2;;Forestier Racing by Panis;Oreca;GF;27.742;37.701;27.687
29;3;120;01:31.6;0;;26.789;0;37.213;0;27.617;0;183;03:33.8;03:34.6;00:26.8;00:37.2;00:27.6;288;Esteban MASSON;;LMP2;;Forestier Racing by Panis;Oreca;GF;26.789;37.213;27.617
29;3;121;01:32.0;0;;26.673;2;37.134;1;28.238;0;182.1;05:05.8;05:06.6;00:26.7;00:37.1;00:28.2;289.5;Esteban MASSON;;LMP2;;Forestier Racing by Panis;Oreca;GF;26.673;37.134;28.238
29;3;122;01:33.1;0;;27.307;0;37.514;0;28.286;0;180.1;06:39.0;06:39.8;00:27.3;00:37.5;00:28.3;285.7;Esteban MASSON;;LMP2;;Forestier Racing by Panis;Oreca;GF;27.307;37.514;28.286
29;3;123;01:33.7;0;;27.319;0;38.201;0;28.227;0;178.8;08:12.7;08:13.5;00:27.3;00:38.2;00:28.2;288.8;Esteban MASSON;;LMP2;;Forestier Racing by Panis;Oreca;GF;27.319;38.201;28.227
29;3;124;01:33.5;0;;27.635;0;37.816;0;28.006;0;179.4;09:46.2;09:47.0;00:27.6;00:37.8;00:28.0;282;Esteban MASSON;;LMP2;;Forestier Racing by Panis;Oreca;GF;27.635;37.816;28.006
29;3;125;01:33.8;0;;27.322;0;38.198;0;28.247;0;178.8;11:19.9;11:20.7;00:27.3;00:38.2;00:28.2;288.8;Esteban MASSON;;LMP2;;Forestier Racing by Panis;Oreca;GF;27.322;38.198;28.247
29;3;126;01:34.4;0;;27.597;0;38.331;0;28.484;0;177.6;12:54.3;12:55.1;00:27.6;00:38.3;00:28.5;288;Esteban MASSON;;LMP2;;Forestier Racing by Panis;Oreca;GF;27.597;38.331;28.484
29;3;127;01:34.5;0;;27.459;0;38.753;0;28.322;0;177.3;14:28.9;14:29.7;00:27.5;00:38.8;00:28.3;285.7;Esteban MASSON;;LMP2;;Forestier Racing by Panis;Oreca;GF;27.459;38.753;28.322
29;3;128;01:33.4;0;;27.084;0;38.672;0;27.675;0;179.4;16:02.3;16:03.1;00:27.1;00:38.7;00:27.7;289.5;Esteban MASSON;;LMP2;;Forestier Racing by Panis;Oreca;GF;27.084;38.672;27.675
29;3;129;01:33.6;0;;27.243;0;38.336;0;27.983;0;179.2;17:35.9;17:36.7;00:27.2;00:38.3;00:28.0;291.1;Esteban MASSON;;LMP2;;Forestier Racing by Panis;Oreca;GF;27.243;38.336;27.983
29;3;130;01:32.2;0;;26.813;0;37.524;0;27.827;0;181.9;19:08.0;19:08.8;00:26.8;00:37.5;00:27.8;289.5;Esteban MASSON;;LMP2;;Forestier Racing by Panis;Oreca;GF;26.813;37.524;27.827
29;3;131;01:32.5;0;;26.97;0;37.568;0;28.01;0;181.2;20:40.6;20:41.4;00:27.0;00:37.6;00:28.0;288;Esteban MASSON;;LMP2;;Forestier Racing by Panis;Oreca;GF;26.97;37.568;28.01
29;3;132;01:35.0;0;;27.569;0;38.662;0;28.788;0;176.4;22:15.6;22:16.4;00:27.6;00:38.7;00:28.8;287.2;Esteban MASSON;;LMP2;;Forestier Racing by Panis;Oreca;GF;27.569;38.662;28.788
29;3;133;01:35.3;0;;28.219;0;38.289;0;28.745;0;176;23:50.8;23:51.6;00:28.2;00:38.3;00:28.7;288.8;Esteban MASSON;;LMP2;;Forestier Racing by Panis;Oreca;GF;28.219;38.289;28.745
29;3;134;01:34.0;0;;27.388;0;38.4;0;28.237;0;178.3;25:24.9;25:25.7;00:27.4;00:38.4;00:28.2;289.5;Esteban MASSON;;LMP2;;Forestier Racing by Panis;Oreca;GF;27.388;38.4;28.237
29;3;135;01:34.2;0;;27.37;0;38.271;0;28.595;0;177.9;26:59.1;26:59.9;00:27.4;00:38.3;00:28.6;290.3;Esteban MASSON;;LMP2;;Forestier Racing by Panis;Oreca;FF;27.37;38.271;28.595
3;1;1;02:10.3;0;;33.366;0;57;0;39.973;0;124.8;02:10.3;02:11.1;00:33.4;00:57.0;00:40.0;;Jean GLORIEUX;;LMP2 Pro/Am;;DKR Engineering;Oreca;SF;33.366;57;39.973
3;1;2;03:57.8;0;;01:09.9;0;01:30.3;0;01:17.6;0;70.5;06:08.2;06:09.0;01:09.9;01:30.3;01:17.6;;Jean GLORIEUX;;LMP2 Pro/Am;;DKR Engineering;Oreca;RF;69.888;90.304;77.646
3;1;3;27:05.8;0;;25:11.6;0;01:08.7;0;45.552;0;10.3;33:14.0;33:14.8;25:11.6;01:08.7;00:45.6;132.8;Jean GLORIEUX;;LMP2 Pro/Am;;DKR Engineering;Oreca;SF;1511.591;68.702;45.552
3;1;4;02:20.3;0;;47.385;0;52.282;0;40.673;0;119.5;35:34.4;35:35.2;00:47.4;00:52.3;00:40.7;;Jean GLORIEUX;;LMP2 Pro/Am;;DKR Engineering;Oreca;GF;47.385;52.282;40.673
3;1;5;01:37.9;0;;29.557;0;39.299;0;29.019;0;171.3;37:12.2;37:13.0;00:29.6;00:39.3;00:29.0;291.1;Jean GLORIEUX;;LMP2 Pro/Am;;DKR Engineering;Oreca;GF;29.557;39.299;29.019
3;1;6;01:35.2;0;;28.058;0;38.526;0;28.656;0;176;38:47.5;38:48.3;00:28.1;00:38.5;00:28.7;288.8;Jean GLORIEUX;;LMP2 Pro/Am;;DKR Engineering;Oreca;GF;28.058;38.526;28.656
3;1;7;01:34.2;0;;27.677;0;38.291;0;28.254;0;177.9;40:21.7;40:22.5;00:27.7;00:38.3;00:28.3;290.3;Jean GLORIEUX;;LMP2 Pro/Am;;DKR Engineering;Oreca;GF;27.677;38.291;28.254
3;1;8;01:34.7;0;;27.837;0;38.605;0;28.241;1;177.1;41:56.4;41:57.2;00:27.8;00:38.6;00:28.2;291.1;Jean GLORIEUX;;LMP2 Pro/Am;;DKR Engineering;Oreca;GF;27.837;38.605;28.241
3;1;9;01:34.7;0;;27.548;0;38.804;0;28.338;0;177.1;43:31.1;43:31.9;00:27.5;00:38.8;00:28.3;291.1;Jean GLORIEUX;;LMP2 Pro/Am;;DKR Engineering;Oreca;GF;27.548;38.804;28.338
3;1;10;01:33.7;0;;27.372;1;38.111;1;28.258;0;178.8;45:04.8;45:05.6;00:27.4;00:38.1;00:28.3;291.9;Jean GLORIEUX;;LMP2 Pro/Am;;DKR Engineering;Oreca;GF;27.372;38.111;28.258
3;1;11;01:35.2;0;;27.417;0;39.02;0;28.728;0;176.2;46:40.0;46:40.8;00:27.4;00:39.0;00:28.7;291.1;Jean GLORIEUX;;LMP2 Pro/Am;;DKR Engineering;Oreca;GF;27.417;39.02;28.728
3;1;12;01:35.1;0;;27.745;0;38.582;0;28.739;0;176.4;48:15.0;48:15.8;00:27.7;00:38.6;00:28.7;291.9;Jean GLORIEUX;;LMP2 Pro/Am;;DKR Engineering;Oreca;GF;27.745;38.582;28.739
3;1;13;01:37.6;0;;28.23;0;39.725;0;29.648;0;171.8;49:52.6;49:53.4;00:28.2;00:39.7;00:29.6;291.1;Jean GLORIEUX;;LMP2 Pro/Am;;DKR Engineering;Oreca;GF;28.23;39.725;29.648
3;1;14;01:37.4;0;;28.967;0;39.068;0;29.334;0;172.2;51:30.0;51:30.8;00:29.0;00:39.1;00:29.3;291.9;Jean GLORIEUX;;LMP2 Pro/Am;;DKR Engineering;Oreca;GF;28.967;39.068;29.334
3;1;15;01:36.7;0;;27.907;0;39.79;0;28.966;0;173.4;53:06.7;53:07.5;00:27.9;00:39.8;00:29.0;288;Jean GLORIEUX;;LMP2 Pro/Am;;DKR Engineering;Oreca;GF;27.907;39.79;28.966
3;1;16;01:35.8;0;;27.813;0;38.663;0;29.294;0;175.1;54:42.4;54:43.2;00:27.8;00:38.7;00:29.3;291.1;Jean GLORIEUX;;LMP2 Pro/Am;;DKR Engineering;Oreca;GF;27.813;38.663;29.294
3;1;17;01:35.8;0;;27.796;0;39.103;0;28.867;0;175.1;56:18.2;56:19.0;00:27.8;00:39.1;00:28.9;287.2;Jean GLORIEUX;;LMP2 Pro/Am;;DKR Engineering;Oreca;GF;27.796;39.103;28.867
3;1;18;01:34.9;0;;27.582;0;38.619;0;28.724;0;176.6;57:53.1;57:53.9;00:27.6;00:38.6;00:28.7;290.3;Jean GLORIEUX;;LMP2 Pro/Am;;DKR Engineering;Oreca;GF;27.582;38.619;28.724
3;1;19;01:36.5;0;;28.496;0;39.167;0;28.873;0;173.7;59:29.7;59:30.5;00:28.5;00:39.2;00:28.9;291.1;Jean GLORIEUX;;LMP2 Pro/Am;;DKR Engineering;Oreca;GF;28.496;39.167;28.873
3;1;20;01:37.4;0;;28.225;0;40.21;0;28.971;0;172.1;01:07.1;01:07.9;00:28.2;00:40.2;00:29.0;291.1;Jean GLORIEUX;;LMP2 Pro/Am;;DKR Engineering;Oreca;GF;28.225;40.21;28.971
3;1;21;01:35.3;0;;27.681;0;38.544;0;29.123;0;175.8;02:42.4;02:43.2;00:27.7;00:38.5;00:29.1;291.1;Jean GLORIEUX;;LMP2 Pro/Am;;DKR Engineering;Oreca;GF;27.681;38.544;29.123
3;1;22;01:36.3;0;;28.304;0;39.268;0;28.697;0;174.1;04:18.7;04:19.5;00:28.3;00:39.3;00:28.7;291.1;Jean GLORIEUX;;LMP2 Pro/Am;;DKR Engineering;Oreca;GF;28.304;39.268;28.697
3;1;23;01:36.7;0;;28.441;0;39.254;0;28.969;0;173.4;05:55.4;05:56.2;00:28.4;00:39.3;00:29.0;291.1;Jean GLORIEUX;;LMP2 Pro/Am;;DKR Engineering;Oreca;GF;28.441;39.254;28.969
3;1;24;01:36.3;0;;28.957;0;38.601;0;28.759;0;174.1;07:31.7;07:32.5;00:29.0;00:38.6;00:28.8;289.5;Jean GLORIEUX;;LMP2 Pro/Am;;DKR Engineering;Oreca;GF;28.957;38.601;28.759
3;1;25;01:37.3;0;;28.578;0;39.129;0;29.579;0;172.3;09:09.0;09:09.8;00:28.6;00:39.1;00:29.6;291.9;Jean GLORIEUX;;LMP2 Pro/Am;;DKR Engineering;Oreca;GF;28.578;39.129;29.579
3;1;26;01:35.3;0;;27.789;0;38.692;0;28.847;0;175.9;10:44.3;10:45.1;00:27.8;00:38.7;00:28.8;292.7;Jean GLORIEUX;;LMP2 Pro/Am;;DKR Engineering;Oreca;GF;27.789;38.692;28.847
3;1;27;01:41.9;0;B;27.993;0;38.932;0;34.974;0;164.5;12:26.2;12:27.0;00:28.0;00:38.9;00:35.0;290.3;Jean GLORIEUX;;LMP2 Pro/Am;;DKR Engineering;Oreca;GF;27.993;38.932;34.974
3;1;28;02:18.3;0;;01:10.6;0;39.096;0;28.624;0;121.2;14:44.5;14:45.3;01:10.6;00:39.1;00:28.6;210.1;Jean GLORIEUX;00:46.4;LMP2 Pro/Am;;DKR Engineering;Oreca;GF;70.555;39.096;28.624
3;1;29;01:36.2;0;;27.979;0;38.874;0;29.391;0;174.2;16:20.7;16:21.5;00:28.0;00:38.9;00:29.4;291.9;Jean GLORIEUX;;LMP2 Pro/Am;;DKR Engineering;Oreca;GF;27.979;38.874;29.391
3;1;30;01:35.8;0;;27.996;0;38.912;0;28.88;0;175;17:56.5;17:57.3;00:28.0;00:38.9;00:28.9;288;Jean GLORIEUX;;LMP2 Pro/Am;;DKR Engineering;Oreca;GF;27.996;38.912;28.88
3;1;31;01:36.4;0;;27.934;0;38.864;0;29.588;0;173.9;19:32.9;19:33.7;00:27.9;00:38.9;00:29.6;290.3;Jean GLORIEUX;;LMP2 Pro/Am;;DKR Engineering;Oreca;GF;27.934;38.864;29.588
3;1;32;01:36.2;0;;28.016;0;38.627;0;29.56;0;174.3;21:09.1;21:09.9;00:28.0;00:38.6;00:29.6;291.9;Jean GLORIEUX;;LMP2 Pro/Am;;DKR Engineering;Oreca;GF;28.016;38.627;29.56
3;1;33;01:35.6;0;;28.189;0;38.643;0;28.771;0;175.4;22:44.7;22:45.5;00:28.2;00:38.6;00:28.8;290.3;Jean GLORIEUX;;LMP2 Pro/Am;;DKR Engineering;Oreca;GF;28.189;38.643;28.771
3;1;34;01:37.9;0;;28.014;0;40.077;0;29.836;0;171.2;24:22.6;24:23.4;00:28.0;00:40.1;00:29.8;291.9;Jean GLORIEUX;;LMP2 Pro/Am;;DKR Engineering;Oreca;GF;28.014;40.077;29.836
3;1;35;01:37.5;0;;28.456;0;39.173;0;29.879;0;171.9;26:00.1;26:00.9;00:28.5;00:39.2;00:29.9;291.1;Jean GLORIEUX;;LMP2 Pro/Am;;DKR Engineering;Oreca;GF;28.456;39.173;29.879
3;1;36;01:43.6;0;B;28.369;0;40.063;0;35.188;0;161.8;27:43.7;27:44.5;00:28.4;00:40.1;00:35.2;291.9;Jean GLORIEUX;;LMP2 Pro/Am;;DKR Engineering;Oreca;GF;28.369;40.063;35.188
3;2;37;02:56.2;0;;01:47.2;0;40.134;0;28.953;0;95.1;30:40.0;30:40.8;01:47.2;00:40.1;00:29.0;206.5;Marlon HERNANDEZ;01:20.6;LMP2 Pro/Am;;DKR Engineering;Oreca;GF;107.152;40.134;28.953
3;2;38;01:34.1;0;;27.646;0;38.265;0;28.178;0;178.2;32:14.1;32:14.9;00:27.6;00:38.3;00:28.2;288;Marlon HERNANDEZ;;LMP2 Pro/Am;;DKR Engineering;Oreca;GF;27.646;38.265;28.178
3;2;39;01:36.1;0;;27.813;0;38.22;0;30.071;0;174.4;33:50.2;33:51.0;00:27.8;00:38.2;00:30.1;290.3;Marlon HERNANDEZ;;LMP2 Pro/Am;;DKR Engineering;Oreca;GF;27.813;38.22;30.071
3;2;40;03:05.2;0;B;48.601;0;01:19.2;0;57.403;0;90.5;36:55.4;36:56.2;00:48.6;01:19.2;00:57.4;289.5;Marlon HERNANDEZ;;LMP2 Pro/Am;;DKR Engineering;Oreca;GF;48.601;79.221;57.403
3;2;41;03:48.9;0;;01:33.1;0;01:19.2;0;56.577;0;73.3;40:44.3;40:45.1;01:33.1;01:19.2;00:56.6;;Marlon HERNANDEZ;00:38.8;LMP2 Pro/Am;;DKR Engineering;Oreca;GF;93.098;79.193;56.577
3;2;42;02:27.9;0;;01:05.4;0;49.141;0;33.377;0;113.4;43:12.2;43:13.0;01:05.4;00:49.1;00:33.4;;Marlon HERNANDEZ;;LMP2 Pro/Am;;DKR Engineering;Oreca;SF;65.365;49.141;33.377
3;2;43;03:19.7;0;;56.786;0;01:21.5;0;01:01.4;0;84;46:31.9;46:32.6;00:56.8;01:21.5;01:01.4;;Marlon HERNANDEZ;;LMP2 Pro/Am;;DKR Engineering;Oreca;SF;56.786;81.516;61.394
3;2;44;03:01.7;0;;01:12.8;0;01:07.3;0;41.687;0;92.3;49:33.6;49:34.4;01:12.8;01:07.3;00:41.7;;Marlon HERNANDEZ;;LMP2 Pro/Am;;DKR Engineering;Oreca;SF;72.755;67.264;41.687
3;2;45;02:11.5;0;;39.167;0;52.255;0;40.111;0;127.5;51:45.1;51:45.9;00:39.2;00:52.3;00:40.1;148.4;Marlon HERNANDEZ;;LMP2 Pro/Am;;DKR Engineering;Oreca;GF;39.167;52.255;40.111
3;2;46;01:35.4;0;;28.548;0;38.677;0;28.155;0;175.8;53:20.5;53:21.3;00:28.5;00:38.7;00:28.2;285;Marlon HERNANDEZ;;LMP2 Pro/Am;;DKR Engineering;Oreca;GF;28.548;38.677;28.155
3;2;47;01:33.2;0;;27.594;0;37.824;0;27.825;0;179.8;54:53.7;54:54.5;00:27.6;00:37.8;00:27.8;288;Marlon HERNANDEZ;;LMP2 Pro/Am;;DKR Engineering;Oreca;GF;27.594;37.824;27.825
3;2;48;01:34.4;0;;27.959;0;38.554;0;27.913;0;177.5;56:28.1;56:28.9;00:28.0;00:38.6;00:27.9;279.8;Marlon HERNANDEZ;;LMP2 Pro/Am;;DKR Engineering;Oreca;GF;27.959;38.554;27.913
3;2;49;01:33.1;0;;27.226;0;37.961;0;27.906;0;180.1;58:01.2;58:02.0;00:27.2;00:38.0;00:27.9;288.8;Marlon HERNANDEZ;;LMP2 Pro/Am;;DKR Engineering;Oreca;GF;27.226;37.961;27.906
3;2;50;01:32.6;0;;27.211;0;37.509;0;27.84;0;181.1;59:33.8;59:34.6;00:27.2;00:37.5;00:27.8;289.5;Marlon HERNANDEZ;;LMP2 Pro/Am;;DKR Engineering;Oreca;GF;27.211;37.509;27.84
3;2;51;01:32.5;0;;27.063;0;37.5;0;27.939;0;181.2;01:06.3;01:07.1;00:27.1;00:37.5;00:27.9;289.5;Marlon HERNANDEZ;;LMP2 Pro/Am;;DKR Engineering;Oreca;GF;27.063;37.5;27.939
3;2;52;01:36.9;0;;27.152;0;38.714;0;31.035;0;173;02:43.2;02:44.0;00:27.2;00:38.7;00:31.0;288;Marlon HERNANDEZ;;LMP2 Pro/Am;;DKR Engineering;Oreca;GF;27.152;38.714;31.035
3;2;53;02:00.5;0;;28.004;0;39.376;0;53.075;0;139.2;04:43.6;04:44.4;00:28.0;00:39.4;00:53.1;287.2;Marlon HERNANDEZ;;LMP2 Pro/Am;;DKR Engineering;Oreca;FCY;28.004;39.376;53.075
3;2;54;02:40.0;0;;01:13.8;0;55.482;0;30.673;0;104.8;07:23.6;07:24.4;01:13.8;00:55.5;00:30.7;;Marlon HERNANDEZ;;LMP2 Pro/Am;;DKR Engineering;Oreca;GF;73.804;55.482;30.673
3;2;55;01:35.7;0;;28.583;0;38.502;0;28.618;0;175.2;08:59.3;09:00.1;00:28.6;00:38.5;00:28.6;288;Marlon HERNANDEZ;;LMP2 Pro/Am;;DKR Engineering;Oreca;GF;28.583;38.502;28.618
3;2;56;01:35.0;0;;27.606;0;38.284;0;29.082;0;176.5;10:34.3;10:35.1;00:27.6;00:38.3;00:29.1;288;Marlon HERNANDEZ;;LMP2 Pro/Am;;DKR Engineering;Oreca;GF;27.606;38.284;29.082
3;2;57;01:35.3;0;;27.746;0;38.4;0;29.201;0;175.8;12:09.6;12:10.4;00:27.7;00:38.4;00:29.2;290.3;Marlon HERNANDEZ;;LMP2 Pro/Am;;DKR Engineering;Oreca;GF;27.746;38.4;29.201
3;2;58;01:34.6;0;;27.636;0;38.064;0;28.894;0;177.2;13:44.2;13:45.0;00:27.6;00:38.1;00:28.9;289.5;Marlon HERNANDEZ;;LMP2 Pro/Am;;DKR Engineering;Oreca;GF;27.636;38.064;28.894
3;2;59;01:35.0;0;;27.696;0;38.208;0;29.084;0;176.5;15:19.2;15:20.0;00:27.7;00:38.2;00:29.1;289.5;Marlon HERNANDEZ;;LMP2 Pro/Am;;DKR Engineering;Oreca;GF;27.696;38.208;29.084
3;2;60;01:34.2;0;;27.561;0;38.229;0;28.456;0;177.9;16:53.5;16:54.3;00:27.6;00:38.2;00:28.5;288;Marlon HERNANDEZ;;LMP2 Pro/Am;;DKR Engineering;Oreca;GF;27.561;38.229;28.456
3;2;61;01:35.8;0;;28.323;0;38.968;0;28.492;0;175;18:29.2;18:30.0;00:28.3;00:39.0;00:28.5;289.5;Marlon HERNANDEZ;;LMP2 Pro/Am;;DKR Engineering;Oreca;GF;28.323;38.968;28.492
3;2;62;01:34.4;0;;27.552;0;38.204;0;28.601;0;177.7;20:03.6;20:04.4;00:27.6;00:38.2;00:28.6;289.5;Marlon HERNANDEZ;;LMP2 Pro/Am;;DKR Engineering;Oreca;GF;27.552;38.204;28.601
3;2;63;01:36.5;0;;27.61;0;38.56;0;30.345;0;173.7;21:40.1;21:40.9;00:27.6;00:38.6;00:30.3;288.8;Marlon HERNANDEZ;;LMP2 Pro/Am;;DKR Engineering;Oreca;GF;27.61;38.56;30.345
3;2;64;01:37.1;0;;29.201;0;38.808;0;29.088;0;172.7;23:17.2;23:18.0;00:29.2;00:38.8;00:29.1;288.8;Marlon HERNANDEZ;;LMP2 Pro/Am;;DKR Engineering;Oreca;GF;29.201;38.808;29.088
3;2;65;01:34.9;0;;27.579;0;38.479;0;28.801;0;176.7;24:52.1;24:52.9;00:27.6;00:38.5;00:28.8;288.8;Marlon HERNANDEZ;;LMP2 Pro/Am;;DKR Engineering;Oreca;GF;27.579;38.479;28.801
3;2;66;01:38.9;0;;29.245;0;39.575;0;30.114;0;169.5;26:31.0;26:31.8;00:29.2;00:39.6;00:30.1;285.7;Marlon HERNANDEZ;;LMP2 Pro/Am;;DKR Engineering;Oreca;GF;29.245;39.575;30.114
3;2;67;01:35.4;0;;27.838;0;38.575;0;28.969;0;175.8;28:06.4;28:07.2;00:27.8;00:38.6;00:29.0;287.2;Marlon HERNANDEZ;;LMP2 Pro/Am;;DKR Engineering;Oreca;GF;27.838;38.575;28.969
3;2;68;01:36.2;0;;27.931;0;38.663;0;29.58;0;174.3;29:42.6;29:43.4;00:27.9;00:38.7;00:29.6;289.5;Marlon HERNANDEZ;;LMP2 Pro/Am;;DKR Engineering;Oreca;GF;27.931;38.663;29.58
3;2;69;01:37.2;0;;27.925;0;39.994;0;29.312;0;172.4;31:19.8;31:20.6;00:27.9;00:40.0;00:29.3;288;Marlon HERNANDEZ;;LMP2 Pro/Am;;DKR Engineering;Oreca;GF;27.925;39.994;29.312
3;2;70;03:05.8;0;B;47.861;0;01:18.9;0;59.082;0;90.2;34:25.6;34:26.4;00:47.9;01:18.9;00:59.1;291.1;Marlon HERNANDEZ;;LMP2 Pro/Am;;DKR Engineering;Oreca;GF;47.861;78.894;59.082
3;2;71;04:54.7;0;;02:41.5;0;01:19.8;0;53.397;0;56.9;39:20.3;39:21.1;02:41.5;01:19.8;00:53.4;;Marlon HERNANDEZ;01:46.8;LMP2 Pro/Am;;DKR Engineering;Oreca;SF;161.48;79.841;53.397
3;2;72;02:06.9;0;;38.402;0;46.838;0;41.621;0;132.2;41:27.2;41:28.0;00:38.4;00:46.8;00:41.6;232.3;Marlon HERNANDEZ;;LMP2 Pro/Am;;DKR Engineering;Oreca;SF;38.402;46.838;41.621
3;2;73;03:12.8;0;;55.813;0;01:15.7;0;01:01.3;0;87;44:40.0;44:40.8;00:55.8;01:15.7;01:01.3;;Marlon HERNANDEZ;;LMP2 Pro/Am;;DKR Engineering;Oreca;SF;55.813;75.719;61.262
3;2;74;02:54.1;0;;01:05.1;0;01:06.6;0;42.384;0;96.3;47:34.1;47:34.9;01:05.1;01:06.6;00:42.4;;Marlon HERNANDEZ;;LMP2 Pro/Am;;DKR Engineering;Oreca;SF;65.119;66.592;42.384
3;2;75;02:13.6;0;;38.534;0;51.793;0;43.296;0;125.5;49:47.7;49:48.5;00:38.5;00:51.8;00:43.3;184;Marlon HERNANDEZ;;LMP2 Pro/Am;;DKR Engineering;Oreca;GF;38.534;51.793;43.296
3;2;76;01:36.1;0;;27.979;0;39.76;0;28.402;0;174.4;51:23.9;51:24.7;00:28.0;00:39.8;00:28.4;288;Marlon HERNANDEZ;;LMP2 Pro/Am;;DKR Engineering;Oreca;GF;27.979;39.76;28.402
3;2;77;01:35.4;0;;27.819;0;39.026;0;28.555;0;175.7;52:59.3;53:00.1;00:27.8;00:39.0;00:28.6;288;Marlon HERNANDEZ;;LMP2 Pro/Am;;DKR Engineering;Oreca;GF;27.819;39.026;28.555
3;2;78;01:34.7;0;;27.51;0;38.83;0;28.342;0;177.1;54:33.9;54:34.7;00:27.5;00:38.8;00:28.3;287.2;Marlon HERNANDEZ;;LMP2 Pro/Am;;DKR Engineering;Oreca;GF;27.51;38.83;28.342
3;2;79;01:50.8;0;;44.223;0;38.889;0;27.644;0;151.4;56:24.7;56:25.5;00:44.2;00:38.9;00:27.6;289.5;Marlon HERNANDEZ;;LMP2 Pro/Am;;DKR Engineering;Oreca;GF;44.223;38.889;27.644
3;2;80;01:32.1;0;;27.218;0;37.27;2;27.614;0;182;57:56.8;57:57.6;00:27.2;00:37.3;00:27.6;286.5;Marlon HERNANDEZ;;LMP2 Pro/Am;;DKR Engineering;Oreca;GF;27.218;37.27;27.614
3;2;81;01:31.8;2;;26.856;2;37.39;0;27.564;2;182.6;59:28.6;59:29.4;00:26.9;00:37.4;00:27.6;288;Marlon HERNANDEZ;;LMP2 Pro/Am;;DKR Engineering;Oreca;GF;26.856;37.39;27.564
3;2;82;01:32.3;0;;26.907;0;37.566;0;27.8;0;181.7;01:00.9;01:01.7;00:26.9;00:37.6;00:27.8;288;Marlon HERNANDEZ;;LMP2 Pro/Am;;DKR Engineering;Oreca;GF;26.907;37.566;27.8
3;2;83;01:34.7;0;;27.144;0;37.769;0;29.767;0;177.1;02:35.6;02:36.4;00:27.1;00:37.8;00:29.8;288.8;Marlon HERNANDEZ;;LMP2 Pro/Am;;DKR Engineering;Oreca;GF;27.144;37.769;29.767
3;2;84;02:20.3;0;;27.744;0;55.316;0;57.195;0;119.5;04:55.8;04:56.6;00:27.7;00:55.3;00:57.2;285;Marlon HERNANDEZ;;LMP2 Pro/Am;;DKR Engineering;Oreca;FCY;27.744;55.316;57.195
3;2;85;02:16.7;0;;01:09.9;0;38.161;0;28.641;0;122.6;07:12.5;07:13.3;01:09.9;00:38.2;00:28.6;;Marlon HERNANDEZ;;LMP2 Pro/Am;;DKR Engineering;Oreca;GF;69.918;38.161;28.641
3;2;86;01:34.4;0;;27.486;0;38.713;0;28.228;0;177.5;08:47.0;08:47.8;00:27.5;00:38.7;00:28.2;288;Marlon HERNANDEZ;;LMP2 Pro/Am;;DKR Engineering;Oreca;GF;27.486;38.713;28.228
3;2;87;01:35.0;0;;27.586;0;39.505;0;27.921;0;176.5;10:22.0;10:22.8;00:27.6;00:39.5;00:27.9;290.3;Marlon HERNANDEZ;;LMP2 Pro/Am;;DKR Engineering;Oreca;GF;27.586;39.505;27.921
3;2;88;01:35.0;0;;28.269;0;38.2;0;28.495;0;176.5;11:56.9;11:57.7;00:28.3;00:38.2;00:28.5;288.8;Marlon HERNANDEZ;;LMP2 Pro/Am;;DKR Engineering;Oreca;GF;28.269;38.2;28.495
3;2;89;01:34.8;0;;27.932;0;38.785;0;28.09;0;176.8;13:31.7;13:32.5;00:27.9;00:38.8;00:28.1;291.1;Marlon HERNANDEZ;;LMP2 Pro/Am;;DKR Engineering;Oreca;GF;27.932;38.785;28.09
3;2;90;01:32.7;0;;27.134;0;37.58;0;27.95;0;180.9;15:04.4;15:05.2;00:27.1;00:37.6;00:28.0;288.8;Marlon HERNANDEZ;;LMP2 Pro/Am;;DKR Engineering;Oreca;GF;27.134;37.58;27.95
3;2;91;01:32.9;0;;27.143;0;37.853;0;27.936;0;180.4;16:37.3;16:38.1;00:27.1;00:37.9;00:27.9;288.8;Marlon HERNANDEZ;;LMP2 Pro/Am;;DKR Engineering;Oreca;GF;27.143;37.853;27.936
3;2;92;01:32.6;0;;26.973;0;37.465;0;28.173;0;181;18:10.0;18:10.8;00:27.0;00:37.5;00:28.2;288.8;Marlon HERNANDEZ;;LMP2 Pro/Am;;DKR Engineering;Oreca;GF;26.973;37.465;28.173
3;2;93;01:39.3;0;B;27.32;0;38.244;0;33.77;0;168.8;19:49.3;19:50.1;00:27.3;00:38.2;00:33.8;290.3;Marlon HERNANDEZ;;LMP2 Pro/Am;;DKR Engineering;Oreca;GF;27.32;38.244;33.77
3;3;94;03:48.7;0;;02:04.6;0;01:13.0;0;31.097;0;73.3;23:38.0;23:38.8;02:04.6;01:13.0;00:31.1;;Sebastian ALVAREZ;01:12.3;LMP2 Pro/Am;;DKR Engineering;Oreca;GF;124.613;72.966;31.097
3;3;95;01:36.1;0;;28.944;0;38.578;0;28.618;0;174.4;25:14.1;25:14.9;00:28.9;00:38.6;00:28.6;274.8;Sebastian ALVAREZ;;LMP2 Pro/Am;;DKR Engineering;Oreca;GF;28.944;38.578;28.618
3;3;96;01:34.8;0;;27.792;0;38.788;0;28.25;0;176.8;26:48.9;26:49.7;00:27.8;00:38.8;00:28.2;288;Sebastian ALVAREZ;;LMP2 Pro/Am;;DKR Engineering;Oreca;GF;27.792;38.788;28.25
3;3;97;01:34.4;0;;27.548;0;38.689;0;28.168;0;177.6;28:23.3;28:24.1;00:27.5;00:38.7;00:28.2;285.7;Sebastian ALVAREZ;;LMP2 Pro/Am;;DKR Engineering;Oreca;GF;27.548;38.689;28.168
3;3;98;01:34.3;0;;27.323;0;38.363;0;28.566;0;177.9;29:57.6;29:58.4;00:27.3;00:38.4;00:28.6;291.1;Sebastian ALVAREZ;;LMP2 Pro/Am;;DKR Engineering;Oreca;GF;27.323;38.363;28.566
3;3;99;01:33.8;0;;27.561;0;37.868;0;28.397;0;178.7;31:31.4;31:32.2;00:27.6;00:37.9;00:28.4;289.5;Sebastian ALVAREZ;;LMP2 Pro/Am;;DKR Engineering;Oreca;GF;27.561;37.868;28.397
3;3;100;01:33.6;0;;27.637;0;37.869;0;28.102;0;179.1;33:05.0;33:05.8;00:27.6;00:37.9;00:28.1;288;Sebastian ALVAREZ;;LMP2 Pro/Am;;DKR Engineering;Oreca;GF;27.637;37.869;28.102
3;3;101;01:33.5;0;;27.128;1;37.94;0;28.46;0;179.3;34:38.6;34:39.3;00:27.1;00:37.9;00:28.5;290.3;Sebastian ALVAREZ;;LMP2 Pro/Am;;DKR Engineering;Oreca;GF;27.128;37.94;28.46
3;3;102;01:34.0;0;;27.328;0;38.253;0;28.446;0;178.3;36:12.6;36:13.4;00:27.3;00:38.3;00:28.4;290.3;Sebastian ALVAREZ;;LMP2 Pro/Am;;DKR Engineering;Oreca;GF;27.328;38.253;28.446
3;3;103;01:34.1;0;;27.616;0;38.315;0;28.128;0;178.2;37:46.6;37:47.4;00:27.6;00:38.3;00:28.1;290.3;Sebastian ALVAREZ;;LMP2 Pro/Am;;DKR Engineering;Oreca;GF;27.616;38.315;28.128
3;3;104;01:33.5;0;;27.737;0;37.895;0;27.84;1;179.4;39:20.1;39:20.9;00:27.7;00:37.9;00:27.8;291.1;Sebastian ALVAREZ;;LMP2 Pro/Am;;DKR Engineering;Oreca;GF;27.737;37.895;27.84
3;3;105;01:33.3;0;;27.343;0;37.878;0;28.122;0;179.6;40:53.5;40:54.3;00:27.3;00:37.9;00:28.1;289.5;Sebastian ALVAREZ;;LMP2 Pro/Am;;DKR Engineering;Oreca;GF;27.343;37.878;28.122
3;3;106;01:34.0;0;;27.495;0;37.717;1;28.748;0;178.4;42:27.4;42:28.2;00:27.5;00:37.7;00:28.7;288.8;Sebastian ALVAREZ;;LMP2 Pro/Am;;DKR Engineering;Oreca;GF;27.495;37.717;28.748
3;3;107;01:35.2;0;;27.527;0;38.762;0;28.932;0;176.1;44:02.6;44:03.4;00:27.5;00:38.8;00:28.9;288.8;Sebastian ALVAREZ;;LMP2 Pro/Am;;DKR Engineering;Oreca;GF;27.527;38.762;28.932
3;3;108;01:34.0;0;;27.387;0;37.963;0;28.647;0;178.4;45:36.6;45:37.4;00:27.4;00:38.0;00:28.6;286.5;Sebastian ALVAREZ;;LMP2 Pro/Am;;DKR Engineering;Oreca;GF;27.387;37.963;28.647
3;3;109;01:33.6;0;;27.583;0;37.945;0;28.036;0;179.2;47:10.2;47:11.0;00:27.6;00:37.9;00:28.0;291.1;Sebastian ALVAREZ;;LMP2 Pro/Am;;DKR Engineering;Oreca;GF;27.583;37.945;28.036
3;3;110;01:34.1;0;;27.71;0;38.254;0;28.088;0;178.3;48:44.2;48:45.0;00:27.7;00:38.3;00:28.1;290.3;Sebastian ALVAREZ;;LMP2 Pro/Am;;DKR Engineering;Oreca;GF;27.71;38.254;28.088
3;3;111;01:33.4;0;;27.573;0;37.882;0;27.947;0;179.5;50:17.7;50:18.4;00:27.6;00:37.9;00:27.9;289.5;Sebastian ALVAREZ;;LMP2 Pro/Am;;DKR Engineering;Oreca;GF;27.573;37.882;27.947
3;3;112;01:33.2;0;;27.175;0;37.855;0;28.167;0;179.9;51:50.8;51:51.6;00:27.2;00:37.9;00:28.2;288.8;Sebastian ALVAREZ;;LMP2 Pro/Am;;DKR Engineering;Oreca;GF;27.175;37.855;28.167
3;3;113;01:34.0;0;;27.446;0;38.338;0;28.209;0;178.4;53:24.8;53:25.6;00:27.4;00:38.3;00:28.2;290.3;Sebastian ALVAREZ;;LMP2 Pro/Am;;DKR Engineering;Oreca;GF;27.446;38.338;28.209
3;3;114;01:34.3;0;;27.868;0;38.174;0;28.307;0;177.7;54:59.2;55:00.0;00:27.9;00:38.2;00:28.3;291.1;Sebastian ALVAREZ;;LMP2 Pro/Am;;DKR Engineering;Oreca;GF;27.868;38.174;28.307
3;3;115;01:34.2;0;;27.322;0;38.22;0;28.653;0;178;56:33.4;56:34.2;00:27.3;00:38.2;00:28.7;289.5;Sebastian ALVAREZ;;LMP2 Pro/Am;;DKR Engineering;Oreca;GF;27.322;38.22;28.653
3;3;116;01:34.4;0;;27.282;0;38.151;0;28.958;0;177.6;58:07.8;58:08.6;00:27.3;00:38.2;00:29.0;290.3;Sebastian ALVAREZ;;LMP2 Pro/Am;;DKR Engineering;Oreca;GF;27.282;38.151;28.958
3;3;117;01:34.6;0;;27.693;0;38.402;0;28.538;0;177.2;59:42.4;59:43.2;00:27.7;00:38.4;00:28.5;287.2;Sebastian ALVAREZ;;LMP2 Pro/Am;;DKR Engineering;Oreca;GF;27.693;38.402;28.538
3;3;118;01:35.2;0;;28.077;0;38.718;0;28.38;0;176.2;01:17.6;01:18.4;00:28.1;00:38.7;00:28.4;291.1;Sebastian ALVAREZ;;LMP2 Pro/Am;;DKR Engineering;Oreca;GF;28.077;38.718;28.38
3;3;119;01:35.5;0;;27.708;0;38.435;0;29.368;0;175.5;02:53.1;02:53.9;00:27.7;00:38.4;00:29.4;291.1;Sebastian ALVAREZ;;LMP2 Pro/Am;;DKR Engineering;Oreca;GF;27.708;38.435;29.368
3;3;120;01:40.2;0;B;27.574;0;38.385;0;34.228;0;167.3;04:33.3;04:34.1;00:27.6;00:38.4;00:34.2;288.8;Sebastian ALVAREZ;;LMP2 Pro/Am;;DKR Engineering;Oreca;GF;27.574;38.385;34.228
3;3;121;02:19.8;0;;01:11.9;0;38.573;0;29.386;0;119.9;06:53.1;06:53.9;01:11.9;00:38.6;00:29.4;208.9;Sebastian ALVAREZ;00:47.8;LMP2 Pro/Am;;DKR Engineering;Oreca;GF;71.857;38.573;29.386
3;3;122;01:35.8;0;;27.923;0;38.418;0;29.496;0;174.9;08:28.9;08:29.7;00:27.9;00:38.4;00:29.5;286.5;Sebastian ALVAREZ;;LMP2 Pro/Am;;DKR Engineering;Oreca;GF;27.923;38.418;29.496
3;3;123;01:35.6;0;;27.905;0;38.7;0;28.948;0;175.5;10:04.5;10:05.3;00:27.9;00:38.7;00:28.9;287.2;Sebastian ALVAREZ;;LMP2 Pro/Am;;DKR Engineering;Oreca;GF;27.905;38.7;28.948
3;3;124;01:35.8;0;;27.904;0;39.077;0;28.855;0;174.9;11:40.3;11:41.1;00:27.9;00:39.1;00:28.9;290.3;Sebastian ALVAREZ;;LMP2 Pro/Am;;DKR Engineering;Oreca;GF;27.904;39.077;28.855
3;3;125;01:35.0;0;;27.699;0;38.752;0;28.582;0;176.4;13:15.4;13:16.2;00:27.7;00:38.8;00:28.6;288.8;Sebastian ALVAREZ;;LMP2 Pro/Am;;DKR Engineering;Oreca;GF;27.699;38.752;28.582
3;3;126;01:35.6;0;;27.97;0;38.616;0;29.019;0;175.4;14:51.0;14:51.8;00:28.0;00:38.6;00:29.0;288.8;Sebastian ALVAREZ;;LMP2 Pro/Am;;DKR Engineering;Oreca;GF;27.97;38.616;29.019
3;3;127;01:33.9;0;;27.425;0;38.296;0;28.227;0;178.5;16:24.9;16:25.7;00:27.4;00:38.3;00:28.2;287.2;Sebastian ALVAREZ;;LMP2 Pro/Am;;DKR Engineering;Oreca;GF;27.425;38.296;28.227
3;3;128;01:33.9;0;;27.428;0;38.198;0;28.243;0;178.6;17:58.8;17:59.6;00:27.4;00:38.2;00:28.2;288.8;Sebastian ALVAREZ;;LMP2 Pro/Am;;DKR Engineering;Oreca;GF;27.428;38.198;28.243
3;3;129;01:35.3;0;;27.498;0;38.948;0;28.82;0;176;19:34.0;19:34.8;00:27.5;00:38.9;00:28.8;290.3;Sebastian ALVAREZ;;LMP2 Pro/Am;;DKR Engineering;Oreca;GF;27.498;38.948;28.82
3;3;130;01:35.4;0;;27.548;0;38.503;0;29.317;0;175.8;21:09.4;21:10.2;00:27.5;00:38.5;00:29.3;288.8;Sebastian ALVAREZ;;LMP2 Pro/Am;;DKR Engineering;Oreca;GF;27.548;38.503;29.317
3;3;131;01:35.2;0;;27.932;0;38.632;0;28.606;0;176.2;22:44.6;22:45.4;00:27.9;00:38.6;00:28.6;287.2;Sebastian ALVAREZ;;LMP2 Pro/Am;;DKR Engineering;Oreca;GF;27.932;38.632;28.606
3;3;132;01:35.0;0;;27.693;0;38.555;0;28.716;0;176.5;24:19.5;24:20.3;00:27.7;00:38.6;00:28.7;290.3;Sebastian ALVAREZ;;LMP2 Pro/Am;;DKR Engineering;Oreca;GF;27.693;38.555;28.716
3;3;133;01:35.5;0;;27.645;0;38.482;0;29.328;0;175.6;25:55.0;25:55.8;00:27.6;00:38.5;00:29.3;289.5;Sebastian ALVAREZ;;LMP2 Pro/Am;;DKR Engineering;Oreca;GF;27.645;38.482;29.328
3;3;134;01:35.7;0;;28.6;0;38.457;0;28.665;0;175.1;27:30.7;27:31.5;00:28.6;00:38.5;00:28.7;289.5;Sebastian ALVAREZ;;LMP2 Pro/Am;;DKR Engineering;Oreca;FF;28.6;38.457;28.665
30;1;1;02:07.6;0;;32.244;0;55.263;0;40.103;0;127.5;02:07.6;02:08.4;00:32.2;00:55.3;00:40.1;;Giorgio RODA;;LMP2 Pro/Am;;Duqueine Team;Oreca;SF;32.244;55.263;40.103
30;1;2;03:54.7;0;;01:09.6;0;01:29.7;0;01:15.4;0;71.4;06:02.3;06:03.1;01:09.6;01:29.7;01:15.4;120.5;Giorgio RODA;;LMP2 Pro/Am;;Duqueine Team;Oreca;RF;69.578;89.749;75.369
30;1;3;27:07.6;0;;25:11.8;0;01:09.6;0;46.23;0;10.3;33:09.9;33:10.7;25:11.8;01:09.6;00:46.2;;Giorgio RODA;;LMP2 Pro/Am;;Duqueine Team;Oreca;SF;1511.796;69.594;46.23
30;1;4;02:21.3;0;;47.799;0;53.589;0;39.919;0;118.6;35:31.2;35:32.0;00:47.8;00:53.6;00:39.9;142.3;Giorgio RODA;;LMP2 Pro/Am;;Duqueine Team;Oreca;GF;47.799;53.589;39.919
30;1;5;01:36.0;0;;28.336;0;39.141;0;28.566;0;174.6;37:07.3;37:08.1;00:28.3;00:39.1;00:28.6;290.3;Giorgio RODA;;LMP2 Pro/Am;;Duqueine Team;Oreca;GF;28.336;39.141;28.566
30;1;6;01:34.0;0;;27.393;0;38.262;0;28.357;0;178.3;38:41.3;38:42.1;00:27.4;00:38.3;00:28.4;291.1;Giorgio RODA;;LMP2 Pro/Am;;Duqueine Team;Oreca;GF;27.393;38.262;28.357
30;1;7;01:33.9;0;;27.403;0;38.241;0;28.279;0;178.5;40:15.2;40:16.0;00:27.4;00:38.2;00:28.3;292.7;Giorgio RODA;;LMP2 Pro/Am;;Duqueine Team;Oreca;GF;27.403;38.241;28.279
30;1;8;01:33.7;0;;27.297;0;37.757;1;28.688;0;178.8;41:49.0;41:49.7;00:27.3;00:37.8;00:28.7;291.1;Giorgio RODA;;LMP2 Pro/Am;;Duqueine Team;Oreca;GF;27.297;37.757;28.688
30;1;9;01:33.2;0;;27.313;0;37.849;0;28.017;1;179.9;43:22.1;43:22.9;00:27.3;00:37.8;00:28.0;289.5;Giorgio RODA;;LMP2 Pro/Am;;Duqueine Team;Oreca;GF;27.313;37.849;28.017
30;1;10;01:33.5;0;;27.183;1;37.939;0;28.357;0;179.3;44:55.6;44:56.4;00:27.2;00:37.9;00:28.4;292.7;Giorgio RODA;;LMP2 Pro/Am;;Duqueine Team;Oreca;GF;27.183;37.939;28.357
30;1;11;01:34.6;0;;27.362;0;38.568;0;28.675;0;177.2;46:30.2;46:31.0;00:27.4;00:38.6;00:28.7;289.5;Giorgio RODA;;LMP2 Pro/Am;;Duqueine Team;Oreca;GF;27.362;38.568;28.675
30;1;12;01:37.8;0;;28.468;0;38.771;0;30.546;0;171.4;48:08.0;48:08.8;00:28.5;00:38.8;00:30.5;289.5;Giorgio RODA;;LMP2 Pro/Am;;Duqueine Team;Oreca;GF;28.468;38.771;30.546
30;1;13;01:37.4;0;;28.228;0;39.079;0;30.045;0;172.2;49:45.4;49:46.1;00:28.2;00:39.1;00:30.0;291.1;Giorgio RODA;;LMP2 Pro/Am;;Duqueine Team;Oreca;GF;28.228;39.079;30.045
30;1;14;01:37.4;0;;27.896;0;39.589;0;29.913;0;172.1;51:22.8;51:23.5;00:27.9;00:39.6;00:29.9;291.9;Giorgio RODA;;LMP2 Pro/Am;;Duqueine Team;Oreca;GF;27.896;39.589;29.913
30;1;15;01:35.6;0;;27.663;0;38.608;0;29.368;0;175.3;52:58.4;52:59.2;00:27.7;00:38.6;00:29.4;292.7;Giorgio RODA;;LMP2 Pro/Am;;Duqueine Team;Oreca;GF;27.663;38.608;29.368
30;1;16;01:35.8;0;;28.108;0;38.883;0;28.76;0;175.1;54:34.1;54:34.9;00:28.1;00:38.9;00:28.8;291.9;Giorgio RODA;;LMP2 Pro/Am;;Duqueine Team;Oreca;GF;28.108;38.883;28.76
30;1;17;01:34.2;0;;27.506;0;38.181;0;28.502;0;178;56:08.3;56:09.1;00:27.5;00:38.2;00:28.5;291.9;Giorgio RODA;;LMP2 Pro/Am;;Duqueine Team;Oreca;GF;27.506;38.181;28.502
30;1;18;01:35.3;0;;27.595;0;38.714;0;28.953;0;176;57:43.6;57:44.4;00:27.6;00:38.7;00:29.0;290.3;Giorgio RODA;;LMP2 Pro/Am;;Duqueine Team;Oreca;GF;27.595;38.714;28.953
30;1;19;01:37.7;0;;27.624;0;39.042;0;31.069;0;171.5;59:21.3;59:22.1;00:27.6;00:39.0;00:31.1;290.3;Giorgio RODA;;LMP2 Pro/Am;;Duqueine Team;Oreca;GF;27.624;39.042;31.069
30;1;20;01:36.3;0;;28.035;0;38.852;0;29.463;0;174;00:57.7;00:58.5;00:28.0;00:38.9;00:29.5;291.9;Giorgio RODA;;LMP2 Pro/Am;;Duqueine Team;Oreca;GF;28.035;38.852;29.463
30;1;21;01:36.3;0;;27.839;0;39.483;0;28.978;0;174.1;02:34.0;02:34.8;00:27.8;00:39.5;00:29.0;292.7;Giorgio RODA;;LMP2 Pro/Am;;Duqueine Team;Oreca;GF;27.839;39.483;28.978
30;1;22;01:35.1;0;;27.704;0;38.532;0;28.894;0;176.2;04:09.1;04:09.9;00:27.7;00:38.5;00:28.9;291.1;Giorgio RODA;;LMP2 Pro/Am;;Duqueine Team;Oreca;GF;27.704;38.532;28.894
30;1;23;01:35.7;0;;28.419;0;38.584;0;28.74;0;175.1;05:44.8;05:45.6;00:28.4;00:38.6;00:28.7;291.1;Giorgio RODA;;LMP2 Pro/Am;;Duqueine Team;Oreca;GF;28.419;38.584;28.74
30;1;24;01:37.0;0;;27.545;0;40.466;0;28.957;0;172.9;07:21.8;07:22.6;00:27.5;00:40.5;00:29.0;291.1;Giorgio RODA;;LMP2 Pro/Am;;Duqueine Team;Oreca;GF;27.545;40.466;28.957
30;1;25;01:36.2;0;;27.996;0;38.704;0;29.483;0;174.3;08:58.0;08:58.8;00:28.0;00:38.7;00:29.5;291.1;Giorgio RODA;;LMP2 Pro/Am;;Duqueine Team;Oreca;GF;27.996;38.704;29.483
30;1;26;01:35.9;0;;27.986;0;38.59;0;29.37;0;174.7;10:33.9;10:34.7;00:28.0;00:38.6;00:29.4;288.8;Giorgio RODA;;LMP2 Pro/Am;;Duqueine Team;Oreca;GF;27.986;38.59;29.37
30;1;27;01:36.2;0;;27.893;0;39.102;0;29.208;0;174.3;12:10.1;12:10.9;00:27.9;00:39.1;00:29.2;291.9;Giorgio RODA;;LMP2 Pro/Am;;Duqueine Team;Oreca;GF;27.893;39.102;29.208
30;1;28;01:41.9;0;B;28.064;0;39.461;0;34.378;0;164.5;13:52.1;13:52.8;00:28.1;00:39.5;00:34.4;292.7;Giorgio RODA;;LMP2 Pro/Am;;Duqueine Team;Oreca;GF;28.064;39.461;34.378
30;1;29;02:22.7;0;;01:13.3;0;39.827;0;29.574;0;117.5;16:14.7;16:15.5;01:13.3;00:39.8;00:29.6;211.4;Giorgio RODA;00:48.4;LMP2 Pro/Am;;Duqueine Team;Oreca;GF;73.273;39.827;29.574
30;1;30;01:35.9;0;;27.886;0;38.765;0;29.265;0;174.8;17:50.6;17:51.4;00:27.9;00:38.8;00:29.3;292.7;Giorgio RODA;;LMP2 Pro/Am;;Duqueine Team;Oreca;GF;27.886;38.765;29.265
30;1;31;01:36.2;0;;28.309;0;38.866;0;28.988;0;174.3;19:26.8;19:27.6;00:28.3;00:38.9;00:29.0;291.9;Giorgio RODA;;LMP2 Pro/Am;;Duqueine Team;Oreca;GF;28.309;38.866;28.988
30;1;32;01:36.8;0;;27.858;0;39.678;0;29.239;0;173.2;21:03.6;21:04.4;00:27.9;00:39.7;00:29.2;291.9;Giorgio RODA;;LMP2 Pro/Am;;Duqueine Team;Oreca;GF;27.858;39.678;29.239
30;1;33;01:35.3;0;;27.889;0;38.567;0;28.825;0;176;22:38.9;22:39.7;00:27.9;00:38.6;00:28.8;291.9;Giorgio RODA;;LMP2 Pro/Am;;Duqueine Team;Oreca;GF;27.889;38.567;28.825
30;1;34;01:39.1;0;;30.165;0;39.571;0;29.328;0;169.2;24:17.9;24:18.7;00:30.2;00:39.6;00:29.3;290.3;Giorgio RODA;;LMP2 Pro/Am;;Duqueine Team;Oreca;GF;30.165;39.571;29.328
30;1;35;01:41.0;0;;30.079;0;41.182;0;29.783;0;165.9;25:59.0;25:59.8;00:30.1;00:41.2;00:29.8;291.1;Giorgio RODA;;LMP2 Pro/Am;;Duqueine Team;Oreca;GF;30.079;41.182;29.783
30;1;36;01:38.5;0;;29.029;0;39.907;0;29.563;0;170.2;27:37.5;27:38.3;00:29.0;00:39.9;00:29.6;291.1;Giorgio RODA;;LMP2 Pro/Am;;Duqueine Team;Oreca;GF;29.029;39.907;29.563
30;1;37;01:38.6;0;;28.362;0;40.837;0;29.449;0;169.9;29:16.1;29:16.9;00:28.4;00:40.8;00:29.4;291.9;Giorgio RODA;;LMP2 Pro/Am;;Duqueine Team;Oreca;GF;28.362;40.837;29.449
30;1;38;01:36.4;0;;28.233;0;39.112;0;29.01;0;174;30:52.5;30:53.3;00:28.2;00:39.1;00:29.0;291.1;Giorgio RODA;;LMP2 Pro/Am;;Duqueine Team;Oreca;GF;28.233;39.112;29.01
30;1;39;01:43.3;0;B;27.962;0;39.476;0;35.891;0;162.3;32:35.8;32:36.6;00:28.0;00:39.5;00:35.9;291.1;Giorgio RODA;;LMP2 Pro/Am;;Duqueine Team;Oreca;GF;27.962;39.476;35.891
30;3;40;04:25.9;0;;02:09.7;0;01:19.4;0;56.833;0;63;37:01.7;37:02.5;02:09.7;01:19.4;00:56.8;170.9;Doriane PIN;01:20.8;LMP2 Pro/Am;;Duqueine Team;Oreca;GF;129.739;79.364;56.833
30;3;41;03:29.5;0;;01:13.2;0;01:19.6;0;56.772;0;80;40:31.3;40:32.1;01:13.2;01:19.6;00:56.8;;Doriane PIN;;LMP2 Pro/Am;;Duqueine Team;Oreca;GF;73.163;79.584;56.772
30;3;42;02:26.6;0;;01:08.8;0;43.862;0;33.864;0;114.4;42:57.8;42:58.6;01:08.8;00:43.9;00:33.9;;Doriane PIN;;LMP2 Pro/Am;;Duqueine Team;Oreca;SF;68.829;43.862;33.864
30;3;43;03:31.2;0;;01:06.9;0;01:21.7;0;01:02.6;0;79.4;46:29.0;46:29.8;01:06.9;01:21.7;01:02.6;;Doriane PIN;;LMP2 Pro/Am;;Duqueine Team;Oreca;SF;66.936;81.685;62.58
30;3;44;03:01.6;0;;01:12.3;0;01:07.9;0;41.382;0;92.3;49:30.6;49:31.4;01:12.3;01:07.9;00:41.4;;Doriane PIN;;LMP2 Pro/Am;;Duqueine Team;Oreca;SF;72.286;67.93;41.382
30;3;45;02:13.8;0;;39.762;0;52.634;0;41.395;0;125.3;51:44.4;51:45.2;00:39.8;00:52.6;00:41.4;169.5;Doriane PIN;;LMP2 Pro/Am;;Duqueine Team;Oreca;GF;39.762;52.634;41.395
30;3;46;01:32.9;0;;28.093;0;37.309;0;27.476;0;180.5;53:17.3;53:18.1;00:28.1;00:37.3;00:27.5;284.2;Doriane PIN;;LMP2 Pro/Am;;Duqueine Team;Oreca;GF;28.093;37.309;27.476
30;3;47;01:31.8;2;;26.925;1;37.244;2;27.633;2;182.6;54:49.1;54:49.9;00:26.9;00:37.2;00:27.6;288.8;Doriane PIN;;LMP2 Pro/Am;;Duqueine Team;Oreca;GF;26.925;37.244;27.633
30;3;48;01:32.3;0;;27.014;0;37.383;0;27.915;0;181.6;56:21.4;56:22.2;00:27.0;00:37.4;00:27.9;286.5;Doriane PIN;;LMP2 Pro/Am;;Duqueine Team;Oreca;GF;27.014;37.383;27.915
30;3;49;01:32.7;0;;27.091;0;37.604;0;28.019;0;180.8;57:54.1;57:54.9;00:27.1;00:37.6;00:28.0;289.5;Doriane PIN;;LMP2 Pro/Am;;Duqueine Team;Oreca;GF;27.091;37.604;28.019
30;3;50;01:32.4;0;;27.092;0;37.48;0;27.837;0;181.4;59:26.5;59:27.3;00:27.1;00:37.5;00:27.8;288.8;Doriane PIN;;LMP2 Pro/Am;;Duqueine Team;Oreca;GF;27.092;37.48;27.837
30;3;51;01:33.3;0;;26.974;0;38.219;0;28.097;0;179.7;00:59.8;01:00.6;00:27.0;00:38.2;00:28.1;289.5;Doriane PIN;;LMP2 Pro/Am;;Duqueine Team;Oreca;GF;26.974;38.219;28.097
30;3;52;01:36.3;0;;27.465;0;38.951;0;29.89;0;174.1;02:36.1;02:36.9;00:27.5;00:39.0;00:29.9;287.2;Doriane PIN;;LMP2 Pro/Am;;Duqueine Team;Oreca;GF;27.465;38.951;29.89
30;3;53;01:53.5;0;;28.174;0;38.545;0;46.824;0;147.7;04:29.7;04:30.5;00:28.2;00:38.5;00:46.8;290.3;Doriane PIN;;LMP2 Pro/Am;;Duqueine Team;Oreca;FCY;28.174;38.545;46.824
30;3;54;02:42.7;0;;01:12.7;0;01:01.6;0;28.385;0;103;07:12.4;07:13.2;01:12.7;01:01.6;00:28.4;;Doriane PIN;;LMP2 Pro/Am;;Duqueine Team;Oreca;GF;72.746;61.595;28.385
30;3;55;01:34.6;0;;27.761;0;37.9;0;28.955;0;177.2;08:47.0;08:47.8;00:27.8;00:37.9;00:29.0;290.3;Doriane PIN;;LMP2 Pro/Am;;Duqueine Team;Oreca;GF;27.761;37.9;28.955
30;3;56;01:34.2;0;;27.473;0;38.749;0;27.962;0;178;10:21.2;10:22.0;00:27.5;00:38.7;00:28.0;291.9;Doriane PIN;;LMP2 Pro/Am;;Duqueine Team;Oreca;GF;27.473;38.749;27.962
30;3;57;01:33.1;0;;27.265;0;37.953;0;27.921;0;180;11:54.3;11:55.1;00:27.3;00:38.0;00:27.9;289.5;Doriane PIN;;LMP2 Pro/Am;;Duqueine Team;Oreca;GF;27.265;37.953;27.921
30;3;58;01:33.3;0;;27.334;0;38.025;0;27.976;0;179.6;13:27.7;13:28.5;00:27.3;00:38.0;00:28.0;289.5;Doriane PIN;;LMP2 Pro/Am;;Duqueine Team;Oreca;GF;27.334;38.025;27.976
30;3;59;01:33.8;0;;27.297;0;38.542;0;27.988;0;178.7;15:01.5;15:02.3;00:27.3;00:38.5;00:28.0;289.5;Doriane PIN;;LMP2 Pro/Am;;Duqueine Team;Oreca;GF;27.297;38.542;27.988
30;3;60;01:34.1;0;;28.172;0;37.775;0;28.139;0;178.2;16:35.6;16:36.4;00:28.2;00:37.8;00:28.1;288.8;Doriane PIN;;LMP2 Pro/Am;;Duqueine Team;Oreca;GF;28.172;37.775;28.139
30;3;61;01:34.9;0;;28.467;0;38.175;0;28.271;0;176.6;18:10.5;18:11.3;00:28.5;00:38.2;00:28.3;251.2;Doriane PIN;;LMP2 Pro/Am;;Duqueine Team;Oreca;GF;28.467;38.175;28.271
30;3;62;01:36.3;0;;27.578;0;40.515;0;28.166;0;174.2;19:46.7;19:47.5;00:27.6;00:40.5;00:28.2;288.8;Doriane PIN;;LMP2 Pro/Am;;Duqueine Team;Oreca;GF;27.578;40.515;28.166
30;3;63;01:34.0;0;;27.391;0;38.416;0;28.221;0;178.3;21:20.8;21:21.6;00:27.4;00:38.4;00:28.2;290.3;Doriane PIN;;LMP2 Pro/Am;;Duqueine Team;Oreca;GF;27.391;38.416;28.221
30;3;64;01:35.1;0;;27.905;0;37.859;0;29.311;0;176.3;22:55.8;22:56.6;00:27.9;00:37.9;00:29.3;285.7;Doriane PIN;;LMP2 Pro/Am;;Duqueine Team;Oreca;GF;27.905;37.859;29.311
30;3;65;01:34.5;0;;27.637;0;38.2;0;28.656;0;177.4;24:30.3;24:31.1;00:27.6;00:38.2;00:28.7;288.8;Doriane PIN;;LMP2 Pro/Am;;Duqueine Team;Oreca;GF;27.637;38.2;28.656
30;3;66;01:35.5;0;;27.664;0;39.535;0;28.272;0;175.6;26:05.8;26:06.6;00:27.7;00:39.5;00:28.3;288;Doriane PIN;;LMP2 Pro/Am;;Duqueine Team;Oreca;GF;27.664;39.535;28.272
30;3;67;01:33.7;0;;27.504;0;38.068;0;28.106;0;179;27:39.5;27:40.3;00:27.5;00:38.1;00:28.1;285.7;Doriane PIN;;LMP2 Pro/Am;;Duqueine Team;Oreca;GF;27.504;38.068;28.106
30;3;68;01:35.5;0;;27.82;0;38.817;0;28.854;0;175.6;29:15.0;29:15.8;00:27.8;00:38.8;00:28.9;290.3;Doriane PIN;;LMP2 Pro/Am;;Duqueine Team;Oreca;GF;27.82;38.817;28.854
30;3;69;01:34.6;0;;27.398;0;38.118;0;29.05;0;177.3;30:49.5;30:50.3;00:27.4;00:38.1;00:29.1;291.1;Doriane PIN;;LMP2 Pro/Am;;Duqueine Team;Oreca;GF;27.398;38.118;29.05
30;3;70;02:35.0;0;B;27.942;0;01:09.7;0;57.35;0;108.2;33:24.5;33:25.3;00:27.9;01:09.7;00:57.3;292.7;Doriane PIN;;LMP2 Pro/Am;;Duqueine Team;Oreca;GF;27.942;69.711;57.35
30;3;71;04:43.6;0;;02:26.4;0;01:20.0;0;57.212;0;59.1;38:08.2;38:09.0;02:26.4;01:20.0;00:57.2;;Doriane PIN;01:31.2;LMP2 Pro/Am;;Duqueine Team;Oreca;GF;146.351;80.049;57.212
30;3;72;02:56.0;0;;01:02.2;0;57.138;0;56.749;0;95.2;41:04.2;41:05.0;01:02.2;00:57.1;00:56.7;;Doriane PIN;;LMP2 Pro/Am;;Duqueine Team;Oreca;SF;62.162;57.138;56.749
30;3;73;03:25.6;0;;58.527;0;01:24.5;0;01:02.5;0;81.6;44:29.8;44:30.6;00:58.5;01:24.5;01:02.5;;Doriane PIN;;LMP2 Pro/Am;;Duqueine Team;Oreca;SF;58.527;84.517;62.525
30;3;74;02:51.6;0;;01:05.9;0;01:05.1;0;40.546;0;97.7;47:21.4;47:22.2;01:05.9;01:05.1;00:40.5;;Doriane PIN;;LMP2 Pro/Am;;Duqueine Team;Oreca;SF;65.947;65.107;40.546
30;3;75;02:21.7;0;;41.709;0;51.309;0;48.688;0;118.3;49:43.1;49:43.9;00:41.7;00:51.3;00:48.7;158.8;Doriane PIN;;LMP2 Pro/Am;;Duqueine Team;Oreca;GF;41.709;51.309;48.688
30;3;76;01:33.9;0;;28.123;0;37.875;0;27.928;0;178.5;51:17.0;51:17.8;00:28.1;00:37.9;00:27.9;287.2;Doriane PIN;;LMP2 Pro/Am;;Duqueine Team;Oreca;GF;28.123;37.875;27.928
30;3;77;01:32.8;0;;27.381;0;37.589;0;27.861;0;180.6;52:49.8;52:50.6;00:27.4;00:37.6;00:27.9;289.5;Doriane PIN;;LMP2 Pro/Am;;Duqueine Team;Oreca;GF;27.381;37.589;27.861
30;3;78;01:32.6;0;;27.164;0;37.54;0;27.944;0;181;54:22.5;54:23.3;00:27.2;00:37.5;00:27.9;288.8;Doriane PIN;;LMP2 Pro/Am;;Duqueine Team;Oreca;GF;27.164;37.54;27.944
30;3;79;01:32.3;0;;27.156;0;37.389;0;27.803;0;181.5;55:54.8;55:55.6;00:27.2;00:37.4;00:27.8;289.5;Doriane PIN;;LMP2 Pro/Am;;Duqueine Team;Oreca;GF;27.156;37.389;27.803
30;3;80;01:32.5;0;;27.046;0;37.581;0;27.882;0;181.2;57:27.3;57:28.1;00:27.0;00:37.6;00:27.9;288.8;Doriane PIN;;LMP2 Pro/Am;;Duqueine Team;Oreca;GF;27.046;37.581;27.882
30;3;81;01:32.9;0;;27.159;0;37.521;0;28.214;0;180.5;59:00.2;59:01.0;00:27.2;00:37.5;00:28.2;288;Doriane PIN;;LMP2 Pro/Am;;Duqueine Team;Oreca;GF;27.159;37.521;28.214
30;3;82;01:34.3;0;;27.792;0;38.072;0;28.397;0;177.9;00:34.5;00:35.3;00:27.8;00:38.1;00:28.4;288.8;Doriane PIN;;LMP2 Pro/Am;;Duqueine Team;Oreca;GF;27.792;38.072;28.397
30;3;83;01:35.9;0;;27.449;0;38.424;0;30.064;0;174.8;02:10.4;02:11.2;00:27.4;00:38.4;00:30.1;288.8;Doriane PIN;;LMP2 Pro/Am;;Duqueine Team;Oreca;GF;27.449;38.424;30.064
30;3;84;01:57.4;0;;28.241;0;39.299;0;49.82;0;142.9;04:07.8;04:08.6;00:28.2;00:39.3;00:49.8;290.3;Doriane PIN;;LMP2 Pro/Am;;Duqueine Team;Oreca;FCY;28.241;39.299;49.82
30;3;85;02:39.5;0;;01:12.6;0;57.789;0;29.164;0;105.1;06:47.3;06:48.1;01:12.6;00:57.8;00:29.2;;Doriane PIN;;LMP2 Pro/Am;;Duqueine Team;Oreca;GF;72.559;57.789;29.164
30;3;86;01:35.3;0;;27.686;0;39.118;0;28.464;0;176;08:22.6;08:23.4;00:27.7;00:39.1;00:28.5;290.3;Doriane PIN;;LMP2 Pro/Am;;Duqueine Team;Oreca;GF;27.686;39.118;28.464
30;3;87;01:32.9;0;;27.26;0;37.63;0;28.002;0;180.5;09:55.5;09:56.3;00:27.3;00:37.6;00:28.0;291.9;Doriane PIN;;LMP2 Pro/Am;;Duqueine Team;Oreca;GF;27.26;37.63;28.002
30;3;88;01:33.0;0;;27.196;0;37.678;0;28.106;0;180.3;11:28.4;11:29.2;00:27.2;00:37.7;00:28.1;290.3;Doriane PIN;;LMP2 Pro/Am;;Duqueine Team;Oreca;GF;27.196;37.678;28.106
30;3;89;01:32.6;0;;27.224;0;37.469;0;27.942;0;181;13:01.1;13:01.9;00:27.2;00:37.5;00:27.9;288;Doriane PIN;;LMP2 Pro/Am;;Duqueine Team;Oreca;GF;27.224;37.469;27.942
30;3;90;01:35.1;0;;27.857;0;37.664;0;29.604;0;176.2;14:36.2;14:37.0;00:27.9;00:37.7;00:29.6;290.3;Doriane PIN;;LMP2 Pro/Am;;Duqueine Team;Oreca;GF;27.857;37.664;29.604
30;3;91;01:33.8;0;;27.586;0;38.292;0;27.919;0;178.7;16:10.0;16:10.8;00:27.6;00:38.3;00:27.9;291.1;Doriane PIN;;LMP2 Pro/Am;;Duqueine Team;Oreca;GF;27.586;38.292;27.919
30;3;92;01:33.3;0;;27.297;0;37.649;0;28.376;0;179.6;17:43.3;17:44.1;00:27.3;00:37.6;00:28.4;289.5;Doriane PIN;;LMP2 Pro/Am;;Duqueine Team;Oreca;GF;27.297;37.649;28.376
30;3;93;01:33.6;0;;27.706;0;37.767;0;28.138;0;179.1;19:16.9;19:17.7;00:27.7;00:37.8;00:28.1;288.8;Doriane PIN;;LMP2 Pro/Am;;Duqueine Team;Oreca;GF;27.706;37.767;28.138
30;3;94;01:36.3;0;;27.362;0;38.875;0;30.014;0;174.2;20:53.2;20:54.0;00:27.4;00:38.9;00:30.0;289.5;Doriane PIN;;LMP2 Pro/Am;;Duqueine Team;Oreca;GF;27.362;38.875;30.014
30;3;95;02:45.6;0;B;55.536;0;01:15.7;0;34.442;0;101.2;23:38.8;23:39.6;00:55.5;01:15.7;00:34.4;;Doriane PIN;;LMP2 Pro/Am;;Duqueine Team;Oreca;GF;55.536;75.663;34.442
30;2;96;02:49.5;0;;01:40.5;0;39.986;0;29.062;0;98.9;26:28.3;26:29.1;01:40.5;00:40.0;00:29.1;203.8;Richard VERSCHOOR;01:14.1;LMP2 Pro/Am;;Duqueine Team;Oreca;GF;100.46;39.986;29.062
30;2;97;01:33.9;0;;27.767;0;38.124;0;28.043;0;178.5;28:02.3;28:03.1;00:27.8;00:38.1;00:28.0;286.5;Richard VERSCHOOR;;LMP2 Pro/Am;;Duqueine Team;Oreca;GF;27.767;38.124;28.043
30;2;98;01:32.9;0;;27.195;0;37.726;0;27.931;0;180.6;29:35.1;29:35.9;00:27.2;00:37.7;00:27.9;288.8;Richard VERSCHOOR;;LMP2 Pro/Am;;Duqueine Team;Oreca;GF;27.195;37.726;27.931
30;2;99;01:33.6;0;;27.107;0;38.5;0;27.955;0;179.2;31:08.7;31:09.5;00:27.1;00:38.5;00:28.0;290.3;Richard VERSCHOOR;;LMP2 Pro/Am;;Duqueine Team;Oreca;GF;27.107;38.5;27.955
30;2;100;01:33.8;0;;27.531;0;38.335;0;27.967;0;178.7;32:42.5;32:43.3;00:27.5;00:38.3;00:28.0;289.5;Richard VERSCHOOR;;LMP2 Pro/Am;;Duqueine Team;Oreca;GF;27.531;38.335;27.967
30;2;101;01:33.2;0;;27.332;0;37.765;0;28.091;0;179.9;34:15.7;34:16.5;00:27.3;00:37.8;00:28.1;290.3;Richard VERSCHOOR;;LMP2 Pro/Am;;Duqueine Team;Oreca;GF;27.332;37.765;28.091
30;2;102;01:33.1;0;;27.423;0;37.746;0;27.932;0;180.1;35:48.8;35:49.6;00:27.4;00:37.7;00:27.9;288;Richard VERSCHOOR;;LMP2 Pro/Am;;Duqueine Team;Oreca;GF;27.423;37.746;27.932
30;2;103;01:33.0;0;;26.978;0;37.928;0;28.081;0;180.3;37:21.8;37:22.6;00:27.0;00:37.9;00:28.1;291.9;Richard VERSCHOOR;;LMP2 Pro/Am;;Duqueine Team;Oreca;GF;26.978;37.928;28.081
30;2;104;01:33.7;0;;27.438;0;38.133;0;28.081;0;179;38:55.4;38:56.2;00:27.4;00:38.1;00:28.1;288.8;Richard VERSCHOOR;;LMP2 Pro/Am;;Duqueine Team;Oreca;GF;27.438;38.133;28.081
30;2;105;01:33.6;0;;27.464;0;38.224;0;27.911;1;179.1;40:29.0;40:29.8;00:27.5;00:38.2;00:27.9;288;Richard VERSCHOOR;;LMP2 Pro/Am;;Duqueine Team;Oreca;GF;27.464;38.224;27.911
30;2;106;01:34.0;0;;27.574;0;37.985;0;28.475;0;178.3;42:03.1;42:03.9;00:27.6;00:38.0;00:28.5;277.6;Richard VERSCHOOR;;LMP2 Pro/Am;;Duqueine Team;Oreca;GF;27.574;37.985;28.475
30;2;107;01:33.5;0;;27.347;0;38.11;0;28.023;0;179.3;43:36.6;43:37.4;00:27.3;00:38.1;00:28.0;291.9;Richard VERSCHOOR;;LMP2 Pro/Am;;Duqueine Team;Oreca;GF;27.347;38.11;28.023
30;2;108;01:32.8;0;;27.053;0;37.699;1;28.062;0;180.6;45:09.4;45:10.2;00:27.1;00:37.7;00:28.1;291.1;Richard VERSCHOOR;;LMP2 Pro/Am;;Duqueine Team;Oreca;GF;27.053;37.699;28.062
30;2;109;01:33.0;0;;26.922;2;37.908;0;28.199;0;180.2;46:42.4;46:43.2;00:26.9;00:37.9;00:28.2;289.5;Richard VERSCHOOR;;LMP2 Pro/Am;;Duqueine Team;Oreca;GF;26.922;37.908;28.199
30;2;110;01:33.8;0;;27.1;0;37.984;0;28.763;0;178.6;48:16.2;48:17.0;00:27.1;00:38.0;00:28.8;291.1;Richard VERSCHOOR;;LMP2 Pro/Am;;Duqueine Team;Oreca;GF;27.1;37.984;28.763
30;2;111;01:33.3;0;;27.283;0;37.875;0;28.144;0;179.7;49:49.6;49:50.3;00:27.3;00:37.9;00:28.1;290.3;Richard VERSCHOOR;;LMP2 Pro/Am;;Duqueine Team;Oreca;GF;27.283;37.875;28.144
30;2;112;01:33.3;0;;27.276;0;37.933;0;28.044;0;179.8;51:22.8;51:23.6;00:27.3;00:37.9;00:28.0;291.9;Richard VERSCHOOR;;LMP2 Pro/Am;;Duqueine Team;Oreca;GF;27.276;37.933;28.044
30;2;113;01:33.0;0;;27.029;0;37.873;0;28.131;0;180.2;52:55.8;52:56.6;00:27.0;00:37.9;00:28.1;291.9;Richard VERSCHOOR;;LMP2 Pro/Am;;Duqueine Team;Oreca;GF;27.029;37.873;28.131
30;2;114;01:34.0;0;;27.499;0;37.955;0;28.586;0;178.3;54:29.9;54:30.7;00:27.5;00:38.0;00:28.6;289.5;Richard VERSCHOOR;;LMP2 Pro/Am;;Duqueine Team;Oreca;GF;27.499;37.955;28.586
30;2;115;01:35.0;0;;27.469;0;38.575;0;28.914;0;176.6;56:04.8;56:05.6;00:27.5;00:38.6;00:28.9;290.3;Richard VERSCHOOR;;LMP2 Pro/Am;;Duqueine Team;Oreca;GF;27.469;38.575;28.914
30;2;116;01:35.1;0;;27.123;0;39.266;0;28.745;0;176.2;57:40.0;57:40.8;00:27.1;00:39.3;00:28.7;290.3;Richard VERSCHOOR;;LMP2 Pro/Am;;Duqueine Team;Oreca;GF;27.123;39.266;28.745
30;2;117;01:33.7;0;;27.193;0;38.19;0;28.363;0;178.8;59:13.7;59:14.5;00:27.2;00:38.2;00:28.4;290.3;Richard VERSCHOOR;;LMP2 Pro/Am;;Duqueine Team;Oreca;GF;27.193;38.19;28.363
30;2;118;01:34.1;0;;27.973;0;37.969;0;28.163;0;178.2;00:47.8;00:48.6;00:28.0;00:38.0;00:28.2;286.5;Richard VERSCHOOR;;LMP2 Pro/Am;;Duqueine Team;Oreca;GF;27.973;37.969;28.163
30;2;119;01:33.2;0;;27.067;0;37.848;0;28.248;0;180;02:21.0;02:21.8;00:27.1;00:37.8;00:28.2;290.3;Richard VERSCHOOR;;LMP2 Pro/Am;;Duqueine Team;Oreca;GF;27.067;37.848;28.248
30;2;120;01:33.8;0;;27.026;0;37.984;0;28.776;0;178.8;03:54.8;03:55.6;00:27.0;00:38.0;00:28.8;288.8;Richard VERSCHOOR;;LMP2 Pro/Am;;Duqueine Team;Oreca;GF;27.026;37.984;28.776
30;2;121;01:33.5;0;;27.13;0;38.092;0;28.324;0;179.2;05:28.3;05:29.1;00:27.1;00:38.1;00:28.3;289.5;Richard VERSCHOOR;;LMP2 Pro/Am;;Duqueine Team;Oreca;GF;27.13;38.092;28.324
30;2;122;01:33.5;0;;27.157;0;38.077;0;28.266;0;179.3;07:01.8;07:02.6;00:27.2;00:38.1;00:28.3;291.1;Richard VERSCHOOR;;LMP2 Pro/Am;;Duqueine Team;Oreca;GF;27.157;38.077;28.266
30;2;123;01:40.9;0;B;27.461;0;38.458;0;35.001;0;166.1;08:42.7;08:43.5;00:27.5;00:38.5;00:35.0;288.8;Richard VERSCHOOR;;LMP2 Pro/Am;;Duqueine Team;Oreca;GF;27.461;38.458;35.001
30;2;124;02:19.1;0;;01:11.0;0;39.297;0;28.749;0;120.5;11:01.8;11:02.6;01:11.0;00:39.3;00:28.7;210.5;Richard VERSCHOOR;00:46.4;LMP2 Pro/Am;;Duqueine Team;Oreca;GF;71.043;39.297;28.749
30;2;125;01:35.5;0;;27.722;0;38.542;0;29.227;0;175.6;12:37.3;12:38.1;00:27.7;00:38.5;00:29.2;291.1;Richard VERSCHOOR;;LMP2 Pro/Am;;Duqueine Team;Oreca;GF;27.722;38.542;29.227
30;2;126;01:34.9;0;;27.603;0;38.477;0;28.863;0;176.6;14:12.3;14:13.1;00:27.6;00:38.5;00:28.9;288.8;Richard VERSCHOOR;;LMP2 Pro/Am;;Duqueine Team;Oreca;GF;27.603;38.477;28.863
30;2;127;01:34.6;0;;27.881;0;38.345;0;28.363;0;177.2;15:46.8;15:47.6;00:27.9;00:38.3;00:28.4;287.2;Richard VERSCHOOR;;LMP2 Pro/Am;;Duqueine Team;Oreca;GF;27.881;38.345;28.363
30;2;128;01:34.8;0;;27.432;0;38.96;0;28.433;0;176.8;17:21.7;17:22.5;00:27.4;00:39.0;00:28.4;290.3;Richard VERSCHOOR;;LMP2 Pro/Am;;Duqueine Team;Oreca;GF;27.432;38.96;28.433
30;2;129;01:34.1;0;;27.391;0;38.189;0;28.527;0;178.2;18:55.8;18:56.6;00:27.4;00:38.2;00:28.5;291.1;Richard VERSCHOOR;;LMP2 Pro/Am;;Duqueine Team;Oreca;GF;27.391;38.189;28.527
30;2;130;01:36.2;0;;27.976;0;39.455;0;28.745;0;174.3;20:32.0;20:32.8;00:28.0;00:39.5;00:28.7;290.3;Richard VERSCHOOR;;LMP2 Pro/Am;;Duqueine Team;Oreca;GF;27.976;39.455;28.745
30;2;131;01:35.4;0;;27.663;0;38.711;0;29.032;0;175.7;22:07.4;22:08.2;00:27.7;00:38.7;00:29.0;289.5;Richard VERSCHOOR;;LMP2 Pro/Am;;Duqueine Team;Oreca;GF;27.663;38.711;29.032
30;2;132;01:35.9;0;;27.695;0;39.132;0;29.075;0;174.8;23:43.3;23:44.1;00:27.7;00:39.1;00:29.1;289.5;Richard VERSCHOOR;;LMP2 Pro/Am;;Duqueine Team;Oreca;GF;27.695;39.132;29.075
30;2;133;01:35.6;0;;27.705;0;38.533;0;29.382;0;175.3;25:18.9;25:19.7;00:27.7;00:38.5;00:29.4;291.1;Richard VERSCHOOR;;LMP2 Pro/Am;;Duqueine Team;Oreca;GF;27.705;38.533;29.382
30;2;134;01:34.7;0;;27.629;0;38.519;0;28.578;0;177;26:53.6;26:54.4;00:27.6;00:38.5;00:28.6;291.1;Richard VERSCHOOR;;LMP2 Pro/Am;;Duqueine Team;Oreca;GF;27.629;38.519;28.578
30;2;135;01:35.2;0;;27.688;0;38.712;0;28.825;0;176.1;28:28.8;28:29.6;00:27.7;00:38.7;00:28.8;290.3;Richard VERSCHOOR;;LMP2 Pro/Am;;Duqueine Team;Oreca;FF;27.688;38.712;28.825
31;1;1;02:21.9;0;;45.822;0;56.469;0;39.629;0;114.6;02:21.9;02:22.7;00:45.8;00:56.5;00:39.6;;Ralph MEICHTRY;;LMP3;;Racing Spirit of Leman;Ligier;SF;45.822;56.469;39.629
31;1;2;28:15.7;0;;01:20.1;0;01:23.8;0;25:31.8;0;9.9;30:37.6;30:38.4;01:20.1;01:23.8;25:31.8;;Ralph MEICHTRY;;LMP3;;Racing Spirit of Leman;Ligier;SF;80.068;83.842;1531.774
31;1;3;02:47.9;0;;56.796;0;01:06.6;0;44.459;0;99.9;33:25.5;33:26.3;00:56.8;01:06.6;00:44.5;177.6;Ralph MEICHTRY;;LMP3;;Racing Spirit of Leman;Ligier;SF;56.796;66.627;44.459
31;1;4;02:17.1;0;;47.412;0;49.16;0;40.53;0;122.3;35:42.6;35:43.4;00:47.4;00:49.2;00:40.5;;Ralph MEICHTRY;;LMP3;;Racing Spirit of Leman;Ligier;GF;47.412;49.16;40.53
31;1;5;01:46.2;0;;31.278;0;43.372;0;31.554;0;157.9;37:28.8;37:29.6;00:31.3;00:43.4;00:31.6;263.4;Ralph MEICHTRY;;LMP3;;Racing Spirit of Leman;Ligier;GF;31.278;43.372;31.554
31;1;6;01:44.3;0;;30.974;0;42.513;0;30.859;0;160.7;39:13.1;39:13.9;00:31.0;00:42.5;00:30.9;260.9;Ralph MEICHTRY;;LMP3;;Racing Spirit of Leman;Ligier;GF;30.974;42.513;30.859
31;1;7;01:42.1;0;;30.22;0;41.308;0;30.533;0;164.3;40:55.2;40:56.0;00:30.2;00:41.3;00:30.5;259;Ralph MEICHTRY;;LMP3;;Racing Spirit of Leman;Ligier;GF;30.22;41.308;30.533
31;1;8;01:42.5;0;;30.101;0;41.36;0;31.018;0;163.6;42:37.7;42:38.5;00:30.1;00:41.4;00:31.0;262.1;Ralph MEICHTRY;;LMP3;;Racing Spirit of Leman;Ligier;GF;30.101;41.36;31.018
31;1;9;01:41.9;0;;30.153;0;41.285;0;30.51;1;164.4;44:19.6;44:20.4;00:30.2;00:41.3;00:30.5;261.5;Ralph MEICHTRY;;LMP3;;Racing Spirit of Leman;Ligier;GF;30.153;41.285;30.51
31;1;10;01:41.9;0;;30.176;0;41.01;1;30.693;0;164.6;46:01.5;46:02.3;00:30.2;00:41.0;00:30.7;260.9;Ralph MEICHTRY;;LMP3;;Racing Spirit of Leman;Ligier;GF;30.176;41.01;30.693
31;1;11;01:42.0;0;;30.085;1;41.225;0;30.711;0;164.3;47:43.5;47:44.3;00:30.1;00:41.2;00:30.7;257.8;Ralph MEICHTRY;;LMP3;;Racing Spirit of Leman;Ligier;GF;30.085;41.225;30.711
31;1;12;01:42.6;0;;30.153;0;41.442;0;31.035;0;163.4;49:26.2;49:27.0;00:30.2;00:41.4;00:31.0;266;Ralph MEICHTRY;;LMP3;;Racing Spirit of Leman;Ligier;GF;30.153;41.442;31.035
31;1;13;01:43.4;0;;30.925;0;41.584;0;30.91;0;162.1;51:09.6;51:10.4;00:30.9;00:41.6;00:30.9;260.2;Ralph MEICHTRY;;LMP3;;Racing Spirit of Leman;Ligier;GF;30.925;41.584;30.91
31;1;14;01:43.6;0;;30.518;0;41.841;0;31.279;0;161.8;52:53.2;52:54.0;00:30.5;00:41.8;00:31.3;260.9;Ralph MEICHTRY;;LMP3;;Racing Spirit of Leman;Ligier;GF;30.518;41.841;31.279
31;1;15;01:43.6;0;;30.468;0;41.75;0;31.368;0;161.8;54:36.8;54:37.6;00:30.5;00:41.7;00:31.4;263.4;Ralph MEICHTRY;;LMP3;;Racing Spirit of Leman;Ligier;GF;30.468;41.75;31.368
31;1;16;01:44.8;0;;30.977;0;42.61;0;31.168;0;160;56:21.6;56:22.4;00:31.0;00:42.6;00:31.2;262.8;Ralph MEICHTRY;;LMP3;;Racing Spirit of Leman;Ligier;GF;30.977;42.61;31.168
31;1;17;01:43.5;0;;30.517;0;41.775;0;31.174;0;162;58:05.0;58:05.8;00:30.5;00:41.8;00:31.2;261.5;Ralph MEICHTRY;;LMP3;;Racing Spirit of Leman;Ligier;GF;30.517;41.775;31.174
31;1;18;01:42.6;0;;30.364;0;41.377;0;30.833;0;163.4;59:47.6;59:48.4;00:30.4;00:41.4;00:30.8;263.4;Ralph MEICHTRY;;LMP3;;Racing Spirit of Leman;Ligier;GF;30.364;41.377;30.833
31;1;19;01:43.3;0;;30.545;0;41.705;0;31.077;0;162.3;01:30.9;01:31.7;00:30.5;00:41.7;00:31.1;259;Ralph MEICHTRY;;LMP3;;Racing Spirit of Leman;Ligier;GF;30.545;41.705;31.077
31;1;20;01:42.8;0;;30.396;0;41.378;0;30.989;0;163.1;03:13.7;03:14.5;00:30.4;00:41.4;00:31.0;255.9;Ralph MEICHTRY;;LMP3;;Racing Spirit of Leman;Ligier;GF;30.396;41.378;30.989
31;1;21;01:43.2;0;;30.43;0;41.757;0;31.061;0;162.4;04:56.9;04:57.7;00:30.4;00:41.8;00:31.1;262.1;Ralph MEICHTRY;;LMP3;;Racing Spirit of Leman;Ligier;GF;30.43;41.757;31.061
31;1;22;01:46.1;0;;31.138;0;42.634;0;32.361;0;158;06:43.1;06:43.9;00:31.1;00:42.6;00:32.4;264.7;Ralph MEICHTRY;;LMP3;;Racing Spirit of Leman;Ligier;GF;31.138;42.634;32.361
31;1;23;01:44.5;0;;30.546;0;41.518;0;32.386;0;160.5;08:27.5;08:28.3;00:30.5;00:41.5;00:32.4;260.2;Ralph MEICHTRY;;LMP3;;Racing Spirit of Leman;Ligier;GF;30.546;41.518;32.386
31;1;24;01:44.0;0;;30.437;0;41.91;0;31.624;0;161.2;10:11.5;10:12.3;00:30.4;00:41.9;00:31.6;265.4;Ralph MEICHTRY;;LMP3;;Racing Spirit of Leman;Ligier;GF;30.437;41.91;31.624
31;1;25;01:43.3;0;;30.496;0;41.779;0;31.048;0;162.3;11:54.8;11:55.6;00:30.5;00:41.8;00:31.0;255.3;Ralph MEICHTRY;;LMP3;;Racing Spirit of Leman;Ligier;GF;30.496;41.779;31.048
31;1;26;01:43.1;0;;30.471;0;41.589;0;30.997;0;162.7;13:37.9;13:38.7;00:30.5;00:41.6;00:31.0;261.5;Ralph MEICHTRY;;LMP3;;Racing Spirit of Leman;Ligier;GF;30.471;41.589;30.997
31;1;27;01:43.5;0;;30.629;0;41.708;0;31.169;0;162;15:21.4;15:22.2;00:30.6;00:41.7;00:31.2;261.5;Ralph MEICHTRY;;LMP3;;Racing Spirit of Leman;Ligier;GF;30.629;41.708;31.169
31;1;28;01:45.6;0;;32.007;0;42.015;0;31.571;0;158.8;17:07.0;17:07.8;00:32.0;00:42.0;00:31.6;262.1;Ralph MEICHTRY;;LMP3;;Racing Spirit of Leman;Ligier;GF;32.007;42.015;31.571
31;1;29;01:44.1;0;;31.403;0;41.631;0;31.062;0;161.1;18:51.1;18:51.9;00:31.4;00:41.6;00:31.1;265.4;Ralph MEICHTRY;;LMP3;;Racing Spirit of Leman;Ligier;GF;31.403;41.631;31.062
31;1;30;01:45.0;0;;30.786;0;42.666;0;31.565;0;159.6;20:36.1;20:36.9;00:30.8;00:42.7;00:31.6;254.1;Ralph MEICHTRY;;LMP3;;Racing Spirit of Leman;Ligier;GF;30.786;42.666;31.565
31;1;31;01:43.3;0;;30.653;0;41.561;0;31.093;0;162.3;22:19.4;22:20.2;00:30.7;00:41.6;00:31.1;255.9;Ralph MEICHTRY;;LMP3;;Racing Spirit of Leman;Ligier;GF;30.653;41.561;31.093
31;1;32;01:43.6;0;;30.67;0;41.945;0;31.017;0;161.8;24:03.0;24:03.8;00:30.7;00:41.9;00:31.0;259;Ralph MEICHTRY;;LMP3;;Racing Spirit of Leman;Ligier;GF;30.67;41.945;31.017
31;1;33;01:42.9;0;;30.449;0;41.673;0;30.789;0;162.9;25:45.9;25:46.7;00:30.4;00:41.7;00:30.8;261.5;Ralph MEICHTRY;;LMP3;;Racing Spirit of Leman;Ligier;GF;30.449;41.673;30.789
31;1;34;01:45.2;0;;30.795;0;41.864;0;32.516;0;159.4;27:31.1;27:31.9;00:30.8;00:41.9;00:32.5;257.1;Ralph MEICHTRY;;LMP3;;Racing Spirit of Leman;Ligier;GF;30.795;41.864;32.516
31;1;35;01:44.2;0;;31.46;0;41.665;0;31.063;0;160.9;29:15.3;29:16.1;00:31.5;00:41.7;00:31.1;259;Ralph MEICHTRY;;LMP3;;Racing Spirit of Leman;Ligier;GF;31.46;41.665;31.063
31;1;36;01:43.3;0;;30.976;0;41.498;0;30.778;0;162.4;30:58.5;30:59.3;00:31.0;00:41.5;00:30.8;260.9;Ralph MEICHTRY;;LMP3;;Racing Spirit of Leman;Ligier;GF;30.976;41.498;30.778
31;1;37;01:49.8;0;B;30.594;0;41.636;0;37.528;0;152.7;32:48.3;32:49.1;00:30.6;00:41.6;00:37.5;259;Ralph MEICHTRY;;LMP3;;Racing Spirit of Leman;Ligier;GF;30.594;41.636;37.528
31;1;38;03:57.5;0;;01:42.0;0;01:19.1;0;56.455;0;70.6;36:45.8;36:46.6;01:42.0;01:19.1;00:56.5;187.8;Ralph MEICHTRY;00:59.5;LMP3;;Racing Spirit of Leman;Ligier;GF;101.974;79.094;56.455
31;1;39;03:28.2;0;;01:12.6;0;01:19.0;0;56.531;0;80.5;40:14.0;40:14.8;01:12.6;01:19.0;00:56.5;;Ralph MEICHTRY;;LMP3;;Racing Spirit of Leman;Ligier;GF;72.618;79.01;56.531
31;1;40;02:38.0;0;;01:12.5;0;49.234;0;36.283;0;106.1;42:52.0;42:52.8;01:12.5;00:49.2;00:36.3;;Ralph MEICHTRY;;LMP3;;Racing Spirit of Leman;Ligier;SF;72.463;49.234;36.283
31;1;41;03:03.1;0;;01:07.9;0;01:20.0;0;35.242;0;91.6;45:55.1;45:55.9;01:07.9;01:20.0;00:35.2;;Ralph MEICHTRY;;LMP3;;Racing Spirit of Leman;Ligier;SF;67.895;79.958;35.242
31;1;42;01:49.9;0;;34.063;0;43.241;0;32.579;0;152.6;47:44.9;47:45.7;00:34.1;00:43.2;00:32.6;225.9;Ralph MEICHTRY;;LMP3;;Racing Spirit of Leman;Ligier;SF;34.063;43.241;32.579
31;1;43;02:13.6;0;;31.708;0;01:00.5;0;41.368;0;125.5;49:58.6;49:59.4;00:31.7;01:00.5;00:41.4;254.7;Ralph MEICHTRY;;LMP3;;Racing Spirit of Leman;Ligier;SF;31.708;60.54;41.368
31;1;44;02:06.0;0;;40.817;0;47.538;0;37.597;0;133.1;52:04.5;52:05.3;00:40.8;00:47.5;00:37.6;142.9;Ralph MEICHTRY;;LMP3;;Racing Spirit of Leman;Ligier;GF;40.817;47.538;37.597
31;1;45;01:47.8;0;;32.011;0;43.101;0;32.685;0;155.5;53:52.3;53:53.1;00:32.0;00:43.1;00:32.7;260.9;Ralph MEICHTRY;;LMP3;;Racing Spirit of Leman;Ligier;GF;32.011;43.101;32.685
31;1;46;01:47.3;0;;31.679;0;43.593;0;31.993;0;156.3;55:39.6;55:40.4;00:31.7;00:43.6;00:32.0;257.1;Ralph MEICHTRY;;LMP3;;Racing Spirit of Leman;Ligier;GF;31.679;43.593;31.993
31;1;47;01:44.8;0;;31.177;0;41.902;0;31.7;0;160;57:24.4;57:25.1;00:31.2;00:41.9;00:31.7;263.4;Ralph MEICHTRY;;LMP3;;Racing Spirit of Leman;Ligier;GF;31.177;41.902;31.7
31;1;48;01:44.6;0;;31.136;0;41.906;0;31.555;0;160.3;59:08.9;59:09.7;00:31.1;00:41.9;00:31.6;260.9;Ralph MEICHTRY;;LMP3;;Racing Spirit of Leman;Ligier;GF;31.136;41.906;31.555
31;1;49;01:45.1;0;;31.399;0;42.149;0;31.506;0;159.6;00:54.0;00:54.8;00:31.4;00:42.1;00:31.5;265.4;Ralph MEICHTRY;;LMP3;;Racing Spirit of Leman;Ligier;GF;31.399;42.149;31.506
31;1;50;01:46.6;0;;30.959;0;42.655;0;32.96;0;157.3;02:40.6;02:41.4;00:31.0;00:42.7;00:33.0;262.1;Ralph MEICHTRY;;LMP3;;Racing Spirit of Leman;Ligier;GF;30.959;42.655;32.96
31;1;51;02:10.8;0;;30.998;0;43.693;0;56.135;0;128.1;04:51.4;04:52.2;00:31.0;00:43.7;00:56.1;259;Ralph MEICHTRY;;LMP3;;Racing Spirit of Leman;Ligier;FCY;30.998;43.693;56.135
31;1;52;02:38.6;0;;01:14.2;0;52.609;0;31.77;0;105.7;07:30.0;07:30.8;01:14.2;00:52.6;00:31.8;;Ralph MEICHTRY;;LMP3;;Racing Spirit of Leman;Ligier;GF;74.239;52.609;31.77
31;1;53;01:44.4;0;;30.957;0;42.023;0;31.466;0;160.5;09:14.5;09:15.3;00:31.0;00:42.0;00:31.5;262.8;Ralph MEICHTRY;;LMP3;;Racing Spirit of Leman;Ligier;GF;30.957;42.023;31.466
31;1;54;01:46.5;0;;30.933;0;42.299;0;33.264;0;157.4;11:01.0;11:01.8;00:30.9;00:42.3;00:33.3;263.4;Ralph MEICHTRY;;LMP3;;Racing Spirit of Leman;Ligier;GF;30.933;42.299;33.264
31;1;55;01:55.1;0;;31.282;0;52.181;0;31.606;0;145.7;12:56.0;12:56.8;00:31.3;00:52.2;00:31.6;261.5;Ralph MEICHTRY;;LMP3;;Racing Spirit of Leman;Ligier;GF;31.282;52.181;31.606
31;1;56;01:44.8;0;;31.069;0;42.152;0;31.619;0;159.9;14:40.9;14:41.7;00:31.1;00:42.2;00:31.6;260.9;Ralph MEICHTRY;;LMP3;;Racing Spirit of Leman;Ligier;GF;31.069;42.152;31.619
31;1;57;01:44.2;0;;30.881;0;41.86;0;31.508;0;160.8;16:25.1;16:25.9;00:30.9;00:41.9;00:31.5;259;Ralph MEICHTRY;;LMP3;;Racing Spirit of Leman;Ligier;GF;30.881;41.86;31.508
31;1;58;01:45.0;0;;30.845;0;42.155;0;32.019;0;159.6;18:10.1;18:10.9;00:30.8;00:42.2;00:32.0;254.1;Ralph MEICHTRY;;LMP3;;Racing Spirit of Leman;Ligier;GF;30.845;42.155;32.019
31;1;59;01:46.7;0;;30.907;0;43.094;0;32.679;0;157.2;19:56.8;19:57.6;00:30.9;00:43.1;00:32.7;264.1;Ralph MEICHTRY;;LMP3;;Racing Spirit of Leman;Ligier;GF;30.907;43.094;32.679
31;1;60;01:54.8;0;B;31.305;0;43.152;0;40.335;0;146;21:51.6;21:52.4;00:31.3;00:43.2;00:40.3;257.8;Ralph MEICHTRY;;LMP3;;Racing Spirit of Leman;Ligier;GF;31.305;43.152;40.335
31;2;61;03:50.7;0;;02:25.5;0;50.665;0;34.605;0;72.7;25:42.3;25:43.1;02:25.5;00:50.7;00:34.6;131.1;Grégory DE SYBOURG;01:47.6;LMP3;;Racing Spirit of Leman;Ligier;GF;145.452;50.665;34.605
31;2;62;01:48.8;0;;33.286;0;43.894;0;31.631;0;154.1;27:31.1;27:31.9;00:33.3;00:43.9;00:31.6;246.6;Grégory DE SYBOURG;;LMP3;;Racing Spirit of Leman;Ligier;GF;33.286;43.894;31.631
31;2;63;01:45.8;0;;31.941;0;42.49;0;31.415;0;158.4;29:17.0;29:17.8;00:31.9;00:42.5;00:31.4;258.4;Grégory DE SYBOURG;;LMP3;;Racing Spirit of Leman;Ligier;GF;31.941;42.49;31.415
31;2;64;01:44.4;0;;30.866;0;42.145;0;31.378;0;160.6;31:01.4;31:02.2;00:30.9;00:42.1;00:31.4;251.7;Grégory DE SYBOURG;;LMP3;;Racing Spirit of Leman;Ligier;GF;30.866;42.145;31.378
31;2;65;02:48.0;0;;32.519;0;01:19.0;0;56.396;0;99.8;33:49.3;33:50.1;00:32.5;01:19.0;00:56.4;253.5;Grégory DE SYBOURG;;LMP3;;Racing Spirit of Leman;Ligier;GF;32.519;79.04;56.396
31;2;66;03:27.9;0;;01:12.6;0;01:18.8;0;56.401;0;80.7;37:17.2;37:18.0;01:12.6;01:18.8;00:56.4;;Grégory DE SYBOURG;;LMP3;;Racing Spirit of Leman;Ligier;GF;72.62;78.85;56.401
31;2;67;02:46.5;0;;01:12.6;0;59.071;0;34.835;0;100.7;40:03.7;40:04.5;01:12.6;00:59.1;00:34.8;;Grégory DE SYBOURG;;LMP3;;Racing Spirit of Leman;Ligier;SF;72.631;59.071;34.835
31;2;68;01:50.6;0;;34.133;0;44.267;0;32.175;0;151.6;41:54.3;41:55.1;00:34.1;00:44.3;00:32.2;240.5;Grégory DE SYBOURG;;LMP3;;Racing Spirit of Leman;Ligier;SF;34.133;44.267;32.175
31;2;69;02:55.3;0;;41.798;0;01:12.6;0;01:00.9;0;95.6;44:49.6;44:50.4;00:41.8;01:12.6;01:00.9;;Grégory DE SYBOURG;;LMP3;;Racing Spirit of Leman;Ligier;SF;41.798;72.565;60.948
31;2;70;02:53.8;0;;01:06.3;0;01:04.6;0;42.851;0;96.5;47:43.4;47:44.2;01:06.3;01:04.6;00:42.9;;Grégory DE SYBOURG;;LMP3;;Racing Spirit of Leman;Ligier;SF;66.297;64.606;42.851
31;2;71;02:12.7;0;;39.707;0;48.998;0;44.007;0;126.3;49:56.1;49:56.9;00:39.7;00:49.0;00:44.0;181.8;Grégory DE SYBOURG;;LMP3;;Racing Spirit of Leman;Ligier;GF;39.707;48.998;44.007
31;2;72;01:44.3;0;;31.527;0;41.923;0;30.877;0;160.7;51:40.4;51:41.2;00:31.5;00:41.9;00:30.9;252.9;Grégory DE SYBOURG;;LMP3;;Racing Spirit of Leman;Ligier;GF;31.527;41.923;30.877
31;2;73;01:43.2;0;;30.809;0;41.348;0;30.999;0;162.5;53:23.6;53:24.4;00:30.8;00:41.3;00:31.0;254.1;Grégory DE SYBOURG;;LMP3;;Racing Spirit of Leman;Ligier;GF;30.809;41.348;30.999
31;2;74;01:43.0;0;;30.591;0;41.521;0;30.866;0;162.8;55:06.6;55:07.3;00:30.6;00:41.5;00:30.9;258.4;Grégory DE SYBOURG;;LMP3;;Racing Spirit of Leman;Ligier;GF;30.591;41.521;30.866
31;2;75;01:42.6;0;;30.63;0;41.321;0;30.658;0;163.4;56:49.2;56:50.0;00:30.6;00:41.3;00:30.7;258.4;Grégory DE SYBOURG;;LMP3;;Racing Spirit of Leman;Ligier;GF;30.63;41.321;30.658
31;2;76;01:42.4;0;;30.446;0;41.291;0;30.667;0;163.7;58:31.6;58:32.4;00:30.4;00:41.3;00:30.7;252.3;Grégory DE SYBOURG;;LMP3;;Racing Spirit of Leman;Ligier;GF;30.446;41.291;30.667
31;2;77;01:41.8;0;;30.299;0;41.086;0;30.402;0;164.7;00:13.4;00:14.2;00:30.3;00:41.1;00:30.4;260.9;Grégory DE SYBOURG;;LMP3;;Racing Spirit of Leman;Ligier;GF;30.299;41.086;30.402
31;2;78;01:42.5;0;;30.294;0;41.412;0;30.749;0;163.6;01:55.8;01:56.6;00:30.3;00:41.4;00:30.7;253.5;Grégory DE SYBOURG;;LMP3;;Racing Spirit of Leman;Ligier;GF;30.294;41.412;30.749
31;2;79;01:53.8;0;;30.559;0;41.642;0;41.616;0;147.3;03:49.6;03:50.4;00:30.6;00:41.6;00:41.6;259;Grégory DE SYBOURG;;LMP3;;Racing Spirit of Leman;Ligier;FCY;30.559;41.642;41.616
31;2;80;02:51.9;0;;01:12.5;0;01:08.2;0;31.286;0;97.5;06:41.6;06:42.4;01:12.5;01:08.2;00:31.3;;Grégory DE SYBOURG;;LMP3;;Racing Spirit of Leman;Ligier;GF;72.488;68.156;31.286
31;2;81;01:44.5;0;;30.791;0;41.974;0;31.757;0;160.4;08:26.1;08:26.9;00:30.8;00:42.0;00:31.8;258.4;Grégory DE SYBOURG;;LMP3;;Racing Spirit of Leman;Ligier;GF;30.791;41.974;31.757
31;2;82;01:43.5;0;;30.607;0;42.1;0;30.822;0;161.9;10:09.6;10:10.4;00:30.6;00:42.1;00:30.8;254.7;Grégory DE SYBOURG;;LMP3;;Racing Spirit of Leman;Ligier;GF;30.607;42.1;30.822
31;2;83;01:42.7;0;;30.636;0;41.479;0;30.594;0;163.2;11:52.3;11:53.1;00:30.6;00:41.5;00:30.6;262.8;Grégory DE SYBOURG;;LMP3;;Racing Spirit of Leman;Ligier;GF;30.636;41.479;30.594
31;2;84;01:42.3;0;;30.313;0;41.397;0;30.627;0;163.8;13:34.7;13:35.4;00:30.3;00:41.4;00:30.6;254.7;Grégory DE SYBOURG;;LMP3;;Racing Spirit of Leman;Ligier;GF;30.313;41.397;30.627
31;2;85;01:41.9;0;;30.174;0;41.201;0;30.542;0;164.5;15:16.6;15:17.4;00:30.2;00:41.2;00:30.5;260.9;Grégory DE SYBOURG;;LMP3;;Racing Spirit of Leman;Ligier;GF;30.174;41.201;30.542
31;2;86;01:41.9;0;;30.151;0;41.159;0;30.576;0;164.5;16:58.5;16:59.3;00:30.2;00:41.2;00:30.6;257.8;Grégory DE SYBOURG;;LMP3;;Racing Spirit of Leman;Ligier;GF;30.151;41.159;30.576
31;2;87;01:42.1;0;;30.164;0;41.429;0;30.534;0;164.2;18:40.6;18:41.4;00:30.2;00:41.4;00:30.5;255.9;Grégory DE SYBOURG;;LMP3;;Racing Spirit of Leman;Ligier;GF;30.164;41.429;30.534
31;2;88;01:41.2;0;;29.919;1;40.922;0;30.403;0;165.6;20:21.8;20:22.6;00:29.9;00:40.9;00:30.4;258.4;Grégory DE SYBOURG;;LMP3;;Racing Spirit of Leman;Ligier;GF;29.919;40.922;30.403
31;2;89;02:39.0;0;;30.29;0;01:12.6;0;56.174;0;105.4;23:00.8;23:01.6;00:30.3;01:12.6;00:56.2;257.8;Grégory DE SYBOURG;;LMP3;;Racing Spirit of Leman;Ligier;GF;30.29;72.553;56.174
31;2;90;01:46.2;0;;34.283;0;41.367;0;30.563;0;157.8;24:47.1;24:47.9;00:34.3;00:41.4;00:30.6;231.8;Grégory DE SYBOURG;;LMP3;;Racing Spirit of Leman;Ligier;GF;34.283;41.367;30.563
31;2;91;01:43.9;0;;30.634;0;41.839;0;31.448;0;161.3;26:31.0;26:31.8;00:30.6;00:41.8;00:31.4;261.5;Grégory DE SYBOURG;;LMP3;;Racing Spirit of Leman;Ligier;GF;30.634;41.839;31.448
31;2;92;01:41.5;0;;30.039;0;40.86;0;30.613;0;165.2;28:12.5;28:13.3;00:30.0;00:40.9;00:30.6;255.9;Grégory DE SYBOURG;;LMP3;;Racing Spirit of Leman;Ligier;GF;30.039;40.86;30.613
31;2;93;01:44.2;0;;30.341;0;42.684;0;31.185;0;160.9;29:56.7;29:57.5;00:30.3;00:42.7;00:31.2;259;Grégory DE SYBOURG;;LMP3;;Racing Spirit of Leman;Ligier;GF;30.341;42.684;31.185
31;2;94;01:42.6;0;;30.498;0;41.516;0;30.63;0;163.3;31:39.3;31:40.1;00:30.5;00:41.5;00:30.6;258.4;Grégory DE SYBOURG;;LMP3;;Racing Spirit of Leman;Ligier;GF;30.498;41.516;30.63
31;2;95;01:41.8;0;;30.088;0;41.23;0;30.497;0;164.7;33:21.2;33:22.0;00:30.1;00:41.2;00:30.5;252.3;Grégory DE SYBOURG;;LMP3;;Racing Spirit of Leman;Ligier;GF;30.088;41.23;30.497
31;2;96;01:41.3;0;;30.019;0;40.824;0;30.485;0;165.5;35:02.5;35:03.3;00:30.0;00:40.8;00:30.5;264.1;Grégory DE SYBOURG;;LMP3;;Racing Spirit of Leman;Ligier;GF;30.019;40.824;30.485
31;2;97;01:41.3;0;;30.127;0;40.791;1;30.38;0;165.5;36:43.8;36:44.6;00:30.1;00:40.8;00:30.4;259.6;Grégory DE SYBOURG;;LMP3;;Racing Spirit of Leman;Ligier;GF;30.127;40.791;30.38
31;2;98;01:41.1;0;;29.974;0;40.843;0;30.258;1;165.9;38:24.9;38:25.7;00:30.0;00:40.8;00:30.3;256.5;Grégory DE SYBOURG;;LMP3;;Racing Spirit of Leman;Ligier;GF;29.974;40.843;30.258
31;2;99;01:48.3;0;B;30.111;0;41.033;0;37.109;0;154.9;40:13.1;40:13.9;00:30.1;00:41.0;00:37.1;259;Grégory DE SYBOURG;;LMP3;;Racing Spirit of Leman;Ligier;GF;30.111;41.033;37.109
31;3;100;03:39.9;0;;02:20.6;0;46.021;0;33.287;0;76.2;43:53.0;43:53.8;02:20.6;00:46.0;00:33.3;175.9;Lenny RIED;01:48.7;LMP3;;Racing Spirit of Leman;Ligier;GF;140.582;46.021;33.287
31;3;101;01:46.7;0;;31.729;0;42.639;0;32.378;0;157.1;45:39.7;45:40.5;00:31.7;00:42.6;00:32.4;257.1;Lenny RIED;;LMP3;;Racing Spirit of Leman;Ligier;GF;31.729;42.639;32.378
31;3;102;01:42.7;0;;30.841;0;41.487;0;30.4;0;163.2;47:22.5;47:23.3;00:30.8;00:41.5;00:30.4;256.5;Lenny RIED;;LMP3;;Racing Spirit of Leman;Ligier;GF;30.841;41.487;30.4
31;3;103;01:42.0;0;;30.088;0;41.545;0;30.317;0;164.4;49:04.4;49:05.2;00:30.1;00:41.5;00:30.3;256.5;Lenny RIED;;LMP3;;Racing Spirit of Leman;Ligier;GF;30.088;41.545;30.317
31;3;104;01:41.3;0;;29.923;0;40.84;0;30.559;0;165.5;50:45.7;50:46.5;00:29.9;00:40.8;00:30.6;260.2;Lenny RIED;;LMP3;;Racing Spirit of Leman;Ligier;GF;29.923;40.84;30.559
31;3;105;01:42.5;0;;30.682;0;41.591;0;30.219;0;163.6;52:28.2;52:29.0;00:30.7;00:41.6;00:30.2;261.5;Lenny RIED;;LMP3;;Racing Spirit of Leman;Ligier;GF;30.682;41.591;30.219
31;3;106;01:41.3;0;;29.872;0;41.148;0;30.238;0;165.6;54:09.5;54:10.3;00:29.9;00:41.1;00:30.2;257.8;Lenny RIED;;LMP3;;Racing Spirit of Leman;Ligier;GF;29.872;41.148;30.238
31;3;107;01:40.3;0;;29.836;0;40.464;2;30.02;0;167.1;55:49.8;55:50.6;00:29.8;00:40.5;00:30.0;259;Lenny RIED;;LMP3;;Racing Spirit of Leman;Ligier;GF;29.836;40.464;30.02
31;3;108;01:40.0;2;;29.628;2;40.486;0;29.89;2;167.6;57:29.8;57:30.6;00:29.6;00:40.5;00:29.9;259.6;Lenny RIED;;LMP3;;Racing Spirit of Leman;Ligier;GF;29.628;40.486;29.89
31;3;109;01:42.1;0;;29.807;0;41.43;0;30.831;0;164.3;59:11.9;59:12.7;00:29.8;00:41.4;00:30.8;260.2;Lenny RIED;;LMP3;;Racing Spirit of Leman;Ligier;GF;29.807;41.43;30.831
31;3;110;01:42.6;0;;30.393;0;41.502;0;30.738;0;163.4;00:54.5;00:55.3;00:30.4;00:41.5;00:30.7;260.2;Lenny RIED;;LMP3;;Racing Spirit of Leman;Ligier;GF;30.393;41.502;30.738
31;3;111;01:41.3;0;;29.944;0;40.828;0;30.548;0;165.5;02:35.8;02:36.6;00:29.9;00:40.8;00:30.5;257.1;Lenny RIED;;LMP3;;Racing Spirit of Leman;Ligier;GF;29.944;40.828;30.548
31;3;112;01:41.6;0;;30.111;0;41.028;0;30.464;0;165;04:17.4;04:18.2;00:30.1;00:41.0;00:30.5;257.1;Lenny RIED;;LMP3;;Racing Spirit of Leman;Ligier;GF;30.111;41.028;30.464
31;3;113;01:42.0;0;;30.282;0;41.305;0;30.402;0;164.4;05:59.4;06:00.2;00:30.3;00:41.3;00:30.4;259;Lenny RIED;;LMP3;;Racing Spirit of Leman;Ligier;GF;30.282;41.305;30.402
31;3;114;01:41.7;0;;30.102;0;41.036;0;30.547;0;164.9;07:41.1;07:41.9;00:30.1;00:41.0;00:30.5;252.9;Lenny RIED;;LMP3;;Racing Spirit of Leman;Ligier;GF;30.102;41.036;30.547
31;3;115;01:41.0;0;;29.978;0;40.791;0;30.257;0;165.9;09:22.1;09:22.9;00:30.0;00:40.8;00:30.3;258.4;Lenny RIED;;LMP3;;Racing Spirit of Leman;Ligier;GF;29.978;40.791;30.257
31;3;116;01:41.8;0;;29.995;0;41.296;0;30.481;0;164.7;11:03.9;11:04.7;00:30.0;00:41.3;00:30.5;261.5;Lenny RIED;;LMP3;;Racing Spirit of Leman;Ligier;GF;29.995;41.296;30.481
31;3;117;01:41.7;0;;30.007;0;41.18;0;30.51;0;164.9;12:45.6;12:46.4;00:30.0;00:41.2;00:30.5;252.9;Lenny RIED;;LMP3;;Racing Spirit of Leman;Ligier;GF;30.007;41.18;30.51
31;3;118;01:42.7;0;;30.181;0;41.793;0;30.774;0;163.2;14:28.4;14:29.2;00:30.2;00:41.8;00:30.8;252.9;Lenny RIED;;LMP3;;Racing Spirit of Leman;Ligier;GF;30.181;41.793;30.774
31;3;119;01:42.3;0;;30.426;0;41.179;0;30.673;0;163.9;16:10.6;16:11.4;00:30.4;00:41.2;00:30.7;259.6;Lenny RIED;;LMP3;;Racing Spirit of Leman;Ligier;GF;30.426;41.179;30.673
31;3;120;01:41.8;0;;30.05;0;41.08;0;30.626;0;164.8;17:52.4;17:53.2;00:30.1;00:41.1;00:30.6;259;Lenny RIED;;LMP3;;Racing Spirit of Leman;Ligier;GF;30.05;41.08;30.626
31;3;121;01:43.2;0;;30.679;0;41.737;0;30.809;0;162.4;19:35.6;19:36.4;00:30.7;00:41.7;00:30.8;257.8;Lenny RIED;;LMP3;;Racing Spirit of Leman;Ligier;GF;30.679;41.737;30.809
31;3;122;01:42.2;0;;30.209;0;41.082;0;30.88;0;164.1;21:17.8;21:18.6;00:30.2;00:41.1;00:30.9;259;Lenny RIED;;LMP3;;Racing Spirit of Leman;Ligier;GF;30.209;41.082;30.88
31;3;123;01:41.9;0;;30.151;0;41.116;0;30.657;0;164.5;22:59.7;23:00.5;00:30.2;00:41.1;00:30.7;259;Lenny RIED;;LMP3;;Racing Spirit of Leman;Ligier;GF;30.151;41.116;30.657
31;3;124;01:41.9;0;;30.118;0;41.206;0;30.564;0;164.5;24:41.6;24:42.4;00:30.1;00:41.2;00:30.6;259.6;Lenny RIED;;LMP3;;Racing Spirit of Leman;Ligier;GF;30.118;41.206;30.564
31;3;125;01:44.3;0;;30.089;0;43.351;0;30.821;0;160.8;26:25.9;26:26.7;00:30.1;00:43.4;00:30.8;255.9;Lenny RIED;;LMP3;;Racing Spirit of Leman;Ligier;GF;30.089;43.351;30.821
31;3;126;01:43.5;0;;30.296;0;41.666;0;31.551;0;162;28:09.4;28:10.2;00:30.3;00:41.7;00:31.6;259.6;Lenny RIED;;LMP3;;Racing Spirit of Leman;Ligier;FF;30.296;41.666;31.551
33;1;1;02:58.5;0;B;55.207;0;01:11.1;0;52.202;0;91.1;02:58.5;02:59.3;00:55.2;01:11.1;00:52.2;;Blake MCDONALD;;LMGT3;;TF Sport;Corvette;SF;55.207;71.088;52.202
33;1;2;28:08.6;0;;01:36.0;0;01:06.0;0;25:26.7;0;9.9;31:07.1;31:07.9;01:36.0;01:06.0;25:26.7;123;Blake MCDONALD;00:44.1;LMGT3;;TF Sport;Corvette;SF;95.961;65.991;1526.684
33;1;3;02:38.4;0;;51.587;0;01:01.2;0;45.676;0;105.8;33:45.5;33:46.3;00:51.6;01:01.2;00:45.7;130.3;Blake MCDONALD;;LMGT3;;TF Sport;Corvette;SF;51.587;61.153;45.676
33;1;4;02:09.1;0;;44.93;0;47.394;0;36.762;0;129.9;35:54.6;35:55.4;00:44.9;00:47.4;00:36.8;133.7;Blake MCDONALD;;LMGT3;;TF Sport;Corvette;GF;44.93;47.394;36.762
33;1;5;01:53.3;0;B;32.168;0;43.188;0;37.938;0;148;37:47.9;37:48.7;00:32.2;00:43.2;00:37.9;251.7;Blake MCDONALD;;LMGT3;;TF Sport;Corvette;GF;32.168;43.188;37.938
33;1;6;02:14.4;0;;59.728;0;42.821;0;31.806;0;124.8;40:02.3;40:03.1;00:59.7;00:42.8;00:31.8;186.5;Blake MCDONALD;00:32.9;LMGT3;;TF Sport;Corvette;GF;59.728;42.821;31.806
33;1;7;01:48.1;0;;32.015;0;43.617;0;32.485;0;155.1;41:50.4;41:51.2;00:32.0;00:43.6;00:32.5;250.6;Blake MCDONALD;;LMGT3;;TF Sport;Corvette;GF;32.015;43.617;32.485
33;1;8;01:47.9;0;;31.753;0;44.061;0;32.061;0;155.4;43:38.3;43:39.1;00:31.8;00:44.1;00:32.1;252.3;Blake MCDONALD;;LMGT3;;TF Sport;Corvette;GF;31.753;44.061;32.061
33;1;9;01:46.6;0;;32.19;0;42.772;0;31.642;0;157.3;45:24.9;45:25.7;00:32.2;00:42.8;00:31.6;251.2;Blake MCDONALD;;LMGT3;;TF Sport;Corvette;GF;32.19;42.772;31.642
33;1;10;01:46.2;0;;31.76;0;42.798;0;31.608;0;157.9;47:11.0;47:11.8;00:31.8;00:42.8;00:31.6;250.6;Blake MCDONALD;;LMGT3;;TF Sport;Corvette;GF;31.76;42.798;31.608
33;1;11;01:46.5;0;;31.564;0;43.132;0;31.835;0;157.4;48:57.6;48:58.4;00:31.6;00:43.1;00:31.8;250.6;Blake MCDONALD;;LMGT3;;TF Sport;Corvette;GF;31.564;43.132;31.835
33;1;12;01:45.5;0;;31.343;0;42.665;0;31.509;0;158.9;50:43.1;50:43.9;00:31.3;00:42.7;00:31.5;253.5;Blake MCDONALD;;LMGT3;;TF Sport;Corvette;GF;31.343;42.665;31.509
33;1;13;01:46.5;0;;31.57;0;42.887;0;32.066;0;157.4;52:29.6;52:30.4;00:31.6;00:42.9;00:32.1;252.3;Blake MCDONALD;;LMGT3;;TF Sport;Corvette;GF;31.57;42.887;32.066
33;1;14;01:46.3;0;;31.796;0;42.618;0;31.914;0;157.7;54:15.9;54:16.7;00:31.8;00:42.6;00:31.9;253.5;Blake MCDONALD;;LMGT3;;TF Sport;Corvette;GF;31.796;42.618;31.914
33;1;15;01:46.9;0;;31.859;0;43.186;0;31.855;0;156.8;56:02.8;56:03.6;00:31.9;00:43.2;00:31.9;252.3;Blake MCDONALD;;LMGT3;;TF Sport;Corvette;GF;31.859;43.186;31.855
33;1;16;01:46.9;0;;31.888;0;42.988;0;32.001;0;156.9;57:49.7;57:50.5;00:31.9;00:43.0;00:32.0;252.9;Blake MCDONALD;;LMGT3;;TF Sport;Corvette;GF;31.888;42.988;32.001
33;1;17;01:47.8;0;;31.927;0;43.821;0;32.044;0;155.5;59:37.5;59:38.3;00:31.9;00:43.8;00:32.0;253.5;Blake MCDONALD;;LMGT3;;TF Sport;Corvette;GF;31.927;43.821;32.044
33;1;18;01:46.3;0;;31.742;0;42.736;0;31.803;0;157.7;01:23.8;01:24.6;00:31.7;00:42.7;00:31.8;253.5;Blake MCDONALD;;LMGT3;;TF Sport;Corvette;GF;31.742;42.736;31.803
33;1;19;01:46.3;0;;31.598;0;42.884;0;31.835;0;157.7;03:10.1;03:10.9;00:31.6;00:42.9;00:31.8;252.3;Blake MCDONALD;;LMGT3;;TF Sport;Corvette;GF;31.598;42.884;31.835
33;1;20;01:45.8;0;;31.391;0;42.547;0;31.834;0;158.5;04:55.9;04:56.7;00:31.4;00:42.5;00:31.8;254.7;Blake MCDONALD;;LMGT3;;TF Sport;Corvette;GF;31.391;42.547;31.834
33;1;21;01:48.3;0;;32.283;0;44.018;0;32.012;0;154.8;06:44.2;06:45.0;00:32.3;00:44.0;00:32.0;254.7;Blake MCDONALD;;LMGT3;;TF Sport;Corvette;GF;32.283;44.018;32.012
33;1;22;01:48.1;0;;31.818;0;43.497;0;32.789;0;155.1;08:32.3;08:33.1;00:31.8;00:43.5;00:32.8;255.3;Blake MCDONALD;;LMGT3;;TF Sport;Corvette;GF;31.818;43.497;32.789
33;1;23;01:47.2;0;;32.05;0;43.031;0;32.125;0;156.4;10:19.5;10:20.3;00:32.1;00:43.0;00:32.1;254.7;Blake MCDONALD;;LMGT3;;TF Sport;Corvette;GF;32.05;43.031;32.125
33;1;24;01:46.9;0;;31.711;0;43.172;0;31.996;0;156.9;12:06.4;12:07.2;00:31.7;00:43.2;00:32.0;255.3;Blake MCDONALD;;LMGT3;;TF Sport;Corvette;GF;31.711;43.172;31.996
33;1;25;01:47.7;0;;31.895;0;43.301;0;32.515;0;155.6;13:54.1;13:54.9;00:31.9;00:43.3;00:32.5;254.1;Blake MCDONALD;;LMGT3;;TF Sport;Corvette;GF;31.895;43.301;32.515
33;1;26;01:49.9;0;;32.117;0;43.854;0;33.92;0;152.6;15:44.0;15:44.8;00:32.1;00:43.9;00:33.9;255.9;Blake MCDONALD;;LMGT3;;TF Sport;Corvette;GF;32.117;43.854;33.92
33;1;27;01:47.9;0;;32.131;0;43.272;0;32.462;0;155.4;17:31.9;17:32.6;00:32.1;00:43.3;00:32.5;254.7;Blake MCDONALD;;LMGT3;;TF Sport;Corvette;GF;32.131;43.272;32.462
33;1;28;01:48.1;0;;32.358;0;43.356;0;32.37;0;155.1;19:19.9;19:20.7;00:32.4;00:43.4;00:32.4;255.3;Blake MCDONALD;;LMGT3;;TF Sport;Corvette;GF;32.358;43.356;32.37
33;1;29;01:49.4;0;;31.967;0;43.073;0;34.353;0;153.3;21:09.3;21:10.1;00:32.0;00:43.1;00:34.4;254.1;Blake MCDONALD;;LMGT3;;TF Sport;Corvette;GF;31.967;43.073;34.353
33;1;30;01:48.2;0;;32.174;0;43.521;0;32.479;0;155;22:57.5;22:58.3;00:32.2;00:43.5;00:32.5;255.9;Blake MCDONALD;;LMGT3;;TF Sport;Corvette;GF;32.174;43.521;32.479
33;1;31;01:48.4;0;;32.35;0;43.55;0;32.545;0;154.6;24:45.9;24:46.7;00:32.4;00:43.6;00:32.5;254.7;Blake MCDONALD;;LMGT3;;TF Sport;Corvette;GF;32.35;43.55;32.545
33;1;32;01:48.6;0;;32.169;0;43.566;0;32.851;0;154.4;26:34.5;26:35.3;00:32.2;00:43.6;00:32.9;253.5;Blake MCDONALD;;LMGT3;;TF Sport;Corvette;GF;32.169;43.566;32.851
33;1;33;01:48.8;0;;32.139;0;44.152;0;32.552;0;154;28:23.4;28:24.2;00:32.1;00:44.2;00:32.6;255.3;Blake MCDONALD;;LMGT3;;TF Sport;Corvette;GF;32.139;44.152;32.552
33;1;34;01:48.8;0;;32.516;0;43.506;0;32.751;0;154.1;30:12.2;30:12.9;00:32.5;00:43.5;00:32.8;254.7;Blake MCDONALD;;LMGT3;;TF Sport;Corvette;GF;32.516;43.506;32.751
33;1;35;01:48.7;0;;32.426;0;43.256;0;32.988;0;154.3;32:00.8;32:01.6;00:32.4;00:43.3;00:33.0;253.5;Blake MCDONALD;;LMGT3;;TF Sport;Corvette;GF;32.426;43.256;32.988
33;1;36;01:49.6;0;;32.614;0;43.756;0;33.267;0;152.9;33:50.5;33:51.3;00:32.6;00:43.8;00:33.3;254.1;Blake MCDONALD;;LMGT3;;TF Sport;Corvette;GF;32.614;43.756;33.267
33;1;37;03:08.3;0;B;53.611;0;01:18.1;0;56.562;0;89;36:58.7;36:59.5;00:53.6;01:18.1;00:56.6;190.8;Blake MCDONALD;;LMGT3;;TF Sport;Corvette;GF;53.611;78.098;56.562
33;1;38;04:31.3;0;;02:16.8;0;01:19.4;0;55.056;0;61.8;41:30.0;41:30.8;02:16.8;01:19.4;00:55.1;;Blake MCDONALD;01:22.3;LMGT3;;TF Sport;Corvette;SF;136.781;79.447;55.056
33;1;39;02:18.5;0;;49.874;0;51.578;0;37.055;0;121;43:48.5;43:49.3;00:49.9;00:51.6;00:37.1;;Blake MCDONALD;;LMGT3;;TF Sport;Corvette;SF;49.874;51.578;37.055
33;1;40;02:58.2;0;;37.245;0;01:18.8;0;01:02.1;0;94.1;46:46.7;46:47.5;00:37.2;01:18.8;01:02.1;203.8;Blake MCDONALD;;LMGT3;;TF Sport;Corvette;SF;37.245;78.832;62.102
33;1;41;02:58.2;0;;01:08.6;0;01:08.1;0;41.545;0;94.1;49:44.9;49:45.7;01:08.6;01:08.1;00:41.5;;Blake MCDONALD;;LMGT3;;TF Sport;Corvette;SF;68.592;68.1;41.545
33;1;42;02:10.4;0;;40.218;0;50.989;0;39.197;0;128.6;51:55.3;51:56.1;00:40.2;00:51.0;00:39.2;193.9;Blake MCDONALD;;LMGT3;;TF Sport;Corvette;GF;40.218;50.989;39.197
33;1;43;01:47.4;0;;32.485;0;43.04;0;31.91;0;156;53:42.8;53:43.6;00:32.5;00:43.0;00:31.9;250;Blake MCDONALD;;LMGT3;;TF Sport;Corvette;GF;32.485;43.04;31.91
33;1;44;01:45.2;0;;31.981;0;42.367;0;30.888;2;159.3;55:28.0;55:28.8;00:32.0;00:42.4;00:30.9;254.7;Blake MCDONALD;;LMGT3;;TF Sport;Corvette;GF;31.981;42.367;30.888
33;1;45;01:45.8;0;;31.138;0;42.355;0;32.273;0;158.5;57:13.8;57:14.6;00:31.1;00:42.4;00:32.3;254.1;Blake MCDONALD;;LMGT3;;TF Sport;Corvette;GF;31.138;42.355;32.273
33;1;46;01:45.4;0;;31.331;0;42.74;0;31.331;0;159.1;58:59.2;59:00.0;00:31.3;00:42.7;00:31.3;257.8;Blake MCDONALD;;LMGT3;;TF Sport;Corvette;GF;31.331;42.74;31.331
33;1;47;01:45.1;0;;30.977;1;42.835;0;31.265;0;159.6;00:44.3;00:45.1;00:31.0;00:42.8;00:31.3;254.1;Blake MCDONALD;;LMGT3;;TF Sport;Corvette;GF;30.977;42.835;31.265
33;1;48;01:44.3;0;;31.183;0;42.205;0;30.892;0;160.8;02:28.5;02:29.3;00:31.2;00:42.2;00:30.9;257.1;Blake MCDONALD;;LMGT3;;TF Sport;Corvette;GF;31.183;42.205;30.892
33;1;49;02:00.7;0;;31.02;0;42.451;0;47.207;0;138.9;04:29.2;04:30.0;00:31.0;00:42.5;00:47.2;251.7;Blake MCDONALD;;LMGT3;;TF Sport;Corvette;FCY;31.02;42.451;47.207
33;1;50;02:47.6;0;;01:12.5;0;01:02.9;0;32.179;0;100.1;07:16.8;07:17.6;01:12.5;01:02.9;00:32.2;;Blake MCDONALD;;LMGT3;;TF Sport;Corvette;GF;72.469;62.91;32.179
33;1;51;01:46.0;0;;31.492;0;42.828;0;31.711;0;158.1;09:02.8;09:03.6;00:31.5;00:42.8;00:31.7;251.2;Blake MCDONALD;;LMGT3;;TF Sport;Corvette;GF;31.492;42.828;31.711
33;1;52;01:44.5;0;;31.311;0;42.11;1;31.111;0;160.4;10:47.3;10:48.1;00:31.3;00:42.1;00:31.1;254.1;Blake MCDONALD;;LMGT3;;TF Sport;Corvette;GF;31.311;42.11;31.111
33;1;53;01:44.5;0;;31.094;0;42.133;0;31.225;0;160.5;12:31.8;12:32.6;00:31.1;00:42.1;00:31.2;252.9;Blake MCDONALD;;LMGT3;;TF Sport;Corvette;GF;31.094;42.133;31.225
33;1;54;01:44.9;0;;31.127;0;42.247;0;31.531;0;159.8;14:16.7;14:17.5;00:31.1;00:42.2;00:31.5;257.1;Blake MCDONALD;;LMGT3;;TF Sport;Corvette;GF;31.127;42.247;31.531
33;1;55;01:44.9;0;;31.242;0;42.251;0;31.425;0;159.8;16:01.6;16:02.4;00:31.2;00:42.3;00:31.4;251.7;Blake MCDONALD;;LMGT3;;TF Sport;Corvette;GF;31.242;42.251;31.425
33;1;56;01:46.3;0;;31.514;0;42.452;0;32.299;0;157.8;17:47.9;17:48.7;00:31.5;00:42.5;00:32.3;252.3;Blake MCDONALD;;LMGT3;;TF Sport;Corvette;GF;31.514;42.452;32.299
33;1;57;01:45.1;0;;31.367;0;42.33;0;31.39;0;159.5;19:33.0;19:33.8;00:31.4;00:42.3;00:31.4;253.5;Blake MCDONALD;;LMGT3;;TF Sport;Corvette;GF;31.367;42.33;31.39
33;1;58;01:45.1;0;;31.3;0;42.332;0;31.463;0;159.5;21:18.1;21:18.9;00:31.3;00:42.3;00:31.5;252.9;Blake MCDONALD;;LMGT3;;TF Sport;Corvette;GF;31.3;42.332;31.463
33;1;59;01:45.6;0;;31.255;0;42.531;0;31.825;0;158.7;23:03.7;23:04.5;00:31.3;00:42.5;00:31.8;253.5;Blake MCDONALD;;LMGT3;;TF Sport;Corvette;GF;31.255;42.531;31.825
33;1;60;01:46.2;0;;31.554;0;43.042;0;31.643;0;157.8;24:49.9;24:50.7;00:31.6;00:43.0;00:31.6;252.3;Blake MCDONALD;;LMGT3;;TF Sport;Corvette;GF;31.554;43.042;31.643
33;1;61;01:47.1;0;;31.341;0;43.328;0;32.472;0;156.5;26:37.0;26:37.8;00:31.3;00:43.3;00:32.5;252.3;Blake MCDONALD;;LMGT3;;TF Sport;Corvette;GF;31.341;43.328;32.472
33;1;62;01:48.9;0;;32.592;0;43.883;0;32.468;0;153.9;28:26.0;28:26.8;00:32.6;00:43.9;00:32.5;254.7;Blake MCDONALD;;LMGT3;;TF Sport;Corvette;GF;32.592;43.883;32.468
33;1;63;01:46.6;0;;31.552;0;42.904;0;32.154;0;157.3;30:12.6;30:13.4;00:31.6;00:42.9;00:32.2;252.9;Blake MCDONALD;;LMGT3;;TF Sport;Corvette;GF;31.552;42.904;32.154
33;1;64;02:09.2;0;;31.602;0;43.022;0;54.579;0;129.8;32:21.8;32:22.6;00:31.6;00:43.0;00:54.6;250;Blake MCDONALD;;LMGT3;;TF Sport;Corvette;GF;31.602;43.022;54.579
33;1;65;03:27.4;0;B;01:12.3;0;01:18.1;0;56.939;0;80.8;35:49.2;35:50.0;01:12.3;01:18.1;00:56.9;;Blake MCDONALD;;LMGT3;;TF Sport;Corvette;GF;72.324;78.109;56.939
33;2;66;03:57.0;0;;02:11.9;0;01:09.6;0;35.484;0;70.7;39:46.2;39:47.0;02:11.9;01:09.6;00:35.5;;Alec UDELL;01:17.0;LMGT3;;TF Sport;Corvette;SF;131.921;69.579;35.484
33;2;67;01:49.9;0;;33.06;0;43.966;0;32.866;0;152.6;41:36.1;41:36.8;00:33.1;00:44.0;00:32.9;243.8;Alec UDELL;;LMGT3;;TF Sport;Corvette;SF;33.06;43.966;32.866
33;2;68;03:09.8;0;;54.626;0;01:14.0;0;01:01.1;0;88.4;44:45.8;44:46.6;00:54.6;01:14.0;01:01.1;;Alec UDELL;;LMGT3;;TF Sport;Corvette;SF;54.626;74.026;61.104
33;2;69;02:52.8;0;;01:06.3;0;01:05.0;0;41.536;0;97;47:38.7;47:39.5;01:06.3;01:05.0;00:41.5;;Alec UDELL;;LMGT3;;TF Sport;Corvette;SF;66.312;65.001;41.536
33;2;70;02:14.6;0;;39.783;0;50.376;0;44.424;0;124.6;49:53.2;49:54.0;00:39.8;00:50.4;00:44.4;184.3;Alec UDELL;;LMGT3;;TF Sport;Corvette;GF;39.783;50.376;44.424
33;2;71;01:45.3;0;;31.721;0;42.669;0;30.943;0;159.2;51:38.6;51:39.4;00:31.7;00:42.7;00:30.9;248.8;Alec UDELL;;LMGT3;;TF Sport;Corvette;GF;31.721;42.669;30.943
33;2;72;01:43.8;2;;30.885;2;41.978;0;30.916;1;161.5;53:22.4;53:23.1;00:30.9;00:42.0;00:30.9;254.1;Alec UDELL;;LMGT3;;TF Sport;Corvette;GF;30.885;41.978;30.916
33;2;73;01:43.9;0;;30.998;0;41.83;2;31.105;0;161.3;55:06.3;55:07.1;00:31.0;00:41.8;00:31.1;251.2;Alec UDELL;;LMGT3;;TF Sport;Corvette;GF;30.998;41.83;31.105
33;2;74;01:45.9;0;;31.779;0;42.204;0;31.881;0;158.4;56:52.1;56:52.9;00:31.8;00:42.2;00:31.9;251.2;Alec UDELL;;LMGT3;;TF Sport;Corvette;GF;31.779;42.204;31.881
33;2;75;01:45.7;0;;31.319;0;42.655;0;31.685;0;158.7;58:37.8;58:38.6;00:31.3;00:42.7;00:31.7;250.6;Alec UDELL;;LMGT3;;TF Sport;Corvette;GF;31.319;42.655;31.685
33;2;76;01:45.6;0;;31.252;0;41.912;0;32.412;0;158.8;00:23.4;00:24.2;00:31.3;00:41.9;00:32.4;255.3;Alec UDELL;;LMGT3;;TF Sport;Corvette;GF;31.252;41.912;32.412
33;2;77;02:40.1;0;B;32.033;0;42.613;0;01:25.5;0;104.7;03:03.5;03:04.3;00:32.0;00:42.6;01:25.5;250.6;Alec UDELL;;LMGT3;;TF Sport;Corvette;GF;32.033;42.613;85.477
34;1;1;01:58.7;0;;28.558;0;49.243;0;40.926;0;137;01:58.7;01:59.5;00:28.6;00:49.2;00:40.9;;Bijoy GARG;;LMP2;;Inter Europol Competition;Oreca;SF;28.558;49.243;40.926
34;1;2;03:42.7;0;;01:10.7;0;01:24.3;0;01:07.7;0;75.3;05:41.4;05:42.2;01:10.7;01:24.3;01:07.7;129.8;Bijoy GARG;;LMP2;;Inter Europol Competition;Oreca;RF;70.695;84.283;67.678
34;1;3;27:17.2;0;;25:21.4;0;01:10.2;0;45.637;0;10.2;32:58.6;32:59.4;25:21.4;01:10.2;00:45.6;;Bijoy GARG;;LMP2;;Inter Europol Competition;Oreca;SF;1521.427;70.177;45.637
34;1;4;02:27.8;0;;49.187;0;55.112;0;43.505;0;113.4;35:26.4;35:27.2;00:49.2;00:55.1;00:43.5;;Bijoy GARG;;LMP2;;Inter Europol Competition;Oreca;GF;49.187;55.112;43.505
34;1;5;01:33.9;0;;28.085;0;37.895;0;27.872;0;178.6;37:00.3;37:01.1;00:28.1;00:37.9;00:27.9;289.5;Bijoy GARG;;LMP2;;Inter Europol Competition;Oreca;GF;28.085;37.895;27.872
34;1;6;01:32.0;0;;27.287;0;37.187;0;27.543;0;182.2;38:32.3;38:33.1;00:27.3;00:37.2;00:27.5;292.7;Bijoy GARG;;LMP2;;Inter Europol Competition;Oreca;GF;27.287;37.187;27.543
34;1;7;01:31.7;0;;27.244;0;37.088;2;27.323;2;182.9;40:04.0;40:04.7;00:27.2;00:37.1;00:27.3;295.1;Bijoy GARG;;LMP2;;Inter Europol Competition;Oreca;GF;27.244;37.088;27.323
34;1;8;01:32.2;0;;27.258;0;37.455;0;27.463;0;181.9;41:36.1;41:36.9;00:27.3;00:37.5;00:27.5;297.5;Bijoy GARG;;LMP2;;Inter Europol Competition;Oreca;GF;27.258;37.455;27.463
34;1;9;01:31.8;0;;27.032;0;37.239;0;27.518;0;182.6;43:07.9;43:08.7;00:27.0;00:37.2;00:27.5;295.9;Bijoy GARG;;LMP2;;Inter Europol Competition;Oreca;GF;27.032;37.239;27.518
34;1;10;01:32.5;0;;27.113;0;37.54;0;27.855;0;181.2;44:40.4;44:41.2;00:27.1;00:37.5;00:27.9;296.7;Bijoy GARG;;LMP2;;Inter Europol Competition;Oreca;GF;27.113;37.54;27.855
34;1;11;01:35.1;0;;27.427;0;38.886;0;28.82;0;176.2;46:15.6;46:16.4;00:27.4;00:38.9;00:28.8;295.1;Bijoy GARG;;LMP2;;Inter Europol Competition;Oreca;GF;27.427;38.886;28.82
34;1;12;01:33.9;0;;27.412;0;38.617;0;27.841;0;178.6;47:49.4;47:50.2;00:27.4;00:38.6;00:27.8;295.1;Bijoy GARG;;LMP2;;Inter Europol Competition;Oreca;GF;27.412;38.617;27.841
34;1;13;01:32.6;0;;27.204;0;37.788;0;27.632;0;181;49:22.1;49:22.8;00:27.2;00:37.8;00:27.6;296.7;Bijoy GARG;;LMP2;;Inter Europol Competition;Oreca;GF;27.204;37.788;27.632
34;1;14;01:32.0;0;;26.916;1;37.634;0;27.472;0;182.2;50:54.1;50:54.9;00:26.9;00:37.6;00:27.5;295.9;Bijoy GARG;;LMP2;;Inter Europol Competition;Oreca;GF;26.916;37.634;27.472
34;1;15;01:34.1;0;;26.975;0;37.732;0;29.391;0;178.2;52:28.2;52:29.0;00:27.0;00:37.7;00:29.4;295.1;Bijoy GARG;;LMP2;;Inter Europol Competition;Oreca;GF;26.975;37.732;29.391
34;1;16;01:33.3;0;;27.431;0;37.962;0;27.951;0;179.6;54:01.5;54:02.3;00:27.4;00:38.0;00:28.0;293.5;Bijoy GARG;;LMP2;;Inter Europol Competition;Oreca;GF;27.431;37.962;27.951
34;1;17;01:33.8;0;;27.714;0;38.186;0;27.914;0;178.7;55:35.3;55:36.1;00:27.7;00:38.2;00:27.9;297.5;Bijoy GARG;;LMP2;;Inter Europol Competition;Oreca;GF;27.714;38.186;27.914
34;1;18;01:33.3;0;;27.334;0;37.681;0;28.319;0;179.6;57:08.7;57:09.5;00:27.3;00:37.7;00:28.3;295.1;Bijoy GARG;;LMP2;;Inter Europol Competition;Oreca;GF;27.334;37.681;28.319
34;1;19;01:34.2;0;;27.303;0;38.344;0;28.557;0;178;58:42.9;58:43.7;00:27.3;00:38.3;00:28.6;294.3;Bijoy GARG;;LMP2;;Inter Europol Competition;Oreca;GF;27.303;38.344;28.557
34;1;20;01:36.7;0;;27.897;0;38.138;0;30.71;0;173.3;00:19.6;00:20.4;00:27.9;00:38.1;00:30.7;295.9;Bijoy GARG;;LMP2;;Inter Europol Competition;Oreca;GF;27.897;38.138;30.71
34;1;21;01:34.6;0;;27.932;0;38.233;0;28.454;0;177.2;01:54.2;01:55.0;00:27.9;00:38.2;00:28.5;292.7;Bijoy GARG;;LMP2;;Inter Europol Competition;Oreca;GF;27.932;38.233;28.454
34;1;22;01:34.0;0;;27.496;0;38.324;0;28.136;0;178.4;03:28.2;03:29.0;00:27.5;00:38.3;00:28.1;295.9;Bijoy GARG;;LMP2;;Inter Europol Competition;Oreca;GF;27.496;38.324;28.136
34;1;23;01:33.9;0;;27.275;0;37.893;0;28.778;0;178.5;05:02.1;05:02.9;00:27.3;00:37.9;00:28.8;295.9;Bijoy GARG;;LMP2;;Inter Europol Competition;Oreca;GF;27.275;37.893;28.778
34;1;24;01:34.9;0;;27.386;0;38.715;0;28.833;0;176.6;06:37.1;06:37.9;00:27.4;00:38.7;00:28.8;296.7;Bijoy GARG;;LMP2;;Inter Europol Competition;Oreca;GF;27.386;38.715;28.833
34;1;25;01:35.1;0;;27.355;0;38.366;0;29.4;0;176.3;08:12.2;08:13.0;00:27.4;00:38.4;00:29.4;295.9;Bijoy GARG;;LMP2;;Inter Europol Competition;Oreca;GF;27.355;38.366;29.4
34;1;26;01:34.8;0;;27.865;0;37.996;0;28.943;0;176.8;09:47.0;09:47.8;00:27.9;00:38.0;00:28.9;294.3;Bijoy GARG;;LMP2;;Inter Europol Competition;Oreca;GF;27.865;37.996;28.943
34;1;27;01:35.1;0;;28.144;0;38.366;0;28.567;0;176.3;11:22.1;11:22.9;00:28.1;00:38.4;00:28.6;295.9;Bijoy GARG;;LMP2;;Inter Europol Competition;Oreca;GF;28.144;38.366;28.567
34;1;28;01:40.6;0;B;27.604;0;39.381;0;33.6;0;166.7;13:02.7;13:03.5;00:27.6;00:39.4;00:33.6;295.1;Bijoy GARG;;LMP2;;Inter Europol Competition;Oreca;GF;27.604;39.381;33.6
34;1;29;02:40.9;0;;01:32.0;0;39.061;0;29.828;0;104.2;15:43.5;15:44.3;01:32.0;00:39.1;00:29.8;211.4;Bijoy GARG;01:07.2;LMP2;;Inter Europol Competition;Oreca;GF;91.977;39.061;29.828
34;1;30;01:36.0;0;;28.104;0;38.9;0;28.967;0;174.7;17:19.5;17:20.3;00:28.1;00:38.9;00:29.0;292.7;Bijoy GARG;;LMP2;;Inter Europol Competition;Oreca;GF;28.104;38.9;28.967
34;1;31;01:37.0;0;;28.831;0;38.885;0;29.257;0;172.9;18:56.5;18:57.3;00:28.8;00:38.9;00:29.3;292.7;Bijoy GARG;;LMP2;;Inter Europol Competition;Oreca;GF;28.831;38.885;29.257
34;1;32;01:36.9;0;;28.902;0;38.791;0;29.198;0;173;20:33.4;20:34.2;00:28.9;00:38.8;00:29.2;291.9;Bijoy GARG;;LMP2;;Inter Europol Competition;Oreca;GF;28.902;38.791;29.198
34;1;33;01:35.3;0;;28.102;0;38.347;0;28.865;0;175.9;22:08.7;22:09.5;00:28.1;00:38.3;00:28.9;292.7;Bijoy GARG;;LMP2;;Inter Europol Competition;Oreca;GF;28.102;38.347;28.865
34;1;34;01:37.8;0;;28.008;0;40.305;0;29.497;0;171.4;23:46.5;23:47.3;00:28.0;00:40.3;00:29.5;294.3;Bijoy GARG;;LMP2;;Inter Europol Competition;Oreca;GF;28.008;40.305;29.497
34;1;35;01:35.2;0;;27.628;0;38.491;0;29.062;0;176.1;25:21.7;25:22.5;00:27.6;00:38.5;00:29.1;294.3;Bijoy GARG;;LMP2;;Inter Europol Competition;Oreca;GF;27.628;38.491;29.062
34;1;36;01:35.7;0;;27.808;0;38.754;0;29.187;0;175.1;26:57.4;26:58.2;00:27.8;00:38.8;00:29.2;292.7;Bijoy GARG;;LMP2;;Inter Europol Competition;Oreca;GF;27.808;38.754;29.187
34;1;37;01:35.0;0;;27.793;0;38.553;0;28.62;0;176.5;28:32.4;28:33.2;00:27.8;00:38.6;00:28.6;295.9;Bijoy GARG;;LMP2;;Inter Europol Competition;Oreca;GF;27.793;38.553;28.62
34;1;38;01:35.4;0;;27.742;0;39.082;0;28.602;0;175.7;30:07.8;30:08.6;00:27.7;00:39.1;00:28.6;295.1;Bijoy GARG;;LMP2;;Inter Europol Competition;Oreca;GF;27.742;39.082;28.602
34;1;39;01:36.2;0;;28.033;0;39.178;0;29.03;0;174.2;31:44.0;31:44.8;00:28.0;00:39.2;00:29.0;294.3;Bijoy GARG;;LMP2;;Inter Europol Competition;Oreca;GF;28.033;39.178;29.03
34;1;40;01:34.7;0;;27.748;0;38.337;0;28.585;0;177.1;33:18.7;33:19.5;00:27.7;00:38.3;00:28.6;293.5;Bijoy GARG;;LMP2;;Inter Europol Competition;Oreca;GF;27.748;38.337;28.585
34;1;41;02:34.1;0;;27.887;0;01:09.1;0;57.165;0;108.8;35:52.8;35:53.6;00:27.9;01:09.1;00:57.2;294.3;Bijoy GARG;;LMP2;;Inter Europol Competition;Oreca;GF;27.887;69.071;57.165
34;1;42;03:30.4;0;B;01:13.1;0;01:19.7;0;57.566;0;79.7;39:23.2;39:24.0;01:13.1;01:19.7;00:57.6;;Bijoy GARG;;LMP2;;Inter Europol Competition;Oreca;GF;73.104;79.688;57.566
34;1;43;03:24.0;0;;01:56.0;0;46.794;0;41.251;0;82.2;42:47.2;42:48.0;01:56.0;00:46.8;00:41.3;;Bijoy GARG;01:01.0;LMP2;;Inter Europol Competition;Oreca;SF;115.971;46.794;41.251
34;1;44;03:38.6;0;;01:08.7;0;01:25.8;0;01:04.1;0;76.7;46:25.8;46:26.6;01:08.7;01:25.8;01:04.1;;Bijoy GARG;;LMP2;;Inter Europol Competition;Oreca;SF;68.678;85.772;64.146
34;1;45;03:01.6;0;;01:11.2;0;01:08.6;0;41.776;0;92.3;49:27.4;49:28.2;01:11.2;01:08.6;00:41.8;;Bijoy GARG;;LMP2;;Inter Europol Competition;Oreca;SF;71.174;68.643;41.776
34;1;46;02:12.3;0;;39.65;0;52.608;0;40.077;0;126.7;51:39.7;51:40.5;00:39.6;00:52.6;00:40.1;201.9;Bijoy GARG;;LMP2;;Inter Europol Competition;Oreca;GF;39.65;52.608;40.077
34;1;47;01:35.3;0;;28.341;0;38.736;0;28.226;0;175.9;53:15.0;53:15.8;00:28.3;00:38.7;00:28.2;287.2;Bijoy GARG;;LMP2;;Inter Europol Competition;Oreca;GF;28.341;38.736;28.226
34;1;48;01:33.1;0;;27.308;0;37.706;0;28.04;0;180.2;54:48.1;54:48.9;00:27.3;00:37.7;00:28.0;291.9;Bijoy GARG;;LMP2;;Inter Europol Competition;Oreca;GF;27.308;37.706;28.04
34;1;49;01:32.6;0;;27.096;0;37.74;0;27.78;0;181;56:20.7;56:21.5;00:27.1;00:37.7;00:27.8;291.9;Bijoy GARG;;LMP2;;Inter Europol Competition;Oreca;GF;27.096;37.74;27.78
34;1;50;01:32.7;0;;27.071;0;37.648;0;27.988;0;180.8;57:53.4;57:54.2;00:27.1;00:37.6;00:28.0;292.7;Bijoy GARG;;LMP2;;Inter Europol Competition;Oreca;GF;27.071;37.648;27.988
34;1;51;01:32.5;0;;27.142;0;37.535;0;27.794;0;181.3;59:25.9;59:26.7;00:27.1;00:37.5;00:27.8;292.7;Bijoy GARG;;LMP2;;Inter Europol Competition;Oreca;GF;27.142;37.535;27.794
34;1;52;01:34.7;0;;27.09;0;38.591;0;28.981;0;177.1;01:00.5;01:01.3;00:27.1;00:38.6;00:29.0;294.3;Bijoy GARG;;LMP2;;Inter Europol Competition;Oreca;GF;27.09;38.591;28.981
34;1;53;01:37.3;0;;27.766;0;38.877;0;30.693;0;172.2;02:37.9;02:38.7;00:27.8;00:38.9;00:30.7;298.3;Bijoy GARG;;LMP2;;Inter Europol Competition;Oreca;GF;27.766;38.877;30.693
34;1;54;01:57.4;0;;27.959;0;40.119;0;49.309;0;142.8;04:35.3;04:36.1;00:28.0;00:40.1;00:49.3;294.3;Bijoy GARG;;LMP2;;Inter Europol Competition;Oreca;FCY;27.959;40.119;49.309
34;1;55;02:40.3;0;;01:12.9;0;58.308;0;29.04;0;104.6;07:15.5;07:16.3;01:12.9;00:58.3;00:29.0;;Bijoy GARG;;LMP2;;Inter Europol Competition;Oreca;GF;72.915;58.308;29.04
34;1;56;01:34.4;0;;27.878;0;38.083;0;28.481;0;177.5;08:50.0;08:50.8;00:27.9;00:38.1;00:28.5;292.7;Bijoy GARG;;LMP2;;Inter Europol Competition;Oreca;GF;27.878;38.083;28.481
34;1;57;01:34.8;0;;27.699;0;37.993;0;29.14;0;176.8;10:24.8;10:25.6;00:27.7;00:38.0;00:29.1;292.7;Bijoy GARG;;LMP2;;Inter Europol Competition;Oreca;GF;27.699;37.993;29.14
34;1;58;01:34.0;0;;27.369;0;37.993;0;28.597;0;178.4;11:58.8;11:59.6;00:27.4;00:38.0;00:28.6;293.5;Bijoy GARG;;LMP2;;Inter Europol Competition;Oreca;GF;27.369;37.993;28.597
34;1;59;01:34.2;0;;27.278;0;38.046;0;28.884;0;178;13:33.0;13:33.8;00:27.3;00:38.0;00:28.9;292.7;Bijoy GARG;;LMP2;;Inter Europol Competition;Oreca;GF;27.278;38.046;28.884
34;1;60;01:33.6;0;;27.237;0;37.961;0;28.396;0;179.1;15:06.6;15:07.4;00:27.2;00:38.0;00:28.4;293.5;Bijoy GARG;;LMP2;;Inter Europol Competition;Oreca;GF;27.237;37.961;28.396
34;1;61;01:34.8;0;;27.679;0;38.886;0;28.228;0;176.9;16:41.4;16:42.2;00:27.7;00:38.9;00:28.2;294.3;Bijoy GARG;;LMP2;;Inter Europol Competition;Oreca;GF;27.679;38.886;28.228
34;1;62;01:33.5;0;;27.292;0;37.979;0;28.212;0;179.3;18:14.8;18:15.6;00:27.3;00:38.0;00:28.2;293.5;Bijoy GARG;;LMP2;;Inter Europol Competition;Oreca;GF;27.292;37.979;28.212
34;1;63;01:36.9;0;;27.291;0;38.822;0;30.764;0;173.1;19:51.7;19:52.5;00:27.3;00:38.8;00:30.8;294.3;Bijoy GARG;;LMP2;;Inter Europol Competition;Oreca;GF;27.291;38.822;30.764
34;1;64;01:33.9;0;;27.472;0;38.075;0;28.324;0;178.6;21:25.6;21:26.4;00:27.5;00:38.1;00:28.3;291.9;Bijoy GARG;;LMP2;;Inter Europol Competition;Oreca;GF;27.472;38.075;28.324
34;1;65;01:34.6;0;;27.406;0;38.818;0;28.407;0;177.2;23:00.2;23:01.0;00:27.4;00:38.8;00:28.4;294.3;Bijoy GARG;;LMP2;;Inter Europol Competition;Oreca;GF;27.406;38.818;28.407
34;1;66;01:34.9;0;;27.747;0;38.843;0;28.345;0;176.6;24:35.2;24:36.0;00:27.7;00:38.8;00:28.3;294.3;Bijoy GARG;;LMP2;;Inter Europol Competition;Oreca;GF;27.747;38.843;28.345
34;1;67;01:34.8;0;;27.453;0;38.709;0;28.686;0;176.8;26:10.0;26:10.8;00:27.5;00:38.7;00:28.7;292.7;Bijoy GARG;;LMP2;;Inter Europol Competition;Oreca;GF;27.453;38.709;28.686
34;1;68;01:35.3;0;;27.5;0;38.829;0;28.948;0;176;27:45.3;27:46.1;00:27.5;00:38.8;00:28.9;291.9;Bijoy GARG;;LMP2;;Inter Europol Competition;Oreca;GF;27.5;38.829;28.948
34;1;69;01:34.5;0;;27.436;0;38.506;0;28.516;0;177.5;29:19.7;29:20.5;00:27.4;00:38.5;00:28.5;291.1;Bijoy GARG;;LMP2;;Inter Europol Competition;Oreca;GF;27.436;38.506;28.516
34;1;70;01:35.0;0;;28.037;0;38.155;0;28.825;0;176.4;30:54.8;30:55.6;00:28.0;00:38.2;00:28.8;287.2;Bijoy GARG;;LMP2;;Inter Europol Competition;Oreca;GF;28.037;38.155;28.825
34;1;71;02:36.3;0;;27.695;0;01:11.6;0;56.978;0;107.3;33:31.0;33:31.8;00:27.7;01:11.6;00:57.0;291.9;Bijoy GARG;;LMP2;;Inter Europol Competition;Oreca;GF;27.695;71.583;56.978
34;1;72;03:31.0;0;B;01:13.6;0;01:20.0;0;57.43;0;79.5;37:02.0;37:02.8;01:13.6;01:20.0;00:57.4;;Bijoy GARG;;LMP2;;Inter Europol Competition;Oreca;GF;73.577;79.975;57.43
34;2;73;04:08.3;0;;02:31.7;0;43.994;0;52.57;0;67.5;41:10.3;41:11.1;02:31.7;00:44.0;00:52.6;;Reshad DE GÉRUS;01:52.0;LMP2;;Inter Europol Competition;Oreca;SF;151.727;43.994;52.57
34;2;74;03:22.4;0;;57.814;0;01:22.7;0;01:01.9;0;82.8;44:32.7;44:33.5;00:57.8;01:22.7;01:01.9;155.8;Reshad DE GÉRUS;;LMP2;;Inter Europol Competition;Oreca;SF;57.814;82.698;61.856
34;2;75;02:52.4;0;;01:05.8;0;01:05.3;0;41.232;0;97.3;47:25.0;47:25.8;01:05.8;01:05.3;00:41.2;;Reshad DE GÉRUS;;LMP2;;Inter Europol Competition;Oreca;SF;65.834;65.316;41.232
34;2;76;02:19.7;0;;41.408;0;51.337;0;46.995;0;120;49:44.8;49:45.6;00:41.4;00:51.3;00:47.0;154.3;Reshad DE GÉRUS;;LMP2;;Inter Europol Competition;Oreca;GF;41.408;51.337;46.995
34;2;77;01:34.6;0;;28.561;0;38.399;0;27.596;0;177.3;51:19.3;51:20.1;00:28.6;00:38.4;00:27.6;282.7;Reshad DE GÉRUS;;LMP2;;Inter Europol Competition;Oreca;GF;28.561;38.399;27.596
34;2;78;01:31.4;2;;26.772;2;37.213;1;27.439;1;183.4;52:50.8;52:51.6;00:26.8;00:37.2;00:27.4;291.1;Reshad DE GÉRUS;;LMP2;;Inter Europol Competition;Oreca;GF;26.772;37.213;27.439
34;2;79;01:32.5;0;;27.125;0;37.56;0;27.777;0;181.3;54:23.2;54:24.0;00:27.1;00:37.6;00:27.8;292.7;Reshad DE GÉRUS;;LMP2;;Inter Europol Competition;Oreca;GF;27.125;37.56;27.777
34;2;80;01:32.1;0;;27.041;0;37.385;0;27.662;0;182.1;55:55.3;55:56.1;00:27.0;00:37.4;00:27.7;292.7;Reshad DE GÉRUS;;LMP2;;Inter Europol Competition;Oreca;GF;27.041;37.385;27.662
34;2;81;01:32.5;0;;27.062;0;37.551;0;27.891;0;181.2;57:27.8;57:28.6;00:27.1;00:37.6;00:27.9;292.7;Reshad DE GÉRUS;;LMP2;;Inter Europol Competition;Oreca;GF;27.062;37.551;27.891
34;2;82;01:32.8;0;;27.089;0;37.6;0;28.103;0;180.7;59:00.6;59:01.4;00:27.1;00:37.6;00:28.1;291.9;Reshad DE GÉRUS;;LMP2;;Inter Europol Competition;Oreca;GF;27.089;37.6;28.103
34;2;83;01:34.2;0;;27.734;0;38.09;0;28.34;0;178;00:34.8;00:35.6;00:27.7;00:38.1;00:28.3;292.7;Reshad DE GÉRUS;;LMP2;;Inter Europol Competition;Oreca;GF;27.734;38.09;28.34
34;2;84;01:36.0;0;;27.531;0;38.462;0;30.05;0;174.6;02:10.8;02:11.6;00:27.5;00:38.5;00:30.1;294.3;Reshad DE GÉRUS;;LMP2;;Inter Europol Competition;Oreca;GF;27.531;38.462;30.05
34;2;85;01:59.6;0;;29.184;0;38.97;0;51.404;0;140.2;04:10.4;04:11.2;00:29.2;00:39.0;00:51.4;286.5;Reshad DE GÉRUS;;LMP2;;Inter Europol Competition;Oreca;FCY;29.184;38.97;51.404
34;2;86;02:38.4;0;;01:13.1;0;56.579;0;28.687;0;105.9;06:48.7;06:49.5;01:13.1;00:56.6;00:28.7;;Reshad DE GÉRUS;;LMP2;;Inter Europol Competition;Oreca;GF;73.114;56.579;28.687
34;2;87;01:35.1;0;;27.422;0;38.652;0;29.067;0;176.2;08:23.9;08:24.7;00:27.4;00:38.7;00:29.1;291.9;Reshad DE GÉRUS;;LMP2;;Inter Europol Competition;Oreca;GF;27.422;38.652;29.067
34;2;88;01:33.0;0;;27.222;0;37.902;0;27.881;0;180.3;09:56.9;09:57.7;00:27.2;00:37.9;00:27.9;291.9;Reshad DE GÉRUS;;LMP2;;Inter Europol Competition;Oreca;GF;27.222;37.902;27.881
34;2;89;01:33.3;0;;27.359;0;38.196;0;27.752;0;179.7;11:30.2;11:31.0;00:27.4;00:38.2;00:27.8;293.5;Reshad DE GÉRUS;;LMP2;;Inter Europol Competition;Oreca;GF;27.359;38.196;27.752
34;2;90;01:32.7;0;;27.195;0;37.639;0;27.848;0;180.9;13:02.9;13:03.7;00:27.2;00:37.6;00:27.8;294.3;Reshad DE GÉRUS;;LMP2;;Inter Europol Competition;Oreca;GF;27.195;37.639;27.848
34;2;91;01:33.9;0;;27.361;0;38.268;0;28.314;0;178.5;14:36.8;14:37.6;00:27.4;00:38.3;00:28.3;295.1;Reshad DE GÉRUS;;LMP2;;Inter Europol Competition;Oreca;GF;27.361;38.268;28.314
34;2;92;01:36.0;0;;27.962;0;38.899;0;29.181;0;174.6;16:12.9;16:13.7;00:28.0;00:38.9;00:29.2;293.5;Reshad DE GÉRUS;;LMP2;;Inter Europol Competition;Oreca;GF;27.962;38.899;29.181
34;2;93;01:33.7;0;;27.438;0;37.589;0;28.659;0;179;17:46.6;17:47.3;00:27.4;00:37.6;00:28.7;289.5;Reshad DE GÉRUS;;LMP2;;Inter Europol Competition;Oreca;GF;27.438;37.589;28.659
34;2;94;01:34.1;0;;27.465;0;38.548;0;28.098;0;178.1;19:20.7;19:21.5;00:27.5;00:38.5;00:28.1;288.8;Reshad DE GÉRUS;;LMP2;;Inter Europol Competition;Oreca;GF;27.465;38.548;28.098
34;2;95;01:35.0;0;;27.369;0;37.898;0;29.688;0;176.6;20:55.6;20:56.4;00:27.4;00:37.9;00:29.7;291.1;Reshad DE GÉRUS;;LMP2;;Inter Europol Competition;Oreca;GF;27.369;37.898;29.688
34;2;96;02:39.8;0;;57.197;0;01:13.3;0;29.273;0;104.9;23:35.4;23:36.2;00:57.2;01:13.3;00:29.3;;Reshad DE GÉRUS;;LMP2;;Inter Europol Competition;Oreca;GF;57.197;73.338;29.273
34;2;97;01:34.4;0;;27.715;0;38.027;0;28.674;0;177.6;25:09.8;25:10.6;00:27.7;00:38.0;00:28.7;290.3;Reshad DE GÉRUS;;LMP2;;Inter Europol Competition;Oreca;GF;27.715;38.027;28.674
34;2;98;01:34.8;0;;27.658;0;38.079;0;29.033;0;176.9;26:44.6;26:45.4;00:27.7;00:38.1;00:29.0;288.8;Reshad DE GÉRUS;;LMP2;;Inter Europol Competition;Oreca;GF;27.658;38.079;29.033
34;2;99;01:33.9;0;;27.753;0;37.987;0;28.194;0;178.5;28:18.5;28:19.3;00:27.8;00:38.0;00:28.2;290.3;Reshad DE GÉRUS;;LMP2;;Inter Europol Competition;Oreca;GF;27.753;37.987;28.194
34;2;100;01:35.8;0;;28.414;0;38.625;0;28.759;0;175;29:54.3;29:55.1;00:28.4;00:38.6;00:28.8;293.5;Reshad DE GÉRUS;;LMP2;;Inter Europol Competition;Oreca;GF;28.414;38.625;28.759
34;2;101;01:33.6;0;;27.503;0;37.875;0;28.264;0;179;31:28.0;31:28.8;00:27.5;00:37.9;00:28.3;290.3;Reshad DE GÉRUS;;LMP2;;Inter Europol Competition;Oreca;GF;27.503;37.875;28.264
34;2;102;01:33.8;0;;27.449;0;38.037;0;28.336;0;178.7;33:01.8;33:02.6;00:27.4;00:38.0;00:28.3;289.5;Reshad DE GÉRUS;;LMP2;;Inter Europol Competition;Oreca;GF;27.449;38.037;28.336
34;2;103;01:40.0;0;B;28.151;0;38.557;0;33.34;0;167.6;34:41.9;34:42.7;00:28.2;00:38.6;00:33.3;291.1;Reshad DE GÉRUS;;LMP2;;Inter Europol Competition;Oreca;GF;28.151;38.557;33.34
34;2;104;02:58.3;0;;01:48.7;0;40.45;0;29.084;0;94;37:40.1;37:40.9;01:48.7;00:40.5;00:29.1;208.1;Reshad DE GÉRUS;01:22.0;LMP2;;Inter Europol Competition;Oreca;GF;108.745;40.45;29.084
34;2;105;01:33.8;0;;27.657;0;37.902;0;28.21;0;178.8;39:13.9;39:14.7;00:27.7;00:37.9;00:28.2;288.8;Reshad DE GÉRUS;;LMP2;;Inter Europol Competition;Oreca;GF;27.657;37.902;28.21
34;2;106;01:35.4;0;;27.379;0;39.424;0;28.618;0;175.7;40:49.3;40:50.1;00:27.4;00:39.4;00:28.6;288;Reshad DE GÉRUS;;LMP2;;Inter Europol Competition;Oreca;GF;27.379;39.424;28.618
34;2;107;01:33.5;0;;27.309;0;38.053;0;28.089;0;179.4;42:22.8;42:23.6;00:27.3;00:38.1;00:28.1;288.8;Reshad DE GÉRUS;;LMP2;;Inter Europol Competition;Oreca;GF;27.309;38.053;28.089
34;2;108;01:33.4;0;;27.471;0;37.935;0;27.972;0;179.5;43:56.2;43:57.0;00:27.5;00:37.9;00:28.0;292.7;Reshad DE GÉRUS;;LMP2;;Inter Europol Competition;Oreca;GF;27.471;37.935;27.972
34;2;109;01:35.5;0;;28.083;0;38.51;0;28.93;0;175.5;45:31.7;45:32.5;00:28.1;00:38.5;00:28.9;291.9;Reshad DE GÉRUS;;LMP2;;Inter Europol Competition;Oreca;GF;28.083;38.51;28.93
34;2;110;01:33.8;0;;27.291;0;38.066;0;28.488;0;178.6;47:05.5;47:06.3;00:27.3;00:38.1;00:28.5;290.3;Reshad DE GÉRUS;;LMP2;;Inter Europol Competition;Oreca;GF;27.291;38.066;28.488
34;2;111;01:33.2;0;;27.286;0;37.747;0;28.15;0;179.9;48:38.7;48:39.5;00:27.3;00:37.7;00:28.1;291.1;Reshad DE GÉRUS;;LMP2;;Inter Europol Competition;Oreca;GF;27.286;37.747;28.15
34;2;112;01:32.4;0;;27.158;0;37.423;0;27.826;0;181.4;50:11.1;50:11.9;00:27.2;00:37.4;00:27.8;289.5;Reshad DE GÉRUS;;LMP2;;Inter Europol Competition;Oreca;GF;27.158;37.423;27.826
34;2;113;01:33.1;0;;27.135;0;37.8;0;28.193;0;180;51:44.2;51:45.0;00:27.1;00:37.8;00:28.2;290.3;Reshad DE GÉRUS;;LMP2;;Inter Europol Competition;Oreca;GF;27.135;37.8;28.193
34;2;114;01:34.1;0;;27.824;0;38.239;0;28;0;178.2;53:18.3;53:19.1;00:27.8;00:38.2;00:28.0;291.9;Reshad DE GÉRUS;;LMP2;;Inter Europol Competition;Oreca;GF;27.824;38.239;28
34;2;115;01:33.8;0;;27.222;0;38.219;0;28.368;0;178.7;54:52.1;54:52.9;00:27.2;00:38.2;00:28.4;291.1;Reshad DE GÉRUS;;LMP2;;Inter Europol Competition;Oreca;GF;27.222;38.219;28.368
34;2;116;01:34.1;0;;27.661;0;38.194;0;28.218;0;178.2;56:26.2;56:27.0;00:27.7;00:38.2;00:28.2;293.5;Reshad DE GÉRUS;;LMP2;;Inter Europol Competition;Oreca;GF;27.661;38.194;28.218
34;2;117;01:35.3;0;;27.951;0;38.652;0;28.688;0;175.9;58:01.5;58:02.3;00:28.0;00:38.7;00:28.7;293.5;Reshad DE GÉRUS;;LMP2;;Inter Europol Competition;Oreca;GF;27.951;38.652;28.688
34;2;118;01:35.8;0;;27.991;0;38.954;0;28.814;0;175.1;59:37.2;59:38.0;00:28.0;00:39.0;00:28.8;294.3;Reshad DE GÉRUS;;LMP2;;Inter Europol Competition;Oreca;GF;27.991;38.954;28.814
34;2;119;01:34.8;0;;27.614;0;38.23;0;28.989;0;176.8;01:12.1;01:12.9;00:27.6;00:38.2;00:29.0;292.7;Reshad DE GÉRUS;;LMP2;;Inter Europol Competition;Oreca;GF;27.614;38.23;28.989
34;2;120;01:34.5;0;;27.927;0;38.358;0;28.184;0;177.5;02:46.5;02:47.3;00:27.9;00:38.4;00:28.2;292.7;Reshad DE GÉRUS;;LMP2;;Inter Europol Competition;Oreca;GF;27.927;38.358;28.184
34;2;121;01:34.9;0;;28.028;0;38.583;0;28.314;0;176.6;04:21.5;04:22.3;00:28.0;00:38.6;00:28.3;294.3;Reshad DE GÉRUS;;LMP2;;Inter Europol Competition;Oreca;GF;28.028;38.583;28.314
34;2;122;01:34.7;0;;27.55;0;38.906;0;28.262;0;177;05:56.2;05:57.0;00:27.6;00:38.9;00:28.3;292.7;Reshad DE GÉRUS;;LMP2;;Inter Europol Competition;Oreca;GF;27.55;38.906;28.262
34;2;123;01:33.6;0;;27.349;0;38.091;0;28.113;0;179.2;07:29.7;07:30.5;00:27.3;00:38.1;00:28.1;291.1;Reshad DE GÉRUS;;LMP2;;Inter Europol Competition;Oreca;GF;27.349;38.091;28.113
34;2;124;01:34.8;0;;27.484;0;38.983;0;28.289;0;176.9;09:04.5;09:05.3;00:27.5;00:39.0;00:28.3;292.7;Reshad DE GÉRUS;;LMP2;;Inter Europol Competition;Oreca;GF;27.484;38.983;28.289
34;2;125;01:34.5;0;;27.459;0;38.527;0;28.476;0;177.5;10:39.0;10:39.7;00:27.5;00:38.5;00:28.5;293.5;Reshad DE GÉRUS;;LMP2;;Inter Europol Competition;Oreca;GF;27.459;38.527;28.476
34;2;126;01:39.0;0;B;27.44;0;38.307;0;33.252;0;169.3;12:18.0;12:18.7;00:27.4;00:38.3;00:33.3;292.7;Reshad DE GÉRUS;;LMP2;;Inter Europol Competition;Oreca;GF;27.44;38.307;33.252
34;2;127;02:08.2;0;;01:00.2;0;39.105;0;28.903;0;130.8;14:26.2;14:27.0;01:00.2;00:39.1;00:28.9;212.6;Reshad DE GÉRUS;00:35.4;LMP2;;Inter Europol Competition;Oreca;GF;60.2;39.105;28.903
34;2;128;01:35.6;0;;28.151;0;38.965;0;28.532;0;175.3;16:01.8;16:02.6;00:28.2;00:39.0;00:28.5;293.5;Reshad DE GÉRUS;;LMP2;;Inter Europol Competition;Oreca;GF;28.151;38.965;28.532
34;2;129;01:36.0;0;;27.834;0;39.082;0;29.118;0;174.6;17:37.8;17:38.6;00:27.8;00:39.1;00:29.1;292.7;Reshad DE GÉRUS;;LMP2;;Inter Europol Competition;Oreca;GF;27.834;39.082;29.118
34;2;130;01:36.4;0;;27.865;0;39.02;0;29.554;0;173.8;19:14.3;19:15.1;00:27.9;00:39.0;00:29.6;292.7;Reshad DE GÉRUS;;LMP2;;Inter Europol Competition;Oreca;GF;27.865;39.02;29.554
34;2;131;01:35.0;0;;28.014;0;38.399;0;28.584;0;176.5;20:49.3;20:50.1;00:28.0;00:38.4;00:28.6;291.1;Reshad DE GÉRUS;;LMP2;;Inter Europol Competition;Oreca;GF;28.014;38.399;28.584
34;2;132;01:34.6;0;;27.595;0;38.219;0;28.766;0;177.3;22:23.9;22:24.7;00:27.6;00:38.2;00:28.8;291.9;Reshad DE GÉRUS;;LMP2;;Inter Europol Competition;Oreca;GF;27.595;38.219;28.766
34;2;133;01:35.6;0;;28.708;0;38.308;0;28.569;0;175.4;23:59.4;24:00.2;00:28.7;00:38.3;00:28.6;290.3;Reshad DE GÉRUS;;LMP2;;Inter Europol Competition;Oreca;GF;28.708;38.308;28.569
34;2;134;01:37.2;0;;28.245;0;39.079;0;29.847;0;172.5;25:36.6;25:37.4;00:28.2;00:39.1;00:29.8;293.5;Reshad DE GÉRUS;;LMP2;;Inter Europol Competition;Oreca;GF;28.245;39.079;29.847
34;2;135;01:35.9;0;;27.942;0;38.984;0;28.968;0;174.8;27:12.5;27:13.3;00:27.9;00:39.0;00:29.0;288.8;Reshad DE GÉRUS;;LMP2;;Inter Europol Competition;Oreca;FF;27.942;38.984;28.968
35;1;1;02:31.6;0;;48.958;0;58.548;0;44.045;0;107.3;02:31.6;02:32.3;00:49.0;00:58.5;00:44.0;;Terrence WOODWARD;;LMP3;;Ultimate;Ligier;SF;48.958;58.548;44.045
35;1;2;28:17.1;0;;01:21.8;0;01:21.4;0;25:33.9;0;9.9;30:48.7;30:49.5;01:21.8;01:21.4;25:33.9;125.3;Terrence WOODWARD;;LMP3;;Ultimate;Ligier;SF;81.801;81.401;1533.935
35;1;3;02:42.2;0;;52.515;0;01:07.4;0;42.297;0;103.4;33:30.9;33:31.6;00:52.5;01:07.4;00:42.3;128.6;Terrence WOODWARD;;LMP3;;Ultimate;Ligier;SF;52.515;67.351;42.297
35;1;4;02:15.3;0;;49.038;0;47.717;0;38.586;0;123.9;35:46.2;35:47.0;00:49.0;00:47.7;00:38.6;140.4;Terrence WOODWARD;;LMP3;;Ultimate;Ligier;GF;49.038;47.717;38.586
35;1;5;01:47.1;0;;32.607;0;42.929;0;31.584;0;156.5;37:33.3;37:34.1;00:32.6;00:42.9;00:31.6;260.2;Terrence WOODWARD;;LMP3;;Ultimate;Ligier;GF;32.607;42.929;31.584
35;1;6;01:45.7;0;;31.311;0;42.209;0;32.229;0;158.5;39:19.1;39:19.9;00:31.3;00:42.2;00:32.2;261.5;Terrence WOODWARD;;LMP3;;Ultimate;Ligier;GF;31.311;42.209;32.229
35;1;7;01:44.9;0;;31.087;0;42.23;0;31.536;0;159.9;41:03.9;41:04.7;00:31.1;00:42.2;00:31.5;263.4;Terrence WOODWARD;;LMP3;;Ultimate;Ligier;GF;31.087;42.23;31.536
35;1;8;01:44.1;0;;31.158;0;41.874;0;31.101;0;161;42:48.0;42:48.8;00:31.2;00:41.9;00:31.1;259;Terrence WOODWARD;;LMP3;;Ultimate;Ligier;GF;31.158;41.874;31.101
35;1;9;01:44.6;0;;31.611;0;41.928;0;31.03;0;160.3;44:32.6;44:33.4;00:31.6;00:41.9;00:31.0;262.1;Terrence WOODWARD;;LMP3;;Ultimate;Ligier;GF;31.611;41.928;31.03
35;1;10;01:43.2;0;;30.742;0;41.626;0;30.839;0;162.4;46:15.8;46:16.6;00:30.7;00:41.6;00:30.8;260.2;Terrence WOODWARD;;LMP3;;Ultimate;Ligier;GF;30.742;41.626;30.839
35;1;11;01:43.6;0;;30.903;0;41.692;0;31.047;0;161.8;47:59.5;48:00.3;00:30.9;00:41.7;00:31.0;262.1;Terrence WOODWARD;;LMP3;;Ultimate;Ligier;GF;30.903;41.692;31.047
35;1;12;01:46.1;0;;31.005;0;43.015;0;32.051;0;158.1;49:45.5;49:46.3;00:31.0;00:43.0;00:32.1;262.8;Terrence WOODWARD;;LMP3;;Ultimate;Ligier;GF;31.005;43.015;32.051
35;1;13;01:44.2;0;;30.797;0;41.921;0;31.456;0;160.9;51:29.7;51:30.5;00:30.8;00:41.9;00:31.5;262.1;Terrence WOODWARD;;LMP3;;Ultimate;Ligier;GF;30.797;41.921;31.456
35;1;14;01:44.1;0;;31.159;0;42.017;0;30.931;0;161;53:13.8;53:14.6;00:31.2;00:42.0;00:30.9;260.9;Terrence WOODWARD;;LMP3;;Ultimate;Ligier;GF;31.159;42.017;30.931
35;1;15;01:43.6;0;;30.937;0;41.8;0;30.863;0;161.8;54:57.4;54:58.2;00:30.9;00:41.8;00:30.9;259.6;Terrence WOODWARD;;LMP3;;Ultimate;Ligier;GF;30.937;41.8;30.863
35;1;16;01:44.5;0;;30.611;0;42.626;0;31.304;0;160.4;56:42.0;56:42.8;00:30.6;00:42.6;00:31.3;262.1;Terrence WOODWARD;;LMP3;;Ultimate;Ligier;GF;30.611;42.626;31.304
35;1;17;01:43.2;0;;30.963;0;41.501;0;30.703;0;162.5;58:25.1;58:25.9;00:31.0;00:41.5;00:30.7;259.6;Terrence WOODWARD;;LMP3;;Ultimate;Ligier;GF;30.963;41.501;30.703
35;1;18;01:43.0;0;;30.5;0;41.642;0;30.813;0;162.8;00:08.1;00:08.9;00:30.5;00:41.6;00:30.8;260.9;Terrence WOODWARD;;LMP3;;Ultimate;Ligier;GF;30.5;41.642;30.813
35;1;19;01:43.0;0;;30.58;0;41.484;0;30.896;0;162.8;01:51.0;01:51.8;00:30.6;00:41.5;00:30.9;260.9;Terrence WOODWARD;;LMP3;;Ultimate;Ligier;GF;30.58;41.484;30.896
35;1;20;01:43.8;0;;30.835;0;41.98;0;31.013;0;161.5;03:34.9;03:35.7;00:30.8;00:42.0;00:31.0;260.9;Terrence WOODWARD;;LMP3;;Ultimate;Ligier;GF;30.835;41.98;31.013
35;1;21;01:44.0;0;;30.618;0;41.862;0;31.555;0;161.1;05:18.9;05:19.7;00:30.6;00:41.9;00:31.6;262.8;Terrence WOODWARD;;LMP3;;Ultimate;Ligier;GF;30.618;41.862;31.555
35;1;22;01:44.4;0;;30.625;0;42.438;0;31.301;0;160.6;07:03.3;07:04.1;00:30.6;00:42.4;00:31.3;260.9;Terrence WOODWARD;;LMP3;;Ultimate;Ligier;GF;30.625;42.438;31.301
35;1;23;01:43.1;0;;30.787;0;41.483;0;30.785;0;162.7;08:46.3;08:47.1;00:30.8;00:41.5;00:30.8;260.9;Terrence WOODWARD;;LMP3;;Ultimate;Ligier;GF;30.787;41.483;30.785
35;1;24;01:43.1;0;;30.556;0;41.56;0;30.98;0;162.6;10:29.4;10:30.2;00:30.6;00:41.6;00:31.0;260.2;Terrence WOODWARD;;LMP3;;Ultimate;Ligier;GF;30.556;41.56;30.98
35;1;25;01:43.6;0;;30.555;0;41.985;0;31.057;0;161.8;12:13.0;12:13.8;00:30.6;00:42.0;00:31.1;260.2;Terrence WOODWARD;;LMP3;;Ultimate;Ligier;GF;30.555;41.985;31.057
35;1;26;01:43.5;0;;30.504;0;41.987;0;31.031;0;161.9;13:56.5;13:57.3;00:30.5;00:42.0;00:31.0;262.1;Terrence WOODWARD;;LMP3;;Ultimate;Ligier;GF;30.504;41.987;31.031
35;1;27;01:46.1;0;;30.66;0;42.879;0;32.543;0;158;15:42.6;15:43.4;00:30.7;00:42.9;00:32.5;261.5;Terrence WOODWARD;;LMP3;;Ultimate;Ligier;GF;30.66;42.879;32.543
35;1;28;01:43.6;0;;31.08;0;41.641;0;30.873;0;161.8;17:26.2;17:27.0;00:31.1;00:41.6;00:30.9;260.9;Terrence WOODWARD;;LMP3;;Ultimate;Ligier;GF;31.08;41.641;30.873
35;1;29;01:45.3;0;;31.252;0;42.015;0;31.993;0;159.3;19:11.5;19:12.3;00:31.3;00:42.0;00:32.0;257.8;Terrence WOODWARD;;LMP3;;Ultimate;Ligier;GF;31.252;42.015;31.993
35;1;30;01:43.1;0;;30.733;0;41.456;0;30.914;0;162.6;20:54.6;20:55.4;00:30.7;00:41.5;00:30.9;259;Terrence WOODWARD;;LMP3;;Ultimate;Ligier;GF;30.733;41.456;30.914
35;1;31;01:42.8;0;;30.451;1;41.282;1;31.083;0;163.1;22:37.4;22:38.2;00:30.5;00:41.3;00:31.1;260.2;Terrence WOODWARD;;LMP3;;Ultimate;Ligier;GF;30.451;41.282;31.083
35;1;32;01:46.4;0;;31.736;0;43.203;0;31.482;0;157.5;24:23.8;24:24.6;00:31.7;00:43.2;00:31.5;262.1;Terrence WOODWARD;;LMP3;;Ultimate;Ligier;GF;31.736;43.203;31.482
35;1;33;01:42.9;0;;30.666;0;41.513;0;30.692;1;163;26:06.7;26:07.5;00:30.7;00:41.5;00:30.7;261.5;Terrence WOODWARD;;LMP3;;Ultimate;Ligier;GF;30.666;41.513;30.692
35;1;34;01:44.7;0;;30.656;0;41.61;0;32.447;0;160.1;27:51.4;27:52.2;00:30.7;00:41.6;00:32.4;263.4;Terrence WOODWARD;;LMP3;;Ultimate;Ligier;GF;30.656;41.61;32.447
35;1;35;01:44.1;0;;31.447;0;41.975;0;30.707;0;161;29:35.5;29:36.3;00:31.4;00:42.0;00:30.7;262.1;Terrence WOODWARD;;LMP3;;Ultimate;Ligier;GF;31.447;41.975;30.707
35;1;36;01:45.5;0;;30.647;0;42.761;0;32.116;0;158.9;31:21.1;31:21.8;00:30.6;00:42.8;00:32.1;262.1;Terrence WOODWARD;;LMP3;;Ultimate;Ligier;GF;30.647;42.761;32.116
35;1;37;01:43.6;0;;30.932;0;41.81;0;30.824;0;161.9;33:04.6;33:05.4;00:30.9;00:41.8;00:30.8;262.8;Terrence WOODWARD;;LMP3;;Ultimate;Ligier;GF;30.932;41.81;30.824
35;1;38;02:29.4;0;B;30.633;0;01:01.7;0;57.037;0;112.2;35:34.0;35:34.8;00:30.6;01:01.7;00:57.0;262.8;Terrence WOODWARD;;LMP3;;Ultimate;Ligier;GF;30.633;61.739;57.037
35;1;39;04:58.7;0;;02:42.4;0;01:19.3;0;56.925;0;56.1;40:32.7;40:33.5;02:42.4;01:19.3;00:56.9;;Terrence WOODWARD;01:47.6;LMP3;;Ultimate;Ligier;GF;162.435;79.319;56.925
35;1;40;02:31.3;0;;01:08.5;0;48.659;0;34.187;0;110.8;43:04.0;43:04.8;01:08.5;00:48.7;00:34.2;;Terrence WOODWARD;;LMP3;;Ultimate;Ligier;SF;68.482;48.659;34.187
35;1;41;02:55.1;0;;01:01.4;0;01:16.7;0;36.994;0;95.7;45:59.1;45:59.9;01:01.4;01:16.7;00:37.0;;Terrence WOODWARD;;LMP3;;Ultimate;Ligier;SF;61.372;76.732;36.994
35;1;42;01:51.1;0;;35.417;0;43.845;0;31.863;0;150.9;47:50.3;47:51.1;00:35.4;00:43.8;00:31.9;189.1;Terrence WOODWARD;;LMP3;;Ultimate;Ligier;SF;35.417;43.845;31.863
35;1;43;02:10.5;0;;31.843;0;58.795;0;39.866;0;128.5;50:00.8;50:01.6;00:31.8;00:58.8;00:39.9;254.7;Terrence WOODWARD;;LMP3;;Ultimate;Ligier;SF;31.843;58.795;39.866
35;1;44;02:05.2;0;;42.717;0;45.951;0;36.487;0;134;52:05.9;52:06.7;00:42.7;00:46.0;00:36.5;;Terrence WOODWARD;;LMP3;;Ultimate;Ligier;GF;42.717;45.951;36.487
35;1;45;01:47.3;0;;32.032;0;42.543;0;32.768;0;156.2;53:53.3;53:54.1;00:32.0;00:42.5;00:32.8;259;Terrence WOODWARD;;LMP3;;Ultimate;Ligier;GF;32.032;42.543;32.768
35;1;46;01:46.9;0;;32.246;0;43.028;0;31.668;0;156.8;55:40.2;55:41.0;00:32.2;00:43.0;00:31.7;261.5;Terrence WOODWARD;;LMP3;;Ultimate;Ligier;GF;32.246;43.028;31.668
35;1;47;01:48.6;0;;31.796;0;43.645;0;33.163;0;154.4;57:28.8;57:29.6;00:31.8;00:43.6;00:33.2;264.1;Terrence WOODWARD;;LMP3;;Ultimate;Ligier;GF;31.796;43.645;33.163
35;1;48;01:46.4;0;;32.3;0;43.138;0;30.968;0;157.6;59:15.2;59:16.0;00:32.3;00:43.1;00:31.0;254.7;Terrence WOODWARD;;LMP3;;Ultimate;Ligier;GF;32.3;43.138;30.968
35;1;49;01:44.0;0;;30.814;0;41.946;0;31.194;0;161.3;00:59.2;01:00.0;00:30.8;00:41.9;00:31.2;259;Terrence WOODWARD;;LMP3;;Ultimate;Ligier;GF;30.814;41.946;31.194
35;1;50;01:46.4;0;;31.935;0;42.493;0;32.009;0;157.5;02:45.6;02:46.4;00:31.9;00:42.5;00:32.0;260.9;Terrence WOODWARD;;LMP3;;Ultimate;Ligier;GF;31.935;42.493;32.009
35;1;51;02:12.4;0;;31.725;0;44.709;0;55.957;0;126.6;04:58.0;04:58.8;00:31.7;00:44.7;00:56.0;259.6;Terrence WOODWARD;;LMP3;;Ultimate;Ligier;FCY;31.725;44.709;55.957
35;1;52;02:34.8;0;;01:12.0;0;51.072;0;31.702;0;108.3;07:32.8;07:33.6;01:12.0;00:51.1;00:31.7;;Terrence WOODWARD;;LMP3;;Ultimate;Ligier;GF;72.002;51.072;31.702
35;1;53;01:44.5;0;;31.059;0;42.052;0;31.414;0;160.4;09:17.3;09:18.1;00:31.1;00:42.1;00:31.4;258.4;Terrence WOODWARD;;LMP3;;Ultimate;Ligier;GF;31.059;42.052;31.414
35;1;54;01:44.7;0;;31.211;0;42.09;0;31.412;0;160.1;11:02.0;11:02.8;00:31.2;00:42.1;00:31.4;259.6;Terrence WOODWARD;;LMP3;;Ultimate;Ligier;GF;31.211;42.09;31.412
35;1;55;01:48.3;0;;31.58;0;45.237;0;31.509;0;154.8;12:50.3;12:51.1;00:31.6;00:45.2;00:31.5;261.5;Terrence WOODWARD;;LMP3;;Ultimate;Ligier;GF;31.58;45.237;31.509
35;1;56;01:44.7;0;;30.898;0;42.129;0;31.627;0;160.2;14:35.0;14:35.8;00:30.9;00:42.1;00:31.6;260.2;Terrence WOODWARD;;LMP3;;Ultimate;Ligier;GF;30.898;42.129;31.627
35;1;57;01:50.8;0;B;31.264;0;42.26;0;37.281;0;151.3;16:25.8;16:26.6;00:31.3;00:42.3;00:37.3;261.5;Terrence WOODWARD;;LMP3;;Ultimate;Ligier;GF;31.264;42.26;37.281
35;2;58;02:50.7;0;;01:37.1;0;42.35;0;31.319;0;98.2;19:16.5;19:17.3;01:37.1;00:42.4;00:31.3;177.6;Lucas FECURY;01:09.7;LMP3;;Ultimate;Ligier;GF;97.075;42.35;31.319
35;2;59;01:43.2;0;;30.675;0;41.634;0;30.91;0;162.4;20:59.8;21:00.5;00:30.7;00:41.6;00:30.9;255.9;Lucas FECURY;;LMP3;;Ultimate;Ligier;GF;30.675;41.634;30.91
35;2;60;01:42.4;0;;30.388;0;41.28;0;30.702;0;163.8;22:42.1;22:42.9;00:30.4;00:41.3;00:30.7;258.4;Lucas FECURY;;LMP3;;Ultimate;Ligier;GF;30.388;41.28;30.702
35;2;61;01:43.4;0;;30.358;0;41.743;0;31.257;0;162.2;24:25.5;24:26.3;00:30.4;00:41.7;00:31.3;259;Lucas FECURY;;LMP3;;Ultimate;Ligier;GF;30.358;41.743;31.257
35;2;62;01:44.3;0;;30.802;0;42.348;0;31.123;0;160.8;26:09.8;26:10.6;00:30.8;00:42.3;00:31.1;258.4;Lucas FECURY;;LMP3;;Ultimate;Ligier;GF;30.802;42.348;31.123
35;2;63;01:44.7;0;;31.161;0;42.133;0;31.366;0;160.2;27:54.4;27:55.2;00:31.2;00:42.1;00:31.4;257.8;Lucas FECURY;;LMP3;;Ultimate;Ligier;GF;31.161;42.133;31.366
35;2;64;01:43.5;0;;30.706;0;41.624;0;31.148;0;162;29:37.9;29:38.7;00:30.7;00:41.6;00:31.1;257.1;Lucas FECURY;;LMP3;;Ultimate;Ligier;GF;30.706;41.624;31.148
35;2;65;01:45.3;0;;30.759;0;42.067;0;32.425;0;159.3;31:23.1;31:23.9;00:30.8;00:42.1;00:32.4;256.5;Lucas FECURY;;LMP3;;Ultimate;Ligier;GF;30.759;42.067;32.425
35;2;66;03:13.6;0;B;58.667;0;01:18.2;0;56.733;0;86.6;34:36.8;34:37.6;00:58.7;01:18.2;00:56.7;;Lucas FECURY;;LMP3;;Ultimate;Ligier;GF;58.667;78.213;56.733
35;2;67;04:46.5;0;;02:43.0;0;01:19.7;0;43.903;0;58.5;39:23.3;39:24.1;02:43.0;01:19.7;00:43.9;;Lucas FECURY;01:48.4;LMP3;;Ultimate;Ligier;SF;162.961;79.672;43.903
35;2;68;02:06.6;0;;41.847;0;45.259;0;39.463;0;132.5;41:29.9;41:30.7;00:41.8;00:45.3;00:39.5;173.4;Lucas FECURY;;LMP3;;Ultimate;Ligier;SF;41.847;45.259;39.463
35;2;69;02:44.8;0;;55.811;0;01:09.8;0;39.201;0;101.7;44:14.7;44:15.5;00:55.8;01:09.8;00:39.2;;Lucas FECURY;;LMP3;;Ultimate;Ligier;SF;55.811;69.818;39.201
35;2;70;01:47.1;0;;32.069;0;42.444;0;32.564;0;156.6;46:01.8;46:02.6;00:32.1;00:42.4;00:32.6;252.3;Lucas FECURY;;LMP3;;Ultimate;Ligier;SF;32.069;42.444;32.564
35;2;71;01:58.8;0;;33.532;0;44.221;0;41.037;0;141.1;48:00.6;48:01.4;00:33.5;00:44.2;00:41.0;217.3;Lucas FECURY;;LMP3;;Ultimate;Ligier;SF;33.532;44.221;41.037
35;2;72;02:04.1;0;;40.245;0;44.875;0;38.973;0;135.1;50:04.7;50:05.4;00:40.2;00:44.9;00:39.0;188.5;Lucas FECURY;;LMP3;;Ultimate;Ligier;GF;40.245;44.875;38.973
35;2;73;01:47.1;0;;31.584;0;42.842;0;32.671;0;156.5;51:51.7;51:52.5;00:31.6;00:42.8;00:32.7;255.3;Lucas FECURY;;LMP3;;Ultimate;Ligier;GF;31.584;42.842;32.671
35;2;74;01:46.1;0;;32.457;0;42.798;0;30.797;0;158.1;53:37.8;53:38.6;00:32.5;00:42.8;00:30.8;259;Lucas FECURY;;LMP3;;Ultimate;Ligier;GF;32.457;42.798;30.797
35;2;75;01:43.5;0;;30.719;0;41.392;0;31.388;0;162;55:21.3;55:22.1;00:30.7;00:41.4;00:31.4;257.8;Lucas FECURY;;LMP3;;Ultimate;Ligier;GF;30.719;41.392;31.388
35;2;76;01:43.1;0;;30.479;0;41.604;0;31.06;0;162.5;57:04.4;57:05.2;00:30.5;00:41.6;00:31.1;259;Lucas FECURY;;LMP3;;Ultimate;Ligier;GF;30.479;41.604;31.06
35;2;77;01:43.0;0;;30.719;0;41.517;0;30.811;0;162.7;58:47.5;58:48.3;00:30.7;00:41.5;00:30.8;255.9;Lucas FECURY;;LMP3;;Ultimate;Ligier;GF;30.719;41.517;30.811
35;2;78;01:42.3;2;;30.293;2;41.289;0;30.718;0;163.9;00:29.8;00:30.6;00:30.3;00:41.3;00:30.7;257.1;Lucas FECURY;;LMP3;;Ultimate;Ligier;GF;30.293;41.289;30.718
35;2;79;01:44.7;0;;30.439;0;42.709;0;31.587;0;160.1;02:14.5;02:15.3;00:30.4;00:42.7;00:31.6;259;Lucas FECURY;;LMP3;;Ultimate;Ligier;GF;30.439;42.709;31.587
35;2;80;02:09.6;0;;30.689;0;43.254;0;55.609;0;129.4;04:24.1;04:24.9;00:30.7;00:43.3;00:55.6;257.1;Lucas FECURY;;LMP3;;Ultimate;Ligier;FCY;30.689;43.254;55.609
35;2;81;02:35.2;0;;01:12.5;0;51.846;0;30.843;0;108;06:59.3;07:00.1;01:12.5;00:51.8;00:30.8;;Lucas FECURY;;LMP3;;Ultimate;Ligier;GF;72.516;51.846;30.843
35;2;82;01:43.6;0;;30.96;0;41.478;0;31.211;0;161.7;08:42.9;08:43.7;00:31.0;00:41.5;00:31.2;255.9;Lucas FECURY;;LMP3;;Ultimate;Ligier;GF;30.96;41.478;31.211
35;2;83;01:43.8;0;;30.97;0;41.777;0;31.082;0;161.5;10:26.8;10:27.6;00:31.0;00:41.8;00:31.1;257.8;Lucas FECURY;;LMP3;;Ultimate;Ligier;GF;30.97;41.777;31.082
35;2;84;01:43.8;0;;30.97;0;41.843;0;30.951;0;161.6;12:10.5;12:11.3;00:31.0;00:41.8;00:31.0;260.2;Lucas FECURY;;LMP3;;Ultimate;Ligier;GF;30.97;41.843;30.951
35;2;85;01:42.7;0;;30.702;0;41.331;0;30.641;0;163.3;13:53.2;13:54.0;00:30.7;00:41.3;00:30.6;259.6;Lucas FECURY;;LMP3;;Ultimate;Ligier;GF;30.702;41.331;30.641
35;2;86;01:42.5;0;;30.342;0;41.326;0;30.802;0;163.6;15:35.7;15:36.5;00:30.3;00:41.3;00:30.8;258.4;Lucas FECURY;;LMP3;;Ultimate;Ligier;GF;30.342;41.326;30.802
35;2;87;01:42.4;0;;30.623;0;41.176;2;30.563;2;163.8;17:18.0;17:18.8;00:30.6;00:41.2;00:30.6;258.4;Lucas FECURY;;LMP3;;Ultimate;Ligier;GF;30.623;41.176;30.563
35;2;88;01:43.2;0;;30.389;0;41.588;0;31.174;0;162.5;19:01.2;19:02.0;00:30.4;00:41.6;00:31.2;258.4;Lucas FECURY;;LMP3;;Ultimate;Ligier;GF;30.389;41.588;31.174
35;2;89;01:44.4;0;;31.031;0;42.161;0;31.219;0;160.6;20:45.6;20:46.4;00:31.0;00:42.2;00:31.2;251.2;Lucas FECURY;;LMP3;;Ultimate;Ligier;GF;31.031;42.161;31.219
35;2;90;02:40.4;0;;48.649;0;01:18.1;0;33.693;0;104.5;23:26.0;23:26.8;00:48.6;01:18.1;00:33.7;249.4;Lucas FECURY;;LMP3;;Ultimate;Ligier;GF;48.649;78.065;33.693
35;2;91;01:43.9;0;;30.835;0;41.975;0;31.112;0;161.3;25:09.9;25:10.7;00:30.8;00:42.0;00:31.1;255.3;Lucas FECURY;;LMP3;;Ultimate;Ligier;GF;30.835;41.975;31.112
35;2;92;01:45.7;0;;31.063;0;43.522;0;31.115;0;158.6;26:55.6;26:56.4;00:31.1;00:43.5;00:31.1;257.8;Lucas FECURY;;LMP3;;Ultimate;Ligier;GF;31.063;43.522;31.115
35;2;93;01:43.9;0;;30.786;0;41.862;0;31.275;0;161.3;28:39.5;28:40.3;00:30.8;00:41.9;00:31.3;259;Lucas FECURY;;LMP3;;Ultimate;Ligier;GF;30.786;41.862;31.275
35;2;94;01:44.6;0;;30.932;0;42.613;0;31.074;0;160.3;30:24.2;30:25.0;00:30.9;00:42.6;00:31.1;261.5;Lucas FECURY;;LMP3;;Ultimate;Ligier;GF;30.932;42.613;31.074
35;2;95;01:50.6;0;B;30.871;0;41.901;0;37.803;0;151.6;32:14.7;32:15.5;00:30.9;00:41.9;00:37.8;259.6;Lucas FECURY;;LMP3;;Ultimate;Ligier;GF;30.871;41.901;37.803
35;3;96;03:03.0;0;;01:49.1;0;42.724;0;31.199;0;91.6;35:17.8;35:18.6;01:49.1;00:42.7;00:31.2;184.3;Sebastian GRAVLUND;01:20.3;LMP3;;Ultimate;Ligier;GF;109.114;42.724;31.199
35;3;97;01:43.5;0;;31.021;0;41.603;0;30.848;0;162;37:01.2;37:02.0;00:31.0;00:41.6;00:30.8;257.1;Sebastian GRAVLUND;;LMP3;;Ultimate;Ligier;GF;31.021;41.603;30.848
35;3;98;01:43.0;0;;30.647;0;41.56;0;30.78;0;162.8;38:44.2;38:45.0;00:30.6;00:41.6;00:30.8;257.8;Sebastian GRAVLUND;;LMP3;;Ultimate;Ligier;GF;30.647;41.56;30.78
35;3;99;01:43.2;0;;30.727;0;41.609;0;30.83;0;162.5;40:27.4;40:28.2;00:30.7;00:41.6;00:30.8;257.8;Sebastian GRAVLUND;;LMP3;;Ultimate;Ligier;GF;30.727;41.609;30.83
35;3;100;01:43.9;0;;30.872;0;41.59;0;31.408;0;161.4;42:11.3;42:12.1;00:30.9;00:41.6;00:31.4;258.4;Sebastian GRAVLUND;;LMP3;;Ultimate;Ligier;GF;30.872;41.59;31.408
35;3;101;01:43.2;0;;30.833;0;41.363;0;31.023;0;162.4;43:54.5;43:55.3;00:30.8;00:41.4;00:31.0;259;Sebastian GRAVLUND;;LMP3;;Ultimate;Ligier;GF;30.833;41.363;31.023
35;3;102;01:45.7;0;;31.036;0;42.079;0;32.621;0;158.6;45:40.2;45:41.0;00:31.0;00:42.1;00:32.6;259.6;Sebastian GRAVLUND;;LMP3;;Ultimate;Ligier;GF;31.036;42.079;32.621
35;3;103;01:44.1;0;;31.455;0;41.663;0;30.942;0;161.1;47:24.3;47:25.1;00:31.5;00:41.7;00:30.9;259;Sebastian GRAVLUND;;LMP3;;Ultimate;Ligier;GF;31.455;41.663;30.942
35;3;104;01:43.4;0;;30.67;0;41.462;0;31.257;0;162.2;49:07.7;49:08.5;00:30.7;00:41.5;00:31.3;259;Sebastian GRAVLUND;;LMP3;;Ultimate;Ligier;GF;30.67;41.462;31.257
35;3;105;01:42.8;0;;30.609;0;41.24;1;30.952;0;163.1;50:50.5;50:51.3;00:30.6;00:41.2;00:31.0;257.8;Sebastian GRAVLUND;;LMP3;;Ultimate;Ligier;GF;30.609;41.24;30.952
35;3;106;01:43.6;0;;30.912;0;41.73;0;30.96;0;161.8;52:34.1;52:34.9;00:30.9;00:41.7;00:31.0;258.4;Sebastian GRAVLUND;;LMP3;;Ultimate;Ligier;GF;30.912;41.73;30.96
35;3;107;01:42.7;0;;30.482;1;41.452;0;30.742;1;163.3;54:16.8;54:17.5;00:30.5;00:41.5;00:30.7;258.4;Sebastian GRAVLUND;;LMP3;;Ultimate;Ligier;GF;30.482;41.452;30.742
35;3;108;01:42.9;0;;30.564;0;41.466;0;30.822;0;163;55:59.6;56:00.4;00:30.6;00:41.5;00:30.8;259.6;Sebastian GRAVLUND;;LMP3;;Ultimate;Ligier;GF;30.564;41.466;30.822
35;3;109;01:44.3;0;;30.548;0;42.113;0;31.67;0;160.7;57:43.9;57:44.7;00:30.5;00:42.1;00:31.7;261.5;Sebastian GRAVLUND;;LMP3;;Ultimate;Ligier;GF;30.548;42.113;31.67
35;3;110;01:44.7;0;;31.18;0;42.09;0;31.455;0;160.1;59:28.7;59:29.5;00:31.2;00:42.1;00:31.5;260.2;Sebastian GRAVLUND;;LMP3;;Ultimate;Ligier;GF;31.18;42.09;31.455
35;3;111;01:45.1;0;;31.462;0;41.796;0;31.852;0;159.5;01:13.8;01:14.6;00:31.5;00:41.8;00:31.9;251.2;Sebastian GRAVLUND;;LMP3;;Ultimate;Ligier;GF;31.462;41.796;31.852
35;3;112;01:43.7;0;;31.117;0;41.603;0;31.027;0;161.6;02:57.5;02:58.3;00:31.1;00:41.6;00:31.0;258.4;Sebastian GRAVLUND;;LMP3;;Ultimate;Ligier;GF;31.117;41.603;31.027
35;3;113;01:43.3;0;;30.851;0;41.607;0;30.868;0;162.3;04:40.8;04:41.6;00:30.9;00:41.6;00:30.9;257.1;Sebastian GRAVLUND;;LMP3;;Ultimate;Ligier;GF;30.851;41.607;30.868
35;3;114;01:43.9;0;;30.851;0;41.752;0;31.312;0;161.3;06:24.8;06:25.6;00:30.9;00:41.8;00:31.3;260.2;Sebastian GRAVLUND;;LMP3;;Ultimate;Ligier;GF;30.851;41.752;31.312
35;3;115;01:44.5;0;;31;0;41.676;0;31.819;0;160.4;08:09.3;08:10.0;00:31.0;00:41.7;00:31.8;257.1;Sebastian GRAVLUND;;LMP3;;Ultimate;Ligier;GF;31;41.676;31.819
35;3;116;01:43.7;0;;31.052;0;41.663;0;30.959;0;161.7;09:52.9;09:53.7;00:31.1;00:41.7;00:31.0;257.8;Sebastian GRAVLUND;;LMP3;;Ultimate;Ligier;GF;31.052;41.663;30.959
35;3;117;01:43.4;0;;30.689;0;41.595;0;31.108;0;162.2;11:36.3;11:37.1;00:30.7;00:41.6;00:31.1;259;Sebastian GRAVLUND;;LMP3;;Ultimate;Ligier;GF;30.689;41.595;31.108
35;3;118;01:44.6;0;;30.796;0;42.054;0;31.773;0;160.2;13:20.9;13:21.7;00:30.8;00:42.1;00:31.8;259.6;Sebastian GRAVLUND;;LMP3;;Ultimate;Ligier;GF;30.796;42.054;31.773
35;3;119;01:44.4;0;;30.922;0;41.803;0;31.632;0;160.7;15:05.3;15:06.1;00:30.9;00:41.8;00:31.6;259;Sebastian GRAVLUND;;LMP3;;Ultimate;Ligier;GF;30.922;41.803;31.632
35;3;120;01:43.9;0;;31.056;0;41.727;0;31.125;0;161.3;16:49.2;16:50.0;00:31.1;00:41.7;00:31.1;259;Sebastian GRAVLUND;;LMP3;;Ultimate;Ligier;GF;31.056;41.727;31.125
35;3;121;01:43.6;0;;30.754;0;41.57;0;31.312;0;161.8;18:32.8;18:33.6;00:30.8;00:41.6;00:31.3;257.8;Sebastian GRAVLUND;;LMP3;;Ultimate;Ligier;GF;30.754;41.57;31.312
35;3;122;01:44.2;0;;31.123;0;41.767;0;31.324;0;160.9;20:17.1;20:17.9;00:31.1;00:41.8;00:31.3;257.8;Sebastian GRAVLUND;;LMP3;;Ultimate;Ligier;GF;31.123;41.767;31.324
35;3;123;01:44.1;0;;30.976;0;41.897;0;31.226;0;161.1;22:01.2;22:02.0;00:31.0;00:41.9;00:31.2;258.4;Sebastian GRAVLUND;;LMP3;;Ultimate;Ligier;GF;30.976;41.897;31.226
35;3;124;01:45.2;0;;30.987;0;42.642;0;31.595;0;159.3;23:46.4;23:47.2;00:31.0;00:42.6;00:31.6;258.4;Sebastian GRAVLUND;;LMP3;;Ultimate;Ligier;GF;30.987;42.642;31.595
35;3;125;01:44.5;0;;31.227;0;41.978;0;31.255;0;160.5;25:30.8;25:31.6;00:31.2;00:42.0;00:31.3;259;Sebastian GRAVLUND;;LMP3;;Ultimate;Ligier;GF;31.227;41.978;31.255
35;3;126;01:44.2;0;;30.852;0;41.644;0;31.684;0;160.9;27:15.0;27:15.8;00:30.9;00:41.6;00:31.7;257.8;Sebastian GRAVLUND;;LMP3;;Ultimate;Ligier;FF;30.852;41.644;31.684
37;3;1;02:05.8;0;;31.279;0;54.535;0;39.942;0;129.4;02:05.8;02:06.6;00:31.3;00:54.5;00:39.9;;Ian AGUILERA;;LMP2;;CLX Motorsport;Oreca;SF;31.279;54.535;39.942
37;3;2;03:52.4;0;;01:09.7;0;01:27.0;0;01:15.7;0;72.1;05:58.2;05:59.0;01:09.7;01:27.0;01:15.7;122.2;Ian AGUILERA;;LMP2;;CLX Motorsport;Oreca;RF;69.724;86.951;75.724
37;3;3;27:07.3;0;;25:13.2;0;01:09.1;0;44.94;0;10.3;33:05.4;33:06.2;25:13.2;01:09.1;00:44.9;124.1;Ian AGUILERA;;LMP2;;CLX Motorsport;Oreca;SF;1513.24;69.1;44.94
37;3;4;02:24.4;0;;49.852;0;53.842;0;40.659;0;116.1;35:29.8;35:30.6;00:49.9;00:53.8;00:40.7;159.8;Ian AGUILERA;;LMP2;;CLX Motorsport;Oreca;GF;49.852;53.842;40.659
37;3;5;01:35.1;0;;28.776;0;38.352;0;27.971;0;176.3;37:04.9;37:05.7;00:28.8;00:38.4;00:28.0;288;Ian AGUILERA;;LMP2;;CLX Motorsport;Oreca;GF;28.776;38.352;27.971
37;3;6;01:33.7;0;;27.67;0;37.741;0;28.241;0;179;38:38.5;38:39.3;00:27.7;00:37.7;00:28.2;288;Ian AGUILERA;;LMP2;;CLX Motorsport;Oreca;GF;27.67;37.741;28.241
37;3;7;01:32.5;0;;27.175;0;37.89;0;27.419;0;181.3;40:11.0;40:11.8;00:27.2;00:37.9;00:27.4;287.2;Ian AGUILERA;;LMP2;;CLX Motorsport;Oreca;GF;27.175;37.89;27.419
37;3;8;01:32.3;0;;27.021;0;38.093;0;27.181;2;181.6;41:43.3;41:44.1;00:27.0;00:38.1;00:27.2;288.8;Ian AGUILERA;;LMP2;;CLX Motorsport;Oreca;GF;27.021;38.093;27.181
37;3;9;01:31.3;2;;26.901;2;37.003;2;27.385;0;183.6;43:14.6;43:15.4;00:26.9;00:37.0;00:27.4;288;Ian AGUILERA;;LMP2;;CLX Motorsport;Oreca;GF;26.901;37.003;27.385
37;3;10;01:32.9;0;;26.91;0;38.33;0;27.705;0;180.4;44:47.6;44:48.3;00:26.9;00:38.3;00:27.7;289.5;Ian AGUILERA;;LMP2;;CLX Motorsport;Oreca;GF;26.91;38.33;27.705
37;3;11;01:35.4;0;;27.526;0;39.478;0;28.387;0;175.8;46:22.9;46:23.7;00:27.5;00:39.5;00:28.4;288;Ian AGUILERA;;LMP2;;CLX Motorsport;Oreca;GF;27.526;39.478;28.387
37;3;12;01:34.4;0;;28.316;0;37.754;0;28.369;0;177.5;47:57.4;47:58.2;00:28.3;00:37.8;00:28.4;288.8;Ian AGUILERA;;LMP2;;CLX Motorsport;Oreca;GF;28.316;37.754;28.369
37;3;13;01:33.2;0;;27.283;0;37.507;0;28.427;0;179.9;49:30.6;49:31.4;00:27.3;00:37.5;00:28.4;288;Ian AGUILERA;;LMP2;;CLX Motorsport;Oreca;GF;27.283;37.507;28.427
37;3;14;01:32.1;0;;27.098;0;37.64;0;27.359;0;182;51:02.7;51:03.5;00:27.1;00:37.6;00:27.4;288;Ian AGUILERA;;LMP2;;CLX Motorsport;Oreca;GF;27.098;37.64;27.359
37;3;15;01:32.2;0;;27.034;0;37.517;0;27.639;0;181.9;52:34.9;52:35.7;00:27.0;00:37.5;00:27.6;288;Ian AGUILERA;;LMP2;;CLX Motorsport;Oreca;GF;27.034;37.517;27.639
37;3;16;01:32.9;0;;27.06;0;38.037;0;27.759;0;180.6;54:07.7;54:08.5;00:27.1;00:38.0;00:27.8;290.3;Ian AGUILERA;;LMP2;;CLX Motorsport;Oreca;GF;27.06;38.037;27.759
37;3;17;01:34.1;0;;27.104;0;37.994;0;29.012;0;178.1;55:41.9;55:42.6;00:27.1;00:38.0;00:29.0;288;Ian AGUILERA;;LMP2;;CLX Motorsport;Oreca;GF;27.104;37.994;29.012
37;3;18;01:33.1;0;;27.112;0;37.689;0;28.31;0;180.1;57:15.0;57:15.8;00:27.1;00:37.7;00:28.3;290.3;Ian AGUILERA;;LMP2;;CLX Motorsport;Oreca;GF;27.112;37.689;28.31
37;3;19;01:32.6;0;;27.231;0;37.635;0;27.749;0;181;58:47.6;58:48.4;00:27.2;00:37.6;00:27.7;289.5;Ian AGUILERA;;LMP2;;CLX Motorsport;Oreca;GF;27.231;37.635;27.749
37;3;20;01:33.3;0;;27.41;0;38.114;0;27.812;0;179.6;00:20.9;00:21.7;00:27.4;00:38.1;00:27.8;289.5;Ian AGUILERA;;LMP2;;CLX Motorsport;Oreca;GF;27.41;38.114;27.812
37;3;21;01:34.0;0;;27.85;0;37.923;0;28.248;0;178.3;01:54.9;01:55.7;00:27.8;00:37.9;00:28.2;286.5;Ian AGUILERA;;LMP2;;CLX Motorsport;Oreca;GF;27.85;37.923;28.248
37;3;22;01:34.0;0;;27.439;0;38.324;0;28.218;0;178.4;03:28.9;03:29.7;00:27.4;00:38.3;00:28.2;291.9;Ian AGUILERA;;LMP2;;CLX Motorsport;Oreca;GF;27.439;38.324;28.218
37;3;23;01:33.6;0;;27.226;0;37.801;0;28.538;0;179.2;05:02.5;05:03.3;00:27.2;00:37.8;00:28.5;291.9;Ian AGUILERA;;LMP2;;CLX Motorsport;Oreca;GF;27.226;37.801;28.538
37;3;24;01:35.3;0;;27.53;0;39.207;0;28.592;0;175.9;06:37.8;06:38.6;00:27.5;00:39.2;00:28.6;291.1;Ian AGUILERA;;LMP2;;CLX Motorsport;Oreca;GF;27.53;39.207;28.592
37;3;25;01:34.7;0;;27.379;0;38.078;0;29.209;0;177.1;08:12.5;08:13.3;00:27.4;00:38.1;00:29.2;291.1;Ian AGUILERA;;LMP2;;CLX Motorsport;Oreca;GF;27.379;38.078;29.209
37;3;26;01:35.0;0;;27.799;0;38.429;0;28.757;0;176.5;09:47.5;09:48.3;00:27.8;00:38.4;00:28.8;289.5;Ian AGUILERA;;LMP2;;CLX Motorsport;Oreca;GF;27.799;38.429;28.757
37;3;27;01:35.1;0;;28.163;0;38.512;0;28.41;0;176.3;11:22.5;11:23.3;00:28.2;00:38.5;00:28.4;291.1;Ian AGUILERA;;LMP2;;CLX Motorsport;Oreca;GF;28.163;38.512;28.41
37;3;28;01:40.9;0;B;27.596;0;39.766;0;33.511;0;166.2;13:03.4;13:04.2;00:27.6;00:39.8;00:33.5;288.8;Ian AGUILERA;;LMP2;;CLX Motorsport;Oreca;GF;27.596;39.766;33.511
37;3;29;02:40.5;0;;01:33.3;0;38.543;0;28.677;0;104.4;15:43.9;15:44.7;01:33.3;00:38.5;00:28.7;208.9;Ian AGUILERA;01:09.4;LMP2;;CLX Motorsport;Oreca;GF;93.295;38.543;28.677
37;3;30;01:35.8;0;;28.153;0;38.755;0;28.863;0;175.1;17:19.7;17:20.5;00:28.2;00:38.8;00:28.9;288;Ian AGUILERA;;LMP2;;CLX Motorsport;Oreca;GF;28.153;38.755;28.863
37;3;31;01:35.2;0;;27.903;0;38.463;0;28.834;0;176.1;18:54.9;18:55.7;00:27.9;00:38.5;00:28.8;291.1;Ian AGUILERA;;LMP2;;CLX Motorsport;Oreca;GF;27.903;38.463;28.834
37;3;32;01:35.0;0;;27.752;0;38.842;0;28.367;0;176.5;20:29.9;20:30.7;00:27.8;00:38.8;00:28.4;287.2;Ian AGUILERA;;LMP2;;CLX Motorsport;Oreca;GF;27.752;38.842;28.367
37;3;33;01:34.9;0;;27.46;0;38.02;0;29.457;0;176.6;22:04.8;22:05.6;00:27.5;00:38.0;00:29.5;289.5;Ian AGUILERA;;LMP2;;CLX Motorsport;Oreca;GF;27.46;38.02;29.457
37;3;34;01:35.6;0;;28.079;0;39.36;0;28.175;0;175.3;23:40.4;23:41.2;00:28.1;00:39.4;00:28.2;288.8;Ian AGUILERA;;LMP2;;CLX Motorsport;Oreca;GF;28.079;39.36;28.175
37;3;35;01:35.6;0;;27.524;0;38.722;0;29.359;0;175.4;25:16.0;25:16.8;00:27.5;00:38.7;00:29.4;291.1;Ian AGUILERA;;LMP2;;CLX Motorsport;Oreca;GF;27.524;38.722;29.359
37;3;36;01:36.0;0;;28.41;0;38.46;0;29.164;0;174.6;26:52.1;26:52.9;00:28.4;00:38.5;00:29.2;288.8;Ian AGUILERA;;LMP2;;CLX Motorsport;Oreca;GF;28.41;38.46;29.164
37;3;37;01:34.9;0;;27.716;0;38.602;0;28.576;0;176.7;28:26.9;28:27.7;00:27.7;00:38.6;00:28.6;291.9;Ian AGUILERA;;LMP2;;CLX Motorsport;Oreca;GF;27.716;38.602;28.576
37;3;38;01:35.1;0;;28.274;0;38.121;0;28.671;0;176.4;30:02.0;30:02.8;00:28.3;00:38.1;00:28.7;291.1;Ian AGUILERA;;LMP2;;CLX Motorsport;Oreca;GF;28.274;38.121;28.671
37;3;39;01:40.5;0;B;28.424;0;38.92;0;33.2;0;166.7;31:42.6;31:43.4;00:28.4;00:38.9;00:33.2;290.3;Ian AGUILERA;;LMP2;;CLX Motorsport;Oreca;GF;28.424;38.92;33.2
37;1;40;04:03.2;0;;01:57.8;0;01:08.3;0;57.118;0;68.9;35:45.7;35:46.5;01:57.8;01:08.3;00:57.1;206.9;Adrien CLOSMENIL;01:31.1;LMP2;;CLX Motorsport;Oreca;GF;117.752;68.29;57.118
37;1;41;03:29.4;0;;01:13.3;0;01:19.4;0;56.717;0;80.1;39:15.1;39:15.9;01:13.3;01:19.4;00:56.7;;Adrien CLOSMENIL;;LMP2;;CLX Motorsport;Oreca;GF;73.276;79.417;56.717
37;1;42;03:28.7;0;;01:13.7;0;01:18.4;0;56.522;0;80.3;42:43.8;42:44.6;01:13.7;01:18.4;00:56.5;;Adrien CLOSMENIL;;LMP2;;CLX Motorsport;Oreca;SF;73.741;78.412;56.522
37;1;43;03:41.3;0;;01:08.1;0;01:27.2;0;01:06.0;0;75.8;46:25.1;46:25.9;01:08.1;01:27.2;01:06.0;;Adrien CLOSMENIL;;LMP2;;CLX Motorsport;Oreca;SF;68.057;87.199;66.021
37;1;44;03:01.7;0;;01:11.2;0;01:08.4;0;42.12;0;92.3;49:26.8;49:27.5;01:11.2;01:08.4;00:42.1;;Adrien CLOSMENIL;;LMP2;;CLX Motorsport;Oreca;SF;71.184;68.365;42.12
37;1;45;02:12.5;0;;39.394;0;52.192;0;40.939;0;126.5;51:39.3;51:40.1;00:39.4;00:52.2;00:40.9;219.5;Adrien CLOSMENIL;;LMP2;;CLX Motorsport;Oreca;GF;39.394;52.192;40.939
37;1;46;01:34.1;0;;28.193;0;38.118;0;27.763;0;178.2;53:13.3;53:14.1;00:28.2;00:38.1;00:27.8;286.5;Adrien CLOSMENIL;;LMP2;;CLX Motorsport;Oreca;GF;28.193;38.118;27.763
37;1;47;01:32.4;0;;27.333;0;37.524;0;27.59;1;181.3;54:45.8;54:46.6;00:27.3;00:37.5;00:27.6;288.8;Adrien CLOSMENIL;;LMP2;;CLX Motorsport;Oreca;GF;27.333;37.524;27.59
37;1;48;01:32.2;0;;27.021;0;37.498;1;27.723;0;181.8;56:18.0;56:18.8;00:27.0;00:37.5;00:27.7;288.8;Adrien CLOSMENIL;;LMP2;;CLX Motorsport;Oreca;GF;27.021;37.498;27.723
37;1;49;01:32.2;0;;26.976;0;37.617;0;27.655;0;181.7;57:50.3;57:51.1;00:27.0;00:37.6;00:27.7;289.5;Adrien CLOSMENIL;;LMP2;;CLX Motorsport;Oreca;GF;26.976;37.617;27.655
37;1;50;01:32.2;0;;26.938;1;37.534;0;27.682;0;181.9;59:22.4;59:23.2;00:26.9;00:37.5;00:27.7;291.1;Adrien CLOSMENIL;;LMP2;;CLX Motorsport;Oreca;GF;26.938;37.534;27.682
37;1;51;01:33.9;0;;27.275;0;37.995;0;28.614;0;178.6;00:56.3;00:57.1;00:27.3;00:38.0;00:28.6;291.1;Adrien CLOSMENIL;;LMP2;;CLX Motorsport;Oreca;GF;27.275;37.995;28.614
37;1;52;01:36.7;0;;27.762;0;39.42;0;29.557;0;173.3;02:33.1;02:33.9;00:27.8;00:39.4;00:29.6;290.3;Adrien CLOSMENIL;;LMP2;;CLX Motorsport;Oreca;GF;27.762;39.42;29.557
37;1;53;01:46.2;0;;27.832;0;38.653;0;39.758;0;157.8;04:19.3;04:20.1;00:27.8;00:38.7;00:39.8;288.8;Adrien CLOSMENIL;;LMP2;;CLX Motorsport;Oreca;FCY;27.832;38.653;39.758
37;1;54;02:49.0;0;;01:13.0;0;01:07.1;0;28.88;0;99.2;07:08.3;07:09.1;01:13.0;01:07.1;00:28.9;;Adrien CLOSMENIL;;LMP2;;CLX Motorsport;Oreca;GF;73.01;67.141;28.88
37;1;55;01:34.7;0;;27.648;0;38.516;0;28.523;0;177.1;08:43.0;08:43.8;00:27.6;00:38.5;00:28.5;288.8;Adrien CLOSMENIL;;LMP2;;CLX Motorsport;Oreca;GF;27.648;38.516;28.523
37;1;56;01:34.6;0;;27.67;0;37.947;0;28.944;0;177.3;10:17.6;10:18.4;00:27.7;00:37.9;00:28.9;288;Adrien CLOSMENIL;;LMP2;;CLX Motorsport;Oreca;GF;27.67;37.947;28.944
37;1;57;01:34.2;0;;27.857;0;38.055;0;28.239;0;178.1;11:51.7;11:52.5;00:27.9;00:38.1;00:28.2;286.5;Adrien CLOSMENIL;;LMP2;;CLX Motorsport;Oreca;GF;27.857;38.055;28.239
37;1;58;01:33.0;0;;27.549;0;37.65;0;27.791;0;180.3;13:24.7;13:25.5;00:27.5;00:37.6;00:27.8;288;Adrien CLOSMENIL;;LMP2;;CLX Motorsport;Oreca;GF;27.549;37.65;27.791
37;1;59;01:34.4;0;;27.57;0;38.151;0;28.653;0;177.6;14:59.1;14:59.9;00:27.6;00:38.2;00:28.7;290.3;Adrien CLOSMENIL;;LMP2;;CLX Motorsport;Oreca;GF;27.57;38.151;28.653
37;1;60;01:33.3;0;;27.518;0;37.795;0;28.014;0;179.6;16:32.4;16:33.2;00:27.5;00:37.8;00:28.0;287.2;Adrien CLOSMENIL;;LMP2;;CLX Motorsport;Oreca;GF;27.518;37.795;28.014
37;1;61;01:33.6;0;;27.203;0;38.067;0;28.298;0;179.2;18:06.0;18:06.8;00:27.2;00:38.1;00:28.3;290.3;Adrien CLOSMENIL;;LMP2;;CLX Motorsport;Oreca;GF;27.203;38.067;28.298
37;1;62;01:33.5;0;;27.469;0;37.957;0;28.073;0;179.3;19:39.5;19:40.3;00:27.5;00:38.0;00:28.1;291.1;Adrien CLOSMENIL;;LMP2;;CLX Motorsport;Oreca;GF;27.469;37.957;28.073
37;1;63;01:34.7;0;;27.562;0;39.035;0;28.128;0;177;21:14.2;21:15.0;00:27.6;00:39.0;00:28.1;291.1;Adrien CLOSMENIL;;LMP2;;CLX Motorsport;Oreca;GF;27.562;39.035;28.128
37;1;64;01:34.3;0;;27.504;0;38.508;0;28.266;0;177.8;22:48.5;22:49.3;00:27.5;00:38.5;00:28.3;288.8;Adrien CLOSMENIL;;LMP2;;CLX Motorsport;Oreca;GF;27.504;38.508;28.266
37;1;65;01:34.6;0;;27.304;0;38.236;0;29.045;0;177.3;24:23.1;24:23.9;00:27.3;00:38.2;00:29.0;289.5;Adrien CLOSMENIL;;LMP2;;CLX Motorsport;Oreca;GF;27.304;38.236;29.045
37;1;66;01:34.5;0;;27.875;0;38.385;0;28.256;0;177.4;25:57.6;25:58.4;00:27.9;00:38.4;00:28.3;289.5;Adrien CLOSMENIL;;LMP2;;CLX Motorsport;Oreca;GF;27.875;38.385;28.256
37;1;67;01:35.6;0;;27.663;0;38.414;0;29.503;0;175.4;27:33.2;27:34.0;00:27.7;00:38.4;00:29.5;288.8;Adrien CLOSMENIL;;LMP2;;CLX Motorsport;Oreca;GF;27.663;38.414;29.503
37;1;68;01:36.0;0;;28.554;0;38.713;0;28.736;0;174.6;29:09.2;29:10.0;00:28.6;00:38.7;00:28.7;281.2;Adrien CLOSMENIL;;LMP2;;CLX Motorsport;Oreca;GF;28.554;38.713;28.736
37;1;69;01:35.5;0;;27.829;0;38.792;0;28.891;0;175.5;30:44.7;30:45.5;00:27.8;00:38.8;00:28.9;287.2;Adrien CLOSMENIL;;LMP2;;CLX Motorsport;Oreca;GF;27.829;38.792;28.891
37;1;70;02:32.6;0;;28.537;0;01:07.6;0;56.494;0;109.8;33:17.3;33:18.1;00:28.5;01:07.6;00:56.5;288.8;Adrien CLOSMENIL;;LMP2;;CLX Motorsport;Oreca;GF;28.537;67.606;56.494
37;1;71;03:29.3;0;B;01:12.8;0;01:19.4;0;57.14;0;80.1;36:46.6;36:47.4;01:12.8;01:19.4;00:57.1;;Adrien CLOSMENIL;;LMP2;;CLX Motorsport;Oreca;GF;72.804;79.372;57.14
37;1;72;03:21.5;0;;01:56.6;0;52.437;0;32.443;0;83.2;40:08.1;40:08.9;01:56.6;00:52.4;00:32.4;;Adrien CLOSMENIL;01:03.8;LMP2;;CLX Motorsport;Oreca;SF;116.599;52.437;32.443
37;1;73;01:46.7;0;;31.448;0;43.281;0;31.947;0;157.2;41:54.8;41:55.6;00:31.4;00:43.3;00:31.9;246.6;Adrien CLOSMENIL;;LMP2;;CLX Motorsport;Oreca;SF;31.448;43.281;31.947
37;1;74;02:55.7;0;;42.296;0;01:12.4;0;01:01.0;0;95.4;44:50.5;44:51.3;00:42.3;01:12.4;01:01.0;;Adrien CLOSMENIL;;LMP2;;CLX Motorsport;Oreca;SF;42.296;72.427;60.974
37;1;75;02:53.6;0;;01:06.2;0;01:04.5;0;42.904;0;96.6;47:44.1;47:44.9;01:06.2;01:04.5;00:42.9;128.3;Adrien CLOSMENIL;;LMP2;;CLX Motorsport;Oreca;SF;66.159;64.523;42.904
37;1;76;02:12.1;0;;39.606;0;49.108;0;43.377;0;126.9;49:56.2;49:57.0;00:39.6;00:49.1;00:43.4;178.5;Adrien CLOSMENIL;;LMP2;;CLX Motorsport;Oreca;GF;39.606;49.108;43.377
37;1;77;01:37.3;0;;29.214;0;39.395;0;28.713;0;172.3;51:33.5;51:34.3;00:29.2;00:39.4;00:28.7;280.5;Adrien CLOSMENIL;;LMP2;;CLX Motorsport;Oreca;GF;29.214;39.395;28.713
37;1;78;01:33.6;0;;27.574;0;38.006;0;28.014;0;179.1;53:07.1;53:07.9;00:27.6;00:38.0;00:28.0;285.7;Adrien CLOSMENIL;;LMP2;;CLX Motorsport;Oreca;GF;27.574;38.006;28.014
37;1;79;01:32.9;0;;27.17;0;37.903;0;27.797;0;180.5;54:40.0;54:40.8;00:27.2;00:37.9;00:27.8;288;Adrien CLOSMENIL;;LMP2;;CLX Motorsport;Oreca;GF;27.17;37.903;27.797
37;1;80;01:33.6;0;;27.313;0;38.245;0;28.034;0;179.1;56:13.6;56:14.3;00:27.3;00:38.2;00:28.0;288.8;Adrien CLOSMENIL;;LMP2;;CLX Motorsport;Oreca;GF;27.313;38.245;28.034
37;1;81;01:33.9;0;;27.405;0;38.21;0;28.246;0;178.6;57:47.4;57:48.2;00:27.4;00:38.2;00:28.2;288.8;Adrien CLOSMENIL;;LMP2;;CLX Motorsport;Oreca;GF;27.405;38.21;28.246
37;1;82;01:34.0;0;;27.558;0;38.396;0;28.035;0;178.4;59:21.4;59:22.2;00:27.6;00:38.4;00:28.0;288.8;Adrien CLOSMENIL;;LMP2;;CLX Motorsport;Oreca;GF;27.558;38.396;28.035
37;1;83;01:34.5;0;;27.413;0;38.661;0;28.463;0;177.3;00:55.9;00:56.7;00:27.4;00:38.7;00:28.5;291.9;Adrien CLOSMENIL;;LMP2;;CLX Motorsport;Oreca;GF;27.413;38.661;28.463
37;1;84;01:34.7;0;;27.537;0;38.518;0;28.692;0;176.9;02:30.7;02:31.5;00:27.5;00:38.5;00:28.7;288.8;Adrien CLOSMENIL;;LMP2;;CLX Motorsport;Oreca;GF;27.537;38.518;28.692
37;1;85;02:15.4;0;;27.627;0;51.328;0;56.44;0;123.8;04:46.1;04:46.9;00:27.6;00:51.3;00:56.4;288.8;Adrien CLOSMENIL;;LMP2;;CLX Motorsport;Oreca;FCY;27.627;51.328;56.44
37;1;86;02:20.8;0;;01:12.7;0;39.84;0;28.293;0;119.1;07:06.9;07:07.7;01:12.7;00:39.8;00:28.3;;Adrien CLOSMENIL;;LMP2;;CLX Motorsport;Oreca;GF;72.668;39.84;28.293
37;1;87;01:35.1;0;;28.032;0;38.09;0;28.969;0;176.3;08:42.0;08:42.8;00:28.0;00:38.1;00:29.0;286.5;Adrien CLOSMENIL;;LMP2;;CLX Motorsport;Oreca;GF;28.032;38.09;28.969
37;1;88;01:35.6;0;;27.514;0;38.439;0;29.681;0;175.3;10:17.6;10:18.4;00:27.5;00:38.4;00:29.7;286.5;Adrien CLOSMENIL;;LMP2;;CLX Motorsport;Oreca;GF;27.514;38.439;29.681
37;1;89;01:41.3;0;B;27.999;0;38.741;0;34.59;0;165.5;11:58.9;11:59.7;00:28.0;00:38.7;00:34.6;288.8;Adrien CLOSMENIL;;LMP2;;CLX Motorsport;Oreca;GF;27.999;38.741;34.59
37;2;90;02:59.5;0;;01:50.9;0;39.914;0;28.747;0;93.4;14:58.5;14:59.3;01:50.9;00:39.9;00:28.7;203.8;Theodor JENSEN;01:24.7;LMP2;;CLX Motorsport;Oreca;GF;110.862;39.914;28.747
37;2;91;01:34.0;0;;27.818;0;38.172;0;28.041;0;178.3;16:32.5;16:33.3;00:27.8;00:38.2;00:28.0;285.7;Theodor JENSEN;;LMP2;;CLX Motorsport;Oreca;GF;27.818;38.172;28.041
37;2;92;01:33.7;0;;27.596;0;38.058;0;28.049;0;178.9;18:06.2;18:07.0;00:27.6;00:38.1;00:28.0;287.2;Theodor JENSEN;;LMP2;;CLX Motorsport;Oreca;GF;27.596;38.058;28.049
37;2;93;01:33.9;0;;27.534;0;38.262;0;28.149;0;178.5;19:40.1;19:40.9;00:27.5;00:38.3;00:28.1;288.8;Theodor JENSEN;;LMP2;;CLX Motorsport;Oreca;GF;27.534;38.262;28.149
37;2;94;01:57.1;0;;27.794;0;39.543;0;49.763;0;143.2;21:37.2;21:38.0;00:27.8;00:39.5;00:49.8;287.2;Theodor JENSEN;;LMP2;;CLX Motorsport;Oreca;FCY;27.794;39.543;49.763
37;2;95;02:24.8;0;;01:12.9;0;43.641;0;28.247;0;115.8;24:02.0;24:02.8;01:12.9;00:43.6;00:28.2;;Theodor JENSEN;;LMP2;;CLX Motorsport;Oreca;GF;72.906;43.641;28.247
37;2;96;01:33.5;0;;27.594;0;37.941;0;28.011;0;179.2;25:35.6;25:36.4;00:27.6;00:37.9;00:28.0;284.2;Theodor JENSEN;;LMP2;;CLX Motorsport;Oreca;GF;27.594;37.941;28.011
37;2;97;01:34.8;0;;27.401;0;38.01;0;29.411;0;176.8;27:10.4;27:11.2;00:27.4;00:38.0;00:29.4;285.7;Theodor JENSEN;;LMP2;;CLX Motorsport;Oreca;GF;27.401;38.01;29.411
37;2;98;01:34.1;0;;27.615;0;38.1;0;28.411;0;178.1;28:44.5;28:45.3;00:27.6;00:38.1;00:28.4;286.5;Theodor JENSEN;;LMP2;;CLX Motorsport;Oreca;GF;27.615;38.1;28.411
37;2;99;01:34.6;0;;27.515;0;38.931;0;28.148;0;177.2;30:19.1;30:19.9;00:27.5;00:38.9;00:28.1;288;Theodor JENSEN;;LMP2;;CLX Motorsport;Oreca;GF;27.515;38.931;28.148
37;2;100;01:35.7;0;;27.605;0;39.16;0;28.933;0;175.2;31:54.8;31:55.6;00:27.6;00:39.2;00:28.9;288.8;Theodor JENSEN;;LMP2;;CLX Motorsport;Oreca;GF;27.605;39.16;28.933
37;2;101;01:34.3;0;;27.759;0;38.202;0;28.314;0;177.8;33:29.1;33:29.9;00:27.8;00:38.2;00:28.3;286.5;Theodor JENSEN;;LMP2;;CLX Motorsport;Oreca;GF;27.759;38.202;28.314
37;2;102;01:33.6;0;;27.38;0;37.957;0;28.25;0;179.1;35:02.7;35:03.5;00:27.4;00:38.0;00:28.2;288;Theodor JENSEN;;LMP2;;CLX Motorsport;Oreca;GF;27.38;37.957;28.25
37;2;103;01:34.0;0;;27.483;0;38.059;0;28.424;0;178.4;36:36.6;36:37.4;00:27.5;00:38.1;00:28.4;288;Theodor JENSEN;;LMP2;;CLX Motorsport;Oreca;GF;27.483;38.059;28.424
37;2;104;01:35.2;0;;27.727;0;39.039;0;28.445;0;176.1;38:11.9;38:12.7;00:27.7;00:39.0;00:28.4;290.3;Theodor JENSEN;;LMP2;;CLX Motorsport;Oreca;GF;27.727;39.039;28.445
37;2;105;01:35.7;0;;27.489;0;38.7;0;29.484;0;175.2;39:47.5;39:48.3;00:27.5;00:38.7;00:29.5;288;Theodor JENSEN;;LMP2;;CLX Motorsport;Oreca;GF;27.489;38.7;29.484
37;2;106;01:35.6;0;;28.39;0;38.531;0;28.718;0;175.3;41:23.2;41:24.0;00:28.4;00:38.5;00:28.7;284.2;Theodor JENSEN;;LMP2;;CLX Motorsport;Oreca;GF;28.39;38.531;28.718
37;2;107;01:34.8;0;;27.914;0;38.594;0;28.243;0;176.9;42:57.9;42:58.7;00:27.9;00:38.6;00:28.2;288;Theodor JENSEN;;LMP2;;CLX Motorsport;Oreca;GF;27.914;38.594;28.243
37;2;108;01:33.9;0;;27.485;0;38.15;0;28.314;0;178.5;44:31.9;44:32.7;00:27.5;00:38.2;00:28.3;288;Theodor JENSEN;;LMP2;;CLX Motorsport;Oreca;GF;27.485;38.15;28.314
37;2;109;01:39.7;0;B;27.571;0;38.268;0;33.843;0;168.2;46:11.6;46:12.4;00:27.6;00:38.3;00:33.8;287.2;Theodor JENSEN;;LMP2;;CLX Motorsport;Oreca;GF;27.571;38.268;33.843
37;2;110;02:50.3;0;;01:39.8;0;40.353;0;30.167;0;98.4;49:01.9;49:02.7;01:39.8;00:40.4;00:30.2;203.4;Theodor JENSEN;01:13.0;LMP2;;CLX Motorsport;Oreca;GF;99.788;40.353;30.167
37;2;111;01:35.4;0;;28.521;0;38.398;0;28.481;0;175.7;50:37.3;50:38.1;00:28.5;00:38.4;00:28.5;282.7;Theodor JENSEN;;LMP2;;CLX Motorsport;Oreca;GF;28.521;38.398;28.481
37;2;112;01:34.9;0;;27.688;0;38.557;0;28.652;0;176.7;52:12.2;52:13.0;00:27.7;00:38.6;00:28.7;286.5;Theodor JENSEN;;LMP2;;CLX Motorsport;Oreca;GF;27.688;38.557;28.652
37;2;113;01:32.6;0;;27.323;0;37.657;0;27.611;1;181.1;53:44.7;53:45.5;00:27.3;00:37.7;00:27.6;288.8;Theodor JENSEN;;LMP2;;CLX Motorsport;Oreca;GF;27.323;37.657;27.611
37;2;114;01:32.3;0;;26.969;1;37.567;1;27.803;0;181.6;55:17.1;55:17.9;00:27.0;00:37.6;00:27.8;287.2;Theodor JENSEN;;LMP2;;CLX Motorsport;Oreca;GF;26.969;37.567;27.803
37;2;115;01:32.7;0;;27.299;0;37.704;0;27.694;0;180.9;56:49.8;56:50.6;00:27.3;00:37.7;00:27.7;288.8;Theodor JENSEN;;LMP2;;CLX Motorsport;Oreca;GF;27.299;37.704;27.694
37;2;116;01:32.9;0;;27.22;0;37.683;0;27.961;0;180.5;58:22.7;58:23.4;00:27.2;00:37.7;00:28.0;288.8;Theodor JENSEN;;LMP2;;CLX Motorsport;Oreca;GF;27.22;37.683;27.961
37;2;117;01:33.2;0;;27.091;0;38.08;0;28.041;0;179.9;59:55.9;59:56.7;00:27.1;00:38.1;00:28.0;288;Theodor JENSEN;;LMP2;;CLX Motorsport;Oreca;GF;27.091;38.08;28.041
37;2;118;01:34.0;0;;27.413;0;38.352;0;28.255;0;178.3;01:29.9;01:30.7;00:27.4;00:38.4;00:28.3;288.8;Theodor JENSEN;;LMP2;;CLX Motorsport;Oreca;GF;27.413;38.352;28.255
37;2;119;01:35.6;0;;27.458;0;39.629;0;28.539;0;175.3;03:05.5;03:06.3;00:27.5;00:39.6;00:28.5;288;Theodor JENSEN;;LMP2;;CLX Motorsport;Oreca;GF;27.458;39.629;28.539
37;2;120;01:35.7;0;;27.938;0;39.148;0;28.63;0;175.2;04:41.2;04:42.0;00:27.9;00:39.1;00:28.6;288.8;Theodor JENSEN;;LMP2;;CLX Motorsport;Oreca;GF;27.938;39.148;28.63
37;2;121;01:35.4;0;;28.292;0;38.505;0;28.585;0;175.8;06:16.6;06:17.4;00:28.3;00:38.5;00:28.6;288;Theodor JENSEN;;LMP2;;CLX Motorsport;Oreca;GF;28.292;38.505;28.585
37;2;122;01:35.0;0;;28.342;0;38.415;0;28.291;0;176.4;07:51.7;07:52.5;00:28.3;00:38.4;00:28.3;288.8;Theodor JENSEN;;LMP2;;CLX Motorsport;Oreca;GF;28.342;38.415;28.291
37;2;123;01:33.6;0;;27.328;0;38.098;0;28.197;0;179.1;09:25.3;09:26.1;00:27.3;00:38.1;00:28.2;287.2;Theodor JENSEN;;LMP2;;CLX Motorsport;Oreca;GF;27.328;38.098;28.197
37;2;124;01:34.8;0;;27.827;0;38.765;0;28.226;0;176.8;11:00.1;11:00.9;00:27.8;00:38.8;00:28.2;288;Theodor JENSEN;;LMP2;;CLX Motorsport;Oreca;GF;27.827;38.765;28.226
37;2;125;01:34.1;0;;27.334;0;38.406;0;28.341;0;178.2;12:34.2;12:35.0;00:27.3;00:38.4;00:28.3;287.2;Theodor JENSEN;;LMP2;;CLX Motorsport;Oreca;GF;27.334;38.406;28.341
37;2;126;01:35.3;0;;27.502;0;38.403;0;29.364;0;176;14:09.4;14:10.2;00:27.5;00:38.4;00:29.4;288;Theodor JENSEN;;LMP2;;CLX Motorsport;Oreca;GF;27.502;38.403;29.364
37;2;127;01:33.9;0;;27.459;0;38.187;0;28.226;0;178.6;15:43.3;15:44.1;00:27.5;00:38.2;00:28.2;285.7;Theodor JENSEN;;LMP2;;CLX Motorsport;Oreca;GF;27.459;38.187;28.226
37;2;128;01:34.1;0;;27.786;0;37.951;0;28.379;0;178.1;17:17.4;17:18.2;00:27.8;00:38.0;00:28.4;289.5;Theodor JENSEN;;LMP2;;CLX Motorsport;Oreca;GF;27.786;37.951;28.379
37;2;129;01:34.4;0;;27.442;0;38.349;0;28.56;0;177.7;18:51.8;18:52.6;00:27.4;00:38.3;00:28.6;288;Theodor JENSEN;;LMP2;;CLX Motorsport;Oreca;GF;27.442;38.349;28.56
37;2;130;01:36.9;0;;28.443;0;39.315;0;29.139;0;173;20:28.7;20:29.5;00:28.4;00:39.3;00:29.1;291.1;Theodor JENSEN;;LMP2;;CLX Motorsport;Oreca;GF;28.443;39.315;29.139
37;2;131;01:36.1;0;;27.715;0;38.771;0;29.588;0;174.5;22:04.8;22:05.6;00:27.7;00:38.8;00:29.6;286.5;Theodor JENSEN;;LMP2;;CLX Motorsport;Oreca;GF;27.715;38.771;29.588
37;2;132;01:35.3;0;;27.98;0;38.697;0;28.663;0;175.8;23:40.1;23:40.9;00:28.0;00:38.7;00:28.7;287.2;Theodor JENSEN;;LMP2;;CLX Motorsport;Oreca;GF;27.98;38.697;28.663
37;2;133;01:35.0;0;;27.713;0;38.86;0;28.384;0;176.6;25:15.1;25:15.8;00:27.7;00:38.9;00:28.4;287.2;Theodor JENSEN;;LMP2;;CLX Motorsport;Oreca;GF;27.713;38.86;28.384
37;2;134;01:34.2;0;;27.528;0;38.061;0;28.596;0;178;26:49.2;26:50.0;00:27.5;00:38.1;00:28.6;287.2;Theodor JENSEN;;LMP2;;CLX Motorsport;Oreca;GF;27.528;38.061;28.596
37;2;135;01:36.5;0;;27.778;0;39.398;0;29.351;0;173.7;28:25.8;28:26.6;00:27.8;00:39.4;00:29.4;287.2;Theodor JENSEN;;LMP2;;CLX Motorsport;Oreca;FF;27.778;39.398;29.351
4;1;1;03:01.6;0;B;01:16.5;0;54.603;0;50.441;0;89.6;03:01.6;03:02.4;01:16.5;00:54.6;00:50.4;;Antti RAMMO;;LMP3;;DKR Engineering;Ligier;SF;76.51;54.603;50.441
4;1;2;45:39.2;0;;44:12.1;0;51.675;0;35.391;0;6.1;48:40.8;48:41.6;44:12.1;00:51.7;00:35.4;145.7;Antti RAMMO;43:32.3;LMP3;;DKR Engineering;Ligier;GF;2652.142;51.675;35.391
4;1;3;01:50.5;0;;33.493;0;45.427;0;31.562;0;151.7;50:31.2;50:32.0;00:33.5;00:45.4;00:31.6;246;Antti RAMMO;;LMP3;;DKR Engineering;Ligier;GF;33.493;45.427;31.562
4;1;4;01:43.9;0;;31.04;0;42.053;0;30.786;1;161.4;52:15.1;52:15.9;00:31.0;00:42.1;00:30.8;258.4;Antti RAMMO;;LMP3;;DKR Engineering;Ligier;GF;31.04;42.053;30.786
4;1;5;01:43.2;0;;30.456;1;41.795;0;30.933;0;162.5;53:58.3;53:59.1;00:30.5;00:41.8;00:30.9;258.4;Antti RAMMO;;LMP3;;DKR Engineering;Ligier;GF;30.456;41.795;30.933
4;1;6;01:46.6;0;;31.227;0;43.321;0;32.034;0;157.3;55:44.9;55:45.7;00:31.2;00:43.3;00:32.0;257.1;Antti RAMMO;;LMP3;;DKR Engineering;Ligier;GF;31.227;43.321;32.034
4;1;7;01:45.5;0;;31.509;0;42.893;0;31.084;0;158.9;57:30.4;57:31.2;00:31.5;00:42.9;00:31.1;259.6;Antti RAMMO;;LMP3;;DKR Engineering;Ligier;GF;31.509;42.893;31.084
4;1;8;01:43.7;0;;30.721;0;41.802;0;31.196;0;161.6;59:14.1;59:14.9;00:30.7;00:41.8;00:31.2;260.2;Antti RAMMO;;LMP3;;DKR Engineering;Ligier;GF;30.721;41.802;31.196
4;1;9;01:43.7;0;;30.612;0;42.125;0;30.929;0;161.7;00:57.8;00:58.6;00:30.6;00:42.1;00:30.9;260.2;Antti RAMMO;;LMP3;;DKR Engineering;Ligier;GF;30.612;42.125;30.929
4;1;10;01:47.0;0;;31.777;0;43.756;0;31.457;0;156.7;02:44.7;02:45.5;00:31.8;00:43.8;00:31.5;262.1;Antti RAMMO;;LMP3;;DKR Engineering;Ligier;GF;31.777;43.756;31.457
4;1;11;01:47.5;0;;31.168;0;43.293;0;32.995;0;156;04:32.2;04:33.0;00:31.2;00:43.3;00:33.0;262.1;Antti RAMMO;;LMP3;;DKR Engineering;Ligier;GF;31.168;43.293;32.995
4;1;12;01:44.6;0;;31.044;0;42.255;0;31.304;0;160.3;06:16.8;06:17.6;00:31.0;00:42.3;00:31.3;259;Antti RAMMO;;LMP3;;DKR Engineering;Ligier;GF;31.044;42.255;31.304
4;1;13;01:46.2;0;;32.058;0;42.64;0;31.523;0;157.8;08:03.0;08:03.8;00:32.1;00:42.6;00:31.5;262.1;Antti RAMMO;;LMP3;;DKR Engineering;Ligier;GF;32.058;42.64;31.523
4;1;14;01:47.7;0;;32.079;0;43.152;0;32.421;0;155.7;09:50.7;09:51.5;00:32.1;00:43.2;00:32.4;263.4;Antti RAMMO;;LMP3;;DKR Engineering;Ligier;GF;32.079;43.152;32.421
4;1;15;01:45.0;0;;31.238;0;42.324;0;31.487;0;159.6;11:35.7;11:36.5;00:31.2;00:42.3;00:31.5;259;Antti RAMMO;;LMP3;;DKR Engineering;Ligier;GF;31.238;42.324;31.487
4;1;16;01:43.6;0;;30.759;0;41.785;0;31.022;0;161.9;13:19.3;13:20.1;00:30.8;00:41.8;00:31.0;260.9;Antti RAMMO;;LMP3;;DKR Engineering;Ligier;GF;30.759;41.785;31.022
4;1;17;01:46.9;0;;31.114;0;43.569;0;32.177;0;156.9;15:06.2;15:07.0;00:31.1;00:43.6;00:32.2;260.9;Antti RAMMO;;LMP3;;DKR Engineering;Ligier;GF;31.114;43.569;32.177
4;1;18;01:43.8;0;;30.914;0;41.875;0;31.059;0;161.4;16:50.0;16:50.8;00:30.9;00:41.9;00:31.1;258.4;Antti RAMMO;;LMP3;;DKR Engineering;Ligier;GF;30.914;41.875;31.059
4;1;19;01:43.7;0;;30.763;0;41.917;0;31.011;0;161.7;18:33.7;18:34.5;00:30.8;00:41.9;00:31.0;259.6;Antti RAMMO;;LMP3;;DKR Engineering;Ligier;GF;30.763;41.917;31.011
4;1;20;01:44.2;0;;30.512;0;42.229;0;31.446;0;160.9;20:17.9;20:18.7;00:30.5;00:42.2;00:31.4;259;Antti RAMMO;;LMP3;;DKR Engineering;Ligier;GF;30.512;42.229;31.446
4;1;21;01:45.8;0;;30.783;0;42.354;0;32.703;0;158.4;22:03.7;22:04.5;00:30.8;00:42.4;00:32.7;259;Antti RAMMO;;LMP3;;DKR Engineering;Ligier;GF;30.783;42.354;32.703
4;1;22;01:45.1;0;;31.176;0;42.37;0;31.511;0;159.6;23:48.8;23:49.6;00:31.2;00:42.4;00:31.5;260.2;Antti RAMMO;;LMP3;;DKR Engineering;Ligier;GF;31.176;42.37;31.511
4;1;23;01:45.8;0;;31.122;0;42.373;0;32.282;0;158.5;25:34.6;25:35.4;00:31.1;00:42.4;00:32.3;261.5;Antti RAMMO;;LMP3;;DKR Engineering;Ligier;GF;31.122;42.373;32.282
4;1;24;01:43.7;0;;30.875;0;41.894;0;30.952;0;161.6;27:18.3;27:19.1;00:30.9;00:41.9;00:31.0;261.5;Antti RAMMO;;LMP3;;DKR Engineering;Ligier;GF;30.875;41.894;30.952
4;1;25;01:43.5;0;;30.555;0;41.787;0;31.141;0;162;29:01.8;29:02.6;00:30.6;00:41.8;00:31.1;261.5;Antti RAMMO;;LMP3;;DKR Engineering;Ligier;GF;30.555;41.787;31.141
4;1;26;01:43.6;0;;30.809;0;41.811;0;30.945;0;161.9;30:45.3;30:46.1;00:30.8;00:41.8;00:30.9;260.9;Antti RAMMO;;LMP3;;DKR Engineering;Ligier;GF;30.809;41.811;30.945
4;1;27;01:44.2;0;;31.179;0;42.041;0;31.003;0;160.9;32:29.5;32:30.3;00:31.2;00:42.0;00:31.0;263.4;Antti RAMMO;;LMP3;;DKR Engineering;Ligier;GF;31.179;42.041;31.003
4;1;28;02:02.6;0;B;30.609;0;42.625;0;49.331;0;136.8;34:32.1;34:32.9;00:30.6;00:42.6;00:49.3;260.2;Antti RAMMO;;LMP3;;DKR Engineering;Ligier;GF;30.609;42.625;49.331
4;1;29;04:57.2;0;;02:41.2;0;01:19.3;0;56.717;0;56.4;39:29.3;39:30.1;02:41.2;01:19.3;00:56.7;;Antti RAMMO;01:46.9;LMP3;;DKR Engineering;Ligier;GF;161.194;79.314;56.717
4;1;30;03:15.4;0;;01:12.6;0;01:09.5;0;53.358;0;85.8;42:44.8;42:45.6;01:12.6;01:09.5;00:53.4;;Antti RAMMO;;LMP3;;DKR Engineering;Ligier;SF;72.604;69.479;53.358
4;1;31;03:05.0;0;;01:08.2;0;01:23.2;0;33.534;0;90.6;45:49.8;45:50.6;01:08.2;01:23.2;00:33.5;;Antti RAMMO;;LMP3;;DKR Engineering;Ligier;SF;68.225;83.246;33.534
4;1;32;01:45.9;0;;32.024;0;42.824;0;31.046;0;158.3;47:35.7;47:36.5;00:32.0;00:42.8;00:31.0;253.5;Antti RAMMO;;LMP3;;DKR Engineering;Ligier;SF;32.024;42.824;31.046
4;1;33;02:18.7;0;;34.667;0;01:03.3;0;40.703;0;120.9;49:54.4;49:55.2;00:34.7;01:03.3;00:40.7;254.7;Antti RAMMO;;LMP3;;DKR Engineering;Ligier;SF;34.667;63.347;40.703
4;1;34;02:08.3;0;;41.096;0;48.377;0;38.796;0;130.7;52:02.7;52:03.5;00:41.1;00:48.4;00:38.8;139.9;Antti RAMMO;;LMP3;;DKR Engineering;Ligier;GF;41.096;48.377;38.796
4;1;35;01:46.9;0;;31.361;0;43.21;0;32.308;0;156.9;53:49.5;53:50.3;00:31.4;00:43.2;00:32.3;258.4;Antti RAMMO;;LMP3;;DKR Engineering;Ligier;GF;31.361;43.21;32.308
4;1;36;01:46.9;0;;31.676;0;43.014;0;32.239;0;156.8;55:36.5;55:37.3;00:31.7;00:43.0;00:32.2;259;Antti RAMMO;;LMP3;;DKR Engineering;Ligier;GF;31.676;43.014;32.239
4;1;37;01:47.5;0;;31.266;0;43.478;0;32.73;0;156;57:23.9;57:24.7;00:31.3;00:43.5;00:32.7;260.2;Antti RAMMO;;LMP3;;DKR Engineering;Ligier;GF;31.266;43.478;32.73
4;1;38;01:46.1;0;;31.554;0;43.148;0;31.383;0;158;59:10.0;59:10.8;00:31.6;00:43.1;00:31.4;259.6;Antti RAMMO;;LMP3;;DKR Engineering;Ligier;GF;31.554;43.148;31.383
4;1;39;01:46.3;0;;31.078;0;42.896;0;32.278;0;157.8;00:56.3;00:57.1;00:31.1;00:42.9;00:32.3;260.9;Antti RAMMO;;LMP3;;DKR Engineering;Ligier;GF;31.078;42.896;32.278
4;1;40;01:46.9;0;;30.89;0;43.895;0;32.081;0;156.9;02:43.2;02:43.9;00:30.9;00:43.9;00:32.1;259.6;Antti RAMMO;;LMP3;;DKR Engineering;Ligier;GF;30.89;43.895;32.081
4;1;41;02:10.0;0;;31.331;0;43.012;0;55.699;0;128.9;04:53.2;04:54.0;00:31.3;00:43.0;00:55.7;259.6;Antti RAMMO;;LMP3;;DKR Engineering;Ligier;FCY;31.331;43.012;55.699
4;1;42;02:37.8;0;;01:14.5;0;51.734;0;31.496;0;106.3;07:31.0;07:31.7;01:14.5;00:51.7;00:31.5;;Antti RAMMO;;LMP3;;DKR Engineering;Ligier;GF;74.53;51.734;31.496
4;1;43;01:44.2;0;;30.982;0;41.885;0;31.372;0;160.8;09:15.2;09:16.0;00:31.0;00:41.9;00:31.4;258.4;Antti RAMMO;;LMP3;;DKR Engineering;Ligier;GF;30.982;41.885;31.372
4;1;44;01:46.0;0;;30.952;0;42.062;0;33.028;0;158.1;11:01.2;11:02.0;00:31.0;00:42.1;00:33.0;259.6;Antti RAMMO;;LMP3;;DKR Engineering;Ligier;GF;30.952;42.062;33.028
4;1;45;01:45.8;0;;31.587;0;42.543;0;31.669;0;158.5;12:47.0;12:47.8;00:31.6;00:42.5;00:31.7;261.5;Antti RAMMO;;LMP3;;DKR Engineering;Ligier;GF;31.587;42.543;31.669
4;1;46;01:44.7;0;;30.977;0;42.185;0;31.559;0;160.1;14:31.8;14:32.5;00:31.0;00:42.2;00:31.6;258.4;Antti RAMMO;;LMP3;;DKR Engineering;Ligier;GF;30.977;42.185;31.559
4;1;47;01:46.4;0;;32.035;0;42.589;0;31.798;0;157.5;16:18.2;16:19.0;00:32.0;00:42.6;00:31.8;261.5;Antti RAMMO;;LMP3;;DKR Engineering;Ligier;GF;32.035;42.589;31.798
4;1;48;01:46.7;0;;31.749;0;42.668;0;32.298;0;157.1;18:04.9;18:05.7;00:31.7;00:42.7;00:32.3;240.5;Antti RAMMO;;LMP3;;DKR Engineering;Ligier;GF;31.749;42.668;32.298
4;1;49;01:47.1;0;;31.597;0;43.342;0;32.176;0;156.5;19:52.0;19:52.8;00:31.6;00:43.3;00:32.2;258.4;Antti RAMMO;;LMP3;;DKR Engineering;Ligier;GF;31.597;43.342;32.176
4;1;50;01:45.8;0;;31.55;0;42.775;0;31.458;0;158.5;21:37.8;21:38.6;00:31.6;00:42.8;00:31.5;259;Antti RAMMO;;LMP3;;DKR Engineering;Ligier;GF;31.55;42.775;31.458
4;1;51;01:46.4;0;;30.888;0;42.764;0;32.753;0;157.6;23:24.2;23:25.0;00:30.9;00:42.8;00:32.8;258.4;Antti RAMMO;;LMP3;;DKR Engineering;Ligier;GF;30.888;42.764;32.753
4;1;52;01:44.7;0;;31.07;0;42.247;0;31.352;0;160.2;25:08.9;25:09.7;00:31.1;00:42.2;00:31.4;258.4;Antti RAMMO;;LMP3;;DKR Engineering;Ligier;GF;31.07;42.247;31.352
4;1;53;01:44.3;0;;30.926;0;42.158;0;31.247;0;160.7;26:53.2;26:54.0;00:30.9;00:42.2;00:31.2;255.9;Antti RAMMO;;LMP3;;DKR Engineering;Ligier;GF;30.926;42.158;31.247
4;1;54;01:43.4;0;;30.666;0;41.768;1;30.951;0;162.2;28:36.6;28:37.4;00:30.7;00:41.8;00:31.0;256.5;Antti RAMMO;;LMP3;;DKR Engineering;Ligier;GF;30.666;41.768;30.951
4;1;55;01:44.0;0;;30.717;0;41.865;0;31.445;0;161.2;30:20.6;30:21.4;00:30.7;00:41.9;00:31.4;256.5;Antti RAMMO;;LMP3;;DKR Engineering;Ligier;GF;30.717;41.865;31.445
4;1;56;02:15.0;0;B;30.768;0;46.873;0;57.343;0;124.2;32:35.6;32:36.4;00:30.8;00:46.9;00:57.3;256.5;Antti RAMMO;;LMP3;;DKR Engineering;Ligier;GF;30.768;46.873;57.343
4;2;57;04:58.3;0;;02:42.9;0;01:19.0;0;56.386;0;56.2;37:33.9;37:34.7;02:42.9;01:19.0;00:56.4;;Romain FAVRE;01:48.6;LMP3;;DKR Engineering;Ligier;GF;162.921;78.984;56.386
4;2;58;03:26.1;0;;01:12.7;0;01:16.7;0;56.674;0;81.4;41:00.0;41:00.7;01:12.7;01:16.7;00:56.7;;Romain FAVRE;;LMP3;;DKR Engineering;Ligier;SF;72.652;76.744;56.674
4;2;59;02:54.2;0;;59.494;0;01:22.5;0;32.25;0;96.2;43:54.2;43:55.0;00:59.5;01:22.5;00:32.2;;Romain FAVRE;;LMP3;;DKR Engineering;Ligier;SF;59.494;82.489;32.25
4;2;60;01:44.2;0;;31.13;0;42.326;0;30.703;0;161;45:38.3;45:39.1;00:31.1;00:42.3;00:30.7;250;Romain FAVRE;;LMP3;;DKR Engineering;Ligier;SF;31.13;42.326;30.703
4;2;61;02:07.8;0;;31.68;0;53.457;0;42.614;0;131.2;47:46.1;47:46.9;00:31.7;00:53.5;00:42.6;217.3;Romain FAVRE;;LMP3;;DKR Engineering;Ligier;SF;31.68;53.457;42.614
4;2;62;02:11.1;0;;39.751;0;49.034;0;42.32;0;127.9;49:57.2;49:58.0;00:39.8;00:49.0;00:42.3;170.3;Romain FAVRE;;LMP3;;DKR Engineering;Ligier;GF;39.751;49.034;42.32
4;2;63;01:43.6;0;;30.958;0;41.956;0;30.659;0;161.9;51:40.8;51:41.6;00:31.0;00:42.0;00:30.7;259;Romain FAVRE;;LMP3;;DKR Engineering;Ligier;GF;30.958;41.956;30.659
4;2;64;01:43.2;0;;30.941;0;41.37;0;30.882;0;162.5;53:24.0;53:24.8;00:30.9;00:41.4;00:30.9;259.6;Romain FAVRE;;LMP3;;DKR Engineering;Ligier;GF;30.941;41.37;30.882
4;2;65;01:43.1;0;;30.657;0;41.572;0;30.825;0;162.7;55:07.0;55:07.8;00:30.7;00:41.6;00:30.8;259;Romain FAVRE;;LMP3;;DKR Engineering;Ligier;GF;30.657;41.572;30.825
4;2;66;01:43.1;0;;30.961;0;41.448;0;30.663;0;162.7;56:50.1;56:50.9;00:31.0;00:41.4;00:30.7;259;Romain FAVRE;;LMP3;;DKR Engineering;Ligier;GF;30.961;41.448;30.663
4;2;67;01:42.5;0;;30.531;0;41.44;0;30.578;0;163.5;58:32.6;58:33.4;00:30.5;00:41.4;00:30.6;258.4;Romain FAVRE;;LMP3;;DKR Engineering;Ligier;GF;30.531;41.44;30.578
4;2;68;01:42.0;0;;30.287;1;41.214;1;30.475;1;164.4;00:14.6;00:15.4;00:30.3;00:41.2;00:30.5;257.8;Romain FAVRE;;LMP3;;DKR Engineering;Ligier;GF;30.287;41.214;30.475
4;2;69;01:42.8;0;;30.837;0;41.43;0;30.567;0;163;01:57.4;01:58.2;00:30.8;00:41.4;00:30.6;257.1;Romain FAVRE;;LMP3;;DKR Engineering;Ligier;GF;30.837;41.43;30.567
4;2;70;01:53.0;0;;30.383;0;41.335;0;41.268;0;148.4;03:50.4;03:51.2;00:30.4;00:41.3;00:41.3;256.5;Romain FAVRE;;LMP3;;DKR Engineering;Ligier;FCY;30.383;41.335;41.268
4;2;71;02:51.5;0;;01:12.4;0;01:07.6;0;31.49;0;97.7;06:42.0;06:42.8;01:12.4;01:07.6;00:31.5;;Romain FAVRE;;LMP3;;DKR Engineering;Ligier;GF;72.4;67.644;31.49
4;2;72;01:50.2;0;;31.472;0;45.568;0;33.173;0;152.1;08:32.2;08:33.0;00:31.5;00:45.6;00:33.2;256.5;Romain FAVRE;;LMP3;;DKR Engineering;Ligier;GF;31.472;45.568;33.173
4;2;73;01:43.6;0;;30.889;0;41.823;0;30.903;0;161.8;10:15.8;10:16.6;00:30.9;00:41.8;00:30.9;256.5;Romain FAVRE;;LMP3;;DKR Engineering;Ligier;GF;30.889;41.823;30.903
4;2;74;01:43.3;0;;30.429;0;41.647;0;31.209;0;162.3;11:59.1;11:59.9;00:30.4;00:41.6;00:31.2;257.8;Romain FAVRE;;LMP3;;DKR Engineering;Ligier;GF;30.429;41.647;31.209
4;2;75;01:42.9;0;;30.81;0;41.385;0;30.693;0;162.9;13:42.0;13:42.8;00:30.8;00:41.4;00:30.7;257.1;Romain FAVRE;;LMP3;;DKR Engineering;Ligier;GF;30.81;41.385;30.693
4;2;76;01:42.5;0;;30.473;0;41.339;0;30.728;0;163.5;15:24.5;15:25.3;00:30.5;00:41.3;00:30.7;258.4;Romain FAVRE;;LMP3;;DKR Engineering;Ligier;GF;30.473;41.339;30.728
4;2;77;01:42.7;0;;30.512;0;41.496;0;30.734;0;163.2;17:07.3;17:08.0;00:30.5;00:41.5;00:30.7;259;Romain FAVRE;;LMP3;;DKR Engineering;Ligier;GF;30.512;41.496;30.734
4;2;78;01:44.2;0;;30.616;0;42.511;0;31.07;0;160.9;18:51.4;18:52.2;00:30.6;00:42.5;00:31.1;259.6;Romain FAVRE;;LMP3;;DKR Engineering;Ligier;GF;30.616;42.511;31.07
4;2;79;01:43.9;0;;30.61;0;41.974;0;31.269;0;161.4;20:35.3;20:36.1;00:30.6;00:42.0;00:31.3;260.2;Romain FAVRE;;LMP3;;DKR Engineering;Ligier;GF;30.61;41.974;31.269
4;2;80;02:40.1;0;;39.862;0;01:19.1;0;41.142;0;104.7;23:15.4;23:16.2;00:39.9;01:19.1;00:41.1;259;Romain FAVRE;;LMP3;;DKR Engineering;Ligier;GF;39.862;79.142;41.142
4;2;81;01:44.9;0;;31.159;0;42.394;0;31.362;0;159.8;25:00.4;25:01.2;00:31.2;00:42.4;00:31.4;255.9;Romain FAVRE;;LMP3;;DKR Engineering;Ligier;GF;31.159;42.394;31.362
4;2;82;01:44.4;0;;30.63;0;41.986;0;31.831;0;160.5;26:44.8;26:45.6;00:30.6;00:42.0;00:31.8;257.8;Romain FAVRE;;LMP3;;DKR Engineering;Ligier;GF;30.63;41.986;31.831
4;2;83;01:50.5;0;B;30.819;0;43.047;0;36.629;0;151.7;28:35.3;28:36.1;00:30.8;00:43.0;00:36.6;257.8;Romain FAVRE;;LMP3;;DKR Engineering;Ligier;GF;30.819;43.047;36.629
4;3;84;02:52.4;0;;01:37.1;0;43.687;0;31.579;0;97.3;31:27.7;31:28.5;01:37.1;00:43.7;00:31.6;181.2;Wyatt BRICHACEK;01:07.8;LMP3;;DKR Engineering;Ligier;GF;97.117;43.687;31.579
4;3;85;01:43.6;0;;30.967;0;41.83;0;30.796;0;161.8;33:11.3;33:12.1;00:31.0;00:41.8;00:30.8;256.5;Wyatt BRICHACEK;;LMP3;;DKR Engineering;Ligier;GF;30.967;41.83;30.796
4;3;86;01:41.8;0;;30.31;0;41.229;0;30.248;0;164.7;34:53.1;34:53.9;00:30.3;00:41.2;00:30.2;255.3;Wyatt BRICHACEK;;LMP3;;DKR Engineering;Ligier;GF;30.31;41.229;30.248
4;3;87;01:41.1;2;;30.18;0;40.874;0;30.091;2;165.8;36:34.2;36:35.0;00:30.2;00:40.9;00:30.1;257.8;Wyatt BRICHACEK;;LMP3;;DKR Engineering;Ligier;GF;30.18;40.874;30.091
4;3;88;01:41.9;0;;29.944;2;41.353;0;30.566;0;164.6;38:16.1;38:16.9;00:29.9;00:41.4;00:30.6;258.4;Wyatt BRICHACEK;;LMP3;;DKR Engineering;Ligier;GF;29.944;41.353;30.566
4;3;89;01:41.3;0;;30.067;0;41.007;0;30.261;0;165.4;39:57.4;39:58.2;00:30.1;00:41.0;00:30.3;257.8;Wyatt BRICHACEK;;LMP3;;DKR Engineering;Ligier;GF;30.067;41.007;30.261
4;3;90;01:41.7;0;;30.145;0;40.952;0;30.573;0;164.9;41:39.1;41:39.9;00:30.1;00:41.0;00:30.6;257.1;Wyatt BRICHACEK;;LMP3;;DKR Engineering;Ligier;GF;30.145;40.952;30.573
4;3;91;01:42.4;0;;30.385;0;41.76;0;30.255;0;163.7;43:21.5;43:22.3;00:30.4;00:41.8;00:30.3;257.8;Wyatt BRICHACEK;;LMP3;;DKR Engineering;Ligier;GF;30.385;41.76;30.255
4;3;92;01:41.2;0;;30.076;0;40.819;2;30.316;0;165.6;45:02.7;45:03.5;00:30.1;00:40.8;00:30.3;257.1;Wyatt BRICHACEK;;LMP3;;DKR Engineering;Ligier;GF;30.076;40.819;30.316
4;3;93;01:42.3;0;;30.213;0;40.843;0;31.287;0;163.8;46:45.0;46:45.8;00:30.2;00:40.8;00:31.3;257.1;Wyatt BRICHACEK;;LMP3;;DKR Engineering;Ligier;GF;30.213;40.843;31.287
4;3;94;01:42.2;0;;30.52;0;41.101;0;30.566;0;164.1;48:27.2;48:28.0;00:30.5;00:41.1;00:30.6;256.5;Wyatt BRICHACEK;;LMP3;;DKR Engineering;Ligier;GF;30.52;41.101;30.566
4;3;95;01:42.9;0;;30.269;0;41.294;0;31.329;0;162.9;50:10.1;50:10.9;00:30.3;00:41.3;00:31.3;257.1;Wyatt BRICHACEK;;LMP3;;DKR Engineering;Ligier;GF;30.269;41.294;31.329
4;3;96;01:42.7;0;;30.617;0;41.275;0;30.761;0;163.3;51:52.8;51:53.6;00:30.6;00:41.3;00:30.8;257.1;Wyatt BRICHACEK;;LMP3;;DKR Engineering;Ligier;GF;30.617;41.275;30.761
4;3;97;01:42.2;0;;30.209;0;41.356;0;30.633;0;164;53:35.0;53:35.8;00:30.2;00:41.4;00:30.6;257.8;Wyatt BRICHACEK;;LMP3;;DKR Engineering;Ligier;GF;30.209;41.356;30.633
4;3;98;01:41.6;0;;30.105;0;41.005;0;30.48;0;165;55:16.6;55:17.4;00:30.1;00:41.0;00:30.5;258.4;Wyatt BRICHACEK;;LMP3;;DKR Engineering;Ligier;GF;30.105;41.005;30.48
4;3;99;01:42.6;0;;30.378;0;41.611;0;30.581;0;163.5;56:59.1;56:59.9;00:30.4;00:41.6;00:30.6;259;Wyatt BRICHACEK;;LMP3;;DKR Engineering;Ligier;GF;30.378;41.611;30.581
4;3;100;01:42.8;0;;30.358;0;41.593;0;30.852;0;163.1;58:41.9;58:42.7;00:30.4;00:41.6;00:30.9;259.6;Wyatt BRICHACEK;;LMP3;;DKR Engineering;Ligier;GF;30.358;41.593;30.852
4;3;101;01:42.5;0;;30.607;0;41.309;0;30.583;0;163.6;00:24.4;00:25.2;00:30.6;00:41.3;00:30.6;259;Wyatt BRICHACEK;;LMP3;;DKR Engineering;Ligier;GF;30.607;41.309;30.583
4;3;102;01:42.0;0;;30.179;0;41.264;0;30.537;0;164.4;02:06.4;02:07.2;00:30.2;00:41.3;00:30.5;257.8;Wyatt BRICHACEK;;LMP3;;DKR Engineering;Ligier;GF;30.179;41.264;30.537
4;3;103;01:42.3;0;;30.262;0;41.437;0;30.615;0;163.9;03:48.7;03:49.5;00:30.3;00:41.4;00:30.6;256.5;Wyatt BRICHACEK;;LMP3;;DKR Engineering;Ligier;GF;30.262;41.437;30.615
4;3;104;01:42.3;0;;30.261;0;41.017;0;30.994;0;163.9;05:31.0;05:31.8;00:30.3;00:41.0;00:31.0;257.1;Wyatt BRICHACEK;;LMP3;;DKR Engineering;Ligier;GF;30.261;41.017;30.994
4;3;105;01:43.3;0;;30.177;0;42.036;0;31.067;0;162.3;07:14.3;07:15.1;00:30.2;00:42.0;00:31.1;257.8;Wyatt BRICHACEK;;LMP3;;DKR Engineering;Ligier;GF;30.177;42.036;31.067
4;3;106;01:43.8;0;;30.838;0;41.719;0;31.276;0;161.5;08:58.1;08:58.9;00:30.8;00:41.7;00:31.3;255.9;Wyatt BRICHACEK;;LMP3;;DKR Engineering;Ligier;GF;30.838;41.719;31.276
4;3;107;01:44.8;0;;30.923;0;42.125;0;31.759;0;160;10:42.9;10:43.7;00:30.9;00:42.1;00:31.8;257.1;Wyatt BRICHACEK;;LMP3;;DKR Engineering;Ligier;GF;30.923;42.125;31.759
4;3;108;01:43.8;0;;30.926;0;41.676;0;31.232;0;161.5;12:26.7;12:27.5;00:30.9;00:41.7;00:31.2;256.5;Wyatt BRICHACEK;;LMP3;;DKR Engineering;Ligier;GF;30.926;41.676;31.232
4;3;109;01:43.9;0;;30.691;0;41.604;0;31.573;0;161.4;14:10.6;14:11.4;00:30.7;00:41.6;00:31.6;255.9;Wyatt BRICHACEK;;LMP3;;DKR Engineering;Ligier;GF;30.691;41.604;31.573
4;3;110;01:45.0;0;;31.278;0;42.468;0;31.206;0;159.7;15:55.6;15:56.4;00:31.3;00:42.5;00:31.2;255.9;Wyatt BRICHACEK;;LMP3;;DKR Engineering;Ligier;GF;31.278;42.468;31.206
4;3;111;01:43.8;0;;30.646;0;41.863;0;31.299;0;161.5;17:39.4;17:40.2;00:30.6;00:41.9;00:31.3;255.9;Wyatt BRICHACEK;;LMP3;;DKR Engineering;Ligier;GF;30.646;41.863;31.299
4;3;112;01:43.9;0;;30.688;0;41.995;0;31.184;0;161.4;19:23.2;19:24.0;00:30.7;00:42.0;00:31.2;257.8;Wyatt BRICHACEK;;LMP3;;DKR Engineering;Ligier;GF;30.688;41.995;31.184
4;3;113;01:42.9;0;;30.45;0;41.564;0;30.926;0;162.9;21:06.2;21:07.0;00:30.5;00:41.6;00:30.9;257.1;Wyatt BRICHACEK;;LMP3;;DKR Engineering;Ligier;GF;30.45;41.564;30.926
4;3;114;01:43.8;0;;30.582;0;42.072;0;31.133;0;161.5;22:50.0;22:50.8;00:30.6;00:42.1;00:31.1;256.5;Wyatt BRICHACEK;;LMP3;;DKR Engineering;Ligier;GF;30.582;42.072;31.133
4;3;115;01:43.3;0;;30.855;0;41.449;0;30.985;0;162.3;24:33.3;24:34.1;00:30.9;00:41.4;00:31.0;256.5;Wyatt BRICHACEK;;LMP3;;DKR Engineering;Ligier;GF;30.855;41.449;30.985
4;3;116;01:44.0;0;;30.564;0;41.738;0;31.662;0;161.3;26:17.2;26:18.0;00:30.6;00:41.7;00:31.7;257.8;Wyatt BRICHACEK;;LMP3;;DKR Engineering;Ligier;GF;30.564;41.738;31.662
4;3;117;01:45.6;0;;31.093;0;42.971;0;31.562;0;158.7;28:02.8;28:03.6;00:31.1;00:43.0;00:31.6;255.9;Wyatt BRICHACEK;;LMP3;;DKR Engineering;Ligier;FF;31.093;42.971;31.562
43;1;1;02:00.6;0;;29.504;0;50.241;0;40.832;0;134.9;02:00.6;02:01.4;00:29.5;00:50.2;00:40.8;;Jakub SMIECHOWSKI;;LMP2;;Inter Europol Competition;Oreca;SF;29.504;50.241;40.832
43;1;2;03:47.1;0;;01:10.7;0;01:26.2;0;01:10.2;0;73.8;05:47.7;05:48.5;01:10.7;01:26.2;01:10.2;;Jakub SMIECHOWSKI;;LMP2;;Inter Europol Competition;Oreca;RF;70.68;86.155;70.244
43;1;3;27:13.3;0;;25:19.6;0;01:07.9;0;45.783;0;10.3;33:01.0;33:01.8;25:19.6;01:07.9;00:45.8;;Jakub SMIECHOWSKI;;LMP2;;Inter Europol Competition;Oreca;SF;1519.598;67.936;45.783
43;1;4;02:26.9;0;;49.03;0;55.22;0;42.601;0;114.2;35:27.8;35:28.6;00:49.0;00:55.2;00:42.6;148.8;Jakub SMIECHOWSKI;;LMP2;;Inter Europol Competition;Oreca;GF;49.03;55.22;42.601
43;1;5;01:34.7;0;;28.221;0;38.421;0;28.088;0;177;37:02.6;37:03.4;00:28.2;00:38.4;00:28.1;289.5;Jakub SMIECHOWSKI;;LMP2;;Inter Europol Competition;Oreca;GF;28.221;38.421;28.088
43;1;6;01:33.0;0;;27.314;0;37.832;0;27.839;0;180.3;38:35.5;38:36.3;00:27.3;00:37.8;00:27.8;291.9;Jakub SMIECHOWSKI;;LMP2;;Inter Europol Competition;Oreca;GF;27.314;37.832;27.839
43;1;7;01:32.6;0;;27.224;1;37.702;1;27.689;1;181;40:08.2;40:09.0;00:27.2;00:37.7;00:27.7;293.5;Jakub SMIECHOWSKI;;LMP2;;Inter Europol Competition;Oreca;GF;27.224;37.702;27.689
43;1;8;01:45.6;0;;36.058;0;41.347;0;28.244;0;158.7;41:53.8;41:54.6;00:36.1;00:41.3;00:28.2;294.3;Jakub SMIECHOWSKI;;LMP2;;Inter Europol Competition;Oreca;GF;36.058;41.347;28.244
43;1;9;01:33.8;0;;27.533;0;38.198;0;28.037;0;178.8;43:27.6;43:28.4;00:27.5;00:38.2;00:28.0;295.1;Jakub SMIECHOWSKI;;LMP2;;Inter Europol Competition;Oreca;GF;27.533;38.198;28.037
43;1;10;01:33.8;0;;27.428;0;38.127;0;28.227;0;178.8;45:01.4;45:02.1;00:27.4;00:38.1;00:28.2;296.7;Jakub SMIECHOWSKI;;LMP2;;Inter Europol Competition;Oreca;GF;27.428;38.127;28.227
43;1;11;01:34.6;0;;27.746;0;38.534;0;28.331;0;177.2;46:36.0;46:36.8;00:27.7;00:38.5;00:28.3;298.3;Jakub SMIECHOWSKI;;LMP2;;Inter Europol Competition;Oreca;GF;27.746;38.534;28.331
43;1;12;01:36.9;0;;27.947;0;38.967;0;29.972;0;173;48:12.8;48:13.6;00:27.9;00:39.0;00:30.0;295.9;Jakub SMIECHOWSKI;;LMP2;;Inter Europol Competition;Oreca;GF;27.947;38.967;29.972
43;1;13;01:36.9;0;;27.878;0;40.062;0;28.953;0;173;49:49.7;49:50.5;00:27.9;00:40.1;00:29.0;295.9;Jakub SMIECHOWSKI;;LMP2;;Inter Europol Competition;Oreca;GF;27.878;40.062;28.953
43;1;14;01:35.6;0;;27.702;0;38.992;0;28.865;0;175.4;51:25.3;51:26.1;00:27.7;00:39.0;00:28.9;294.3;Jakub SMIECHOWSKI;;LMP2;;Inter Europol Competition;Oreca;GF;27.702;38.992;28.865
43;1;15;01:34.8;0;;27.698;0;38.452;0;28.619;0;176.9;53:00.1;53:00.9;00:27.7;00:38.5;00:28.6;291.1;Jakub SMIECHOWSKI;;LMP2;;Inter Europol Competition;Oreca;GF;27.698;38.452;28.619
43;1;16;01:36.6;0;;28.028;0;38.812;0;29.801;0;173.5;54:36.7;54:37.5;00:28.0;00:38.8;00:29.8;294.3;Jakub SMIECHOWSKI;;LMP2;;Inter Europol Competition;Oreca;GF;28.028;38.812;29.801
43;1;17;01:34.3;0;;27.668;0;38.367;0;28.31;0;177.7;56:11.1;56:11.9;00:27.7;00:38.4;00:28.3;291.1;Jakub SMIECHOWSKI;;LMP2;;Inter Europol Competition;Oreca;GF;27.668;38.367;28.31
43;1;18;01:35.2;0;;27.612;0;38.844;0;28.722;0;176.1;57:46.2;57:47.0;00:27.6;00:38.8;00:28.7;293.5;Jakub SMIECHOWSKI;;LMP2;;Inter Europol Competition;Oreca;GF;27.612;38.844;28.722
43;1;19;01:36.5;0;;27.684;0;38.603;0;30.236;0;173.7;59:22.8;59:23.6;00:27.7;00:38.6;00:30.2;295.1;Jakub SMIECHOWSKI;;LMP2;;Inter Europol Competition;Oreca;GF;27.684;38.603;30.236
43;1;20;01:36.5;0;;28.082;0;38.79;0;29.594;0;173.8;00:59.2;01:00.0;00:28.1;00:38.8;00:29.6;291.1;Jakub SMIECHOWSKI;;LMP2;;Inter Europol Competition;Oreca;GF;28.082;38.79;29.594
43;1;21;01:36.6;0;;28.384;0;39.597;0;28.607;0;173.6;02:35.8;02:36.6;00:28.4;00:39.6;00:28.6;293.5;Jakub SMIECHOWSKI;;LMP2;;Inter Europol Competition;Oreca;GF;28.384;39.597;28.607
43;1;22;01:41.8;0;;27.659;0;38.992;0;35.122;0;164.7;04:17.6;04:18.4;00:27.7;00:39.0;00:35.1;294.3;Jakub SMIECHOWSKI;;LMP2;;Inter Europol Competition;Oreca;GF;27.659;38.992;35.122
43;1;23;01:37.1;0;;29.258;0;39.029;0;28.844;0;172.6;05:54.7;05:55.5;00:29.3;00:39.0;00:28.8;288;Jakub SMIECHOWSKI;;LMP2;;Inter Europol Competition;Oreca;GF;29.258;39.029;28.844
43;1;24;01:35.4;0;;27.959;0;38.493;0;28.963;0;175.7;07:30.1;07:30.9;00:28.0;00:38.5;00:29.0;294.3;Jakub SMIECHOWSKI;;LMP2;;Inter Europol Competition;Oreca;GF;27.959;38.493;28.963
43;1;25;01:36.6;0;;28.745;0;39.347;0;28.511;0;173.5;09:06.7;09:07.5;00:28.7;00:39.3;00:28.5;297.5;Jakub SMIECHOWSKI;;LMP2;;Inter Europol Competition;Oreca;GF;28.745;39.347;28.511
43;1;26;01:34.1;0;;27.432;0;38.168;0;28.503;0;178.2;10:40.8;10:41.6;00:27.4;00:38.2;00:28.5;293.5;Jakub SMIECHOWSKI;;LMP2;;Inter Europol Competition;Oreca;GF;27.432;38.168;28.503
43;1;27;01:42.0;0;B;27.498;0;38.863;0;35.678;0;164.3;12:22.9;12:23.7;00:27.5;00:38.9;00:35.7;294.3;Jakub SMIECHOWSKI;;LMP2;;Inter Europol Competition;Oreca;GF;27.498;38.863;35.678
43;1;28;02:42.0;0;;01:33.0;0;39.092;0;29.98;0;103.5;15:04.9;15:05.7;01:33.0;00:39.1;00:30.0;210.1;Jakub SMIECHOWSKI;01:08.0;LMP2;;Inter Europol Competition;Oreca;GF;92.96;39.092;29.98
43;1;29;01:36.5;0;;28.287;0;39.047;0;29.177;0;173.7;16:41.4;16:42.2;00:28.3;00:39.0;00:29.2;290.3;Jakub SMIECHOWSKI;;LMP2;;Inter Europol Competition;Oreca;GF;28.287;39.047;29.177
43;1;30;01:37.4;0;;28.44;0;39.584;0;29.335;0;172.2;18:18.8;18:19.6;00:28.4;00:39.6;00:29.3;294.3;Jakub SMIECHOWSKI;;LMP2;;Inter Europol Competition;Oreca;GF;28.44;39.584;29.335
43;1;31;01:36.9;0;;28.28;0;39.457;0;29.195;0;173;19:55.7;19:56.5;00:28.3;00:39.5;00:29.2;294.3;Jakub SMIECHOWSKI;;LMP2;;Inter Europol Competition;Oreca;GF;28.28;39.457;29.195
43;1;32;01:38.0;0;;29.235;0;39.038;0;29.695;0;171.1;21:33.7;21:34.5;00:29.2;00:39.0;00:29.7;295.1;Jakub SMIECHOWSKI;;LMP2;;Inter Europol Competition;Oreca;GF;29.235;39.038;29.695
43;1;33;01:37.8;0;;28.445;0;39.49;0;29.837;0;171.5;23:11.4;23:12.2;00:28.4;00:39.5;00:29.8;292.7;Jakub SMIECHOWSKI;;LMP2;;Inter Europol Competition;Oreca;GF;28.445;39.49;29.837
43;1;34;01:37.6;0;;28.652;0;40.008;0;28.918;0;171.8;24:49.0;24:49.8;00:28.7;00:40.0;00:28.9;295.9;Jakub SMIECHOWSKI;;LMP2;;Inter Europol Competition;Oreca;GF;28.652;40.008;28.918
43;1;35;01:37.1;0;;28.411;0;38.937;0;29.734;0;172.7;26:26.1;26:26.9;00:28.4;00:38.9;00:29.7;295.1;Jakub SMIECHOWSKI;;LMP2;;Inter Europol Competition;Oreca;GF;28.411;38.937;29.734
43;1;36;01:35.8;0;;28.13;0;38.707;0;28.937;0;175;28:01.9;28:02.7;00:28.1;00:38.7;00:28.9;292.7;Jakub SMIECHOWSKI;;LMP2;;Inter Europol Competition;Oreca;GF;28.13;38.707;28.937
43;1;37;01:36.6;0;;28.153;0;38.918;0;29.572;0;173.5;29:38.5;29:39.3;00:28.2;00:38.9;00:29.6;295.9;Jakub SMIECHOWSKI;;LMP2;;Inter Europol Competition;Oreca;GF;28.153;38.918;29.572
43;1;38;01:37.0;0;;28.35;0;39.97;0;28.667;0;172.9;31:15.5;31:16.3;00:28.4;00:40.0;00:28.7;294.3;Jakub SMIECHOWSKI;;LMP2;;Inter Europol Competition;Oreca;GF;28.35;39.97;28.667
43;1;39;01:43.3;0;B;27.937;0;39.708;0;35.698;0;162.2;32:58.9;32:59.7;00:27.9;00:39.7;00:35.7;293.5;Jakub SMIECHOWSKI;;LMP2;;Inter Europol Competition;Oreca;GF;27.937;39.708;35.698
43;3;40;04:09.7;0;;01:53.8;0;01:19.3;0;56.632;0;67.1;37:08.6;37:09.4;01:53.8;01:19.3;00:56.6;;Nicholas YELLOLY;00:59.8;LMP2;;Inter Europol Competition;Oreca;GF;113.767;79.312;56.632
43;3;41;03:30.3;0;B;01:13.2;0;01:19.6;0;57.534;0;79.7;40:38.9;40:39.7;01:13.2;01:19.6;00:57.5;;Nicholas YELLOLY;;LMP2;;Inter Europol Competition;Oreca;GF;73.183;79.598;57.534
43;3;42;02:54.3;0;;01:23.7;0;55.828;0;34.773;0;96.2;43:33.1;43:33.9;01:23.7;00:55.8;00:34.8;;Nicholas YELLOLY;00:32.5;LMP2;;Inter Europol Competition;Oreca;SF;83.658;55.828;34.773
43;3;43;03:03.1;0;;39.441;0;01:22.8;0;01:00.8;0;91.6;46:36.2;46:37.0;00:39.4;01:22.8;01:00.8;194.9;Nicholas YELLOLY;;LMP2;;Inter Europol Competition;Oreca;SF;39.441;82.796;60.838
43;3;44;03:00.8;0;;01:12.1;0;01:06.8;0;41.872;0;92.7;49:37.0;49:37.8;01:12.1;01:06.8;00:41.9;;Nicholas YELLOLY;;LMP2;;Inter Europol Competition;Oreca;SF;72.092;66.81;41.872
43;3;45;02:11.7;0;;39.418;0;52.242;0;40.014;0;127.3;51:48.7;51:49.5;00:39.4;00:52.2;00:40.0;162.9;Nicholas YELLOLY;;LMP2;;Inter Europol Competition;Oreca;GF;39.418;52.242;40.014
43;3;46;01:35.6;0;;28.68;0;38.74;0;28.15;0;175.4;53:24.2;53:25.0;00:28.7;00:38.7;00:28.1;287.2;Nicholas YELLOLY;;LMP2;;Inter Europol Competition;Oreca;GF;28.68;38.74;28.15
43;3;47;01:33.3;0;;27.454;0;37.78;0;28.092;0;179.6;54:57.6;54:58.4;00:27.5;00:37.8;00:28.1;286.5;Nicholas YELLOLY;;LMP2;;Inter Europol Competition;Oreca;GF;27.454;37.78;28.092
43;3;48;01:32.9;0;;27.086;0;37.817;0;27.975;0;180.5;56:30.4;56:31.2;00:27.1;00:37.8;00:28.0;290.3;Nicholas YELLOLY;;LMP2;;Inter Europol Competition;Oreca;GF;27.086;37.817;27.975
43;3;49;01:32.4;0;;27.124;0;37.439;1;27.842;0;181.4;58:02.8;58:03.6;00:27.1;00:37.4;00:27.8;291.1;Nicholas YELLOLY;;LMP2;;Inter Europol Competition;Oreca;GF;27.124;37.439;27.842
43;3;50;01:32.4;0;;27.027;0;37.641;0;27.731;1;181.4;59:35.2;59:36.0;00:27.0;00:37.6;00:27.7;291.1;Nicholas YELLOLY;;LMP2;;Inter Europol Competition;Oreca;GF;27.027;37.641;27.731
43;3;51;01:32.8;0;;26.96;1;37.924;0;27.878;0;180.7;01:08.0;01:08.8;00:27.0;00:37.9;00:27.9;286.5;Nicholas YELLOLY;;LMP2;;Inter Europol Competition;Oreca;GF;26.96;37.924;27.878
43;3;52;01:34.2;0;;27.16;0;37.875;0;29.165;0;178;02:42.2;02:43.0;00:27.2;00:37.9;00:29.2;290.3;Nicholas YELLOLY;;LMP2;;Inter Europol Competition;Oreca;GF;27.16;37.875;29.165
43;3;53;01:59.2;0;;28.255;0;38.834;0;52.096;0;140.7;04:41.4;04:42.2;00:28.3;00:38.8;00:52.1;279.8;Nicholas YELLOLY;;LMP2;;Inter Europol Competition;Oreca;FCY;28.255;38.834;52.096
43;3;54;02:38.5;0;;01:14.2;0;55.472;0;28.798;0;105.8;07:19.9;07:20.7;01:14.2;00:55.5;00:28.8;;Nicholas YELLOLY;;LMP2;;Inter Europol Competition;Oreca;GF;74.207;55.472;28.798
43;3;55;01:33.8;0;;27.668;0;38.044;0;28.109;0;178.7;08:53.7;08:54.5;00:27.7;00:38.0;00:28.1;291.1;Nicholas YELLOLY;;LMP2;;Inter Europol Competition;Oreca;GF;27.668;38.044;28.109
43;3;56;01:33.8;0;;27.349;0;38.372;0;28.093;0;178.7;10:27.5;10:28.3;00:27.3;00:38.4;00:28.1;293.5;Nicholas YELLOLY;;LMP2;;Inter Europol Competition;Oreca;GF;27.349;38.372;28.093
43;3;57;01:33.9;0;;27.825;0;37.841;0;28.271;0;178.5;12:01.4;12:02.2;00:27.8;00:37.8;00:28.3;293.5;Nicholas YELLOLY;;LMP2;;Inter Europol Competition;Oreca;GF;27.825;37.841;28.271
43;3;58;01:33.8;0;;27.36;0;38.026;0;28.41;0;178.7;13:35.2;13:36.0;00:27.4;00:38.0;00:28.4;292.7;Nicholas YELLOLY;;LMP2;;Inter Europol Competition;Oreca;GF;27.36;38.026;28.41
43;3;59;01:34.0;0;;27.498;0;38.032;0;28.494;0;178.3;15:09.3;15:10.1;00:27.5;00:38.0;00:28.5;291.9;Nicholas YELLOLY;;LMP2;;Inter Europol Competition;Oreca;GF;27.498;38.032;28.494
43;3;60;01:34.2;0;;27.37;0;38.109;0;28.674;0;178.1;16:43.4;16:44.2;00:27.4;00:38.1;00:28.7;292.7;Nicholas YELLOLY;;LMP2;;Inter Europol Competition;Oreca;GF;27.37;38.109;28.674
43;3;61;01:33.8;0;;27.476;0;38.118;0;28.248;0;178.7;18:17.3;18:18.1;00:27.5;00:38.1;00:28.2;292.7;Nicholas YELLOLY;;LMP2;;Inter Europol Competition;Oreca;GF;27.476;38.118;28.248
43;3;62;01:36.2;0;;27.226;0;38.214;0;30.763;0;174.3;19:53.5;19:54.3;00:27.2;00:38.2;00:30.8;294.3;Nicholas YELLOLY;;LMP2;;Inter Europol Competition;Oreca;GF;27.226;38.214;30.763
43;3;63;01:36.3;0;;29.275;0;38.586;0;28.45;0;174.1;21:29.8;21:30.6;00:29.3;00:38.6;00:28.5;287.2;Nicholas YELLOLY;;LMP2;;Inter Europol Competition;Oreca;GF;29.275;38.586;28.45
43;3;64;01:34.8;0;;27.356;0;38.114;0;29.292;0;176.9;23:04.5;23:05.3;00:27.4;00:38.1;00:29.3;292.7;Nicholas YELLOLY;;LMP2;;Inter Europol Competition;Oreca;GF;27.356;38.114;29.292
43;3;65;01:34.8;0;;27.261;0;38.281;0;29.293;0;176.8;24:39.4;24:40.2;00:27.3;00:38.3;00:29.3;291.9;Nicholas YELLOLY;;LMP2;;Inter Europol Competition;Oreca;GF;27.261;38.281;29.293
43;3;66;01:33.6;0;;27.357;0;37.929;0;28.331;0;179.1;26:13.0;26:13.8;00:27.4;00:37.9;00:28.3;291.1;Nicholas YELLOLY;;LMP2;;Inter Europol Competition;Oreca;GF;27.357;37.929;28.331
43;3;67;01:34.5;0;;27.673;0;38.146;0;28.67;0;177.4;27:47.5;27:48.3;00:27.7;00:38.1;00:28.7;292.7;Nicholas YELLOLY;;LMP2;;Inter Europol Competition;Oreca;GF;27.673;38.146;28.67
43;3;68;01:34.3;0;;27.779;0;38.018;0;28.512;0;177.8;29:21.8;29:22.6;00:27.8;00:38.0;00:28.5;291.9;Nicholas YELLOLY;;LMP2;;Inter Europol Competition;Oreca;GF;27.779;38.018;28.512
43;3;69;01:34.8;0;;27.49;0;38.428;0;28.918;0;176.8;30:56.6;30:57.4;00:27.5;00:38.4;00:28.9;291.1;Nicholas YELLOLY;;LMP2;;Inter Europol Competition;Oreca;GF;27.49;38.428;28.918
43;3;70;02:38.4;0;;27.554;0;01:14.3;0;56.599;0;105.8;33:35.1;33:35.9;00:27.6;01:14.3;00:56.6;291.1;Nicholas YELLOLY;;LMP2;;Inter Europol Competition;Oreca;GF;27.554;74.285;56.599
43;3;71;03:29.6;0;;01:13.2;0;01:19.4;0;57.02;0;80;37:04.7;37:05.5;01:13.2;01:19.4;00:57.0;;Nicholas YELLOLY;;LMP2;;Inter Europol Competition;Oreca;GF;73.161;79.429;57.02
43;3;72;02:49.3;0;;01:13.3;0;01:02.2;0;33.894;0;99;39:54.0;39:54.8;01:13.3;01:02.2;00:33.9;;Nicholas YELLOLY;;LMP2;;Inter Europol Competition;Oreca;SF;73.26;62.158;33.894
43;3;73;01:46.3;0;;35.048;0;40.807;0;30.474;0;157.7;41:40.3;41:41.1;00:35.0;00:40.8;00:30.5;180.3;Nicholas YELLOLY;;LMP2;;Inter Europol Competition;Oreca;SF;35.048;40.807;30.474
43;3;74;03:04.5;0;B;52.287;0;01:13.8;0;58.444;0;90.8;44:44.9;44:45.7;00:52.3;01:13.8;00:58.4;;Nicholas YELLOLY;;LMP2;;Inter Europol Competition;Oreca;SF;52.287;73.818;58.444
43;3;75;03:00.6;0;;01:15.0;0;01:02.6;0;42.966;0;92.8;47:45.4;47:46.2;01:15.0;01:02.6;00:43.0;168.2;Nicholas YELLOLY;00:46.3;LMP2;;Inter Europol Competition;Oreca;SF;74.974;62.626;42.966
43;3;76;02:11.1;0;;39.802;0;48.96;0;42.329;0;127.9;49:56.5;49:57.3;00:39.8;00:49.0;00:42.3;168.2;Nicholas YELLOLY;;LMP2;;Inter Europol Competition;Oreca;GF;39.802;48.96;42.329
43;3;77;01:41.1;0;B;28.289;0;38.885;0;33.931;0;165.8;51:37.6;51:38.4;00:28.3;00:38.9;00:33.9;288;Nicholas YELLOLY;;LMP2;;Inter Europol Competition;Oreca;GF;28.289;38.885;33.931
43;2;78;02:53.3;0;;01:44.7;0;40.302;0;28.32;0;96.7;54:30.9;54:31.7;01:44.7;00:40.3;00:28.3;206.5;Tom DILLMANN;01:17.2;LMP2;;Inter Europol Competition;Oreca;GF;104.688;40.302;28.32
43;2;79;01:32.2;0;;27.256;0;37.573;0;27.328;0;181.9;56:03.1;56:03.9;00:27.3;00:37.6;00:27.3;287.2;Tom DILLMANN;;LMP2;;Inter Europol Competition;Oreca;GF;27.256;37.573;27.328
43;2;80;01:30.6;3;;26.727;0;36.882;2;27.025;3;185;57:33.7;57:34.5;00:26.7;00:36.9;00:27.0;288.8;Tom DILLMANN;;LMP2;;Inter Europol Competition;Oreca;GF;26.727;36.882;27.025
43;2;81;01:31.3;0;;26.698;2;37.209;0;27.418;0;183.6;59:05.0;59:05.8;00:26.7;00:37.2;00:27.4;291.1;Tom DILLMANN;;LMP2;;Inter Europol Competition;Oreca;GF;26.698;37.209;27.418
43;2;82;01:32.7;0;;26.943;0;37.32;0;28.475;0;180.8;00:37.8;00:38.6;00:26.9;00:37.3;00:28.5;292.7;Tom DILLMANN;;LMP2;;Inter Europol Competition;Oreca;GF;26.943;37.32;28.475
43;2;83;01:34.2;0;;27.717;0;38.262;0;28.173;0;178.1;02:11.9;02:12.7;00:27.7;00:38.3;00:28.2;288.8;Tom DILLMANN;;LMP2;;Inter Europol Competition;Oreca;GF;27.717;38.262;28.173
43;2;84;01:59.4;0;;28.22;0;38.948;0;52.226;0;140.4;04:11.3;04:12.1;00:28.2;00:38.9;00:52.2;293.5;Tom DILLMANN;;LMP2;;Inter Europol Competition;Oreca;FCY;28.22;38.948;52.226
43;2;85;02:38.8;0;;01:13.1;0;56.305;0;29.36;0;105.6;06:50.1;06:50.9;01:13.1;00:56.3;00:29.4;;Tom DILLMANN;;LMP2;;Inter Europol Competition;Oreca;GF;73.121;56.305;29.36
43;2;86;01:34.8;0;;27.292;0;38.208;0;29.255;0;176.9;08:24.9;08:25.7;00:27.3;00:38.2;00:29.3;288;Tom DILLMANN;;LMP2;;Inter Europol Competition;Oreca;GF;27.292;38.208;29.255
43;2;87;01:33.2;0;;27.447;0;37.774;0;27.929;0;180;09:58.0;09:58.8;00:27.4;00:37.8;00:27.9;288.8;Tom DILLMANN;;LMP2;;Inter Europol Competition;Oreca;GF;27.447;37.774;27.929
43;2;88;01:33.6;0;;27.344;0;38.214;0;28.016;0;179.2;11:31.6;11:32.4;00:27.3;00:38.2;00:28.0;290.3;Tom DILLMANN;;LMP2;;Inter Europol Competition;Oreca;GF;27.344;38.214;28.016
43;2;89;01:33.2;0;;27.499;0;37.651;0;28.021;0;179.9;13:04.8;13:05.6;00:27.5;00:37.7;00:28.0;290.3;Tom DILLMANN;;LMP2;;Inter Europol Competition;Oreca;GF;27.499;37.651;28.021
43;2;90;01:34.0;0;;27.471;0;38.158;0;28.4;0;178.3;14:38.8;14:39.6;00:27.5;00:38.2;00:28.4;291.1;Tom DILLMANN;;LMP2;;Inter Europol Competition;Oreca;GF;27.471;38.158;28.4
43;2;91;01:35.7;0;;27.9;0;38.331;0;29.44;0;175.2;16:14.5;16:15.3;00:27.9;00:38.3;00:29.4;294.3;Tom DILLMANN;;LMP2;;Inter Europol Competition;Oreca;GF;27.9;38.331;29.44
43;2;92;01:33.5;0;;27.488;0;37.939;0;28.061;0;179.3;17:48.0;17:48.7;00:27.5;00:37.9;00:28.1;288.8;Tom DILLMANN;;LMP2;;Inter Europol Competition;Oreca;GF;27.488;37.939;28.061
43;2;93;01:34.3;0;;27.347;0;38.851;0;28.125;0;177.7;19:22.3;19:23.1;00:27.3;00:38.9;00:28.1;291.1;Tom DILLMANN;;LMP2;;Inter Europol Competition;Oreca;GF;27.347;38.851;28.125
43;2;94;01:33.8;0;;27.386;0;38.022;0;28.424;0;178.7;20:56.1;20:56.9;00:27.4;00:38.0;00:28.4;291.9;Tom DILLMANN;;LMP2;;Inter Europol Competition;Oreca;GF;27.386;38.022;28.424
43;2;95;02:41.9;0;;01:03.9;0;01:08.5;0;29.518;0;103.6;23:38.0;23:38.8;01:03.9;01:08.5;00:29.5;;Tom DILLMANN;;LMP2;;Inter Europol Competition;Oreca;GF;63.872;68.477;29.518
43;2;96;01:35.0;0;;28.196;0;38.299;0;28.48;0;176.5;25:12.9;25:13.7;00:28.2;00:38.3;00:28.5;289.5;Tom DILLMANN;;LMP2;;Inter Europol Competition;Oreca;GF;28.196;38.299;28.48
43;2;97;01:34.6;0;;27.856;0;38.519;0;28.235;0;177.2;26:47.6;26:48.4;00:27.9;00:38.5;00:28.2;291.1;Tom DILLMANN;;LMP2;;Inter Europol Competition;Oreca;GF;27.856;38.519;28.235
43;2;98;01:34.3;0;;27.905;0;38.326;0;28.078;0;177.8;28:21.9;28:22.7;00:27.9;00:38.3;00:28.1;292.7;Tom DILLMANN;;LMP2;;Inter Europol Competition;Oreca;GF;27.905;38.326;28.078
43;2;99;01:34.8;0;;27.445;0;38.065;0;29.329;0;176.8;29:56.7;29:57.5;00:27.4;00:38.1;00:29.3;291.1;Tom DILLMANN;;LMP2;;Inter Europol Competition;Oreca;GF;27.445;38.065;29.329
43;2;100;01:33.6;0;;27.405;0;37.879;0;28.299;0;179.1;31:30.3;31:31.1;00:27.4;00:37.9;00:28.3;290.3;Tom DILLMANN;;LMP2;;Inter Europol Competition;Oreca;GF;27.405;37.879;28.299
43;2;101;01:33.6;0;;27.651;0;37.883;0;28.106;0;179;33:03.9;33:04.7;00:27.7;00:37.9;00:28.1;291.1;Tom DILLMANN;;LMP2;;Inter Europol Competition;Oreca;GF;27.651;37.883;28.106
43;2;102;01:34.1;0;;27.385;0;38.331;0;28.355;0;178.2;34:38.0;34:38.8;00:27.4;00:38.3;00:28.4;291.1;Tom DILLMANN;;LMP2;;Inter Europol Competition;Oreca;GF;27.385;38.331;28.355
43;2;103;01:34.3;0;;27.385;0;38.002;0;28.957;0;177.7;36:12.3;36:13.1;00:27.4;00:38.0;00:29.0;291.9;Tom DILLMANN;;LMP2;;Inter Europol Competition;Oreca;GF;27.385;38.002;28.957
43;2;104;01:33.7;0;;27.524;0;38.063;0;28.144;0;178.9;37:46.1;37:46.9;00:27.5;00:38.1;00:28.1;291.1;Tom DILLMANN;;LMP2;;Inter Europol Competition;Oreca;GF;27.524;38.063;28.144
43;2;105;01:32.9;0;;27.199;0;37.739;0;28.01;0;180.4;39:19.0;39:19.8;00:27.2;00:37.7;00:28.0;291.9;Tom DILLMANN;;LMP2;;Inter Europol Competition;Oreca;GF;27.199;37.739;28.01
43;2;106;01:39.4;0;B;27.369;0;37.91;0;34.072;0;168.7;40:58.4;40:59.2;00:27.4;00:37.9;00:34.1;291.1;Tom DILLMANN;;LMP2;;Inter Europol Competition;Oreca;GF;27.369;37.91;34.072
43;2;107;02:57.2;0;;01:49.2;0;39.438;0;28.552;0;94.6;43:55.6;43:56.4;01:49.2;00:39.4;00:28.6;204.2;Tom DILLMANN;01:21.7;LMP2;;Inter Europol Competition;Oreca;GF;109.231;39.438;28.552
43;2;108;01:33.8;0;;27.582;0;38.036;0;28.158;0;178.8;45:29.4;45:30.2;00:27.6;00:38.0;00:28.2;290.3;Tom DILLMANN;;LMP2;;Inter Europol Competition;Oreca;GF;27.582;38.036;28.158
43;2;109;01:33.5;0;;27.226;0;38.53;0;27.708;0;179.4;47:02.8;47:03.6;00:27.2;00:38.5;00:27.7;289.5;Tom DILLMANN;;LMP2;;Inter Europol Competition;Oreca;GF;27.226;38.53;27.708
43;2;110;01:32.7;0;;27.041;0;37.798;0;27.886;0;180.8;48:35.6;48:36.4;00:27.0;00:37.8;00:27.9;291.1;Tom DILLMANN;;LMP2;;Inter Europol Competition;Oreca;GF;27.041;37.798;27.886
43;2;111;01:33.5;0;;27.211;0;37.801;0;28.472;0;179.3;50:09.0;50:09.8;00:27.2;00:37.8;00:28.5;291.1;Tom DILLMANN;;LMP2;;Inter Europol Competition;Oreca;GF;27.211;37.801;28.472
43;2;112;01:33.8;0;;27.215;0;38.542;0;28.032;0;178.8;51:42.8;51:43.6;00:27.2;00:38.5;00:28.0;291.1;Tom DILLMANN;;LMP2;;Inter Europol Competition;Oreca;GF;27.215;38.542;28.032
43;2;113;01:33.8;0;;27.551;0;38.18;0;28.082;0;178.7;53:16.6;53:17.4;00:27.6;00:38.2;00:28.1;294.3;Tom DILLMANN;;LMP2;;Inter Europol Competition;Oreca;GF;27.551;38.18;28.082
43;2;114;01:35.1;0;;27.483;0;38.364;0;29.289;0;176.2;54:51.8;54:52.6;00:27.5;00:38.4;00:29.3;295.1;Tom DILLMANN;;LMP2;;Inter Europol Competition;Oreca;GF;27.483;38.364;29.289
43;2;115;01:33.8;0;;27.414;0;38.274;0;28.117;0;178.7;56:25.6;56:26.4;00:27.4;00:38.3;00:28.1;292.7;Tom DILLMANN;;LMP2;;Inter Europol Competition;Oreca;GF;27.414;38.274;28.117
43;2;116;01:34.9;0;;27.654;0;38.402;0;28.798;0;176.7;58:00.4;58:01.2;00:27.7;00:38.4;00:28.8;294.3;Tom DILLMANN;;LMP2;;Inter Europol Competition;Oreca;GF;27.654;38.402;28.798
43;2;117;01:35.3;0;;27.376;0;39.155;0;28.748;0;176;59:35.7;59:36.5;00:27.4;00:39.2;00:28.7;291.1;Tom DILLMANN;;LMP2;;Inter Europol Competition;Oreca;GF;27.376;39.155;28.748
43;2;118;01:34.7;0;;27.493;0;38.233;0;28.98;0;177;01:10.4;01:11.2;00:27.5;00:38.2;00:29.0;294.3;Tom DILLMANN;;LMP2;;Inter Europol Competition;Oreca;GF;27.493;38.233;28.98
43;2;119;01:34.4;0;;27.422;0;38.245;0;28.756;0;177.6;02:44.8;02:45.6;00:27.4;00:38.2;00:28.8;291.9;Tom DILLMANN;;LMP2;;Inter Europol Competition;Oreca;GF;27.422;38.245;28.756
43;2;120;01:33.7;0;;27.439;0;38.007;0;28.213;0;179;04:18.5;04:19.3;00:27.4;00:38.0;00:28.2;291.9;Tom DILLMANN;;LMP2;;Inter Europol Competition;Oreca;GF;27.439;38.007;28.213
43;2;121;01:33.4;0;;27.311;0;38.011;0;28.123;0;179.4;05:52.0;05:52.7;00:27.3;00:38.0;00:28.1;292.7;Tom DILLMANN;;LMP2;;Inter Europol Competition;Oreca;GF;27.311;38.011;28.123
43;2;122;01:33.6;0;;27.28;0;38.124;0;28.159;0;179.2;07:25.5;07:26.3;00:27.3;00:38.1;00:28.2;291.9;Tom DILLMANN;;LMP2;;Inter Europol Competition;Oreca;GF;27.28;38.124;28.159
43;2;123;01:34.3;0;;27.902;0;38.177;0;28.269;0;177.7;08:59.9;09:00.7;00:27.9;00:38.2;00:28.3;286.5;Tom DILLMANN;;LMP2;;Inter Europol Competition;Oreca;GF;27.902;38.177;28.269
43;2;124;01:36.2;0;;27.686;0;40.237;0;28.227;0;174.4;10:36.0;10:36.8;00:27.7;00:40.2;00:28.2;290.3;Tom DILLMANN;;LMP2;;Inter Europol Competition;Oreca;GF;27.686;40.237;28.227
43;2;125;01:33.9;0;;27.323;0;37.862;0;28.691;0;178.6;12:09.9;12:10.7;00:27.3;00:37.9;00:28.7;291.9;Tom DILLMANN;;LMP2;;Inter Europol Competition;Oreca;GF;27.323;37.862;28.691
43;2;126;01:34.0;0;;27.628;0;37.9;0;28.424;0;178.4;13:43.8;13:44.6;00:27.6;00:37.9;00:28.4;290.3;Tom DILLMANN;;LMP2;;Inter Europol Competition;Oreca;GF;27.628;37.9;28.424
43;2;127;01:35.3;0;;27.478;0;38.606;0;29.252;0;175.9;15:19.2;15:20.0;00:27.5;00:38.6;00:29.3;291.9;Tom DILLMANN;;LMP2;;Inter Europol Competition;Oreca;GF;27.478;38.606;29.252
43;2;128;01:35.8;0;;27.946;0;38.643;0;29.239;0;175;16:55.0;16:55.8;00:27.9;00:38.6;00:29.2;290.3;Tom DILLMANN;;LMP2;;Inter Europol Competition;Oreca;GF;27.946;38.643;29.239
43;2;129;01:34.8;0;;27.742;0;38.633;0;28.385;0;176.9;18:29.8;18:30.6;00:27.7;00:38.6;00:28.4;290.3;Tom DILLMANN;;LMP2;;Inter Europol Competition;Oreca;GF;27.742;38.633;28.385
43;2;130;01:33.9;0;;27.566;0;38.047;0;28.299;0;178.5;20:03.7;20:04.5;00:27.6;00:38.0;00:28.3;291.9;Tom DILLMANN;;LMP2;;Inter Europol Competition;Oreca;GF;27.566;38.047;28.299
43;2;131;01:33.3;0;;27.215;0;38.041;0;28.064;0;179.7;21:37.0;21:37.8;00:27.2;00:38.0;00:28.1;292.7;Tom DILLMANN;;LMP2;;Inter Europol Competition;Oreca;GF;27.215;38.041;28.064
43;2;132;01:33.4;0;;27.231;0;37.917;0;28.271;0;179.5;23:10.4;23:11.2;00:27.2;00:37.9;00:28.3;291.9;Tom DILLMANN;;LMP2;;Inter Europol Competition;Oreca;GF;27.231;37.917;28.271
43;2;133;01:35.1;0;;28.434;0;38.3;0;28.375;0;176.3;24:45.5;24:46.3;00:28.4;00:38.3;00:28.4;277.6;Tom DILLMANN;;LMP2;;Inter Europol Competition;Oreca;GF;28.434;38.3;28.375
43;2;134;01:35.0;0;;27.476;0;38.708;0;28.853;0;176.4;26:20.6;26:21.4;00:27.5;00:38.7;00:28.9;293.5;Tom DILLMANN;;LMP2;;Inter Europol Competition;Oreca;GF;27.476;38.708;28.853
43;2;135;01:35.5;0;;27.614;0;38.854;0;28.982;0;175.6;27:56.0;27:56.8;00:27.6;00:38.9;00:29.0;291.1;Tom DILLMANN;;LMP2;;Inter Europol Competition;Oreca;FF;27.614;38.854;28.982
5;1;1;02:20.4;0;;43.849;0;56.617;0;39.965;0;115.8;02:20.4;02:21.2;00:43.8;00:56.6;00:40.0;;Jose FERNANDES CAUTELA;;LMP3;;Rinaldi Racing;Ligier;SF;43.849;56.617;39.965
5;1;2;04:13.7;0;;01:16.4;0;01:23.3;0;01:34.0;0;66.1;06:34.1;06:34.9;01:16.4;01:23.3;01:34.0;;Jose FERNANDES CAUTELA;;LMP3;;Rinaldi Racing;Ligier;RF;76.442;83.271;93.995
5;1;3;26:49.3;0;;24:57.8;0;01:04.6;0;46.948;0;10.4;33:23.5;33:24.3;24:57.8;01:04.6;00:46.9;177.6;Jose FERNANDES CAUTELA;;LMP3;;Rinaldi Racing;Ligier;SF;1497.774;64.619;46.948
5;1;4;02:18.0;0;;46.98;0;50.232;0;40.763;0;121.5;35:41.5;35:42.3;00:47.0;00:50.2;00:40.8;;Jose FERNANDES CAUTELA;;LMP3;;Rinaldi Racing;Ligier;GF;46.98;50.232;40.763
5;1;5;01:47.0;0;;32.089;0;43.01;0;31.926;0;156.6;37:28.5;37:29.3;00:32.1;00:43.0;00:31.9;260.9;Jose FERNANDES CAUTELA;;LMP3;;Rinaldi Racing;Ligier;GF;32.089;43.01;31.926
5;1;6;01:42.9;0;;30.934;0;41.925;0;30.038;1;162.9;39:11.4;39:12.2;00:30.9;00:41.9;00:30.0;261.5;Jose FERNANDES CAUTELA;;LMP3;;Rinaldi Racing;Ligier;GF;30.934;41.925;30.038
5;1;7;01:41.1;0;;29.917;0;41.085;0;30.062;0;165.9;40:52.4;40:53.2;00:29.9;00:41.1;00:30.1;260.2;Jose FERNANDES CAUTELA;;LMP3;;Rinaldi Racing;Ligier;GF;29.917;41.085;30.062
5;1;8;01:41.1;0;;29.854;0;41.098;0;30.132;0;165.9;42:33.5;42:34.3;00:29.9;00:41.1;00:30.1;259.6;Jose FERNANDES CAUTELA;;LMP3;;Rinaldi Racing;Ligier;GF;29.854;41.098;30.132
5;1;9;01:41.2;0;;30.032;0;41.023;0;30.177;0;165.6;44:14.8;44:15.6;00:30.0;00:41.0;00:30.2;259.6;Jose FERNANDES CAUTELA;;LMP3;;Rinaldi Racing;Ligier;GF;30.032;41.023;30.177
5;1;10;01:41.1;0;;29.983;0;40.916;1;30.204;0;165.8;45:55.9;45:56.7;00:30.0;00:40.9;00:30.2;258.4;Jose FERNANDES CAUTELA;;LMP3;;Rinaldi Racing;Ligier;GF;29.983;40.916;30.204
5;1;11;01:41.3;0;;30.203;0;40.951;0;30.157;0;165.5;47:37.2;47:38.0;00:30.2;00:41.0;00:30.2;259.6;Jose FERNANDES CAUTELA;;LMP3;;Rinaldi Racing;Ligier;GF;30.203;40.951;30.157
5;1;12;01:41.1;0;;29.804;2;41.037;0;30.289;0;165.8;49:18.3;49:19.1;00:29.8;00:41.0;00:30.3;260.9;Jose FERNANDES CAUTELA;;LMP3;;Rinaldi Racing;Ligier;GF;29.804;41.037;30.289
5;1;13;01:42.1;0;;29.966;0;41.722;0;30.373;0;164.3;51:00.4;51:01.2;00:30.0;00:41.7;00:30.4;259.6;Jose FERNANDES CAUTELA;;LMP3;;Rinaldi Racing;Ligier;GF;29.966;41.722;30.373
5;1;14;01:42.1;0;;30.251;0;41.302;0;30.523;0;164.2;52:42.4;52:43.2;00:30.3;00:41.3;00:30.5;260.2;Jose FERNANDES CAUTELA;;LMP3;;Rinaldi Racing;Ligier;GF;30.251;41.302;30.523
5;1;15;01:43.1;0;;30.4;0;42.124;0;30.567;0;162.6;54:25.5;54:26.3;00:30.4;00:42.1;00:30.6;259;Jose FERNANDES CAUTELA;;LMP3;;Rinaldi Racing;Ligier;GF;30.4;42.124;30.567
5;1;16;01:41.8;0;;30.009;0;41.323;0;30.483;0;164.7;56:07.3;56:08.1;00:30.0;00:41.3;00:30.5;259;Jose FERNANDES CAUTELA;;LMP3;;Rinaldi Racing;Ligier;GF;30.009;41.323;30.483
5;1;17;01:43.3;0;;30.564;0;41.706;0;30.981;0;162.4;57:50.6;57:51.4;00:30.6;00:41.7;00:31.0;260.9;Jose FERNANDES CAUTELA;;LMP3;;Rinaldi Racing;Ligier;GF;30.564;41.706;30.981
5;1;18;01:44.4;0;;30.869;0;42.316;0;31.263;0;160.5;59:35.0;59:35.8;00:30.9;00:42.3;00:31.3;261.5;Jose FERNANDES CAUTELA;;LMP3;;Rinaldi Racing;Ligier;GF;30.869;42.316;31.263
5;1;19;01:43.4;0;;30.545;0;41.988;0;30.852;0;162.2;01:18.4;01:19.2;00:30.5;00:42.0;00:30.9;260.2;Jose FERNANDES CAUTELA;;LMP3;;Rinaldi Racing;Ligier;GF;30.545;41.988;30.852
5;1;20;01:42.7;0;;30.513;0;41.47;0;30.708;0;163.3;03:01.1;03:01.9;00:30.5;00:41.5;00:30.7;261.5;Jose FERNANDES CAUTELA;;LMP3;;Rinaldi Racing;Ligier;GF;30.513;41.47;30.708
5;1;21;01:44.1;0;;31.433;0;41.505;0;31.152;0;161.1;04:45.2;04:46.0;00:31.4;00:41.5;00:31.2;264.1;Jose FERNANDES CAUTELA;;LMP3;;Rinaldi Racing;Ligier;GF;31.433;41.505;31.152
5;1;22;01:44.1;0;;30.55;0;41.992;0;31.585;0;161;06:29.3;06:30.1;00:30.6;00:42.0;00:31.6;262.1;Jose FERNANDES CAUTELA;;LMP3;;Rinaldi Racing;Ligier;GF;30.55;41.992;31.585
5;1;23;01:43.1;0;;30.496;0;41.49;0;31.093;0;162.6;08:12.4;08:13.2;00:30.5;00:41.5;00:31.1;263.4;Jose FERNANDES CAUTELA;;LMP3;;Rinaldi Racing;Ligier;GF;30.496;41.49;31.093
5;1;24;01:43.8;0;;30.434;0;41.917;0;31.417;0;161.6;09:56.2;09:57.0;00:30.4;00:41.9;00:31.4;260.9;Jose FERNANDES CAUTELA;;LMP3;;Rinaldi Racing;Ligier;GF;30.434;41.917;31.417
5;1;25;01:43.7;0;;30.646;0;41.879;0;31.145;0;161.7;11:39.9;11:40.6;00:30.6;00:41.9;00:31.1;259;Jose FERNANDES CAUTELA;;LMP3;;Rinaldi Racing;Ligier;GF;30.646;41.879;31.145
5;1;26;01:45.3;0;;31.131;0;42.491;0;31.663;0;159.2;13:25.1;13:25.9;00:31.1;00:42.5;00:31.7;260.9;Jose FERNANDES CAUTELA;;LMP3;;Rinaldi Racing;Ligier;GF;31.131;42.491;31.663
5;1;27;01:43.7;0;;30.645;0;42.091;0;30.993;0;161.6;15:08.9;15:09.7;00:30.6;00:42.1;00:31.0;259;Jose FERNANDES CAUTELA;;LMP3;;Rinaldi Racing;Ligier;GF;30.645;42.091;30.993
5;1;28;01:45.4;0;;30.952;0;42.103;0;32.384;0;159;16:54.3;16:55.1;00:31.0;00:42.1;00:32.4;259.6;Jose FERNANDES CAUTELA;;LMP3;;Rinaldi Racing;Ligier;GF;30.952;42.103;32.384
5;1;29;01:43.6;0;;30.701;0;41.766;0;31.091;0;161.9;18:37.9;18:38.7;00:30.7;00:41.8;00:31.1;258.4;Jose FERNANDES CAUTELA;;LMP3;;Rinaldi Racing;Ligier;GF;30.701;41.766;31.091
5;1;30;01:43.4;0;;30.738;0;41.528;0;31.169;0;162.1;20:21.3;20:22.1;00:30.7;00:41.5;00:31.2;259.6;Jose FERNANDES CAUTELA;;LMP3;;Rinaldi Racing;Ligier;GF;30.738;41.528;31.169
5;1;31;01:43.4;0;;30.593;0;41.639;0;31.162;0;162.1;22:04.7;22:05.5;00:30.6;00:41.6;00:31.2;257.8;Jose FERNANDES CAUTELA;;LMP3;;Rinaldi Racing;Ligier;GF;30.593;41.639;31.162
5;1;32;01:45.1;0;;31.423;0;42.598;0;31.102;0;159.5;23:49.8;23:50.6;00:31.4;00:42.6;00:31.1;262.8;Jose FERNANDES CAUTELA;;LMP3;;Rinaldi Racing;Ligier;GF;31.423;42.598;31.102
5;1;33;01:47.4;0;;30.577;0;44.463;0;32.346;0;156.1;25:37.2;25:38.0;00:30.6;00:44.5;00:32.3;261.5;Jose FERNANDES CAUTELA;;LMP3;;Rinaldi Racing;Ligier;GF;30.577;44.463;32.346
5;1;34;01:43.0;0;;30.508;0;41.632;0;30.84;0;162.8;27:20.2;27:21.0;00:30.5;00:41.6;00:30.8;260.9;Jose FERNANDES CAUTELA;;LMP3;;Rinaldi Racing;Ligier;GF;30.508;41.632;30.84
5;1;35;01:43.1;0;;30.386;0;41.57;0;31.126;0;162.6;29:03.3;29:04.1;00:30.4;00:41.6;00:31.1;262.1;Jose FERNANDES CAUTELA;;LMP3;;Rinaldi Racing;Ligier;GF;30.386;41.57;31.126
5;1;36;01:44.1;0;;30.829;0;41.987;0;31.257;0;161.1;30:47.3;30:48.1;00:30.8;00:42.0;00:31.3;262.8;Jose FERNANDES CAUTELA;;LMP3;;Rinaldi Racing;Ligier;GF;30.829;41.987;31.257
5;1;37;01:53.3;0;B;30.391;0;42.579;0;40.323;0;148;32:40.6;32:41.4;00:30.4;00:42.6;00:40.3;262.1;Jose FERNANDES CAUTELA;;LMP3;;Rinaldi Racing;Ligier;GF;30.391;42.579;40.323
5;1;38;04:59.1;0;;02:41.8;0;01:20.0;0;57.296;0;56.1;37:39.7;37:40.5;02:41.8;01:20.0;00:57.3;;Jose FERNANDES CAUTELA;01:46.3;LMP3;;Rinaldi Racing;Ligier;GF;161.752;80.046;57.296
5;1;39;03:30.0;0;;01:13.2;0;01:19.9;0;56.987;0;79.8;41:09.8;41:10.6;01:13.2;01:19.9;00:57.0;;Jose FERNANDES CAUTELA;;LMP3;;Rinaldi Racing;Ligier;GF;73.159;79.885;56.987
5;1;40;02:31.1;0;;59.011;0;55.411;0;36.639;0;111;43:40.8;43:41.6;00:59.0;00:55.4;00:36.6;;Jose FERNANDES CAUTELA;;LMP3;;Rinaldi Racing;Ligier;SF;59.011;55.411;36.639
5;1;41;02:20.7;0;;36.39;0;01:09.4;0;34.883;0;119.1;46:01.5;46:02.3;00:36.4;01:09.4;00:34.9;205.7;Jose FERNANDES CAUTELA;;LMP3;;Rinaldi Racing;Ligier;SF;36.39;69.438;34.883
5;1;42;01:49.8;0;;33.95;0;43.6;0;32.214;0;152.7;47:51.3;47:52.1;00:34.0;00:43.6;00:32.2;198.9;Jose FERNANDES CAUTELA;;LMP3;;Rinaldi Racing;Ligier;SF;33.95;43.6;32.214
5;1;43;02:10.0;0;;31.83;0;58.362;0;39.775;0;129;50:01.3;50:02.1;00:31.8;00:58.4;00:39.8;254.1;Jose FERNANDES CAUTELA;;LMP3;;Rinaldi Racing;Ligier;SF;31.83;58.362;39.775
5;1;44;02:05.0;0;;42.772;0;45.926;0;36.331;0;134.1;52:06.3;52:07.1;00:42.8;00:45.9;00:36.3;;Jose FERNANDES CAUTELA;;LMP3;;Rinaldi Racing;Ligier;GF;42.772;45.926;36.331
5;1;45;01:46.3;0;;31.065;0;42.994;0;32.213;0;157.8;53:52.6;53:53.4;00:31.1;00:43.0;00:32.2;261.5;Jose FERNANDES CAUTELA;;LMP3;;Rinaldi Racing;Ligier;GF;31.065;42.994;32.213
5;1;46;01:46.6;0;;31.939;0;42.558;0;32.097;0;157.3;55:39.2;55:39.9;00:31.9;00:42.6;00:32.1;258.4;Jose FERNANDES CAUTELA;;LMP3;;Rinaldi Racing;Ligier;GF;31.939;42.558;32.097
5;1;47;01:44.4;0;;30.592;0;41.822;0;32.012;0;160.5;57:23.6;57:24.4;00:30.6;00:41.8;00:32.0;255.9;Jose FERNANDES CAUTELA;;LMP3;;Rinaldi Racing;Ligier;GF;30.592;41.822;32.012
5;1;48;01:44.9;0;;30.601;0;42.33;0;31.982;0;159.8;59:08.5;59:09.3;00:30.6;00:42.3;00:32.0;259.6;Jose FERNANDES CAUTELA;;LMP3;;Rinaldi Racing;Ligier;GF;30.601;42.33;31.982
5;1;49;01:43.7;0;;30.811;0;41.822;0;31.055;0;161.7;00:52.2;00:53.0;00:30.8;00:41.8;00:31.1;263.4;Jose FERNANDES CAUTELA;;LMP3;;Rinaldi Racing;Ligier;GF;30.811;41.822;31.055
5;1;50;01:43.9;0;;30.713;0;42.004;0;31.151;0;161.4;02:36.0;02:36.8;00:30.7;00:42.0;00:31.2;259;Jose FERNANDES CAUTELA;;LMP3;;Rinaldi Racing;Ligier;GF;30.713;42.004;31.151
5;1;51;02:06.7;0;;30.619;0;43.092;0;53;0;132.3;04:42.8;04:43.6;00:30.6;00:43.1;00:53.0;261.5;Jose FERNANDES CAUTELA;;LMP3;;Rinaldi Racing;Ligier;FCY;30.619;43.092;53
5;1;52;02:44.0;0;;01:13.7;0;57.457;0;32.842;0;102.2;07:26.8;07:27.6;01:13.7;00:57.5;00:32.8;;Jose FERNANDES CAUTELA;;LMP3;;Rinaldi Racing;Ligier;GF;73.75;57.457;32.842
5;1;53;01:44.9;0;;31.315;0;42.217;0;31.391;0;159.8;09:11.7;09:12.5;00:31.3;00:42.2;00:31.4;254.7;Jose FERNANDES CAUTELA;;LMP3;;Rinaldi Racing;Ligier;GF;31.315;42.217;31.391
5;1;54;01:46.5;0;;31.087;0;43.871;0;31.527;0;157.4;10:58.2;10:59.0;00:31.1;00:43.9;00:31.5;260.9;Jose FERNANDES CAUTELA;;LMP3;;Rinaldi Racing;Ligier;GF;31.087;43.871;31.527
5;1;55;01:44.4;0;;31.475;0;41.809;0;31.145;0;160.5;12:42.6;12:43.4;00:31.5;00:41.8;00:31.1;259.6;Jose FERNANDES CAUTELA;;LMP3;;Rinaldi Racing;Ligier;GF;31.475;41.809;31.145
5;1;56;01:42.8;0;;30.444;0;41.562;0;30.843;0;163;14:25.5;14:26.3;00:30.4;00:41.6;00:30.8;257.1;Jose FERNANDES CAUTELA;;LMP3;;Rinaldi Racing;Ligier;GF;30.444;41.562;30.843
5;1;57;01:42.8;0;;30.534;0;41.434;0;30.873;0;163;16:08.3;16:09.1;00:30.5;00:41.4;00:30.9;257.8;Jose FERNANDES CAUTELA;;LMP3;;Rinaldi Racing;Ligier;GF;30.534;41.434;30.873
5;1;58;01:43.0;0;;30.413;0;41.629;0;30.983;0;162.7;17:51.4;17:52.2;00:30.4;00:41.6;00:31.0;259;Jose FERNANDES CAUTELA;;LMP3;;Rinaldi Racing;Ligier;GF;30.413;41.629;30.983
5;1;59;01:44.9;0;;31.116;0;42.854;0;30.969;0;159.8;19:36.3;19:37.1;00:31.1;00:42.9;00:31.0;260.9;Jose FERNANDES CAUTELA;;LMP3;;Rinaldi Racing;Ligier;GF;31.116;42.854;30.969
5;1;60;01:44.0;0;;30.501;0;42.144;0;31.311;0;161.3;21:20.3;21:21.1;00:30.5;00:42.1;00:31.3;259.6;Jose FERNANDES CAUTELA;;LMP3;;Rinaldi Racing;Ligier;GF;30.501;42.144;31.311
5;1;61;01:45.3;0;;31.447;0;42.399;0;31.438;0;159.2;23:05.5;23:06.3;00:31.4;00:42.4;00:31.4;261.5;Jose FERNANDES CAUTELA;;LMP3;;Rinaldi Racing;Ligier;GF;31.447;42.399;31.438
5;1;62;01:45.1;0;;31.424;0;42.083;0;31.557;0;159.6;24:50.6;24:51.4;00:31.4;00:42.1;00:31.6;259.6;Jose FERNANDES CAUTELA;;LMP3;;Rinaldi Racing;Ligier;GF;31.424;42.083;31.557
5;1;63;01:46.7;0;;31.122;0;43.5;0;32.045;0;157.2;26:37.3;26:38.1;00:31.1;00:43.5;00:32.0;257.8;Jose FERNANDES CAUTELA;;LMP3;;Rinaldi Racing;Ligier;GF;31.122;43.5;32.045
5;1;64;01:45.0;0;;31.922;0;42.041;0;31.077;0;159.6;28:22.3;28:23.1;00:31.9;00:42.0;00:31.1;259.6;Jose FERNANDES CAUTELA;;LMP3;;Rinaldi Racing;Ligier;GF;31.922;42.041;31.077
5;1;65;01:44.2;0;;30.655;0;41.822;0;31.767;0;160.8;30:06.6;30:07.3;00:30.7;00:41.8;00:31.8;255.9;Jose FERNANDES CAUTELA;;LMP3;;Rinaldi Racing;Ligier;GF;30.655;41.822;31.767
5;1;66;02:07.5;0;;31.657;0;42.676;0;53.211;0;131.4;32:14.1;32:14.9;00:31.7;00:42.7;00:53.2;255.3;Jose FERNANDES CAUTELA;;LMP3;;Rinaldi Racing;Ligier;GF;31.657;42.676;53.211
5;1;67;03:31.0;0;B;01:12.5;0;01:19.2;0;59.263;0;79.5;35:45.1;35:45.9;01:12.5;01:19.2;00:59.3;;Jose FERNANDES CAUTELA;;LMP3;;Rinaldi Racing;Ligier;GF;72.527;79.181;59.263
5;2;68;04:18.2;0;;02:41.6;0;01:01.4;0;35.145;0;64.9;40:03.2;40:04.0;02:41.6;01:01.4;00:35.1;;Alvise RODELLA;01:47.7;LMP3;;Rinaldi Racing;Ligier;SF;161.621;61.399;35.145
5;2;69;01:50.5;0;;34.2;0;44.264;0;32.039;0;151.7;41:53.7;41:54.5;00:34.2;00:44.3;00:32.0;242.2;Alvise RODELLA;;LMP3;;Rinaldi Racing;Ligier;SF;34.2;44.264;32.039
5;2;70;02:55.1;0;;41.769;0;01:12.6;0;01:00.7;0;95.7;44:48.9;44:49.7;00:41.8;01:12.6;01:00.7;;Alvise RODELLA;;LMP3;;Rinaldi Racing;Ligier;SF;41.769;72.618;60.75
5;2;71;02:53.9;0;;01:06.4;0;01:04.7;0;42.855;0;96.4;47:42.8;47:43.6;01:06.4;01:04.7;00:42.9;121.8;Alvise RODELLA;;LMP3;;Rinaldi Racing;Ligier;SF;66.387;64.708;42.855
5;2;72;02:12.0;0;;39.274;0;49.102;0;43.593;0;127;49:54.8;49:55.6;00:39.3;00:49.1;00:43.6;175.6;Alvise RODELLA;;LMP3;;Rinaldi Racing;Ligier;GF;39.274;49.102;43.593
5;2;73;01:41.7;0;;30.304;0;41.439;0;29.994;0;164.8;51:36.5;51:37.3;00:30.3;00:41.4;00:30.0;257.1;Alvise RODELLA;;LMP3;;Rinaldi Racing;Ligier;GF;30.304;41.439;29.994
5;2;74;01:41.1;0;;30.378;0;40.867;0;29.843;0;165.8;53:17.6;53:18.4;00:30.4;00:40.9;00:29.8;261.5;Alvise RODELLA;;LMP3;;Rinaldi Racing;Ligier;GF;30.378;40.867;29.843
5;2;75;01:40.9;0;;30.267;0;40.795;0;29.862;0;166.1;54:58.5;54:59.3;00:30.3;00:40.8;00:29.9;259;Alvise RODELLA;;LMP3;;Rinaldi Racing;Ligier;GF;30.267;40.795;29.862
5;2;76;01:40.2;0;;29.863;0;40.515;2;29.787;0;167.4;56:38.7;56:39.5;00:29.9;00:40.5;00:29.8;257.8;Alvise RODELLA;;LMP3;;Rinaldi Racing;Ligier;GF;29.863;40.515;29.787
5;2;77;01:40.1;2;;29.858;1;40.577;0;29.714;2;167.4;58:18.9;58:19.7;00:29.9;00:40.6;00:29.7;257.1;Alvise RODELLA;;LMP3;;Rinaldi Racing;Ligier;GF;29.858;40.577;29.714
5;2;78;01:40.5;0;;29.961;0;40.727;0;29.848;0;166.8;59:59.4;00:00.2;00:30.0;00:40.7;00:29.8;257.1;Alvise RODELLA;;LMP3;;Rinaldi Racing;Ligier;GF;29.961;40.727;29.848
5;2;79;01:40.8;0;;29.952;0;40.862;0;30.03;0;166.2;01:40.2;01:41.0;00:30.0;00:40.9;00:30.0;257.1;Alvise RODELLA;;LMP3;;Rinaldi Racing;Ligier;GF;29.952;40.862;30.03
5;2;80;01:40.8;0;;29.935;0;40.806;0;30.068;0;166.3;03:21.0;03:21.8;00:29.9;00:40.8;00:30.1;255.3;Alvise RODELLA;;LMP3;;Rinaldi Racing;Ligier;GF;29.935;40.806;30.068
5;2;81;02:52.4;0;;51.49;0;01:18.6;0;42.33;0;97.2;06:13.5;06:14.3;00:51.5;01:18.6;00:42.3;255.3;Alvise RODELLA;;LMP3;;Rinaldi Racing;Ligier;GF;51.49;78.608;42.33
5;2;82;01:41.5;0;;30.281;0;41.192;0;30.019;0;165.2;07:55.0;07:55.8;00:30.3;00:41.2;00:30.0;254.7;Alvise RODELLA;;LMP3;;Rinaldi Racing;Ligier;GF;30.281;41.192;30.019
5;2;83;01:40.9;0;;30.053;0;40.722;0;30.078;0;166.2;09:35.8;09:36.6;00:30.1;00:40.7;00:30.1;255.3;Alvise RODELLA;;LMP3;;Rinaldi Racing;Ligier;GF;30.053;40.722;30.078
5;2;84;01:41.1;0;;30.033;0;40.92;0;30.126;0;165.9;11:16.9;11:17.7;00:30.0;00:40.9;00:30.1;257.1;Alvise RODELLA;;LMP3;;Rinaldi Racing;Ligier;GF;30.033;40.92;30.126
5;2;85;01:41.0;0;;29.986;0;40.923;0;30.081;0;166;12:57.9;12:58.7;00:30.0;00:40.9;00:30.1;257.1;Alvise RODELLA;;LMP3;;Rinaldi Racing;Ligier;GF;29.986;40.923;30.081
5;2;86;01:42.7;0;;30.233;0;41.777;0;30.691;0;163.2;14:40.6;14:41.4;00:30.2;00:41.8;00:30.7;257.1;Alvise RODELLA;;LMP3;;Rinaldi Racing;Ligier;GF;30.233;41.777;30.691
5;2;87;01:42.8;0;;30.601;0;41.428;0;30.768;0;163.1;16:23.4;16:24.2;00:30.6;00:41.4;00:30.8;257.8;Alvise RODELLA;;LMP3;;Rinaldi Racing;Ligier;GF;30.601;41.428;30.768
5;2;88;01:41.2;0;;30.099;0;40.938;0;30.137;0;165.7;18:04.6;18:05.4;00:30.1;00:40.9;00:30.1;256.5;Alvise RODELLA;;LMP3;;Rinaldi Racing;Ligier;GF;30.099;40.938;30.137
5;2;89;01:41.6;0;;30.237;0;41.074;0;30.336;0;164.9;19:46.2;19:47.0;00:30.2;00:41.1;00:30.3;257.1;Alvise RODELLA;;LMP3;;Rinaldi Racing;Ligier;GF;30.237;41.074;30.336
5;2;90;02:05.9;0;;30.17;0;40.883;0;54.869;0;133.1;21:52.1;21:52.9;00:30.2;00:40.9;00:54.9;257.1;Alvise RODELLA;;LMP3;;Rinaldi Racing;Ligier;FCY;30.17;40.883;54.869
5;2;91;02:23.9;0;;01:11.3;0;42.639;0;30.025;0;116.5;24:16.1;24:16.9;01:11.3;00:42.6;00:30.0;;Alvise RODELLA;;LMP3;;Rinaldi Racing;Ligier;GF;71.272;42.639;30.025
5;2;92;01:41.1;0;;30.019;0;40.646;0;30.466;0;165.8;25:57.2;25:58.0;00:30.0;00:40.6;00:30.5;256.5;Alvise RODELLA;;LMP3;;Rinaldi Racing;Ligier;GF;30.019;40.646;30.466
5;2;93;01:41.0;0;;30.053;0;40.814;0;30.12;0;166;27:38.2;27:39.0;00:30.1;00:40.8;00:30.1;256.5;Alvise RODELLA;;LMP3;;Rinaldi Racing;Ligier;GF;30.053;40.814;30.12
5;2;94;01:41.6;0;;29.986;0;41.199;0;30.448;0;165;29:19.8;29:20.6;00:30.0;00:41.2;00:30.4;257.8;Alvise RODELLA;;LMP3;;Rinaldi Racing;Ligier;GF;29.986;41.199;30.448
5;2;95;01:43.4;0;;30.029;0;40.913;0;32.412;0;162.2;31:03.2;31:04.0;00:30.0;00:40.9;00:32.4;256.5;Alvise RODELLA;;LMP3;;Rinaldi Racing;Ligier;GF;30.029;40.913;32.412
5;2;96;01:44.2;0;;31.921;0;41.597;0;30.666;0;160.9;32:47.4;32:48.1;00:31.9;00:41.6;00:30.7;248.3;Alvise RODELLA;;LMP3;;Rinaldi Racing;Ligier;GF;31.921;41.597;30.666
5;2;97;01:43.3;0;;30.644;0;42.23;0;30.466;0;162.2;34:30.7;34:31.5;00:30.6;00:42.2;00:30.5;257.8;Alvise RODELLA;;LMP3;;Rinaldi Racing;Ligier;GF;30.644;42.23;30.466
5;2;98;01:41.6;0;;30.188;0;41.093;0;30.292;0;165.1;36:12.3;36:13.1;00:30.2;00:41.1;00:30.3;257.8;Alvise RODELLA;;LMP3;;Rinaldi Racing;Ligier;GF;30.188;41.093;30.292
5;2;99;01:44.0;0;;30.493;0;41.365;0;32.105;0;161.3;37:56.2;37:57.0;00:30.5;00:41.4;00:32.1;259.6;Alvise RODELLA;;LMP3;;Rinaldi Racing;Ligier;GF;30.493;41.365;32.105
5;2;100;01:43.6;0;;31.247;0;41.467;0;30.853;0;161.9;39:39.8;39:40.6;00:31.2;00:41.5;00:30.9;258.4;Alvise RODELLA;;LMP3;;Rinaldi Racing;Ligier;GF;31.247;41.467;30.853
5;2;101;01:47.5;0;B;30.368;0;41.122;0;36.022;0;155.9;41:27.3;41:28.1;00:30.4;00:41.1;00:36.0;258.4;Alvise RODELLA;;LMP3;;Rinaldi Racing;Ligier;GF;30.368;41.122;36.022
5;3;102;02:48.3;0;;01:35.4;0;42.271;0;30.66;0;99.6;44:15.7;44:16.4;01:35.4;00:42.3;00:30.7;181.5;Mikkel Gaarde PEDERSEN;01:07.2;LMP3;;Rinaldi Racing;Ligier;GF;95.414;42.271;30.66
5;3;103;01:42.5;0;;30.631;0;41.388;0;30.434;0;163.6;45:58.1;45:58.9;00:30.6;00:41.4;00:30.4;257.1;Mikkel Gaarde PEDERSEN;;LMP3;;Rinaldi Racing;Ligier;GF;30.631;41.388;30.434
5;3;104;01:42.1;0;;30.344;0;41.278;0;30.527;0;164.1;47:40.3;47:41.1;00:30.3;00:41.3;00:30.5;259;Mikkel Gaarde PEDERSEN;;LMP3;;Rinaldi Racing;Ligier;GF;30.344;41.278;30.527
5;3;105;01:42.2;0;;30.54;0;41.233;0;30.432;0;164;49:22.5;49:23.3;00:30.5;00:41.2;00:30.4;260.9;Mikkel Gaarde PEDERSEN;;LMP3;;Rinaldi Racing;Ligier;GF;30.54;41.233;30.432
5;3;106;01:41.9;0;;30.356;0;41.09;1;30.431;1;164.6;51:04.3;51:05.1;00:30.4;00:41.1;00:30.4;257.8;Mikkel Gaarde PEDERSEN;;LMP3;;Rinaldi Racing;Ligier;GF;30.356;41.09;30.431
5;3;107;01:42.1;0;;30.286;1;41.153;0;30.66;0;164.2;52:46.4;52:47.2;00:30.3;00:41.2;00:30.7;258.4;Mikkel Gaarde PEDERSEN;;LMP3;;Rinaldi Racing;Ligier;GF;30.286;41.153;30.66
5;3;108;01:42.8;0;;30.522;0;41.502;0;30.826;0;163;54:29.3;54:30.1;00:30.5;00:41.5;00:30.8;259.6;Mikkel Gaarde PEDERSEN;;LMP3;;Rinaldi Racing;Ligier;GF;30.522;41.502;30.826
5;3;109;01:43.4;0;;30.864;0;41.712;0;30.808;0;162.2;56:12.7;56:13.5;00:30.9;00:41.7;00:30.8;260.9;Mikkel Gaarde PEDERSEN;;LMP3;;Rinaldi Racing;Ligier;GF;30.864;41.712;30.808
5;3;110;01:43.2;0;;30.677;0;41.765;0;30.76;0;162.5;57:55.9;57:56.7;00:30.7;00:41.8;00:30.8;261.5;Mikkel Gaarde PEDERSEN;;LMP3;;Rinaldi Racing;Ligier;GF;30.677;41.765;30.76
5;3;111;01:45.6;0;;30.562;0;42.601;0;32.407;0;158.8;59:41.4;59:42.2;00:30.6;00:42.6;00:32.4;262.1;Mikkel Gaarde PEDERSEN;;LMP3;;Rinaldi Racing;Ligier;GF;30.562;42.601;32.407
5;3;112;01:43.3;0;;30.98;0;41.427;0;30.853;0;162.4;01:24.7;01:25.5;00:31.0;00:41.4;00:30.9;261.5;Mikkel Gaarde PEDERSEN;;LMP3;;Rinaldi Racing;Ligier;GF;30.98;41.427;30.853
5;3;113;01:43.3;0;;30.756;0;41.636;0;30.865;0;162.4;03:08.0;03:08.8;00:30.8;00:41.6;00:30.9;260.2;Mikkel Gaarde PEDERSEN;;LMP3;;Rinaldi Racing;Ligier;GF;30.756;41.636;30.865
5;3;114;01:42.3;0;;30.344;0;41.257;0;30.698;0;163.9;04:50.3;04:51.1;00:30.3;00:41.3;00:30.7;258.4;Mikkel Gaarde PEDERSEN;;LMP3;;Rinaldi Racing;Ligier;GF;30.344;41.257;30.698
5;3;115;01:42.8;0;;30.401;0;41.401;0;31.025;0;163;06:33.1;06:33.9;00:30.4;00:41.4;00:31.0;259;Mikkel Gaarde PEDERSEN;;LMP3;;Rinaldi Racing;Ligier;GF;30.401;41.401;31.025
5;3;116;01:43.6;0;;30.683;0;41.8;0;31.07;0;161.9;08:16.6;08:17.4;00:30.7;00:41.8;00:31.1;260.9;Mikkel Gaarde PEDERSEN;;LMP3;;Rinaldi Racing;Ligier;GF;30.683;41.8;31.07
5;3;117;01:43.7;0;;31.016;0;41.66;0;31;0;161.7;10:00.3;10:01.1;00:31.0;00:41.7;00:31.0;260.2;Mikkel Gaarde PEDERSEN;;LMP3;;Rinaldi Racing;Ligier;GF;31.016;41.66;31
5;3;118;01:42.3;0;;30.336;0;41.223;0;30.7;0;163.9;11:42.6;11:43.4;00:30.3;00:41.2;00:30.7;257.1;Mikkel Gaarde PEDERSEN;;LMP3;;Rinaldi Racing;Ligier;GF;30.336;41.223;30.7
5;3;119;01:43.4;0;;30.654;0;41.64;0;31.064;0;162.2;13:25.9;13:26.7;00:30.7;00:41.6;00:31.1;258.4;Mikkel Gaarde PEDERSEN;;LMP3;;Rinaldi Racing;Ligier;GF;30.654;41.64;31.064
5;3;120;01:43.0;0;;30.782;0;41.491;0;30.715;0;162.8;15:08.9;15:09.7;00:30.8;00:41.5;00:30.7;259.6;Mikkel Gaarde PEDERSEN;;LMP3;;Rinaldi Racing;Ligier;GF;30.782;41.491;30.715
5;3;121;01:43.1;0;;30.374;0;41.246;0;31.437;0;162.7;16:52.0;16:52.8;00:30.4;00:41.2;00:31.4;259;Mikkel Gaarde PEDERSEN;;LMP3;;Rinaldi Racing;Ligier;GF;30.374;41.246;31.437
5;3;122;01:44.0;0;;30.536;0;42.137;0;31.322;0;161.2;18:36.0;18:36.8;00:30.5;00:42.1;00:31.3;259.6;Mikkel Gaarde PEDERSEN;;LMP3;;Rinaldi Racing;Ligier;GF;30.536;42.137;31.322
5;3;123;01:42.5;0;;30.415;0;41.357;0;30.754;0;163.5;20:18.5;20:19.3;00:30.4;00:41.4;00:30.8;258.4;Mikkel Gaarde PEDERSEN;;LMP3;;Rinaldi Racing;Ligier;GF;30.415;41.357;30.754
5;3;124;01:43.1;0;;30.492;0;41.585;0;31.042;0;162.6;22:01.6;22:02.4;00:30.5;00:41.6;00:31.0;258.4;Mikkel Gaarde PEDERSEN;;LMP3;;Rinaldi Racing;Ligier;GF;30.492;41.585;31.042
5;3;125;01:43.7;0;;30.593;0;41.681;0;31.406;0;161.7;23:45.3;23:46.1;00:30.6;00:41.7;00:31.4;259;Mikkel Gaarde PEDERSEN;;LMP3;;Rinaldi Racing;Ligier;GF;30.593;41.681;31.406
5;3;126;01:43.1;0;;30.429;0;41.551;0;31.125;0;162.6;25:28.4;25:29.2;00:30.4;00:41.6;00:31.1;258.4;Mikkel Gaarde PEDERSEN;;LMP3;;Rinaldi Racing;Ligier;GF;30.429;41.551;31.125
5;3;127;01:42.6;0;;30.421;0;41.237;0;30.99;0;163.3;27:11.0;27:11.8;00:30.4;00:41.2;00:31.0;257.8;Mikkel Gaarde PEDERSEN;;LMP3;;Rinaldi Racing;Ligier;FF;30.421;41.237;30.99
50;1;1;02:38.0;0;;51.01;0;01:02.2;0;44.812;0;103;02:38.0;02:38.8;00:51.0;01:02.2;00:44.8;;Custodio TOLEDO;;LMGT3;;Richard Mille AF Corse;Ferrari;SF;51.01;62.169;44.812
50;1;2;28:21.2;0;;01:28.8;0;01:15.5;0;25:37.0;0;9.9;30:59.2;31:00.0;01:28.8;01:15.5;25:37.0;;Custodio TOLEDO;;LMGT3;;Richard Mille AF Corse;Ferrari;SF;88.798;75.469;1536.98
50;1;3;02:40.0;0;;50.118;0;01:06.0;0;43.89;0;104.8;33:39.3;33:40.1;00:50.1;01:06.0;00:43.9;131.5;Custodio TOLEDO;;LMGT3;;Richard Mille AF Corse;Ferrari;SF;50.118;66.008;43.89
50;1;4;02:11.2;0;;47.994;0;47.426;0;35.744;0;127.8;35:50.4;35:51.2;00:48.0;00:47.4;00:35.7;;Custodio TOLEDO;;LMGT3;;Richard Mille AF Corse;Ferrari;GF;47.994;47.426;35.744
50;1;5;01:46.8;0;;31.795;0;42.944;0;32.045;0;157;37:37.2;37:38.0;00:31.8;00:42.9;00:32.0;255.9;Custodio TOLEDO;;LMGT3;;Richard Mille AF Corse;Ferrari;GF;31.795;42.944;32.045
50;1;6;01:45.7;0;;31.833;0;42.418;0;31.436;1;158.6;39:22.9;39:23.7;00:31.8;00:42.4;00:31.4;255.9;Custodio TOLEDO;;LMGT3;;Richard Mille AF Corse;Ferrari;GF;31.833;42.418;31.436
50;1;7;01:45.2;0;;31.302;0;42.39;0;31.546;0;159.3;41:08.1;41:08.9;00:31.3;00:42.4;00:31.5;255.9;Custodio TOLEDO;;LMGT3;;Richard Mille AF Corse;Ferrari;GF;31.302;42.39;31.546
50;1;8;01:45.2;0;;31.244;1;42.425;0;31.519;0;159.4;42:53.3;42:54.1;00:31.2;00:42.4;00:31.5;255.9;Custodio TOLEDO;;LMGT3;;Richard Mille AF Corse;Ferrari;GF;31.244;42.425;31.519
50;1;9;01:45.8;0;;31.446;0;42.548;0;31.821;0;158.4;44:39.1;44:39.9;00:31.4;00:42.5;00:31.8;255.9;Custodio TOLEDO;;LMGT3;;Richard Mille AF Corse;Ferrari;GF;31.446;42.548;31.821
50;1;10;01:47.0;0;;31.81;0;42.742;0;32.405;0;156.7;46:26.1;46:26.9;00:31.8;00:42.7;00:32.4;254.7;Custodio TOLEDO;;LMGT3;;Richard Mille AF Corse;Ferrari;GF;31.81;42.742;32.405
50;1;11;01:46.0;0;;31.397;0;42.613;0;31.985;0;158.2;48:12.1;48:12.9;00:31.4;00:42.6;00:32.0;255.9;Custodio TOLEDO;;LMGT3;;Richard Mille AF Corse;Ferrari;GF;31.397;42.613;31.985
50;1;12;01:47.1;0;;31.908;0;43.166;0;31.991;0;156.6;49:59.1;49:59.9;00:31.9;00:43.2;00:32.0;255.9;Custodio TOLEDO;;LMGT3;;Richard Mille AF Corse;Ferrari;GF;31.908;43.166;31.991
50;1;13;01:52.9;0;B;31.569;0;42.716;0;38.587;0;148.5;51:52.0;51:52.8;00:31.6;00:42.7;00:38.6;255.3;Custodio TOLEDO;;LMGT3;;Richard Mille AF Corse;Ferrari;GF;31.569;42.716;38.587
50;1;14;02:05.7;0;;50.984;0;42.739;0;31.955;0;133.4;53:57.7;53:58.5;00:51.0;00:42.7;00:32.0;185.2;Custodio TOLEDO;00:23.4;LMGT3;;Richard Mille AF Corse;Ferrari;GF;50.984;42.739;31.955
50;1;15;01:47.1;0;;31.628;0;43.208;0;32.262;0;156.5;55:44.8;55:45.6;00:31.6;00:43.2;00:32.3;254.1;Custodio TOLEDO;;LMGT3;;Richard Mille AF Corse;Ferrari;GF;31.628;43.208;32.262
50;1;16;01:49.3;0;;32.583;0;43.645;0;33.057;0;153.4;57:34.1;57:34.9;00:32.6;00:43.6;00:33.1;249.4;Custodio TOLEDO;;LMGT3;;Richard Mille AF Corse;Ferrari;GF;32.583;43.645;33.057
50;1;17;01:47.5;0;;31.871;0;43.294;0;32.289;0;156;59:21.5;59:22.3;00:31.9;00:43.3;00:32.3;254.7;Custodio TOLEDO;;LMGT3;;Richard Mille AF Corse;Ferrari;GF;31.871;43.294;32.289
50;1;18;01:49.8;0;;32.728;0;43.856;0;33.217;0;152.7;01:11.3;01:12.1;00:32.7;00:43.9;00:33.2;251.2;Custodio TOLEDO;;LMGT3;;Richard Mille AF Corse;Ferrari;GF;32.728;43.856;33.217
50;1;19;01:49.3;0;;33.031;0;43.736;0;32.516;0;153.4;03:00.6;03:01.4;00:33.0;00:43.7;00:32.5;255.3;Custodio TOLEDO;;LMGT3;;Richard Mille AF Corse;Ferrari;GF;33.031;43.736;32.516
50;1;20;01:48.7;0;;32.103;0;43.873;0;32.683;0;154.3;04:49.3;04:50.1;00:32.1;00:43.9;00:32.7;255.9;Custodio TOLEDO;;LMGT3;;Richard Mille AF Corse;Ferrari;GF;32.103;43.873;32.683
50;1;21;01:49.0;0;;32.504;0;43.755;0;32.725;0;153.8;06:38.3;06:39.1;00:32.5;00:43.8;00:32.7;254.7;Custodio TOLEDO;;LMGT3;;Richard Mille AF Corse;Ferrari;GF;32.504;43.755;32.725
50;1;22;01:48.9;0;;32.814;0;43.368;0;32.701;0;154;08:27.1;08:27.9;00:32.8;00:43.4;00:32.7;255.3;Custodio TOLEDO;;LMGT3;;Richard Mille AF Corse;Ferrari;GF;32.814;43.368;32.701
50;1;23;01:48.4;0;;32.312;0;43.499;0;32.624;0;154.6;10:15.6;10:16.4;00:32.3;00:43.5;00:32.6;243.8;Custodio TOLEDO;;LMGT3;;Richard Mille AF Corse;Ferrari;GF;32.312;43.499;32.624
50;1;24;01:48.5;0;;32.17;0;43.849;0;32.53;0;154.4;12:04.1;12:04.9;00:32.2;00:43.8;00:32.5;254.1;Custodio TOLEDO;;LMGT3;;Richard Mille AF Corse;Ferrari;GF;32.17;43.849;32.53
50;1;25;01:49.4;0;;33.039;0;43.607;0;32.71;0;153.3;13:53.5;13:54.3;00:33.0;00:43.6;00:32.7;254.1;Custodio TOLEDO;;LMGT3;;Richard Mille AF Corse;Ferrari;GF;33.039;43.607;32.71
50;1;26;01:49.0;0;;32.43;0;43.635;0;32.973;0;153.8;15:42.5;15:43.3;00:32.4;00:43.6;00:33.0;252.9;Custodio TOLEDO;;LMGT3;;Richard Mille AF Corse;Ferrari;GF;32.43;43.635;32.973
50;1;27;01:48.5;0;;32.687;0;43.062;0;32.767;0;154.5;17:31.0;17:31.8;00:32.7;00:43.1;00:32.8;241.1;Custodio TOLEDO;;LMGT3;;Richard Mille AF Corse;Ferrari;GF;32.687;43.062;32.767
50;1;28;01:47.5;0;;31.773;0;43.347;0;32.363;0;156;19:18.5;19:19.3;00:31.8;00:43.3;00:32.4;255.9;Custodio TOLEDO;;LMGT3;;Richard Mille AF Corse;Ferrari;GF;31.773;43.347;32.363
50;1;29;01:49.4;0;;31.977;0;43.277;0;34.146;0;153.2;21:07.9;21:08.7;00:32.0;00:43.3;00:34.1;253.5;Custodio TOLEDO;;LMGT3;;Richard Mille AF Corse;Ferrari;GF;31.977;43.277;34.146
50;1;30;01:50.9;0;;33.049;0;44.615;0;33.191;0;151.2;22:58.8;22:59.6;00:33.0;00:44.6;00:33.2;251.7;Custodio TOLEDO;;LMGT3;;Richard Mille AF Corse;Ferrari;GF;33.049;44.615;33.191
50;1;31;01:49.1;0;;32.236;0;43.84;0;33.011;0;153.7;24:47.9;24:48.7;00:32.2;00:43.8;00:33.0;253.5;Custodio TOLEDO;;LMGT3;;Richard Mille AF Corse;Ferrari;GF;32.236;43.84;33.011
50;1;32;01:48.8;0;;32.205;0;43.814;0;32.763;0;154.1;26:36.6;26:37.4;00:32.2;00:43.8;00:32.8;255.3;Custodio TOLEDO;;LMGT3;;Richard Mille AF Corse;Ferrari;GF;32.205;43.814;32.763
50;1;33;01:48.4;0;;32.466;0;43.363;0;32.58;0;154.6;28:25.1;28:25.9;00:32.5;00:43.4;00:32.6;255.3;Custodio TOLEDO;;LMGT3;;Richard Mille AF Corse;Ferrari;GF;32.466;43.363;32.58
50;1;34;01:48.3;0;;32.179;0;43.528;0;32.621;0;154.8;30:13.4;30:14.2;00:32.2;00:43.5;00:32.6;255.9;Custodio TOLEDO;;LMGT3;;Richard Mille AF Corse;Ferrari;GF;32.179;43.528;32.621
50;1;35;01:49.1;0;;31.98;0;43.909;0;33.194;0;153.7;32:02.5;32:03.3;00:32.0;00:43.9;00:33.2;256.5;Custodio TOLEDO;;LMGT3;;Richard Mille AF Corse;Ferrari;GF;31.98;43.909;33.194
50;1;36;01:54.3;0;B;32.148;0;43.568;0;38.557;0;146.7;33:56.7;33:57.5;00:32.1;00:43.6;00:38.6;255.9;Custodio TOLEDO;;LMGT3;;Richard Mille AF Corse;Ferrari;GF;32.148;43.568;38.557
50;1;37;04:38.4;0;;02:20.8;0;01:20.3;0;57.349;0;60.2;38:35.2;38:36.0;02:20.8;01:20.3;00:57.3;;Custodio TOLEDO;01:25.6;LMGT3;;Richard Mille AF Corse;Ferrari;GF;140.823;80.271;57.349
50;1;38;03:18.2;0;;01:13.6;0;01:19.9;0;44.707;0;84.6;41:53.4;41:54.2;01:13.6;01:19.9;00:44.7;;Custodio TOLEDO;;LMGT3;;Richard Mille AF Corse;Ferrari;SF;73.57;79.928;44.707
50;1;39;02:04.5;0;;41.409;0;48.126;0;34.991;0;134.6;43:57.9;43:58.7;00:41.4;00:48.1;00:35.0;158.1;Custodio TOLEDO;;LMGT3;;Richard Mille AF Corse;Ferrari;SF;41.409;48.126;34.991
50;1;40;02:55.7;0;;37.869;0;01:16.2;0;01:01.6;0;95.4;46:53.7;46:54.5;00:37.9;01:16.2;01:01.6;179.7;Custodio TOLEDO;;LMGT3;;Richard Mille AF Corse;Ferrari;SF;37.869;76.227;61.648
50;1;41;02:58.2;0;;01:10.6;0;01:05.6;0;42.008;0;94.1;49:51.9;49:52.7;01:10.6;01:05.6;00:42.0;;Custodio TOLEDO;;LMGT3;;Richard Mille AF Corse;Ferrari;SF;70.577;65.623;42.008
50;1;42;02:09.2;0;;41.886;0;47.734;0;39.576;0;129.8;52:01.1;52:01.9;00:41.9;00:47.7;00:39.6;156.3;Custodio TOLEDO;;LMGT3;;Richard Mille AF Corse;Ferrari;GF;41.886;47.734;39.576
50;1;43;01:46.9;0;;31.682;0;41.98;1;33.251;0;156.8;53:48.0;53:48.8;00:31.7;00:42.0;00:33.3;253.5;Custodio TOLEDO;;LMGT3;;Richard Mille AF Corse;Ferrari;GF;31.682;41.98;33.251
50;1;44;01:47.1;0;;31.983;0;42.954;0;32.166;0;156.5;55:35.1;55:35.9;00:32.0;00:43.0;00:32.2;251.2;Custodio TOLEDO;;LMGT3;;Richard Mille AF Corse;Ferrari;GF;31.983;42.954;32.166
50;1;45;01:46.0;0;;31.639;0;42.581;0;31.784;0;158.2;57:21.1;57:21.9;00:31.6;00:42.6;00:31.8;253.5;Custodio TOLEDO;;LMGT3;;Richard Mille AF Corse;Ferrari;GF;31.639;42.581;31.784
50;1;46;01:47.0;0;;31.691;0;42.737;0;32.583;0;156.7;59:08.1;59:08.9;00:31.7;00:42.7;00:32.6;254.1;Custodio TOLEDO;;LMGT3;;Richard Mille AF Corse;Ferrari;GF;31.691;42.737;32.583
50;1;47;01:52.8;0;B;32.495;0;43.086;0;37.25;0;148.6;01:00.9;01:01.7;00:32.5;00:43.1;00:37.3;248.3;Custodio TOLEDO;;LMGT3;;Richard Mille AF Corse;Ferrari;GF;32.495;43.086;37.25
50;2;48;02:40.3;0;;01:25.8;0;42.711;0;31.722;0;104.6;03:41.2;03:42.0;01:25.8;00:42.7;00:31.7;181.5;Francesco CASTELLACCI;00:58.0;LMGT3;;Richard Mille AF Corse;Ferrari;GF;85.85;42.711;31.722
50;2;49;02:56.1;0;;46.466;0;01:19.2;0;50.472;0;95.2;06:37.3;06:38.1;00:46.5;01:19.2;00:50.5;251.2;Francesco CASTELLACCI;;LMGT3;;Richard Mille AF Corse;Ferrari;GF;46.466;79.192;50.472
50;2;50;01:44.9;0;;31.901;0;42.155;0;30.843;0;159.8;08:22.2;08:23.0;00:31.9;00:42.2;00:30.8;246;Francesco CASTELLACCI;;LMGT3;;Richard Mille AF Corse;Ferrari;GF;31.901;42.155;30.843
50;2;51;01:43.7;0;;31.021;0;41.812;0;30.876;0;161.7;10:05.9;10:06.7;00:31.0;00:41.8;00:30.9;252.3;Francesco CASTELLACCI;;LMGT3;;Richard Mille AF Corse;Ferrari;GF;31.021;41.812;30.876
50;2;52;01:43.9;0;;31.001;0;41.831;0;31.039;0;161.4;11:49.8;11:50.6;00:31.0;00:41.8;00:31.0;252.9;Francesco CASTELLACCI;;LMGT3;;Richard Mille AF Corse;Ferrari;GF;31.001;41.831;31.039
50;2;53;01:45.3;0;;31.089;0;42.285;0;31.911;0;159.2;13:35.1;13:35.9;00:31.1;00:42.3;00:31.9;251.7;Francesco CASTELLACCI;;LMGT3;;Richard Mille AF Corse;Ferrari;GF;31.089;42.285;31.911
50;2;54;01:44.4;0;;31.211;0;42.104;0;31.11;0;160.5;15:19.5;15:20.3;00:31.2;00:42.1;00:31.1;252.3;Francesco CASTELLACCI;;LMGT3;;Richard Mille AF Corse;Ferrari;GF;31.211;42.104;31.11
50;2;55;01:44.3;0;;31.111;0;41.975;0;31.257;0;160.7;17:03.9;17:04.7;00:31.1;00:42.0;00:31.3;254.1;Francesco CASTELLACCI;;LMGT3;;Richard Mille AF Corse;Ferrari;GF;31.111;41.975;31.257
50;2;56;01:44.2;0;;31.014;0;41.978;0;31.178;0;160.9;18:48.0;18:48.8;00:31.0;00:42.0;00:31.2;252.9;Francesco CASTELLACCI;;LMGT3;;Richard Mille AF Corse;Ferrari;GF;31.014;41.978;31.178
50;2;57;01:44.2;0;;31.123;0;41.805;0;31.234;0;161;20:32.2;20:33.0;00:31.1;00:41.8;00:31.2;252.9;Francesco CASTELLACCI;;LMGT3;;Richard Mille AF Corse;Ferrari;GF;31.123;41.805;31.234
50;2;58;01:45.2;0;;31.506;0;42.247;0;31.434;0;159.4;22:17.4;22:18.2;00:31.5;00:42.2;00:31.4;244.3;Francesco CASTELLACCI;;LMGT3;;Richard Mille AF Corse;Ferrari;GF;31.506;42.247;31.434
50;2;59;01:45.1;0;;31.35;0;42.174;0;31.603;0;159.5;24:02.5;24:03.3;00:31.4;00:42.2;00:31.6;252.9;Francesco CASTELLACCI;;LMGT3;;Richard Mille AF Corse;Ferrari;GF;31.35;42.174;31.603
50;2;60;01:45.8;0;;31.166;0;42.192;0;32.445;0;158.5;25:48.3;25:49.1;00:31.2;00:42.2;00:32.4;253.5;Francesco CASTELLACCI;;LMGT3;;Richard Mille AF Corse;Ferrari;GF;31.166;42.192;32.445
50;2;61;01:45.0;0;;31.366;0;42.227;0;31.454;0;159.6;27:33.4;27:34.2;00:31.4;00:42.2;00:31.5;251.7;Francesco CASTELLACCI;;LMGT3;;Richard Mille AF Corse;Ferrari;GF;31.366;42.227;31.454
50;2;62;01:44.6;0;;31.198;0;41.972;0;31.473;0;160.2;29:18.0;29:18.8;00:31.2;00:42.0;00:31.5;252.9;Francesco CASTELLACCI;;LMGT3;;Richard Mille AF Corse;Ferrari;GF;31.198;41.972;31.473
50;2;63;01:45.3;0;;31.593;0;42.204;0;31.552;0;159.1;31:03.4;31:04.2;00:31.6;00:42.2;00:31.6;251.7;Francesco CASTELLACCI;;LMGT3;;Richard Mille AF Corse;Ferrari;GF;31.593;42.204;31.552
50;2;64;02:56.5;0;B;40.319;0;01:19.1;0;57.095;0;95;33:59.9;34:00.7;00:40.3;01:19.1;00:57.1;251.7;Francesco CASTELLACCI;;LMGT3;;Richard Mille AF Corse;Ferrari;GF;40.319;79.119;57.095
50;2;65;04:28.0;0;;02:11.2;0;01:19.9;0;56.995;0;62.5;38:27.9;38:28.7;02:11.2;01:19.9;00:57.0;;Francesco CASTELLACCI;01:16.1;LMGT3;;Richard Mille AF Corse;Ferrari;GF;131.184;79.863;56.995
50;2;66;02:41.7;0;;57.155;0;48.387;0;56.163;0;103.7;41:09.6;41:10.4;00:57.2;00:48.4;00:56.2;;Francesco CASTELLACCI;;LMGT3;;Richard Mille AF Corse;Ferrari;SF;57.155;48.387;56.163
50;2;67;02:51.7;0;;57.704;0;01:19.9;0;34.031;0;97.7;44:01.3;44:02.1;00:57.7;01:19.9;00:34.0;168.2;Francesco CASTELLACCI;;LMGT3;;Richard Mille AF Corse;Ferrari;SF;57.704;79.917;34.031
50;2;68;01:48.2;0;;32.318;0;43.476;0;32.384;0;155;45:49.5;45:50.3;00:32.3;00:43.5;00:32.4;248.3;Francesco CASTELLACCI;;LMGT3;;Richard Mille AF Corse;Ferrari;SF;32.318;43.476;32.384
50;2;69;02:02.3;0;;33.297;0;47.418;0;41.57;0;137.1;47:51.7;47:52.5;00:33.3;00:47.4;00:41.6;193.9;Francesco CASTELLACCI;;LMGT3;;Richard Mille AF Corse;Ferrari;SF;33.297;47.418;41.57
50;2;70;02:08.8;0;;40.635;0;47.078;0;41.102;0;130.1;50:00.6;50:01.4;00:40.6;00:47.1;00:41.1;127.8;Francesco CASTELLACCI;;LMGT3;;Richard Mille AF Corse;Ferrari;GF;40.635;47.078;41.102
50;2;71;01:43.4;0;;30.884;0;41.741;0;30.814;1;162.1;51:44.0;51:44.8;00:30.9;00:41.7;00:30.8;253.5;Francesco CASTELLACCI;;LMGT3;;Richard Mille AF Corse;Ferrari;GF;30.884;41.741;30.814
50;2;72;01:43.2;0;;30.806;2;41.553;1;30.874;0;162.4;53:27.2;53:28.0;00:30.8;00:41.6;00:30.9;254.7;Francesco CASTELLACCI;;LMGT3;;Richard Mille AF Corse;Ferrari;GF;30.806;41.553;30.874
50;2;73;01:44.1;0;;31.065;0;41.609;0;31.402;0;161.1;55:11.3;55:12.1;00:31.1;00:41.6;00:31.4;253.5;Francesco CASTELLACCI;;LMGT3;;Richard Mille AF Corse;Ferrari;GF;31.065;41.609;31.402
50;2;74;01:43.8;0;;30.898;0;41.855;0;31.007;0;161.6;56:55.1;56:55.9;00:30.9;00:41.9;00:31.0;252.3;Francesco CASTELLACCI;;LMGT3;;Richard Mille AF Corse;Ferrari;GF;30.898;41.855;31.007
50;2;75;01:43.9;0;;30.991;0;41.774;0;31.145;0;161.3;58:39.0;58:39.8;00:31.0;00:41.8;00:31.1;253.5;Francesco CASTELLACCI;;LMGT3;;Richard Mille AF Corse;Ferrari;GF;30.991;41.774;31.145
50;2;76;01:44.9;0;;31.305;0;42.047;0;31.534;0;159.8;00:23.9;00:24.7;00:31.3;00:42.0;00:31.5;255.3;Francesco CASTELLACCI;;LMGT3;;Richard Mille AF Corse;Ferrari;GF;31.305;42.047;31.534
50;2;77;01:45.6;0;;31.451;0;42.369;0;31.81;0;158.7;02:09.5;02:10.3;00:31.5;00:42.4;00:31.8;257.1;Francesco CASTELLACCI;;LMGT3;;Richard Mille AF Corse;Ferrari;GF;31.451;42.369;31.81
50;2;78;02:08.3;0;;31.973;0;42.329;0;53.969;0;130.7;04:17.8;04:18.6;00:32.0;00:42.3;00:54.0;250;Francesco CASTELLACCI;;LMGT3;;Richard Mille AF Corse;Ferrari;FCY;31.973;42.329;53.969
50;2;79;02:39.0;0;;01:13.0;0;54.738;0;31.273;0;105.4;06:56.8;06:57.6;01:13.0;00:54.7;00:31.3;;Francesco CASTELLACCI;;LMGT3;;Richard Mille AF Corse;Ferrari;GF;73.015;54.738;31.273
50;2;80;01:44.2;0;;31.083;0;42.081;0;31.061;0;160.9;08:41.0;08:41.8;00:31.1;00:42.1;00:31.1;251.7;Francesco CASTELLACCI;;LMGT3;;Richard Mille AF Corse;Ferrari;GF;31.083;42.081;31.061
50;2;81;01:44.9;0;;31.261;0;42.185;0;31.432;0;159.9;10:25.9;10:26.7;00:31.3;00:42.2;00:31.4;251.2;Francesco CASTELLACCI;;LMGT3;;Richard Mille AF Corse;Ferrari;GF;31.261;42.185;31.432
50;2;82;01:44.4;0;;31.08;0;42.022;0;31.259;0;160.6;12:10.3;12:11.1;00:31.1;00:42.0;00:31.3;251.7;Francesco CASTELLACCI;;LMGT3;;Richard Mille AF Corse;Ferrari;GF;31.08;42.022;31.259
50;2;83;01:45.0;0;;31.743;0;41.964;0;31.312;0;159.6;13:55.3;13:56.1;00:31.7;00:42.0;00:31.3;243.8;Francesco CASTELLACCI;;LMGT3;;Richard Mille AF Corse;Ferrari;GF;31.743;41.964;31.312
50;2;84;01:44.5;0;;31.085;0;41.974;0;31.415;0;160.5;15:39.8;15:40.5;00:31.1;00:42.0;00:31.4;251.7;Francesco CASTELLACCI;;LMGT3;;Richard Mille AF Corse;Ferrari;GF;31.085;41.974;31.415
50;2;85;01:44.5;0;;31.158;0;41.943;0;31.359;0;160.5;17:24.2;17:25.0;00:31.2;00:41.9;00:31.4;251.7;Francesco CASTELLACCI;;LMGT3;;Richard Mille AF Corse;Ferrari;GF;31.158;41.943;31.359
50;2;86;01:44.5;0;;31.174;0;41.979;0;31.395;0;160.4;19:08.8;19:09.6;00:31.2;00:42.0;00:31.4;251.7;Francesco CASTELLACCI;;LMGT3;;Richard Mille AF Corse;Ferrari;GF;31.174;41.979;31.395
50;2;87;01:44.8;0;;31.01;0;41.885;0;31.869;0;160;20:53.5;20:54.3;00:31.0;00:41.9;00:31.9;251.7;Francesco CASTELLACCI;;LMGT3;;Richard Mille AF Corse;Ferrari;GF;31.01;41.885;31.869
50;2;88;02:45.7;0;;58.779;0;01:14.3;0;32.673;0;101.2;23:39.3;23:40.1;00:58.8;01:14.3;00:32.7;;Francesco CASTELLACCI;;LMGT3;;Richard Mille AF Corse;Ferrari;GF;58.779;74.28;32.673
50;2;89;01:45.4;0;;31.522;0;41.983;0;31.941;0;159;25:24.7;25:25.5;00:31.5;00:42.0;00:31.9;252.3;Francesco CASTELLACCI;;LMGT3;;Richard Mille AF Corse;Ferrari;GF;31.522;41.983;31.941
50;2;90;01:45.2;0;;31.537;0;42.175;0;31.444;0;159.4;27:09.9;27:10.7;00:31.5;00:42.2;00:31.4;250.6;Francesco CASTELLACCI;;LMGT3;;Richard Mille AF Corse;Ferrari;GF;31.537;42.175;31.444
50;2;91;01:44.5;0;;31.225;0;41.919;0;31.308;0;160.5;28:54.3;28:55.1;00:31.2;00:41.9;00:31.3;252.3;Francesco CASTELLACCI;;LMGT3;;Richard Mille AF Corse;Ferrari;GF;31.225;41.919;31.308
50;2;92;01:49.1;0;B;31.149;0;42.006;0;35.982;0;153.6;30:43.4;30:44.2;00:31.1;00:42.0;00:36.0;252.3;Francesco CASTELLACCI;;LMGT3;;Richard Mille AF Corse;Ferrari;GF;31.149;42.006;35.982
50;3;93;02:59.3;0;;01:43.6;0;44.197;0;31.527;0;93.5;33:42.8;33:43.6;01:43.6;00:44.2;00:31.5;179.1;Riccardo AGOSTINI;01:13.4;LMGT3;;Richard Mille AF Corse;Ferrari;GF;103.593;44.197;31.527
50;3;94;01:43.4;0;;31.124;0;41.672;0;30.622;0;162.1;35:26.2;35:27.0;00:31.1;00:41.7;00:30.6;251.7;Riccardo AGOSTINI;;LMGT3;;Richard Mille AF Corse;Ferrari;GF;31.124;41.672;30.622
50;3;95;01:43.0;2;;30.948;0;41.537;0;30.544;2;162.7;37:09.2;37:10.0;00:30.9;00:41.5;00:30.5;252.3;Riccardo AGOSTINI;;LMGT3;;Richard Mille AF Corse;Ferrari;GF;30.948;41.537;30.544
50;3;96;01:43.1;0;;30.806;1;41.43;2;30.903;0;162.5;38:52.4;38:53.1;00:30.8;00:41.4;00:30.9;252.9;Riccardo AGOSTINI;;LMGT3;;Richard Mille AF Corse;Ferrari;GF;30.806;41.43;30.903
50;3;97;01:44.5;0;;31.206;0;41.95;0;31.334;0;160.4;40:36.8;40:37.6;00:31.2;00:42.0;00:31.3;252.3;Riccardo AGOSTINI;;LMGT3;;Richard Mille AF Corse;Ferrari;GF;31.206;41.95;31.334
50;3;98;01:44.5;0;;31.405;0;41.841;0;31.277;0;160.4;42:21.4;42:22.2;00:31.4;00:41.8;00:31.3;252.3;Riccardo AGOSTINI;;LMGT3;;Richard Mille AF Corse;Ferrari;GF;31.405;41.841;31.277
50;3;99;01:43.7;0;;31.154;0;41.673;0;30.902;0;161.6;44:05.1;44:05.9;00:31.2;00:41.7;00:30.9;252.3;Riccardo AGOSTINI;;LMGT3;;Richard Mille AF Corse;Ferrari;GF;31.154;41.673;30.902
50;3;100;01:43.6;0;;31.037;0;41.762;0;30.808;0;161.8;45:48.7;45:49.5;00:31.0;00:41.8;00:30.8;252.3;Riccardo AGOSTINI;;LMGT3;;Richard Mille AF Corse;Ferrari;GF;31.037;41.762;30.808
50;3;101;01:43.5;0;;30.99;0;41.703;0;30.811;0;162;47:32.2;47:33.0;00:31.0;00:41.7;00:30.8;252.9;Riccardo AGOSTINI;;LMGT3;;Richard Mille AF Corse;Ferrari;GF;30.99;41.703;30.811
50;3;102;01:43.4;0;;31.047;0;41.562;0;30.788;0;162.1;49:15.6;49:16.4;00:31.0;00:41.6;00:30.8;252.9;Riccardo AGOSTINI;;LMGT3;;Richard Mille AF Corse;Ferrari;GF;31.047;41.562;30.788
50;3;103;01:43.5;0;;30.972;0;41.594;0;30.898;0;162;50:59.1;50:59.9;00:31.0;00:41.6;00:30.9;252.3;Riccardo AGOSTINI;;LMGT3;;Richard Mille AF Corse;Ferrari;GF;30.972;41.594;30.898
50;3;104;01:43.9;0;;30.923;0;42.107;0;30.869;0;161.4;52:43.0;52:43.8;00:30.9;00:42.1;00:30.9;252.3;Riccardo AGOSTINI;;LMGT3;;Richard Mille AF Corse;Ferrari;GF;30.923;42.107;30.869
50;3;105;01:43.6;0;;30.933;0;41.81;0;30.819;0;161.9;54:26.5;54:27.3;00:30.9;00:41.8;00:30.8;252.3;Riccardo AGOSTINI;;LMGT3;;Richard Mille AF Corse;Ferrari;GF;30.933;41.81;30.819
50;3;106;01:44.1;0;;31.079;0;42.026;0;31.012;0;161;56:10.6;56:11.4;00:31.1;00:42.0;00:31.0;252.9;Riccardo AGOSTINI;;LMGT3;;Richard Mille AF Corse;Ferrari;GF;31.079;42.026;31.012
50;3;107;01:44.1;0;;31.119;0;41.976;0;30.971;0;161.1;57:54.7;57:55.5;00:31.1;00:42.0;00:31.0;253.5;Riccardo AGOSTINI;;LMGT3;;Richard Mille AF Corse;Ferrari;GF;31.119;41.976;30.971
50;3;108;01:46.4;0;;31.16;0;42.47;0;32.804;0;157.5;59:41.1;59:41.9;00:31.2;00:42.5;00:32.8;252.9;Riccardo AGOSTINI;;LMGT3;;Richard Mille AF Corse;Ferrari;GF;31.16;42.47;32.804
50;3;109;01:45.2;0;;31.982;0;42.265;0;31.001;0;159.3;01:26.4;01:27.2;00:32.0;00:42.3;00:31.0;253.5;Riccardo AGOSTINI;;LMGT3;;Richard Mille AF Corse;Ferrari;GF;31.982;42.265;31.001
50;3;110;01:43.9;0;;31.147;0;41.898;0;30.878;0;161.3;03:10.3;03:11.1;00:31.1;00:41.9;00:30.9;252.9;Riccardo AGOSTINI;;LMGT3;;Richard Mille AF Corse;Ferrari;GF;31.147;41.898;30.878
50;3;111;01:44.9;0;;31.229;0;42.475;0;31.238;0;159.8;04:55.3;04:56.1;00:31.2;00:42.5;00:31.2;253.5;Riccardo AGOSTINI;;LMGT3;;Richard Mille AF Corse;Ferrari;GF;31.229;42.475;31.238
50;3;112;01:45.1;0;;31.393;0;42.196;0;31.507;0;159.5;06:40.4;06:41.1;00:31.4;00:42.2;00:31.5;252.3;Riccardo AGOSTINI;;LMGT3;;Richard Mille AF Corse;Ferrari;GF;31.393;42.196;31.507
50;3;113;01:44.2;0;;31.104;0;41.954;0;31.17;0;160.9;08:24.6;08:25.4;00:31.1;00:42.0;00:31.2;252.9;Riccardo AGOSTINI;;LMGT3;;Richard Mille AF Corse;Ferrari;GF;31.104;41.954;31.17
50;3;114;01:44.6;0;;31.146;0;42.088;0;31.403;0;160.2;10:09.2;10:10.0;00:31.1;00:42.1;00:31.4;252.9;Riccardo AGOSTINI;;LMGT3;;Richard Mille AF Corse;Ferrari;GF;31.146;42.088;31.403
50;3;115;01:44.4;0;;31.061;0;42.218;0;31.129;0;160.6;11:53.6;11:54.4;00:31.1;00:42.2;00:31.1;252.9;Riccardo AGOSTINI;;LMGT3;;Richard Mille AF Corse;Ferrari;GF;31.061;42.218;31.129
50;3;116;01:45.0;0;;31.104;0;42.117;0;31.739;0;159.7;13:38.6;13:39.4;00:31.1;00:42.1;00:31.7;253.5;Riccardo AGOSTINI;;LMGT3;;Richard Mille AF Corse;Ferrari;GF;31.104;42.117;31.739
50;3;117;01:44.9;0;;31.188;0;42.35;0;31.398;0;159.8;15:23.5;15:24.3;00:31.2;00:42.4;00:31.4;253.5;Riccardo AGOSTINI;;LMGT3;;Richard Mille AF Corse;Ferrari;GF;31.188;42.35;31.398
50;3;118;01:45.9;0;;31.679;0;42.287;0;31.92;0;158.3;17:09.4;17:10.2;00:31.7;00:42.3;00:31.9;253.5;Riccardo AGOSTINI;;LMGT3;;Richard Mille AF Corse;Ferrari;GF;31.679;42.287;31.92
50;3;119;01:44.8;0;;31.299;0;42.069;0;31.445;0;160;18:54.2;18:55.0;00:31.3;00:42.1;00:31.4;252.9;Riccardo AGOSTINI;;LMGT3;;Richard Mille AF Corse;Ferrari;GF;31.299;42.069;31.445
50;3;120;01:44.8;0;;31.624;0;42.065;0;31.134;0;159.9;20:39.0;20:39.8;00:31.6;00:42.1;00:31.1;253.5;Riccardo AGOSTINI;;LMGT3;;Richard Mille AF Corse;Ferrari;GF;31.624;42.065;31.134
50;3;121;01:44.9;0;;31.349;0;42.185;0;31.384;0;159.8;22:24.0;22:24.8;00:31.3;00:42.2;00:31.4;254.7;Riccardo AGOSTINI;;LMGT3;;Richard Mille AF Corse;Ferrari;GF;31.349;42.185;31.384
50;3;122;01:45.5;0;;31.283;0;42.246;0;31.986;0;158.9;24:09.5;24:10.3;00:31.3;00:42.2;00:32.0;254.7;Riccardo AGOSTINI;;LMGT3;;Richard Mille AF Corse;Ferrari;GF;31.283;42.246;31.986
50;3;123;01:45.4;0;;31.407;0;42.208;0;31.758;0;159.1;25:54.8;25:55.6;00:31.4;00:42.2;00:31.8;253.5;Riccardo AGOSTINI;;LMGT3;;Richard Mille AF Corse;Ferrari;GF;31.407;42.208;31.758
50;3;124;01:46.3;0;;31.622;0;42.308;0;32.417;0;157.6;27:41.2;27:42.0;00:31.6;00:42.3;00:32.4;255.3;Riccardo AGOSTINI;;LMGT3;;Richard Mille AF Corse;Ferrari;FF;31.622;42.308;32.417
51;3;1;02:36.2;0;;50.148;0;01:01.1;0;44.94;0;104.2;02:36.2;02:37.0;00:50.1;01:01.1;00:44.9;;Davide RIGON;;LMGT3;;AF Corse;Ferrari;SF;50.148;61.098;44.94
51;3;2;28:19.5;0;;01:27.1;0;01:16.5;0;25:35.9;0;9.9;30:55.7;30:56.5;01:27.1;01:16.5;25:35.9;;Davide RIGON;;LMGT3;;AF Corse;Ferrari;SF;87.107;76.499;1535.911
51;3;3;02:40.6;0;;51.032;0;01:06.5;0;43.078;0;104.4;33:36.3;33:37.1;00:51.0;01:06.5;00:43.1;123.7;Davide RIGON;;LMGT3;;AF Corse;Ferrari;SF;51.032;66.525;43.078
51;3;4;02:12.3;0;;47.575;0;48.946;0;35.798;0;126.7;35:48.7;35:49.5;00:47.6;00:48.9;00:35.8;138.8;Davide RIGON;;LMGT3;;AF Corse;Ferrari;GF;47.575;48.946;35.798
51;3;5;01:45.1;0;;31.376;0;42.382;0;31.385;0;159.5;37:33.8;37:34.6;00:31.4;00:42.4;00:31.4;258.4;Davide RIGON;;LMGT3;;AF Corse;Ferrari;GF;31.376;42.382;31.385
51;3;6;01:44.7;0;;31.426;0;42.058;0;31.211;0;160.1;39:18.5;39:19.3;00:31.4;00:42.1;00:31.2;256.5;Davide RIGON;;LMGT3;;AF Corse;Ferrari;GF;31.426;42.058;31.211
51;3;7;01:43.6;0;;30.953;0;41.836;0;30.815;0;161.8;41:02.1;41:02.9;00:31.0;00:41.8;00:30.8;256.5;Davide RIGON;;LMGT3;;AF Corse;Ferrari;GF;30.953;41.836;30.815
51;3;8;01:42.5;2;;30.68;0;41.323;1;30.527;2;163.5;42:44.6;42:45.4;00:30.7;00:41.3;00:30.5;254.7;Davide RIGON;;LMGT3;;AF Corse;Ferrari;GF;30.68;41.323;30.527
51;3;9;01:43.4;0;;30.675;2;41.529;0;31.195;0;162.1;44:28.0;44:28.8;00:30.7;00:41.5;00:31.2;255.3;Davide RIGON;;LMGT3;;AF Corse;Ferrari;GF;30.675;41.529;31.195
51;3;10;01:43.2;0;;31.026;0;41.364;0;30.8;0;162.5;46:11.2;46:12.0;00:31.0;00:41.4;00:30.8;254.7;Davide RIGON;;LMGT3;;AF Corse;Ferrari;GF;31.026;41.364;30.8
51;3;11;01:43.9;0;;30.839;0;41.73;0;31.366;0;161.3;47:55.2;47:55.9;00:30.8;00:41.7;00:31.4;255.3;Davide RIGON;;LMGT3;;AF Corse;Ferrari;GF;30.839;41.73;31.366
51;3;12;01:44.8;0;;31.13;0;41.736;0;31.899;0;160;49:39.9;49:40.7;00:31.1;00:41.7;00:31.9;255.3;Davide RIGON;;LMGT3;;AF Corse;Ferrari;GF;31.13;41.736;31.899
51;3;13;01:44.8;0;;31.085;0;41.806;0;31.894;0;160;51:24.7;51:25.5;00:31.1;00:41.8;00:31.9;252.3;Davide RIGON;;LMGT3;;AF Corse;Ferrari;GF;31.085;41.806;31.894
51;3;14;01:44.8;0;;31.143;0;42.189;0;31.455;0;160;53:09.5;53:10.3;00:31.1;00:42.2;00:31.5;254.1;Davide RIGON;;LMGT3;;AF Corse;Ferrari;GF;31.143;42.189;31.455
51;3;15;01:44.0;0;;31.15;0;41.815;0;31.014;0;161.2;54:53.5;54:54.3;00:31.2;00:41.8;00:31.0;254.7;Davide RIGON;;LMGT3;;AF Corse;Ferrari;GF;31.15;41.815;31.014
51;3;16;01:43.4;0;;30.875;0;41.64;0;30.919;0;162.1;56:36.9;56:37.7;00:30.9;00:41.6;00:30.9;253.5;Davide RIGON;;LMGT3;;AF Corse;Ferrari;GF;30.875;41.64;30.919
51;3;17;01:44.0;0;;31.131;0;41.725;0;31.118;0;161.2;58:20.9;58:21.7;00:31.1;00:41.7;00:31.1;254.1;Davide RIGON;;LMGT3;;AF Corse;Ferrari;GF;31.131;41.725;31.118
51;3;18;01:44.1;0;;31.087;0;41.834;0;31.17;0;161.1;00:05.0;00:05.8;00:31.1;00:41.8;00:31.2;254.1;Davide RIGON;;LMGT3;;AF Corse;Ferrari;GF;31.087;41.834;31.17
51;3;19;01:44.2;0;;31.066;0;41.957;0;31.204;0;160.9;01:49.2;01:50.0;00:31.1;00:42.0;00:31.2;254.1;Davide RIGON;;LMGT3;;AF Corse;Ferrari;GF;31.066;41.957;31.204
51;3;20;01:44.6;0;;31.149;0;42.219;0;31.265;0;160.2;03:33.8;03:34.6;00:31.1;00:42.2;00:31.3;254.1;Davide RIGON;;LMGT3;;AF Corse;Ferrari;GF;31.149;42.219;31.265
51;3;21;01:44.9;0;;31.194;0;41.92;0;31.833;0;159.7;05:18.8;05:19.6;00:31.2;00:41.9;00:31.8;255.3;Davide RIGON;;LMGT3;;AF Corse;Ferrari;GF;31.194;41.92;31.833
51;3;22;01:45.9;0;;31.701;0;42.551;0;31.665;0;158.3;07:04.7;07:05.5;00:31.7;00:42.6;00:31.7;255.3;Davide RIGON;;LMGT3;;AF Corse;Ferrari;GF;31.701;42.551;31.665
51;3;23;01:44.3;0;;31.257;0;41.819;0;31.244;0;160.7;08:49.0;08:49.8;00:31.3;00:41.8;00:31.2;255.3;Davide RIGON;;LMGT3;;AF Corse;Ferrari;GF;31.257;41.819;31.244
51;3;24;01:44.7;0;;31.146;0;42.071;0;31.522;0;160.1;10:33.8;10:34.5;00:31.1;00:42.1;00:31.5;254.7;Davide RIGON;;LMGT3;;AF Corse;Ferrari;GF;31.146;42.071;31.522
51;3;25;01:45.4;0;;31.786;0;42.181;0;31.402;0;159.1;12:19.1;12:19.9;00:31.8;00:42.2;00:31.4;254.1;Davide RIGON;;LMGT3;;AF Corse;Ferrari;GF;31.786;42.181;31.402
51;3;26;01:44.8;0;;31.286;0;42.034;0;31.454;0;160;14:03.9;14:04.7;00:31.3;00:42.0;00:31.5;255.9;Davide RIGON;;LMGT3;;AF Corse;Ferrari;GF;31.286;42.034;31.454
51;3;27;01:45.4;0;;31.488;0;42.371;0;31.496;0;159.1;15:49.2;15:50.0;00:31.5;00:42.4;00:31.5;254.7;Davide RIGON;;LMGT3;;AF Corse;Ferrari;GF;31.488;42.371;31.496
51;3;28;01:47.3;0;;31.251;0;42.864;0;33.234;0;156.2;17:36.6;17:37.4;00:31.3;00:42.9;00:33.2;255.9;Davide RIGON;;LMGT3;;AF Corse;Ferrari;GF;31.251;42.864;33.234
51;3;29;01:45.6;0;;31.604;0;42.354;0;31.687;0;158.7;19:22.2;19:23.0;00:31.6;00:42.4;00:31.7;253.5;Davide RIGON;;LMGT3;;AF Corse;Ferrari;GF;31.604;42.354;31.687
51;3;30;01:46.7;0;;31.404;0;42.775;0;32.55;0;157.1;21:09.0;21:09.8;00:31.4;00:42.8;00:32.5;254.1;Davide RIGON;;LMGT3;;AF Corse;Ferrari;GF;31.404;42.775;32.55
51;3;31;01:46.1;0;;31.857;0;42.596;0;31.676;0;158;22:55.1;22:55.9;00:31.9;00:42.6;00:31.7;255.3;Davide RIGON;;LMGT3;;AF Corse;Ferrari;GF;31.857;42.596;31.676
51;3;32;01:45.8;0;;31.725;0;42.377;0;31.687;0;158.5;24:40.9;24:41.7;00:31.7;00:42.4;00:31.7;254.1;Davide RIGON;;LMGT3;;AF Corse;Ferrari;GF;31.725;42.377;31.687
51;3;33;01:46.4;0;;31.836;0;42.463;0;32.088;0;157.6;26:27.3;26:28.1;00:31.8;00:42.5;00:32.1;254.7;Davide RIGON;;LMGT3;;AF Corse;Ferrari;GF;31.836;42.463;32.088
51;3;34;01:51.2;0;B;31.658;0;42.787;0;36.739;0;150.8;28:18.5;28:19.3;00:31.7;00:42.8;00:36.7;255.9;Davide RIGON;;LMGT3;;AF Corse;Ferrari;GF;31.658;42.787;36.739
51;1;35;03:36.8;0;;02:15.3;0;47.303;0;34.283;0;77.3;31:55.3;31:56.1;02:15.3;00:47.3;00:34.3;180;Charles-Henri SAMANI;01:43.3;LMGT3;;AF Corse;Ferrari;GF;135.259;47.303;34.283
51;1;36;01:50.2;0;;33.802;0;43.905;0;32.515;0;152.1;33:45.5;33:46.3;00:33.8;00:43.9;00:32.5;250.6;Charles-Henri SAMANI;;LMGT3;;AF Corse;Ferrari;GF;33.802;43.905;32.515
51;1;37;03:06.0;0;;50.184;0;01:19.4;0;56.394;0;90.1;36:51.5;36:52.3;00:50.2;01:19.4;00:56.4;251.7;Charles-Henri SAMANI;;LMGT3;;AF Corse;Ferrari;GF;50.184;79.41;56.394
51;1;38;03:28.8;0;;01:12.9;0;01:19.4;0;56.525;0;80.3;40:20.3;40:21.1;01:12.9;01:19.4;00:56.5;;Charles-Henri SAMANI;;LMGT3;;AF Corse;Ferrari;GF;72.858;79.413;56.525
51;1;39;02:34.0;0;;01:11.0;0;46.926;0;36.03;0;108.9;42:54.3;42:55.1;01:11.0;00:46.9;00:36.0;;Charles-Henri SAMANI;;LMGT3;;AF Corse;Ferrari;SF;71.034;46.926;36.03
51;1;40;03:33.1;0;;01:07.3;0;01:23.2;0;01:02.7;0;78.7;46:27.4;46:28.2;01:07.3;01:23.2;01:02.7;;Charles-Henri SAMANI;;LMGT3;;AF Corse;Ferrari;SF;67.273;83.178;62.659
51;1;41;03:01.7;0;;01:11.9;0;01:08.2;0;41.622;0;92.3;49:29.1;49:29.9;01:11.9;01:08.2;00:41.6;;Charles-Henri SAMANI;;LMGT3;;AF Corse;Ferrari;SF;71.923;68.177;41.622
51;1;42;02:15.0;0;;39.508;0;52.899;0;42.637;0;124.1;51:44.2;51:45.0;00:39.5;00:52.9;00:42.6;188.8;Charles-Henri SAMANI;;LMGT3;;AF Corse;Ferrari;GF;39.508;52.899;42.637
51;1;43;01:50.0;0;;33.302;0;44.142;0;32.548;0;152.4;53:34.2;53:35.0;00:33.3;00:44.1;00:32.5;251.7;Charles-Henri SAMANI;;LMGT3;;AF Corse;Ferrari;GF;33.302;44.142;32.548
51;1;44;01:48.2;0;;32.738;0;43.335;0;32.091;0;155;55:22.3;55:23.1;00:32.7;00:43.3;00:32.1;251.2;Charles-Henri SAMANI;;LMGT3;;AF Corse;Ferrari;GF;32.738;43.335;32.091
51;1;45;01:47.2;0;;31.921;0;42.941;0;32.378;0;156.3;57:09.6;57:10.4;00:31.9;00:42.9;00:32.4;252.3;Charles-Henri SAMANI;;LMGT3;;AF Corse;Ferrari;GF;31.921;42.941;32.378
51;1;46;01:47.6;0;;32.618;0;42.952;0;32.018;0;155.8;58:57.2;58:58.0;00:32.6;00:43.0;00:32.0;251.7;Charles-Henri SAMANI;;LMGT3;;AF Corse;Ferrari;GF;32.618;42.952;32.018
51;1;47;01:46.7;0;;31.552;0;42.917;0;32.191;0;157.2;00:43.8;00:44.6;00:31.6;00:42.9;00:32.2;252.9;Charles-Henri SAMANI;;LMGT3;;AF Corse;Ferrari;GF;31.552;42.917;32.191
51;1;48;01:47.1;0;;32.445;0;42.834;0;31.834;1;156.5;02:30.9;02:31.7;00:32.4;00:42.8;00:31.8;251.2;Charles-Henri SAMANI;;LMGT3;;AF Corse;Ferrari;GF;32.445;42.834;31.834
51;1;49;02:05.3;0;;31.746;0;42.961;0;50.579;0;133.8;04:36.2;04:37.0;00:31.7;00:43.0;00:50.6;252.9;Charles-Henri SAMANI;;LMGT3;;AF Corse;Ferrari;FCY;31.746;42.961;50.579
51;1;50;02:45.2;0;;01:12.7;0;01:00.1;0;32.442;0;101.5;07:21.4;07:22.2;01:12.7;01:00.1;00:32.4;;Charles-Henri SAMANI;;LMGT3;;AF Corse;Ferrari;GF;72.691;60.063;32.442
51;1;51;01:48.8;0;;32.283;0;43.699;0;32.792;0;154.1;09:10.2;09:11.0;00:32.3;00:43.7;00:32.8;251.2;Charles-Henri SAMANI;;LMGT3;;AF Corse;Ferrari;GF;32.283;43.699;32.792
51;1;52;01:55.5;0;B;32.191;0;44.163;0;39.103;0;145.2;11:05.6;11:06.4;00:32.2;00:44.2;00:39.1;251.7;Charles-Henri SAMANI;;LMGT3;;AF Corse;Ferrari;GF;32.191;44.163;39.103
51;1;53;02:06.8;0;;51.041;0;43.387;0;32.408;0;132.2;13:12.5;13:13.3;00:51.0;00:43.4;00:32.4;186.2;Charles-Henri SAMANI;00:23.5;LMGT3;;AF Corse;Ferrari;GF;51.041;43.387;32.408
51;1;54;01:47.0;0;;31.877;0;43.089;0;32.013;0;156.7;14:59.5;15:00.3;00:31.9;00:43.1;00:32.0;251.2;Charles-Henri SAMANI;;LMGT3;;AF Corse;Ferrari;GF;31.877;43.089;32.013
51;1;55;01:48.5;0;;32.177;0;43.699;0;32.652;0;154.5;16:48.0;16:48.8;00:32.2;00:43.7;00:32.7;252.3;Charles-Henri SAMANI;;LMGT3;;AF Corse;Ferrari;GF;32.177;43.699;32.652
51;1;56;01:49.5;0;;31.977;0;44.993;0;32.547;0;153.1;18:37.5;18:38.3;00:32.0;00:45.0;00:32.5;252.3;Charles-Henri SAMANI;;LMGT3;;AF Corse;Ferrari;GF;31.977;44.993;32.547
51;1;57;01:47.4;0;;31.817;0;43.189;0;32.394;0;156.1;20:24.9;20:25.7;00:31.8;00:43.2;00:32.4;252.3;Charles-Henri SAMANI;;LMGT3;;AF Corse;Ferrari;GF;31.817;43.189;32.394
51;1;58;01:47.5;0;;31.741;0;43.437;0;32.292;0;156;22:12.4;22:13.2;00:31.7;00:43.4;00:32.3;252.3;Charles-Henri SAMANI;;LMGT3;;AF Corse;Ferrari;GF;31.741;43.437;32.292
51;1;59;01:47.9;0;;31.883;0;43.206;0;32.797;0;155.4;24:00.3;24:01.1;00:31.9;00:43.2;00:32.8;251.2;Charles-Henri SAMANI;;LMGT3;;AF Corse;Ferrari;GF;31.883;43.206;32.797
51;1;60;01:47.9;0;;32.177;0;43.247;0;32.521;0;155.3;25:48.2;25:49.0;00:32.2;00:43.2;00:32.5;250.6;Charles-Henri SAMANI;;LMGT3;;AF Corse;Ferrari;GF;32.177;43.247;32.521
51;1;61;01:48.4;0;;32.39;0;43.294;0;32.75;0;154.6;27:36.6;27:37.4;00:32.4;00:43.3;00:32.7;247.7;Charles-Henri SAMANI;;LMGT3;;AF Corse;Ferrari;GF;32.39;43.294;32.75
51;1;62;01:48.2;0;;31.97;0;43.309;0;32.912;0;155;29:24.8;29:25.6;00:32.0;00:43.3;00:32.9;250;Charles-Henri SAMANI;;LMGT3;;AF Corse;Ferrari;GF;31.97;43.309;32.912
51;1;63;01:48.5;0;;31.968;0;43.385;0;33.182;0;154.5;31:13.4;31:14.2;00:32.0;00:43.4;00:33.2;250;Charles-Henri SAMANI;;LMGT3;;AF Corse;Ferrari;GF;31.968;43.385;33.182
51;1;64;03:03.9;0;B;47.837;0;01:18.9;0;57.15;0;91.2;34:17.3;34:18.1;00:47.8;01:18.9;00:57.2;250;Charles-Henri SAMANI;;LMGT3;;AF Corse;Ferrari;GF;47.837;78.918;57.15
51;1;65;04:39.3;0;;02:23.2;0;01:19.8;0;56.327;0;60;38:56.6;38:57.4;02:23.2;01:19.8;00:56.3;;Charles-Henri SAMANI;01:28.2;LMGT3;;AF Corse;Ferrari;SF;143.219;79.775;56.327
51;1;66;02:20.7;0;;43.34;0;47.426;0;49.98;0;119.1;41:17.3;41:18.1;00:43.3;00:47.4;00:50.0;209.7;Charles-Henri SAMANI;;LMGT3;;AF Corse;Ferrari;SF;43.34;47.426;49.98
51;1;67;02:46.4;0;;54.816;0;01:17.0;0;34.567;0;100.8;44:03.7;44:04.5;00:54.8;01:17.0;00:34.6;145.7;Charles-Henri SAMANI;;LMGT3;;AF Corse;Ferrari;SF;54.816;77.001;34.567
51;1;68;01:49.4;0;;32.645;0;43.703;0;33.09;0;153.2;45:53.2;45:54.0;00:32.6;00:43.7;00:33.1;245.5;Charles-Henri SAMANI;;LMGT3;;AF Corse;Ferrari;SF;32.645;43.703;33.09
51;1;69;02:00.2;0;;32.067;0;46.451;0;41.727;0;139.4;47:53.4;47:54.2;00:32.1;00:46.5;00:41.7;249.4;Charles-Henri SAMANI;;LMGT3;;AF Corse;Ferrari;SF;32.067;46.451;41.727
51;1;70;02:08.9;0;;40.7;0;47.139;0;41.061;0;130.1;50:02.3;50:03.1;00:40.7;00:47.1;00:41.1;121.5;Charles-Henri SAMANI;;LMGT3;;AF Corse;Ferrari;GF;40.7;47.139;41.061
51;1;71;01:49.1;0;;32.248;0;43.536;0;33.335;0;153.6;51:51.4;51:52.2;00:32.2;00:43.5;00:33.3;251.7;Charles-Henri SAMANI;;LMGT3;;AF Corse;Ferrari;GF;32.248;43.536;33.335
51;1;72;01:48.7;0;;32.433;0;43.911;0;32.309;0;154.3;53:40.1;53:40.9;00:32.4;00:43.9;00:32.3;252.3;Charles-Henri SAMANI;;LMGT3;;AF Corse;Ferrari;GF;32.433;43.911;32.309
51;1;73;01:47.1;0;;32.137;0;42.898;0;32.048;0;156.6;55:27.2;55:28.0;00:32.1;00:42.9;00:32.0;251.2;Charles-Henri SAMANI;;LMGT3;;AF Corse;Ferrari;GF;32.137;42.898;32.048
51;1;74;01:46.8;0;;31.805;0;42.909;0;32.062;0;157;57:13.9;57:14.7;00:31.8;00:42.9;00:32.1;249.4;Charles-Henri SAMANI;;LMGT3;;AF Corse;Ferrari;GF;31.805;42.909;32.062
51;1;75;01:46.6;0;;31.744;0;42.806;0;32.053;0;157.3;59:00.5;59:01.3;00:31.7;00:42.8;00:32.1;248.8;Charles-Henri SAMANI;;LMGT3;;AF Corse;Ferrari;GF;31.744;42.806;32.053
51;1;76;01:47.2;0;;32.092;0;42.961;0;32.105;0;156.5;00:47.7;00:48.5;00:32.1;00:43.0;00:32.1;251.7;Charles-Henri SAMANI;;LMGT3;;AF Corse;Ferrari;GF;32.092;42.961;32.105
51;1;77;01:48.1;0;;31.804;0;43.01;0;33.323;0;155;02:35.8;02:36.6;00:31.8;00:43.0;00:33.3;250;Charles-Henri SAMANI;;LMGT3;;AF Corse;Ferrari;GF;31.804;43.01;33.323
51;1;78;02:33.9;0;;32.178;0;01:04.9;0;56.85;0;108.9;05:09.7;05:10.5;00:32.2;01:04.9;00:56.8;248.8;Charles-Henri SAMANI;;LMGT3;;AF Corse;Ferrari;FCY;32.178;64.857;56.85
51;1;79;02:17.3;0;;01:01.8;0;43.477;0;32.03;0;122.1;07:27.0;07:27.8;01:01.8;00:43.5;00:32.0;;Charles-Henri SAMANI;;LMGT3;;AF Corse;Ferrari;GF;61.758;43.477;32.03
51;1;80;01:46.7;0;;31.779;0;42.753;0;32.133;0;157.2;09:13.7;09:14.4;00:31.8;00:42.8;00:32.1;247.7;Charles-Henri SAMANI;;LMGT3;;AF Corse;Ferrari;GF;31.779;42.753;32.133
51;1;81;01:47.2;0;;31.762;0;42.88;0;32.529;0;156.4;11:00.8;11:01.6;00:31.8;00:42.9;00:32.5;249.4;Charles-Henri SAMANI;;LMGT3;;AF Corse;Ferrari;GF;31.762;42.88;32.529
51;1;82;01:47.0;0;;31.905;0;42.951;0;32.164;0;156.7;12:47.8;12:48.6;00:31.9;00:43.0;00:32.2;249.4;Charles-Henri SAMANI;;LMGT3;;AF Corse;Ferrari;GF;31.905;42.951;32.164
51;1;83;01:49.0;0;;31.806;0;44.034;0;33.166;0;153.8;14:36.8;14:37.6;00:31.8;00:44.0;00:33.2;250.6;Charles-Henri SAMANI;;LMGT3;;AF Corse;Ferrari;GF;31.806;44.034;33.166
51;1;84;01:49.0;0;;32.809;0;43.744;0;32.438;0;153.8;16:25.8;16:26.6;00:32.8;00:43.7;00:32.4;248.3;Charles-Henri SAMANI;;LMGT3;;AF Corse;Ferrari;GF;32.809;43.744;32.438
51;1;85;01:47.1;0;;31.91;0;43.111;0;32.094;0;156.5;18:13.0;18:13.8;00:31.9;00:43.1;00:32.1;249.4;Charles-Henri SAMANI;;LMGT3;;AF Corse;Ferrari;GF;31.91;43.111;32.094
51;1;86;01:46.2;0;;31.752;0;42.631;1;31.84;0;157.8;19:59.2;20:00.0;00:31.8;00:42.6;00:31.8;250.6;Charles-Henri SAMANI;;LMGT3;;AF Corse;Ferrari;GF;31.752;42.631;31.84
51;1;87;02:27.3;0;;31.548;0;59.323;0;56.409;0;113.8;22:26.5;22:27.3;00:31.5;00:59.3;00:56.4;249.4;Charles-Henri SAMANI;;LMGT3;;AF Corse;Ferrari;FCY;31.548;59.323;56.409
51;1;88;02:10.0;0;;55.219;0;42.853;0;31.899;0;129;24:36.4;24:37.2;00:55.2;00:42.9;00:31.9;;Charles-Henri SAMANI;;LMGT3;;AF Corse;Ferrari;GF;55.219;42.853;31.899
51;1;89;01:46.6;0;;31.571;0;42.955;0;32.094;0;157.2;26:23.0;26:23.8;00:31.6;00:43.0;00:32.1;248.3;Charles-Henri SAMANI;;LMGT3;;AF Corse;Ferrari;GF;31.571;42.955;32.094
51;1;90;01:47.2;0;;31.742;0;43.315;0;32.142;0;156.4;28:10.2;28:11.0;00:31.7;00:43.3;00:32.1;249.4;Charles-Henri SAMANI;;LMGT3;;AF Corse;Ferrari;GF;31.742;43.315;32.142
51;1;91;01:48.4;0;;32.046;0;42.999;0;33.391;0;154.6;29:58.7;29:59.5;00:32.0;00:43.0;00:33.4;249.4;Charles-Henri SAMANI;;LMGT3;;AF Corse;Ferrari;GF;32.046;42.999;33.391
51;1;92;01:47.1;0;;32.149;0;42.758;0;32.144;0;156.6;31:45.7;31:46.5;00:32.1;00:42.8;00:32.1;252.3;Charles-Henri SAMANI;;LMGT3;;AF Corse;Ferrari;GF;32.149;42.758;32.144
51;1;93;01:47.1;0;;31.523;1;43.013;0;32.574;0;156.5;33:32.8;33:33.6;00:31.5;00:43.0;00:32.6;251.7;Charles-Henri SAMANI;;LMGT3;;AF Corse;Ferrari;GF;31.523;43.013;32.574
51;1;94;01:48.3;0;;31.856;0;44.034;0;32.415;0;154.8;35:21.2;35:21.9;00:31.9;00:44.0;00:32.4;250;Charles-Henri SAMANI;;LMGT3;;AF Corse;Ferrari;GF;31.856;44.034;32.415
51;1;95;01:53.7;0;B;32.059;0;42.786;0;38.842;0;147.5;37:14.8;37:15.6;00:32.1;00:42.8;00:38.8;251.7;Charles-Henri SAMANI;;LMGT3;;AF Corse;Ferrari;GF;32.059;42.786;38.842
51;2;96;02:58.4;0;;01:43.3;0;43.102;0;32.058;0;94;40:13.3;40:14.1;01:43.3;00:43.1;00:32.1;182.4;Conrad LAURSEN;01:14.8;LMGT3;;AF Corse;Ferrari;GF;103.277;43.102;32.058
51;2;97;01:43.4;0;;31.259;0;41.376;0;30.718;0;162.2;41:56.6;41:57.4;00:31.3;00:41.4;00:30.7;248.8;Conrad LAURSEN;;LMGT3;;AF Corse;Ferrari;GF;31.259;41.376;30.718
51;2;98;01:43.5;0;;30.891;0;41.3;2;31.335;0;161.9;43:40.2;43:40.9;00:30.9;00:41.3;00:31.3;249.4;Conrad LAURSEN;;LMGT3;;AF Corse;Ferrari;GF;30.891;41.3;31.335
51;2;99;01:43.2;0;;30.936;0;41.517;0;30.793;0;162.4;45:23.4;45:24.2;00:30.9;00:41.5;00:30.8;250;Conrad LAURSEN;;LMGT3;;AF Corse;Ferrari;GF;30.936;41.517;30.793
51;2;100;01:43.3;0;;30.896;0;41.393;0;30.966;0;162.4;47:06.7;47:07.4;00:30.9;00:41.4;00:31.0;251.2;Conrad LAURSEN;;LMGT3;;AF Corse;Ferrari;GF;30.896;41.393;30.966
51;2;101;01:43.5;0;;30.969;0;41.41;0;31.108;0;162;48:50.1;48:50.9;00:31.0;00:41.4;00:31.1;251.7;Conrad LAURSEN;;LMGT3;;AF Corse;Ferrari;GF;30.969;41.41;31.108
51;2;102;01:43.3;0;;31.103;0;41.449;0;30.699;1;162.4;50:33.4;50:34.2;00:31.1;00:41.4;00:30.7;251.2;Conrad LAURSEN;;LMGT3;;AF Corse;Ferrari;GF;31.103;41.449;30.699
51;2;103;01:43.9;0;;30.851;1;42.083;0;30.918;0;161.4;52:17.2;52:18.0;00:30.9;00:42.1;00:30.9;250.6;Conrad LAURSEN;;LMGT3;;AF Corse;Ferrari;GF;30.851;42.083;30.918
51;2;104;01:43.5;0;;30.933;0;41.643;0;30.932;0;162;54:00.8;54:01.5;00:30.9;00:41.6;00:30.9;251.7;Conrad LAURSEN;;LMGT3;;AF Corse;Ferrari;GF;30.933;41.643;30.932
51;2;105;01:43.6;0;;30.873;0;41.785;0;30.905;0;161.9;55:44.3;55:45.1;00:30.9;00:41.8;00:30.9;251.2;Conrad LAURSEN;;LMGT3;;AF Corse;Ferrari;GF;30.873;41.785;30.905
51;2;106;01:43.6;0;;31.098;0;41.54;0;30.952;0;161.8;57:27.9;57:28.7;00:31.1;00:41.5;00:31.0;251.2;Conrad LAURSEN;;LMGT3;;AF Corse;Ferrari;GF;31.098;41.54;30.952
51;2;107;01:45.1;0;;31.154;0;41.926;0;32.063;0;159.5;59:13.0;59:13.8;00:31.2;00:41.9;00:32.1;252.3;Conrad LAURSEN;;LMGT3;;AF Corse;Ferrari;GF;31.154;41.926;32.063
51;2;108;01:44.2;0;;31.223;0;41.842;0;31.14;0;160.9;00:57.3;00:58.0;00:31.2;00:41.8;00:31.1;251.2;Conrad LAURSEN;;LMGT3;;AF Corse;Ferrari;GF;31.223;41.842;31.14
51;2;109;01:44.0;0;;31.021;0;41.71;0;31.312;0;161.1;02:41.3;02:42.1;00:31.0;00:41.7;00:31.3;251.2;Conrad LAURSEN;;LMGT3;;AF Corse;Ferrari;GF;31.021;41.71;31.312
51;2;110;01:44.2;0;;31.218;0;41.859;0;31.17;0;160.8;04:25.5;04:26.3;00:31.2;00:41.9;00:31.2;250.6;Conrad LAURSEN;;LMGT3;;AF Corse;Ferrari;GF;31.218;41.859;31.17
51;2;111;01:44.3;0;;31.261;0;41.695;0;31.325;0;160.8;06:09.8;06:10.6;00:31.3;00:41.7;00:31.3;251.2;Conrad LAURSEN;;LMGT3;;AF Corse;Ferrari;GF;31.261;41.695;31.325
51;2;112;01:44.4;0;;31.141;0;41.922;0;31.318;0;160.6;07:54.2;07:55.0;00:31.1;00:41.9;00:31.3;250;Conrad LAURSEN;;LMGT3;;AF Corse;Ferrari;GF;31.141;41.922;31.318
51;2;113;01:44.1;0;;31.025;0;41.987;0;31.117;0;161;09:38.3;09:39.1;00:31.0;00:42.0;00:31.1;250;Conrad LAURSEN;;LMGT3;;AF Corse;Ferrari;GF;31.025;41.987;31.117
51;2;114;01:44.4;0;;31.152;0;41.642;0;31.613;0;160.6;11:22.7;11:23.5;00:31.2;00:41.6;00:31.6;251.2;Conrad LAURSEN;;LMGT3;;AF Corse;Ferrari;GF;31.152;41.642;31.613
51;2;115;01:44.3;0;;31.039;0;41.928;0;31.297;0;160.8;13:07.0;13:07.8;00:31.0;00:41.9;00:31.3;251.7;Conrad LAURSEN;;LMGT3;;AF Corse;Ferrari;GF;31.039;41.928;31.297
51;2;116;01:45.0;0;;31.144;0;42.2;0;31.683;0;159.6;14:52.0;14:52.8;00:31.1;00:42.2;00:31.7;250.6;Conrad LAURSEN;;LMGT3;;AF Corse;Ferrari;GF;31.144;42.2;31.683
51;2;117;01:45.2;0;;31.415;0;42.37;0;31.367;0;159.4;16:37.2;16:38.0;00:31.4;00:42.4;00:31.4;250.6;Conrad LAURSEN;;LMGT3;;AF Corse;Ferrari;GF;31.415;42.37;31.367
51;2;118;01:44.6;0;;31.29;0;41.861;0;31.406;0;160.3;18:21.7;18:22.5;00:31.3;00:41.9;00:31.4;251.2;Conrad LAURSEN;;LMGT3;;AF Corse;Ferrari;GF;31.29;41.861;31.406
51;2;119;01:44.5;0;;31.146;0;41.97;0;31.416;0;160.4;20:06.3;20:07.1;00:31.1;00:42.0;00:31.4;251.2;Conrad LAURSEN;;LMGT3;;AF Corse;Ferrari;GF;31.146;41.97;31.416
51;2;120;01:44.1;0;;31.186;0;41.854;0;31.064;0;161;21:50.4;21:51.2;00:31.2;00:41.9;00:31.1;251.7;Conrad LAURSEN;;LMGT3;;AF Corse;Ferrari;GF;31.186;41.854;31.064
51;2;121;01:44.4;0;;31.063;0;42.066;0;31.304;0;160.5;23:34.8;23:35.6;00:31.1;00:42.1;00:31.3;251.2;Conrad LAURSEN;;LMGT3;;AF Corse;Ferrari;GF;31.063;42.066;31.304
51;2;122;01:45.1;0;;31.12;0;42.185;0;31.789;0;159.5;25:19.9;25:20.7;00:31.1;00:42.2;00:31.8;251.2;Conrad LAURSEN;;LMGT3;;AF Corse;Ferrari;GF;31.12;42.185;31.789
51;2;123;01:45.8;0;;31.228;0;42.804;0;31.794;0;158.4;27:05.7;27:06.5;00:31.2;00:42.8;00:31.8;251.7;Conrad LAURSEN;;LMGT3;;AF Corse;Ferrari;FF;31.228;42.804;31.794
54;1;1;02:39.8;0;;51.817;0;01:02.6;0;45.307;0;101.8;02:39.8;02:40.6;00:51.8;01:02.6;00:45.3;;Dennis ANDERSEN;;LMGT3;;High Class Racing;Porsche;SF;51.817;62.642;45.307
54;1;2;28:23.0;0;;01:36.1;0;01:18.4;0;25:28.5;0;9.8;31:02.8;31:03.6;01:36.1;01:18.4;25:28.5;;Dennis ANDERSEN;;LMGT3;;High Class Racing;Porsche;SF;96.118;78.426;1528.456
54;1;3;02:39.6;0;;48.746;0;01:05.6;0;45.218;0;105.1;33:42.3;33:43.1;00:48.7;01:05.6;00:45.2;123;Dennis ANDERSEN;;LMGT3;;High Class Racing;Porsche;SF;48.746;65.602;45.218
54;1;4;02:10.9;0;;46.754;0;47.044;0;37.108;0;128.1;35:53.2;35:54.0;00:46.8;00:47.0;00:37.1;120.1;Dennis ANDERSEN;;LMGT3;;High Class Racing;Porsche;GF;46.754;47.044;37.108
54;1;5;01:49.2;0;;32.446;0;43.746;0;32.996;0;153.5;37:42.4;37:43.2;00:32.4;00:43.7;00:33.0;252.9;Dennis ANDERSEN;;LMGT3;;High Class Racing;Porsche;GF;32.446;43.746;32.996
54;1;6;01:47.8;0;;32.075;0;43.514;0;32.205;1;155.5;39:30.2;39:31.0;00:32.1;00:43.5;00:32.2;254.7;Dennis ANDERSEN;;LMGT3;;High Class Racing;Porsche;GF;32.075;43.514;32.205
54;1;7;01:47.5;0;;31.773;0;43.303;0;32.461;0;155.9;41:17.8;41:18.6;00:31.8;00:43.3;00:32.5;253.5;Dennis ANDERSEN;;LMGT3;;High Class Racing;Porsche;GF;31.773;43.303;32.461
54;1;8;01:47.7;0;;31.764;0;43.448;0;32.531;0;155.6;43:05.5;43:06.3;00:31.8;00:43.4;00:32.5;253.5;Dennis ANDERSEN;;LMGT3;;High Class Racing;Porsche;GF;31.764;43.448;32.531
54;1;9;01:50.0;0;;32.166;0;44.472;0;33.319;0;152.5;44:55.5;44:56.3;00:32.2;00:44.5;00:33.3;253.5;Dennis ANDERSEN;;LMGT3;;High Class Racing;Porsche;GF;32.166;44.472;33.319
54;1;10;01:49.3;0;;32.269;0;44.274;0;32.8;0;153.3;46:44.8;46:45.6;00:32.3;00:44.3;00:32.8;254.1;Dennis ANDERSEN;;LMGT3;;High Class Racing;Porsche;GF;32.269;44.274;32.8
54;1;11;01:48.9;0;;32.218;0;44.142;0;32.512;0;154;48:33.7;48:34.5;00:32.2;00:44.1;00:32.5;253.5;Dennis ANDERSEN;;LMGT3;;High Class Racing;Porsche;GF;32.218;44.142;32.512
54;1;12;01:47.2;0;;31.691;0;43.242;1;32.24;0;156.4;50:20.8;50:21.6;00:31.7;00:43.2;00:32.2;253.5;Dennis ANDERSEN;;LMGT3;;High Class Racing;Porsche;GF;31.691;43.242;32.24
54;1;13;01:47.3;0;;31.646;1;43.346;0;32.282;0;156.3;52:08.1;52:08.9;00:31.6;00:43.3;00:32.3;252.9;Dennis ANDERSEN;;LMGT3;;High Class Racing;Porsche;GF;31.646;43.346;32.282
54;1;14;01:47.6;0;;31.945;0;43.397;0;32.279;0;155.8;53:55.7;53:56.5;00:31.9;00:43.4;00:32.3;252.9;Dennis ANDERSEN;;LMGT3;;High Class Racing;Porsche;GF;31.945;43.397;32.279
54;1;15;01:47.7;0;;31.853;0;43.497;0;32.341;0;155.7;55:43.4;55:44.2;00:31.9;00:43.5;00:32.3;252.9;Dennis ANDERSEN;;LMGT3;;High Class Racing;Porsche;GF;31.853;43.497;32.341
54;1;16;01:52.7;0;;31.964;0;45.769;0;34.972;0;148.8;57:36.1;57:36.9;00:32.0;00:45.8;00:35.0;253.5;Dennis ANDERSEN;;LMGT3;;High Class Racing;Porsche;GF;31.964;45.769;34.972
54;1;17;01:50.1;0;;32.737;0;44.464;0;32.921;0;152.2;59:26.3;59:27.1;00:32.7;00:44.5;00:32.9;253.5;Dennis ANDERSEN;;LMGT3;;High Class Racing;Porsche;GF;32.737;44.464;32.921
54;1;18;01:50.5;0;;32.517;0;44.368;0;33.585;0;151.8;01:16.7;01:17.5;00:32.5;00:44.4;00:33.6;254.1;Dennis ANDERSEN;;LMGT3;;High Class Racing;Porsche;GF;32.517;44.368;33.585
54;1;19;01:48.9;0;;32.219;0;44.006;0;32.683;0;153.9;03:05.6;03:06.4;00:32.2;00:44.0;00:32.7;252.9;Dennis ANDERSEN;;LMGT3;;High Class Racing;Porsche;GF;32.219;44.006;32.683
54;1;20;01:48.5;0;;32.202;0;43.741;0;32.568;0;154.5;04:54.1;04:54.9;00:32.2;00:43.7;00:32.6;254.1;Dennis ANDERSEN;;LMGT3;;High Class Racing;Porsche;GF;32.202;43.741;32.568
54;1;21;01:48.9;0;;32.075;0;44.023;0;32.794;0;154;06:43.0;06:43.8;00:32.1;00:44.0;00:32.8;252.9;Dennis ANDERSEN;;LMGT3;;High Class Racing;Porsche;GF;32.075;44.023;32.794
54;1;22;01:50.6;0;;32.444;0;43.974;0;34.169;0;151.6;08:33.6;08:34.4;00:32.4;00:44.0;00:34.2;253.5;Dennis ANDERSEN;;LMGT3;;High Class Racing;Porsche;GF;32.444;43.974;34.169
54;1;23;01:48.7;0;;32.463;0;43.628;0;32.612;0;154.2;10:22.3;10:23.1;00:32.5;00:43.6;00:32.6;255.3;Dennis ANDERSEN;;LMGT3;;High Class Racing;Porsche;GF;32.463;43.628;32.612
54;1;24;01:48.1;0;;32.159;0;43.488;0;32.436;0;155.1;12:10.4;12:11.2;00:32.2;00:43.5;00:32.4;254.1;Dennis ANDERSEN;;LMGT3;;High Class Racing;Porsche;GF;32.159;43.488;32.436
54;1;25;01:48.6;0;;31.818;0;43.418;0;33.323;0;154.4;13:59.0;13:59.8;00:31.8;00:43.4;00:33.3;255.3;Dennis ANDERSEN;;LMGT3;;High Class Racing;Porsche;GF;31.818;43.418;33.323
54;1;26;01:48.3;0;;31.964;0;43.59;0;32.708;0;154.9;15:47.2;15:48.0;00:32.0;00:43.6;00:32.7;252.9;Dennis ANDERSEN;;LMGT3;;High Class Racing;Porsche;GF;31.964;43.59;32.708
54;1;27;02:18.6;0;;32.089;0;43.69;0;01:02.8;0;121;18:05.8;18:06.6;00:32.1;00:43.7;01:02.8;253.5;Dennis ANDERSEN;;LMGT3;;High Class Racing;Porsche;GF;32.089;43.69;62.804
54;1;28;01:48.4;0;;32.406;0;43.589;0;32.395;0;154.7;19:54.2;19:55.0;00:32.4;00:43.6;00:32.4;252.3;Dennis ANDERSEN;;LMGT3;;High Class Racing;Porsche;GF;32.406;43.589;32.395
54;1;29;01:48.3;0;;32.18;0;43.295;0;32.784;0;154.9;21:42.5;21:43.3;00:32.2;00:43.3;00:32.8;253.5;Dennis ANDERSEN;;LMGT3;;High Class Racing;Porsche;GF;32.18;43.295;32.784
54;1;30;02:10.6;0;B;32.341;0;58.021;0;40.209;0;128.4;23:53.0;23:53.8;00:32.3;00:58.0;00:40.2;254.7;Dennis ANDERSEN;;LMGT3;;High Class Racing;Porsche;GF;32.341;58.021;40.209
54;1;31;03:38.1;0;;02:18.8;0;45.086;0;34.149;0;76.9;27:31.1;27:31.9;02:18.8;00:45.1;00:34.1;178.8;Dennis ANDERSEN;01:47.5;LMGT3;;High Class Racing;Porsche;GF;138.839;45.086;34.149
54;1;32;01:50.1;0;;33.324;0;44.347;0;32.435;0;152.3;29:21.2;29:22.0;00:33.3;00:44.3;00:32.4;254.1;Dennis ANDERSEN;;LMGT3;;High Class Racing;Porsche;GF;33.324;44.347;32.435
54;1;33;01:48.5;0;;32.055;0;43.392;0;33.009;0;154.6;31:09.7;31:10.5;00:32.1;00:43.4;00:33.0;252.3;Dennis ANDERSEN;;LMGT3;;High Class Racing;Porsche;GF;32.055;43.392;33.009
54;1;34;01:48.6;0;;31.826;0;44.433;0;32.318;0;154.4;32:58.2;32:59.0;00:31.8;00:44.4;00:32.3;252.3;Dennis ANDERSEN;;LMGT3;;High Class Racing;Porsche;GF;31.826;44.433;32.318
54;1;35;02:27.1;0;;32.087;0;58.788;0;56.203;0;114;35:25.3;35:26.1;00:32.1;00:58.8;00:56.2;252.9;Dennis ANDERSEN;;LMGT3;;High Class Racing;Porsche;GF;32.087;58.788;56.203
54;1;36;03:30.0;0;B;01:12.4;0;01:19.3;0;58.333;0;79.8;38:55.3;38:56.1;01:12.4;01:19.3;00:58.3;;Dennis ANDERSEN;;LMGT3;;High Class Racing;Porsche;GF;72.374;79.279;58.333
54;2;37;03:50.7;0;;01:58.8;0;59.795;0;52.108;0;72.7;42:46.0;42:46.8;01:58.8;00:59.8;00:52.1;;Anders FJORDBACH;01:05.0;LMGT3;;High Class Racing;Porsche;SF;118.832;59.795;52.108
54;2;38;03:07.2;0;;01:08.5;0;01:23.0;0;35.648;0;89.6;45:53.2;45:54.0;01:08.5;01:23.0;00:35.6;;Anders FJORDBACH;;LMGT3;;High Class Racing;Porsche;SF;68.533;82.983;35.648
54;2;39;01:49.5;0;;33.011;0;43.542;0;32.945;0;153.1;47:42.7;47:43.5;00:33.0;00:43.5;00:32.9;226.9;Anders FJORDBACH;;LMGT3;;High Class Racing;Porsche;SF;33.011;43.542;32.945
54;2;40;02:13.8;0;;31.966;0;01:00.3;0;41.505;0;125.3;49:56.5;49:57.3;00:32.0;01:00.3;00:41.5;251.2;Anders FJORDBACH;;LMGT3;;High Class Racing;Porsche;SF;31.966;60.29;41.505
54;2;41;02:06.9;0;;41.214;0;47.183;0;38.473;0;132.1;52:03.3;52:04.1;00:41.2;00:47.2;00:38.5;159.5;Anders FJORDBACH;;LMGT3;;High Class Racing;Porsche;GF;41.214;47.183;38.473
54;2;42;01:45.2;0;;31.508;0;42.477;0;31.191;0;159.4;53:48.5;53:49.3;00:31.5;00:42.5;00:31.2;254.7;Anders FJORDBACH;;LMGT3;;High Class Racing;Porsche;GF;31.508;42.477;31.191
54;2;43;01:47.0;0;;32.047;0;42.857;0;32.057;0;156.7;55:35.5;55:36.3;00:32.0;00:42.9;00:32.1;254.1;Anders FJORDBACH;;LMGT3;;High Class Racing;Porsche;GF;32.047;42.857;32.057
54;2;44;01:43.4;0;;31.026;0;41.551;1;30.809;0;162.2;57:18.9;57:19.7;00:31.0;00:41.6;00:30.8;255.3;Anders FJORDBACH;;LMGT3;;High Class Racing;Porsche;GF;31.026;41.551;30.809
54;2;45;01:43.9;0;;31.242;0;41.924;0;30.78;1;161.3;59:02.8;59:03.6;00:31.2;00:41.9;00:30.8;254.1;Anders FJORDBACH;;LMGT3;;High Class Racing;Porsche;GF;31.242;41.924;30.78
54;2;46;01:44.2;0;;30.554;2;41.85;0;31.753;0;161;00:47.0;00:47.8;00:30.6;00:41.8;00:31.8;254.7;Anders FJORDBACH;;LMGT3;;High Class Racing;Porsche;GF;30.554;41.85;31.753
54;2;47;01:46.1;0;;31.53;0;42.48;0;32.047;0;158.1;02:33.0;02:33.8;00:31.5;00:42.5;00:32.0;257.8;Anders FJORDBACH;;LMGT3;;High Class Racing;Porsche;GF;31.53;42.48;32.047
54;2;48;02:05.5;0;;31.581;0;42.742;0;51.142;0;133.6;04:38.5;04:39.3;00:31.6;00:42.7;00:51.1;248.8;Anders FJORDBACH;;LMGT3;;High Class Racing;Porsche;FCY;31.581;42.742;51.142
54;2;49;02:44.5;0;;01:13.6;0;59.218;0;31.648;0;101.9;07:23.0;07:23.8;01:13.6;00:59.2;00:31.6;;Anders FJORDBACH;;LMGT3;;High Class Racing;Porsche;GF;73.631;59.218;31.648
54;2;50;01:45.9;0;;31.023;0;43.568;0;31.312;0;158.3;09:08.9;09:09.7;00:31.0;00:43.6;00:31.3;254.1;Anders FJORDBACH;;LMGT3;;High Class Racing;Porsche;GF;31.023;43.568;31.312
54;2;51;01:44.0;0;;30.964;0;41.911;0;31.133;0;161.2;10:52.9;10:53.7;00:31.0;00:41.9;00:31.1;251.7;Anders FJORDBACH;;LMGT3;;High Class Racing;Porsche;GF;30.964;41.911;31.133
54;2;52;01:44.4;0;;31.389;0;42.101;0;30.946;0;160.5;12:37.3;12:38.1;00:31.4;00:42.1;00:30.9;252.9;Anders FJORDBACH;;LMGT3;;High Class Racing;Porsche;GF;31.389;42.101;30.946
54;2;53;01:43.7;0;;30.912;0;41.901;0;30.86;0;161.7;14:21.0;14:21.8;00:30.9;00:41.9;00:30.9;252.9;Anders FJORDBACH;;LMGT3;;High Class Racing;Porsche;GF;30.912;41.901;30.86
54;2;54;01:44.2;0;;30.952;0;42.19;0;31.059;0;160.9;16:05.2;16:06.0;00:31.0;00:42.2;00:31.1;252.3;Anders FJORDBACH;;LMGT3;;High Class Racing;Porsche;GF;30.952;42.19;31.059
54;2;55;01:44.9;0;;30.976;0;42.469;0;31.451;0;159.8;17:50.1;17:50.9;00:31.0;00:42.5;00:31.5;253.5;Anders FJORDBACH;;LMGT3;;High Class Racing;Porsche;GF;30.976;42.469;31.451
54;2;56;01:44.6;0;;31.093;0;42.318;0;31.168;0;160.3;19:34.7;19:35.5;00:31.1;00:42.3;00:31.2;253.5;Anders FJORDBACH;;LMGT3;;High Class Racing;Porsche;GF;31.093;42.318;31.168
54;2;57;01:45.2;0;;30.971;0;42.332;0;31.854;0;159.4;21:19.8;21:20.6;00:31.0;00:42.3;00:31.9;252.9;Anders FJORDBACH;;LMGT3;;High Class Racing;Porsche;GF;30.971;42.332;31.854
54;2;58;01:47.1;0;;31.928;0;43.237;0;31.895;0;156.6;23:06.9;23:07.7;00:31.9;00:43.2;00:31.9;253.5;Anders FJORDBACH;;LMGT3;;High Class Racing;Porsche;GF;31.928;43.237;31.895
54;2;59;01:45.4;0;;31.524;0;42.317;0;31.55;0;159.1;24:52.3;24:53.1;00:31.5;00:42.3;00:31.6;254.1;Anders FJORDBACH;;LMGT3;;High Class Racing;Porsche;GF;31.524;42.317;31.55
54;2;60;01:46.0;0;;31.544;0;42.769;0;31.648;0;158.2;26:38.3;26:39.0;00:31.5;00:42.8;00:31.6;252.3;Anders FJORDBACH;;LMGT3;;High Class Racing;Porsche;GF;31.544;42.769;31.648
54;2;61;01:47.0;0;;31.654;0;43.752;0;31.565;0;156.7;28:25.2;28:26.0;00:31.7;00:43.8;00:31.6;252.9;Anders FJORDBACH;;LMGT3;;High Class Racing;Porsche;GF;31.654;43.752;31.565
54;2;62;01:45.1;0;;31.398;0;42.222;0;31.447;0;159.6;30:10.3;30:11.1;00:31.4;00:42.2;00:31.4;250;Anders FJORDBACH;;LMGT3;;High Class Racing;Porsche;GF;31.398;42.222;31.447
54;2;63;02:07.6;0;;31.32;0;42.295;0;53.983;0;131.4;32:17.9;32:18.7;00:31.3;00:42.3;00:54.0;250.6;Anders FJORDBACH;;LMGT3;;High Class Racing;Porsche;GF;31.32;42.295;53.983
54;2;64;03:28.8;0;;01:13.9;0;01:18.9;0;56.038;0;80.3;35:46.7;35:47.5;01:13.9;01:18.9;00:56.0;;Anders FJORDBACH;;LMGT3;;High Class Racing;Porsche;GF;73.86;78.924;56.038
54;2;65;03:26.7;0;;01:12.9;0;01:18.9;0;54.936;0;81.1;39:13.5;39:14.2;01:12.9;01:18.9;00:54.9;;Anders FJORDBACH;;LMGT3;;High Class Racing;Porsche;SF;72.886;78.919;54.936
54;2;66;02:09.2;0;;39.864;0;45.725;0;43.606;0;129.8;41:22.6;41:23.4;00:39.9;00:45.7;00:43.6;186.2;Anders FJORDBACH;;LMGT3;;High Class Racing;Porsche;SF;39.864;45.725;43.606
54;2;67;02:44.8;0;;54.763;0;01:15.1;0;34.886;0;101.8;44:07.4;44:08.2;00:54.8;01:15.1;00:34.9;;Anders FJORDBACH;;LMGT3;;High Class Racing;Porsche;SF;54.763;75.117;34.886
54;2;68;01:48.9;0;;32.49;0;43.678;0;32.69;0;154;45:56.3;45:57.1;00:32.5;00:43.7;00:32.7;231.8;Anders FJORDBACH;;LMGT3;;High Class Racing;Porsche;SF;32.49;43.678;32.69
54;2;69;02:01.1;0;;33.2;0;45.657;0;42.228;0;138.5;47:57.4;47:58.2;00:33.2;00:45.7;00:42.2;223.6;Anders FJORDBACH;;LMGT3;;High Class Racing;Porsche;SF;33.2;45.657;42.228
54;2;70;02:06.5;0;;40.754;0;45.779;0;39.934;0;132.6;50:03.8;50:04.6;00:40.8;00:45.8;00:39.9;155.8;Anders FJORDBACH;;LMGT3;;High Class Racing;Porsche;GF;40.754;45.779;39.934
54;2;71;01:46.4;0;;31.549;0;42.993;0;31.851;0;157.6;51:50.2;51:51.0;00:31.5;00:43.0;00:31.9;254.7;Anders FJORDBACH;;LMGT3;;High Class Racing;Porsche;GF;31.549;42.993;31.851
54;2;72;01:44.9;0;;31.155;0;42.353;0;31.362;0;159.9;53:35.1;53:35.9;00:31.2;00:42.4;00:31.4;252.9;Anders FJORDBACH;;LMGT3;;High Class Racing;Porsche;GF;31.155;42.353;31.362
54;2;73;01:46.5;0;;31.336;0;43.113;0;32.083;0;157.4;55:21.6;55:22.4;00:31.3;00:43.1;00:32.1;251.2;Anders FJORDBACH;;LMGT3;;High Class Racing;Porsche;GF;31.336;43.113;32.083
54;2;74;01:46.2;0;;31.501;0;42.759;0;31.929;0;157.9;57:07.8;57:08.6;00:31.5;00:42.8;00:31.9;253.5;Anders FJORDBACH;;LMGT3;;High Class Racing;Porsche;GF;31.501;42.759;31.929
54;2;75;01:52.9;0;B;32.097;0;43.059;0;37.773;0;148.5;59:00.7;59:01.5;00:32.1;00:43.1;00:37.8;243.2;Anders FJORDBACH;;LMGT3;;High Class Racing;Porsche;GF;32.097;43.059;37.773
54;1;76;03:09.5;0;;01:48.5;0;46.374;0;34.613;0;88.5;02:10.2;02:11.0;01:48.5;00:46.4;00:34.6;178.2;Dennis ANDERSEN;01:17.3;LMGT3;;High Class Racing;Porsche;GF;108.489;46.374;34.613
54;1;77;02:14.9;0;;33.755;0;44.679;0;56.442;0;124.3;04:25.1;04:25.9;00:33.8;00:44.7;00:56.4;247.1;Dennis ANDERSEN;;LMGT3;;High Class Racing;Porsche;FCY;33.755;44.679;56.442
54;1;78;02:38.4;0;;01:12.7;0;52.751;0;32.897;0;105.8;07:03.5;07:04.3;01:12.7;00:52.8;00:32.9;;Dennis ANDERSEN;;LMGT3;;High Class Racing;Porsche;GF;72.749;52.751;32.897
54;1;79;02:04.0;0;;32.179;0;43.3;0;48.532;0;135.2;09:07.5;09:08.3;00:32.2;00:43.3;00:48.5;247.7;Dennis ANDERSEN;;LMGT3;;High Class Racing;Porsche;GF;32.179;43.3;48.532
54;1;80;01:49.2;0;;32.534;0;43.633;0;33.006;0;153.6;10:56.7;10:57.5;00:32.5;00:43.6;00:33.0;242.7;Dennis ANDERSEN;;LMGT3;;High Class Racing;Porsche;GF;32.534;43.633;33.006
54;1;81;01:53.8;0;B;32.427;0;43.672;0;37.717;0;147.3;12:50.5;12:51.3;00:32.4;00:43.7;00:37.7;244.9;Dennis ANDERSEN;;LMGT3;;High Class Racing;Porsche;GF;32.427;43.672;37.717
54;1;82;02:59.2;0;;01:43.6;0;43.242;0;32.337;0;93.6;15:49.6;15:50.4;01:43.6;00:43.2;00:32.3;183.1;Dennis ANDERSEN;01:15.7;LMGT3;;High Class Racing;Porsche;GF;103.58;43.242;32.337
54;1;83;01:48.3;0;;32.371;0;43.25;0;32.642;0;154.9;17:37.9;17:38.7;00:32.4;00:43.2;00:32.6;247.7;Dennis ANDERSEN;;LMGT3;;High Class Racing;Porsche;GF;32.371;43.25;32.642
54;1;84;01:50.6;0;;32.56;0;44.384;0;33.693;0;151.5;19:28.5;19:29.3;00:32.6;00:44.4;00:33.7;246.6;Dennis ANDERSEN;;LMGT3;;High Class Racing;Porsche;GF;32.56;44.384;33.693
54;1;85;02:18.3;0;;34.451;0;48.871;0;54.978;0;121.2;21:46.8;21:47.6;00:34.5;00:48.9;00:55.0;249.4;Dennis ANDERSEN;;LMGT3;;High Class Racing;Porsche;FCY;34.451;48.871;54.978
54;1;86;02:43.3;0;B;01:12.4;0;48.678;0;42.261;0;102.6;24:30.2;24:31.0;01:12.4;00:48.7;00:42.3;;Dennis ANDERSEN;;LMGT3;;High Class Racing;Porsche;GF;72.394;48.678;42.261
54;3;87;05:42.3;0;;04:26.8;0;43.421;0;32.045;0;49;30:12.4;30:13.2;04:26.8;00:43.4;00:32.0;182.1;Laurin HEINRICH;03:57.8;LMGT3;;High Class Racing;Porsche;GF;266.785;43.421;32.045
54;3;88;01:44.5;0;;32.023;0;41.823;0;30.678;2;160.4;31:56.9;31:57.7;00:32.0;00:41.8;00:30.7;249.4;Laurin HEINRICH;;LMGT3;;High Class Racing;Porsche;GF;32.023;41.823;30.678
54;3;89;01:43.8;0;;30.765;0;41.884;0;31.149;0;161.5;33:40.7;33:41.5;00:30.8;00:41.9;00:31.1;249.4;Laurin HEINRICH;;LMGT3;;High Class Racing;Porsche;GF;30.765;41.884;31.149
54;3;90;01:43.6;0;;30.824;0;41.747;0;31.047;0;161.8;35:24.4;35:25.2;00:30.8;00:41.7;00:31.0;249.4;Laurin HEINRICH;;LMGT3;;High Class Racing;Porsche;GF;30.824;41.747;31.047
54;3;91;01:44.1;0;;30.885;0;41.73;0;31.531;0;161;37:08.5;37:09.3;00:30.9;00:41.7;00:31.5;244.9;Laurin HEINRICH;;LMGT3;;High Class Racing;Porsche;GF;30.885;41.73;31.531
54;3;92;01:43.5;0;;30.709;1;41.624;0;31.131;0;162;38:52.0;38:52.8;00:30.7;00:41.6;00:31.1;251.2;Laurin HEINRICH;;LMGT3;;High Class Racing;Porsche;GF;30.709;41.624;31.131
54;3;93;01:44.0;0;;31.091;0;41.607;0;31.329;0;161.2;40:36.0;40:36.8;00:31.1;00:41.6;00:31.3;248.8;Laurin HEINRICH;;LMGT3;;High Class Racing;Porsche;GF;31.091;41.607;31.329
54;3;94;01:43.8;0;;31.564;0;41.408;2;30.834;0;161.5;42:19.8;42:20.6;00:31.6;00:41.4;00:30.8;249.4;Laurin HEINRICH;;LMGT3;;High Class Racing;Porsche;GF;31.564;41.408;30.834
54;3;95;01:43.1;2;;30.776;0;41.538;0;30.817;0;162.6;44:02.9;44:03.7;00:30.8;00:41.5;00:30.8;251.2;Laurin HEINRICH;;LMGT3;;High Class Racing;Porsche;GF;30.776;41.538;30.817
54;3;96;01:43.8;0;;31.17;0;41.864;0;30.732;0;161.6;45:46.7;45:47.5;00:31.2;00:41.9;00:30.7;252.9;Laurin HEINRICH;;LMGT3;;High Class Racing;Porsche;GF;31.17;41.864;30.732
54;3;97;01:43.3;0;;30.876;0;41.546;0;30.846;0;162.3;47:30.0;47:30.8;00:30.9;00:41.5;00:30.8;250;Laurin HEINRICH;;LMGT3;;High Class Racing;Porsche;GF;30.876;41.546;30.846
54;3;98;01:43.5;0;;30.986;0;41.633;0;30.909;0;161.9;49:13.5;49:14.3;00:31.0;00:41.6;00:30.9;250;Laurin HEINRICH;;LMGT3;;High Class Racing;Porsche;GF;30.986;41.633;30.909
54;3;99;01:43.6;0;;30.902;0;41.578;0;31.101;0;161.9;50:57.1;50:57.9;00:30.9;00:41.6;00:31.1;249.4;Laurin HEINRICH;;LMGT3;;High Class Racing;Porsche;GF;30.902;41.578;31.101
54;3;100;01:43.5;0;;30.952;0;41.538;0;30.969;0;162;52:40.5;52:41.3;00:31.0;00:41.5;00:31.0;250;Laurin HEINRICH;;LMGT3;;High Class Racing;Porsche;GF;30.952;41.538;30.969
54;3;101;01:45.2;0;;31.062;0;41.925;0;32.178;0;159.4;54:25.7;54:26.5;00:31.1;00:41.9;00:32.2;250;Laurin HEINRICH;;LMGT3;;High Class Racing;Porsche;GF;31.062;41.925;32.178
54;3;102;01:44.2;0;;31;0;41.861;0;31.297;0;161;56:09.9;56:10.7;00:31.0;00:41.9;00:31.3;251.2;Laurin HEINRICH;;LMGT3;;High Class Racing;Porsche;GF;31;41.861;31.297
54;3;103;01:43.4;0;;30.836;0;41.642;0;30.894;0;162.2;57:53.2;57:54.0;00:30.8;00:41.6;00:30.9;252.3;Laurin HEINRICH;;LMGT3;;High Class Racing;Porsche;GF;30.836;41.642;30.894
54;3;104;01:44.3;0;;30.955;0;42.206;0;31.138;0;160.7;59:37.5;59:38.3;00:31.0;00:42.2;00:31.1;250.6;Laurin HEINRICH;;LMGT3;;High Class Racing;Porsche;GF;30.955;42.206;31.138
54;3;105;01:43.6;0;;30.987;0;41.814;0;30.773;0;161.9;01:21.1;01:21.9;00:31.0;00:41.8;00:30.8;252.3;Laurin HEINRICH;;LMGT3;;High Class Racing;Porsche;GF;30.987;41.814;30.773
54;3;106;01:43.3;0;;30.907;0;41.515;0;30.9;0;162.3;03:04.4;03:05.2;00:30.9;00:41.5;00:30.9;252.9;Laurin HEINRICH;;LMGT3;;High Class Racing;Porsche;GF;30.907;41.515;30.9
54;3;107;01:43.9;0;;31.214;0;41.816;0;30.893;0;161.3;04:48.4;04:49.2;00:31.2;00:41.8;00:30.9;249.4;Laurin HEINRICH;;LMGT3;;High Class Racing;Porsche;GF;31.214;41.816;30.893
54;3;108;01:44.4;0;;31.039;0;42.133;0;31.231;0;160.6;06:32.8;06:33.6;00:31.0;00:42.1;00:31.2;252.3;Laurin HEINRICH;;LMGT3;;High Class Racing;Porsche;GF;31.039;42.133;31.231
54;3;109;01:44.7;0;;31.609;0;41.892;0;31.213;0;160.1;08:17.5;08:18.3;00:31.6;00:41.9;00:31.2;254.1;Laurin HEINRICH;;LMGT3;;High Class Racing;Porsche;GF;31.609;41.892;31.213
54;3;110;01:48.3;0;B;31.119;0;41.83;0;35.384;0;154.8;10:05.8;10:06.6;00:31.1;00:41.8;00:35.4;251.7;Laurin HEINRICH;;LMGT3;;High Class Racing;Porsche;GF;31.119;41.83;35.384
54;3;111;02:24.2;0;;01:11.2;0;41.953;0;31.076;0;116.3;12:30.0;12:30.8;01:11.2;00:42.0;00:31.1;183.1;Laurin HEINRICH;00:44.3;LMGT3;;High Class Racing;Porsche;GF;71.161;41.953;31.076
54;3;112;01:44.0;0;;30.98;0;41.712;0;31.268;0;161.3;14:14.0;14:14.8;00:31.0;00:41.7;00:31.3;250;Laurin HEINRICH;;LMGT3;;High Class Racing;Porsche;GF;30.98;41.712;31.268
54;3;113;01:43.8;0;;31.039;0;41.908;0;30.818;0;161.6;15:57.7;15:58.5;00:31.0;00:41.9;00:30.8;250.6;Laurin HEINRICH;;LMGT3;;High Class Racing;Porsche;GF;31.039;41.908;30.818
54;3;114;01:44.4;0;;31.168;0;42.271;0;30.954;0;160.6;17:42.1;17:42.9;00:31.2;00:42.3;00:31.0;251.2;Laurin HEINRICH;;LMGT3;;High Class Racing;Porsche;GF;31.168;42.271;30.954
54;3;115;01:43.8;0;;31.051;0;41.937;0;30.846;0;161.5;19:25.9;19:26.7;00:31.1;00:41.9;00:30.8;252.9;Laurin HEINRICH;;LMGT3;;High Class Racing;Porsche;GF;31.051;41.937;30.846
54;3;116;01:43.8;0;;31.027;0;41.821;0;30.94;0;161.5;21:09.7;21:10.5;00:31.0;00:41.8;00:30.9;251.2;Laurin HEINRICH;;LMGT3;;High Class Racing;Porsche;GF;31.027;41.821;30.94
54;3;117;01:43.9;0;;31.141;0;41.714;0;31.019;0;161.4;22:53.6;22:54.4;00:31.1;00:41.7;00:31.0;251.7;Laurin HEINRICH;;LMGT3;;High Class Racing;Porsche;GF;31.141;41.714;31.019
54;3;118;01:44.0;0;;31.126;0;41.967;0;30.908;0;161.2;24:37.6;24:38.4;00:31.1;00:42.0;00:30.9;251.7;Laurin HEINRICH;;LMGT3;;High Class Racing;Porsche;GF;31.126;41.967;30.908
54;3;119;01:44.2;0;;31.153;0;41.851;0;31.229;0;160.8;26:21.8;26:22.6;00:31.2;00:41.9;00:31.2;252.3;Laurin HEINRICH;;LMGT3;;High Class Racing;Porsche;GF;31.153;41.851;31.229
54;3;120;01:43.9;0;;31.249;0;41.867;0;30.815;0;161.3;28:05.8;28:06.6;00:31.2;00:41.9;00:30.8;252.3;Laurin HEINRICH;;LMGT3;;High Class Racing;Porsche;FF;31.249;41.867;30.815
55;1;1;02:34.3;0;;49.452;0;01:00.1;0;44.764;0;105.4;02:34.3;02:35.1;00:49.5;01:00.1;00:44.8;;Duncan CAMERON;;LMGT3;;Spirit of Race;Ferrari;SF;49.452;60.102;44.764
55;1;2;28:17.4;0;;01:24.9;0;01:18.1;0;25:34.4;0;9.9;30:51.7;30:52.5;01:24.9;01:18.1;25:34.4;121.6;Duncan CAMERON;;LMGT3;;Spirit of Race;Ferrari;SF;84.885;78.059;1534.42
55;1;3;02:42.2;0;;52.189;0;01:07.0;0;43.007;0;103.3;33:33.9;33:34.7;00:52.2;01:07.0;00:43.0;145.9;Duncan CAMERON;;LMGT3;;Spirit of Race;Ferrari;SF;52.189;67.032;43.007
55;1;4;02:14.0;0;;48.331;0;48.03;0;37.664;0;125.1;35:47.9;35:48.7;00:48.3;00:48.0;00:37.7;139.7;Duncan CAMERON;;LMGT3;;Spirit of Race;Ferrari;GF;48.331;48.03;37.664
55;1;5;01:46.7;0;;31.656;0;43.561;0;31.517;0;157.1;37:34.7;37:35.5;00:31.7;00:43.6;00:31.5;255.9;Duncan CAMERON;;LMGT3;;Spirit of Race;Ferrari;GF;31.656;43.561;31.517
55;1;6;01:45.6;0;;31.501;0;42.59;0;31.496;0;158.8;39:20.3;39:21.1;00:31.5;00:42.6;00:31.5;256.5;Duncan CAMERON;;LMGT3;;Spirit of Race;Ferrari;GF;31.501;42.59;31.496
55;1;7;01:44.9;0;;31.249;0;42.276;0;31.377;1;159.8;41:05.2;41:06.0;00:31.2;00:42.3;00:31.4;255.9;Duncan CAMERON;;LMGT3;;Spirit of Race;Ferrari;GF;31.249;42.276;31.377
55;1;8;01:45.5;0;;31.232;0;42.653;0;31.567;0;159;42:50.6;42:51.4;00:31.2;00:42.7;00:31.6;256.5;Duncan CAMERON;;LMGT3;;Spirit of Race;Ferrari;GF;31.232;42.653;31.567
55;1;9;01:44.9;0;;31.161;1;42.396;0;31.38;0;159.8;44:35.5;44:36.3;00:31.2;00:42.4;00:31.4;256.5;Duncan CAMERON;;LMGT3;;Spirit of Race;Ferrari;GF;31.161;42.396;31.38
55;1;10;01:45.9;0;;31.253;0;42.375;0;32.268;0;158.3;46:21.4;46:22.2;00:31.3;00:42.4;00:32.3;255.3;Duncan CAMERON;;LMGT3;;Spirit of Race;Ferrari;GF;31.253;42.375;32.268
55;1;11;01:46.6;0;;31.484;0;43.228;0;31.937;0;157.2;48:08.1;48:08.9;00:31.5;00:43.2;00:31.9;255.3;Duncan CAMERON;;LMGT3;;Spirit of Race;Ferrari;GF;31.484;43.228;31.937
55;1;12;01:46.4;0;;31.551;0;42.696;0;32.171;0;157.5;49:54.5;49:55.3;00:31.6;00:42.7;00:32.2;257.1;Duncan CAMERON;;LMGT3;;Spirit of Race;Ferrari;GF;31.551;42.696;32.171
55;1;13;01:46.0;0;;31.507;0;42.885;0;31.598;0;158.2;51:40.5;51:41.3;00:31.5;00:42.9;00:31.6;255.9;Duncan CAMERON;;LMGT3;;Spirit of Race;Ferrari;GF;31.507;42.885;31.598
55;1;14;01:46.2;0;;31.352;0;42.873;0;32.021;0;157.8;53:26.7;53:27.5;00:31.4;00:42.9;00:32.0;254.1;Duncan CAMERON;;LMGT3;;Spirit of Race;Ferrari;GF;31.352;42.873;32.021
55;1;15;01:46.0;0;;31.521;0;42.56;0;31.925;0;158.2;55:12.8;55:13.5;00:31.5;00:42.6;00:31.9;252.9;Duncan CAMERON;;LMGT3;;Spirit of Race;Ferrari;GF;31.521;42.56;31.925
55;1;16;01:46.6;0;;31.761;0;42.843;0;32.044;0;157.2;56:59.4;57:00.2;00:31.8;00:42.8;00:32.0;252.9;Duncan CAMERON;;LMGT3;;Spirit of Race;Ferrari;GF;31.761;42.843;32.044
55;1;17;01:46.6;0;;31.586;0;42.617;0;32.357;0;157.3;58:46.0;58:46.8;00:31.6;00:42.6;00:32.4;252.9;Duncan CAMERON;;LMGT3;;Spirit of Race;Ferrari;GF;31.586;42.617;32.357
55;1;18;01:47.2;0;;31.736;0;42.734;0;32.697;0;156.4;00:33.1;00:33.9;00:31.7;00:42.7;00:32.7;251.7;Duncan CAMERON;;LMGT3;;Spirit of Race;Ferrari;GF;31.736;42.734;32.697
55;1;19;01:46.6;0;;31.505;0;42.999;0;32.08;0;157.3;02:19.7;02:20.5;00:31.5;00:43.0;00:32.1;254.1;Duncan CAMERON;;LMGT3;;Spirit of Race;Ferrari;GF;31.505;42.999;32.08
55;1;20;01:46.5;0;;31.718;0;42.657;0;32.174;0;157.3;04:06.3;04:07.1;00:31.7;00:42.7;00:32.2;252.9;Duncan CAMERON;;LMGT3;;Spirit of Race;Ferrari;GF;31.718;42.657;32.174
55;1;21;01:47.4;0;;32.099;0;42.943;0;32.326;0;156.1;05:53.6;05:54.4;00:32.1;00:42.9;00:32.3;253.5;Duncan CAMERON;;LMGT3;;Spirit of Race;Ferrari;GF;32.099;42.943;32.326
55;1;22;01:47.5;0;;31.787;0;43.001;0;32.667;0;156;07:41.1;07:41.9;00:31.8;00:43.0;00:32.7;252.3;Duncan CAMERON;;LMGT3;;Spirit of Race;Ferrari;GF;31.787;43.001;32.667
55;1;23;01:47.2;0;;31.668;0;43.195;0;32.326;0;156.4;09:28.3;09:29.1;00:31.7;00:43.2;00:32.3;253.5;Duncan CAMERON;;LMGT3;;Spirit of Race;Ferrari;GF;31.668;43.195;32.326
55;1;24;01:47.1;0;;31.486;0;42.886;0;32.757;0;156.5;11:15.4;11:16.2;00:31.5;00:42.9;00:32.8;253.5;Duncan CAMERON;;LMGT3;;Spirit of Race;Ferrari;GF;31.486;42.886;32.757
55;1;25;01:47.4;0;;31.784;0;43.262;0;32.335;0;156.1;13:02.8;13:03.6;00:31.8;00:43.3;00:32.3;252.9;Duncan CAMERON;;LMGT3;;Spirit of Race;Ferrari;GF;31.784;43.262;32.335
55;1;26;01:46.9;0;;31.466;0;43.072;0;32.317;0;156.9;14:49.6;14:50.4;00:31.5;00:43.1;00:32.3;252.9;Duncan CAMERON;;LMGT3;;Spirit of Race;Ferrari;GF;31.466;43.072;32.317
55;1;27;01:47.0;0;;31.684;0;42.812;0;32.466;0;156.7;16:36.6;16:37.4;00:31.7;00:42.8;00:32.5;252.9;Duncan CAMERON;;LMGT3;;Spirit of Race;Ferrari;GF;31.684;42.812;32.466
55;1;28;01:48.7;0;;32.505;0;43.698;0;32.53;0;154.2;18:25.3;18:26.1;00:32.5;00:43.7;00:32.5;250.6;Duncan CAMERON;;LMGT3;;Spirit of Race;Ferrari;GF;32.505;43.698;32.53
55;1;29;01:47.3;0;;31.739;0;43.205;0;32.312;0;156.3;20:12.6;20:13.4;00:31.7;00:43.2;00:32.3;251.7;Duncan CAMERON;;LMGT3;;Spirit of Race;Ferrari;GF;31.739;43.205;32.312
55;1;30;01:47.5;0;;31.898;0;43.246;0;32.354;0;156;22:00.1;22:00.9;00:31.9;00:43.2;00:32.4;251.7;Duncan CAMERON;;LMGT3;;Spirit of Race;Ferrari;GF;31.898;43.246;32.354
55;1;31;01:47.7;0;;31.725;0;43.468;0;32.522;0;155.6;23:47.8;23:48.6;00:31.7;00:43.5;00:32.5;252.3;Duncan CAMERON;;LMGT3;;Spirit of Race;Ferrari;GF;31.725;43.468;32.522
55;1;32;01:54.7;0;B;32.211;0;44.127;0;38.405;0;146.1;25:42.5;25:43.3;00:32.2;00:44.1;00:38.4;250;Duncan CAMERON;;LMGT3;;Spirit of Race;Ferrari;GF;32.211;44.127;38.405
55;1;33;02:49.6;0;;01:30.8;0;45.857;0;32.885;0;98.9;28:32.1;28:32.9;01:30.8;00:45.9;00:32.9;179.4;Duncan CAMERON;00:58.2;LMGT3;;Spirit of Race;Ferrari;GF;90.823;45.857;32.885
55;1;34;01:47.0;0;;32.116;0;43.05;0;31.883;0;156.6;30:19.2;30:20.0;00:32.1;00:43.1;00:31.9;252.3;Duncan CAMERON;;LMGT3;;Spirit of Race;Ferrari;GF;32.116;43.05;31.883
55;1;35;01:46.9;0;;31.755;0;43.048;0;32.061;0;156.9;32:06.0;32:06.8;00:31.8;00:43.0;00:32.1;252.9;Duncan CAMERON;;LMGT3;;Spirit of Race;Ferrari;GF;31.755;43.048;32.061
55;1;36;01:46.9;0;;31.499;0;43.253;0;32.102;0;156.9;33:52.9;33:53.7;00:31.5;00:43.3;00:32.1;251.7;Duncan CAMERON;;LMGT3;;Spirit of Race;Ferrari;GF;31.499;43.253;32.102
55;1;37;03:12.7;0;B;55.658;0;01:19.2;0;57.79;0;87;37:05.6;37:06.4;00:55.7;01:19.2;00:57.8;166.2;Duncan CAMERON;;LMGT3;;Spirit of Race;Ferrari;GF;55.658;79.249;57.79
55;1;38;04:18.6;0;;02:01.0;0;01:20.2;0;57.368;0;64.8;41:24.2;41:25.0;02:01.0;01:20.2;00:57.4;;Duncan CAMERON;01:05.8;LMGT3;;Spirit of Race;Ferrari;SF;120.978;80.247;57.368
55;1;39;02:22.7;0;;54.27;0;51.186;0;37.26;0;117.5;43:46.9;43:47.7;00:54.3;00:51.2;00:37.3;;Duncan CAMERON;;LMGT3;;Spirit of Race;Ferrari;SF;54.27;51.186;37.26
55;1;40;02:56.9;0;;36.982;0;01:18.4;0;01:01.4;0;94.8;46:43.7;46:44.5;00:37.0;01:18.4;01:01.4;201.9;Duncan CAMERON;;LMGT3;;Spirit of Race;Ferrari;SF;36.982;78.447;61.424
55;1;41;02:59.1;0;;01:10.0;0;01:06.8;0;42.317;0;93.6;49:42.9;49:43.7;01:10.0;01:06.8;00:42.3;;Duncan CAMERON;;LMGT3;;Spirit of Race;Ferrari;SF;70.033;66.773;42.317
55;1;42;02:10.9;0;;39.592;0;52.076;0;39.278;0;128;51:53.8;51:54.6;00:39.6;00:52.1;00:39.3;196.7;Duncan CAMERON;;LMGT3;;Spirit of Race;Ferrari;GF;39.592;52.076;39.278
55;1;43;01:47.1;0;;32.111;0;42.836;0;32.199;0;156.5;53:40.9;53:41.7;00:32.1;00:42.8;00:32.2;252.9;Duncan CAMERON;;LMGT3;;Spirit of Race;Ferrari;GF;32.111;42.836;32.199
55;1;44;01:46.0;0;;31.276;0;42.678;0;31.997;0;158.2;55:26.9;55:27.7;00:31.3;00:42.7;00:32.0;254.1;Duncan CAMERON;;LMGT3;;Spirit of Race;Ferrari;GF;31.276;42.678;31.997
55;1;45;01:46.6;0;;31.569;0;42.727;0;32.307;0;157.3;57:13.5;57:14.3;00:31.6;00:42.7;00:32.3;254.1;Duncan CAMERON;;LMGT3;;Spirit of Race;Ferrari;GF;31.569;42.727;32.307
55;1;46;01:47.1;0;;31.986;0;42.684;0;32.463;0;156.5;59:00.6;59:01.4;00:32.0;00:42.7;00:32.5;254.1;Duncan CAMERON;;LMGT3;;Spirit of Race;Ferrari;GF;31.986;42.684;32.463
55;1;47;01:46.0;0;;31.601;0;42.671;0;31.762;0;158.1;00:46.7;00:47.5;00:31.6;00:42.7;00:31.8;255.3;Duncan CAMERON;;LMGT3;;Spirit of Race;Ferrari;GF;31.601;42.671;31.762
55;1;48;01:47.3;0;;32.684;0;42.361;0;32.299;0;156.2;02:34.0;02:34.8;00:32.7;00:42.4;00:32.3;254.7;Duncan CAMERON;;LMGT3;;Spirit of Race;Ferrari;GF;32.684;42.361;32.299
55;1;49;02:06.7;0;;31.473;0;43.564;0;51.64;0;132.3;04:40.7;04:41.5;00:31.5;00:43.6;00:51.6;256.5;Duncan CAMERON;;LMGT3;;Spirit of Race;Ferrari;FCY;31.473;43.564;51.64
55;1;50;02:45.1;0;;01:14.0;0;58.653;0;32.467;0;101.6;07:25.8;07:26.6;01:14.0;00:58.7;00:32.5;;Duncan CAMERON;;LMGT3;;Spirit of Race;Ferrari;GF;73.966;58.653;32.467
55;1;51;01:45.7;0;;31.842;0;42.275;0;31.607;0;158.6;09:11.5;09:12.3;00:31.8;00:42.3;00:31.6;253.5;Duncan CAMERON;;LMGT3;;Spirit of Race;Ferrari;GF;31.842;42.275;31.607
55;1;52;01:48.7;0;;31.797;0;43.611;0;33.329;0;154.2;11:00.2;11:01.0;00:31.8;00:43.6;00:33.3;254.1;Duncan CAMERON;;LMGT3;;Spirit of Race;Ferrari;GF;31.797;43.611;33.329
55;1;53;01:45.1;0;;31.319;0;42.243;1;31.553;0;159.5;12:45.4;12:46.2;00:31.3;00:42.2;00:31.6;253.5;Duncan CAMERON;;LMGT3;;Spirit of Race;Ferrari;GF;31.319;42.243;31.553
55;1;54;01:46.1;0;;31.425;0;42.866;0;31.823;0;158;14:31.5;14:32.3;00:31.4;00:42.9;00:31.8;254.1;Duncan CAMERON;;LMGT3;;Spirit of Race;Ferrari;GF;31.425;42.866;31.823
55;1;55;01:46.4;0;;31.938;0;42.505;0;31.974;0;157.5;16:17.9;16:18.7;00:31.9;00:42.5;00:32.0;254.7;Duncan CAMERON;;LMGT3;;Spirit of Race;Ferrari;GF;31.938;42.505;31.974
55;1;56;01:46.8;0;;31.413;0;42.943;0;32.47;0;156.9;18:04.7;18:05.5;00:31.4;00:42.9;00:32.5;254.1;Duncan CAMERON;;LMGT3;;Spirit of Race;Ferrari;GF;31.413;42.943;32.47
55;1;57;01:49.2;0;;32.317;0;43.295;0;33.54;0;153.6;19:53.9;19:54.7;00:32.3;00:43.3;00:33.5;253.5;Duncan CAMERON;;LMGT3;;Spirit of Race;Ferrari;GF;32.317;43.295;33.54
55;1;58;01:47.3;0;;32.145;0;42.684;0;32.492;0;156.2;21:41.2;21:42.0;00:32.1;00:42.7;00:32.5;255.9;Duncan CAMERON;;LMGT3;;Spirit of Race;Ferrari;GF;32.145;42.684;32.492
55;1;59;01:48.2;0;;31.969;0;42.989;0;33.219;0;155;23:29.4;23:30.2;00:32.0;00:43.0;00:33.2;255.9;Duncan CAMERON;;LMGT3;;Spirit of Race;Ferrari;GF;31.969;42.989;33.219
55;1;60;01:46.1;0;;31.802;0;42.527;0;31.757;0;158;25:15.4;25:16.2;00:31.8;00:42.5;00:31.8;255.9;Duncan CAMERON;;LMGT3;;Spirit of Race;Ferrari;GF;31.802;42.527;31.757
55;1;61;01:45.7;0;;31.545;0;42.482;0;31.624;0;158.7;27:01.1;27:01.9;00:31.5;00:42.5;00:31.6;251.7;Duncan CAMERON;;LMGT3;;Spirit of Race;Ferrari;GF;31.545;42.482;31.624
55;1;62;01:51.7;0;B;31.364;0;42.877;0;37.421;0;150.1;28:52.8;28:53.6;00:31.4;00:42.9;00:37.4;252.3;Duncan CAMERON;;LMGT3;;Spirit of Race;Ferrari;GF;31.364;42.877;37.421
55;3;63;03:19.5;0;;01:42.8;0;44.255;0;52.482;0;84;32:12.3;32:13.1;01:42.8;00:44.3;00:52.5;179.1;Matthew GRIFFIN;01:12.6;LMGT3;;Spirit of Race;Ferrari;GF;102.764;44.255;52.482
55;3;64;03:29.4;0;;01:13.2;0;01:19.4;0;56.812;0;80.1;35:41.6;35:42.4;01:13.2;01:19.4;00:56.8;;Matthew GRIFFIN;;LMGT3;;Spirit of Race;Ferrari;GF;73.156;79.411;56.812
55;3;65;03:28.7;0;;01:13.1;0;01:19.6;0;56.059;0;80.3;39:10.4;39:11.2;01:13.1;01:19.6;00:56.1;;Matthew GRIFFIN;;LMGT3;;Spirit of Race;Ferrari;SF;73.124;79.552;56.059
55;3;66;02:09.2;0;;36.632;0;45.559;0;47.025;0;129.7;41:19.6;41:20.4;00:36.6;00:45.6;00:47.0;203.4;Matthew GRIFFIN;;LMGT3;;Spirit of Race;Ferrari;SF;36.632;45.559;47.025
55;3;67;02:45.3;0;;54.329;0;01:16.7;0;34.298;0;101.4;44:04.9;44:05.7;00:54.3;01:16.7;00:34.3;;Matthew GRIFFIN;;LMGT3;;Spirit of Race;Ferrari;SF;54.329;76.676;34.298
55;3;68;01:49.8;0;;33.461;0;43.988;0;32.342;0;152.7;45:54.7;45:55.5;00:33.5;00:44.0;00:32.3;223.6;Matthew GRIFFIN;;LMGT3;;Spirit of Race;Ferrari;SF;33.461;43.988;32.342
55;3;69;02:00.1;0;;32.92;0;46;0;41.229;0;139.5;47:54.8;47:55.6;00:32.9;00:46.0;00:41.2;226.9;Matthew GRIFFIN;;LMGT3;;Spirit of Race;Ferrari;SF;32.92;46;41.229
55;3;70;02:07.9;0;;41.116;0;46.306;0;40.513;0;131;50:02.8;50:03.6;00:41.1;00:46.3;00:40.5;132.5;Matthew GRIFFIN;;LMGT3;;Spirit of Race;Ferrari;GF;41.116;46.306;40.513
55;3;71;01:44.0;0;;31.707;0;41.642;0;30.615;2;161.3;51:46.7;51:47.5;00:31.7;00:41.6;00:30.6;252.3;Matthew GRIFFIN;;LMGT3;;Spirit of Race;Ferrari;GF;31.707;41.642;30.615
55;3;72;01:42.7;2;;30.797;2;41.26;2;30.677;0;163.2;53:29.5;53:30.3;00:30.8;00:41.3;00:30.7;251.7;Matthew GRIFFIN;;LMGT3;;Spirit of Race;Ferrari;GF;30.797;41.26;30.677
55;3;73;01:43.2;0;;30.84;0;41.345;0;31.045;0;162.4;55:12.7;55:13.5;00:30.8;00:41.3;00:31.0;251.7;Matthew GRIFFIN;;LMGT3;;Spirit of Race;Ferrari;GF;30.84;41.345;31.045
55;3;74;01:43.7;0;;31.016;0;41.795;0;30.92;0;161.6;56:56.4;56:57.2;00:31.0;00:41.8;00:30.9;251.7;Matthew GRIFFIN;;LMGT3;;Spirit of Race;Ferrari;GF;31.016;41.795;30.92
55;3;75;01:43.9;0;;30.989;0;41.567;0;31.326;0;161.4;58:40.3;58:41.1;00:31.0;00:41.6;00:31.3;251.7;Matthew GRIFFIN;;LMGT3;;Spirit of Race;Ferrari;GF;30.989;41.567;31.326
55;3;76;01:44.3;0;;31.057;0;41.79;0;31.473;0;160.7;00:24.6;00:25.4;00:31.1;00:41.8;00:31.5;252.3;Matthew GRIFFIN;;LMGT3;;Spirit of Race;Ferrari;GF;31.057;41.79;31.473
55;3;77;01:46.1;0;;31.695;0;42.637;0;31.723;0;158.1;02:10.7;02:11.5;00:31.7;00:42.6;00:31.7;255.3;Matthew GRIFFIN;;LMGT3;;Spirit of Race;Ferrari;GF;31.695;42.637;31.723
55;3;78;02:08.9;0;;31.979;0;42.325;0;54.634;0;130;04:19.6;04:20.4;00:32.0;00:42.3;00:54.6;252.9;Matthew GRIFFIN;;LMGT3;;Spirit of Race;Ferrari;FCY;31.979;42.325;54.634
55;3;79;02:37.8;0;;01:12.7;0;53.748;0;31.361;0;106.2;06:57.5;06:58.2;01:12.7;00:53.7;00:31.4;;Matthew GRIFFIN;;LMGT3;;Spirit of Race;Ferrari;GF;72.718;53.748;31.361
55;3;80;01:44.1;0;;31.132;0;41.976;0;30.968;0;161.1;08:41.5;08:42.3;00:31.1;00:42.0;00:31.0;251.7;Matthew GRIFFIN;;LMGT3;;Spirit of Race;Ferrari;GF;31.132;41.976;30.968
55;3;81;01:44.9;0;;31.139;0;42.278;0;31.436;0;159.9;10:26.4;10:27.2;00:31.1;00:42.3;00:31.4;252.9;Matthew GRIFFIN;;LMGT3;;Spirit of Race;Ferrari;GF;31.139;42.278;31.436
55;3;82;01:45.1;0;;31.357;0;42.436;0;31.268;0;159.6;12:11.4;12:12.2;00:31.4;00:42.4;00:31.3;252.9;Matthew GRIFFIN;;LMGT3;;Spirit of Race;Ferrari;GF;31.357;42.436;31.268
55;3;83;01:44.6;0;;31.365;0;42.033;0;31.224;0;160.2;13:56.1;13:56.9;00:31.4;00:42.0;00:31.2;252.3;Matthew GRIFFIN;;LMGT3;;Spirit of Race;Ferrari;GF;31.365;42.033;31.224
55;3;84;01:44.4;0;;31.217;0;41.924;0;31.308;0;160.5;15:40.5;15:41.3;00:31.2;00:41.9;00:31.3;252.3;Matthew GRIFFIN;;LMGT3;;Spirit of Race;Ferrari;GF;31.217;41.924;31.308
55;3;85;01:44.9;0;;31.248;0;41.918;0;31.709;0;159.9;17:25.4;17:26.2;00:31.2;00:41.9;00:31.7;251.7;Matthew GRIFFIN;;LMGT3;;Spirit of Race;Ferrari;GF;31.248;41.918;31.709
55;3;86;01:44.4;0;;31.064;0;41.889;0;31.45;0;160.6;19:09.8;19:10.6;00:31.1;00:41.9;00:31.4;251.7;Matthew GRIFFIN;;LMGT3;;Spirit of Race;Ferrari;GF;31.064;41.889;31.45
55;3;87;01:46.1;0;;31.112;0;42.512;0;32.47;0;158;20:55.9;20:56.7;00:31.1;00:42.5;00:32.5;252.3;Matthew GRIFFIN;;LMGT3;;Spirit of Race;Ferrari;GF;31.112;42.512;32.47
55;3;88;02:46.0;0;;01:05.4;0;01:08.8;0;31.788;0;101;23:41.9;23:42.7;01:05.4;01:08.8;00:31.8;;Matthew GRIFFIN;;LMGT3;;Spirit of Race;Ferrari;GF;65.432;68.765;31.788
55;3;89;01:44.9;0;;31.521;0;41.972;0;31.425;0;159.8;25:26.8;25:27.6;00:31.5;00:42.0;00:31.4;251.2;Matthew GRIFFIN;;LMGT3;;Spirit of Race;Ferrari;GF;31.521;41.972;31.425
55;3;90;01:44.7;0;;31.261;0;42.03;0;31.413;0;160.1;27:11.5;27:12.3;00:31.3;00:42.0;00:31.4;251.2;Matthew GRIFFIN;;LMGT3;;Spirit of Race;Ferrari;GF;31.261;42.03;31.413
55;3;91;01:49.7;0;B;31.336;0;41.872;0;36.452;0;152.9;29:01.1;29:01.9;00:31.3;00:41.9;00:36.5;251.7;Matthew GRIFFIN;;LMGT3;;Spirit of Race;Ferrari;GF;31.336;41.872;36.452
55;2;92;03:02.1;0;;01:46.0;0;44.17;0;31.964;0;92;32:03.3;32:04.1;01:46.0;00:44.2;00:32.0;180.6;David PEREL;01:16.2;LMGT3;;Spirit of Race;Ferrari;GF;106.007;44.17;31.964
55;2;93;01:44.6;0;;31.577;0;42;0;31.046;0;160.2;33:47.9;33:48.7;00:31.6;00:42.0;00:31.0;248.8;David PEREL;;LMGT3;;Spirit of Race;Ferrari;GF;31.577;42;31.046
55;2;94;01:44.1;0;;31.156;0;42.116;0;30.804;0;161.1;35:32.0;35:32.8;00:31.2;00:42.1;00:30.8;250;David PEREL;;LMGT3;;Spirit of Race;Ferrari;GF;31.156;42.116;30.804
55;2;95;01:43.2;0;;30.854;1;41.478;1;30.839;0;162.5;37:15.2;37:16.0;00:30.9;00:41.5;00:30.8;251.2;David PEREL;;LMGT3;;Spirit of Race;Ferrari;GF;30.854;41.478;30.839
55;2;96;01:43.2;0;;30.869;0;41.517;0;30.799;1;162.5;38:58.3;38:59.1;00:30.9;00:41.5;00:30.8;250.6;David PEREL;;LMGT3;;Spirit of Race;Ferrari;GF;30.869;41.517;30.799
55;2;97;01:44.0;0;;31.09;0;41.92;0;30.953;0;161.3;40:42.3;40:43.1;00:31.1;00:41.9;00:31.0;251.7;David PEREL;;LMGT3;;Spirit of Race;Ferrari;GF;31.09;41.92;30.953
55;2;98;01:44.0;0;;31.109;0;41.739;0;31.115;0;161.3;42:26.3;42:27.1;00:31.1;00:41.7;00:31.1;250;David PEREL;;LMGT3;;Spirit of Race;Ferrari;GF;31.109;41.739;31.115
55;2;99;01:44.8;0;;31.678;0;41.952;0;31.209;0;159.9;44:11.1;44:11.9;00:31.7;00:42.0;00:31.2;252.3;David PEREL;;LMGT3;;Spirit of Race;Ferrari;GF;31.678;41.952;31.209
55;2;100;01:44.1;0;;31.118;0;42.033;0;30.978;0;161;45:55.2;45:56.0;00:31.1;00:42.0;00:31.0;252.3;David PEREL;;LMGT3;;Spirit of Race;Ferrari;GF;31.118;42.033;30.978
55;2;101;01:44.3;0;;31.402;0;41.841;0;31.089;0;160.7;47:39.6;47:40.4;00:31.4;00:41.8;00:31.1;250.6;David PEREL;;LMGT3;;Spirit of Race;Ferrari;GF;31.402;41.841;31.089
55;2;102;01:44.6;0;;31.139;0;42.144;0;31.289;0;160.3;49:24.1;49:24.9;00:31.1;00:42.1;00:31.3;251.2;David PEREL;;LMGT3;;Spirit of Race;Ferrari;GF;31.139;42.144;31.289
55;2;103;01:44.4;0;;31.259;0;41.931;0;31.256;0;160.5;51:08.6;51:09.4;00:31.3;00:41.9;00:31.3;251.2;David PEREL;;LMGT3;;Spirit of Race;Ferrari;GF;31.259;41.931;31.256
55;2;104;01:44.3;0;;31.07;0;41.99;0;31.205;0;160.8;52:52.9;52:53.7;00:31.1;00:42.0;00:31.2;250;David PEREL;;LMGT3;;Spirit of Race;Ferrari;GF;31.07;41.99;31.205
55;2;105;01:44.5;0;;31.033;0;42.024;0;31.4;0;160.5;54:37.3;54:38.1;00:31.0;00:42.0;00:31.4;250.6;David PEREL;;LMGT3;;Spirit of Race;Ferrari;GF;31.033;42.024;31.4
55;2;106;01:44.6;0;;31.106;0;42.154;0;31.358;0;160.3;56:21.9;56:22.7;00:31.1;00:42.2;00:31.4;250.6;David PEREL;;LMGT3;;Spirit of Race;Ferrari;GF;31.106;42.154;31.358
55;2;107;01:46.0;0;;31.465;0;43.039;0;31.516;0;158.1;58:08.0;58:08.7;00:31.5;00:43.0;00:31.5;250.6;David PEREL;;LMGT3;;Spirit of Race;Ferrari;GF;31.465;43.039;31.516
55;2;108;01:44.8;0;;31.349;0;42.193;0;31.308;0;159.9;59:52.8;59:53.6;00:31.3;00:42.2;00:31.3;251.2;David PEREL;;LMGT3;;Spirit of Race;Ferrari;GF;31.349;42.193;31.308
55;2;109;01:44.6;0;;31.009;0;42.213;0;31.344;0;160.3;01:37.4;01:38.2;00:31.0;00:42.2;00:31.3;252.3;David PEREL;;LMGT3;;Spirit of Race;Ferrari;GF;31.009;42.213;31.344
55;2;110;01:44.7;0;;31.12;0;42.243;0;31.384;0;160.1;03:22.1;03:22.9;00:31.1;00:42.2;00:31.4;250.6;David PEREL;;LMGT3;;Spirit of Race;Ferrari;GF;31.12;42.243;31.384
55;2;111;01:46.3;0;;31.636;0;42.563;0;32.133;0;157.7;05:08.4;05:09.2;00:31.6;00:42.6;00:32.1;250.6;David PEREL;;LMGT3;;Spirit of Race;Ferrari;GF;31.636;42.563;32.133
55;2;112;01:44.8;0;;31.34;0;42.062;0;31.401;0;160;06:53.2;06:54.0;00:31.3;00:42.1;00:31.4;251.2;David PEREL;;LMGT3;;Spirit of Race;Ferrari;GF;31.34;42.062;31.401
55;2;113;01:45.7;0;;31.286;0;42.21;0;32.245;0;158.5;08:39.0;08:39.8;00:31.3;00:42.2;00:32.2;251.7;David PEREL;;LMGT3;;Spirit of Race;Ferrari;GF;31.286;42.21;32.245
55;2;114;01:45.9;0;;31.75;0;42.517;0;31.586;0;158.4;10:24.8;10:25.6;00:31.8;00:42.5;00:31.6;251.7;David PEREL;;LMGT3;;Spirit of Race;Ferrari;GF;31.75;42.517;31.586
55;2;115;01:45.4;0;;31.243;0;42.526;0;31.642;0;159;12:10.3;12:11.0;00:31.2;00:42.5;00:31.6;250;David PEREL;;LMGT3;;Spirit of Race;Ferrari;GF;31.243;42.526;31.642
55;2;116;01:45.0;0;;31.165;0;42.35;0;31.505;0;159.6;13:55.3;13:56.1;00:31.2;00:42.4;00:31.5;251.7;David PEREL;;LMGT3;;Spirit of Race;Ferrari;GF;31.165;42.35;31.505
55;2;117;01:45.2;0;;31.254;0;42.264;0;31.703;0;159.3;15:40.5;15:41.3;00:31.3;00:42.3;00:31.7;250;David PEREL;;LMGT3;;Spirit of Race;Ferrari;GF;31.254;42.264;31.703
55;2;118;01:44.9;0;;31.032;0;42.242;0;31.603;0;159.9;17:25.4;17:26.2;00:31.0;00:42.2;00:31.6;250.6;David PEREL;;LMGT3;;Spirit of Race;Ferrari;GF;31.032;42.242;31.603
55;2;119;01:45.7;0;;31.181;0;42.624;0;31.891;0;158.6;19:11.1;19:11.9;00:31.2;00:42.6;00:31.9;251.2;David PEREL;;LMGT3;;Spirit of Race;Ferrari;GF;31.181;42.624;31.891
55;2;120;01:45.9;0;;31.306;0;42.583;0;32.031;0;158.3;20:57.0;20:57.8;00:31.3;00:42.6;00:32.0;250.6;David PEREL;;LMGT3;;Spirit of Race;Ferrari;GF;31.306;42.583;32.031
55;2;121;01:45.4;0;;31.282;0;42.321;0;31.752;0;159.1;22:42.3;22:43.1;00:31.3;00:42.3;00:31.8;251.2;David PEREL;;LMGT3;;Spirit of Race;Ferrari;GF;31.282;42.321;31.752
55;2;122;01:45.8;0;;31.348;0;42.447;0;32.052;0;158.4;24:28.2;24:29.0;00:31.3;00:42.4;00:32.1;251.2;David PEREL;;LMGT3;;Spirit of Race;Ferrari;GF;31.348;42.447;32.052
55;2;123;01:47.1;0;;31.7;0;42.765;0;32.59;0;156.6;26:15.2;26:16.0;00:31.7;00:42.8;00:32.6;250;David PEREL;;LMGT3;;Spirit of Race;Ferrari;GF;31.7;42.765;32.59
55;2;124;01:46.6;0;;31.579;0;42.662;0;32.321;0;157.3;28:01.8;28:02.6;00:31.6;00:42.7;00:32.3;251.2;David PEREL;;LMGT3;;Spirit of Race;Ferrari;FF;31.579;42.662;32.321
57;1;1;02:35.0;0;;49.763;0;01:00.7;0;44.553;0;105;02:35.0;02:35.8;00:49.8;01:00.7;00:44.6;;Takeshi KIMURA;;LMGT3;;Kessel Racing;Ferrari;SF;49.763;60.682;44.553
57;1;2;28:19.5;0;;01:27.4;0;01:15.7;0;25:36.3;0;9.9;30:54.5;30:55.3;01:27.4;01:15.7;25:36.3;121.1;Takeshi KIMURA;;LMGT3;;Kessel Racing;Ferrari;SF;87.437;75.689;1536.33
57;1;3;02:40.5;0;;50.49;0;01:06.9;0;43.126;0;104.4;33:35.0;33:35.8;00:50.5;01:06.9;00:43.1;137.8;Takeshi KIMURA;;LMGT3;;Kessel Racing;Ferrari;SF;50.49;66.931;43.126
57;1;4;02:13.4;0;;48.5;0;48.044;0;36.887;0;125.6;35:48.4;35:49.2;00:48.5;00:48.0;00:36.9;126.9;Takeshi KIMURA;;LMGT3;;Kessel Racing;Ferrari;GF;48.5;48.044;36.887
57;1;5;01:46.6;0;;32.063;0;43.212;0;31.329;0;157.3;37:35.0;37:35.8;00:32.1;00:43.2;00:31.3;255.9;Takeshi KIMURA;;LMGT3;;Kessel Racing;Ferrari;GF;32.063;43.212;31.329
57;1;6;01:45.7;0;;31.45;0;42.939;0;31.322;0;158.6;39:20.7;39:21.5;00:31.4;00:42.9;00:31.3;255.3;Takeshi KIMURA;;LMGT3;;Kessel Racing;Ferrari;GF;31.45;42.939;31.322
57;1;7;01:44.8;0;;31.214;0;42.396;0;31.207;1;159.9;41:05.6;41:06.4;00:31.2;00:42.4;00:31.2;255.3;Takeshi KIMURA;;LMGT3;;Kessel Racing;Ferrari;GF;31.214;42.396;31.207
57;1;8;01:45.5;0;;31.138;0;42.761;0;31.601;0;158.9;42:51.1;42:51.9;00:31.1;00:42.8;00:31.6;257.8;Takeshi KIMURA;;LMGT3;;Kessel Racing;Ferrari;GF;31.138;42.761;31.601
57;1;9;01:45.0;0;;31.098;1;42.505;0;31.409;0;159.7;44:36.1;44:36.9;00:31.1;00:42.5;00:31.4;254.7;Takeshi KIMURA;;LMGT3;;Kessel Racing;Ferrari;GF;31.098;42.505;31.409
57;1;10;01:45.9;0;;31.423;0;42.373;0;32.096;0;158.3;46:22.0;46:22.8;00:31.4;00:42.4;00:32.1;255.9;Takeshi KIMURA;;LMGT3;;Kessel Racing;Ferrari;GF;31.423;42.373;32.096
57;1;11;01:46.6;0;;31.884;0;43.019;0;31.732;0;157.2;48:08.6;48:09.4;00:31.9;00:43.0;00:31.7;255.9;Takeshi KIMURA;;LMGT3;;Kessel Racing;Ferrari;GF;31.884;43.019;31.732
57;1;12;01:46.5;0;;31.295;0;43.513;0;31.735;0;157.4;49:55.1;49:55.9;00:31.3;00:43.5;00:31.7;257.8;Takeshi KIMURA;;LMGT3;;Kessel Racing;Ferrari;GF;31.295;43.513;31.735
57;1;13;01:46.2;0;;31.367;0;42.855;0;31.956;0;157.9;51:41.3;51:42.1;00:31.4;00:42.9;00:32.0;257.1;Takeshi KIMURA;;LMGT3;;Kessel Racing;Ferrari;GF;31.367;42.855;31.956
57;1;14;01:46.3;0;;31.422;0;42.983;0;31.908;0;157.7;53:27.6;53:28.4;00:31.4;00:43.0;00:31.9;254.7;Takeshi KIMURA;;LMGT3;;Kessel Racing;Ferrari;GF;31.422;42.983;31.908
57;1;15;01:46.3;0;;31.722;0;42.797;0;31.788;0;157.7;55:13.9;55:14.7;00:31.7;00:42.8;00:31.8;253.5;Takeshi KIMURA;;LMGT3;;Kessel Racing;Ferrari;GF;31.722;42.797;31.788
57;1;16;01:46.8;0;;31.752;0;42.597;0;32.45;0;157;57:00.7;57:01.5;00:31.8;00:42.6;00:32.5;255.3;Takeshi KIMURA;;LMGT3;;Kessel Racing;Ferrari;GF;31.752;42.597;32.45
57;1;17;01:46.4;0;;31.68;0;42.709;0;32.012;0;157.6;58:47.1;58:47.9;00:31.7;00:42.7;00:32.0;252.3;Takeshi KIMURA;;LMGT3;;Kessel Racing;Ferrari;GF;31.68;42.709;32.012
57;1;18;01:46.4;0;;31.397;0;42.581;0;32.43;0;157.6;00:33.6;00:34.3;00:31.4;00:42.6;00:32.4;254.7;Takeshi KIMURA;;LMGT3;;Kessel Racing;Ferrari;GF;31.397;42.581;32.43
57;1;19;01:47.3;0;;31.437;0;43.204;0;32.662;0;156.2;02:20.9;02:21.7;00:31.4;00:43.2;00:32.7;254.7;Takeshi KIMURA;;LMGT3;;Kessel Racing;Ferrari;GF;31.437;43.204;32.662
57;1;20;01:46.6;0;;31.532;0;42.874;0;32.146;0;157.3;04:07.4;04:08.2;00:31.5;00:42.9;00:32.1;255.3;Takeshi KIMURA;;LMGT3;;Kessel Racing;Ferrari;GF;31.532;42.874;32.146
57;1;21;01:46.9;0;;31.491;0;43.044;0;32.32;0;156.9;05:54.3;05:55.1;00:31.5;00:43.0;00:32.3;255.9;Takeshi KIMURA;;LMGT3;;Kessel Racing;Ferrari;GF;31.491;43.044;32.32
57;1;22;01:47.6;0;;31.626;0;43.018;0;32.953;0;155.8;07:41.9;07:42.7;00:31.6;00:43.0;00:33.0;255.9;Takeshi KIMURA;;LMGT3;;Kessel Racing;Ferrari;GF;31.626;43.018;32.953
57;1;23;01:46.9;0;;31.678;0;42.857;0;32.36;0;156.8;09:28.8;09:29.6;00:31.7;00:42.9;00:32.4;255.9;Takeshi KIMURA;;LMGT3;;Kessel Racing;Ferrari;GF;31.678;42.857;32.36
57;1;24;01:48.0;0;;31.628;0;43.644;0;32.706;0;155.3;11:16.7;11:17.5;00:31.6;00:43.6;00:32.7;255.9;Takeshi KIMURA;;LMGT3;;Kessel Racing;Ferrari;GF;31.628;43.644;32.706
57;1;25;01:47.3;0;;31.468;0;43.286;0;32.522;0;156.3;13:04.0;13:04.8;00:31.5;00:43.3;00:32.5;255.9;Takeshi KIMURA;;LMGT3;;Kessel Racing;Ferrari;GF;31.468;43.286;32.522
57;1;26;01:47.4;0;;31.906;0;43.252;0;32.282;0;156;14:51.4;14:52.2;00:31.9;00:43.3;00:32.3;254.1;Takeshi KIMURA;;LMGT3;;Kessel Racing;Ferrari;GF;31.906;43.252;32.282
57;1;27;01:48.7;0;;31.878;0;43.996;0;32.788;0;154.3;16:40.1;16:40.9;00:31.9;00:44.0;00:32.8;252.9;Takeshi KIMURA;;LMGT3;;Kessel Racing;Ferrari;GF;31.878;43.996;32.788
57;1;28;01:48.0;0;;32.31;0;43.367;0;32.357;0;155.2;18:28.1;18:28.9;00:32.3;00:43.4;00:32.4;253.5;Takeshi KIMURA;;LMGT3;;Kessel Racing;Ferrari;GF;32.31;43.367;32.357
57;1;29;01:47.6;0;;31.85;0;43.073;0;32.667;0;155.8;20:15.7;20:16.5;00:31.9;00:43.1;00:32.7;253.5;Takeshi KIMURA;;LMGT3;;Kessel Racing;Ferrari;GF;31.85;43.073;32.667
57;1;30;01:47.8;0;;31.881;0;43.285;0;32.676;0;155.5;22:03.6;22:04.4;00:31.9;00:43.3;00:32.7;253.5;Takeshi KIMURA;;LMGT3;;Kessel Racing;Ferrari;GF;31.881;43.285;32.676
57;1;31;01:49.5;0;;32.457;0;44.33;0;32.747;0;153.1;23:53.1;23:53.9;00:32.5;00:44.3;00:32.7;252.9;Takeshi KIMURA;;LMGT3;;Kessel Racing;Ferrari;GF;32.457;44.33;32.747
57;1;32;01:48.3;0;;32.121;0;43.632;0;32.502;0;154.9;25:41.4;25:42.2;00:32.1;00:43.6;00:32.5;252.9;Takeshi KIMURA;;LMGT3;;Kessel Racing;Ferrari;GF;32.121;43.632;32.502
57;1;33;01:49.4;0;;31.806;0;43.769;0;33.812;0;153.3;27:30.8;27:31.5;00:31.8;00:43.8;00:33.8;254.1;Takeshi KIMURA;;LMGT3;;Kessel Racing;Ferrari;GF;31.806;43.769;33.812
57;1;34;01:49.1;0;;33.094;0;43.407;0;32.55;0;153.7;29:19.8;29:20.6;00:33.1;00:43.4;00:32.5;252.9;Takeshi KIMURA;;LMGT3;;Kessel Racing;Ferrari;GF;33.094;43.407;32.55
57;1;35;01:47.8;0;;32.002;0;43.214;0;32.583;0;155.5;31:07.6;31:08.4;00:32.0;00:43.2;00:32.6;254.1;Takeshi KIMURA;;LMGT3;;Kessel Racing;Ferrari;GF;32.002;43.214;32.583
57;1;36;01:55.2;0;B;32.071;0;43.711;0;39.398;0;145.6;33:02.8;33:03.6;00:32.1;00:43.7;00:39.4;254.7;Takeshi KIMURA;;LMGT3;;Kessel Racing;Ferrari;GF;32.071;43.711;39.398
57;1;37;04:36.5;0;;02:19.1;0;01:20.1;0;57.283;0;60.6;37:39.2;37:40.0;02:19.1;01:20.1;00:57.3;;Takeshi KIMURA;01:23.6;LMGT3;;Kessel Racing;Ferrari;GF;139.099;80.077;57.283
57;1;38;03:30.1;0;;01:13.3;0;01:19.7;0;57.029;0;79.8;41:09.3;41:10.1;01:13.3;01:19.7;00:57.0;;Takeshi KIMURA;;LMGT3;;Kessel Racing;Ferrari;GF;73.298;79.745;57.029
57;1;39;02:31.0;0;;58.806;0;55.527;0;36.701;0;111;43:40.3;43:41.1;00:58.8;00:55.5;00:36.7;;Takeshi KIMURA;;LMGT3;;Kessel Racing;Ferrari;SF;58.806;55.527;36.701
57;1;40;02:58.7;0;;36.327;0;01:21.2;0;01:01.2;0;93.8;46:39.0;46:39.8;00:36.3;01:21.2;01:01.2;215.1;Takeshi KIMURA;;LMGT3;;Kessel Racing;Ferrari;SF;36.327;81.19;61.179
57;1;41;03:00.6;0;;01:11.6;0;01:07.1;0;41.946;0;92.8;49:39.6;49:40.4;01:11.6;01:07.1;00:41.9;;Takeshi KIMURA;;LMGT3;;Kessel Racing;Ferrari;SF;71.57;67.055;41.946
57;1;42;02:12.3;0;;40.572;0;50.221;0;41.527;0;126.7;51:51.9;51:52.7;00:40.6;00:50.2;00:41.5;157;Takeshi KIMURA;;LMGT3;;Kessel Racing;Ferrari;GF;40.572;50.221;41.527
57;1;43;01:48.4;0;;33.212;0;43.186;0;31.99;0;154.7;53:40.3;53:41.1;00:33.2;00:43.2;00:32.0;253.5;Takeshi KIMURA;;LMGT3;;Kessel Racing;Ferrari;GF;33.212;43.186;31.99
57;1;44;01:46.2;0;;31.489;0;42.795;0;31.922;0;157.9;55:26.5;55:27.3;00:31.5;00:42.8;00:31.9;252.9;Takeshi KIMURA;;LMGT3;;Kessel Racing;Ferrari;GF;31.489;42.795;31.922
57;1;45;01:46.5;0;;31.642;0;42.775;0;32.046;0;157.5;57:13.0;57:13.8;00:31.6;00:42.8;00:32.0;251.7;Takeshi KIMURA;;LMGT3;;Kessel Racing;Ferrari;GF;31.642;42.775;32.046
57;1;46;01:47.1;0;;31.884;0;42.755;0;32.413;0;156.6;59:00.0;59:00.8;00:31.9;00:42.8;00:32.4;251.7;Takeshi KIMURA;;LMGT3;;Kessel Racing;Ferrari;GF;31.884;42.755;32.413
57;1;47;01:46.3;0;;31.801;0;42.619;0;31.833;0;157.8;00:46.3;00:47.1;00:31.8;00:42.6;00:31.8;252.9;Takeshi KIMURA;;LMGT3;;Kessel Racing;Ferrari;GF;31.801;42.619;31.833
57;1;48;01:46.6;0;;31.639;0;42.775;0;32.215;0;157.2;02:32.9;02:33.7;00:31.6;00:42.8;00:32.2;252.3;Takeshi KIMURA;;LMGT3;;Kessel Racing;Ferrari;GF;31.639;42.775;32.215
57;1;49;02:07.1;0;;32.274;0;43.344;0;51.485;0;131.9;04:40.0;04:40.8;00:32.3;00:43.3;00:51.5;251.2;Takeshi KIMURA;;LMGT3;;Kessel Racing;Ferrari;FCY;32.274;43.344;51.485
57;1;50;02:45.1;0;;01:13.8;0;58.814;0;32.467;0;101.6;07:25.1;07:25.9;01:13.8;00:58.8;00:32.5;;Takeshi KIMURA;;LMGT3;;Kessel Racing;Ferrari;GF;73.811;58.814;32.467
57;1;51;01:45.8;0;;31.823;0;42.291;1;31.731;0;158.4;09:11.0;09:11.8;00:31.8;00:42.3;00:31.7;252.3;Takeshi KIMURA;;LMGT3;;Kessel Racing;Ferrari;GF;31.823;42.291;31.731
57;1;52;01:47.0;0;;31.65;0;43.492;0;31.878;0;156.7;10:58.0;10:58.8;00:31.6;00:43.5;00:31.9;254.1;Takeshi KIMURA;;LMGT3;;Kessel Racing;Ferrari;GF;31.65;43.492;31.878
57;1;53;01:47.0;0;;32.484;0;42.675;0;31.797;0;156.7;12:44.9;12:45.7;00:32.5;00:42.7;00:31.8;251.7;Takeshi KIMURA;;LMGT3;;Kessel Racing;Ferrari;GF;32.484;42.675;31.797
57;1;54;01:46.1;0;;31.473;0;42.778;0;31.859;0;158;14:31.1;14:31.8;00:31.5;00:42.8;00:31.9;252.3;Takeshi KIMURA;;LMGT3;;Kessel Racing;Ferrari;GF;31.473;42.778;31.859
57;1;55;01:46.3;0;;31.64;0;42.747;0;31.875;0;157.8;16:17.3;16:18.1;00:31.6;00:42.7;00:31.9;251.2;Takeshi KIMURA;;LMGT3;;Kessel Racing;Ferrari;GF;31.64;42.747;31.875
57;1;56;01:47.0;0;;31.649;0;43.06;0;32.322;0;156.6;18:04.3;18:05.1;00:31.6;00:43.1;00:32.3;251.2;Takeshi KIMURA;;LMGT3;;Kessel Racing;Ferrari;GF;31.649;43.06;32.322
57;1;57;01:47.4;0;;31.841;0;43.139;0;32.439;0;156.1;19:51.8;19:52.6;00:31.8;00:43.1;00:32.4;251.7;Takeshi KIMURA;;LMGT3;;Kessel Racing;Ferrari;GF;31.841;43.139;32.439
57;1;58;01:48.4;0;;32.799;0;43.111;0;32.46;0;154.7;21:40.1;21:40.9;00:32.8;00:43.1;00:32.5;250.6;Takeshi KIMURA;;LMGT3;;Kessel Racing;Ferrari;GF;32.799;43.111;32.46
57;1;59;01:49.1;0;;31.984;0;43.222;0;33.845;0;153.7;23:29.2;23:30.0;00:32.0;00:43.2;00:33.8;254.1;Takeshi KIMURA;;LMGT3;;Kessel Racing;Ferrari;GF;31.984;43.222;33.845
57;1;60;01:48.5;0;;33.107;0;43.118;0;32.301;0;154.5;25:17.7;25:18.5;00:33.1;00:43.1;00:32.3;254.7;Takeshi KIMURA;;LMGT3;;Kessel Racing;Ferrari;GF;33.107;43.118;32.301
57;1;61;01:48.0;0;;32.078;0;43.178;0;32.704;0;155.3;27:05.7;27:06.5;00:32.1;00:43.2;00:32.7;250.6;Takeshi KIMURA;;LMGT3;;Kessel Racing;Ferrari;GF;32.078;43.178;32.704
57;1;62;01:47.7;0;;31.971;0;43.262;0;32.49;0;155.6;28:53.4;28:54.2;00:32.0;00:43.3;00:32.5;249.4;Takeshi KIMURA;;LMGT3;;Kessel Racing;Ferrari;GF;31.971;43.262;32.49
57;1;63;01:47.5;0;;31.888;0;42.962;0;32.694;0;155.9;30:40.9;30:41.7;00:31.9;00:43.0;00:32.7;248.3;Takeshi KIMURA;;LMGT3;;Kessel Racing;Ferrari;GF;31.888;42.962;32.694
57;1;64;02:39.9;0;;32.737;0;01:10.9;0;56.299;0;104.8;33:20.9;33:21.7;00:32.7;01:10.9;00:56.3;249.4;Takeshi KIMURA;;LMGT3;;Kessel Racing;Ferrari;GF;32.737;70.897;56.299
57;1;65;03:28.4;0;B;01:12.5;0;01:18.4;0;57.562;0;80.4;36:49.3;36:50.1;01:12.5;01:18.4;00:57.6;;Takeshi KIMURA;;LMGT3;;Kessel Racing;Ferrari;GF;72.477;78.402;57.562
57;2;66;04:14.0;0;;02:14.0;0;01:03.3;0;56.768;0;66;41:03.3;41:04.1;02:14.0;01:03.3;00:56.8;;Mathys JAUBERT;01:21.2;LMGT3;;Kessel Racing;Ferrari;SF;134.01;63.254;56.768
57;2;67;02:54.7;0;;58.587;0;01:22.0;0;34.101;0;96;43:58.0;43:58.8;00:58.6;01:22.0;00:34.1;;Mathys JAUBERT;;LMGT3;;Kessel Racing;Ferrari;SF;58.587;82.014;34.101
57;2;68;01:49.6;0;;33.675;0;43.948;0;32.024;0;152.9;45:47.7;45:48.5;00:33.7;00:43.9;00:32.0;224.1;Mathys JAUBERT;;LMGT3;;Kessel Racing;Ferrari;SF;33.675;43.948;32.024
57;2;69;02:01.0;0;;32.653;0;47.193;0;41.141;0;138.6;47:48.7;47:49.5;00:32.7;00:47.2;00:41.1;225;Mathys JAUBERT;;LMGT3;;Kessel Racing;Ferrari;SF;32.653;47.193;41.141
57;2;70;02:10.2;0;;41.024;0;47.804;0;41.414;0;128.7;49:58.9;49:59.7;00:41.0;00:47.8;00:41.4;160.7;Mathys JAUBERT;;LMGT3;;Kessel Racing;Ferrari;GF;41.024;47.804;41.414
57;2;71;01:42.9;0;;30.712;1;41.438;0;30.791;0;162.9;51:41.9;51:42.7;00:30.7;00:41.4;00:30.8;253.5;Mathys JAUBERT;;LMGT3;;Kessel Racing;Ferrari;GF;30.712;41.438;30.791
57;2;72;01:43.0;0;;30.767;0;41.228;2;30.998;0;162.8;53:24.9;53:25.7;00:30.8;00:41.2;00:31.0;252.3;Mathys JAUBERT;;LMGT3;;Kessel Racing;Ferrari;GF;30.767;41.228;30.998
57;2;73;01:43.4;0;;30.897;0;41.311;0;31.168;0;162.2;55:08.2;55:09.0;00:30.9;00:41.3;00:31.2;252.9;Mathys JAUBERT;;LMGT3;;Kessel Racing;Ferrari;GF;30.897;41.311;31.168
57;2;74;01:44.4;0;;31.527;0;41.54;0;31.337;0;160.6;56:52.6;56:53.4;00:31.5;00:41.5;00:31.3;252.9;Mathys JAUBERT;;LMGT3;;Kessel Racing;Ferrari;GF;31.527;41.54;31.337
57;2;75;01:45.3;0;;30.923;0;42.564;0;31.803;0;159.2;58:37.9;58:38.7;00:30.9;00:42.6;00:31.8;253.5;Mathys JAUBERT;;LMGT3;;Kessel Racing;Ferrari;GF;30.923;42.564;31.803
57;2;76;01:44.2;0;;31.366;0;41.853;0;31.03;0;160.8;00:22.2;00:23.0;00:31.4;00:41.9;00:31.0;253.5;Mathys JAUBERT;;LMGT3;;Kessel Racing;Ferrari;GF;31.366;41.853;31.03
57;2;77;01:43.4;0;;30.929;0;41.906;0;30.61;1;162.1;02:05.6;02:06.4;00:30.9;00:41.9;00:30.6;250;Mathys JAUBERT;;LMGT3;;Kessel Racing;Ferrari;GF;30.929;41.906;30.61
57;2;78;02:03.9;0;;30.814;0;41.962;0;51.162;0;135.3;04:09.6;04:10.4;00:30.8;00:42.0;00:51.2;251.2;Mathys JAUBERT;;LMGT3;;Kessel Racing;Ferrari;FCY;30.814;41.962;51.162
57;2;79;02:42.3;0;;01:12.4;0;58.472;0;31.463;0;103.3;06:51.9;06:52.7;01:12.4;00:58.5;00:31.5;;Mathys JAUBERT;;LMGT3;;Kessel Racing;Ferrari;GF;72.398;58.472;31.463
57;2;80;01:43.5;0;;31.037;0;41.664;0;30.815;0;162;08:35.4;08:36.2;00:31.0;00:41.7;00:30.8;248.8;Mathys JAUBERT;;LMGT3;;Kessel Racing;Ferrari;GF;31.037;41.664;30.815
57;2;81;01:43.7;0;;30.827;0;41.601;0;31.321;0;161.6;10:19.2;10:20.0;00:30.8;00:41.6;00:31.3;253.5;Mathys JAUBERT;;LMGT3;;Kessel Racing;Ferrari;GF;30.827;41.601;31.321
57;2;82;01:44.9;0;;31.18;0;42.593;0;31.145;0;159.8;12:04.1;12:04.9;00:31.2;00:42.6;00:31.1;252.3;Mathys JAUBERT;;LMGT3;;Kessel Racing;Ferrari;GF;31.18;42.593;31.145
57;2;83;01:44.3;0;;31.016;0;41.812;0;31.426;0;160.8;13:48.3;13:49.1;00:31.0;00:41.8;00:31.4;252.9;Mathys JAUBERT;;LMGT3;;Kessel Racing;Ferrari;GF;31.016;41.812;31.426
57;2;84;01:44.2;0;;31.189;0;41.852;0;31.188;0;160.8;15:32.6;15:33.4;00:31.2;00:41.9;00:31.2;251.2;Mathys JAUBERT;;LMGT3;;Kessel Racing;Ferrari;GF;31.189;41.852;31.188
57;2;85;01:44.0;0;;31.11;0;41.922;0;31.008;0;161.1;17:16.6;17:17.4;00:31.1;00:41.9;00:31.0;252.3;Mathys JAUBERT;;LMGT3;;Kessel Racing;Ferrari;GF;31.11;41.922;31.008
57;2;86;01:44.1;0;;30.966;0;41.783;0;31.395;0;161;19:00.7;19:01.5;00:31.0;00:41.8;00:31.4;252.3;Mathys JAUBERT;;LMGT3;;Kessel Racing;Ferrari;GF;30.966;41.783;31.395
57;2;87;01:44.5;0;;31.142;0;42.013;0;31.345;0;160.4;20:45.2;20:46.0;00:31.1;00:42.0;00:31.3;252.9;Mathys JAUBERT;;LMGT3;;Kessel Racing;Ferrari;GF;31.142;42.013;31.345
57;2;88;02:40.0;0;;46.818;0;01:18.7;0;34.501;0;104.8;23:25.2;23:26.0;00:46.8;01:18.7;00:34.5;251.7;Mathys JAUBERT;;LMGT3;;Kessel Racing;Ferrari;GF;46.818;78.677;34.501
57;2;89;01:44.4;0;;31.172;0;41.738;0;31.457;0;160.6;25:09.6;25:10.4;00:31.2;00:41.7;00:31.5;250.6;Mathys JAUBERT;;LMGT3;;Kessel Racing;Ferrari;GF;31.172;41.738;31.457
57;2;90;01:45.4;0;;31.683;0;42.618;0;31.097;0;159.1;26:55.0;26:55.8;00:31.7;00:42.6;00:31.1;251.2;Mathys JAUBERT;;LMGT3;;Kessel Racing;Ferrari;GF;31.683;42.618;31.097
57;2;91;01:44.2;0;;30.823;0;41.833;0;31.555;0;160.9;28:39.2;28:40.0;00:30.8;00:41.8;00:31.6;252.3;Mathys JAUBERT;;LMGT3;;Kessel Racing;Ferrari;GF;30.823;41.833;31.555
57;2;92;01:44.5;0;;31.112;0;42.426;0;30.974;0;160.4;30:23.7;30:24.5;00:31.1;00:42.4;00:31.0;252.3;Mathys JAUBERT;;LMGT3;;Kessel Racing;Ferrari;GF;31.112;42.426;30.974
57;2;93;01:43.6;0;;31.065;0;41.683;0;30.898;0;161.8;32:07.4;32:08.2;00:31.1;00:41.7;00:30.9;251.7;Mathys JAUBERT;;LMGT3;;Kessel Racing;Ferrari;GF;31.065;41.683;30.898
57;2;94;01:44.4;0;;30.911;0;42.217;0;31.251;0;160.6;33:51.7;33:52.5;00:30.9;00:42.2;00:31.3;253.5;Mathys JAUBERT;;LMGT3;;Kessel Racing;Ferrari;GF;30.911;42.217;31.251
57;2;95;01:44.6;0;;31.247;0;42.094;0;31.225;0;160.3;35:36.3;35:37.1;00:31.2;00:42.1;00:31.2;254.1;Mathys JAUBERT;;LMGT3;;Kessel Racing;Ferrari;GF;31.247;42.094;31.225
57;2;96;01:44.7;0;;31.218;0;42.359;0;31.14;0;160.1;37:21.0;37:21.8;00:31.2;00:42.4;00:31.1;254.1;Mathys JAUBERT;;LMGT3;;Kessel Racing;Ferrari;GF;31.218;42.359;31.14
57;2;97;01:51.0;0;B;31.325;0;43.124;0;36.52;0;151.1;39:12.0;39:12.8;00:31.3;00:43.1;00:36.5;254.1;Mathys JAUBERT;;LMGT3;;Kessel Racing;Ferrari;GF;31.325;43.124;36.52
57;3;98;03:13.8;0;;01:57.0;0;44.811;0;31.985;0;86.5;42:25.8;42:26.6;01:57.0;00:44.8;00:32.0;179.1;Daniel SERRA;01:26.2;LMGT3;;Kessel Racing;Ferrari;GF;117.025;44.811;31.985
57;3;99;01:44.7;0;;31.652;0;41.957;0;31.138;0;160.1;44:10.6;44:11.4;00:31.7;00:42.0;00:31.1;249.4;Daniel SERRA;;LMGT3;;Kessel Racing;Ferrari;GF;31.652;41.957;31.138
57;3;100;01:43.3;0;;30.987;0;41.577;0;30.762;0;162.3;45:53.9;45:54.7;00:31.0;00:41.6;00:30.8;250;Daniel SERRA;;LMGT3;;Kessel Racing;Ferrari;GF;30.987;41.577;30.762
57;3;101;01:42.8;2;;30.751;0;41.51;0;30.523;2;163.1;47:36.7;47:37.5;00:30.8;00:41.5;00:30.5;250.6;Daniel SERRA;;LMGT3;;Kessel Racing;Ferrari;GF;30.751;41.51;30.523
57;3;102;01:43.2;0;;30.677;2;41.749;0;30.773;0;162.5;49:19.9;49:20.7;00:30.7;00:41.7;00:30.8;251.7;Daniel SERRA;;LMGT3;;Kessel Racing;Ferrari;GF;30.677;41.749;30.773
57;3;103;01:42.9;0;;30.744;0;41.359;1;30.783;0;162.9;51:02.8;51:03.6;00:30.7;00:41.4;00:30.8;251.2;Daniel SERRA;;LMGT3;;Kessel Racing;Ferrari;GF;30.744;41.359;30.783
57;3;104;01:42.9;0;;30.723;0;41.559;0;30.646;0;162.9;52:45.7;52:46.5;00:30.7;00:41.6;00:30.6;250.6;Daniel SERRA;;LMGT3;;Kessel Racing;Ferrari;GF;30.723;41.559;30.646
57;3;105;01:43.1;0;;30.778;0;41.528;0;30.799;0;162.6;54:28.8;54:29.6;00:30.8;00:41.5;00:30.8;251.2;Daniel SERRA;;LMGT3;;Kessel Racing;Ferrari;GF;30.778;41.528;30.799
57;3;106;01:43.4;0;;31.056;0;41.588;0;30.721;0;162.2;56:12.2;56:13.0;00:31.1;00:41.6;00:30.7;251.7;Daniel SERRA;;LMGT3;;Kessel Racing;Ferrari;GF;31.056;41.588;30.721
57;3;107;01:43.2;0;;30.979;0;41.538;0;30.703;0;162.4;57:55.4;57:56.2;00:31.0;00:41.5;00:30.7;252.9;Daniel SERRA;;LMGT3;;Kessel Racing;Ferrari;GF;30.979;41.538;30.703
57;3;108;01:44.8;0;;30.944;0;42.284;0;31.536;0;160;59:40.1;59:40.9;00:30.9;00:42.3;00:31.5;254.1;Daniel SERRA;;LMGT3;;Kessel Racing;Ferrari;GF;30.944;42.284;31.536
57;3;109;01:44.0;0;;31.076;0;41.949;0;31.016;0;161.1;01:24.2;01:25.0;00:31.1;00:41.9;00:31.0;252.9;Daniel SERRA;;LMGT3;;Kessel Racing;Ferrari;GF;31.076;41.949;31.016
57;3;110;01:44.9;0;;30.953;0;42.676;0;31.313;0;159.8;03:09.1;03:09.9;00:31.0;00:42.7;00:31.3;251.2;Daniel SERRA;;LMGT3;;Kessel Racing;Ferrari;GF;30.953;42.676;31.313
57;3;111;01:44.3;0;;31.059;0;42.192;0;30.999;0;160.8;04:53.4;04:54.2;00:31.1;00:42.2;00:31.0;251.7;Daniel SERRA;;LMGT3;;Kessel Racing;Ferrari;GF;31.059;42.192;30.999
57;3;112;01:44.2;0;;31;0;42.043;0;31.13;0;160.9;06:37.6;06:38.3;00:31.0;00:42.0;00:31.1;251.7;Daniel SERRA;;LMGT3;;Kessel Racing;Ferrari;GF;31;42.043;31.13
57;3;113;01:44.5;0;;31.573;0;41.874;0;31.035;0;160.5;08:22.0;08:22.8;00:31.6;00:41.9;00:31.0;250.6;Daniel SERRA;;LMGT3;;Kessel Racing;Ferrari;GF;31.573;41.874;31.035
57;3;114;01:44.3;0;;30.917;0;41.906;0;31.493;0;160.7;10:06.4;10:07.1;00:30.9;00:41.9;00:31.5;251.2;Daniel SERRA;;LMGT3;;Kessel Racing;Ferrari;GF;30.917;41.906;31.493
57;3;115;01:44.4;0;;31.05;0;41.932;0;31.391;0;160.6;11:50.7;11:51.5;00:31.0;00:41.9;00:31.4;252.9;Daniel SERRA;;LMGT3;;Kessel Racing;Ferrari;GF;31.05;41.932;31.391
57;3;116;01:44.1;0;;30.978;0;41.976;0;31.129;0;161.1;13:34.8;13:35.6;00:31.0;00:42.0;00:31.1;254.1;Daniel SERRA;;LMGT3;;Kessel Racing;Ferrari;GF;30.978;41.976;31.129
57;3;117;01:44.5;0;;31.028;0;42.259;0;31.258;0;160.4;15:19.4;15:20.1;00:31.0;00:42.3;00:31.3;252.3;Daniel SERRA;;LMGT3;;Kessel Racing;Ferrari;GF;31.028;42.259;31.258
57;3;118;01:45.2;0;;31.061;0;42.617;0;31.512;0;159.4;17:04.5;17:05.3;00:31.1;00:42.6;00:31.5;253.5;Daniel SERRA;;LMGT3;;Kessel Racing;Ferrari;GF;31.061;42.617;31.512
57;3;119;01:46.1;0;;31.728;0;42.803;0;31.57;0;158;18:50.6;18:51.4;00:31.7;00:42.8;00:31.6;254.7;Daniel SERRA;;LMGT3;;Kessel Racing;Ferrari;GF;31.728;42.803;31.57
57;3;120;01:46.3;0;;31.593;0;42.186;0;32.484;0;157.8;20:36.9;20:37.7;00:31.6;00:42.2;00:32.5;252.9;Daniel SERRA;;LMGT3;;Kessel Racing;Ferrari;GF;31.593;42.186;32.484
57;3;121;01:45.7;0;;31.309;0;42.521;0;31.867;0;158.6;22:22.6;22:23.4;00:31.3;00:42.5;00:31.9;253.5;Daniel SERRA;;LMGT3;;Kessel Racing;Ferrari;GF;31.309;42.521;31.867
57;3;122;01:45.8;0;;31.264;0;42.169;0;32.405;0;158.4;24:08.4;24:09.2;00:31.3;00:42.2;00:32.4;255.3;Daniel SERRA;;LMGT3;;Kessel Racing;Ferrari;GF;31.264;42.169;32.405
57;3;123;01:44.8;0;;31.164;0;42.065;0;31.596;0;159.9;25:53.3;25:54.1;00:31.2;00:42.1;00:31.6;252.3;Daniel SERRA;;LMGT3;;Kessel Racing;Ferrari;GF;31.164;42.065;31.596
57;3;124;01:45.7;0;;31.541;0;42.333;0;31.84;0;158.6;27:39.0;27:39.8;00:31.5;00:42.3;00:31.8;250.6;Daniel SERRA;;LMGT3;;Kessel Racing;Ferrari;FF;31.541;42.333;31.84
59;1;1;02:27.1;0;;47.628;0;57.441;0;42.014;0;110.6;02:27.1;02:27.9;00:47.6;00:57.4;00:42.0;;Clément MATEU;;LMGT3;;Racing Spirit of Leman;Aston Martin;SF;47.628;57.441;42.014
59;1;2;28:15.6;0;;01:20.0;0;01:23.6;0;25:31.9;0;9.9;30:42.7;30:43.5;01:20.0;01:23.6;25:31.9;;Clément MATEU;;LMGT3;;Racing Spirit of Leman;Aston Martin;SF;80.048;83.595;1531.932
59;1;3;02:45.6;0;;55.689;0;01:06.4;0;43.523;0;101.3;33:28.2;33:29.0;00:55.7;01:06.4;00:43.5;155.2;Clément MATEU;;LMGT3;;Racing Spirit of Leman;Aston Martin;SF;55.689;66.37;43.523
59;1;4;02:16.5;0;;48.097;0;48.34;0;40.038;0;122.8;35:44.7;35:45.5;00:48.1;00:48.3;00:40.0;127.7;Clément MATEU;;LMGT3;;Racing Spirit of Leman;Aston Martin;GF;48.097;48.34;40.038
59;1;5;01:45.4;0;;30.99;0;42.345;0;32.051;0;159.1;37:30.1;37:30.9;00:31.0;00:42.3;00:32.1;259.6;Clément MATEU;;LMGT3;;Racing Spirit of Leman;Aston Martin;GF;30.99;42.345;32.051
59;1;6;01:45.1;0;;31.303;0;42.198;0;31.605;0;159.5;39:15.2;39:16.0;00:31.3;00:42.2;00:31.6;259.6;Clément MATEU;;LMGT3;;Racing Spirit of Leman;Aston Martin;GF;31.303;42.198;31.605
59;1;7;01:44.3;0;;31.063;0;41.93;0;31.262;1;160.8;40:59.5;41:00.3;00:31.1;00:41.9;00:31.3;259;Clément MATEU;;LMGT3;;Racing Spirit of Leman;Aston Martin;GF;31.063;41.93;31.262
59;1;8;01:44.1;0;;30.86;1;41.91;1;31.301;0;161.1;42:43.5;42:44.3;00:30.9;00:41.9;00:31.3;258.4;Clément MATEU;;LMGT3;;Racing Spirit of Leman;Aston Martin;GF;30.86;41.91;31.301
59;1;9;01:44.9;0;;31.009;0;41.931;0;31.924;0;159.9;44:28.4;44:29.2;00:31.0;00:41.9;00:31.9;257.8;Clément MATEU;;LMGT3;;Racing Spirit of Leman;Aston Martin;GF;31.009;41.931;31.924
59;1;10;01:44.7;0;;31.39;0;41.942;0;31.415;0;160.1;46:13.1;46:13.9;00:31.4;00:41.9;00:31.4;259;Clément MATEU;;LMGT3;;Racing Spirit of Leman;Aston Martin;GF;31.39;41.942;31.415
59;1;11;01:45.7;0;;31.349;0;42.652;0;31.7;0;158.6;47:58.8;47:59.6;00:31.3;00:42.7;00:31.7;255.3;Clément MATEU;;LMGT3;;Racing Spirit of Leman;Aston Martin;GF;31.349;42.652;31.7
59;1;12;01:47.3;0;;31.401;0;42.893;0;32.981;0;156.3;49:46.1;49:46.9;00:31.4;00:42.9;00:33.0;256.5;Clément MATEU;;LMGT3;;Racing Spirit of Leman;Aston Martin;GF;31.401;42.893;32.981
59;1;13;01:46.8;0;;31.536;0;42.859;0;32.365;0;157;51:32.9;51:33.7;00:31.5;00:42.9;00:32.4;257.8;Clément MATEU;;LMGT3;;Racing Spirit of Leman;Aston Martin;GF;31.536;42.859;32.365
59;1;14;01:45.1;0;;31.173;0;42.263;0;31.702;0;159.5;53:18.0;53:18.8;00:31.2;00:42.3;00:31.7;257.8;Clément MATEU;;LMGT3;;Racing Spirit of Leman;Aston Martin;GF;31.173;42.263;31.702
59;1;15;01:45.5;0;;31.309;0;42.303;0;31.87;0;158.9;55:03.5;55:04.3;00:31.3;00:42.3;00:31.9;255.3;Clément MATEU;;LMGT3;;Racing Spirit of Leman;Aston Martin;GF;31.309;42.303;31.87
59;1;16;01:45.4;0;;31.352;0;42.484;0;31.534;0;159.1;56:48.9;56:49.7;00:31.4;00:42.5;00:31.5;254.7;Clément MATEU;;LMGT3;;Racing Spirit of Leman;Aston Martin;GF;31.352;42.484;31.534
59;1;17;01:45.0;0;;31.216;0;42.226;0;31.55;0;159.7;58:33.9;58:34.7;00:31.2;00:42.2;00:31.6;255.9;Clément MATEU;;LMGT3;;Racing Spirit of Leman;Aston Martin;GF;31.216;42.226;31.55
59;1;18;01:45.3;0;;31.276;0;42.282;0;31.7;0;159.3;00:19.1;00:19.9;00:31.3;00:42.3;00:31.7;255.9;Clément MATEU;;LMGT3;;Racing Spirit of Leman;Aston Martin;GF;31.276;42.282;31.7
59;1;19;01:47.0;0;;31.786;0;43.114;0;32.119;0;156.7;02:06.1;02:06.9;00:31.8;00:43.1;00:32.1;257.1;Clément MATEU;;LMGT3;;Racing Spirit of Leman;Aston Martin;GF;31.786;43.114;32.119
59;1;20;01:46.8;0;;31.79;0;42.635;0;32.327;0;157;03:52.9;03:53.7;00:31.8;00:42.6;00:32.3;258.4;Clément MATEU;;LMGT3;;Racing Spirit of Leman;Aston Martin;GF;31.79;42.635;32.327
59;1;21;01:46.0;0;;31.676;0;42.464;0;31.876;0;158.1;05:38.9;05:39.7;00:31.7;00:42.5;00:31.9;256.5;Clément MATEU;;LMGT3;;Racing Spirit of Leman;Aston Martin;GF;31.676;42.464;31.876
59;1;22;01:47.3;0;;31.388;0;43.83;0;32.089;0;156.2;07:26.2;07:27.0;00:31.4;00:43.8;00:32.1;254.7;Clément MATEU;;LMGT3;;Racing Spirit of Leman;Aston Martin;GF;31.388;43.83;32.089
59;1;23;01:47.1;0;;31.566;0;43.086;0;32.442;0;156.5;09:13.3;09:14.1;00:31.6;00:43.1;00:32.4;257.1;Clément MATEU;;LMGT3;;Racing Spirit of Leman;Aston Martin;GF;31.566;43.086;32.442
59;1;24;01:47.3;0;;31.677;0;43.3;0;32.342;0;156.2;11:00.6;11:01.4;00:31.7;00:43.3;00:32.3;257.1;Clément MATEU;;LMGT3;;Racing Spirit of Leman;Aston Martin;GF;31.677;43.3;32.342
59;1;25;01:46.4;0;;31.56;0;42.783;0;32.029;0;157.6;12:47.0;12:47.8;00:31.6;00:42.8;00:32.0;256.5;Clément MATEU;;LMGT3;;Racing Spirit of Leman;Aston Martin;GF;31.56;42.783;32.029
59;1;26;01:46.5;0;;31.819;0;42.633;0;32.049;0;157.4;14:33.5;14:34.3;00:31.8;00:42.6;00:32.0;255.9;Clément MATEU;;LMGT3;;Racing Spirit of Leman;Aston Martin;GF;31.819;42.633;32.049
59;1;27;01:46.7;0;;31.489;0;43.071;0;32.187;0;157.1;16:20.2;16:21.0;00:31.5;00:43.1;00:32.2;255.9;Clément MATEU;;LMGT3;;Racing Spirit of Leman;Aston Martin;GF;31.489;43.071;32.187
59;1;28;01:47.8;0;;32.007;0;43.239;0;32.517;0;155.6;18:08.0;18:08.8;00:32.0;00:43.2;00:32.5;256.5;Clément MATEU;;LMGT3;;Racing Spirit of Leman;Aston Martin;GF;32.007;43.239;32.517
59;1;29;01:47.4;0;;32.113;0;42.748;0;32.558;0;156.1;19:55.4;19:56.2;00:32.1;00:42.7;00:32.6;255.3;Clément MATEU;;LMGT3;;Racing Spirit of Leman;Aston Martin;GF;32.113;42.748;32.558
59;1;30;01:47.5;0;;32.088;0;42.82;0;32.607;0;155.9;21:42.9;21:43.7;00:32.1;00:42.8;00:32.6;256.5;Clément MATEU;;LMGT3;;Racing Spirit of Leman;Aston Martin;GF;32.088;42.82;32.607
59;1;31;01:50.7;0;;31.998;0;46.102;0;32.605;0;151.4;23:33.6;23:34.4;00:32.0;00:46.1;00:32.6;256.5;Clément MATEU;;LMGT3;;Racing Spirit of Leman;Aston Martin;GF;31.998;46.102;32.605
59;1;32;01:47.7;0;;32.276;0;43.155;0;32.233;0;155.7;25:21.3;25:22.1;00:32.3;00:43.2;00:32.2;256.5;Clément MATEU;;LMGT3;;Racing Spirit of Leman;Aston Martin;GF;32.276;43.155;32.233
59;1;33;01:46.9;0;;31.703;0;42.996;0;32.186;0;156.9;27:08.2;27:09.0;00:31.7;00:43.0;00:32.2;257.1;Clément MATEU;;LMGT3;;Racing Spirit of Leman;Aston Martin;GF;31.703;42.996;32.186
59;1;34;01:47.3;0;;31.846;0;43.078;0;32.358;0;156.3;28:55.5;28:56.3;00:31.8;00:43.1;00:32.4;258.4;Clément MATEU;;LMGT3;;Racing Spirit of Leman;Aston Martin;GF;31.846;43.078;32.358
59;1;35;01:53.4;0;B;31.815;0;43.342;0;38.244;0;147.8;30:48.9;30:49.7;00:31.8;00:43.3;00:38.2;256.5;Clément MATEU;;LMGT3;;Racing Spirit of Leman;Aston Martin;GF;31.815;43.342;38.244
59;1;36;03:22.9;0;;01:59.7;0;43.959;0;39.204;0;82.6;34:11.8;34:12.6;01:59.7;00:44.0;00:39.2;184.6;Clément MATEU;01:30.2;LMGT3;;Racing Spirit of Leman;Aston Martin;GF;119.746;43.959;39.204
59;1;37;03:30.2;0;;01:13.3;0;01:19.7;0;57.211;0;79.8;37:42.0;37:42.8;01:13.3;01:19.7;00:57.2;;Clément MATEU;;LMGT3;;Racing Spirit of Leman;Aston Martin;GF;73.265;79.7;57.211
59;1;38;03:30.2;0;;01:13.4;0;01:19.8;0;57.093;0;79.7;41:12.2;41:13.0;01:13.4;01:19.8;00:57.1;;Clément MATEU;;LMGT3;;Racing Spirit of Leman;Aston Martin;GF;73.395;79.762;57.093
59;1;39;02:29.4;0;;58.941;0;55.146;0;35.36;0;112.2;43:41.7;43:42.5;00:58.9;00:55.1;00:35.4;;Clément MATEU;;LMGT3;;Racing Spirit of Leman;Aston Martin;SF;58.941;55.146;35.36
59;1;40;02:58.8;0;;37.733;0;01:19.7;0;01:01.3;0;93.8;46:40.4;46:41.2;00:37.7;01:19.7;01:01.3;184;Clément MATEU;;LMGT3;;Racing Spirit of Leman;Aston Martin;SF;37.733;79.715;61.326
59;1;41;03:00.0;0;;01:11.1;0;01:06.9;0;42.034;0;93.1;49:40.5;49:41.3;01:11.1;01:06.9;00:42.0;;Clément MATEU;;LMGT3;;Racing Spirit of Leman;Aston Martin;SF;71.082;66.911;42.034
59;1;42;02:11.7;0;;40.083;0;50.763;0;40.824;0;127.3;51:52.1;51:52.9;00:40.1;00:50.8;00:40.8;172;Clément MATEU;;LMGT3;;Racing Spirit of Leman;Aston Martin;GF;40.083;50.763;40.824
59;1;43;01:47.1;0;;32.394;0;42.803;0;31.863;0;156.6;53:39.2;53:40.0;00:32.4;00:42.8;00:31.9;254.1;Clément MATEU;;LMGT3;;Racing Spirit of Leman;Aston Martin;GF;32.394;42.803;31.863
59;1;44;01:45.3;0;;31.376;0;42.112;0;31.82;0;159.2;55:24.5;55:25.3;00:31.4;00:42.1;00:31.8;254.1;Clément MATEU;;LMGT3;;Racing Spirit of Leman;Aston Martin;GF;31.376;42.112;31.82
59;1;45;01:45.3;0;;31.394;0;42.102;0;31.79;0;159.2;57:09.8;57:10.6;00:31.4;00:42.1;00:31.8;252.9;Clément MATEU;;LMGT3;;Racing Spirit of Leman;Aston Martin;GF;31.394;42.102;31.79
59;1;46;01:45.2;0;;31.676;0;42.022;0;31.481;0;159.4;58:55.0;58:55.8;00:31.7;00:42.0;00:31.5;254.7;Clément MATEU;;LMGT3;;Racing Spirit of Leman;Aston Martin;GF;31.676;42.022;31.481
59;1;47;01:45.0;0;;31.265;0;42.023;0;31.74;0;159.6;00:40.0;00:40.8;00:31.3;00:42.0;00:31.7;253.5;Clément MATEU;;LMGT3;;Racing Spirit of Leman;Aston Martin;GF;31.265;42.023;31.74
59;1;48;05:37.4;0;;31.246;0;42.416;0;04:23.7;0;49.7;06:17.4;06:18.2;00:31.2;00:42.4;04:23.7;252.9;Clément MATEU;;LMGT3;;Racing Spirit of Leman;Aston Martin;FCY;31.246;42.416;263.737
59;1;49;01:59.1;0;;44.461;0;42.663;0;31.975;0;140.8;08:16.5;08:17.3;00:44.5;00:42.7;00:32.0;195.7;Clément MATEU;;LMGT3;;Racing Spirit of Leman;Aston Martin;GF;44.461;42.663;31.975
59;1;50;01:45.7;0;;31.48;0;42.429;0;31.796;0;158.6;10:02.2;10:03.0;00:31.5;00:42.4;00:31.8;252.3;Clément MATEU;;LMGT3;;Racing Spirit of Leman;Aston Martin;GF;31.48;42.429;31.796
59;1;51;01:52.9;0;B;31.548;0;42.632;0;38.69;0;148.5;11:55.1;11:55.9;00:31.5;00:42.6;00:38.7;252.3;Clément MATEU;;LMGT3;;Racing Spirit of Leman;Aston Martin;GF;31.548;42.632;38.69
59;1;52;02:07.6;0;;51.543;0;43.31;0;32.74;0;131.4;14:02.7;14:03.5;00:51.5;00:43.3;00:32.7;185.9;Clément MATEU;00:23.5;LMGT3;;Racing Spirit of Leman;Aston Martin;GF;51.543;43.31;32.74
59;1;53;01:47.6;0;;31.948;0;42.886;0;32.74;0;155.8;15:50.2;15:51.0;00:31.9;00:42.9;00:32.7;251.7;Clément MATEU;;LMGT3;;Racing Spirit of Leman;Aston Martin;GF;31.948;42.886;32.74
59;1;54;01:47.3;0;;32.087;0;42.802;0;32.421;0;156.2;17:37.5;17:38.3;00:32.1;00:42.8;00:32.4;251.7;Clément MATEU;;LMGT3;;Racing Spirit of Leman;Aston Martin;GF;32.087;42.802;32.421
59;1;55;01:48.1;0;;32.703;0;42.708;0;32.678;0;155.1;19:25.6;19:26.4;00:32.7;00:42.7;00:32.7;238.9;Clément MATEU;;LMGT3;;Racing Spirit of Leman;Aston Martin;GF;32.703;42.708;32.678
59;1;56;01:53.6;0;B;31.913;0;42.954;0;38.776;0;147.5;21:19.3;21:20.1;00:31.9;00:43.0;00:38.8;254.1;Clément MATEU;;LMGT3;;Racing Spirit of Leman;Aston Martin;GF;31.913;42.954;38.776
59;1;57;02:16.5;0;B;51.978;0;43.487;0;40.999;0;122.9;23:35.7;23:36.5;00:52.0;00:43.5;00:41.0;186.5;Clément MATEU;00:23.7;LMGT3;;Racing Spirit of Leman;Aston Martin;GF;51.978;43.487;40.999
59;2;58;03:01.0;0;;01:43.7;0;44.603;0;32.68;0;92.6;26:36.7;26:37.5;01:43.7;00:44.6;00:32.7;180.6;Marius FOSSARD;01:12.6;LMGT3;;Racing Spirit of Leman;Aston Martin;GF;103.725;44.603;32.68
59;2;59;01:47.1;0;;32.498;0;43.039;0;31.522;0;156.6;28:23.8;28:24.6;00:32.5;00:43.0;00:31.5;248.3;Marius FOSSARD;;LMGT3;;Racing Spirit of Leman;Aston Martin;GF;32.498;43.039;31.522
59;2;60;01:44.1;0;;31.167;0;41.75;0;31.137;0;161.1;30:07.9;30:08.7;00:31.2;00:41.7;00:31.1;250;Marius FOSSARD;;LMGT3;;Racing Spirit of Leman;Aston Martin;GF;31.167;41.75;31.137
59;2;61;02:08.8;0;;31.064;0;42.852;0;54.834;0;130.2;32:16.6;32:17.4;00:31.1;00:42.9;00:54.8;249.4;Marius FOSSARD;;LMGT3;;Racing Spirit of Leman;Aston Martin;GF;31.064;42.852;54.834
59;2;62;03:28.8;0;;01:13.0;0;01:19.3;0;56.563;0;80.3;35:45.5;35:46.2;01:13.0;01:19.3;00:56.6;;Marius FOSSARD;;LMGT3;;Racing Spirit of Leman;Aston Martin;GF;72.973;79.304;56.563
59;2;63;03:27.3;0;;01:13.1;0;01:19.3;0;54.924;0;80.9;39:12.7;39:13.5;01:13.1;01:19.3;00:54.9;;Marius FOSSARD;;LMGT3;;Racing Spirit of Leman;Aston Martin;SF;73.052;79.315;54.924
59;2;64;02:08.9;0;;38.778;0;45.696;0;44.382;0;130.1;41:21.6;41:22.4;00:38.8;00:45.7;00:44.4;213;Marius FOSSARD;;LMGT3;;Racing Spirit of Leman;Aston Martin;SF;38.778;45.696;44.382
59;2;65;02:43.9;0;;54.887;0;01:15.2;0;33.822;0;102.3;44:05.5;44:06.3;00:54.9;01:15.2;00:33.8;;Marius FOSSARD;;LMGT3;;Racing Spirit of Leman;Aston Martin;SF;54.887;75.156;33.822
59;2;66;01:50.2;0;;33.511;0;44.25;0;32.474;0;152.1;45:55.7;45:56.5;00:33.5;00:44.2;00:32.5;228.8;Marius FOSSARD;;LMGT3;;Racing Spirit of Leman;Aston Martin;SF;33.511;44.25;32.474
59;2;67;02:00.8;0;;32.856;0;46.063;0;41.883;0;138.8;47:56.5;47:57.3;00:32.9;00:46.1;00:41.9;219.1;Marius FOSSARD;;LMGT3;;Racing Spirit of Leman;Aston Martin;SF;32.856;46.063;41.883
59;2;68;02:06.8;0;;40.808;0;46.02;0;39.963;0;132.2;50:03.3;50:04.1;00:40.8;00:46.0;00:40.0;135.3;Marius FOSSARD;;LMGT3;;Racing Spirit of Leman;Aston Martin;GF;40.808;46.02;39.963
59;2;69;01:46.2;0;;31.628;0;43.257;0;31.285;0;157.9;51:49.5;51:50.3;00:31.6;00:43.3;00:31.3;255.3;Marius FOSSARD;;LMGT3;;Racing Spirit of Leman;Aston Martin;GF;31.628;43.257;31.285
59;2;70;01:43.5;2;;30.82;2;41.733;2;30.907;2;162;53:32.9;53:33.7;00:30.8;00:41.7;00:30.9;253.5;Marius FOSSARD;;LMGT3;;Racing Spirit of Leman;Aston Martin;GF;30.82;41.733;30.907
59;2;71;01:45.0;0;;31.07;0;42.093;0;31.861;0;159.6;55:17.9;55:18.7;00:31.1;00:42.1;00:31.9;252.3;Marius FOSSARD;;LMGT3;;Racing Spirit of Leman;Aston Martin;GF;31.07;42.093;31.861
59;2;72;01:45.7;0;;31.453;0;42.662;0;31.544;0;158.7;57:03.6;57:04.4;00:31.5;00:42.7;00:31.5;247.7;Marius FOSSARD;;LMGT3;;Racing Spirit of Leman;Aston Martin;GF;31.453;42.662;31.544
59;2;73;01:47.1;0;;31.675;0;43.644;0;31.737;0;156.6;58:50.7;58:51.5;00:31.7;00:43.6;00:31.7;250;Marius FOSSARD;;LMGT3;;Racing Spirit of Leman;Aston Martin;GF;31.675;43.644;31.737
59;2;74;01:47.0;0;;31.333;0;43.211;0;32.46;0;156.7;00:37.7;00:38.5;00:31.3;00:43.2;00:32.5;252.3;Marius FOSSARD;;LMGT3;;Racing Spirit of Leman;Aston Martin;GF;31.333;43.211;32.46
59;2;75;01:46.6;0;;31.356;0;42.877;0;32.378;0;157.3;02:24.3;02:25.1;00:31.4;00:42.9;00:32.4;250;Marius FOSSARD;;LMGT3;;Racing Spirit of Leman;Aston Martin;GF;31.356;42.877;32.378
59;2;76;02:21.2;0;;31.059;0;53.672;0;56.436;0;118.8;04:45.4;04:46.2;00:31.1;00:53.7;00:56.4;251.7;Marius FOSSARD;;LMGT3;;Racing Spirit of Leman;Aston Martin;FCY;31.059;53.672;56.436
59;2;77;02:28.1;0;;01:12.8;0;43.739;0;31.537;0;113.2;07:13.5;07:14.3;01:12.8;00:43.7;00:31.5;;Marius FOSSARD;;LMGT3;;Racing Spirit of Leman;Aston Martin;GF;72.809;43.739;31.537
59;2;78;01:44.5;0;;31.043;0;42.008;0;31.458;0;160.4;08:58.0;08:58.8;00:31.0;00:42.0;00:31.5;251.7;Marius FOSSARD;;LMGT3;;Racing Spirit of Leman;Aston Martin;GF;31.043;42.008;31.458
59;2;79;01:44.4;0;;30.983;0;42.124;0;31.264;0;160.6;10:42.4;10:43.2;00:31.0;00:42.1;00:31.3;251.2;Marius FOSSARD;;LMGT3;;Racing Spirit of Leman;Aston Martin;GF;30.983;42.124;31.264
59;2;80;01:46.7;0;;31.51;0;43.63;0;31.605;0;157.1;12:29.2;12:29.9;00:31.5;00:43.6;00:31.6;250.6;Marius FOSSARD;;LMGT3;;Racing Spirit of Leman;Aston Martin;GF;31.51;43.63;31.605
59;2;81;01:45.7;0;;31.288;0;42.675;0;31.731;0;158.6;14:14.8;14:15.6;00:31.3;00:42.7;00:31.7;252.3;Marius FOSSARD;;LMGT3;;Racing Spirit of Leman;Aston Martin;GF;31.288;42.675;31.731
59;2;82;01:45.5;0;;31.326;0;42.748;0;31.41;0;158.9;16:00.3;16:01.1;00:31.3;00:42.7;00:31.4;251.7;Marius FOSSARD;;LMGT3;;Racing Spirit of Leman;Aston Martin;GF;31.326;42.748;31.41
59;2;83;01:46.6;0;;31.525;0;42.457;0;32.656;0;157.2;17:47.0;17:47.8;00:31.5;00:42.5;00:32.7;252.9;Marius FOSSARD;;LMGT3;;Racing Spirit of Leman;Aston Martin;GF;31.525;42.457;32.656
59;2;84;01:46.5;0;;31.973;0;42.509;0;32.025;0;157.4;19:33.5;19:34.3;00:32.0;00:42.5;00:32.0;247.7;Marius FOSSARD;;LMGT3;;Racing Spirit of Leman;Aston Martin;GF;31.973;42.509;32.025
59;2;85;02:06.2;0;;31.329;0;43.228;0;51.655;0;132.8;21:39.7;21:40.5;00:31.3;00:43.2;00:51.7;251.7;Marius FOSSARD;;LMGT3;;Racing Spirit of Leman;Aston Martin;FCY;31.329;43.228;51.655
59;2;86;02:30.7;0;;01:12.9;0;46.089;0;31.628;0;111.3;24:10.3;24:11.1;01:12.9;00:46.1;00:31.6;;Marius FOSSARD;;LMGT3;;Racing Spirit of Leman;Aston Martin;GF;72.943;46.089;31.628
59;2;87;01:46.7;0;;31.743;0;42.86;0;32.067;0;157.2;25:57.0;25:57.8;00:31.7;00:42.9;00:32.1;249.4;Marius FOSSARD;;LMGT3;;Racing Spirit of Leman;Aston Martin;GF;31.743;42.86;32.067
59;2;88;01:45.6;0;;31.702;0;42.495;0;31.399;0;158.8;27:42.6;27:43.4;00:31.7;00:42.5;00:31.4;246;Marius FOSSARD;;LMGT3;;Racing Spirit of Leman;Aston Martin;GF;31.702;42.495;31.399
59;2;89;01:45.0;0;;31.017;0;42.172;0;31.827;0;159.6;29:27.6;29:28.4;00:31.0;00:42.2;00:31.8;252.3;Marius FOSSARD;;LMGT3;;Racing Spirit of Leman;Aston Martin;GF;31.017;42.172;31.827
59;2;90;01:46.0;0;;31.387;0;42.276;0;32.333;0;158.2;31:13.6;31:14.4;00:31.4;00:42.3;00:32.3;248.8;Marius FOSSARD;;LMGT3;;Racing Spirit of Leman;Aston Martin;GF;31.387;42.276;32.333
59;2;91;01:46.1;0;;31.374;0;42.795;0;31.92;0;158;32:59.7;33:00.5;00:31.4;00:42.8;00:31.9;249.4;Marius FOSSARD;;LMGT3;;Racing Spirit of Leman;Aston Martin;GF;31.374;42.795;31.92
59;2;92;01:45.6;0;;31.258;0;42.751;0;31.634;0;158.7;34:45.4;34:46.2;00:31.3;00:42.8;00:31.6;251.7;Marius FOSSARD;;LMGT3;;Racing Spirit of Leman;Aston Martin;GF;31.258;42.751;31.634
59;2;93;01:45.1;0;;31.154;0;42.557;0;31.39;0;159.5;36:30.5;36:31.3;00:31.2;00:42.6;00:31.4;251.7;Marius FOSSARD;;LMGT3;;Racing Spirit of Leman;Aston Martin;GF;31.154;42.557;31.39
59;2;94;01:50.0;0;B;31.117;0;42.188;0;36.735;0;152.4;38:20.5;38:21.3;00:31.1;00:42.2;00:36.7;252.9;Marius FOSSARD;;LMGT3;;Racing Spirit of Leman;Aston Martin;GF;31.117;42.188;36.735
59;3;95;03:20.4;0;;02:03.2;0;44.769;0;32.429;0;83.7;41:40.9;41:41.7;02:03.2;00:44.8;00:32.4;179.1;Valentin HASSE CLOT;01:32.9;LMGT3;;Racing Spirit of Leman;Aston Martin;GF;123.196;44.769;32.429
59;3;96;01:45.9;0;;31.704;0;42.685;0;31.501;0;158.3;43:26.8;43:27.6;00:31.7;00:42.7;00:31.5;250.6;Valentin HASSE CLOT;;LMGT3;;Racing Spirit of Leman;Aston Martin;GF;31.704;42.685;31.501
59;3;97;01:45.0;0;;31.378;0;42.353;0;31.317;0;159.6;45:11.8;45:12.6;00:31.4;00:42.4;00:31.3;251.2;Valentin HASSE CLOT;;LMGT3;;Racing Spirit of Leman;Aston Martin;GF;31.378;42.353;31.317
59;3;98;01:44.6;0;;31.213;0;42.326;0;31.1;1;160.2;46:56.5;46:57.3;00:31.2;00:42.3;00:31.1;251.2;Valentin HASSE CLOT;;LMGT3;;Racing Spirit of Leman;Aston Martin;GF;31.213;42.326;31.1
59;3;99;01:45.2;0;;31.209;0;42.47;0;31.498;0;159.4;48:41.6;48:42.4;00:31.2;00:42.5;00:31.5;249.4;Valentin HASSE CLOT;;LMGT3;;Racing Spirit of Leman;Aston Martin;GF;31.209;42.47;31.498
59;3;100;01:45.9;0;;31.612;0;42.59;0;31.689;0;158.3;50:27.5;50:28.3;00:31.6;00:42.6;00:31.7;251.7;Valentin HASSE CLOT;;LMGT3;;Racing Spirit of Leman;Aston Martin;GF;31.612;42.59;31.689
59;3;101;01:44.7;0;;31.126;0;42.193;0;31.393;0;160.1;52:12.3;52:13.0;00:31.1;00:42.2;00:31.4;252.3;Valentin HASSE CLOT;;LMGT3;;Racing Spirit of Leman;Aston Martin;GF;31.126;42.193;31.393
59;3;102;01:44.7;0;;31.284;0;42.019;0;31.406;0;160.1;53:57.0;53:57.8;00:31.3;00:42.0;00:31.4;252.3;Valentin HASSE CLOT;;LMGT3;;Racing Spirit of Leman;Aston Martin;GF;31.284;42.019;31.406
59;3;103;01:45.0;0;;31.288;0;42.166;0;31.53;0;159.7;55:41.9;55:42.7;00:31.3;00:42.2;00:31.5;251.2;Valentin HASSE CLOT;;LMGT3;;Racing Spirit of Leman;Aston Martin;GF;31.288;42.166;31.53
59;3;104;01:45.2;0;;31.388;0;42.234;0;31.536;0;159.4;57:27.1;57:27.9;00:31.4;00:42.2;00:31.5;251.7;Valentin HASSE CLOT;;LMGT3;;Racing Spirit of Leman;Aston Martin;GF;31.388;42.234;31.536
59;3;105;01:46.6;0;;31.377;0;42.271;0;32.932;0;157.3;59:13.7;59:14.5;00:31.4;00:42.3;00:32.9;250;Valentin HASSE CLOT;;LMGT3;;Racing Spirit of Leman;Aston Martin;GF;31.377;42.271;32.932
59;3;106;01:45.0;0;;31.433;0;42.209;0;31.308;0;159.7;00:58.6;00:59.4;00:31.4;00:42.2;00:31.3;252.9;Valentin HASSE CLOT;;LMGT3;;Racing Spirit of Leman;Aston Martin;GF;31.433;42.209;31.308
59;3;107;01:45.1;0;;31.218;0;42.341;0;31.532;0;159.5;02:43.7;02:44.5;00:31.2;00:42.3;00:31.5;251.2;Valentin HASSE CLOT;;LMGT3;;Racing Spirit of Leman;Aston Martin;GF;31.218;42.341;31.532
59;3;108;01:45.7;0;;31.498;0;42.386;0;31.833;0;158.6;04:29.4;04:30.2;00:31.5;00:42.4;00:31.8;252.9;Valentin HASSE CLOT;;LMGT3;;Racing Spirit of Leman;Aston Martin;GF;31.498;42.386;31.833
59;3;109;01:44.8;0;;31.114;0;42.153;0;31.521;0;160;06:14.2;06:15.0;00:31.1;00:42.2;00:31.5;252.9;Valentin HASSE CLOT;;LMGT3;;Racing Spirit of Leman;Aston Martin;GF;31.114;42.153;31.521
59;3;110;01:45.2;0;;31.266;0;42.436;0;31.499;0;159.4;07:59.4;08:00.2;00:31.3;00:42.4;00:31.5;247.1;Valentin HASSE CLOT;;LMGT3;;Racing Spirit of Leman;Aston Martin;GF;31.266;42.436;31.499
59;3;111;01:48.2;0;;31.249;0;44.089;0;32.856;0;155;09:47.6;09:48.4;00:31.2;00:44.1;00:32.9;251.2;Valentin HASSE CLOT;;LMGT3;;Racing Spirit of Leman;Aston Martin;GF;31.249;44.089;32.856
59;3;112;01:45.6;0;;31.393;0;42.455;0;31.792;0;158.7;11:33.3;11:34.1;00:31.4;00:42.5;00:31.8;252.9;Valentin HASSE CLOT;;LMGT3;;Racing Spirit of Leman;Aston Martin;GF;31.393;42.455;31.792
59;3;113;01:45.8;0;;31.503;0;42.579;0;31.759;0;158.4;13:19.1;13:19.9;00:31.5;00:42.6;00:31.8;250.6;Valentin HASSE CLOT;;LMGT3;;Racing Spirit of Leman;Aston Martin;GF;31.503;42.579;31.759
59;3;114;01:45.9;0;;31.56;0;42.592;0;31.79;0;158.2;15:05.0;15:05.8;00:31.6;00:42.6;00:31.8;251.7;Valentin HASSE CLOT;;LMGT3;;Racing Spirit of Leman;Aston Martin;GF;31.56;42.592;31.79
59;3;115;01:46.0;0;;31.912;0;42.511;0;31.533;0;158.2;16:51.0;16:51.8;00:31.9;00:42.5;00:31.5;249.4;Valentin HASSE CLOT;;LMGT3;;Racing Spirit of Leman;Aston Martin;GF;31.912;42.511;31.533
59;3;116;01:45.8;0;;31.088;0;42.351;0;32.322;0;158.5;18:36.8;18:37.6;00:31.1;00:42.4;00:32.3;252.9;Valentin HASSE CLOT;;LMGT3;;Racing Spirit of Leman;Aston Martin;GF;31.088;42.351;32.322
59;3;117;01:44.6;0;;31.119;0;42.216;0;31.304;0;160.2;20:21.4;20:22.2;00:31.1;00:42.2;00:31.3;254.1;Valentin HASSE CLOT;;LMGT3;;Racing Spirit of Leman;Aston Martin;GF;31.119;42.216;31.304
59;3;118;01:45.0;0;;31.043;1;41.962;1;31.964;0;159.7;22:06.4;22:07.2;00:31.0;00:42.0;00:32.0;254.7;Valentin HASSE CLOT;;LMGT3;;Racing Spirit of Leman;Aston Martin;GF;31.043;41.962;31.964
59;3;119;01:45.7;0;;31.237;0;42.606;0;31.809;0;158.7;23:52.0;23:52.8;00:31.2;00:42.6;00:31.8;250;Valentin HASSE CLOT;;LMGT3;;Racing Spirit of Leman;Aston Martin;GF;31.237;42.606;31.809
59;3;120;01:44.8;0;;31.134;0;42.15;0;31.472;0;160;25:36.8;25:37.6;00:31.1;00:42.1;00:31.5;254.1;Valentin HASSE CLOT;;LMGT3;;Racing Spirit of Leman;Aston Martin;GF;31.134;42.15;31.472
59;3;121;01:45.8;0;;31.296;0;42.716;0;31.806;0;158.4;27:22.6;27:23.4;00:31.3;00:42.7;00:31.8;249.4;Valentin HASSE CLOT;;LMGT3;;Racing Spirit of Leman;Aston Martin;FF;31.296;42.716;31.806
62;1;1;02:25.7;0;;47.329;0;56.884;0;41.48;0;111.7;02:25.7;02:26.5;00:47.3;00:56.9;00:41.5;;Abdulla Ali AL-KHELAIFI;;LMGT3;;Team Qatar by Iron Lynx;Mercedes;SF;47.329;56.884;41.48
62;1;2;28:14.9;0;;01:20.1;0;01:24.0;0;25:30.9;0;9.9;30:40.6;30:41.4;01:20.1;01:24.0;25:30.9;;Abdulla Ali AL-KHELAIFI;;LMGT3;;Team Qatar by Iron Lynx;Mercedes;SF;80.085;83.985;1530.863
62;1;3;02:46.8;0;;56.972;0;01:06.5;0;43.35;0;100.5;33:27.4;33:28.2;00:57.0;01:06.5;00:43.4;150.2;Abdulla Ali AL-KHELAIFI;;LMGT3;;Team Qatar by Iron Lynx;Mercedes;SF;56.972;66.476;43.35
62;1;4;02:16.8;0;;48.382;0;48.306;0;40.134;0;122.5;35:44.2;35:45.0;00:48.4;00:48.3;00:40.1;125.9;Abdulla Ali AL-KHELAIFI;;LMGT3;;Team Qatar by Iron Lynx;Mercedes;GF;48.382;48.306;40.134
62;1;5;01:45.6;0;;31.113;0;42.466;0;31.978;0;158.8;37:29.8;37:30.6;00:31.1;00:42.5;00:32.0;257.8;Abdulla Ali AL-KHELAIFI;;LMGT3;;Team Qatar by Iron Lynx;Mercedes;GF;31.113;42.466;31.978
62;1;6;01:45.1;0;;31.206;0;42.154;0;31.714;0;159.6;39:14.9;39:15.7;00:31.2;00:42.2;00:31.7;257.1;Abdulla Ali AL-KHELAIFI;;LMGT3;;Team Qatar by Iron Lynx;Mercedes;GF;31.206;42.154;31.714
62;1;7;01:43.9;0;;31.003;0;41.865;0;31.079;0;161.3;40:58.8;40:59.6;00:31.0;00:41.9;00:31.1;257.8;Abdulla Ali AL-KHELAIFI;;LMGT3;;Team Qatar by Iron Lynx;Mercedes;GF;31.003;41.865;31.079
62;1;8;01:43.7;0;;30.855;2;41.819;0;30.985;0;161.7;42:42.5;42:43.3;00:30.9;00:41.8;00:31.0;257.1;Abdulla Ali AL-KHELAIFI;;LMGT3;;Team Qatar by Iron Lynx;Mercedes;GF;30.855;41.819;30.985
62;1;9;01:43.9;0;;30.91;0;41.987;0;31.016;0;161.3;44:26.4;44:27.2;00:30.9;00:42.0;00:31.0;255.9;Abdulla Ali AL-KHELAIFI;;LMGT3;;Team Qatar by Iron Lynx;Mercedes;GF;30.91;41.987;31.016
62;1;10;01:43.9;0;;31.073;0;41.931;0;30.921;0;161.3;46:10.3;46:11.1;00:31.1;00:41.9;00:30.9;255.3;Abdulla Ali AL-KHELAIFI;;LMGT3;;Team Qatar by Iron Lynx;Mercedes;GF;31.073;41.931;30.921
62;1;11;01:44.2;0;;30.93;0;42.012;0;31.267;0;160.9;47:54.5;47:55.3;00:30.9;00:42.0;00:31.3;255.3;Abdulla Ali AL-KHELAIFI;;LMGT3;;Team Qatar by Iron Lynx;Mercedes;GF;30.93;42.012;31.267
62;1;12;01:45.3;0;;31.162;0;41.921;0;32.197;0;159.2;49:39.8;49:40.6;00:31.2;00:41.9;00:32.2;255.9;Abdulla Ali AL-KHELAIFI;;LMGT3;;Team Qatar by Iron Lynx;Mercedes;GF;31.162;41.921;32.197
62;1;13;01:45.8;0;;31.595;0;42.548;0;31.7;0;158.4;51:25.7;51:26.4;00:31.6;00:42.5;00:31.7;255.3;Abdulla Ali AL-KHELAIFI;;LMGT3;;Team Qatar by Iron Lynx;Mercedes;GF;31.595;42.548;31.7
62;1;14;01:45.8;0;;31.327;0;42.83;0;31.663;0;158.4;53:11.5;53:12.3;00:31.3;00:42.8;00:31.7;257.1;Abdulla Ali AL-KHELAIFI;;LMGT3;;Team Qatar by Iron Lynx;Mercedes;GF;31.327;42.83;31.663
62;1;15;01:45.0;0;;31.294;0;42.279;0;31.471;0;159.6;54:56.5;54:57.3;00:31.3;00:42.3;00:31.5;255.3;Abdulla Ali AL-KHELAIFI;;LMGT3;;Team Qatar by Iron Lynx;Mercedes;GF;31.294;42.279;31.471
62;1;16;01:45.2;0;;31.294;0;42.498;0;31.455;0;159.3;56:41.8;56:42.6;00:31.3;00:42.5;00:31.5;255.9;Abdulla Ali AL-KHELAIFI;;LMGT3;;Team Qatar by Iron Lynx;Mercedes;GF;31.294;42.498;31.455
62;1;17;01:46.0;0;;32.036;0;42.466;0;31.486;0;158.2;58:27.8;58:28.5;00:32.0;00:42.5;00:31.5;254.7;Abdulla Ali AL-KHELAIFI;;LMGT3;;Team Qatar by Iron Lynx;Mercedes;GF;32.036;42.466;31.486
62;1;18;01:44.9;0;;31.262;0;42.214;0;31.448;0;159.8;00:12.7;00:13.5;00:31.3;00:42.2;00:31.4;255.9;Abdulla Ali AL-KHELAIFI;;LMGT3;;Team Qatar by Iron Lynx;Mercedes;GF;31.262;42.214;31.448
62;1;19;01:45.1;0;;31.112;0;42.147;0;31.824;0;159.5;01:57.8;01:58.6;00:31.1;00:42.1;00:31.8;255.3;Abdulla Ali AL-KHELAIFI;;LMGT3;;Team Qatar by Iron Lynx;Mercedes;GF;31.112;42.147;31.824
62;1;20;01:45.1;0;;31.267;0;42.061;0;31.811;0;159.5;03:42.9;03:43.7;00:31.3;00:42.1;00:31.8;256.5;Abdulla Ali AL-KHELAIFI;;LMGT3;;Team Qatar by Iron Lynx;Mercedes;GF;31.267;42.061;31.811
62;1;21;01:45.1;0;;31.083;0;42.346;0;31.663;0;159.5;05:28.0;05:28.8;00:31.1;00:42.3;00:31.7;257.1;Abdulla Ali AL-KHELAIFI;;LMGT3;;Team Qatar by Iron Lynx;Mercedes;GF;31.083;42.346;31.663
62;1;22;01:45.2;0;;31.584;0;42.195;0;31.468;0;159.3;07:13.2;07:14.0;00:31.6;00:42.2;00:31.5;258.4;Abdulla Ali AL-KHELAIFI;;LMGT3;;Team Qatar by Iron Lynx;Mercedes;GF;31.584;42.195;31.468
62;1;23;01:45.1;0;;31.2;0;42.299;0;31.572;0;159.6;08:58.3;08:59.1;00:31.2;00:42.3;00:31.6;255.9;Abdulla Ali AL-KHELAIFI;;LMGT3;;Team Qatar by Iron Lynx;Mercedes;GF;31.2;42.299;31.572
62;1;24;01:45.7;0;;31.452;0;42.407;0;31.883;0;158.5;10:44.0;10:44.8;00:31.5;00:42.4;00:31.9;255.9;Abdulla Ali AL-KHELAIFI;;LMGT3;;Team Qatar by Iron Lynx;Mercedes;GF;31.452;42.407;31.883
62;1;25;01:45.3;0;;31.266;0;42.266;0;31.74;0;159.3;12:29.3;12:30.1;00:31.3;00:42.3;00:31.7;257.8;Abdulla Ali AL-KHELAIFI;;LMGT3;;Team Qatar by Iron Lynx;Mercedes;GF;31.266;42.266;31.74
62;1;26;01:46.6;0;;31.387;0;42.522;0;32.663;0;157.3;14:15.9;14:16.7;00:31.4;00:42.5;00:32.7;256.5;Abdulla Ali AL-KHELAIFI;;LMGT3;;Team Qatar by Iron Lynx;Mercedes;GF;31.387;42.522;32.663
62;1;27;01:46.1;0;;31.518;0;42.601;0;31.971;0;158;16:02.0;16:02.8;00:31.5;00:42.6;00:32.0;255.3;Abdulla Ali AL-KHELAIFI;;LMGT3;;Team Qatar by Iron Lynx;Mercedes;GF;31.518;42.601;31.971
62;1;28;01:46.1;0;;31.423;0;42.463;0;32.253;0;158;17:48.1;17:48.9;00:31.4;00:42.5;00:32.3;255.9;Abdulla Ali AL-KHELAIFI;;LMGT3;;Team Qatar by Iron Lynx;Mercedes;GF;31.423;42.463;32.253
62;1;29;01:47.1;0;;31.559;0;43.272;0;32.222;0;156.6;19:35.2;19:36.0;00:31.6;00:43.3;00:32.2;255.3;Abdulla Ali AL-KHELAIFI;;LMGT3;;Team Qatar by Iron Lynx;Mercedes;GF;31.559;43.272;32.222
62;1;30;01:45.5;0;;31.501;0;42.281;0;31.707;0;158.9;21:20.7;21:21.5;00:31.5;00:42.3;00:31.7;255.3;Abdulla Ali AL-KHELAIFI;;LMGT3;;Team Qatar by Iron Lynx;Mercedes;GF;31.501;42.281;31.707
62;1;31;01:45.6;0;;31.297;0;42.298;0;31.976;0;158.8;23:06.2;23:07.0;00:31.3;00:42.3;00:32.0;256.5;Abdulla Ali AL-KHELAIFI;;LMGT3;;Team Qatar by Iron Lynx;Mercedes;GF;31.297;42.298;31.976
62;1;32;01:46.6;0;;31.686;0;42.79;0;32.148;0;157.2;24:52.9;24:53.7;00:31.7;00:42.8;00:32.1;255.3;Abdulla Ali AL-KHELAIFI;;LMGT3;;Team Qatar by Iron Lynx;Mercedes;GF;31.686;42.79;32.148
62;1;33;01:47.1;0;;31.411;0;43.378;0;32.304;0;156.5;26:40.0;26:40.7;00:31.4;00:43.4;00:32.3;256.5;Abdulla Ali AL-KHELAIFI;;LMGT3;;Team Qatar by Iron Lynx;Mercedes;GF;31.411;43.378;32.304
62;1;34;01:47.2;0;;32.361;0;42.827;0;32.031;0;156.4;28:27.2;28:28.0;00:32.4;00:42.8;00:32.0;257.8;Abdulla Ali AL-KHELAIFI;;LMGT3;;Team Qatar by Iron Lynx;Mercedes;GF;32.361;42.827;32.031
62;1;35;01:47.0;0;;32.126;0;42.631;0;32.267;0;156.6;30:14.2;30:15.0;00:32.1;00:42.6;00:32.3;259;Abdulla Ali AL-KHELAIFI;;LMGT3;;Team Qatar by Iron Lynx;Mercedes;GF;32.126;42.631;32.267
62;1;36;01:51.6;0;B;31.453;0;43.735;0;36.454;0;150.2;32:05.8;32:06.6;00:31.5;00:43.7;00:36.5;260.2;Abdulla Ali AL-KHELAIFI;;LMGT3;;Team Qatar by Iron Lynx;Mercedes;GF;31.453;43.735;36.454
62;1;37;04:30.1;0;;02:13.0;0;01:20.1;0;56.987;0;62.1;36:35.9;36:36.7;02:13.0;01:20.1;00:57.0;180.9;Abdulla Ali AL-KHELAIFI;01:31.7;LMGT3;;Team Qatar by Iron Lynx;Mercedes;GF;132.98;80.13;56.987
62;1;38;03:30.0;0;;01:13.3;0;01:19.7;0;56.944;0;79.9;40:05.9;40:06.7;01:13.3;01:19.7;00:56.9;;Abdulla Ali AL-KHELAIFI;;LMGT3;;Team Qatar by Iron Lynx;Mercedes;GF;73.262;79.748;56.944
62;1;39;02:44.5;0;;01:13.6;0;53.403;0;37.522;0;101.9;42:50.4;42:51.2;01:13.6;00:53.4;00:37.5;;Abdulla Ali AL-KHELAIFI;;LMGT3;;Team Qatar by Iron Lynx;Mercedes;SF;73.585;53.403;37.522
62;1;40;03:36.3;0;;01:07.4;0;01:25.0;0;01:03.9;0;77.5;46:26.7;46:27.5;01:07.4;01:25.0;01:03.9;;Abdulla Ali AL-KHELAIFI;;LMGT3;;Team Qatar by Iron Lynx;Mercedes;SF;67.439;84.991;63.864
62;1;41;03:01.6;0;;01:11.6;0;01:08.4;0;41.677;0;92.3;49:28.3;49:29.1;01:11.6;01:08.4;00:41.7;;Abdulla Ali AL-KHELAIFI;;LMGT3;;Team Qatar by Iron Lynx;Mercedes;SF;71.566;68.381;41.677
62;1;42;02:14.0;0;;39.924;0;52.858;0;41.258;0;125.1;51:42.4;51:43.2;00:39.9;00:52.9;00:41.3;192.5;Abdulla Ali AL-KHELAIFI;;LMGT3;;Team Qatar by Iron Lynx;Mercedes;GF;39.924;52.858;41.258
62;1;43;01:45.9;0;;31.904;0;42.36;0;31.587;0;158.4;53:28.2;53:29.0;00:31.9;00:42.4;00:31.6;250;Abdulla Ali AL-KHELAIFI;;LMGT3;;Team Qatar by Iron Lynx;Mercedes;GF;31.904;42.36;31.587
62;1;44;01:44.6;0;;31.314;0;42.134;0;31.104;0;160.4;55:12.8;55:13.6;00:31.3;00:42.1;00:31.1;254.1;Abdulla Ali AL-KHELAIFI;;LMGT3;;Team Qatar by Iron Lynx;Mercedes;GF;31.314;42.134;31.104
62;1;45;01:43.5;0;;30.886;0;41.685;1;30.92;1;162;56:56.3;56:57.0;00:30.9;00:41.7;00:30.9;254.1;Abdulla Ali AL-KHELAIFI;;LMGT3;;Team Qatar by Iron Lynx;Mercedes;GF;30.886;41.685;30.92
62;1;46;01:44.0;0;;30.856;0;42.078;0;31.102;0;161.1;58:40.3;58:41.1;00:30.9;00:42.1;00:31.1;253.5;Abdulla Ali AL-KHELAIFI;;LMGT3;;Team Qatar by Iron Lynx;Mercedes;GF;30.856;42.078;31.102
62;1;47;01:44.2;0;;31.094;0;42.106;0;31.047;0;160.8;00:24.5;00:25.3;00:31.1;00:42.1;00:31.0;252.9;Abdulla Ali AL-KHELAIFI;;LMGT3;;Team Qatar by Iron Lynx;Mercedes;GF;31.094;42.106;31.047
62;1;48;01:44.7;0;;31.551;0;42.12;0;30.989;0;160.2;02:09.2;02:10.0;00:31.6;00:42.1;00:31.0;252.3;Abdulla Ali AL-KHELAIFI;;LMGT3;;Team Qatar by Iron Lynx;Mercedes;GF;31.551;42.12;30.989
62;1;49;01:46.0;0;;31.007;0;42.754;0;32.272;0;158.1;03:55.2;03:56.0;00:31.0;00:42.8;00:32.3;253.5;Abdulla Ali AL-KHELAIFI;;LMGT3;;Team Qatar by Iron Lynx;Mercedes;GF;31.007;42.754;32.272
62;1;50;03:01.6;0;;01:08.6;0;01:19.2;0;33.863;0;92.3;06:56.9;06:57.7;01:08.6;01:19.2;00:33.9;;Abdulla Ali AL-KHELAIFI;;LMGT3;;Team Qatar by Iron Lynx;Mercedes;GF;68.578;79.2;33.863
62;1;51;01:44.2;0;;31.171;0;41.877;0;31.104;0;161;08:41.0;08:41.8;00:31.2;00:41.9;00:31.1;250;Abdulla Ali AL-KHELAIFI;;LMGT3;;Team Qatar by Iron Lynx;Mercedes;GF;31.171;41.877;31.104
62;1;52;01:44.1;0;;30.962;0;42.04;0;31.105;0;161;10:25.1;10:25.9;00:31.0;00:42.0;00:31.1;253.5;Abdulla Ali AL-KHELAIFI;;LMGT3;;Team Qatar by Iron Lynx;Mercedes;GF;30.962;42.04;31.105
62;1;53;01:44.6;0;;31.147;0;42.195;0;31.298;0;160.2;12:09.8;12:10.6;00:31.1;00:42.2;00:31.3;254.7;Abdulla Ali AL-KHELAIFI;;LMGT3;;Team Qatar by Iron Lynx;Mercedes;GF;31.147;42.195;31.298
62;1;54;01:45.0;0;;31.524;0;42.324;0;31.197;0;159.6;13:54.8;13:55.6;00:31.5;00:42.3;00:31.2;255.9;Abdulla Ali AL-KHELAIFI;;LMGT3;;Team Qatar by Iron Lynx;Mercedes;GF;31.524;42.324;31.197
62;1;55;01:44.2;0;;30.991;0;41.984;0;31.2;0;160.9;15:39.0;15:39.8;00:31.0;00:42.0;00:31.2;254.1;Abdulla Ali AL-KHELAIFI;;LMGT3;;Team Qatar by Iron Lynx;Mercedes;GF;30.991;41.984;31.2
62;1;56;01:44.9;0;;31.299;0;41.839;0;31.8;0;159.8;17:23.9;17:24.7;00:31.3;00:41.8;00:31.8;252.9;Abdulla Ali AL-KHELAIFI;;LMGT3;;Team Qatar by Iron Lynx;Mercedes;GF;31.299;41.839;31.8
62;1;57;01:44.2;0;;30.997;0;41.939;0;31.248;0;160.9;19:08.1;19:08.9;00:31.0;00:41.9;00:31.2;254.1;Abdulla Ali AL-KHELAIFI;;LMGT3;;Team Qatar by Iron Lynx;Mercedes;GF;30.997;41.939;31.248
62;1;58;01:45.7;0;;31.052;0;43.016;0;31.587;0;158.7;20:53.8;20:54.6;00:31.1;00:43.0;00:31.6;253.5;Abdulla Ali AL-KHELAIFI;;LMGT3;;Team Qatar by Iron Lynx;Mercedes;GF;31.052;43.016;31.587
62;1;59;01:45.3;0;;31.548;0;42.312;0;31.393;0;159.3;22:39.0;22:39.8;00:31.5;00:42.3;00:31.4;255.9;Abdulla Ali AL-KHELAIFI;;LMGT3;;Team Qatar by Iron Lynx;Mercedes;GF;31.548;42.312;31.393
62;1;60;01:45.4;0;;31.214;0;42.377;0;31.788;0;159.1;24:24.4;24:25.2;00:31.2;00:42.4;00:31.8;255.3;Abdulla Ali AL-KHELAIFI;;LMGT3;;Team Qatar by Iron Lynx;Mercedes;GF;31.214;42.377;31.788
62;1;61;01:45.1;0;;31.256;0;42.454;0;31.397;0;159.5;26:09.5;26:10.3;00:31.3;00:42.5;00:31.4;252.9;Abdulla Ali AL-KHELAIFI;;LMGT3;;Team Qatar by Iron Lynx;Mercedes;GF;31.256;42.454;31.397
62;1;62;01:47.2;0;;31.938;0;42.957;0;32.277;0;156.4;27:56.7;27:57.5;00:31.9;00:43.0;00:32.3;247.7;Abdulla Ali AL-KHELAIFI;;LMGT3;;Team Qatar by Iron Lynx;Mercedes;GF;31.938;42.957;32.277
62;1;63;01:47.7;0;;31.353;0;42.712;0;33.647;0;155.6;29:44.4;29:45.2;00:31.4;00:42.7;00:33.6;253.5;Abdulla Ali AL-KHELAIFI;;LMGT3;;Team Qatar by Iron Lynx;Mercedes;GF;31.353;42.712;33.647
62;1;64;01:50.7;0;;32.432;0;42.749;0;35.492;0;151.5;31:35.1;31:35.9;00:32.4;00:42.7;00:35.5;246.6;Abdulla Ali AL-KHELAIFI;;LMGT3;;Team Qatar by Iron Lynx;Mercedes;GF;32.432;42.749;35.492
62;1;65;03:28.8;0;B;01:12.8;0;01:19.2;0;56.839;0;80.3;35:03.8;35:04.6;01:12.8;01:19.2;00:56.8;;Abdulla Ali AL-KHELAIFI;;LMGT3;;Team Qatar by Iron Lynx;Mercedes;GF;72.776;79.163;56.839
62;2;66;04:17.6;0;;02:13.9;0;01:19.6;0;44.063;0;65.1;39:21.4;39:22.2;02:13.9;01:19.6;00:44.1;;Julian HANSES;01:19.2;LMGT3;;Team Qatar by Iron Lynx;Mercedes;SF;133.865;79.629;44.063
62;2;67;02:06.4;0;;40.305;0;45.547;0;40.581;0;132.6;41:27.8;41:28.6;00:40.3;00:45.5;00:40.6;176.2;Julian HANSES;;LMGT3;;Team Qatar by Iron Lynx;Mercedes;SF;40.305;45.547;40.581
62;2;68;03:13.4;0;;56.573;0;01:15.5;0;01:01.3;0;86.7;44:41.2;44:42.0;00:56.6;01:15.5;01:01.3;;Julian HANSES;;LMGT3;;Team Qatar by Iron Lynx;Mercedes;SF;56.573;75.544;61.284
62;2;69;02:53.5;0;;01:05.6;0;01:06.2;0;41.697;0;96.6;47:34.7;47:35.5;01:05.6;01:06.2;00:41.7;;Julian HANSES;;LMGT3;;Team Qatar by Iron Lynx;Mercedes;SF;65.593;66.208;41.697
62;2;70;02:15.0;0;;38.753;0;51.867;0;44.37;0;124.2;49:49.7;49:50.5;00:38.8;00:51.9;00:44.4;209.7;Julian HANSES;;LMGT3;;Team Qatar by Iron Lynx;Mercedes;GF;38.753;51.867;44.37
62;2;71;01:43.1;2;;31.071;0;41.425;2;30.626;2;162.6;51:32.8;51:33.6;00:31.1;00:41.4;00:30.6;252.9;Julian HANSES;;LMGT3;;Team Qatar by Iron Lynx;Mercedes;GF;31.071;41.425;30.626
62;2;72;01:44.0;0;;31.372;0;41.855;0;30.783;0;161.2;53:16.8;53:17.6;00:31.4;00:41.9;00:30.8;252.3;Julian HANSES;;LMGT3;;Team Qatar by Iron Lynx;Mercedes;GF;31.372;41.855;30.783
62;2;73;01:43.7;0;;31.31;0;41.583;0;30.779;0;161.7;55:00.5;55:01.3;00:31.3;00:41.6;00:30.8;251.2;Julian HANSES;;LMGT3;;Team Qatar by Iron Lynx;Mercedes;GF;31.31;41.583;30.779
62;2;74;01:43.2;0;;30.902;0;41.575;0;30.74;0;162.4;56:43.7;56:44.5;00:30.9;00:41.6;00:30.7;252.9;Julian HANSES;;LMGT3;;Team Qatar by Iron Lynx;Mercedes;GF;30.902;41.575;30.74
62;2;75;01:43.2;0;;30.858;1;41.638;0;30.728;0;162.4;58:27.0;58:27.8;00:30.9;00:41.6;00:30.7;250.6;Julian HANSES;;LMGT3;;Team Qatar by Iron Lynx;Mercedes;GF;30.858;41.638;30.728
62;2;76;01:43.2;0;;30.931;0;41.53;0;30.764;0;162.4;00:10.2;00:11.0;00:30.9;00:41.5;00:30.8;250.6;Julian HANSES;;LMGT3;;Team Qatar by Iron Lynx;Mercedes;GF;30.931;41.53;30.764
62;2;77;01:43.4;0;;30.896;0;41.599;0;30.936;0;162.1;01:53.6;01:54.4;00:30.9;00:41.6;00:30.9;250.6;Julian HANSES;;LMGT3;;Team Qatar by Iron Lynx;Mercedes;GF;30.896;41.599;30.936
62;2;78;01:53.5;0;;30.994;0;41.585;0;40.95;0;147.7;03:47.1;03:47.9;00:31.0;00:41.6;00:41.0;250.6;Julian HANSES;;LMGT3;;Team Qatar by Iron Lynx;Mercedes;FCY;30.994;41.585;40.95
62;2;79;02:53.5;0;;01:12.5;0;01:09.7;0;31.327;0;96.6;06:40.7;06:41.5;01:12.5;01:09.7;00:31.3;;Julian HANSES;;LMGT3;;Team Qatar by Iron Lynx;Mercedes;GF;72.487;69.73;31.327
62;2;80;01:44.5;0;;31.254;0;41.615;0;31.668;0;160.4;08:25.2;08:26.0;00:31.3;00:41.6;00:31.7;248.8;Julian HANSES;;LMGT3;;Team Qatar by Iron Lynx;Mercedes;GF;31.254;41.615;31.668
62;2;81;01:44.0;0;;31.119;0;41.836;0;31.073;0;161.2;10:09.3;10:10.1;00:31.1;00:41.8;00:31.1;251.7;Julian HANSES;;LMGT3;;Team Qatar by Iron Lynx;Mercedes;GF;31.119;41.836;31.073
62;2;82;01:44.6;0;;31.664;0;41.788;0;31.155;0;160.3;11:53.9;11:54.7;00:31.7;00:41.8;00:31.2;253.5;Julian HANSES;;LMGT3;;Team Qatar by Iron Lynx;Mercedes;GF;31.664;41.788;31.155
62;2;83;01:43.9;0;;31.077;0;41.807;0;31.047;0;161.3;13:37.8;13:38.6;00:31.1;00:41.8;00:31.0;253.5;Julian HANSES;;LMGT3;;Team Qatar by Iron Lynx;Mercedes;GF;31.077;41.807;31.047
62;2;84;01:43.8;0;;30.978;0;41.763;0;31.042;0;161.5;15:21.6;15:22.4;00:31.0;00:41.8;00:31.0;252.3;Julian HANSES;;LMGT3;;Team Qatar by Iron Lynx;Mercedes;GF;30.978;41.763;31.042
62;2;85;01:43.9;0;;30.984;0;41.654;0;31.238;0;161.4;17:05.5;17:06.2;00:31.0;00:41.7;00:31.2;251.7;Julian HANSES;;LMGT3;;Team Qatar by Iron Lynx;Mercedes;GF;30.984;41.654;31.238
62;2;86;01:43.9;0;;30.992;0;41.806;0;31.122;0;161.3;18:49.4;18:50.2;00:31.0;00:41.8;00:31.1;252.3;Julian HANSES;;LMGT3;;Team Qatar by Iron Lynx;Mercedes;GF;30.992;41.806;31.122
62;2;87;01:44.8;0;;31.128;0;42.013;0;31.656;0;160;20:34.2;20:35.0;00:31.1;00:42.0;00:31.7;252.9;Julian HANSES;;LMGT3;;Team Qatar by Iron Lynx;Mercedes;GF;31.128;42.013;31.656
62;2;88;02:40.4;0;;39.182;0;01:19.0;0;42.241;0;104.5;23:14.6;23:15.4;00:39.2;01:19.0;00:42.2;251.2;Julian HANSES;;LMGT3;;Team Qatar by Iron Lynx;Mercedes;GF;39.182;78.993;42.241
62;2;89;01:44.6;0;;31.603;0;42.029;0;30.978;0;160.3;24:59.2;25:00.0;00:31.6;00:42.0;00:31.0;249.4;Julian HANSES;;LMGT3;;Team Qatar by Iron Lynx;Mercedes;GF;31.603;42.029;30.978
62;2;90;01:44.1;0;;31.004;0;41.767;0;31.282;0;161.1;26:43.2;26:44.0;00:31.0;00:41.8;00:31.3;251.2;Julian HANSES;;LMGT3;;Team Qatar by Iron Lynx;Mercedes;GF;31.004;41.767;31.282
62;2;91;01:45.4;0;;31.274;0;42.565;0;31.557;0;159.1;28:28.6;28:29.4;00:31.3;00:42.6;00:31.6;254.1;Julian HANSES;;LMGT3;;Team Qatar by Iron Lynx;Mercedes;GF;31.274;42.565;31.557
62;2;92;01:45.3;0;;31.619;0;42.199;0;31.51;0;159.2;30:14.0;30:14.8;00:31.6;00:42.2;00:31.5;252.9;Julian HANSES;;LMGT3;;Team Qatar by Iron Lynx;Mercedes;GF;31.619;42.199;31.51
62;2;93;01:45.2;0;;31.527;0;42.227;0;31.407;0;159.4;31:59.1;31:59.9;00:31.5;00:42.2;00:31.4;255.3;Julian HANSES;;LMGT3;;Team Qatar by Iron Lynx;Mercedes;GF;31.527;42.227;31.407
62;2;94;01:44.6;0;;31.144;0;41.952;0;31.526;0;160.2;33:43.8;33:44.6;00:31.1;00:42.0;00:31.5;252.3;Julian HANSES;;LMGT3;;Team Qatar by Iron Lynx;Mercedes;GF;31.144;41.952;31.526
62;2;95;01:44.7;0;;31.145;0;42.159;0;31.387;0;160.1;35:28.4;35:29.2;00:31.1;00:42.2;00:31.4;255.3;Julian HANSES;;LMGT3;;Team Qatar by Iron Lynx;Mercedes;GF;31.145;42.159;31.387
62;2;96;01:49.7;0;B;31.219;0;42.037;0;36.408;0;152.9;37:18.1;37:18.9;00:31.2;00:42.0;00:36.4;254.7;Julian HANSES;;LMGT3;;Team Qatar by Iron Lynx;Mercedes;GF;31.219;42.037;36.408
62;3;97;03:01.4;0;;01:45.7;0;43.964;0;31.729;0;92.4;40:19.5;40:20.3;01:45.7;00:44.0;00:31.7;179.4;Adam CHRISTODOULOU;01:16.9;LMGT3;;Team Qatar by Iron Lynx;Mercedes;GF;105.684;43.964;31.729
62;3;98;01:44.9;0;;31.442;0;42.056;0;31.36;0;159.9;42:04.3;42:05.1;00:31.4;00:42.1;00:31.4;250;Adam CHRISTODOULOU;;LMGT3;;Team Qatar by Iron Lynx;Mercedes;GF;31.442;42.056;31.36
62;3;99;01:44.5;0;;31.117;0;42.082;0;31.288;0;160.5;43:48.8;43:49.6;00:31.1;00:42.1;00:31.3;252.3;Adam CHRISTODOULOU;;LMGT3;;Team Qatar by Iron Lynx;Mercedes;GF;31.117;42.082;31.288
62;3;100;01:44.1;0;;31.067;0;41.861;0;31.183;0;161;45:32.9;45:33.7;00:31.1;00:41.9;00:31.2;251.7;Adam CHRISTODOULOU;;LMGT3;;Team Qatar by Iron Lynx;Mercedes;GF;31.067;41.861;31.183
62;3;101;01:44.6;0;;31.211;0;42.102;0;31.242;0;160.3;47:17.5;47:18.3;00:31.2;00:42.1;00:31.2;251.7;Adam CHRISTODOULOU;;LMGT3;;Team Qatar by Iron Lynx;Mercedes;GF;31.211;42.102;31.242
62;3;102;01:43.8;0;;31.148;0;41.757;0;30.891;1;161.5;49:01.3;49:02.1;00:31.1;00:41.8;00:30.9;251.7;Adam CHRISTODOULOU;;LMGT3;;Team Qatar by Iron Lynx;Mercedes;GF;31.148;41.757;30.891
62;3;103;01:44.0;0;;31.271;0;41.767;0;30.98;0;161.2;50:45.3;50:46.1;00:31.3;00:41.8;00:31.0;251.7;Adam CHRISTODOULOU;;LMGT3;;Team Qatar by Iron Lynx;Mercedes;GF;31.271;41.767;30.98
62;3;104;01:45.4;0;;31.07;0;43.074;0;31.222;0;159.1;52:30.7;52:31.5;00:31.1;00:43.1;00:31.2;251.7;Adam CHRISTODOULOU;;LMGT3;;Team Qatar by Iron Lynx;Mercedes;GF;31.07;43.074;31.222
62;3;105;01:43.9;0;;31.026;1;41.737;1;31.095;0;161.4;54:14.5;54:15.3;00:31.0;00:41.7;00:31.1;253.5;Adam CHRISTODOULOU;;LMGT3;;Team Qatar by Iron Lynx;Mercedes;GF;31.026;41.737;31.095
62;3;106;01:44.1;0;;31.127;0;41.892;0;31.123;0;161;55:58.7;55:59.5;00:31.1;00:41.9;00:31.1;252.3;Adam CHRISTODOULOU;;LMGT3;;Team Qatar by Iron Lynx;Mercedes;GF;31.127;41.892;31.123
62;3;107;01:44.8;0;;31.114;0;42.133;0;31.574;0;159.9;57:43.5;57:44.3;00:31.1;00:42.1;00:31.6;252.9;Adam CHRISTODOULOU;;LMGT3;;Team Qatar by Iron Lynx;Mercedes;GF;31.114;42.133;31.574
62;3;108;01:44.8;0;;31.239;0;42.065;0;31.535;0;159.9;59:28.3;59:29.1;00:31.2;00:42.1;00:31.5;252.3;Adam CHRISTODOULOU;;LMGT3;;Team Qatar by Iron Lynx;Mercedes;GF;31.239;42.065;31.535
62;3;109;01:46.5;0;;32.494;0;42.512;0;31.509;0;157.4;01:14.9;01:15.7;00:32.5;00:42.5;00:31.5;250;Adam CHRISTODOULOU;;LMGT3;;Team Qatar by Iron Lynx;Mercedes;GF;32.494;42.512;31.509
62;3;110;01:44.6;0;;31.322;0;42.065;0;31.199;0;160.3;02:59.4;03:00.2;00:31.3;00:42.1;00:31.2;255.3;Adam CHRISTODOULOU;;LMGT3;;Team Qatar by Iron Lynx;Mercedes;GF;31.322;42.065;31.199
62;3;111;01:45.0;0;;31.23;0;42.247;0;31.536;0;159.6;04:44.5;04:45.2;00:31.2;00:42.2;00:31.5;252.9;Adam CHRISTODOULOU;;LMGT3;;Team Qatar by Iron Lynx;Mercedes;GF;31.23;42.247;31.536
62;3;112;01:45.0;0;;31.118;0;42.096;0;31.774;0;159.7;06:29.4;06:30.2;00:31.1;00:42.1;00:31.8;252.9;Adam CHRISTODOULOU;;LMGT3;;Team Qatar by Iron Lynx;Mercedes;GF;31.118;42.096;31.774
62;3;113;01:45.7;0;;31.464;0;42.425;0;31.779;0;158.7;08:15.1;08:15.9;00:31.5;00:42.4;00:31.8;252.3;Adam CHRISTODOULOU;;LMGT3;;Team Qatar by Iron Lynx;Mercedes;GF;31.464;42.425;31.779
62;3;114;01:45.0;0;;31.317;0;42.231;0;31.472;0;159.6;10:00.1;10:00.9;00:31.3;00:42.2;00:31.5;252.3;Adam CHRISTODOULOU;;LMGT3;;Team Qatar by Iron Lynx;Mercedes;GF;31.317;42.231;31.472
62;3;115;01:46.7;0;;31.665;0;43.108;0;31.897;0;157.2;11:46.8;11:47.6;00:31.7;00:43.1;00:31.9;254.1;Adam CHRISTODOULOU;;LMGT3;;Team Qatar by Iron Lynx;Mercedes;GF;31.665;43.108;31.897
62;3;116;01:45.6;0;;31.536;0;42.496;0;31.538;0;158.8;13:32.4;13:33.2;00:31.5;00:42.5;00:31.5;252.9;Adam CHRISTODOULOU;;LMGT3;;Team Qatar by Iron Lynx;Mercedes;GF;31.536;42.496;31.538
62;3;117;01:46.5;0;;31.855;0;43.018;0;31.593;0;157.5;15:18.8;15:19.6;00:31.9;00:43.0;00:31.6;252.9;Adam CHRISTODOULOU;;LMGT3;;Team Qatar by Iron Lynx;Mercedes;GF;31.855;43.018;31.593
62;3;118;01:45.3;0;;31.269;0;42.289;0;31.786;0;159.1;17:04.2;17:05.0;00:31.3;00:42.3;00:31.8;254.7;Adam CHRISTODOULOU;;LMGT3;;Team Qatar by Iron Lynx;Mercedes;GF;31.269;42.289;31.786
62;3;119;01:45.7;0;;31.468;0;42.655;0;31.545;0;158.7;18:49.8;18:50.6;00:31.5;00:42.7;00:31.5;253.5;Adam CHRISTODOULOU;;LMGT3;;Team Qatar by Iron Lynx;Mercedes;GF;31.468;42.655;31.545
62;3;120;01:46.7;0;;31.636;0;42.967;0;32.056;0;157.2;20:36.5;20:37.3;00:31.6;00:43.0;00:32.1;254.7;Adam CHRISTODOULOU;;LMGT3;;Team Qatar by Iron Lynx;Mercedes;GF;31.636;42.967;32.056
62;3;121;01:45.7;0;;31.444;0;42.565;0;31.702;0;158.6;22:22.2;22:23.0;00:31.4;00:42.6;00:31.7;252.9;Adam CHRISTODOULOU;;LMGT3;;Team Qatar by Iron Lynx;Mercedes;GF;31.444;42.565;31.702
62;3;122;01:46.7;0;;31.363;0;42.37;0;32.952;0;157.1;24:08.9;24:09.7;00:31.4;00:42.4;00:33.0;254.7;Adam CHRISTODOULOU;;LMGT3;;Team Qatar by Iron Lynx;Mercedes;GF;31.363;42.37;32.952
62;3;123;01:45.7;0;;31.544;0;42.399;0;31.754;0;158.6;25:54.6;25:55.4;00:31.5;00:42.4;00:31.8;255.3;Adam CHRISTODOULOU;;LMGT3;;Team Qatar by Iron Lynx;Mercedes;GF;31.544;42.399;31.754
62;3;124;01:46.5;0;;31.538;0;42.33;0;32.599;0;157.5;27:41.1;27:41.9;00:31.5;00:42.3;00:32.6;255.3;Adam CHRISTODOULOU;;LMGT3;;Team Qatar by Iron Lynx;Mercedes;FF;31.538;42.33;32.599
63;1;1;02:41.1;0;;51.908;0;01:04.3;0;44.925;0;101;02:41.1;02:41.9;00:51.9;01:04.3;00:44.9;;Ameerh NARAN;;LMGT3;;Iron Lynx;Mercedes;SF;51.908;64.277;44.925
63;1;2;28:23.1;0;;01:39.6;0;01:18.7;0;25:24.7;0;9.8;31:04.2;31:05.0;01:39.6;01:18.7;25:24.7;;Ameerh NARAN;;LMGT3;;Iron Lynx;Mercedes;SF;99.613;78.749;1524.73
63;1;3;02:39.1;0;;48.047;0;01:05.7;0;45.316;0;105.4;33:43.3;33:44.1;00:48.0;01:05.7;00:45.3;152.8;Ameerh NARAN;;LMGT3;;Iron Lynx;Mercedes;SF;48.047;65.726;45.316
63;1;4;02:10.3;0;;46.302;0;46.74;0;37.276;0;128.6;35:53.6;35:54.4;00:46.3;00:46.7;00:37.3;129.2;Ameerh NARAN;;LMGT3;;Iron Lynx;Mercedes;GF;46.302;46.74;37.276
63;1;5;01:47.6;0;;32.275;0;43.475;0;31.888;0;155.8;37:41.2;37:42.0;00:32.3;00:43.5;00:31.9;257.8;Ameerh NARAN;;LMGT3;;Iron Lynx;Mercedes;GF;32.275;43.475;31.888
63;1;6;01:44.6;0;;31.204;0;42.131;0;31.275;0;160.3;39:25.9;39:26.7;00:31.2;00:42.1;00:31.3;256.5;Ameerh NARAN;;LMGT3;;Iron Lynx;Mercedes;GF;31.204;42.131;31.275
63;1;7;01:45.4;0;;31.415;0;42.413;0;31.621;0;159;41:11.3;41:12.1;00:31.4;00:42.4;00:31.6;259;Ameerh NARAN;;LMGT3;;Iron Lynx;Mercedes;GF;31.415;42.413;31.621
63;1;8;01:44.4;0;;30.966;0;42.146;0;31.252;0;160.6;42:55.7;42:56.5;00:31.0;00:42.1;00:31.3;257.8;Ameerh NARAN;;LMGT3;;Iron Lynx;Mercedes;GF;30.966;42.146;31.252
63;1;9;01:44.6;0;;31.282;0;41.939;1;31.391;0;160.3;44:40.3;44:41.1;00:31.3;00:41.9;00:31.4;257.8;Ameerh NARAN;;LMGT3;;Iron Lynx;Mercedes;GF;31.282;41.939;31.391
63;1;10;01:47.6;0;;31.941;0;42.618;0;32.993;0;155.9;46:27.8;46:28.6;00:31.9;00:42.6;00:33.0;259;Ameerh NARAN;;LMGT3;;Iron Lynx;Mercedes;GF;31.941;42.618;32.993
63;1;11;01:46.1;0;;31.24;0;42.681;0;32.132;0;158.1;48:13.9;48:14.7;00:31.2;00:42.7;00:32.1;259.6;Ameerh NARAN;;LMGT3;;Iron Lynx;Mercedes;GF;31.24;42.681;32.132
63;1;12;01:45.7;0;;31.605;0;42.288;0;31.788;0;158.6;49:59.6;50:00.4;00:31.6;00:42.3;00:31.8;258.4;Ameerh NARAN;;LMGT3;;Iron Lynx;Mercedes;GF;31.605;42.288;31.788
63;1;13;01:53.6;0;B;31.606;0;42.732;0;39.271;0;147.6;51:53.2;51:54.0;00:31.6;00:42.7;00:39.3;261.5;Ameerh NARAN;;LMGT3;;Iron Lynx;Mercedes;GF;31.606;42.732;39.271
63;1;14;02:05.0;0;;50.456;0;42.689;0;31.896;0;134.1;53:58.2;53:59.0;00:50.5;00:42.7;00:31.9;187.8;Ameerh NARAN;00:23.5;LMGT3;;Iron Lynx;Mercedes;GF;50.456;42.689;31.896
63;1;15;01:47.7;0;;32.248;0;42.741;0;32.685;0;155.7;55:45.9;55:46.7;00:32.2;00:42.7;00:32.7;257.1;Ameerh NARAN;;LMGT3;;Iron Lynx;Mercedes;GF;32.248;42.741;32.685
63;1;16;01:48.7;0;;31.72;0;43.71;0;33.258;0;154.3;57:34.6;57:35.4;00:31.7;00:43.7;00:33.3;260.2;Ameerh NARAN;;LMGT3;;Iron Lynx;Mercedes;GF;31.72;43.71;33.258
63;1;17;01:48.4;0;;31.884;0;43.47;0;33.036;0;154.7;59:23.0;59:23.8;00:31.9;00:43.5;00:33.0;258.4;Ameerh NARAN;;LMGT3;;Iron Lynx;Mercedes;GF;31.884;43.47;33.036
63;1;18;01:48.7;0;;31.84;0;43.712;0;33.191;0;154.2;01:11.7;01:12.5;00:31.8;00:43.7;00:33.2;259;Ameerh NARAN;;LMGT3;;Iron Lynx;Mercedes;GF;31.84;43.712;33.191
63;1;19;01:46.4;0;;32.414;0;42.335;0;31.658;0;157.6;02:58.1;02:58.9;00:32.4;00:42.3;00:31.7;260.9;Ameerh NARAN;;LMGT3;;Iron Lynx;Mercedes;GF;32.414;42.335;31.658
63;1;20;01:45.4;0;;31.297;0;42.335;0;31.782;0;159;04:43.5;04:44.3;00:31.3;00:42.3;00:31.8;257.8;Ameerh NARAN;;LMGT3;;Iron Lynx;Mercedes;GF;31.297;42.335;31.782
63;1;21;01:45.5;0;;31.492;0;42.348;0;31.67;0;158.9;06:29.0;06:29.8;00:31.5;00:42.3;00:31.7;258.4;Ameerh NARAN;;LMGT3;;Iron Lynx;Mercedes;GF;31.492;42.348;31.67
63;1;22;01:46.7;0;;31.871;0;42.467;0;32.39;0;157.1;08:15.8;08:16.6;00:31.9;00:42.5;00:32.4;259;Ameerh NARAN;;LMGT3;;Iron Lynx;Mercedes;GF;31.871;42.467;32.39
63;1;23;01:46.0;0;;31.507;0;42.356;0;32.125;0;158.2;10:01.8;10:02.6;00:31.5;00:42.4;00:32.1;257.1;Ameerh NARAN;;LMGT3;;Iron Lynx;Mercedes;GF;31.507;42.356;32.125
63;1;24;01:46.3;0;;31.572;0;42.468;0;32.295;0;157.7;11:48.1;11:48.9;00:31.6;00:42.5;00:32.3;257.1;Ameerh NARAN;;LMGT3;;Iron Lynx;Mercedes;GF;31.572;42.468;32.295
63;1;25;01:45.5;0;;31.586;0;42.296;0;31.62;0;158.9;13:33.6;13:34.4;00:31.6;00:42.3;00:31.6;256.5;Ameerh NARAN;;LMGT3;;Iron Lynx;Mercedes;GF;31.586;42.296;31.62
63;1;26;01:46.0;0;;31.32;0;42.82;0;31.856;0;158.2;15:19.6;15:20.4;00:31.3;00:42.8;00:31.9;257.8;Ameerh NARAN;;LMGT3;;Iron Lynx;Mercedes;GF;31.32;42.82;31.856
63;1;27;01:47.1;0;;31.638;0;43.037;0;32.404;0;156.6;17:06.7;17:07.5;00:31.6;00:43.0;00:32.4;257.1;Ameerh NARAN;;LMGT3;;Iron Lynx;Mercedes;GF;31.638;43.037;32.404
63;1;28;01:47.3;0;;32.631;0;42.792;0;31.895;0;156.2;18:54.0;18:54.8;00:32.6;00:42.8;00:31.9;256.5;Ameerh NARAN;;LMGT3;;Iron Lynx;Mercedes;GF;32.631;42.792;31.895
63;1;29;01:47.6;0;;32.503;0;42.978;0;32.151;0;155.8;20:41.6;20:42.4;00:32.5;00:43.0;00:32.2;256.5;Ameerh NARAN;;LMGT3;;Iron Lynx;Mercedes;GF;32.503;42.978;32.151
63;1;30;01:47.1;0;;32.162;0;42.897;0;31.992;0;156.6;22:28.7;22:29.5;00:32.2;00:42.9;00:32.0;257.1;Ameerh NARAN;;LMGT3;;Iron Lynx;Mercedes;GF;32.162;42.897;31.992
63;1;31;01:46.4;0;;31.886;0;42.627;0;31.875;0;157.6;24:15.1;24:15.9;00:31.9;00:42.6;00:31.9;256.5;Ameerh NARAN;;LMGT3;;Iron Lynx;Mercedes;GF;31.886;42.627;31.875
63;1;32;01:47.7;0;;31.488;0;43.836;0;32.391;0;155.6;26:02.8;26:03.6;00:31.5;00:43.8;00:32.4;257.1;Ameerh NARAN;;LMGT3;;Iron Lynx;Mercedes;GF;31.488;43.836;32.391
63;1;33;01:53.5;0;B;32.157;0;43.479;0;37.867;0;147.7;27:56.3;27:57.1;00:32.2;00:43.5;00:37.9;259;Ameerh NARAN;;LMGT3;;Iron Lynx;Mercedes;GF;32.157;43.479;37.867
63;1;34;03:24.5;0;;02:07.6;0;44.675;0;32.234;0;82;31:20.8;31:21.6;02:07.6;00:44.7;00:32.2;182.1;Ameerh NARAN;01:38.0;LMGT3;;Iron Lynx;Mercedes;GF;127.595;44.675;32.234
63;1;35;01:46.0;0;;32.418;0;42.511;0;31.08;1;158.1;33:06.8;33:07.6;00:32.4;00:42.5;00:31.1;255.3;Ameerh NARAN;;LMGT3;;Iron Lynx;Mercedes;GF;32.418;42.511;31.08
63;1;36;02:32.2;0;;30.954;1;01:04.8;0;56.411;0;110.2;35:39.0;35:39.8;00:31.0;01:04.8;00:56.4;257.8;Ameerh NARAN;;LMGT3;;Iron Lynx;Mercedes;GF;30.954;64.808;56.411
63;1;37;03:28.6;0;;01:12.7;0;01:19.4;0;56.566;0;80.4;39:07.6;39:08.4;01:12.7;01:19.4;00:56.6;;Ameerh NARAN;;LMGT3;;Iron Lynx;Mercedes;GF;72.689;79.351;56.566
63;1;38;03:00.1;0;;01:12.8;0;01:14.5;0;32.788;0;93.1;42:07.7;42:08.5;01:12.8;01:14.5;00:32.8;;Ameerh NARAN;;LMGT3;;Iron Lynx;Mercedes;SF;72.769;74.542;32.788
63;1;39;01:50.5;0;;31.55;0;44.167;0;34.763;0;151.7;43:58.1;43:58.9;00:31.6;00:44.2;00:34.8;252.3;Ameerh NARAN;;LMGT3;;Iron Lynx;Mercedes;SF;31.55;44.167;34.763
63;1;40;02:56.6;0;;38.036;0;01:16.6;0;01:02.0;0;94.9;46:54.8;46:55.6;00:38.0;01:16.6;01:02.0;167.2;Ameerh NARAN;;LMGT3;;Iron Lynx;Mercedes;SF;38.036;76.579;62.027
63;1;41;02:57.7;0;;01:13.5;0;01:02.2;0;42.067;0;94.3;49:52.5;49:53.3;01:13.5;01:02.2;00:42.1;;Ameerh NARAN;;LMGT3;;Iron Lynx;Mercedes;SF;73.456;62.215;42.067
63;1;42;02:09.2;0;;41.683;0;48.06;0;39.479;0;129.7;52:01.8;52:02.5;00:41.7;00:48.1;00:39.5;166.9;Ameerh NARAN;;LMGT3;;Iron Lynx;Mercedes;GF;41.683;48.06;39.479
63;1;43;01:46.5;0;;31.326;0;42.288;0;32.898;0;157.4;53:48.3;53:49.1;00:31.3;00:42.3;00:32.9;256.5;Ameerh NARAN;;LMGT3;;Iron Lynx;Mercedes;GF;31.326;42.288;32.898
63;1;44;01:47.6;0;;32.171;0;43.365;0;32.058;0;155.8;55:35.9;55:36.7;00:32.2;00:43.4;00:32.1;255.3;Ameerh NARAN;;LMGT3;;Iron Lynx;Mercedes;GF;32.171;43.365;32.058
63;1;45;01:45.7;0;;31.292;0;42.814;0;31.614;0;158.6;57:21.6;57:22.4;00:31.3;00:42.8;00:31.6;256.5;Ameerh NARAN;;LMGT3;;Iron Lynx;Mercedes;GF;31.292;42.814;31.614
63;1;46;01:45.9;0;;31.894;0;42.358;0;31.601;0;158.4;59:07.4;59:08.2;00:31.9;00:42.4;00:31.6;255.3;Ameerh NARAN;;LMGT3;;Iron Lynx;Mercedes;GF;31.894;42.358;31.601
63;1;47;01:44.5;0;;31.109;0;42.156;0;31.215;0;160.5;00:51.9;00:52.7;00:31.1;00:42.2;00:31.2;255.9;Ameerh NARAN;;LMGT3;;Iron Lynx;Mercedes;GF;31.109;42.156;31.215
63;1;48;01:46.4;0;;31.841;0;42.36;0;32.159;0;157.6;02:38.3;02:39.1;00:31.8;00:42.4;00:32.2;254.7;Ameerh NARAN;;LMGT3;;Iron Lynx;Mercedes;GF;31.841;42.36;32.159
63;1;49;02:09.4;0;;31.766;0;42.981;0;54.687;0;129.5;04:47.7;04:48.5;00:31.8;00:43.0;00:54.7;257.1;Ameerh NARAN;;LMGT3;;Iron Lynx;Mercedes;FCY;31.766;42.981;54.687
63;1;50;02:40.7;0;;01:12.4;0;55.934;0;32.349;0;104.3;07:28.4;07:29.2;01:12.4;00:55.9;00:32.3;;Ameerh NARAN;;LMGT3;;Iron Lynx;Mercedes;GF;72.393;55.934;32.349
63;1;51;01:44.4;0;;31.293;0;41.944;0;31.114;0;160.7;09:12.7;09:13.5;00:31.3;00:41.9;00:31.1;255.3;Ameerh NARAN;;LMGT3;;Iron Lynx;Mercedes;GF;31.293;41.944;31.114
63;1;52;01:47.8;0;;31.428;0;42.894;0;33.506;0;155.5;11:00.6;11:01.4;00:31.4;00:42.9;00:33.5;255.9;Ameerh NARAN;;LMGT3;;Iron Lynx;Mercedes;GF;31.428;42.894;33.506
63;1;53;01:47.5;0;;31.641;0;44.357;0;31.499;0;156;12:48.1;12:48.9;00:31.6;00:44.4;00:31.5;259;Ameerh NARAN;;LMGT3;;Iron Lynx;Mercedes;GF;31.641;44.357;31.499
63;1;54;01:45.0;0;;31.3;0;42.275;0;31.408;0;159.7;14:33.0;14:33.8;00:31.3;00:42.3;00:31.4;256.5;Ameerh NARAN;;LMGT3;;Iron Lynx;Mercedes;GF;31.3;42.275;31.408
63;1;55;01:45.7;0;;31.282;0;42.427;0;31.945;0;158.7;16:18.7;16:19.5;00:31.3;00:42.4;00:31.9;255.3;Ameerh NARAN;;LMGT3;;Iron Lynx;Mercedes;GF;31.282;42.427;31.945
63;1;56;01:46.5;0;;31.995;0;42.228;0;32.312;0;157.4;18:05.2;18:06.0;00:32.0;00:42.2;00:32.3;257.1;Ameerh NARAN;;LMGT3;;Iron Lynx;Mercedes;GF;31.995;42.228;32.312
63;1;57;01:48.3;0;;32.083;0;43.163;0;33.098;0;154.7;19:53.6;19:54.4;00:32.1;00:43.2;00:33.1;257.1;Ameerh NARAN;;LMGT3;;Iron Lynx;Mercedes;GF;32.083;43.163;33.098
63;1;58;01:46.8;0;;31.986;0;42.426;0;32.434;0;156.9;21:40.4;21:41.2;00:32.0;00:42.4;00:32.4;256.5;Ameerh NARAN;;LMGT3;;Iron Lynx;Mercedes;GF;31.986;42.426;32.434
63;1;59;01:48.3;0;;32.086;0;43.057;0;33.142;0;154.8;23:28.7;23:29.5;00:32.1;00:43.1;00:33.1;257.1;Ameerh NARAN;;LMGT3;;Iron Lynx;Mercedes;GF;32.086;43.057;33.142
63;1;60;01:45.3;0;;31.367;0;42.357;0;31.529;0;159.3;25:14.0;25:14.8;00:31.4;00:42.4;00:31.5;253.5;Ameerh NARAN;;LMGT3;;Iron Lynx;Mercedes;GF;31.367;42.357;31.529
63;1;61;01:45.8;0;;31.406;0;42.287;0;32.072;0;158.5;26:59.7;27:00.5;00:31.4;00:42.3;00:32.1;252.9;Ameerh NARAN;;LMGT3;;Iron Lynx;Mercedes;GF;31.406;42.287;32.072
63;1;62;01:51.8;0;B;31.391;0;42.42;0;38.006;0;149.9;28:51.5;28:52.3;00:31.4;00:42.4;00:38.0;251.7;Ameerh NARAN;;LMGT3;;Iron Lynx;Mercedes;GF;31.391;42.42;38.006
63;2;63;03:28.0;0;;01:47.0;0;45.125;0;55.813;0;80.6;32:19.5;32:20.3;01:47.0;00:45.1;00:55.8;178.8;Rui ANDRADE;01:17.0;LMGT3;;Iron Lynx;Mercedes;GF;107.032;45.125;55.813
63;2;64;03:29.0;0;;01:12.9;0;01:19.4;0;56.72;0;80.2;35:48.5;35:49.3;01:12.9;01:19.4;00:56.7;;Rui ANDRADE;;LMGT3;;Iron Lynx;Mercedes;GF;72.931;79.369;56.72
63;2;65;03:25.7;0;;01:12.8;0;01:19.4;0;53.504;0;81.5;39:14.2;39:15.0;01:12.8;01:19.4;00:53.5;;Rui ANDRADE;;LMGT3;;Iron Lynx;Mercedes;SF;72.799;79.357;53.504
63;2;66;02:09.2;0;;41.397;0;46.649;0;41.146;0;129.8;41:23.4;41:24.2;00:41.4;00:46.6;00:41.1;196;Rui ANDRADE;;LMGT3;;Iron Lynx;Mercedes;SF;41.397;46.649;41.146
63;2;67;02:45.9;0;;55.874;0;01:14.0;0;36.115;0;101;44:09.3;44:10.1;00:55.9;01:14.0;00:36.1;;Rui ANDRADE;;LMGT3;;Iron Lynx;Mercedes;SF;55.874;73.951;36.115
63;2;68;01:50.4;0;;32.784;0;44.492;0;33.103;0;151.9;45:59.7;46:00.5;00:32.8;00:44.5;00:33.1;243.8;Rui ANDRADE;;LMGT3;;Iron Lynx;Mercedes;SF;32.784;44.492;33.103
63;2;69;01:58.6;0;;32.445;0;44.708;0;41.432;0;141.4;47:58.3;47:59.1;00:32.4;00:44.7;00:41.4;244.9;Rui ANDRADE;;LMGT3;;Iron Lynx;Mercedes;SF;32.445;44.708;41.432
63;2;70;02:05.9;0;;40.563;0;45.754;0;39.553;0;133.2;50:04.2;50:05.0;00:40.6;00:45.8;00:39.6;171.7;Rui ANDRADE;;LMGT3;;Iron Lynx;Mercedes;GF;40.563;45.754;39.553
63;2;71;01:47.5;0;;31.562;0;42.92;0;32.971;0;156;51:51.6;51:52.4;00:31.6;00:42.9;00:33.0;255.3;Rui ANDRADE;;LMGT3;;Iron Lynx;Mercedes;GF;31.562;42.92;32.971
63;2;72;01:45.9;0;;32.417;0;42.357;0;31.154;0;158.3;53:37.5;53:38.3;00:32.4;00:42.4;00:31.2;254.7;Rui ANDRADE;;LMGT3;;Iron Lynx;Mercedes;GF;32.417;42.357;31.154
63;2;73;01:45.1;0;;31.688;0;42.157;0;31.227;0;159.6;55:22.6;55:23.4;00:31.7;00:42.2;00:31.2;252.3;Rui ANDRADE;;LMGT3;;Iron Lynx;Mercedes;GF;31.688;42.157;31.227
63;2;74;01:45.4;0;;31.106;0;42.532;0;31.806;0;159;57:08.1;57:08.8;00:31.1;00:42.5;00:31.8;253.5;Rui ANDRADE;;LMGT3;;Iron Lynx;Mercedes;GF;31.106;42.532;31.806
63;2;75;01:44.4;0;;31.243;0;41.951;0;31.215;0;160.6;58:52.5;58:53.3;00:31.2;00:42.0;00:31.2;253.5;Rui ANDRADE;;LMGT3;;Iron Lynx;Mercedes;GF;31.243;41.951;31.215
63;2;76;01:46.4;0;;30.952;0;42.256;0;33.202;0;157.6;00:38.9;00:39.7;00:31.0;00:42.3;00:33.2;252.9;Rui ANDRADE;;LMGT3;;Iron Lynx;Mercedes;GF;30.952;42.256;33.202
63;2;77;01:45.8;0;;31.247;0;42.364;0;32.235;0;158.4;02:24.7;02:25.5;00:31.2;00:42.4;00:32.2;255.3;Rui ANDRADE;;LMGT3;;Iron Lynx;Mercedes;GF;31.247;42.364;32.235
63;2;78;02:21.7;0;;31.512;0;53.785;0;56.425;0;118.3;04:46.4;04:47.2;00:31.5;00:53.8;00:56.4;254.7;Rui ANDRADE;;LMGT3;;Iron Lynx;Mercedes;FCY;31.512;53.785;56.425
63;2;79;02:28.2;0;;01:12.6;0;43.984;0;31.546;0;113.2;07:14.6;07:15.4;01:12.6;00:44.0;00:31.5;;Rui ANDRADE;;LMGT3;;Iron Lynx;Mercedes;GF;72.637;43.984;31.546
63;2;80;01:44.5;0;;31.195;0;41.977;0;31.323;0;160.4;08:59.1;08:59.9;00:31.2;00:42.0;00:31.3;252.9;Rui ANDRADE;;LMGT3;;Iron Lynx;Mercedes;GF;31.195;41.977;31.323
63;2;81;01:44.3;0;;30.98;0;41.993;0;31.306;0;160.8;10:43.4;10:44.2;00:31.0;00:42.0;00:31.3;253.5;Rui ANDRADE;;LMGT3;;Iron Lynx;Mercedes;GF;30.98;41.993;31.306
63;2;82;01:44.6;0;;31.124;0;42.051;0;31.388;0;160.3;12:27.9;12:28.7;00:31.1;00:42.1;00:31.4;253.5;Rui ANDRADE;;LMGT3;;Iron Lynx;Mercedes;GF;31.124;42.051;31.388
63;2;83;01:44.0;0;;31.083;0;41.839;1;31.06;1;161.2;14:11.9;14:12.7;00:31.1;00:41.8;00:31.1;252.3;Rui ANDRADE;;LMGT3;;Iron Lynx;Mercedes;GF;31.083;41.839;31.06
63;2;84;01:44.2;0;;30.898;2;42.066;0;31.282;0;160.8;15:56.2;15:57.0;00:30.9;00:42.1;00:31.3;251.7;Rui ANDRADE;;LMGT3;;Iron Lynx;Mercedes;GF;30.898;42.066;31.282
63;2;85;01:44.3;0;;31.028;0;42.055;0;31.264;0;160.7;17:40.5;17:41.3;00:31.0;00:42.1;00:31.3;252.9;Rui ANDRADE;;LMGT3;;Iron Lynx;Mercedes;GF;31.028;42.055;31.264
63;2;86;01:46.7;0;;31.438;0;42.872;0;32.378;0;157.1;19:27.2;19:28.0;00:31.4;00:42.9;00:32.4;252.9;Rui ANDRADE;;LMGT3;;Iron Lynx;Mercedes;GF;31.438;42.872;32.378
63;2;87;01:59.6;0;;31.29;0;42.385;0;45.965;0;140.1;21:26.8;21:27.6;00:31.3;00:42.4;00:46.0;252.3;Rui ANDRADE;;LMGT3;;Iron Lynx;Mercedes;FCY;31.29;42.385;45.965
63;2;88;02:35.3;0;;01:12.5;0;51.267;0;31.474;0;108;24:02.1;24:02.9;01:12.5;00:51.3;00:31.5;;Rui ANDRADE;;LMGT3;;Iron Lynx;Mercedes;GF;72.525;51.267;31.474
63;2;89;01:44.2;0;;31.147;0;41.895;0;31.189;0;160.8;25:46.3;25:47.1;00:31.1;00:41.9;00:31.2;251.7;Rui ANDRADE;;LMGT3;;Iron Lynx;Mercedes;GF;31.147;41.895;31.189
63;2;90;01:44.2;0;;30.98;0;42.114;0;31.084;0;160.9;27:30.5;27:31.3;00:31.0;00:42.1;00:31.1;251.7;Rui ANDRADE;;LMGT3;;Iron Lynx;Mercedes;GF;30.98;42.114;31.084
63;2;91;01:45.4;0;;31.711;0;42.276;0;31.415;0;159.1;29:15.9;29:16.7;00:31.7;00:42.3;00:31.4;253.5;Rui ANDRADE;;LMGT3;;Iron Lynx;Mercedes;GF;31.711;42.276;31.415
63;2;92;01:45.3;0;;31.086;0;42.372;0;31.851;0;159.2;31:01.2;31:02.0;00:31.1;00:42.4;00:31.9;252.9;Rui ANDRADE;;LMGT3;;Iron Lynx;Mercedes;GF;31.086;42.372;31.851
63;2;93;01:45.3;0;;31.164;0;42.212;0;31.881;0;159.3;32:46.5;32:47.3;00:31.2;00:42.2;00:31.9;252.3;Rui ANDRADE;;LMGT3;;Iron Lynx;Mercedes;GF;31.164;42.212;31.881
63;2;94;01:46.6;0;;31.191;0;43.42;0;31.963;0;157.3;34:33.1;34:33.9;00:31.2;00:43.4;00:32.0;252.3;Rui ANDRADE;;LMGT3;;Iron Lynx;Mercedes;GF;31.191;43.42;31.963
63;2;95;01:46.0;0;;31.389;0;42.434;0;32.152;0;158.2;36:19.0;36:19.8;00:31.4;00:42.4;00:32.2;253.5;Rui ANDRADE;;LMGT3;;Iron Lynx;Mercedes;GF;31.389;42.434;32.152
63;2;96;01:46.6;0;;31.968;0;42.81;0;31.825;0;157.3;38:05.6;38:06.4;00:32.0;00:42.8;00:31.8;250.6;Rui ANDRADE;;LMGT3;;Iron Lynx;Mercedes;GF;31.968;42.81;31.825
63;2;97;01:46.4;0;;31.713;0;42.88;0;31.843;0;157.5;39:52.1;39:52.9;00:31.7;00:42.9;00:31.8;252.3;Rui ANDRADE;;LMGT3;;Iron Lynx;Mercedes;GF;31.713;42.88;31.843
63;2;98;01:45.8;0;;31.437;0;42.633;0;31.744;0;158.4;41:37.9;41:38.7;00:31.4;00:42.6;00:31.7;251.7;Rui ANDRADE;;LMGT3;;Iron Lynx;Mercedes;GF;31.437;42.633;31.744
63;2;99;01:52.2;0;B;31.446;0;43.092;0;37.656;0;149.4;43:30.1;43:30.9;00:31.4;00:43.1;00:37.7;251.2;Rui ANDRADE;;LMGT3;;Iron Lynx;Mercedes;GF;31.446;43.092;37.656
63;3;100;03:02.4;0;;01:46.3;0;44.233;0;31.879;0;91.9;46:32.5;46:33.3;01:46.3;00:44.2;00:31.9;178.2;Sergio SETTE CAMARA;01:15.6;LMGT3;;Iron Lynx;Mercedes;GF;106.298;44.233;31.879
63;3;101;01:45.8;0;;31.46;0;42.558;0;31.777;0;158.5;48:18.3;48:19.1;00:31.5;00:42.6;00:31.8;251.2;Sergio SETTE CAMARA;;LMGT3;;Iron Lynx;Mercedes;GF;31.46;42.558;31.777
63;3;102;01:44.3;0;;31.282;0;41.856;0;31.186;0;160.7;50:02.6;50:03.4;00:31.3;00:41.9;00:31.2;251.7;Sergio SETTE CAMARA;;LMGT3;;Iron Lynx;Mercedes;GF;31.282;41.856;31.186
63;3;103;01:44.1;0;;31.049;0;42.018;0;31.063;0;161;51:46.7;51:47.5;00:31.0;00:42.0;00:31.1;251.2;Sergio SETTE CAMARA;;LMGT3;;Iron Lynx;Mercedes;GF;31.049;42.018;31.063
63;3;104;01:43.6;0;;30.999;0;41.681;0;30.958;2;161.8;53:30.4;53:31.2;00:31.0;00:41.7;00:31.0;252.9;Sergio SETTE CAMARA;;LMGT3;;Iron Lynx;Mercedes;GF;30.999;41.681;30.958
63;3;105;01:43.7;0;;31.04;0;41.675;0;30.997;0;161.7;55:14.1;55:14.9;00:31.0;00:41.7;00:31.0;252.9;Sergio SETTE CAMARA;;LMGT3;;Iron Lynx;Mercedes;GF;31.04;41.675;30.997
63;3;106;01:44.0;0;;30.961;0;41.662;0;31.401;0;161.2;56:58.1;56:58.9;00:31.0;00:41.7;00:31.4;251.7;Sergio SETTE CAMARA;;LMGT3;;Iron Lynx;Mercedes;GF;30.961;41.662;31.401
63;3;107;01:43.5;2;;30.961;0;41.577;2;30.98;0;162;58:41.6;58:42.4;00:31.0;00:41.6;00:31.0;251.7;Sergio SETTE CAMARA;;LMGT3;;Iron Lynx;Mercedes;GF;30.961;41.577;30.98
63;3;108;01:44.9;0;;31.654;0;41.984;0;31.264;0;159.8;00:26.5;00:27.3;00:31.7;00:42.0;00:31.3;250.6;Sergio SETTE CAMARA;;LMGT3;;Iron Lynx;Mercedes;GF;31.654;41.984;31.264
63;3;109;01:44.2;0;;30.946;1;41.918;0;31.299;0;161;02:10.7;02:11.5;00:30.9;00:41.9;00:31.3;252.9;Sergio SETTE CAMARA;;LMGT3;;Iron Lynx;Mercedes;GF;30.946;41.918;31.299
63;3;110;01:44.3;0;;31.03;0;42.006;0;31.295;0;160.7;03:55.0;03:55.8;00:31.0;00:42.0;00:31.3;252.3;Sergio SETTE CAMARA;;LMGT3;;Iron Lynx;Mercedes;GF;31.03;42.006;31.295
63;3;111;01:44.2;0;;31.129;0;41.929;0;31.097;0;161;05:39.2;05:40.0;00:31.1;00:41.9;00:31.1;253.5;Sergio SETTE CAMARA;;LMGT3;;Iron Lynx;Mercedes;GF;31.129;41.929;31.097
63;3;112;01:44.2;0;;31.104;0;41.88;0;31.265;0;160.8;07:23.4;07:24.2;00:31.1;00:41.9;00:31.3;251.7;Sergio SETTE CAMARA;;LMGT3;;Iron Lynx;Mercedes;GF;31.104;41.88;31.265
63;3;113;01:45.0;0;;31.168;0;42.214;0;31.606;0;159.7;09:08.4;09:09.2;00:31.2;00:42.2;00:31.6;251.2;Sergio SETTE CAMARA;;LMGT3;;Iron Lynx;Mercedes;GF;31.168;42.214;31.606
63;3;114;01:44.4;0;;31.196;0;41.927;0;31.229;0;160.7;10:52.8;10:53.6;00:31.2;00:41.9;00:31.2;252.9;Sergio SETTE CAMARA;;LMGT3;;Iron Lynx;Mercedes;GF;31.196;41.927;31.229
63;3;115;01:44.7;0;;31.018;0;42.023;0;31.66;0;160.1;12:37.5;12:38.3;00:31.0;00:42.0;00:31.7;251.2;Sergio SETTE CAMARA;;LMGT3;;Iron Lynx;Mercedes;GF;31.018;42.023;31.66
63;3;116;01:44.5;0;;31.098;0;42.007;0;31.376;0;160.5;14:22.0;14:22.8;00:31.1;00:42.0;00:31.4;252.9;Sergio SETTE CAMARA;;LMGT3;;Iron Lynx;Mercedes;GF;31.098;42.007;31.376
63;3;117;01:45.3;0;;31.2;0;42.247;0;31.825;0;159.3;16:07.2;16:08.0;00:31.2;00:42.2;00:31.8;251.7;Sergio SETTE CAMARA;;LMGT3;;Iron Lynx;Mercedes;GF;31.2;42.247;31.825
63;3;118;01:44.5;0;;31.143;0;41.901;0;31.417;0;160.5;17:51.7;17:52.5;00:31.1;00:41.9;00:31.4;253.5;Sergio SETTE CAMARA;;LMGT3;;Iron Lynx;Mercedes;GF;31.143;41.901;31.417
63;3;119;01:46.0;0;;31.177;0;42.614;0;32.245;0;158.1;19:37.7;19:38.5;00:31.2;00:42.6;00:32.2;252.3;Sergio SETTE CAMARA;;LMGT3;;Iron Lynx;Mercedes;GF;31.177;42.614;32.245
63;3;120;01:45.6;0;;31.374;0;42.333;0;31.854;0;158.8;21:23.3;21:24.1;00:31.4;00:42.3;00:31.9;254.7;Sergio SETTE CAMARA;;LMGT3;;Iron Lynx;Mercedes;GF;31.374;42.333;31.854
63;3;121;01:45.1;0;;31.371;0;42.168;0;31.527;0;159.6;23:08.4;23:09.2;00:31.4;00:42.2;00:31.5;252.9;Sergio SETTE CAMARA;;LMGT3;;Iron Lynx;Mercedes;GF;31.371;42.168;31.527
63;3;122;01:45.5;0;;31.34;0;42.436;0;31.746;0;158.9;24:53.9;24:54.7;00:31.3;00:42.4;00:31.7;253.5;Sergio SETTE CAMARA;;LMGT3;;Iron Lynx;Mercedes;GF;31.34;42.436;31.746
63;3;123;01:45.6;0;;31.385;0;42.386;0;31.875;0;158.7;26:39.5;26:40.3;00:31.4;00:42.4;00:31.9;251.7;Sergio SETTE CAMARA;;LMGT3;;Iron Lynx;Mercedes;GF;31.385;42.386;31.875
63;3;124;01:45.5;0;;31.411;0;42.33;0;31.8;0;158.9;28:25.1;28:25.9;00:31.4;00:42.3;00:31.8;252.9;Sergio SETTE CAMARA;;LMGT3;;Iron Lynx;Mercedes;FF;31.411;42.33;31.8
7;1;1;02:09.7;0;;32.934;0;56.663;0;40.076;0;125.5;02:09.7;02:10.5;00:32.9;00:56.7;00:40.1;;Jens Reno MØLLER;;LMP2 Pro/Am;;Vector Sport;Oreca;SF;32.934;56.663;40.076
7;1;2;03:56.2;0;;01:09.6;0;01:30.0;0;01:16.7;0;71;06:05.9;06:06.7;01:09.6;01:30.0;01:16.7;123.6;Jens Reno MØLLER;;LMP2 Pro/Am;;Vector Sport;Oreca;RF;69.609;89.956;76.673
7;1;3;27:06.2;0;;25:10.7;0;01:09.4;0;46.075;0;10.3;33:12.1;33:12.9;25:10.7;01:09.4;00:46.1;148.1;Jens Reno MØLLER;;LMP2 Pro/Am;;Vector Sport;Oreca;SF;1510.658;69.425;46.075
7;1;4;02:20.4;0;;47.325;0;53.311;0;39.81;0;119.4;35:32.5;35:33.3;00:47.3;00:53.3;00:39.8;;Jens Reno MØLLER;;LMP2 Pro/Am;;Vector Sport;Oreca;GF;47.325;53.311;39.81
7;1;5;01:36.0;0;;28.674;0;38.811;0;28.513;0;174.6;37:08.5;37:09.3;00:28.7;00:38.8;00:28.5;291.1;Jens Reno MØLLER;;LMP2 Pro/Am;;Vector Sport;Oreca;GF;28.674;38.811;28.513
7;1;6;01:35.0;0;;27.748;0;38.915;0;28.343;0;176.5;38:43.5;38:44.3;00:27.7;00:38.9;00:28.3;291.9;Jens Reno MØLLER;;LMP2 Pro/Am;;Vector Sport;Oreca;GF;27.748;38.915;28.343
7;1;7;01:34.7;0;;27.467;0;38.532;0;28.671;0;177.1;40:18.2;40:19.0;00:27.5;00:38.5;00:28.7;288.8;Jens Reno MØLLER;;LMP2 Pro/Am;;Vector Sport;Oreca;GF;27.467;38.532;28.671
7;1;8;01:34.8;0;;27.614;0;39.148;0;28.072;0;176.8;41:53.0;41:53.8;00:27.6;00:39.1;00:28.1;291.9;Jens Reno MØLLER;;LMP2 Pro/Am;;Vector Sport;Oreca;GF;27.614;39.148;28.072
7;1;9;01:34.2;0;;27.876;0;38.305;0;28.008;1;178;43:27.2;43:28.0;00:27.9;00:38.3;00:28.0;289.5;Jens Reno MØLLER;;LMP2 Pro/Am;;Vector Sport;Oreca;GF;27.876;38.305;28.008
7;1;10;01:33.9;0;;27.42;1;38.186;1;28.286;0;178.6;45:01.1;45:01.9;00:27.4;00:38.2;00:28.3;291.1;Jens Reno MØLLER;;LMP2 Pro/Am;;Vector Sport;Oreca;GF;27.42;38.186;28.286
7;1;11;01:34.5;0;;27.493;0;38.651;0;28.342;0;177.4;46:35.6;46:36.4;00:27.5;00:38.7;00:28.3;291.9;Jens Reno MØLLER;;LMP2 Pro/Am;;Vector Sport;Oreca;GF;27.493;38.651;28.342
7;1;12;01:36.9;0;;27.933;0;38.938;0;29.996;0;173.1;48:12.5;48:13.3;00:27.9;00:38.9;00:30.0;293.5;Jens Reno MØLLER;;LMP2 Pro/Am;;Vector Sport;Oreca;GF;27.933;38.938;29.996
7;1;13;01:40.1;0;;27.999;0;41.505;0;30.563;0;167.5;49:52.5;49:53.3;00:28.0;00:41.5;00:30.6;291.1;Jens Reno MØLLER;;LMP2 Pro/Am;;Vector Sport;Oreca;GF;27.999;41.505;30.563
7;1;14;01:37.1;0;;28.849;0;39.065;0;29.221;0;172.6;51:29.7;51:30.5;00:28.8;00:39.1;00:29.2;288.8;Jens Reno MØLLER;;LMP2 Pro/Am;;Vector Sport;Oreca;GF;28.849;39.065;29.221
7;1;15;01:36.4;0;;27.886;0;39.937;0;28.586;0;173.9;53:06.1;53:06.9;00:27.9;00:39.9;00:28.6;291.1;Jens Reno MØLLER;;LMP2 Pro/Am;;Vector Sport;Oreca;GF;27.886;39.937;28.586
7;1;16;01:35.8;0;;27.819;0;38.827;0;29.166;0;175;54:41.9;54:42.7;00:27.8;00:38.8;00:29.2;291.9;Jens Reno MØLLER;;LMP2 Pro/Am;;Vector Sport;Oreca;GF;27.819;38.827;29.166
7;1;17;01:35.7;0;;27.922;0;39.137;0;28.638;0;175.2;56:17.6;56:18.4;00:27.9;00:39.1;00:28.6;291.1;Jens Reno MØLLER;;LMP2 Pro/Am;;Vector Sport;Oreca;GF;27.922;39.137;28.638
7;1;18;01:35.1;0;;27.678;0;38.725;0;28.723;0;176.2;57:52.7;57:53.5;00:27.7;00:38.7;00:28.7;291.9;Jens Reno MØLLER;;LMP2 Pro/Am;;Vector Sport;Oreca;GF;27.678;38.725;28.723
7;1;19;01:36.5;0;;28.52;0;39.157;0;28.785;0;173.8;59:29.2;59:30.0;00:28.5;00:39.2;00:28.8;291.1;Jens Reno MØLLER;;LMP2 Pro/Am;;Vector Sport;Oreca;GF;28.52;39.157;28.785
7;1;20;01:39.8;0;;28.431;0;41.028;0;30.345;0;168;01:09.0;01:09.8;00:28.4;00:41.0;00:30.3;291.1;Jens Reno MØLLER;;LMP2 Pro/Am;;Vector Sport;Oreca;GF;28.431;41.028;30.345
7;1;21;01:37.7;0;;28.608;0;39.849;0;29.276;0;171.5;02:46.7;02:47.5;00:28.6;00:39.8;00:29.3;291.1;Jens Reno MØLLER;;LMP2 Pro/Am;;Vector Sport;Oreca;GF;28.608;39.849;29.276
7;1;22;01:38.7;0;;28.708;0;40.696;0;29.344;0;169.8;04:25.4;04:26.2;00:28.7;00:40.7;00:29.3;290.3;Jens Reno MØLLER;;LMP2 Pro/Am;;Vector Sport;Oreca;GF;28.708;40.696;29.344
7;1;23;01:38.4;0;;28.048;0;39.907;0;30.436;0;170.4;06:03.8;06:04.6;00:28.0;00:39.9;00:30.4;290.3;Jens Reno MØLLER;;LMP2 Pro/Am;;Vector Sport;Oreca;GF;28.048;39.907;30.436
7;1;24;01:37.5;0;;27.87;0;39.069;0;30.523;0;172;07:41.3;07:42.1;00:27.9;00:39.1;00:30.5;291.1;Jens Reno MØLLER;;LMP2 Pro/Am;;Vector Sport;Oreca;GF;27.87;39.069;30.523
7;1;25;01:36.2;0;;28.141;0;39.111;0;28.934;0;174.3;09:17.5;09:18.3;00:28.1;00:39.1;00:28.9;289.5;Jens Reno MØLLER;;LMP2 Pro/Am;;Vector Sport;Oreca;GF;28.141;39.111;28.934
7;1;26;01:43.2;0;B;28.026;0;40.004;0;35.12;0;162.5;11:00.6;11:01.4;00:28.0;00:40.0;00:35.1;290.3;Jens Reno MØLLER;;LMP2 Pro/Am;;Vector Sport;Oreca;GF;28.026;40.004;35.12
7;1;27;02:21.5;0;;01:12.6;0;40;0;28.922;0;118.5;13:22.2;13:23.0;01:12.6;00:40.0;00:28.9;210.5;Jens Reno MØLLER;00:48.2;LMP2 Pro/Am;;Vector Sport;Oreca;GF;72.61;40;28.922
7;1;28;01:36.0;0;;28.068;0;39.239;0;28.657;0;174.7;14:58.1;14:58.9;00:28.1;00:39.2;00:28.7;291.9;Jens Reno MØLLER;;LMP2 Pro/Am;;Vector Sport;Oreca;GF;28.068;39.239;28.657
7;1;29;01:37.5;0;;27.769;0;40.04;0;29.67;0;172;16:35.6;16:36.4;00:27.8;00:40.0;00:29.7;291.1;Jens Reno MØLLER;;LMP2 Pro/Am;;Vector Sport;Oreca;GF;27.769;40.04;29.67
7;1;30;01:36.0;0;;28.013;0;38.929;0;29.07;0;174.6;18:11.6;18:12.4;00:28.0;00:38.9;00:29.1;289.5;Jens Reno MØLLER;;LMP2 Pro/Am;;Vector Sport;Oreca;GF;28.013;38.929;29.07
7;1;31;01:37.7;0;;28.196;0;39.96;0;29.549;0;171.6;19:49.3;19:50.1;00:28.2;00:40.0;00:29.5;290.3;Jens Reno MØLLER;;LMP2 Pro/Am;;Vector Sport;Oreca;GF;28.196;39.96;29.549
7;1;32;01:37.9;0;;28.523;0;40.198;0;29.174;0;171.3;21:27.2;21:28.0;00:28.5;00:40.2;00:29.2;288;Jens Reno MØLLER;;LMP2 Pro/Am;;Vector Sport;Oreca;GF;28.523;40.198;29.174
7;1;33;01:36.0;0;;28.089;0;38.924;0;28.96;0;174.7;23:03.2;23:04.0;00:28.1;00:38.9;00:29.0;290.3;Jens Reno MØLLER;;LMP2 Pro/Am;;Vector Sport;Oreca;GF;28.089;38.924;28.96
7;1;34;01:37.6;0;;27.988;0;40.537;0;29.059;0;171.8;24:40.8;24:41.6;00:28.0;00:40.5;00:29.1;291.9;Jens Reno MØLLER;;LMP2 Pro/Am;;Vector Sport;Oreca;GF;27.988;40.537;29.059
7;1;35;01:36.0;0;;28.117;0;38.889;0;28.974;0;174.7;26:16.8;26:17.6;00:28.1;00:38.9;00:29.0;290.3;Jens Reno MØLLER;;LMP2 Pro/Am;;Vector Sport;Oreca;GF;28.117;38.889;28.974
7;1;36;01:41.8;0;B;28.018;0;38.962;0;34.789;0;164.7;27:58.5;27:59.3;00:28.0;00:39.0;00:34.8;292.7;Jens Reno MØLLER;;LMP2 Pro/Am;;Vector Sport;Oreca;GF;28.018;38.962;34.789
7;2;37;03:08.8;0;;01:58.2;0;40.712;0;29.876;0;88.8;31:07.3;31:08.1;01:58.2;00:40.7;00:29.9;193.5;Cem BÖLÜKBASI;01:30.4;LMP2 Pro/Am;;Vector Sport;Oreca;GF;118.228;40.712;29.876
7;2;38;01:34.0;0;;27.794;0;37.895;0;28.277;0;178.4;32:41.3;32:42.1;00:27.8;00:37.9;00:28.3;290.3;Cem BÖLÜKBASI;;LMP2 Pro/Am;;Vector Sport;Oreca;GF;27.794;37.895;28.277
7;2;39;01:52.0;0;;27.264;0;37.874;0;46.882;0;149.7;34:33.3;34:34.1;00:27.3;00:37.9;00:46.9;285.7;Cem BÖLÜKBASI;;LMP2 Pro/Am;;Vector Sport;Oreca;GF;27.264;37.874;46.882
7;2;40;03:29.7;0;;01:13.3;0;01:19.6;0;56.865;0;79.9;38:03.0;38:03.8;01:13.3;01:19.6;00:56.9;;Cem BÖLÜKBASI;;LMP2 Pro/Am;;Vector Sport;Oreca;GF;73.262;79.578;56.865
7;2;41;03:27.9;0;;01:13.4;0;01:19.5;0;54.992;0;80.6;41:31.0;41:31.8;01:13.4;01:19.5;00:55.0;;Cem BÖLÜKBASI;;LMP2 Pro/Am;;Vector Sport;Oreca;SF;73.403;79.542;54.992
7;2;42;02:18.9;0;;50.187;0;51.131;0;37.589;0;120.7;43:49.9;43:50.7;00:50.2;00:51.1;00:37.6;;Cem BÖLÜKBASI;;LMP2 Pro/Am;;Vector Sport;Oreca;SF;50.187;51.131;37.589
7;2;43;02:58.0;0;;36.427;0;01:19.7;0;01:01.9;0;94.2;46:47.9;46:48.7;00:36.4;01:19.7;01:01.9;189.8;Cem BÖLÜKBASI;;LMP2 Pro/Am;;Vector Sport;Oreca;SF;36.427;79.69;61.88
7;2;44;02:57.8;0;;01:08.2;0;01:08.4;0;41.237;0;94.3;49:45.7;49:46.5;01:08.2;01:08.4;00:41.2;;Cem BÖLÜKBASI;;LMP2 Pro/Am;;Vector Sport;Oreca;SF;68.162;68.401;41.237
7;2;45;02:09.7;0;;40.378;0;50.87;0;38.488;0;129.2;51:55.4;51:56.2;00:40.4;00:50.9;00:38.5;191.8;Cem BÖLÜKBASI;;LMP2 Pro/Am;;Vector Sport;Oreca;GF;40.378;50.87;38.488
7;2;46;01:34.4;0;;28.675;0;37.724;0;28.004;0;177.6;53:29.8;53:30.6;00:28.7;00:37.7;00:28.0;287.2;Cem BÖLÜKBASI;;LMP2 Pro/Am;;Vector Sport;Oreca;GF;28.675;37.724;28.004
7;2;47;01:32.7;0;;27.705;0;37.381;0;27.578;1;180.9;55:02.5;55:03.3;00:27.7;00:37.4;00:27.6;278.4;Cem BÖLÜKBASI;;LMP2 Pro/Am;;Vector Sport;Oreca;GF;27.705;37.381;27.578
7;2;48;01:32.0;0;;26.963;1;37.323;2;27.679;0;182.3;56:34.4;56:35.2;00:27.0;00:37.3;00:27.7;289.5;Cem BÖLÜKBASI;;LMP2 Pro/Am;;Vector Sport;Oreca;GF;26.963;37.323;27.679
7;2;49;01:32.8;0;;27.212;0;37.634;0;27.906;0;180.8;58:07.2;58:08.0;00:27.2;00:37.6;00:27.9;289.5;Cem BÖLÜKBASI;;LMP2 Pro/Am;;Vector Sport;Oreca;GF;27.212;37.634;27.906
7;2;50;01:33.0;0;;27.435;0;37.636;0;27.934;0;180.3;59:40.2;59:41.0;00:27.4;00:37.6;00:27.9;288.8;Cem BÖLÜKBASI;;LMP2 Pro/Am;;Vector Sport;Oreca;GF;27.435;37.636;27.934
7;2;51;01:32.8;0;;27.37;0;37.586;0;27.841;0;180.7;01:13.0;01:13.8;00:27.4;00:37.6;00:27.8;287.2;Cem BÖLÜKBASI;;LMP2 Pro/Am;;Vector Sport;Oreca;GF;27.37;37.586;27.841
7;2;52;01:33.1;0;;27.343;0;37.712;0;28.035;0;180.1;02:46.1;02:46.9;00:27.3;00:37.7;00:28.0;289.5;Cem BÖLÜKBASI;;LMP2 Pro/Am;;Vector Sport;Oreca;GF;27.343;37.712;28.035
7;2;53;02:02.3;0;;27.878;0;39.407;0;55.01;0;137.1;04:48.4;04:49.2;00:27.9;00:39.4;00:55.0;287.2;Cem BÖLÜKBASI;;LMP2 Pro/Am;;Vector Sport;Oreca;FCY;27.878;39.407;55.01
7;2;54;02:34.6;0;;01:12.7;0;52.44;0;29.428;0;108.4;07:23.0;07:23.8;01:12.7;00:52.4;00:29.4;;Cem BÖLÜKBASI;;LMP2 Pro/Am;;Vector Sport;Oreca;GF;72.73;52.44;29.428
7;2;55;01:35.3;0;;28.087;0;38.286;0;28.936;0;175.9;08:58.3;08:59.1;00:28.1;00:38.3;00:28.9;289.5;Cem BÖLÜKBASI;;LMP2 Pro/Am;;Vector Sport;Oreca;GF;28.087;38.286;28.936
7;2;56;01:34.4;0;;27.592;0;38.566;0;28.256;0;177.6;10:32.7;10:33.5;00:27.6;00:38.6;00:28.3;289.5;Cem BÖLÜKBASI;;LMP2 Pro/Am;;Vector Sport;Oreca;GF;27.592;38.566;28.256
7;2;57;01:34.5;0;;27.577;0;38.636;0;28.283;0;177.4;12:07.2;12:08.0;00:27.6;00:38.6;00:28.3;286.5;Cem BÖLÜKBASI;;LMP2 Pro/Am;;Vector Sport;Oreca;GF;27.577;38.636;28.283
7;2;58;01:34.2;0;;27.566;0;38.191;0;28.458;0;177.9;13:41.4;13:42.2;00:27.6;00:38.2;00:28.5;285.7;Cem BÖLÜKBASI;;LMP2 Pro/Am;;Vector Sport;Oreca;GF;27.566;38.191;28.458
7;2;59;01:34.7;0;;27.756;0;38.543;0;28.369;0;177.1;15:16.1;15:16.9;00:27.8;00:38.5;00:28.4;290.3;Cem BÖLÜKBASI;;LMP2 Pro/Am;;Vector Sport;Oreca;GF;27.756;38.543;28.369
7;2;60;01:33.9;0;;27.685;0;37.999;0;28.257;0;178.5;16:50.0;16:50.8;00:27.7;00:38.0;00:28.3;291.1;Cem BÖLÜKBASI;;LMP2 Pro/Am;;Vector Sport;Oreca;GF;27.685;37.999;28.257
7;2;61;01:34.2;0;;28.039;0;37.917;0;28.204;0;178.1;18:24.2;18:25.0;00:28.0;00:37.9;00:28.2;286.5;Cem BÖLÜKBASI;;LMP2 Pro/Am;;Vector Sport;Oreca;GF;28.039;37.917;28.204
7;2;62;01:34.0;0;;27.668;0;37.871;0;28.456;0;178.4;19:58.2;19:59.0;00:27.7;00:37.9;00:28.5;291.1;Cem BÖLÜKBASI;;LMP2 Pro/Am;;Vector Sport;Oreca;GF;27.668;37.871;28.456
7;2;63;01:36.2;0;;28.418;0;38.981;0;28.84;0;174.2;21:34.4;21:35.2;00:28.4;00:39.0;00:28.8;287.2;Cem BÖLÜKBASI;;LMP2 Pro/Am;;Vector Sport;Oreca;GF;28.418;38.981;28.84
7;2;64;01:39.5;0;;27.748;0;38.09;0;33.709;0;168.4;23:14.0;23:14.8;00:27.7;00:38.1;00:33.7;290.3;Cem BÖLÜKBASI;;LMP2 Pro/Am;;Vector Sport;Oreca;GF;27.748;38.09;33.709
7;2;65;01:34.8;0;;27.761;0;38.344;0;28.691;0;176.9;24:48.8;24:49.6;00:27.8;00:38.3;00:28.7;290.3;Cem BÖLÜKBASI;;LMP2 Pro/Am;;Vector Sport;Oreca;GF;27.761;38.344;28.691
7;2;66;01:34.3;0;;27.707;0;38.098;0;28.482;0;177.8;26:23.1;26:23.8;00:27.7;00:38.1;00:28.5;289.5;Cem BÖLÜKBASI;;LMP2 Pro/Am;;Vector Sport;Oreca;GF;27.707;38.098;28.482
7;2;67;01:33.5;0;;27.466;0;37.792;0;28.248;0;179.3;27:56.6;27:57.4;00:27.5;00:37.8;00:28.2;289.5;Cem BÖLÜKBASI;;LMP2 Pro/Am;;Vector Sport;Oreca;GF;27.466;37.792;28.248
7;2;68;01:39.7;0;B;27.859;0;38.251;0;33.628;0;168.1;29:36.3;29:37.1;00:27.9;00:38.3;00:33.6;291.1;Cem BÖLÜKBASI;;LMP2 Pro/Am;;Vector Sport;Oreca;GF;27.859;38.251;33.628
7;2;69;03:29.0;0;;01:32.0;0;01:00.2;0;56.775;0;80.2;33:05.3;33:06.1;01:32.0;01:00.2;00:56.8;207.3;Cem BÖLÜKBASI;01:08.0;LMP2 Pro/Am;;Vector Sport;Oreca;GF;92.032;60.225;56.775
7;2;70;03:29.4;0;B;01:12.9;0;01:19.2;0;57.193;0;80.1;36:34.7;36:35.5;01:12.9;01:19.2;00:57.2;;Cem BÖLÜKBASI;;LMP2 Pro/Am;;Vector Sport;Oreca;GF;72.921;79.249;57.193
7;2;71;04:27.0;0;;02:21.5;0;01:08.5;0;56.95;0;62.8;41:01.7;41:02.5;02:21.5;01:08.5;00:57.0;;Cem BÖLÜKBASI;01:26.3;LMP2 Pro/Am;;Vector Sport;Oreca;SF;141.544;68.503;56.95
7;2;72;02:55.2;0;;58.835;0;01:22.2;0;34.121;0;95.7;43:56.9;43:57.7;00:58.8;01:22.2;00:34.1;;Cem BÖLÜKBASI;;LMP2 Pro/Am;;Vector Sport;Oreca;SF;58.835;82.225;34.121
7;2;73;01:49.0;0;;33.357;0;43.475;0;32.217;0;153.7;45:45.9;45:46.7;00:33.4;00:43.5;00:32.2;225.5;Cem BÖLÜKBASI;;LMP2 Pro/Am;;Vector Sport;Oreca;SF;33.357;43.475;32.217
7;2;74;02:01.7;0;;32.109;0;48.881;0;40.661;0;137.8;47:47.6;47:48.4;00:32.1;00:48.9;00:40.7;240;Cem BÖLÜKBASI;;LMP2 Pro/Am;;Vector Sport;Oreca;SF;32.109;48.881;40.661
7;2;75;02:10.7;0;;40.83;0;48.239;0;41.619;0;128.3;49:58.3;49:59.1;00:40.8;00:48.2;00:41.6;168;Cem BÖLÜKBASI;;LMP2 Pro/Am;;Vector Sport;Oreca;GF;40.83;48.239;41.619
7;2;76;01:36.5;0;;28.319;0;39.189;0;29.015;0;173.7;51:34.8;51:35.6;00:28.3;00:39.2;00:29.0;286.5;Cem BÖLÜKBASI;;LMP2 Pro/Am;;Vector Sport;Oreca;GF;28.319;39.189;29.015
7;2;77;01:34.5;0;;28.25;0;38.098;0;28.152;0;177.4;53:09.3;53:10.1;00:28.2;00:38.1;00:28.2;288;Cem BÖLÜKBASI;;LMP2 Pro/Am;;Vector Sport;Oreca;GF;28.25;38.098;28.152
7;2;78;01:33.4;0;;27.305;0;37.979;0;28.146;0;179.4;54:42.7;54:43.5;00:27.3;00:38.0;00:28.1;288.8;Cem BÖLÜKBASI;;LMP2 Pro/Am;;Vector Sport;Oreca;GF;27.305;37.979;28.146
7;2;79;01:33.5;0;;27.332;0;38.05;0;28.123;0;179.3;56:16.2;56:17.0;00:27.3;00:38.1;00:28.1;290.3;Cem BÖLÜKBASI;;LMP2 Pro/Am;;Vector Sport;Oreca;GF;27.332;38.05;28.123
7;2;80;01:33.7;0;;27.419;0;38.102;0;28.205;0;178.9;57:49.9;57:50.7;00:27.4;00:38.1;00:28.2;289.5;Cem BÖLÜKBASI;;LMP2 Pro/Am;;Vector Sport;Oreca;GF;27.419;38.102;28.205
7;2;81;01:34.1;0;;27.525;0;38.189;0;28.406;0;178.1;59:24.1;59:24.9;00:27.5;00:38.2;00:28.4;290.3;Cem BÖLÜKBASI;;LMP2 Pro/Am;;Vector Sport;Oreca;GF;27.525;38.189;28.406
7;2;82;01:34.2;0;;27.447;0;38.286;0;28.443;0;178;00:58.2;00:59.0;00:27.4;00:38.3;00:28.4;290.3;Cem BÖLÜKBASI;;LMP2 Pro/Am;;Vector Sport;Oreca;GF;27.447;38.286;28.443
7;2;83;01:35.6;0;;27.579;0;38.342;0;29.687;0;175.4;02:33.8;02:34.6;00:27.6;00:38.3;00:29.7;290.3;Cem BÖLÜKBASI;;LMP2 Pro/Am;;Vector Sport;Oreca;GF;27.579;38.342;29.687
7;2;84;02:15.6;0;;27.794;0;51.363;0;56.488;0;123.6;04:49.5;04:50.3;00:27.8;00:51.4;00:56.5;289.5;Cem BÖLÜKBASI;;LMP2 Pro/Am;;Vector Sport;Oreca;FCY;27.794;51.363;56.488
7;2;85;02:20.3;0;;01:12.3;0;39.514;0;28.466;0;119.5;07:09.8;07:10.6;01:12.3;00:39.5;00:28.5;;Cem BÖLÜKBASI;;LMP2 Pro/Am;;Vector Sport;Oreca;GF;72.343;39.514;28.466
7;2;86;01:34.4;0;;27.729;0;38.12;0;28.514;0;177.7;08:44.2;08:45.0;00:27.7;00:38.1;00:28.5;289.5;Cem BÖLÜKBASI;;LMP2 Pro/Am;;Vector Sport;Oreca;GF;27.729;38.12;28.514
7;2;87;01:35.1;0;;28.047;0;38.059;0;29.006;0;176.3;10:19.3;10:20.1;00:28.0;00:38.1;00:29.0;288.8;Cem BÖLÜKBASI;;LMP2 Pro/Am;;Vector Sport;Oreca;GF;28.047;38.059;29.006
7;2;88;01:35.7;0;;28.026;0;38.408;0;29.247;0;175.2;11:55.0;11:55.8;00:28.0;00:38.4;00:29.2;288.8;Cem BÖLÜKBASI;;LMP2 Pro/Am;;Vector Sport;Oreca;GF;28.026;38.408;29.247
7;2;89;01:34.1;0;;27.989;0;38.065;0;28.088;0;178.1;13:29.1;13:29.9;00:28.0;00:38.1;00:28.1;290.3;Cem BÖLÜKBASI;;LMP2 Pro/Am;;Vector Sport;Oreca;GF;27.989;38.065;28.088
7;2;90;01:38.5;0;B;27.218;0;37.912;0;33.338;0;170.3;15:07.6;15:08.4;00:27.2;00:37.9;00:33.3;291.1;Cem BÖLÜKBASI;;LMP2 Pro/Am;;Vector Sport;Oreca;GF;27.218;37.912;33.338
7;2;91;01:55.0;0;;47.453;0;39.052;0;28.479;0;145.8;17:02.6;17:03.4;00:47.5;00:39.1;00:28.5;208.9;Cem BÖLÜKBASI;00:23.5;LMP2 Pro/Am;;Vector Sport;Oreca;GF;47.453;39.052;28.479
7;2;92;01:33.9;0;;27.52;0;38.293;0;28.122;0;178.5;18:36.5;18:37.3;00:27.5;00:38.3;00:28.1;288.8;Cem BÖLÜKBASI;;LMP2 Pro/Am;;Vector Sport;Oreca;GF;27.52;38.293;28.122
7;2;93;01:38.3;0;B;27.453;0;37.969;0;32.865;0;170.6;20:14.8;20:15.6;00:27.5;00:38.0;00:32.9;289.5;Cem BÖLÜKBASI;;LMP2 Pro/Am;;Vector Sport;Oreca;GF;27.453;37.969;32.865
7;3;94;03:40.6;0;;02:14.4;0;56.105;0;30.064;0;76;23:55.4;23:56.2;02:14.4;00:56.1;00:30.1;;Lorenzo FLUXA;01:19.4;LMP2 Pro/Am;;Vector Sport;Oreca;GF;134.449;56.105;30.064
7;3;95;01:33.4;0;;27.993;0;37.798;0;27.65;0;179.4;25:28.8;25:29.6;00:28.0;00:37.8;00:27.6;283.5;Lorenzo FLUXA;;LMP2 Pro/Am;;Vector Sport;Oreca;GF;27.993;37.798;27.65
7;3;96;01:33.7;0;;27.694;0;38.257;0;27.739;0;178.9;27:02.5;27:03.3;00:27.7;00:38.3;00:27.7;289.5;Lorenzo FLUXA;;LMP2 Pro/Am;;Vector Sport;Oreca;GF;27.694;38.257;27.739
7;3;97;01:33.7;0;;27.23;0;38.116;0;28.362;0;178.9;28:36.2;28:37.0;00:27.2;00:38.1;00:28.4;289.5;Lorenzo FLUXA;;LMP2 Pro/Am;;Vector Sport;Oreca;GF;27.23;38.116;28.362
7;3;98;01:34.7;0;;27.113;0;38.518;0;29.033;0;177.1;30:10.9;30:11.7;00:27.1;00:38.5;00:29.0;289.5;Lorenzo FLUXA;;LMP2 Pro/Am;;Vector Sport;Oreca;GF;27.113;38.518;29.033
7;3;99;01:33.3;0;;27.354;0;37.752;0;28.185;0;179.7;31:44.2;31:45.0;00:27.4;00:37.8;00:28.2;290.3;Lorenzo FLUXA;;LMP2 Pro/Am;;Vector Sport;Oreca;GF;27.354;37.752;28.185
7;3;100;01:32.6;0;;26.983;0;38.131;0;27.493;0;181;33:16.8;33:17.6;00:27.0;00:38.1;00:27.5;288.8;Lorenzo FLUXA;;LMP2 Pro/Am;;Vector Sport;Oreca;GF;26.983;38.131;27.493
7;3;101;01:31.8;2;;26.825;2;37.64;0;27.383;2;182.5;34:48.7;34:49.4;00:26.8;00:37.6;00:27.4;290.3;Lorenzo FLUXA;;LMP2 Pro/Am;;Vector Sport;Oreca;GF;26.825;37.64;27.383
7;3;102;01:32.5;0;;27.078;0;37.432;1;27.978;0;181.3;36:21.1;36:21.9;00:27.1;00:37.4;00:28.0;291.1;Lorenzo FLUXA;;LMP2 Pro/Am;;Vector Sport;Oreca;GF;27.078;37.432;27.978
7;3;103;01:33.5;0;;27.521;0;37.541;0;28.443;0;179.3;37:54.6;37:55.4;00:27.5;00:37.5;00:28.4;291.1;Lorenzo FLUXA;;LMP2 Pro/Am;;Vector Sport;Oreca;GF;27.521;37.541;28.443
7;3;104;01:32.6;0;;27.014;0;37.837;0;27.767;0;181;39:27.3;39:28.1;00:27.0;00:37.8;00:27.8;289.5;Lorenzo FLUXA;;LMP2 Pro/Am;;Vector Sport;Oreca;GF;27.014;37.837;27.767
7;3;105;01:32.4;0;;27.176;0;37.563;0;27.616;0;181.5;40:59.6;41:00.4;00:27.2;00:37.6;00:27.6;289.5;Lorenzo FLUXA;;LMP2 Pro/Am;;Vector Sport;Oreca;GF;27.176;37.563;27.616
7;3;106;01:33.8;0;;27.193;0;38.326;0;28.277;0;178.7;42:33.4;42:34.2;00:27.2;00:38.3;00:28.3;291.1;Lorenzo FLUXA;;LMP2 Pro/Am;;Vector Sport;Oreca;GF;27.193;38.326;28.277
7;3;107;01:33.8;0;;27.474;0;38.403;0;27.971;0;178.6;44:07.3;44:08.1;00:27.5;00:38.4;00:28.0;290.3;Lorenzo FLUXA;;LMP2 Pro/Am;;Vector Sport;Oreca;GF;27.474;38.403;27.971
7;3;108;01:34.4;0;;27.62;0;38.853;0;27.946;0;177.6;45:41.7;45:42.5;00:27.6;00:38.9;00:27.9;290.3;Lorenzo FLUXA;;LMP2 Pro/Am;;Vector Sport;Oreca;GF;27.62;38.853;27.946
7;3;109;01:34.6;0;;27.78;0;38.09;0;28.733;0;177.2;47:16.3;47:17.1;00:27.8;00:38.1;00:28.7;290.3;Lorenzo FLUXA;;LMP2 Pro/Am;;Vector Sport;Oreca;GF;27.78;38.09;28.733
7;3;110;01:33.8;0;;27.288;0;37.96;0;28.55;0;178.7;48:50.1;48:50.9;00:27.3;00:38.0;00:28.6;290.3;Lorenzo FLUXA;;LMP2 Pro/Am;;Vector Sport;Oreca;GF;27.288;37.96;28.55
7;3;111;01:33.8;0;;27.424;0;37.993;0;28.404;0;178.7;50:23.9;50:24.7;00:27.4;00:38.0;00:28.4;288.8;Lorenzo FLUXA;;LMP2 Pro/Am;;Vector Sport;Oreca;GF;27.424;37.993;28.404
7;3;112;01:32.7;0;;27.157;0;37.769;0;27.787;0;180.8;51:56.6;51:57.4;00:27.2;00:37.8;00:27.8;289.5;Lorenzo FLUXA;;LMP2 Pro/Am;;Vector Sport;Oreca;GF;27.157;37.769;27.787
7;3;113;01:33.5;0;;27.169;0;37.85;0;28.489;0;179.3;53:30.1;53:30.9;00:27.2;00:37.9;00:28.5;290.3;Lorenzo FLUXA;;LMP2 Pro/Am;;Vector Sport;Oreca;GF;27.169;37.85;28.489
7;3;114;01:33.4;0;;27.351;0;37.904;0;28.178;0;179.4;55:03.6;55:04.4;00:27.4;00:37.9;00:28.2;288;Lorenzo FLUXA;;LMP2 Pro/Am;;Vector Sport;Oreca;GF;27.351;37.904;28.178
7;3;115;01:33.2;0;;27.172;0;37.757;0;28.226;0;180;56:36.7;56:37.5;00:27.2;00:37.8;00:28.2;290.3;Lorenzo FLUXA;;LMP2 Pro/Am;;Vector Sport;Oreca;GF;27.172;37.757;28.226
7;3;116;01:33.9;0;;27.981;0;37.995;0;27.943;0;178.5;58:10.6;58:11.4;00:28.0;00:38.0;00:27.9;291.1;Lorenzo FLUXA;;LMP2 Pro/Am;;Vector Sport;Oreca;GF;27.981;37.995;27.943
7;3;117;01:39.9;0;B;28.083;0;38.499;0;33.31;0;167.8;59:50.5;59:51.3;00:28.1;00:38.5;00:33.3;291.1;Lorenzo FLUXA;;LMP2 Pro/Am;;Vector Sport;Oreca;GF;28.083;38.499;33.31
7;3;118;02:20.7;0;;01:14.3;0;38.189;0;28.243;0;119.2;02:11.2;02:12.0;01:14.3;00:38.2;00:28.2;208.9;Lorenzo FLUXA;00:50.7;LMP2 Pro/Am;;Vector Sport;Oreca;GF;74.273;38.189;28.243
7;3;119;01:33.8;0;;27.396;0;38.287;0;28.136;0;178.7;03:45.0;03:45.8;00:27.4;00:38.3;00:28.1;289.5;Lorenzo FLUXA;;LMP2 Pro/Am;;Vector Sport;Oreca;GF;27.396;38.287;28.136
7;3;120;01:33.9;0;;27.595;0;38.111;0;28.193;0;178.5;05:18.9;05:19.7;00:27.6;00:38.1;00:28.2;289.5;Lorenzo FLUXA;;LMP2 Pro/Am;;Vector Sport;Oreca;GF;27.595;38.111;28.193
7;3;121;01:34.5;0;;27.409;0;38.735;0;28.31;0;177.5;06:53.4;06:54.2;00:27.4;00:38.7;00:28.3;289.5;Lorenzo FLUXA;;LMP2 Pro/Am;;Vector Sport;Oreca;GF;27.409;38.735;28.31
7;3;122;01:35.9;0;;28.03;0;38.576;0;29.245;0;174.9;08:29.3;08:30.0;00:28.0;00:38.6;00:29.2;291.9;Lorenzo FLUXA;;LMP2 Pro/Am;;Vector Sport;Oreca;GF;28.03;38.576;29.245
7;3;123;01:36.0;0;;28.104;0;39.029;0;28.857;0;174.7;10:05.2;10:06.0;00:28.1;00:39.0;00:28.9;290.3;Lorenzo FLUXA;;LMP2 Pro/Am;;Vector Sport;Oreca;GF;28.104;39.029;28.857
7;3;124;01:38.2;0;;27.707;0;41.677;0;28.778;0;170.8;11:43.4;11:44.2;00:27.7;00:41.7;00:28.8;290.3;Lorenzo FLUXA;;LMP2 Pro/Am;;Vector Sport;Oreca;GF;27.707;41.677;28.778
7;3;125;01:35.3;0;;27.863;0;38.383;0;29.065;0;175.9;13:18.7;13:19.5;00:27.9;00:38.4;00:29.1;291.1;Lorenzo FLUXA;;LMP2 Pro/Am;;Vector Sport;Oreca;GF;27.863;38.383;29.065
7;3;126;01:34.6;0;;27.573;0;38.679;0;28.345;0;177.2;14:53.3;14:54.1;00:27.6;00:38.7;00:28.3;288;Lorenzo FLUXA;;LMP2 Pro/Am;;Vector Sport;Oreca;GF;27.573;38.679;28.345
7;3;127;01:33.8;0;;27.472;0;38.185;0;28.159;0;178.7;16:27.1;16:27.9;00:27.5;00:38.2;00:28.2;290.3;Lorenzo FLUXA;;LMP2 Pro/Am;;Vector Sport;Oreca;GF;27.472;38.185;28.159
7;3;128;01:33.8;0;;27.365;0;38.136;0;28.339;0;178.7;18:01.0;18:01.8;00:27.4;00:38.1;00:28.3;290.3;Lorenzo FLUXA;;LMP2 Pro/Am;;Vector Sport;Oreca;GF;27.365;38.136;28.339
7;3;129;01:35.3;0;;27.359;0;38.192;0;29.777;0;175.9;19:36.3;19:37.1;00:27.4;00:38.2;00:29.8;291.1;Lorenzo FLUXA;;LMP2 Pro/Am;;Vector Sport;Oreca;GF;27.359;38.192;29.777
7;3;130;01:34.2;0;;27.519;0;38.367;0;28.338;0;177.9;21:10.5;21:11.3;00:27.5;00:38.4;00:28.3;290.3;Lorenzo FLUXA;;LMP2 Pro/Am;;Vector Sport;Oreca;GF;27.519;38.367;28.338
7;3;131;01:34.7;0;;27.684;0;38.421;0;28.576;0;177.1;22:45.2;22:46.0;00:27.7;00:38.4;00:28.6;291.1;Lorenzo FLUXA;;LMP2 Pro/Am;;Vector Sport;Oreca;GF;27.684;38.421;28.576
7;3;132;01:34.8;0;;27.906;0;38.162;0;28.724;0;176.9;24:20.0;24:20.8;00:27.9;00:38.2;00:28.7;291.9;Lorenzo FLUXA;;LMP2 Pro/Am;;Vector Sport;Oreca;GF;27.906;38.162;28.724
7;3;133;01:35.5;0;;27.913;0;38.338;0;29.287;0;175.5;25:55.5;25:56.3;00:27.9;00:38.3;00:29.3;291.1;Lorenzo FLUXA;;LMP2 Pro/Am;;Vector Sport;Oreca;GF;27.913;38.338;29.287
7;3;134;01:35.7;0;;28.283;0;38.751;0;28.715;0;175.1;27:31.3;27:32.1;00:28.3;00:38.8;00:28.7;288;Lorenzo FLUXA;;LMP2 Pro/Am;;Vector Sport;Oreca;FF;28.283;38.751;28.715
74;1;1;02:33.3;0;;49.219;0;59.482;0;44.561;0;106.1;02:33.3;02:34.1;00:49.2;00:59.5;00:44.6;;Andrew GILBERT;;LMGT3;;Kessel Racing;Ferrari;SF;49.219;59.482;44.561
74;1;2;28:17.2;0;;01:24.9;0;01:17.9;0;25:34.3;0;9.9;30:50.4;30:51.2;01:24.9;01:17.9;25:34.3;120.4;Andrew GILBERT;;LMGT3;;Kessel Racing;Ferrari;SF;84.918;77.935;1534.325
74;1;3;02:41.9;0;;51.988;0;01:07.3;0;42.616;0;103.6;33:32.3;33:33.1;00:52.0;01:07.3;00:42.6;132.4;Andrew GILBERT;;LMGT3;;Kessel Racing;Ferrari;SF;51.988;67.269;42.616
74;1;4;02:15.1;0;;48.75;0;48.587;0;37.736;0;124.1;35:47.4;35:48.2;00:48.7;00:48.6;00:37.7;136.2;Andrew GILBERT;;LMGT3;;Kessel Racing;Ferrari;GF;48.75;48.587;37.736
74;1;5;01:46.9;0;;31.745;0;43.126;0;32.009;0;156.9;37:34.3;37:35.1;00:31.7;00:43.1;00:32.0;254.1;Andrew GILBERT;;LMGT3;;Kessel Racing;Ferrari;GF;31.745;43.126;32.009
74;1;6;01:45.3;0;;31.506;0;42.312;0;31.477;0;159.2;39:19.6;39:20.4;00:31.5;00:42.3;00:31.5;254.1;Andrew GILBERT;;LMGT3;;Kessel Racing;Ferrari;GF;31.506;42.312;31.477
74;1;7;01:44.9;0;;31.313;0;42.309;0;31.243;0;159.9;41:04.4;41:05.2;00:31.3;00:42.3;00:31.2;254.7;Andrew GILBERT;;LMGT3;;Kessel Racing;Ferrari;GF;31.313;42.309;31.243
74;1;8;01:45.4;0;;31.691;0;42.673;0;31.047;1;159;42:49.8;42:50.6;00:31.7;00:42.7;00:31.0;254.7;Andrew GILBERT;;LMGT3;;Kessel Racing;Ferrari;GF;31.691;42.673;31.047
74;1;9;01:44.9;0;;31.211;1;42.333;0;31.384;0;159.8;44:34.8;44:35.6;00:31.2;00:42.3;00:31.4;254.7;Andrew GILBERT;;LMGT3;;Kessel Racing;Ferrari;GF;31.211;42.333;31.384
74;1;10;01:45.8;0;;31.505;0;42.372;0;31.881;0;158.5;46:20.5;46:21.3;00:31.5;00:42.4;00:31.9;254.7;Andrew GILBERT;;LMGT3;;Kessel Racing;Ferrari;GF;31.505;42.372;31.881
74;1;11;01:46.6;0;;31.465;0;43.725;0;31.435;0;157.2;48:07.1;48:07.9;00:31.5;00:43.7;00:31.4;252.9;Andrew GILBERT;;LMGT3;;Kessel Racing;Ferrari;GF;31.465;43.725;31.435
74;1;12;01:45.6;0;;31.342;0;42.393;0;31.821;0;158.8;49:52.7;49:53.5;00:31.3;00:42.4;00:31.8;254.7;Andrew GILBERT;;LMGT3;;Kessel Racing;Ferrari;GF;31.342;42.393;31.821
74;1;13;01:45.2;0;;31.243;0;42.329;0;31.616;0;159.4;51:37.9;51:38.7;00:31.2;00:42.3;00:31.6;254.1;Andrew GILBERT;;LMGT3;;Kessel Racing;Ferrari;GF;31.243;42.329;31.616
74;1;14;01:45.0;0;;31.352;0;42.416;0;31.198;0;159.7;53:22.9;53:23.7;00:31.4;00:42.4;00:31.2;253.5;Andrew GILBERT;;LMGT3;;Kessel Racing;Ferrari;GF;31.352;42.416;31.198
74;1;15;01:45.2;0;;31.213;0;42.481;0;31.522;0;159.3;55:08.1;55:08.9;00:31.2;00:42.5;00:31.5;252.9;Andrew GILBERT;;LMGT3;;Kessel Racing;Ferrari;GF;31.213;42.481;31.522
74;1;16;01:45.5;0;;31.446;0;42.486;0;31.601;0;158.9;56:53.6;56:54.4;00:31.4;00:42.5;00:31.6;251.7;Andrew GILBERT;;LMGT3;;Kessel Racing;Ferrari;GF;31.446;42.486;31.601
74;1;17;01:46.4;0;;31.462;0;43.253;0;31.654;0;157.6;58:40.0;58:40.8;00:31.5;00:43.3;00:31.7;252.3;Andrew GILBERT;;LMGT3;;Kessel Racing;Ferrari;GF;31.462;43.253;31.654
74;1;18;01:45.6;0;;31.32;0;42.679;0;31.555;0;158.8;00:25.5;00:26.3;00:31.3;00:42.7;00:31.6;252.3;Andrew GILBERT;;LMGT3;;Kessel Racing;Ferrari;GF;31.32;42.679;31.555
74;1;19;01:46.2;0;;31.499;0;42.932;0;31.79;0;157.8;02:11.8;02:12.5;00:31.5;00:42.9;00:31.8;252.3;Andrew GILBERT;;LMGT3;;Kessel Racing;Ferrari;GF;31.499;42.932;31.79
74;1;20;01:46.2;0;;31.612;0;42.761;0;31.778;0;157.9;03:57.9;03:58.7;00:31.6;00:42.8;00:31.8;253.5;Andrew GILBERT;;LMGT3;;Kessel Racing;Ferrari;GF;31.612;42.761;31.778
74;1;21;01:46.0;0;;31.525;0;42.768;0;31.692;0;158.2;05:43.9;05:44.7;00:31.5;00:42.8;00:31.7;253.5;Andrew GILBERT;;LMGT3;;Kessel Racing;Ferrari;GF;31.525;42.768;31.692
74;1;22;01:46.2;0;;31.595;0;42.847;0;31.74;0;157.9;07:30.1;07:30.9;00:31.6;00:42.8;00:31.7;253.5;Andrew GILBERT;;LMGT3;;Kessel Racing;Ferrari;GF;31.595;42.847;31.74
74;1;23;01:47.1;0;;31.754;0;43.098;0;32.267;0;156.5;09:17.2;09:18.0;00:31.8;00:43.1;00:32.3;253.5;Andrew GILBERT;;LMGT3;;Kessel Racing;Ferrari;GF;31.754;43.098;32.267
74;1;24;01:47.3;0;;31.609;0;43.732;0;31.992;0;156.2;11:04.5;11:05.3;00:31.6;00:43.7;00:32.0;252.9;Andrew GILBERT;;LMGT3;;Kessel Racing;Ferrari;GF;31.609;43.732;31.992
74;1;25;01:46.7;0;;31.688;0;42.957;0;32.033;0;157.2;12:51.2;12:52.0;00:31.7;00:43.0;00:32.0;252.3;Andrew GILBERT;;LMGT3;;Kessel Racing;Ferrari;GF;31.688;42.957;32.033
74;1;26;01:46.3;0;;31.708;0;42.603;0;31.953;0;157.8;14:37.5;14:38.3;00:31.7;00:42.6;00:32.0;252.3;Andrew GILBERT;;LMGT3;;Kessel Racing;Ferrari;GF;31.708;42.603;31.953
74;1;27;01:47.4;0;;32.012;0;43.435;0;31.953;0;156.1;16:24.9;16:25.7;00:32.0;00:43.4;00:32.0;252.3;Andrew GILBERT;;LMGT3;;Kessel Racing;Ferrari;GF;32.012;43.435;31.953
74;1;28;01:47.0;0;;31.817;0;42.918;0;32.291;0;156.6;18:11.9;18:12.7;00:31.8;00:42.9;00:32.3;251.7;Andrew GILBERT;;LMGT3;;Kessel Racing;Ferrari;GF;31.817;42.918;32.291
74;1;29;01:47.5;0;;31.712;0;43.386;0;32.418;0;155.9;19:59.4;20:00.2;00:31.7;00:43.4;00:32.4;252.3;Andrew GILBERT;;LMGT3;;Kessel Racing;Ferrari;GF;31.712;43.386;32.418
74;1;30;01:46.9;0;;31.96;0;42.86;0;32.057;0;156.9;21:46.3;21:47.1;00:32.0;00:42.9;00:32.1;250.6;Andrew GILBERT;;LMGT3;;Kessel Racing;Ferrari;GF;31.96;42.86;32.057
74;1;31;01:47.9;0;;32.337;0;43.271;0;32.321;0;155.3;23:34.2;23:35.0;00:32.3;00:43.3;00:32.3;251.7;Andrew GILBERT;;LMGT3;;Kessel Racing;Ferrari;GF;32.337;43.271;32.321
74;1;32;01:47.7;0;;32.036;0;43.493;0;32.151;0;155.7;25:21.9;25:22.7;00:32.0;00:43.5;00:32.2;253.5;Andrew GILBERT;;LMGT3;;Kessel Racing;Ferrari;GF;32.036;43.493;32.151
74;1;33;01:47.4;0;;31.809;0;42.952;0;32.632;0;156.1;27:09.3;27:10.1;00:31.8;00:43.0;00:32.6;254.1;Andrew GILBERT;;LMGT3;;Kessel Racing;Ferrari;GF;31.809;42.952;32.632
74;1;34;01:47.6;0;;31.778;0;43.627;0;32.227;0;155.8;28:56.9;28:57.7;00:31.8;00:43.6;00:32.2;254.7;Andrew GILBERT;;LMGT3;;Kessel Racing;Ferrari;GF;31.778;43.627;32.227
74;1;35;01:47.8;0;;31.642;0;43.537;0;32.585;0;155.6;30:44.7;30:45.5;00:31.6;00:43.5;00:32.6;254.1;Andrew GILBERT;;LMGT3;;Kessel Racing;Ferrari;GF;31.642;43.537;32.585
74;1;36;01:55.1;0;B;32.096;0;43.343;0;39.617;0;145.7;32:39.7;32:40.5;00:32.1;00:43.3;00:39.6;252.9;Andrew GILBERT;;LMGT3;;Kessel Racing;Ferrari;GF;32.096;43.343;39.617
74;1;37;04:38.4;0;;02:21.4;0;01:19.7;0;57.324;0;60.2;37:18.2;37:19.0;02:21.4;01:19.7;00:57.3;;Andrew GILBERT;01:26.1;LMGT3;;Kessel Racing;Ferrari;GF;141.392;79.734;57.324
74;1;38;03:30.2;0;;01:13.3;0;01:19.8;0;57.074;0;79.8;40:48.3;40:49.1;01:13.3;01:19.8;00:57.1;;Andrew GILBERT;;LMGT3;;Kessel Racing;Ferrari;GF;73.282;79.798;57.074
74;1;39;02:37.5;0;;01:13.3;0;50.379;0;33.787;0;106.5;43:25.8;43:26.6;01:13.3;00:50.4;00:33.8;;Andrew GILBERT;;LMGT3;;Kessel Racing;Ferrari;SF;73.302;50.379;33.787
74;1;40;03:08.5;0;;45.126;0;01:21.7;0;01:01.7;0;88.9;46:34.3;46:35.1;00:45.1;01:21.7;01:01.7;214.7;Andrew GILBERT;;LMGT3;;Kessel Racing;Ferrari;SF;45.126;81.665;61.717
74;1;41;03:00.9;0;;01:12.0;0;01:07.2;0;41.708;0;92.7;49:35.2;49:36.0;01:12.0;01:07.2;00:41.7;;Andrew GILBERT;;LMGT3;;Kessel Racing;Ferrari;SF;71.978;67.205;41.708
74;1;42;02:13.2;0;;38.81;0;52.643;0;41.7;0;125.9;51:48.4;51:49.2;00:38.8;00:52.6;00:41.7;142.3;Andrew GILBERT;;LMGT3;;Kessel Racing;Ferrari;GF;38.81;52.643;41.7
74;1;43;01:46.1;0;;31.952;0;42.184;0;31.98;0;158;53:34.5;53:35.3;00:32.0;00:42.2;00:32.0;249.4;Andrew GILBERT;;LMGT3;;Kessel Racing;Ferrari;GF;31.952;42.184;31.98
74;1;44;01:45.0;0;;31.651;0;42.182;0;31.163;0;159.7;55:19.5;55:20.3;00:31.7;00:42.2;00:31.2;251.2;Andrew GILBERT;;LMGT3;;Kessel Racing;Ferrari;GF;31.651;42.182;31.163
74;1;45;01:45.1;0;;31.691;0;42.083;1;31.294;0;159.6;57:04.5;57:05.3;00:31.7;00:42.1;00:31.3;250;Andrew GILBERT;;LMGT3;;Kessel Racing;Ferrari;GF;31.691;42.083;31.294
74;1;46;01:45.0;0;;31.328;0;42.286;0;31.348;0;159.7;58:49.5;58:50.3;00:31.3;00:42.3;00:31.3;250;Andrew GILBERT;;LMGT3;;Kessel Racing;Ferrari;GF;31.328;42.286;31.348
74;1;47;01:45.2;0;;31.401;0;42.239;0;31.518;0;159.4;00:34.7;00:35.5;00:31.4;00:42.2;00:31.5;249.4;Andrew GILBERT;;LMGT3;;Kessel Racing;Ferrari;GF;31.401;42.239;31.518
74;1;48;01:45.5;0;;31.351;0;42.648;0;31.517;0;158.9;02:20.2;02:21.0;00:31.4;00:42.6;00:31.5;249.4;Andrew GILBERT;;LMGT3;;Kessel Racing;Ferrari;GF;31.351;42.648;31.517
74;1;49;01:58.5;0;;31.57;0;42.644;0;44.246;0;141.5;04:18.6;04:19.4;00:31.6;00:42.6;00:44.2;249.4;Andrew GILBERT;;LMGT3;;Kessel Racing;Ferrari;FCY;31.57;42.644;44.246
74;1;50;02:53.9;0;;01:13.1;0;01:08.7;0;32.184;0;96.4;07:12.6;07:13.4;01:13.1;01:08.7;00:32.2;;Andrew GILBERT;;LMGT3;;Kessel Racing;Ferrari;GF;73.077;68.664;32.184
74;1;51;01:46.9;0;;31.709;0;42.86;0;32.301;0;156.9;08:59.4;09:00.2;00:31.7;00:42.9;00:32.3;249.4;Andrew GILBERT;;LMGT3;;Kessel Racing;Ferrari;GF;31.709;42.86;32.301
74;1;52;01:46.3;0;;31.814;0;42.844;0;31.656;0;157.7;10:45.7;10:46.5;00:31.8;00:42.8;00:31.7;250.6;Andrew GILBERT;;LMGT3;;Kessel Racing;Ferrari;GF;31.814;42.844;31.656
74;1;53;01:45.7;0;;31.572;0;42.576;0;31.565;0;158.6;12:31.5;12:32.3;00:31.6;00:42.6;00:31.6;249.4;Andrew GILBERT;;LMGT3;;Kessel Racing;Ferrari;GF;31.572;42.576;31.565
74;1;54;01:46.2;0;;32.025;0;42.64;0;31.527;0;157.9;14:17.6;14:18.4;00:32.0;00:42.6;00:31.5;249.4;Andrew GILBERT;;LMGT3;;Kessel Racing;Ferrari;GF;32.025;42.64;31.527
74;1;55;01:46.4;0;;31.478;0;43.105;0;31.806;0;157.6;16:04.0;16:04.8;00:31.5;00:43.1;00:31.8;250.6;Andrew GILBERT;;LMGT3;;Kessel Racing;Ferrari;GF;31.478;43.105;31.806
74;1;56;01:46.7;0;;31.701;0;42.747;0;32.24;0;157.1;17:50.7;17:51.5;00:31.7;00:42.7;00:32.2;250;Andrew GILBERT;;LMGT3;;Kessel Racing;Ferrari;GF;31.701;42.747;32.24
74;1;57;01:48.2;0;;31.681;0;44.584;0;31.941;0;154.9;19:38.9;19:39.7;00:31.7;00:44.6;00:31.9;251.2;Andrew GILBERT;;LMGT3;;Kessel Racing;Ferrari;GF;31.681;44.584;31.941
74;1;58;01:46.1;0;;31.616;0;42.655;0;31.82;0;158;21:25.0;21:25.8;00:31.6;00:42.7;00:31.8;250;Andrew GILBERT;;LMGT3;;Kessel Racing;Ferrari;GF;31.616;42.655;31.82
74;1;59;02:12.9;0;;31.783;0;42.839;0;58.311;0;126.1;23:38.0;23:38.8;00:31.8;00:42.8;00:58.3;250.6;Andrew GILBERT;;LMGT3;;Kessel Racing;Ferrari;GF;31.783;42.839;58.311
74;1;60;01:47.1;0;;32.406;0;42.867;0;31.851;0;156.5;25:25.1;25:25.9;00:32.4;00:42.9;00:31.9;247.1;Andrew GILBERT;;LMGT3;;Kessel Racing;Ferrari;GF;32.406;42.867;31.851
74;1;61;01:46.2;0;;31.585;0;42.515;0;32.068;0;157.9;27:11.2;27:12.0;00:31.6;00:42.5;00:32.1;248.3;Andrew GILBERT;;LMGT3;;Kessel Racing;Ferrari;GF;31.585;42.515;32.068
74;1;62;01:46.9;0;;31.903;0;42.709;0;32.337;0;156.8;28:58.2;28:59.0;00:31.9;00:42.7;00:32.3;247.7;Andrew GILBERT;;LMGT3;;Kessel Racing;Ferrari;GF;31.903;42.709;32.337
74;1;63;01:46.7;0;;31.563;0;42.814;0;32.359;0;157.1;30:44.9;30:45.7;00:31.6;00:42.8;00:32.4;248.8;Andrew GILBERT;;LMGT3;;Kessel Racing;Ferrari;GF;31.563;42.814;32.359
74;1;64;02:40.7;0;;32.301;0;01:11.9;0;56.558;0;104.3;33:25.6;33:26.4;00:32.3;01:11.9;00:56.6;249.4;Andrew GILBERT;;LMGT3;;Kessel Racing;Ferrari;GF;32.301;71.852;56.558
74;1;65;03:32.3;0;B;01:12.6;0;01:19.1;0;01:00.6;0;79;36:57.9;36:58.7;01:12.6;01:19.1;01:00.6;;Andrew GILBERT;;LMGT3;;Kessel Racing;Ferrari;GF;72.61;79.112;60.573
74;3;66;04:10.9;0;;02:18.7;0;54.576;0;57.631;0;66.8;41:08.8;41:09.6;02:18.7;00:54.6;00:57.6;;Romain LEROUX;01:36.7;LMGT3;;Kessel Racing;Ferrari;SF;138.658;54.576;57.631
74;3;67;02:51.3;0;;57.648;0;01:19.6;0;34.045;0;97.9;44:00.1;44:00.9;00:57.6;01:19.6;00:34.0;172;Romain LEROUX;;LMGT3;;Kessel Racing;Ferrari;SF;57.648;79.63;34.045
74;3;68;01:48.6;0;;32.915;0;43.54;0;32.109;0;154.4;45:48.7;45:49.5;00:32.9;00:43.5;00:32.1;241.6;Romain LEROUX;;LMGT3;;Kessel Racing;Ferrari;SF;32.915;43.54;32.109
74;3;69;02:02.0;0;;32.939;0;47.193;0;41.916;0;137.4;47:50.7;47:51.5;00:32.9;00:47.2;00:41.9;219.5;Romain LEROUX;;LMGT3;;Kessel Racing;Ferrari;SF;32.939;47.193;41.916
74;3;70;02:09.3;0;;40.207;0;48.17;0;40.886;0;129.7;50:00.0;50:00.8;00:40.2;00:48.2;00:40.9;148.4;Romain LEROUX;;LMGT3;;Kessel Racing;Ferrari;GF;40.207;48.17;40.886
74;3;71;01:43.4;0;;31.084;0;41.761;0;30.563;2;162.1;51:43.4;51:44.2;00:31.1;00:41.8;00:30.6;251.2;Romain LEROUX;;LMGT3;;Kessel Racing;Ferrari;GF;31.084;41.761;30.563
74;3;72;01:43.1;2;;30.939;1;41.422;2;30.764;0;162.6;53:26.5;53:27.3;00:30.9;00:41.4;00:30.8;250.6;Romain LEROUX;;LMGT3;;Kessel Racing;Ferrari;GF;30.939;41.422;30.764
74;3;73;01:43.4;0;;30.946;0;41.593;0;30.869;0;162.1;55:09.9;55:10.7;00:30.9;00:41.6;00:30.9;248.8;Romain LEROUX;;LMGT3;;Kessel Racing;Ferrari;GF;30.946;41.593;30.869
74;3;74;01:44.6;0;;31.467;0;42.297;0;30.877;0;160.2;56:54.6;56:55.4;00:31.5;00:42.3;00:30.9;250.6;Romain LEROUX;;LMGT3;;Kessel Racing;Ferrari;GF;31.467;42.297;30.877
74;3;75;01:44.0;0;;31.032;0;41.883;0;31.073;0;161.2;58:38.6;58:39.4;00:31.0;00:41.9;00:31.1;250.6;Romain LEROUX;;LMGT3;;Kessel Racing;Ferrari;GF;31.032;41.883;31.073
74;3;76;01:45.2;0;;31.45;0;42.016;0;31.717;0;159.4;00:23.8;00:24.6;00:31.4;00:42.0;00:31.7;251.2;Romain LEROUX;;LMGT3;;Kessel Racing;Ferrari;GF;31.45;42.016;31.717
74;3;77;05:17.5;0;B;32.039;0;42.674;0;04:02.8;0;52.8;05:41.3;05:42.1;00:32.0;00:42.7;04:02.8;251.7;Romain LEROUX;;LMGT3;;Kessel Racing;Ferrari;FCY;32.039;42.674;242.814
74;3;78;02:24.7;0;;01:10.2;0;43.054;0;31.446;0;115.9;08:05.9;08:06.7;01:10.2;00:43.1;00:31.4;180.9;Romain LEROUX;00:41.0;LMGT3;;Kessel Racing;Ferrari;GF;70.164;43.054;31.446
74;3;79;01:44.7;0;;31.397;0;42.089;0;31.263;0;160.1;09:50.7;09:51.5;00:31.4;00:42.1;00:31.3;246.6;Romain LEROUX;;LMGT3;;Kessel Racing;Ferrari;GF;31.397;42.089;31.263
74;3;80;01:44.9;0;;31.271;0;42.244;0;31.367;0;159.8;11:35.6;11:36.4;00:31.3;00:42.2;00:31.4;248.8;Romain LEROUX;;LMGT3;;Kessel Racing;Ferrari;GF;31.271;42.244;31.367
74;3;81;01:44.5;0;;31.196;0;42.142;0;31.202;0;160.4;13:20.1;13:20.9;00:31.2;00:42.1;00:31.2;250;Romain LEROUX;;LMGT3;;Kessel Racing;Ferrari;GF;31.196;42.142;31.202
74;3;82;01:44.5;0;;31.124;0;41.826;0;31.53;0;160.5;15:04.6;15:05.4;00:31.1;00:41.8;00:31.5;248.8;Romain LEROUX;;LMGT3;;Kessel Racing;Ferrari;GF;31.124;41.826;31.53
74;3;83;01:43.9;0;;31.128;0;41.798;0;31.006;0;161.3;16:48.5;16:49.3;00:31.1;00:41.8;00:31.0;249.4;Romain LEROUX;;LMGT3;;Kessel Racing;Ferrari;GF;31.128;41.798;31.006
74;3;84;01:43.9;0;;31.03;0;41.973;0;30.921;0;161.3;18:32.5;18:33.2;00:31.0;00:42.0;00:30.9;248.8;Romain LEROUX;;LMGT3;;Kessel Racing;Ferrari;GF;31.03;41.973;30.921
74;3;85;01:43.9;0;;31.005;0;41.952;0;30.988;0;161.3;20:16.4;20:17.2;00:31.0;00:42.0;00:31.0;248.8;Romain LEROUX;;LMGT3;;Kessel Racing;Ferrari;GF;31.005;41.952;30.988
74;3;86;02:38.2;0;;31.115;0;01:10.6;0;56.486;0;106;22:54.6;22:55.4;00:31.1;01:10.6;00:56.5;247.7;Romain LEROUX;;LMGT3;;Kessel Racing;Ferrari;FCY;31.115;70.575;56.486
74;3;87;01:51.6;0;;38.202;0;42.306;0;31.083;0;150.2;24:46.2;24:47.0;00:38.2;00:42.3;00:31.1;216.4;Romain LEROUX;;LMGT3;;Kessel Racing;Ferrari;GF;38.202;42.306;31.083
74;3;88;01:45.8;0;;31.183;0;42.038;0;32.589;0;158.4;26:32.0;26:32.8;00:31.2;00:42.0;00:32.6;247.7;Romain LEROUX;;LMGT3;;Kessel Racing;Ferrari;GF;31.183;42.038;32.589
74;3;89;01:44.4;0;;31.047;0;42.091;0;31.288;0;160.5;28:16.4;28:17.2;00:31.0;00:42.1;00:31.3;250;Romain LEROUX;;LMGT3;;Kessel Racing;Ferrari;GF;31.047;42.091;31.288
74;3;90;01:46.0;0;;31.116;0;43.208;0;31.718;0;158.1;30:02.4;30:03.2;00:31.1;00:43.2;00:31.7;250.6;Romain LEROUX;;LMGT3;;Kessel Racing;Ferrari;GF;31.116;43.208;31.718
74;3;91;01:44.9;0;;31.175;0;41.996;0;31.764;0;159.8;31:47.4;31:48.2;00:31.2;00:42.0;00:31.8;249.4;Romain LEROUX;;LMGT3;;Kessel Racing;Ferrari;GF;31.175;41.996;31.764
74;3;92;01:45.7;0;;31.268;0;42.11;0;32.36;0;158.6;33:33.1;33:33.9;00:31.3;00:42.1;00:32.4;250.6;Romain LEROUX;;LMGT3;;Kessel Racing;Ferrari;GF;31.268;42.11;32.36
74;3;93;01:46.6;0;;31.928;0;43.152;0;31.526;0;157.3;35:19.7;35:20.5;00:31.9;00:43.2;00:31.5;252.3;Romain LEROUX;;LMGT3;;Kessel Racing;Ferrari;GF;31.928;43.152;31.526
74;3;94;01:44.4;0;;31.203;0;42.077;0;31.121;0;160.6;37:04.1;37:04.9;00:31.2;00:42.1;00:31.1;250;Romain LEROUX;;LMGT3;;Kessel Racing;Ferrari;GF;31.203;42.077;31.121
74;3;95;01:45.5;0;;31.304;0;42.703;0;31.516;0;158.9;38:49.6;38:50.4;00:31.3;00:42.7;00:31.5;250.6;Romain LEROUX;;LMGT3;;Kessel Racing;Ferrari;GF;31.304;42.703;31.516
74;3;96;01:50.8;0;B;31.41;0;42.452;0;36.962;0;151.3;40:40.5;40:41.3;00:31.4;00:42.5;00:37.0;249.4;Romain LEROUX;;LMGT3;;Kessel Racing;Ferrari;GF;31.41;42.452;36.962
74;2;97;03:00.2;0;;01:44.5;0;43.558;0;32.161;0;93;43:40.7;43:41.5;01:44.5;00:43.6;00:32.2;180;Fran RUEDA;01:15.5;LMGT3;;Kessel Racing;Ferrari;GF;104.504;43.558;32.161
74;2;98;01:44.0;0;;31.572;0;41.713;0;30.711;0;161.2;45:24.7;45:25.5;00:31.6;00:41.7;00:30.7;250;Fran RUEDA;;LMGT3;;Kessel Racing;Ferrari;GF;31.572;41.713;30.711
74;2;99;01:43.5;0;;31.023;0;41.75;0;30.742;0;162;47:08.2;47:09.0;00:31.0;00:41.7;00:30.7;249.4;Fran RUEDA;;LMGT3;;Kessel Racing;Ferrari;GF;31.023;41.75;30.742
74;2;100;01:43.0;0;;30.778;2;41.325;0;30.893;0;162.8;48:51.2;48:52.0;00:30.8;00:41.3;00:30.9;249.4;Fran RUEDA;;LMGT3;;Kessel Racing;Ferrari;GF;30.778;41.325;30.893
74;2;101;01:43.2;0;;30.987;0;41.604;1;30.589;1;162.5;50:34.4;50:35.2;00:31.0;00:41.6;00:30.6;249.4;Fran RUEDA;;LMGT3;;Kessel Racing;Ferrari;GF;30.987;41.604;30.589
74;2;102;01:43.7;0;;31.004;0;41.949;0;30.709;0;161.7;52:18.0;52:18.8;00:31.0;00:41.9;00:30.7;250.6;Fran RUEDA;;LMGT3;;Kessel Racing;Ferrari;GF;31.004;41.949;30.709
74;2;103;01:49.1;0;B;30.972;0;41.767;0;36.323;0;153.7;54:07.1;54:07.9;00:31.0;00:41.8;00:36.3;251.7;Fran RUEDA;;LMGT3;;Kessel Racing;Ferrari;GF;30.972;41.767;36.323
74;2;104;05:09.8;0;;03:56.5;0;41.932;0;31.377;0;54.1;59:16.9;59:17.7;03:56.5;00:41.9;00:31.4;185.9;Fran RUEDA;03:29.9;LMGT3;;Kessel Racing;Ferrari;GF;236.451;41.932;31.377
74;2;105;01:43.9;0;;30.935;0;41.79;0;31.187;0;161.3;01:00.8;01:01.6;00:30.9;00:41.8;00:31.2;250;Fran RUEDA;;LMGT3;;Kessel Racing;Ferrari;GF;30.935;41.79;31.187
74;2;106;01:44.3;0;;31.066;0;41.967;0;31.296;0;160.7;02:45.1;02:45.9;00:31.1;00:42.0;00:31.3;249.4;Fran RUEDA;;LMGT3;;Kessel Racing;Ferrari;GF;31.066;41.967;31.296
74;2;107;01:44.7;0;;31.217;0;42.216;0;31.25;0;160.2;04:29.8;04:30.6;00:31.2;00:42.2;00:31.2;250.6;Fran RUEDA;;LMGT3;;Kessel Racing;Ferrari;GF;31.217;42.216;31.25
74;2;108;01:44.9;0;;31.206;0;42.071;0;31.63;0;159.8;06:14.7;06:15.5;00:31.2;00:42.1;00:31.6;252.3;Fran RUEDA;;LMGT3;;Kessel Racing;Ferrari;GF;31.206;42.071;31.63
74;2;109;01:45.1;0;;31.665;0;42.005;0;31.455;0;159.5;07:59.8;08:00.6;00:31.7;00:42.0;00:31.5;249.4;Fran RUEDA;;LMGT3;;Kessel Racing;Ferrari;GF;31.665;42.005;31.455
74;2;110;01:44.6;0;;31.237;0;42.201;0;31.137;0;160.3;09:44.4;09:45.2;00:31.2;00:42.2;00:31.1;250.6;Fran RUEDA;;LMGT3;;Kessel Racing;Ferrari;GF;31.237;42.201;31.137
74;2;111;01:45.1;0;;31.289;0;41.897;0;31.89;0;159.6;11:29.5;11:30.3;00:31.3;00:41.9;00:31.9;250;Fran RUEDA;;LMGT3;;Kessel Racing;Ferrari;GF;31.289;41.897;31.89
74;2;112;01:43.9;0;;31.03;0;41.968;0;30.944;0;161.3;13:13.4;13:14.2;00:31.0;00:42.0;00:30.9;250.6;Fran RUEDA;;LMGT3;;Kessel Racing;Ferrari;GF;31.03;41.968;30.944
74;2;113;01:44.3;0;;30.961;0;42.227;0;31.153;0;160.7;14:57.8;14:58.6;00:31.0;00:42.2;00:31.2;249.4;Fran RUEDA;;LMGT3;;Kessel Racing;Ferrari;GF;30.961;42.227;31.153
74;2;114;01:44.8;0;;31.066;0;42.093;0;31.662;0;159.9;16:42.6;16:43.4;00:31.1;00:42.1;00:31.7;250;Fran RUEDA;;LMGT3;;Kessel Racing;Ferrari;GF;31.066;42.093;31.662
74;2;115;01:44.3;0;;31.148;0;42.06;0;31.12;0;160.7;18:26.9;18:27.7;00:31.1;00:42.1;00:31.1;249.4;Fran RUEDA;;LMGT3;;Kessel Racing;Ferrari;GF;31.148;42.06;31.12
74;2;116;01:44.6;0;;31.089;0;42.252;0;31.248;0;160.3;20:11.5;20:12.3;00:31.1;00:42.3;00:31.2;248.3;Fran RUEDA;;LMGT3;;Kessel Racing;Ferrari;GF;31.089;42.252;31.248
74;2;117;01:44.2;0;;31.112;0;41.989;0;31.128;0;160.8;21:55.7;21:56.5;00:31.1;00:42.0;00:31.1;250;Fran RUEDA;;LMGT3;;Kessel Racing;Ferrari;GF;31.112;41.989;31.128
74;2;118;01:44.2;0;;31.008;0;41.985;0;31.244;0;160.8;23:40.0;23:40.8;00:31.0;00:42.0;00:31.2;250.6;Fran RUEDA;;LMGT3;;Kessel Racing;Ferrari;GF;31.008;41.985;31.244
74;2;119;01:44.9;0;;31.22;0;42.123;0;31.562;0;159.8;25:24.9;25:25.7;00:31.2;00:42.1;00:31.6;250.6;Fran RUEDA;;LMGT3;;Kessel Racing;Ferrari;GF;31.22;42.123;31.562
74;2;120;01:44.6;0;;31.231;0;42.156;0;31.247;0;160.2;27:09.5;27:10.3;00:31.2;00:42.2;00:31.2;250.6;Fran RUEDA;;LMGT3;;Kessel Racing;Ferrari;FF;31.231;42.156;31.247
75;1;1;02:31.0;0;;48.86;0;57.648;0;44.48;0;107.7;02:31.0;02:31.8;00:48.9;00:57.6;00:44.5;;Matthew KURZEJEWSKI;;LMGT3;;Proton Competition;Porsche;SF;48.86;57.648;44.48
75;1;2;28:15.2;0;;01:21.7;0;01:21.3;0;25:32.2;0;9.9;30:46.2;30:47.0;01:21.7;01:21.3;25:32.2;125.9;Matthew KURZEJEWSKI;;LMGT3;;Proton Competition;Porsche;SF;81.731;81.284;1532.172
75;1;3;02:43.9;0;;54.398;0;01:06.6;0;42.836;0;102.3;33:30.0;33:30.8;00:54.4;01:06.6;00:42.8;134.2;Matthew KURZEJEWSKI;;LMGT3;;Proton Competition;Porsche;SF;54.398;66.631;42.836
75;1;4;02:16.0;0;;48.47;0;48.54;0;38.955;0;123.3;35:46.0;35:46.8;00:48.5;00:48.5;00:39.0;148.4;Matthew KURZEJEWSKI;;LMGT3;;Proton Competition;Porsche;GF;48.47;48.54;38.955
75;1;5;01:46.4;0;;32.348;0;42.651;0;31.367;0;157.6;37:32.4;37:33.2;00:32.3;00:42.7;00:31.4;254.1;Matthew KURZEJEWSKI;;LMGT3;;Proton Competition;Porsche;GF;32.348;42.651;31.367
75;1;6;01:45.4;0;;31.408;0;42.352;0;31.652;0;159;39:17.8;39:18.6;00:31.4;00:42.4;00:31.7;255.3;Matthew KURZEJEWSKI;;LMGT3;;Proton Competition;Porsche;GF;31.408;42.352;31.652
75;1;7;01:45.9;0;;31.416;0;42.898;0;31.62;0;158.3;41:03.7;41:04.5;00:31.4;00:42.9;00:31.6;254.1;Matthew KURZEJEWSKI;;LMGT3;;Proton Competition;Porsche;GF;31.416;42.898;31.62
75;1;8;01:45.6;0;;32.03;0;42.279;0;31.25;0;158.8;42:49.3;42:50.1;00:32.0;00:42.3;00:31.2;254.7;Matthew KURZEJEWSKI;;LMGT3;;Proton Competition;Porsche;GF;32.03;42.279;31.25
75;1;9;01:45.1;0;;31.201;0;42.444;0;31.463;0;159.5;44:34.4;44:35.2;00:31.2;00:42.4;00:31.5;253.5;Matthew KURZEJEWSKI;;LMGT3;;Proton Competition;Porsche;GF;31.201;42.444;31.463
75;1;10;01:45.6;0;;31.422;0;42.343;0;31.826;0;158.8;46:20.0;46:20.8;00:31.4;00:42.3;00:31.8;254.7;Matthew KURZEJEWSKI;;LMGT3;;Proton Competition;Porsche;GF;31.422;42.343;31.826
75;1;11;01:46.0;0;;31.507;0;42.221;0;32.268;0;158.2;48:06.0;48:06.8;00:31.5;00:42.2;00:32.3;252.3;Matthew KURZEJEWSKI;;LMGT3;;Proton Competition;Porsche;GF;31.507;42.221;32.268
75;1;12;01:44.8;0;;31.234;0;42.122;0;31.417;0;160;49:50.7;49:51.5;00:31.2;00:42.1;00:31.4;254.1;Matthew KURZEJEWSKI;;LMGT3;;Proton Competition;Porsche;GF;31.234;42.122;31.417
75;1;13;01:45.1;0;;31.45;0;42.443;0;31.253;0;159.4;51:35.9;51:36.7;00:31.4;00:42.4;00:31.3;254.7;Matthew KURZEJEWSKI;;LMGT3;;Proton Competition;Porsche;GF;31.45;42.443;31.253
75;1;14;01:44.5;0;;31.386;0;42.012;0;31.054;1;160.5;53:20.3;53:21.1;00:31.4;00:42.0;00:31.1;253.5;Matthew KURZEJEWSKI;;LMGT3;;Proton Competition;Porsche;GF;31.386;42.012;31.054
75;1;15;01:44.5;0;;31.159;0;42.065;0;31.296;0;160.4;55:04.9;55:05.7;00:31.2;00:42.1;00:31.3;253.5;Matthew KURZEJEWSKI;;LMGT3;;Proton Competition;Porsche;GF;31.159;42.065;31.296
75;1;16;01:44.7;0;;31.126;0;42.227;0;31.381;0;160.1;56:49.6;56:50.4;00:31.1;00:42.2;00:31.4;253.5;Matthew KURZEJEWSKI;;LMGT3;;Proton Competition;Porsche;GF;31.126;42.227;31.381
75;1;17;01:44.7;0;;31.223;0;42.146;0;31.323;0;160.1;58:34.3;58:35.1;00:31.2;00:42.1;00:31.3;254.7;Matthew KURZEJEWSKI;;LMGT3;;Proton Competition;Porsche;GF;31.223;42.146;31.323
75;1;18;01:45.4;0;;31.234;0;42.345;0;31.865;0;159;00:19.7;00:20.5;00:31.2;00:42.3;00:31.9;255.3;Matthew KURZEJEWSKI;;LMGT3;;Proton Competition;Porsche;GF;31.234;42.345;31.865
75;1;19;01:47.3;0;;31.813;0;42.698;0;32.781;0;156.3;02:07.0;02:07.8;00:31.8;00:42.7;00:32.8;254.7;Matthew KURZEJEWSKI;;LMGT3;;Proton Competition;Porsche;GF;31.813;42.698;32.781
75;1;20;01:46.4;0;;31.564;0;42.844;0;31.966;0;157.6;03:53.4;03:54.2;00:31.6;00:42.8;00:32.0;252.9;Matthew KURZEJEWSKI;;LMGT3;;Proton Competition;Porsche;GF;31.564;42.844;31.966
75;1;21;01:45.8;0;;31.523;0;42.63;0;31.687;0;158.4;05:39.2;05:40.0;00:31.5;00:42.6;00:31.7;254.7;Matthew KURZEJEWSKI;;LMGT3;;Proton Competition;Porsche;GF;31.523;42.63;31.687
75;1;22;01:45.7;0;;31.515;0;42.567;0;31.664;0;158.5;07:25.0;07:25.8;00:31.5;00:42.6;00:31.7;254.7;Matthew KURZEJEWSKI;;LMGT3;;Proton Competition;Porsche;GF;31.515;42.567;31.664
75;1;23;01:46.0;0;;31.243;0;42.442;0;32.276;0;158.2;09:10.9;09:11.7;00:31.2;00:42.4;00:32.3;254.1;Matthew KURZEJEWSKI;;LMGT3;;Proton Competition;Porsche;GF;31.243;42.442;32.276
75;1;24;01:46.5;0;;31.528;0;42.263;0;32.741;0;157.4;10:57.5;10:58.3;00:31.5;00:42.3;00:32.7;254.1;Matthew KURZEJEWSKI;;LMGT3;;Proton Competition;Porsche;GF;31.528;42.263;32.741
75;1;25;01:45.7;0;;31.7;0;42.398;0;31.591;0;158.6;12:43.2;12:44.0;00:31.7;00:42.4;00:31.6;253.5;Matthew KURZEJEWSKI;;LMGT3;;Proton Competition;Porsche;GF;31.7;42.398;31.591
75;1;26;01:46.4;0;;31.751;0;42.919;0;31.73;0;157.6;14:29.6;14:30.4;00:31.8;00:42.9;00:31.7;252.3;Matthew KURZEJEWSKI;;LMGT3;;Proton Competition;Porsche;GF;31.751;42.919;31.73
75;1;27;01:45.3;0;;31.541;0;42.365;0;31.442;0;159.1;16:14.9;16:15.7;00:31.5;00:42.4;00:31.4;252.3;Matthew KURZEJEWSKI;;LMGT3;;Proton Competition;Porsche;GF;31.541;42.365;31.442
75;1;28;01:46.3;0;;31.577;0;42.631;0;32.124;0;157.7;18:01.2;18:02.0;00:31.6;00:42.6;00:32.1;254.1;Matthew KURZEJEWSKI;;LMGT3;;Proton Competition;Porsche;GF;31.577;42.631;32.124
75;1;29;01:47.8;0;;32.611;0;43.337;0;31.878;0;155.5;19:49.1;19:49.9;00:32.6;00:43.3;00:31.9;252.9;Matthew KURZEJEWSKI;;LMGT3;;Proton Competition;Porsche;GF;32.611;43.337;31.878
75;1;30;01:47.6;0;;31.93;0;42.681;0;32.974;0;155.8;21:36.7;21:37.5;00:31.9;00:42.7;00:33.0;253.5;Matthew KURZEJEWSKI;;LMGT3;;Proton Competition;Porsche;GF;31.93;42.681;32.974
75;1;31;01:45.4;0;;31.518;0;42.329;0;31.581;0;159;23:22.1;23:22.9;00:31.5;00:42.3;00:31.6;252.3;Matthew KURZEJEWSKI;;LMGT3;;Proton Competition;Porsche;GF;31.518;42.329;31.581
75;1;32;01:45.4;0;;31.505;0;42.314;0;31.541;0;159.1;25:07.4;25:08.2;00:31.5;00:42.3;00:31.5;252.9;Matthew KURZEJEWSKI;;LMGT3;;Proton Competition;Porsche;GF;31.505;42.314;31.541
75;1;33;01:46.2;0;;31.366;0;42.574;0;32.276;0;157.8;26:53.7;26:54.5;00:31.4;00:42.6;00:32.3;252.9;Matthew KURZEJEWSKI;;LMGT3;;Proton Competition;Porsche;GF;31.366;42.574;32.276
75;1;34;01:45.8;0;;31.533;0;42.517;0;31.769;0;158.4;28:39.5;28:40.3;00:31.5;00:42.5;00:31.8;252.9;Matthew KURZEJEWSKI;;LMGT3;;Proton Competition;Porsche;GF;31.533;42.517;31.769
75;1;35;01:53.0;0;B;32.157;0;43.482;0;37.334;0;148.4;30:32.5;30:33.2;00:32.2;00:43.5;00:37.3;254.1;Matthew KURZEJEWSKI;;LMGT3;;Proton Competition;Porsche;GF;32.157;43.482;37.334
75;1;36;03:15.8;0;;01:57.9;0;45.365;0;32.542;0;85.6;33:48.2;33:49.0;01:57.9;00:45.4;00:32.5;179.4;Matthew KURZEJEWSKI;01:27.4;LMGT3;;Proton Competition;Porsche;GF;117.855;45.365;32.542
75;1;37;03:05.0;0;;49.576;0;01:19.1;0;56.336;0;90.6;36:53.2;36:54.0;00:49.6;01:19.1;00:56.3;251.7;Matthew KURZEJEWSKI;;LMGT3;;Proton Competition;Porsche;GF;49.576;79.087;56.336
75;1;38;03:28.5;0;;01:12.9;0;01:19.1;0;56.498;0;80.4;40:21.7;40:22.5;01:12.9;01:19.1;00:56.5;;Matthew KURZEJEWSKI;;LMGT3;;Proton Competition;Porsche;GF;72.859;79.119;56.498
75;1;39;02:35.2;0;;01:12.2;0;48.822;0;34.194;0;108;42:56.9;42:57.7;01:12.2;00:48.8;00:34.2;;Matthew KURZEJEWSKI;;LMGT3;;Proton Competition;Porsche;SF;72.152;48.822;34.194
75;1;40;03:31.2;0;;01:06.9;0;01:21.9;0;01:02.4;0;79.4;46:28.0;46:28.8;01:06.9;01:21.9;01:02.4;;Matthew KURZEJEWSKI;;LMGT3;;Proton Competition;Porsche;SF;66.903;81.897;62.376
75;1;41;03:02.0;0;;01:12.4;0;01:08.1;0;41.541;0;92.1;49:30.1;49:30.9;01:12.4;01:08.1;00:41.5;;Matthew KURZEJEWSKI;;LMGT3;;Proton Competition;Porsche;SF;72.43;68.055;41.541
75;1;42;02:14.2;0;;39.502;0;52.777;0;41.938;0;124.9;51:44.3;51:45.1;00:39.5;00:52.8;00:41.9;180;Matthew KURZEJEWSKI;;LMGT3;;Proton Competition;Porsche;GF;39.502;52.777;41.938
75;1;43;01:46.8;0;;32.284;0;43.072;0;31.42;0;157;53:31.1;53:31.8;00:32.3;00:43.1;00:31.4;248.3;Matthew KURZEJEWSKI;;LMGT3;;Proton Competition;Porsche;GF;32.284;43.072;31.42
75;1;44;01:45.0;0;;31.461;0;42.137;0;31.398;0;159.7;55:16.0;55:16.8;00:31.5;00:42.1;00:31.4;251.2;Matthew KURZEJEWSKI;;LMGT3;;Proton Competition;Porsche;GF;31.461;42.137;31.398
75;1;45;01:44.4;0;;31.118;1;42.006;1;31.293;0;160.6;57:00.5;57:01.3;00:31.1;00:42.0;00:31.3;250;Matthew KURZEJEWSKI;;LMGT3;;Proton Competition;Porsche;GF;31.118;42.006;31.293
75;1;46;01:45.4;0;;31.368;0;42.769;0;31.269;0;159.1;58:45.9;58:46.7;00:31.4;00:42.8;00:31.3;250.6;Matthew KURZEJEWSKI;;LMGT3;;Proton Competition;Porsche;GF;31.368;42.769;31.269
75;1;47;01:44.6;0;;31.254;0;42.017;0;31.29;0;160.3;00:30.4;00:31.2;00:31.3;00:42.0;00:31.3;250;Matthew KURZEJEWSKI;;LMGT3;;Proton Competition;Porsche;GF;31.254;42.017;31.29
75;1;48;01:44.8;0;;31.345;0;42.167;0;31.296;0;160;02:15.2;02:16.0;00:31.3;00:42.2;00:31.3;250.6;Matthew KURZEJEWSKI;;LMGT3;;Proton Competition;Porsche;GF;31.345;42.167;31.296
75;1;49;01:47.3;0;;31.281;0;42.428;0;33.634;0;156.2;04:02.6;04:03.4;00:31.3;00:42.4;00:33.6;250.6;Matthew KURZEJEWSKI;;LMGT3;;Proton Competition;Porsche;FCY;31.281;42.428;33.634
75;1;50;03:01.9;0;;01:12.5;0;01:17.5;0;31.909;0;92.2;07:04.5;07:05.3;01:12.5;01:17.5;00:31.9;;Matthew KURZEJEWSKI;;LMGT3;;Proton Competition;Porsche;GF;72.52;77.473;31.909
75;1;51;01:45.1;0;;31.558;0;42.332;0;31.234;0;159.5;08:49.6;08:50.4;00:31.6;00:42.3;00:31.2;251.2;Matthew KURZEJEWSKI;;LMGT3;;Proton Competition;Porsche;GF;31.558;42.332;31.234
75;1;52;01:45.6;0;;31.33;0;42.422;0;31.869;0;158.7;10:35.2;10:36.0;00:31.3;00:42.4;00:31.9;251.7;Matthew KURZEJEWSKI;;LMGT3;;Proton Competition;Porsche;GF;31.33;42.422;31.869
75;1;53;01:46.3;0;;31.521;0;43.297;0;31.514;0;157.7;12:21.6;12:22.4;00:31.5;00:43.3;00:31.5;254.1;Matthew KURZEJEWSKI;;LMGT3;;Proton Competition;Porsche;GF;31.521;43.297;31.514
75;1;54;01:45.6;0;;31.577;0;42.477;0;31.573;0;158.7;14:07.2;14:08.0;00:31.6;00:42.5;00:31.6;251.2;Matthew KURZEJEWSKI;;LMGT3;;Proton Competition;Porsche;GF;31.577;42.477;31.573
75;1;55;01:44.9;0;;31.226;0;42.24;0;31.475;0;159.8;15:52.1;15:52.9;00:31.2;00:42.2;00:31.5;251.2;Matthew KURZEJEWSKI;;LMGT3;;Proton Competition;Porsche;GF;31.226;42.24;31.475
75;1;56;01:45.7;0;;31.379;0;42.794;0;31.574;0;158.5;17:37.9;17:38.7;00:31.4;00:42.8;00:31.6;252.3;Matthew KURZEJEWSKI;;LMGT3;;Proton Competition;Porsche;GF;31.379;42.794;31.574
75;1;57;01:45.5;0;;31.603;0;42.356;0;31.542;0;158.9;19:23.4;19:24.2;00:31.6;00:42.4;00:31.5;252.9;Matthew KURZEJEWSKI;;LMGT3;;Proton Competition;Porsche;GF;31.603;42.356;31.542
75;1;58;01:46.2;0;;31.736;0;42.838;0;31.59;0;157.9;21:09.5;21:10.3;00:31.7;00:42.8;00:31.6;250;Matthew KURZEJEWSKI;;LMGT3;;Proton Competition;Porsche;GF;31.736;42.838;31.59
75;1;59;01:47.6;0;;31.363;0;42.653;0;33.604;0;155.8;22:57.2;22:58.0;00:31.4;00:42.7;00:33.6;250.6;Matthew KURZEJEWSKI;;LMGT3;;Proton Competition;Porsche;GF;31.363;42.653;33.604
75;1;60;01:47.0;0;;31.646;0;42.845;0;32.487;0;156.7;24:44.1;24:44.9;00:31.6;00:42.8;00:32.5;250.6;Matthew KURZEJEWSKI;;LMGT3;;Proton Competition;Porsche;GF;31.646;42.845;32.487
75;1;61;01:48.4;0;;32.043;0;42.76;0;33.562;0;154.7;26:32.5;26:33.3;00:32.0;00:42.8;00:33.6;248.3;Matthew KURZEJEWSKI;;LMGT3;;Proton Competition;Porsche;GF;32.043;42.76;33.562
75;1;62;01:46.9;0;;32.122;0;43.034;0;31.728;0;156.9;28:19.4;28:20.2;00:32.1;00:43.0;00:31.7;249.4;Matthew KURZEJEWSKI;;LMGT3;;Proton Competition;Porsche;GF;32.122;43.034;31.728
75;1;63;01:46.0;0;;31.497;0;42.409;0;32.085;0;158.2;30:05.4;30:06.2;00:31.5;00:42.4;00:32.1;248.8;Matthew KURZEJEWSKI;;LMGT3;;Proton Competition;Porsche;GF;31.497;42.409;32.085
75;1;64;02:07.1;0;;31.964;0;42.804;0;52.37;0;131.9;32:12.5;32:13.3;00:32.0;00:42.8;00:52.4;248.3;Matthew KURZEJEWSKI;;LMGT3;;Proton Competition;Porsche;GF;31.964;42.804;52.37
75;1;65;03:29.8;0;B;01:13.2;0;01:19.4;0;57.258;0;79.9;35:42.4;35:43.1;01:13.2;01:19.4;00:57.3;;Matthew KURZEJEWSKI;;LMGT3;;Proton Competition;Porsche;GF;73.153;79.422;57.258
75;3;66;03:59.5;0;;02:14.8;0;01:09.1;0;35.618;0;70;39:41.8;39:42.6;02:14.8;01:09.1;00:35.6;;Richard LIETZ;01:20.0;LMGT3;;Proton Competition;Porsche;SF;134.802;69.06;35.618
75;3;67;01:51.8;0;;33.157;0;43.885;0;34.801;0;149.9;41:33.7;41:34.5;00:33.2;00:43.9;00:34.8;243.8;Richard LIETZ;;LMGT3;;Proton Competition;Porsche;SF;33.157;43.885;34.801
75;3;68;03:11.6;0;;56.369;0;01:14.0;0;01:01.2;0;87.5;44:45.2;44:46.0;00:56.4;01:14.0;01:01.2;;Richard LIETZ;;LMGT3;;Proton Competition;Porsche;SF;56.369;74.003;61.199
75;3;69;02:52.8;0;;01:06.0;0;01:05.3;0;41.425;0;97;47:38.0;47:38.8;01:06.0;01:05.3;00:41.4;;Richard LIETZ;;LMGT3;;Proton Competition;Porsche;SF;66.042;65.318;41.425
75;3;70;02:14.5;0;;39.745;0;50.51;0;44.215;0;124.7;49:52.5;49:53.3;00:39.7;00:50.5;00:44.2;184.3;Richard LIETZ;;LMGT3;;Proton Competition;Porsche;GF;39.745;50.51;44.215
75;3;71;01:43.4;0;;31.033;0;41.478;0;30.902;0;162.1;51:35.9;51:36.7;00:31.0;00:41.5;00:30.9;251.7;Richard LIETZ;;LMGT3;;Proton Competition;Porsche;GF;31.033;41.478;30.902
75;3;72;01:44.1;0;;31.88;0;41.688;0;30.581;0;161;53:20.1;53:20.9;00:31.9;00:41.7;00:30.6;252.3;Richard LIETZ;;LMGT3;;Proton Competition;Porsche;GF;31.88;41.688;30.581
75;3;73;01:42.8;0;;30.803;0;41.454;0;30.58;2;163;55:02.9;55:03.7;00:30.8;00:41.5;00:30.6;250.6;Richard LIETZ;;LMGT3;;Proton Competition;Porsche;GF;30.803;41.454;30.58
75;3;74;01:43.1;0;;30.84;0;41.615;0;30.686;0;162.5;56:46.0;56:46.8;00:30.8;00:41.6;00:30.7;250.6;Richard LIETZ;;LMGT3;;Proton Competition;Porsche;GF;30.84;41.615;30.686
75;3;75;01:43.2;0;;30.763;2;41.63;0;30.851;0;162.4;58:29.3;58:30.1;00:30.8;00:41.6;00:30.9;250.6;Richard LIETZ;;LMGT3;;Proton Competition;Porsche;GF;30.763;41.63;30.851
75;3;76;01:43.0;0;;30.927;0;41.505;0;30.605;0;162.7;00:12.3;00:13.1;00:30.9;00:41.5;00:30.6;249.4;Richard LIETZ;;LMGT3;;Proton Competition;Porsche;GF;30.927;41.505;30.605
75;3;77;01:42.9;0;;30.836;0;41.419;1;30.64;0;162.9;01:55.2;01:56.0;00:30.8;00:41.4;00:30.6;250;Richard LIETZ;;LMGT3;;Proton Competition;Porsche;GF;30.836;41.419;30.64
75;3;78;01:52.9;0;;30.797;0;41.502;0;40.626;0;148.5;03:48.1;03:48.9;00:30.8;00:41.5;00:40.6;250;Richard LIETZ;;LMGT3;;Proton Competition;Porsche;FCY;30.797;41.502;40.626
75;3;79;02:53.0;0;;01:12.5;0;01:09.1;0;31.442;0;96.9;06:41.2;06:42.0;01:12.5;01:09.1;00:31.4;;Richard LIETZ;;LMGT3;;Proton Competition;Porsche;GF;72.456;69.121;31.442
75;3;80;01:45.7;0;;31.879;0;42.294;0;31.532;0;158.6;08:26.9;08:27.7;00:31.9;00:42.3;00:31.5;250;Richard LIETZ;;LMGT3;;Proton Competition;Porsche;GF;31.879;42.294;31.532
75;3;81;01:44.3;0;;31.105;0;41.951;0;31.225;0;160.8;10:11.1;10:11.9;00:31.1;00:42.0;00:31.2;252.3;Richard LIETZ;;LMGT3;;Proton Competition;Porsche;GF;31.105;41.951;31.225
75;3;82;01:44.0;0;;30.997;0;41.612;0;31.436;0;161.1;11:55.2;11:56.0;00:31.0;00:41.6;00:31.4;251.7;Richard LIETZ;;LMGT3;;Proton Competition;Porsche;GF;30.997;41.612;31.436
75;3;83;01:43.4;0;;30.947;0;41.627;0;30.828;0;162.1;13:38.6;13:39.4;00:30.9;00:41.6;00:30.8;251.7;Richard LIETZ;;LMGT3;;Proton Competition;Porsche;GF;30.947;41.627;30.828
75;3;84;01:43.4;0;;30.983;0;41.618;0;30.794;0;162.1;15:22.0;15:22.8;00:31.0;00:41.6;00:30.8;251.7;Richard LIETZ;;LMGT3;;Proton Competition;Porsche;GF;30.983;41.618;30.794
75;3;85;01:43.9;0;;31.102;0;41.679;0;31.124;0;161.4;17:05.9;17:06.7;00:31.1;00:41.7;00:31.1;252.3;Richard LIETZ;;LMGT3;;Proton Competition;Porsche;GF;31.102;41.679;31.124
75;3;86;01:43.9;0;;31.055;0;41.738;0;31.148;0;161.3;18:49.8;18:50.6;00:31.1;00:41.7;00:31.1;252.3;Richard LIETZ;;LMGT3;;Proton Competition;Porsche;GF;31.055;41.738;31.148
75;3;87;01:45.3;0;;31.437;0;42.323;0;31.531;0;159.2;20:35.1;20:35.9;00:31.4;00:42.3;00:31.5;250.6;Richard LIETZ;;LMGT3;;Proton Competition;Porsche;GF;31.437;42.323;31.531
75;3;88;02:40.8;0;;40.928;0;01:18.7;0;41.129;0;104.3;23:15.9;23:16.7;00:40.9;01:18.7;00:41.1;252.9;Richard LIETZ;;LMGT3;;Proton Competition;Porsche;GF;40.928;78.693;41.129
75;3;89;01:45.1;0;;31.432;0;42.372;0;31.249;0;159.6;25:00.9;25:01.7;00:31.4;00:42.4;00:31.2;250.6;Richard LIETZ;;LMGT3;;Proton Competition;Porsche;GF;31.432;42.372;31.249
75;3;90;01:44.7;0;;31.001;0;42.097;0;31.589;0;160.1;26:45.6;26:46.4;00:31.0;00:42.1;00:31.6;251.7;Richard LIETZ;;LMGT3;;Proton Competition;Porsche;GF;31.001;42.097;31.589
75;3;91;01:45.0;0;;31.143;0;42.349;0;31.481;0;159.7;28:30.6;28:31.4;00:31.1;00:42.3;00:31.5;252.3;Richard LIETZ;;LMGT3;;Proton Competition;Porsche;GF;31.143;42.349;31.481
75;3;92;01:44.3;0;;31.049;0;42.079;0;31.182;0;160.7;30:14.9;30:15.7;00:31.0;00:42.1;00:31.2;251.2;Richard LIETZ;;LMGT3;;Proton Competition;Porsche;GF;31.049;42.079;31.182
75;3;93;01:44.6;0;;31.088;0;42.113;0;31.356;0;160.3;31:59.5;32:00.3;00:31.1;00:42.1;00:31.4;252.3;Richard LIETZ;;LMGT3;;Proton Competition;Porsche;GF;31.088;42.113;31.356
75;3;94;01:45.3;0;;31.37;0;42.137;0;31.808;0;159.2;33:44.8;33:45.6;00:31.4;00:42.1;00:31.8;252.3;Richard LIETZ;;LMGT3;;Proton Competition;Porsche;GF;31.37;42.137;31.808
75;3;95;01:49.5;0;B;31.174;0;42.161;0;36.213;0;153;35:34.3;35:35.1;00:31.2;00:42.2;00:36.2;251.7;Richard LIETZ;;LMGT3;;Proton Competition;Porsche;GF;31.174;42.161;36.213
75;2;96;03:07.4;0;;01:53.3;0;42.924;0;31.154;0;89.5;38:41.7;38:42.5;01:53.3;00:42.9;00:31.2;181.2;Thomas SARGENT;01:24.5;LMGT3;;Proton Competition;Porsche;GF;113.33;42.924;31.154
75;2;97;01:43.7;0;;31.093;0;41.536;0;31.027;0;161.7;40:25.4;40:26.2;00:31.1;00:41.5;00:31.0;248.3;Thomas SARGENT;;LMGT3;;Proton Competition;Porsche;GF;31.093;41.536;31.027
75;2;98;01:42.8;2;;30.828;0;41.315;2;30.676;1;163.1;42:08.2;42:09.0;00:30.8;00:41.3;00:30.7;248.8;Thomas SARGENT;;LMGT3;;Proton Competition;Porsche;GF;30.828;41.315;30.676
75;2;99;01:43.3;0;;30.79;1;41.714;0;30.747;0;162.4;43:51.5;43:52.2;00:30.8;00:41.7;00:30.7;250.6;Thomas SARGENT;;LMGT3;;Proton Competition;Porsche;GF;30.79;41.714;30.747
75;2;100;01:43.6;0;;30.96;0;41.715;0;30.953;0;161.8;45:35.1;45:35.9;00:31.0;00:41.7;00:31.0;250.6;Thomas SARGENT;;LMGT3;;Proton Competition;Porsche;GF;30.96;41.715;30.953
75;2;101;01:43.7;0;;30.993;0;41.812;0;30.921;0;161.6;47:18.8;47:19.6;00:31.0;00:41.8;00:30.9;250;Thomas SARGENT;;LMGT3;;Proton Competition;Porsche;GF;30.993;41.812;30.921
75;2;102;01:43.2;0;;30.79;0;41.619;0;30.778;0;162.5;49:02.0;49:02.8;00:30.8;00:41.6;00:30.8;252.3;Thomas SARGENT;;LMGT3;;Proton Competition;Porsche;GF;30.79;41.619;30.778
75;2;103;01:43.6;0;;30.843;0;41.874;0;30.912;0;161.8;50:45.6;50:46.4;00:30.8;00:41.9;00:30.9;252.9;Thomas SARGENT;;LMGT3;;Proton Competition;Porsche;GF;30.843;41.874;30.912
75;2;104;01:44.0;0;;31.21;0;41.969;0;30.858;0;161.1;52:29.7;52:30.5;00:31.2;00:42.0;00:30.9;253.5;Thomas SARGENT;;LMGT3;;Proton Competition;Porsche;GF;31.21;41.969;30.858
75;2;105;01:43.4;0;;30.889;0;41.628;0;30.925;0;162.1;54:13.1;54:13.9;00:30.9;00:41.6;00:30.9;250.6;Thomas SARGENT;;LMGT3;;Proton Competition;Porsche;GF;30.889;41.628;30.925
75;2;106;01:43.5;0;;30.945;0;41.738;0;30.848;0;161.9;55:56.6;55:57.4;00:30.9;00:41.7;00:30.8;249.4;Thomas SARGENT;;LMGT3;;Proton Competition;Porsche;GF;30.945;41.738;30.848
75;2;107;01:43.5;0;;30.932;0;41.574;0;30.973;0;162;57:40.1;57:40.9;00:30.9;00:41.6;00:31.0;250;Thomas SARGENT;;LMGT3;;Proton Competition;Porsche;GF;30.932;41.574;30.973
75;2;108;01:44.0;0;;31.012;0;41.808;0;31.167;0;161.2;59:24.1;59:24.9;00:31.0;00:41.8;00:31.2;251.7;Thomas SARGENT;;LMGT3;;Proton Competition;Porsche;GF;31.012;41.808;31.167
75;2;109;01:44.7;0;;31.219;0;42.001;0;31.452;0;160.2;01:08.8;01:09.6;00:31.2;00:42.0;00:31.5;249.4;Thomas SARGENT;;LMGT3;;Proton Competition;Porsche;GF;31.219;42.001;31.452
75;2;110;01:45.2;0;;31.475;0;42.177;0;31.585;0;159.3;02:54.0;02:54.8;00:31.5;00:42.2;00:31.6;250.6;Thomas SARGENT;;LMGT3;;Proton Competition;Porsche;GF;31.475;42.177;31.585
75;2;111;01:45.6;0;;32.041;0;42.208;0;31.334;0;158.8;04:39.6;04:40.4;00:32.0;00:42.2;00:31.3;249.4;Thomas SARGENT;;LMGT3;;Proton Competition;Porsche;GF;32.041;42.208;31.334
75;2;112;01:44.9;0;;31.218;0;42.233;0;31.422;0;159.9;06:24.5;06:25.3;00:31.2;00:42.2;00:31.4;250;Thomas SARGENT;;LMGT3;;Proton Competition;Porsche;GF;31.218;42.233;31.422
75;2;113;01:46.2;0;;32.033;0;42.359;0;31.763;0;157.9;08:10.6;08:11.4;00:32.0;00:42.4;00:31.8;247.7;Thomas SARGENT;;LMGT3;;Proton Competition;Porsche;GF;32.033;42.359;31.763
75;2;114;01:45.0;0;;31.296;0;42.159;0;31.499;0;159.7;09:55.6;09:56.4;00:31.3;00:42.2;00:31.5;251.2;Thomas SARGENT;;LMGT3;;Proton Competition;Porsche;GF;31.296;42.159;31.499
75;2;115;01:45.0;0;;31.234;0;42.201;0;31.537;0;159.7;11:40.5;11:41.3;00:31.2;00:42.2;00:31.5;250;Thomas SARGENT;;LMGT3;;Proton Competition;Porsche;GF;31.234;42.201;31.537
75;2;116;01:45.0;0;;31.237;0;42.24;0;31.49;0;159.7;13:25.5;13:26.3;00:31.2;00:42.2;00:31.5;250;Thomas SARGENT;;LMGT3;;Proton Competition;Porsche;GF;31.237;42.24;31.49
75;2;117;01:46.0;0;;31.968;0;42.509;0;31.569;0;158.1;15:11.6;15:12.4;00:32.0;00:42.5;00:31.6;250;Thomas SARGENT;;LMGT3;;Proton Competition;Porsche;GF;31.968;42.509;31.569
75;2;118;01:44.5;0;;31.121;0;42.08;0;31.282;0;160.5;16:56.0;16:56.8;00:31.1;00:42.1;00:31.3;250.6;Thomas SARGENT;;LMGT3;;Proton Competition;Porsche;GF;31.121;42.08;31.282
75;2;119;01:44.2;0;;31.091;0;41.831;0;31.236;0;161;18:40.2;18:41.0;00:31.1;00:41.8;00:31.2;251.2;Thomas SARGENT;;LMGT3;;Proton Competition;Porsche;GF;31.091;41.831;31.236
75;2;120;01:44.3;0;;31.036;0;41.815;0;31.492;0;160.7;20:24.5;20:25.3;00:31.0;00:41.8;00:31.5;250.6;Thomas SARGENT;;LMGT3;;Proton Competition;Porsche;GF;31.036;41.815;31.492
75;2;121;01:44.9;0;;31.456;0;42.02;0;31.39;0;159.9;22:09.4;22:10.2;00:31.5;00:42.0;00:31.4;251.2;Thomas SARGENT;;LMGT3;;Proton Competition;Porsche;GF;31.456;42.02;31.39
75;2;122;01:44.7;0;;31.104;0;42.226;0;31.352;0;160.2;23:54.1;23:54.9;00:31.1;00:42.2;00:31.4;252.3;Thomas SARGENT;;LMGT3;;Proton Competition;Porsche;GF;31.104;42.226;31.352
75;2;123;01:44.4;0;;31.097;0;41.919;0;31.339;0;160.7;25:38.4;25:39.2;00:31.1;00:41.9;00:31.3;251.2;Thomas SARGENT;;LMGT3;;Proton Competition;Porsche;GF;31.097;41.919;31.339
75;2;124;01:46.1;0;;32.139;0;42.443;0;31.503;0;158;27:24.5;27:25.3;00:32.1;00:42.4;00:31.5;251.2;Thomas SARGENT;;LMGT3;;Proton Competition;Porsche;FF;32.139;42.443;31.503
77;1;1;02:27.7;0;;48.19;0;57.387;0;42.15;0;110.1;02:27.7;02:28.5;00:48.2;00:57.4;00:42.1;; BANKCY;;LMGT3;;Proton Competition;Porsche;SF;48.19;57.387;42.15
77;1;2;28:16.7;0;;01:20.7;0;01:23.7;0;25:32.3;0;9.9;30:44.4;30:45.2;01:20.7;01:23.7;25:32.3;; BANKCY;;LMGT3;;Proton Competition;Porsche;SF;80.675;83.734;1532.295
77;1;3;02:44.5;0;;54.942;0;01:06.0;0;43.513;0;101.9;33:28.9;33:29.7;00:54.9;01:06.0;00:43.5;145.9; BANKCY;;LMGT3;;Proton Competition;Porsche;SF;54.942;65.999;43.513
77;1;4;02:16.8;0;;48.518;0;48.137;0;40.113;0;122.6;35:45.7;35:46.4;00:48.5;00:48.1;00:40.1;127.2; BANKCY;;LMGT3;;Proton Competition;Porsche;GF;48.518;48.137;40.113
77;1;5;01:46.3;0;;31.5;0;42.793;0;31.978;0;157.8;37:31.9;37:32.7;00:31.5;00:42.8;00:32.0;256.5; BANKCY;;LMGT3;;Proton Competition;Porsche;GF;31.5;42.793;31.978
77;1;6;01:45.3;0;;31.165;0;42.573;0;31.612;0;159.1;39:17.3;39:18.1;00:31.2;00:42.6;00:31.6;254.1; BANKCY;;LMGT3;;Proton Competition;Porsche;GF;31.165;42.573;31.612
77;1;7;01:45.7;0;;31.286;0;42.494;0;31.887;0;158.7;41:02.9;41:03.7;00:31.3;00:42.5;00:31.9;253.5; BANKCY;;LMGT3;;Proton Competition;Porsche;GF;31.286;42.494;31.887
77;1;8;01:44.7;0;;31.158;0;42.179;0;31.395;1;160.1;42:47.7;42:48.5;00:31.2;00:42.2;00:31.4;254.7; BANKCY;;LMGT3;;Proton Competition;Porsche;GF;31.158;42.179;31.395
77;1;9;01:46.4;0;;31.952;0;42.924;0;31.573;0;157.5;44:34.1;44:34.9;00:32.0;00:42.9;00:31.6;252.9; BANKCY;;LMGT3;;Proton Competition;Porsche;GF;31.952;42.924;31.573
77;1;10;01:44.9;0;;31.262;0;42.126;0;31.497;0;159.8;46:19.0;46:19.8;00:31.3;00:42.1;00:31.5;253.5; BANKCY;;LMGT3;;Proton Competition;Porsche;GF;31.262;42.126;31.497
77;1;11;01:45.6;0;;30.996;1;42.06;1;32.59;0;158.7;48:04.7;48:05.4;00:31.0;00:42.1;00:32.6;254.1; BANKCY;;LMGT3;;Proton Competition;Porsche;GF;30.996;42.06;32.59
77;1;12;01:51.2;0;B;31.303;0;42.409;0;37.466;0;150.8;49:55.8;49:56.6;00:31.3;00:42.4;00:37.5;253.5; BANKCY;;LMGT3;;Proton Competition;Porsche;GF;31.303;42.409;37.466
77;1;13;02:05.0;0;;50.837;0;42.397;0;31.731;0;134.2;52:00.8;52:01.6;00:50.8;00:42.4;00:31.7;183.7; BANKCY;00:23.5;LMGT3;;Proton Competition;Porsche;GF;50.837;42.397;31.731
77;1;14;01:44.9;0;;31.202;0;42.128;0;31.589;0;159.8;53:45.7;53:46.5;00:31.2;00:42.1;00:31.6;251.7; BANKCY;;LMGT3;;Proton Competition;Porsche;GF;31.202;42.128;31.589
77;1;15;01:45.9;0;;31.222;0;42.984;0;31.709;0;158.3;55:31.6;55:32.4;00:31.2;00:43.0;00:31.7;252.3; BANKCY;;LMGT3;;Proton Competition;Porsche;GF;31.222;42.984;31.709
77;1;16;01:46.4;0;;31.312;0;42.739;0;32.368;0;157.5;57:18.0;57:18.8;00:31.3;00:42.7;00:32.4;253.5; BANKCY;;LMGT3;;Proton Competition;Porsche;GF;31.312;42.739;32.368
77;1;17;01:47.5;0;;31.7;0;43.361;0;32.419;0;156;59:05.5;59:06.3;00:31.7;00:43.4;00:32.4;255.3; BANKCY;;LMGT3;;Proton Competition;Porsche;GF;31.7;43.361;32.419
77;1;18;01:47.8;0;;31.985;0;43.323;0;32.454;0;155.6;00:53.3;00:54.1;00:32.0;00:43.3;00:32.5;255.3; BANKCY;;LMGT3;;Proton Competition;Porsche;GF;31.985;43.323;32.454
77;1;19;01:47.9;0;;31.677;0;43.903;0;32.285;0;155.4;02:41.2;02:42.0;00:31.7;00:43.9;00:32.3;252.9; BANKCY;;LMGT3;;Proton Competition;Porsche;GF;31.677;43.903;32.285
77;1;20;01:47.8;0;;31.827;0;43.621;0;32.312;0;155.6;04:28.9;04:29.7;00:31.8;00:43.6;00:32.3;254.1; BANKCY;;LMGT3;;Proton Competition;Porsche;GF;31.827;43.621;32.312
77;1;21;01:46.6;0;;31.769;0;42.821;0;32.008;0;157.3;06:15.5;06:16.3;00:31.8;00:42.8;00:32.0;254.7; BANKCY;;LMGT3;;Proton Competition;Porsche;GF;31.769;42.821;32.008
77;1;22;01:47.2;0;;31.52;0;42.797;0;32.864;0;156.4;08:02.7;08:03.5;00:31.5;00:42.8;00:32.9;254.1; BANKCY;;LMGT3;;Proton Competition;Porsche;GF;31.52;42.797;32.864
77;1;23;01:47.8;0;;32.151;0;42.941;0;32.741;0;155.5;09:50.5;09:51.3;00:32.2;00:42.9;00:32.7;255.3; BANKCY;;LMGT3;;Proton Competition;Porsche;GF;32.151;42.941;32.741
77;1;24;01:48.4;0;;32.282;0;43.385;0;32.708;0;154.7;11:38.9;11:39.7;00:32.3;00:43.4;00:32.7;253.5; BANKCY;;LMGT3;;Proton Competition;Porsche;GF;32.282;43.385;32.708
77;1;25;01:48.0;0;;31.941;0;43.641;0;32.419;0;155.2;13:26.9;13:27.7;00:31.9;00:43.6;00:32.4;253.5; BANKCY;;LMGT3;;Proton Competition;Porsche;GF;31.941;43.641;32.419
77;1;26;01:47.2;0;;31.815;0;43.197;0;32.224;0;156.3;15:14.1;15:14.9;00:31.8;00:43.2;00:32.2;253.5; BANKCY;;LMGT3;;Proton Competition;Porsche;GF;31.815;43.197;32.224
77;1;27;01:46.9;0;;31.692;0;42.796;0;32.421;0;156.8;17:01.0;17:01.8;00:31.7;00:42.8;00:32.4;251.7; BANKCY;;LMGT3;;Proton Competition;Porsche;GF;31.692;42.796;32.421
77;1;28;01:47.3;0;;31.724;0;42.987;0;32.557;0;156.3;18:48.3;18:49.1;00:31.7;00:43.0;00:32.6;252.9; BANKCY;;LMGT3;;Proton Competition;Porsche;GF;31.724;42.987;32.557
77;1;29;01:47.7;0;;31.927;0;42.857;0;32.913;0;155.7;20:36.0;20:36.8;00:31.9;00:42.9;00:32.9;251.2; BANKCY;;LMGT3;;Proton Competition;Porsche;GF;31.927;42.857;32.913
77;1;30;01:48.4;0;;32.135;0;43.689;0;32.6;0;154.6;22:24.4;22:25.2;00:32.1;00:43.7;00:32.6;252.3; BANKCY;;LMGT3;;Proton Competition;Porsche;GF;32.135;43.689;32.6
77;1;31;01:48.0;0;;31.883;0;43.047;0;33.119;0;155.2;24:12.5;24:13.3;00:31.9;00:43.0;00:33.1;252.9; BANKCY;;LMGT3;;Proton Competition;Porsche;GF;31.883;43.047;33.119
77;1;32;01:49.0;0;;32.149;0;43.585;0;33.244;0;153.8;26:01.5;26:02.3;00:32.1;00:43.6;00:33.2;251.7; BANKCY;;LMGT3;;Proton Competition;Porsche;GF;32.149;43.585;33.244
77;1;33;01:49.3;0;;33.059;0;43.436;0;32.812;0;153.4;27:50.8;27:51.6;00:33.1;00:43.4;00:32.8;254.1; BANKCY;;LMGT3;;Proton Competition;Porsche;GF;33.059;43.436;32.812
77;1;34;01:49.6;0;;32.044;0;43.911;0;33.598;0;153;29:40.3;29:41.1;00:32.0;00:43.9;00:33.6;254.1; BANKCY;;LMGT3;;Proton Competition;Porsche;GF;32.044;43.911;33.598
77;1;35;01:55.0;0;B;32.395;0;43.706;0;38.94;0;145.7;31:35.4;31:36.2;00:32.4;00:43.7;00:38.9;252.9; BANKCY;;LMGT3;;Proton Competition;Porsche;GF;32.395;43.706;38.94
77;1;36;03:57.2;0;B;01:57.5;0;01:00.9;0;58.793;0;70.7;35:32.6;35:33.4;01:57.5;01:00.9;00:58.8;180; BANKCY;01:26.7;LMGT3;;Proton Competition;Porsche;GF;117.537;60.909;58.793
77;1;37;03:58.2;0;;01:42.2;0;01:19.1;0;56.9;0;70.4;39:30.8;39:31.6;01:42.2;01:19.1;00:56.9;; BANKCY;00:47.6;LMGT3;;Proton Competition;Porsche;GF;102.22;79.101;56.9
77;1;38;03:14.5;0;;01:13.2;0;01:08.2;0;53.16;0;86.2;42:45.3;42:46.1;01:13.2;01:08.2;00:53.2;; BANKCY;;LMGT3;;Proton Competition;Porsche;SF;73.186;68.169;53.16
77;1;39;03:07.4;0;;01:08.3;0;01:23.3;0;35.711;0;89.5;45:52.7;45:53.5;01:08.3;01:23.3;00:35.7;; BANKCY;;LMGT3;;Proton Competition;Porsche;SF;68.344;83.331;35.711
77;1;40;01:49.4;0;;32.982;0;43.564;0;32.898;0;153.2;47:42.2;47:43.0;00:33.0;00:43.6;00:32.9;248.3; BANKCY;;LMGT3;;Proton Competition;Porsche;SF;32.982;43.564;32.898
77;1;41;02:13.5;0;;32.125;0;59.953;0;41.455;0;125.6;49:55.7;49:56.5;00:32.1;01:00.0;00:41.5;249.4; BANKCY;;LMGT3;;Proton Competition;Porsche;SF;32.125;59.953;41.455
77;1;42;02:07.4;0;;41.793;0;46.897;0;38.735;0;131.6;52:03.1;52:03.9;00:41.8;00:46.9;00:38.7;151.5; BANKCY;;LMGT3;;Proton Competition;Porsche;GF;41.793;46.897;38.735
77;1;43;01:48.9;0;;32.576;0;43.325;0;33.042;0;153.9;53:52.1;53:52.9;00:32.6;00:43.3;00:33.0;253.5; BANKCY;;LMGT3;;Proton Competition;Porsche;GF;32.576;43.325;33.042
77;1;44;01:49.4;0;;33.117;0;44.033;0;32.295;0;153.2;55:41.5;55:42.3;00:33.1;00:44.0;00:32.3;251.7; BANKCY;;LMGT3;;Proton Competition;Porsche;GF;33.117;44.033;32.295
77;1;45;01:47.2;0;;31.497;0;43.071;0;32.655;0;156.4;57:28.7;57:29.5;00:31.5;00:43.1;00:32.7;251.7; BANKCY;;LMGT3;;Proton Competition;Porsche;GF;31.497;43.071;32.655
77;1;46;01:48.9;0;;32.59;0;43.435;0;32.89;0;153.9;59:17.7;59:18.5;00:32.6;00:43.4;00:32.9;255.3; BANKCY;;LMGT3;;Proton Competition;Porsche;GF;32.59;43.435;32.89
77;1;47;01:54.5;0;B;31.781;0;43.017;0;39.683;0;146.4;01:12.1;01:12.9;00:31.8;00:43.0;00:39.7;250.6; BANKCY;;LMGT3;;Proton Competition;Porsche;GF;31.781;43.017;39.683
77;2;48;02:48.2;0;;01:31.3;0;44.155;0;32.795;0;99.7;04:00.4;04:01.2;01:31.3;00:44.2;00:32.8;178.2;Huub VAN EIJNDHOVEN;01:01.2;LMGT3;;Proton Competition;Porsche;FCY;91.272;44.155;32.795
77;2;49;03:03.2;0;;01:12.9;0;01:18.4;0;31.997;0;91.5;07:03.6;07:04.4;01:12.9;01:18.4;00:32.0;;Huub VAN EIJNDHOVEN;;LMGT3;;Proton Competition;Porsche;GF;72.875;78.356;31.997
77;2;50;01:44.4;0;;31.303;0;41.941;0;31.205;0;160.5;08:48.0;08:48.8;00:31.3;00:41.9;00:31.2;250;Huub VAN EIJNDHOVEN;;LMGT3;;Proton Competition;Porsche;GF;31.303;41.941;31.205
77;2;51;01:43.9;0;;30.979;0;41.733;0;31.194;0;161.3;10:31.9;10:32.7;00:31.0;00:41.7;00:31.2;253.5;Huub VAN EIJNDHOVEN;;LMGT3;;Proton Competition;Porsche;GF;30.979;41.733;31.194
77;2;52;01:44.2;0;;31.044;0;41.981;0;31.178;0;160.9;12:16.1;12:16.9;00:31.0;00:42.0;00:31.2;252.9;Huub VAN EIJNDHOVEN;;LMGT3;;Proton Competition;Porsche;GF;31.044;41.981;31.178
77;2;53;01:44.4;0;;30.925;0;42.296;0;31.217;0;160.5;14:00.6;14:01.4;00:30.9;00:42.3;00:31.2;251.2;Huub VAN EIJNDHOVEN;;LMGT3;;Proton Competition;Porsche;GF;30.925;42.296;31.217
77;2;54;01:43.3;0;;30.825;1;41.659;0;30.833;1;162.3;15:43.9;15:44.7;00:30.8;00:41.7;00:30.8;251.7;Huub VAN EIJNDHOVEN;;LMGT3;;Proton Competition;Porsche;GF;30.825;41.659;30.833
77;2;55;01:44.1;0;;31.013;0;42.07;0;30.981;0;161.1;17:28.0;17:28.8;00:31.0;00:42.1;00:31.0;252.3;Huub VAN EIJNDHOVEN;;LMGT3;;Proton Competition;Porsche;GF;31.013;42.07;30.981
77;2;56;01:48.8;0;B;31.373;0;41.691;0;35.754;0;154.1;19:16.8;19:17.6;00:31.4;00:41.7;00:35.8;251.7;Huub VAN EIJNDHOVEN;;LMGT3;;Proton Competition;Porsche;GF;31.373;41.691;35.754
77;2;57;02:18.6;0;;01:05.6;0;41.903;0;31.049;0;121;21:35.4;21:36.2;01:05.6;00:41.9;00:31.0;183.1;Huub VAN EIJNDHOVEN;00:39.0;LMGT3;;Proton Competition;Porsche;GF;65.643;41.903;31.049
77;2;58;01:44.2;0;;30.867;0;41.45;1;31.847;0;161;23:19.5;23:20.3;00:30.9;00:41.5;00:31.8;252.9;Huub VAN EIJNDHOVEN;;LMGT3;;Proton Competition;Porsche;GF;30.867;41.45;31.847
77;2;59;01:43.7;0;;30.936;0;41.801;0;30.984;0;161.6;25:03.3;25:04.1;00:30.9;00:41.8;00:31.0;254.1;Huub VAN EIJNDHOVEN;;LMGT3;;Proton Competition;Porsche;GF;30.936;41.801;30.984
77;2;60;01:43.7;0;;31.014;0;41.773;0;30.921;0;161.7;26:47.0;26:47.8;00:31.0;00:41.8;00:30.9;251.2;Huub VAN EIJNDHOVEN;;LMGT3;;Proton Competition;Porsche;GF;31.014;41.773;30.921
77;2;61;01:44.0;0;;31.022;0;41.895;0;31.046;0;161.3;28:30.9;28:31.7;00:31.0;00:41.9;00:31.0;250;Huub VAN EIJNDHOVEN;;LMGT3;;Proton Competition;Porsche;GF;31.022;41.895;31.046
77;2;62;01:43.9;0;;31.018;0;41.683;0;31.149;0;161.4;30:14.8;30:15.6;00:31.0;00:41.7;00:31.1;250;Huub VAN EIJNDHOVEN;;LMGT3;;Proton Competition;Porsche;GF;31.018;41.683;31.149
77;2;63;02:07.6;0;;31.108;0;42.022;0;54.467;0;131.4;32:22.4;32:23.2;00:31.1;00:42.0;00:54.5;250.6;Huub VAN EIJNDHOVEN;;LMGT3;;Proton Competition;Porsche;GF;31.108;42.022;54.467
77;2;64;03:26.8;0;;01:12.1;0;01:18.4;0;56.278;0;81.1;35:49.2;35:50.0;01:12.1;01:18.4;00:56.3;;Huub VAN EIJNDHOVEN;;LMGT3;;Proton Competition;Porsche;GF;72.144;78.405;56.278
77;2;65;03:25.6;0;;01:12.4;0;01:19.4;0;53.831;0;81.5;39:14.8;39:15.6;01:12.4;01:19.4;00:53.8;;Huub VAN EIJNDHOVEN;;LMGT3;;Proton Competition;Porsche;SF;72.4;79.392;53.831
77;2;66;02:09.2;0;;41.204;0;46.742;0;41.229;0;129.8;41:24.0;41:24.8;00:41.2;00:46.7;00:41.2;200.4;Huub VAN EIJNDHOVEN;;LMGT3;;Proton Competition;Porsche;SF;41.204;46.742;41.229
77;2;67;02:45.6;0;;55.592;0;01:14.1;0;35.906;0;101.2;44:09.6;44:10.4;00:55.6;01:14.1;00:35.9;;Huub VAN EIJNDHOVEN;;LMGT3;;Proton Competition;Porsche;SF;55.592;74.109;35.906
77;2;68;01:50.4;0;;32.808;0;44.715;0;32.918;0;151.8;46:00.1;46:00.8;00:32.8;00:44.7;00:32.9;239.5;Huub VAN EIJNDHOVEN;;LMGT3;;Proton Competition;Porsche;SF;32.808;44.715;32.918
77;2;69;01:59.1;0;;32.457;0;44.808;0;41.827;0;140.8;47:59.1;47:59.9;00:32.5;00:44.8;00:41.8;241.1;Huub VAN EIJNDHOVEN;;LMGT3;;Proton Competition;Porsche;SF;32.457;44.808;41.827
77;2;70;02:05.4;0;;40.237;0;45.636;0;39.489;0;133.7;50:04.5;50:05.3;00:40.2;00:45.6;00:39.5;161;Huub VAN EIJNDHOVEN;;LMGT3;;Proton Competition;Porsche;GF;40.237;45.636;39.489
77;2;71;01:46.6;0;;31.58;0;42.742;0;32.293;0;157.2;51:51.1;51:51.9;00:31.6;00:42.7;00:32.3;254.1;Huub VAN EIJNDHOVEN;;LMGT3;;Proton Competition;Porsche;GF;31.58;42.742;32.293
77;2;72;01:44.4;0;;31.15;0;41.854;0;31.362;0;160.6;53:35.5;53:36.3;00:31.2;00:41.9;00:31.4;251.7;Huub VAN EIJNDHOVEN;;LMGT3;;Proton Competition;Porsche;GF;31.15;41.854;31.362
77;2;73;01:44.6;0;;31.362;0;42.124;0;31.132;0;160.3;55:20.1;55:20.9;00:31.4;00:42.1;00:31.1;252.9;Huub VAN EIJNDHOVEN;;LMGT3;;Proton Competition;Porsche;GF;31.362;42.124;31.132
77;2;74;01:44.2;0;;31.109;0;41.744;0;31.378;0;160.8;57:04.3;57:05.1;00:31.1;00:41.7;00:31.4;251.2;Huub VAN EIJNDHOVEN;;LMGT3;;Proton Competition;Porsche;GF;31.109;41.744;31.378
77;2;75;01:44.7;0;;31.535;0;42.064;0;31.073;0;160.2;58:49.0;58:49.8;00:31.5;00:42.1;00:31.1;251.7;Huub VAN EIJNDHOVEN;;LMGT3;;Proton Competition;Porsche;GF;31.535;42.064;31.073
77;2;76;01:44.5;0;;31.143;0;42.102;0;31.21;0;160.5;00:33.5;00:34.3;00:31.1;00:42.1;00:31.2;251.2;Huub VAN EIJNDHOVEN;;LMGT3;;Proton Competition;Porsche;GF;31.143;42.102;31.21
77;2;77;01:45.6;0;;31.367;0;42.123;0;32.148;0;158.7;02:19.1;02:19.9;00:31.4;00:42.1;00:32.1;251.7;Huub VAN EIJNDHOVEN;;LMGT3;;Proton Competition;Porsche;GF;31.367;42.123;32.148
77;2;78;02:13.6;0;;31.165;0;46.433;0;55.952;0;125.5;04:32.7;04:33.4;00:31.2;00:46.4;00:56.0;251.7;Huub VAN EIJNDHOVEN;;LMGT3;;Proton Competition;Porsche;FCY;31.165;46.433;55.952
77;2;79;02:33.2;0;;01:12.1;0;49.496;0;31.613;0;109.5;07:05.8;07:06.6;01:12.1;00:49.5;00:31.6;;Huub VAN EIJNDHOVEN;;LMGT3;;Proton Competition;Porsche;GF;72.055;49.496;31.613
77;2;80;01:45.7;0;;31.318;0;42.124;0;32.212;0;158.7;08:51.5;08:52.3;00:31.3;00:42.1;00:32.2;250;Huub VAN EIJNDHOVEN;;LMGT3;;Proton Competition;Porsche;GF;31.318;42.124;32.212
77;2;81;01:44.3;0;;31.326;0;41.799;0;31.153;0;160.8;10:35.7;10:36.5;00:31.3;00:41.8;00:31.2;251.2;Huub VAN EIJNDHOVEN;;LMGT3;;Proton Competition;Porsche;GF;31.326;41.799;31.153
77;2;82;01:49.8;0;B;31.256;0;41.858;0;36.642;0;152.7;12:25.5;12:26.3;00:31.3;00:41.9;00:36.6;250.6;Huub VAN EIJNDHOVEN;;LMGT3;;Proton Competition;Porsche;GF;31.256;41.858;36.642
77;3;83;03:19.4;0;;02:04.9;0;43.315;0;31.209;0;84.1;15:44.9;15:45.7;02:04.9;00:43.3;00:31.2;180.6;Harry KING;01:36.2;LMGT3;;Proton Competition;Porsche;GF;124.912;43.315;31.209
77;3;84;01:43.3;0;;31.146;0;41.674;0;30.527;0;162.2;17:28.3;17:29.1;00:31.1;00:41.7;00:30.5;248.3;Harry KING;;LMGT3;;Proton Competition;Porsche;GF;31.146;41.674;30.527
77;3;85;01:42.4;0;;30.719;0;41.232;0;30.443;0;163.7;19:10.7;19:11.5;00:30.7;00:41.2;00:30.4;250;Harry KING;;LMGT3;;Proton Competition;Porsche;GF;30.719;41.232;30.443
77;3;86;01:44.6;0;;30.794;0;42.13;0;31.628;0;160.4;20:55.2;20:56.0;00:30.8;00:42.1;00:31.6;252.3;Harry KING;;LMGT3;;Proton Competition;Porsche;GF;30.794;42.13;31.628
77;3;87;02:45.8;0;;01:05.7;0;01:09.0;0;31.117;0;101.1;23:41.0;23:41.8;01:05.7;01:09.0;00:31.1;;Harry KING;;LMGT3;;Proton Competition;Porsche;GF;65.709;68.989;31.117
77;3;88;01:42.9;0;;30.898;0;41.2;0;30.754;0;163;25:23.9;25:24.7;00:30.9;00:41.2;00:30.8;250;Harry KING;;LMGT3;;Proton Competition;Porsche;GF;30.898;41.2;30.754
77;3;89;01:42.5;0;;30.695;0;41.285;0;30.565;0;163.5;27:06.4;27:07.2;00:30.7;00:41.3;00:30.6;250;Harry KING;;LMGT3;;Proton Competition;Porsche;GF;30.695;41.285;30.565
77;3;90;01:42.3;2;;30.618;2;41.146;2;30.533;0;163.9;28:48.7;28:49.5;00:30.6;00:41.1;00:30.5;251.2;Harry KING;;LMGT3;;Proton Competition;Porsche;GF;30.618;41.146;30.533
77;3;91;01:42.4;0;;30.686;0;41.331;0;30.393;2;163.7;30:31.2;30:31.9;00:30.7;00:41.3;00:30.4;250;Harry KING;;LMGT3;;Proton Competition;Porsche;GF;30.686;41.331;30.393
77;3;92;01:42.6;0;;30.747;0;41.172;0;30.706;0;163.4;32:13.8;32:14.6;00:30.7;00:41.2;00:30.7;249.4;Harry KING;;LMGT3;;Proton Competition;Porsche;GF;30.747;41.172;30.706
77;3;93;01:42.5;0;;30.747;0;41.154;0;30.587;0;163.6;33:56.3;33:57.1;00:30.7;00:41.2;00:30.6;249.4;Harry KING;;LMGT3;;Proton Competition;Porsche;GF;30.747;41.154;30.587
77;3;94;01:42.4;0;;30.678;0;41.267;0;30.451;0;163.7;35:38.7;35:39.5;00:30.7;00:41.3;00:30.5;251.2;Harry KING;;LMGT3;;Proton Competition;Porsche;GF;30.678;41.267;30.451
77;3;95;01:43.0;0;;30.723;0;41.519;0;30.791;0;162.7;37:21.7;37:22.5;00:30.7;00:41.5;00:30.8;251.7;Harry KING;;LMGT3;;Proton Competition;Porsche;GF;30.723;41.519;30.791
77;3;96;01:45.2;0;;31.085;0;42.684;0;31.45;0;159.3;39:06.9;39:07.7;00:31.1;00:42.7;00:31.4;253.5;Harry KING;;LMGT3;;Proton Competition;Porsche;GF;31.085;42.684;31.45
77;3;97;01:43.4;0;;31.075;0;41.634;0;30.679;0;162.2;40:50.3;40:51.1;00:31.1;00:41.6;00:30.7;251.7;Harry KING;;LMGT3;;Proton Competition;Porsche;GF;31.075;41.634;30.679
77;3;98;01:43.4;0;;30.818;0;41.88;0;30.661;0;162.2;42:33.7;42:34.5;00:30.8;00:41.9;00:30.7;252.3;Harry KING;;LMGT3;;Proton Competition;Porsche;GF;30.818;41.88;30.661
77;3;99;01:43.6;0;;30.958;0;41.582;0;31.028;0;161.9;44:17.2;44:18.0;00:31.0;00:41.6;00:31.0;251.7;Harry KING;;LMGT3;;Proton Competition;Porsche;GF;30.958;41.582;31.028
77;3;100;01:43.8;0;;30.987;0;41.669;0;31.188;0;161.4;46:01.1;46:01.9;00:31.0;00:41.7;00:31.2;251.7;Harry KING;;LMGT3;;Proton Competition;Porsche;GF;30.987;41.669;31.188
77;3;101;01:43.9;0;;31.493;0;41.634;0;30.758;0;161.4;47:45.0;47:45.8;00:31.5;00:41.6;00:30.8;251.2;Harry KING;;LMGT3;;Proton Competition;Porsche;GF;31.493;41.634;30.758
77;3;102;01:43.1;0;;30.859;0;41.649;0;30.593;0;162.6;49:28.1;49:28.9;00:30.9;00:41.6;00:30.6;251.2;Harry KING;;LMGT3;;Proton Competition;Porsche;GF;30.859;41.649;30.593
77;3;103;01:43.1;0;;30.804;0;41.602;0;30.658;0;162.7;51:11.1;51:11.9;00:30.8;00:41.6;00:30.7;251.7;Harry KING;;LMGT3;;Proton Competition;Porsche;GF;30.804;41.602;30.658
77;3;104;01:43.5;0;;30.779;0;41.752;0;30.965;0;162;52:54.6;52:55.4;00:30.8;00:41.8;00:31.0;251.2;Harry KING;;LMGT3;;Proton Competition;Porsche;GF;30.779;41.752;30.965
77;3;105;01:43.4;0;;31.036;0;41.496;0;30.89;0;162.1;54:38.0;54:38.8;00:31.0;00:41.5;00:30.9;251.7;Harry KING;;LMGT3;;Proton Competition;Porsche;GF;31.036;41.496;30.89
77;3;106;01:44.3;0;;31.288;0;41.595;0;31.388;0;160.8;56:22.3;56:23.1;00:31.3;00:41.6;00:31.4;253.5;Harry KING;;LMGT3;;Proton Competition;Porsche;GF;31.288;41.595;31.388
77;3;107;01:45.0;0;;31.358;0;42.324;0;31.322;0;159.7;58:07.3;58:08.1;00:31.4;00:42.3;00:31.3;254.7;Harry KING;;LMGT3;;Proton Competition;Porsche;GF;31.358;42.324;31.322
77;3;108;01:43.4;0;;31.131;0;41.723;0;30.594;0;162.1;59:50.8;59:51.6;00:31.1;00:41.7;00:30.6;250.6;Harry KING;;LMGT3;;Proton Competition;Porsche;GF;31.131;41.723;30.594
77;3;109;01:43.6;0;;30.777;0;41.915;0;30.932;0;161.8;01:34.4;01:35.2;00:30.8;00:41.9;00:30.9;251.7;Harry KING;;LMGT3;;Proton Competition;Porsche;GF;30.777;41.915;30.932
77;3;110;01:43.8;0;;30.912;0;41.949;0;30.939;0;161.5;03:18.2;03:19.0;00:30.9;00:41.9;00:30.9;250.6;Harry KING;;LMGT3;;Proton Competition;Porsche;GF;30.912;41.949;30.939
77;3;111;01:43.9;0;;30.938;0;41.637;0;31.328;0;161.4;05:02.1;05:02.9;00:30.9;00:41.6;00:31.3;251.2;Harry KING;;LMGT3;;Proton Competition;Porsche;GF;30.938;41.637;31.328
77;3;112;01:43.7;0;;31.046;0;41.876;0;30.765;0;161.7;06:45.8;06:46.6;00:31.0;00:41.9;00:30.8;250.6;Harry KING;;LMGT3;;Proton Competition;Porsche;GF;31.046;41.876;30.765
77;3;113;01:43.3;0;;30.742;0;41.592;0;30.999;0;162.2;08:29.1;08:29.9;00:30.7;00:41.6;00:31.0;252.3;Harry KING;;LMGT3;;Proton Competition;Porsche;GF;30.742;41.592;30.999
77;3;114;01:48.4;0;B;31.244;0;41.855;0;35.282;0;154.7;10:17.5;10:18.3;00:31.2;00:41.9;00:35.3;251.7;Harry KING;;LMGT3;;Proton Competition;Porsche;GF;31.244;41.855;35.282
77;3;115;02:22.1;0;;01:08.1;0;42.349;0;31.686;0;118;12:39.6;12:40.4;01:08.1;00:42.3;00:31.7;183.7;Harry KING;00:41.6;LMGT3;;Proton Competition;Porsche;GF;68.096;42.349;31.686
77;3;116;01:44.3;0;;31.127;0;41.832;0;31.339;0;160.7;14:23.9;14:24.7;00:31.1;00:41.8;00:31.3;250;Harry KING;;LMGT3;;Proton Competition;Porsche;GF;31.127;41.832;31.339
77;3;117;01:44.5;0;;31.192;0;41.796;0;31.534;0;160.4;16:08.4;16:09.2;00:31.2;00:41.8;00:31.5;251.2;Harry KING;;LMGT3;;Proton Competition;Porsche;GF;31.192;41.796;31.534
77;3;118;01:43.7;0;;30.962;0;41.752;0;30.993;0;161.7;17:52.1;17:52.9;00:31.0;00:41.8;00:31.0;252.3;Harry KING;;LMGT3;;Proton Competition;Porsche;GF;30.962;41.752;30.993
77;3;119;01:46.0;0;;31.468;0;42.195;0;32.385;0;158.1;19:38.2;19:39.0;00:31.5;00:42.2;00:32.4;252.9;Harry KING;;LMGT3;;Proton Competition;Porsche;GF;31.468;42.195;32.385
77;3;120;01:45.5;0;;31.653;0;42.063;0;31.808;0;158.9;21:23.7;21:24.5;00:31.7;00:42.1;00:31.8;252.3;Harry KING;;LMGT3;;Proton Competition;Porsche;GF;31.653;42.063;31.808
77;3;121;01:45.1;0;;31.262;0;42.282;0;31.521;0;159.6;23:08.8;23:09.6;00:31.3;00:42.3;00:31.5;252.9;Harry KING;;LMGT3;;Proton Competition;Porsche;GF;31.262;42.282;31.521
77;3;122;01:45.6;0;;31.291;0;42.317;0;32.034;0;158.7;24:54.4;24:55.2;00:31.3;00:42.3;00:32.0;252.9;Harry KING;;LMGT3;;Proton Competition;Porsche;GF;31.291;42.317;32.034
77;3;123;01:46.1;0;;31.477;0;42.108;0;32.487;0;158.1;26:40.5;26:41.3;00:31.5;00:42.1;00:32.5;250.6;Harry KING;;LMGT3;;Proton Competition;Porsche;GF;31.477;42.108;32.487
77;3;124;01:45.4;0;;31.306;0;42.107;0;31.944;0;159.1;28:25.9;28:26.7;00:31.3;00:42.1;00:31.9;250.6;Harry KING;;LMGT3;;Proton Competition;Porsche;FF;31.306;42.107;31.944
8;1;1;02:17.9;0;;43.176;0;55.493;0;39.217;0;118;02:17.9;02:18.7;00:43.2;00:55.5;00:39.2;;Louis STERN;;LMP3;;Team Virage;Ligier;SF;43.176;55.493;39.217
8;1;2;04:09.8;0;;01:14.8;0;01:25.1;0;01:29.9;0;67.1;06:27.7;06:28.5;01:14.8;01:25.1;01:29.9;151.9;Louis STERN;;LMP3;;Team Virage;Ligier;RF;74.825;85.077;89.919
8;1;3;26:54.1;0;;25:01.9;0;01:04.8;0;47.504;0;10.4;33:21.9;33:22.6;25:01.9;01:04.8;00:47.5;184.9;Louis STERN;;LMP3;;Team Virage;Ligier;SF;1501.876;64.764;47.504
8;1;4;02:19.1;0;;46.94;0;50.864;0;41.282;0;120.5;35:40.9;35:41.7;00:46.9;00:50.9;00:41.3;;Louis STERN;;LMP3;;Team Virage;Ligier;GF;46.94;50.864;41.282
8;1;5;01:47.3;0;;32.381;0;42.947;0;31.948;0;156.3;37:28.2;37:29.0;00:32.4;00:42.9;00:31.9;258.4;Louis STERN;;LMP3;;Team Virage;Ligier;GF;32.381;42.947;31.948
8;1;6;01:46.0;0;;30.942;0;43.012;0;32.067;0;158.1;39:14.2;39:15.0;00:30.9;00:43.0;00:32.1;258.4;Louis STERN;;LMP3;;Team Virage;Ligier;GF;30.942;43.012;32.067
8;1;7;01:43.8;0;;30.536;0;41.913;0;31.354;0;161.5;40:58.0;40:58.8;00:30.5;00:41.9;00:31.4;260.9;Louis STERN;;LMP3;;Team Virage;Ligier;GF;30.536;41.913;31.354
8;1;8;01:42.8;0;;30.356;0;41.649;0;30.778;0;163.1;42:40.8;42:41.6;00:30.4;00:41.6;00:30.8;259.6;Louis STERN;;LMP3;;Team Virage;Ligier;GF;30.356;41.649;30.778
8;1;9;01:42.8;0;;30.265;0;41.863;0;30.692;0;163.1;44:23.6;44:24.4;00:30.3;00:41.9;00:30.7;260.2;Louis STERN;;LMP3;;Team Virage;Ligier;GF;30.265;41.863;30.692
8;1;10;01:42.4;0;;30.313;0;41.525;0;30.588;0;163.7;46:06.1;46:06.9;00:30.3;00:41.5;00:30.6;259.6;Louis STERN;;LMP3;;Team Virage;Ligier;GF;30.313;41.525;30.588
8;1;11;01:42.2;0;;30.114;1;41.589;0;30.534;1;164;47:48.3;47:49.1;00:30.1;00:41.6;00:30.5;259.6;Louis STERN;;LMP3;;Team Virage;Ligier;GF;30.114;41.589;30.534
8;1;12;01:43.2;0;;30.539;0;41.545;0;31.099;0;162.5;49:31.5;49:32.3;00:30.5;00:41.5;00:31.1;260.2;Louis STERN;;LMP3;;Team Virage;Ligier;GF;30.539;41.545;31.099
8;1;13;01:43.8;0;;30.366;0;41.665;0;31.756;0;161.5;51:15.3;51:16.1;00:30.4;00:41.7;00:31.8;261.5;Louis STERN;;LMP3;;Team Virage;Ligier;GF;30.366;41.665;31.756
8;1;14;01:44.9;0;;31.403;0;41.579;0;31.953;0;159.8;53:00.2;53:01.0;00:31.4;00:41.6;00:32.0;258.4;Louis STERN;;LMP3;;Team Virage;Ligier;GF;31.403;41.579;31.953
8;1;15;01:45.3;0;;30.684;0;41.592;0;33.055;0;159.2;54:45.5;54:46.3;00:30.7;00:41.6;00:33.1;259.6;Louis STERN;;LMP3;;Team Virage;Ligier;GF;30.684;41.592;33.055
8;1;16;01:43.9;0;;31.043;0;41.852;0;30.961;0;161.4;56:29.4;56:30.2;00:31.0;00:41.9;00:31.0;257.1;Louis STERN;;LMP3;;Team Virage;Ligier;GF;31.043;41.852;30.961
8;1;17;01:42.5;0;;30.328;0;41.619;0;30.521;0;163.6;58:11.9;58:12.7;00:30.3;00:41.6;00:30.5;260.2;Louis STERN;;LMP3;;Team Virage;Ligier;GF;30.328;41.619;30.521
8;1;18;01:42.5;0;;30.181;0;41.193;1;31.088;0;163.6;59:54.3;59:55.1;00:30.2;00:41.2;00:31.1;260.9;Louis STERN;;LMP3;;Team Virage;Ligier;GF;30.181;41.193;31.088
8;1;19;01:42.8;0;;30.518;0;41.436;0;30.857;0;163.1;01:37.1;01:37.9;00:30.5;00:41.4;00:30.9;261.5;Louis STERN;;LMP3;;Team Virage;Ligier;GF;30.518;41.436;30.857
8;1;20;01:42.7;0;;30.327;0;41.321;0;31.041;0;163.3;03:19.8;03:20.6;00:30.3;00:41.3;00:31.0;261.5;Louis STERN;;LMP3;;Team Virage;Ligier;GF;30.327;41.321;31.041
8;1;21;01:42.5;0;;30.301;0;41.424;0;30.815;0;163.5;05:02.4;05:03.2;00:30.3;00:41.4;00:30.8;260.9;Louis STERN;;LMP3;;Team Virage;Ligier;GF;30.301;41.424;30.815
8;1;22;01:43.3;0;;30.516;0;41.451;0;31.356;0;162.3;06:45.7;06:46.5;00:30.5;00:41.5;00:31.4;263.4;Louis STERN;;LMP3;;Team Virage;Ligier;GF;30.516;41.451;31.356
8;1;23;01:47.3;0;;31.129;0;42.802;0;33.371;0;156.2;08:33.0;08:33.8;00:31.1;00:42.8;00:33.4;261.5;Louis STERN;;LMP3;;Team Virage;Ligier;GF;31.129;42.802;33.371
8;1;24;01:44.6;0;;31.29;0;41.865;0;31.411;0;160.3;10:17.6;10:18.4;00:31.3;00:41.9;00:31.4;262.8;Louis STERN;;LMP3;;Team Virage;Ligier;GF;31.29;41.865;31.411
8;1;25;01:43.7;0;;30.648;0;42.316;0;30.757;0;161.6;12:01.3;12:02.1;00:30.6;00:42.3;00:30.8;262.8;Louis STERN;;LMP3;;Team Virage;Ligier;GF;30.648;42.316;30.757
8;1;26;01:42.4;0;;30.291;0;41.345;0;30.802;0;163.7;13:43.7;13:44.5;00:30.3;00:41.3;00:30.8;262.1;Louis STERN;;LMP3;;Team Virage;Ligier;GF;30.291;41.345;30.802
8;1;27;01:43.3;0;;30.285;0;41.932;0;31.039;0;162.4;15:27.0;15:27.8;00:30.3;00:41.9;00:31.0;261.5;Louis STERN;;LMP3;;Team Virage;Ligier;GF;30.285;41.932;31.039
8;1;28;01:43.7;0;;30.674;0;41.498;0;31.566;0;161.6;17:10.7;17:11.5;00:30.7;00:41.5;00:31.6;261.5;Louis STERN;;LMP3;;Team Virage;Ligier;GF;30.674;41.498;31.566
8;1;29;01:43.7;0;;30.793;0;41.613;0;31.26;0;161.7;18:54.4;18:55.2;00:30.8;00:41.6;00:31.3;259.6;Louis STERN;;LMP3;;Team Virage;Ligier;GF;30.793;41.613;31.26
8;1;30;01:46.2;0;;31.84;0;42.615;0;31.716;0;157.9;20:40.5;20:41.3;00:31.8;00:42.6;00:31.7;263.4;Louis STERN;;LMP3;;Team Virage;Ligier;GF;31.84;42.615;31.716
8;1;31;01:45.0;0;;30.943;0;42.431;0;31.599;0;159.7;22:25.5;22:26.3;00:30.9;00:42.4;00:31.6;260.2;Louis STERN;;LMP3;;Team Virage;Ligier;GF;30.943;42.431;31.599
8;1;32;01:47.1;0;;31.412;0;42.73;0;32.944;0;156.6;24:12.6;24:13.4;00:31.4;00:42.7;00:32.9;261.5;Louis STERN;;LMP3;;Team Virage;Ligier;GF;31.412;42.73;32.944
8;1;33;01:43.6;0;;30.699;0;41.553;0;31.373;0;161.8;25:56.2;25:57.0;00:30.7;00:41.6;00:31.4;259.6;Louis STERN;;LMP3;;Team Virage;Ligier;GF;30.699;41.553;31.373
8;1;34;01:44.0;0;;30.843;0;41.832;0;31.308;0;161.2;27:40.2;27:41.0;00:30.8;00:41.8;00:31.3;262.8;Louis STERN;;LMP3;;Team Virage;Ligier;GF;30.843;41.832;31.308
8;1;35;01:43.6;0;;30.606;0;41.775;0;31.216;0;161.8;29:23.8;29:24.6;00:30.6;00:41.8;00:31.2;262.8;Louis STERN;;LMP3;;Team Virage;Ligier;GF;30.606;41.775;31.216
8;1;36;01:44.8;0;;30.931;0;41.848;0;31.996;0;160;31:08.6;31:09.4;00:30.9;00:41.8;00:32.0;262.8;Louis STERN;;LMP3;;Team Virage;Ligier;GF;30.931;41.848;31.996
8;1;37;01:44.3;0;;30.995;0;42.092;0;31.172;0;160.8;32:52.8;32:53.6;00:31.0;00:42.1;00:31.2;263.4;Louis STERN;;LMP3;;Team Virage;Ligier;GF;30.995;42.092;31.172
8;1;38;02:19.0;0;B;30.705;0;51.451;0;56.831;0;120.6;35:11.8;35:12.6;00:30.7;00:51.5;00:56.8;261.5;Louis STERN;;LMP3;;Team Virage;Ligier;GF;30.705;51.451;56.831
8;1;39;04:58.7;0;;02:41.8;0;01:19.8;0;57.061;0;56.1;40:10.5;40:11.3;02:41.8;01:19.8;00:57.1;;Louis STERN;01:47.1;LMP3;;Team Virage;Ligier;GF;161.83;79.76;57.061
8;1;40;02:40.7;0;;01:12.9;0;50.055;0;37.712;0;104.3;42:51.1;42:51.9;01:12.9;00:50.1;00:37.7;;Louis STERN;;LMP3;;Team Virage;Ligier;SF;72.899;50.055;37.712
8;1;41;03:03.3;0;;01:07.6;0;01:20.3;0;35.44;0;91.5;45:54.4;45:55.2;01:07.6;01:20.3;00:35.4;;Louis STERN;;LMP3;;Team Virage;Ligier;SF;67.563;80.291;35.44
8;1;42;01:49.6;0;;33.794;0;43.534;0;32.263;0;153;47:44.0;47:44.8;00:33.8;00:43.5;00:32.3;232.8;Louis STERN;;LMP3;;Team Virage;Ligier;SF;33.794;43.534;32.263
8;1;43;02:14.0;0;;31.54;0;01:01.0;0;41.408;0;125.2;49:58.0;49:58.8;00:31.5;01:01.0;00:41.4;255.3;Louis STERN;;LMP3;;Team Virage;Ligier;SF;31.54;61.004;41.408
8;1;44;02:06.2;0;;40.607;0;47.62;0;37.974;0;132.8;52:04.2;52:05.0;00:40.6;00:47.6;00:38.0;151.7;Louis STERN;;LMP3;;Team Virage;Ligier;GF;40.607;47.62;37.974
8;1;45;01:46.0;0;;31.681;0;43.264;0;31.079;0;158.1;53:50.2;53:51.0;00:31.7;00:43.3;00:31.1;258.4;Louis STERN;;LMP3;;Team Virage;Ligier;GF;31.681;43.264;31.079
8;1;46;01:46.8;0;;31.639;0;42.626;0;32.524;0;157;55:37.0;55:37.8;00:31.6;00:42.6;00:32.5;260.9;Louis STERN;;LMP3;;Team Virage;Ligier;GF;31.639;42.626;32.524
8;1;47;01:45.7;0;;31.16;0;42.416;0;32.084;0;158.7;57:22.7;57:23.5;00:31.2;00:42.4;00:32.1;260.2;Louis STERN;;LMP3;;Team Virage;Ligier;GF;31.16;42.416;32.084
8;1;48;01:45.6;0;;30.959;0;42.655;0;31.948;0;158.8;59:08.2;59:09.0;00:31.0;00:42.7;00:31.9;263.4;Louis STERN;;LMP3;;Team Virage;Ligier;GF;30.959;42.655;31.948
8;1;49;01:45.2;0;;30.942;0;42.722;0;31.516;0;159.4;00:53.4;00:54.2;00:30.9;00:42.7;00:31.5;257.1;Louis STERN;;LMP3;;Team Virage;Ligier;GF;30.942;42.722;31.516
8;1;50;01:45.5;0;;30.708;0;42.536;0;32.295;0;158.9;02:38.9;02:39.7;00:30.7;00:42.5;00:32.3;260.2;Louis STERN;;LMP3;;Team Virage;Ligier;GF;30.708;42.536;32.295
8;1;51;02:10.1;0;;31.808;0;43.035;0;55.225;0;128.9;04:49.0;04:49.8;00:31.8;00:43.0;00:55.2;261.5;Louis STERN;;LMP3;;Team Virage;Ligier;FCY;31.808;43.035;55.225
8;1;52;02:40.5;0;;01:12.7;0;55.712;0;32.122;0;104.5;07:29.5;07:30.3;01:12.7;00:55.7;00:32.1;;Louis STERN;;LMP3;;Team Virage;Ligier;GF;72.673;55.712;32.122
8;1;53;01:44.0;0;;30.845;0;42.053;0;31.15;0;161.1;09:13.6;09:14.4;00:30.8;00:42.1;00:31.2;257.8;Louis STERN;;LMP3;;Team Virage;Ligier;GF;30.845;42.053;31.15
8;1;54;01:49.7;0;;31.082;0;42.54;0;36.033;0;152.9;11:03.2;11:04.0;00:31.1;00:42.5;00:36.0;260.2;Louis STERN;;LMP3;;Team Virage;Ligier;GF;31.082;42.54;36.033
8;1;55;01:47.7;0;;32.919;0;42.998;0;31.745;0;155.7;12:50.9;12:51.7;00:32.9;00:43.0;00:31.7;245.5;Louis STERN;;LMP3;;Team Virage;Ligier;GF;32.919;42.998;31.745
8;1;56;01:50.8;0;B;31.098;0;42.146;0;37.535;0;151.3;14:41.7;14:42.5;00:31.1;00:42.1;00:37.5;259;Louis STERN;;LMP3;;Team Virage;Ligier;GF;31.098;42.146;37.535
8;2;57;02:59.4;0;;01:44.7;0;43.613;0;31.171;0;93.4;17:41.1;17:41.9;01:44.7;00:43.6;00:31.2;178.8;Matteo QUINTARELLI;01:14.4;LMP3;;Team Virage;Ligier;GF;104.664;43.613;31.171
8;2;58;01:43.6;0;;30.705;0;41.641;0;31.246;0;161.8;19:24.7;19:25.5;00:30.7;00:41.6;00:31.2;258.4;Matteo QUINTARELLI;;LMP3;;Team Virage;Ligier;GF;30.705;41.641;31.246
8;2;59;01:42.0;0;;30.458;0;41.15;0;30.397;1;164.4;21:06.7;21:07.5;00:30.5;00:41.1;00:30.4;258.4;Matteo QUINTARELLI;;LMP3;;Team Virage;Ligier;GF;30.458;41.15;30.397
8;2;60;01:41.6;0;;30.276;0;40.85;1;30.445;0;165.1;22:48.3;22:49.1;00:30.3;00:40.9;00:30.4;259;Matteo QUINTARELLI;;LMP3;;Team Virage;Ligier;GF;30.276;40.85;30.445
8;2;61;01:42.2;0;;30.344;0;41.299;0;30.538;0;164.1;24:30.5;24:31.3;00:30.3;00:41.3;00:30.5;259.6;Matteo QUINTARELLI;;LMP3;;Team Virage;Ligier;GF;30.344;41.299;30.538
8;2;62;01:41.8;0;;30.242;0;40.905;0;30.628;0;164.7;26:12.2;26:13.0;00:30.2;00:40.9;00:30.6;258.4;Matteo QUINTARELLI;;LMP3;;Team Virage;Ligier;GF;30.242;40.905;30.628
8;2;63;01:43.1;0;;30.379;0;41.849;0;30.887;0;162.6;27:55.3;27:56.1;00:30.4;00:41.8;00:30.9;258.4;Matteo QUINTARELLI;;LMP3;;Team Virage;Ligier;GF;30.379;41.849;30.887
8;2;64;01:43.6;0;;30.455;0;41.313;0;31.79;0;161.9;29:38.9;29:39.7;00:30.5;00:41.3;00:31.8;259;Matteo QUINTARELLI;;LMP3;;Team Virage;Ligier;GF;30.455;41.313;31.79
8;2;65;01:44.9;0;;30.396;0;42.048;0;32.492;0;159.8;31:23.8;31:24.6;00:30.4;00:42.0;00:32.5;258.4;Matteo QUINTARELLI;;LMP3;;Team Virage;Ligier;GF;30.396;42.048;32.492
8;2;66;03:13.9;0;;58.796;0;01:18.8;0;56.324;0;86.5;34:37.7;34:38.5;00:58.8;01:18.8;00:56.3;;Matteo QUINTARELLI;;LMP3;;Team Virage;Ligier;GF;58.796;78.785;56.324
8;2;67;03:30.8;0;;01:13.5;0;01:20.1;0;57.181;0;79.5;38:08.6;38:09.4;01:13.5;01:20.1;00:57.2;;Matteo QUINTARELLI;;LMP3;;Team Virage;Ligier;GF;73.546;80.097;57.181
8;2;68;02:56.7;0;;01:02.3;0;57.222;0;57.102;0;94.9;41:05.2;41:06.0;01:02.3;00:57.2;00:57.1;;Matteo QUINTARELLI;;LMP3;;Team Virage;Ligier;SF;62.332;57.222;57.102
8;2;69;02:53.0;0;;58.172;0;01:21.1;0;33.717;0;96.9;43:58.2;43:59.0;00:58.2;01:21.1;00:33.7;;Matteo QUINTARELLI;;LMP3;;Team Virage;Ligier;SF;58.172;81.119;33.717
8;2;70;01:49.7;0;;33.85;0;43.956;0;31.874;0;152.9;45:47.9;45:48.7;00:33.9;00:44.0;00:31.9;225;Matteo QUINTARELLI;;LMP3;;Team Virage;Ligier;SF;33.85;43.956;31.874
8;2;71;02:01.5;0;;32.725;0;47.354;0;41.42;0;138;47:49.4;47:50.2;00:32.7;00:47.4;00:41.4;223.1;Matteo QUINTARELLI;;LMP3;;Team Virage;Ligier;SF;32.725;47.354;41.42
8;2;72;02:10.0;0;;41.009;0;47.907;0;41.102;0;128.9;49:59.4;50:00.2;00:41.0;00:47.9;00:41.1;154.5;Matteo QUINTARELLI;;LMP3;;Team Virage;Ligier;GF;41.009;47.907;41.102
8;2;73;01:42.8;0;;30.607;0;41.399;0;30.804;0;163.1;51:42.2;51:43.0;00:30.6;00:41.4;00:30.8;258.4;Matteo QUINTARELLI;;LMP3;;Team Virage;Ligier;GF;30.607;41.399;30.804
8;2;74;01:43.1;0;;30.6;0;41.817;0;30.677;0;162.6;53:25.3;53:26.1;00:30.6;00:41.8;00:30.7;262.1;Matteo QUINTARELLI;;LMP3;;Team Virage;Ligier;GF;30.6;41.817;30.677
8;2;75;01:43.2;0;;30.657;0;41.462;0;31.128;0;162.4;55:08.6;55:09.4;00:30.7;00:41.5;00:31.1;260.9;Matteo QUINTARELLI;;LMP3;;Team Virage;Ligier;GF;30.657;41.462;31.128
8;2;76;01:43.6;0;;30.65;0;41.535;0;31.444;0;161.8;56:52.2;56:53.0;00:30.6;00:41.5;00:31.4;260.2;Matteo QUINTARELLI;;LMP3;;Team Virage;Ligier;GF;30.65;41.535;31.444
8;2;77;01:42.8;0;;30.441;0;41.391;0;31.011;0;163;58:35.1;58:35.8;00:30.4;00:41.4;00:31.0;256.5;Matteo QUINTARELLI;;LMP3;;Team Virage;Ligier;GF;30.441;41.391;31.011
8;2;78;01:42.3;0;;30.564;0;41.045;0;30.642;0;164;00:17.3;00:18.1;00:30.6;00:41.0;00:30.6;255.9;Matteo QUINTARELLI;;LMP3;;Team Virage;Ligier;GF;30.564;41.045;30.642
8;2;79;01:42.3;0;;30.607;0;41.164;0;30.499;0;163.9;01:59.6;02:00.4;00:30.6;00:41.2;00:30.5;257.8;Matteo QUINTARELLI;;LMP3;;Team Virage;Ligier;GF;30.607;41.164;30.499
8;2;80;01:55.2;0;;30.206;1;40.947;0;44.066;0;145.5;03:54.8;03:55.6;00:30.2;00:40.9;00:44.1;257.8;Matteo QUINTARELLI;;LMP3;;Team Virage;Ligier;FCY;30.206;40.947;44.066
8;2;81;02:48.7;0;;01:12.7;0;01:05.3;0;30.78;0;99.4;06:43.5;06:44.3;01:12.7;01:05.3;00:30.8;;Matteo QUINTARELLI;;LMP3;;Team Virage;Ligier;GF;72.712;65.253;30.78
8;2;82;01:45.0;0;;30.987;0;42.618;0;31.391;0;159.7;08:28.5;08:29.3;00:31.0;00:42.6;00:31.4;254.7;Matteo QUINTARELLI;;LMP3;;Team Virage;Ligier;GF;30.987;42.618;31.391
8;2;83;01:43.9;0;;31.204;0;41.308;0;31.34;0;161.4;10:12.4;10:13.2;00:31.2;00:41.3;00:31.3;256.5;Matteo QUINTARELLI;;LMP3;;Team Virage;Ligier;GF;31.204;41.308;31.34
8;2;84;01:43.5;0;;30.625;0;41.298;0;31.549;0;162;11:55.9;11:56.7;00:30.6;00:41.3;00:31.5;258.4;Matteo QUINTARELLI;;LMP3;;Team Virage;Ligier;GF;30.625;41.298;31.549
8;2;85;01:43.6;0;;30.88;0;41.667;0;31.059;0;161.8;13:39.5;13:40.3;00:30.9;00:41.7;00:31.1;260.9;Matteo QUINTARELLI;;LMP3;;Team Virage;Ligier;GF;30.88;41.667;31.059
8;2;86;01:43.2;0;;30.602;0;41.543;0;31.093;0;162.4;15:22.7;15:23.5;00:30.6;00:41.5;00:31.1;260.2;Matteo QUINTARELLI;;LMP3;;Team Virage;Ligier;GF;30.602;41.543;31.093
8;2;87;01:43.7;0;;30.672;0;42.016;0;30.991;0;161.7;17:06.4;17:07.2;00:30.7;00:42.0;00:31.0;260.2;Matteo QUINTARELLI;;LMP3;;Team Virage;Ligier;GF;30.672;42.016;30.991
8;2;88;01:43.6;0;;30.963;0;41.696;0;30.9;0;161.9;18:49.9;18:50.7;00:31.0;00:41.7;00:30.9;260.2;Matteo QUINTARELLI;;LMP3;;Team Virage;Ligier;GF;30.963;41.696;30.9
8;2;89;01:44.8;0;;30.788;0;41.938;0;32.042;0;160;20:34.7;20:35.5;00:30.8;00:41.9;00:32.0;260.2;Matteo QUINTARELLI;;LMP3;;Team Virage;Ligier;GF;30.788;41.938;32.042
8;2;90;02:40.4;0;;40.054;0;01:19.2;0;41.145;0;104.5;23:15.1;23:15.9;00:40.1;01:19.2;00:41.1;260.2;Matteo QUINTARELLI;;LMP3;;Team Virage;Ligier;GF;40.054;79.163;41.145
8;2;91;01:44.8;0;;31.24;0;42.345;0;31.189;0;160;24:59.8;25:00.6;00:31.2;00:42.3;00:31.2;258.4;Matteo QUINTARELLI;;LMP3;;Team Virage;Ligier;GF;31.24;42.345;31.189
8;2;92;01:44.1;0;;30.759;0;41.943;0;31.364;0;161.1;26:43.9;26:44.7;00:30.8;00:41.9;00:31.4;257.8;Matteo QUINTARELLI;;LMP3;;Team Virage;Ligier;GF;30.759;41.943;31.364
8;2;93;01:45.0;0;;30.962;0;42.586;0;31.501;0;159.6;28:29.0;28:29.8;00:31.0;00:42.6;00:31.5;259;Matteo QUINTARELLI;;LMP3;;Team Virage;Ligier;GF;30.962;42.586;31.501
8;2;94;01:43.7;0;;30.749;0;41.218;0;31.693;0;161.7;30:12.6;30:13.4;00:30.7;00:41.2;00:31.7;260.2;Matteo QUINTARELLI;;LMP3;;Team Virage;Ligier;GF;30.749;41.218;31.693
8;2;95;01:43.3;0;;30.748;0;41.247;0;31.27;0;162.4;31:55.9;31:56.7;00:30.7;00:41.2;00:31.3;258.4;Matteo QUINTARELLI;;LMP3;;Team Virage;Ligier;GF;30.748;41.247;31.27
8;2;96;01:43.0;0;;30.71;0;41.336;0;30.982;0;162.7;33:38.9;33:39.7;00:30.7;00:41.3;00:31.0;257.1;Matteo QUINTARELLI;;LMP3;;Team Virage;Ligier;GF;30.71;41.336;30.982
8;2;97;01:42.7;0;;30.334;0;41.233;0;31.087;0;163.3;35:21.6;35:22.4;00:30.3;00:41.2;00:31.1;257.8;Matteo QUINTARELLI;;LMP3;;Team Virage;Ligier;GF;30.334;41.233;31.087
8;2;98;01:43.5;0;;30.621;0;41.296;0;31.559;0;162;37:05.0;37:05.8;00:30.6;00:41.3;00:31.6;260.9;Matteo QUINTARELLI;;LMP3;;Team Virage;Ligier;GF;30.621;41.296;31.559
8;2;99;01:48.8;0;B;30.713;0;41.842;0;36.275;0;154;38:53.9;38:54.7;00:30.7;00:41.8;00:36.3;260.2;Matteo QUINTARELLI;;LMP3;;Team Virage;Ligier;GF;30.713;41.842;36.275
8;3;100;03:34.6;0;;02:18.2;0;44.414;0;31.968;0;78.1;42:28.4;42:29.2;02:18.2;00:44.4;00:32.0;179.1;Daniel NOGALES;01:47.7;LMP3;;Team Virage;Ligier;GF;138.186;44.414;31.968
8;3;101;01:45.2;0;;31.704;0;42.551;0;30.974;0;159.3;44:13.7;44:14.5;00:31.7;00:42.6;00:31.0;257.8;Daniel NOGALES;;LMP3;;Team Virage;Ligier;GF;31.704;42.551;30.974
8;3;102;01:42.0;0;;30.442;0;41.191;0;30.352;0;164.4;45:55.7;45:56.5;00:30.4;00:41.2;00:30.4;257.8;Daniel NOGALES;;LMP3;;Team Virage;Ligier;GF;30.442;41.191;30.352
8;3;103;01:41.7;0;;30.314;0;41;0;30.382;0;164.9;47:37.4;47:38.1;00:30.3;00:41.0;00:30.4;260.9;Daniel NOGALES;;LMP3;;Team Virage;Ligier;GF;30.314;41;30.382
8;3;104;01:41.4;0;;30.306;0;40.974;0;30.131;0;165.3;49:18.8;49:19.6;00:30.3;00:41.0;00:30.1;262.1;Daniel NOGALES;;LMP3;;Team Virage;Ligier;GF;30.306;40.974;30.131
8;3;105;01:40.9;0;;29.992;2;40.773;0;30.182;0;166.1;50:59.7;51:00.5;00:30.0;00:40.8;00:30.2;260.2;Daniel NOGALES;;LMP3;;Team Virage;Ligier;GF;29.992;40.773;30.182
8;3;106;01:41.8;0;;30.24;0;41.066;0;30.498;0;164.7;52:41.5;52:42.3;00:30.2;00:41.1;00:30.5;262.8;Daniel NOGALES;;LMP3;;Team Virage;Ligier;GF;30.24;41.066;30.498
8;3;107;01:42.4;0;;30.533;0;41.407;0;30.447;0;163.7;54:23.9;54:24.7;00:30.5;00:41.4;00:30.4;260.2;Daniel NOGALES;;LMP3;;Team Virage;Ligier;GF;30.533;41.407;30.447
8;3;108;01:40.9;2;;30.179;0;40.617;2;30.117;2;166.1;56:04.8;56:05.6;00:30.2;00:40.6;00:30.1;258.4;Daniel NOGALES;;LMP3;;Team Virage;Ligier;GF;30.179;40.617;30.117
8;3;109;01:41.0;0;;30.015;0;40.696;0;30.249;0;166.1;57:45.8;57:46.6;00:30.0;00:40.7;00:30.2;262.1;Daniel NOGALES;;LMP3;;Team Virage;Ligier;GF;30.015;40.696;30.249
8;3;110;01:42.9;0;;30.019;0;41.639;0;31.274;0;162.9;59:28.7;59:29.5;00:30.0;00:41.6;00:31.3;259.6;Daniel NOGALES;;LMP3;;Team Virage;Ligier;GF;30.019;41.639;31.274
8;3;111;01:42.5;0;;30.349;0;41.073;0;31.068;0;163.6;01:11.2;01:12.0;00:30.3;00:41.1;00:31.1;260.2;Daniel NOGALES;;LMP3;;Team Virage;Ligier;GF;30.349;41.073;31.068
8;3;112;01:43.4;0;;30.514;0;41.837;0;31.049;0;162.1;02:54.6;02:55.4;00:30.5;00:41.8;00:31.0;260.2;Daniel NOGALES;;LMP3;;Team Virage;Ligier;GF;30.514;41.837;31.049
8;3;113;01:42.3;0;;30.52;0;41.174;0;30.625;0;163.9;04:36.9;04:37.7;00:30.5;00:41.2;00:30.6;261.5;Daniel NOGALES;;LMP3;;Team Virage;Ligier;GF;30.52;41.174;30.625
8;3;114;01:41.7;0;;30.194;0;40.77;0;30.766;0;164.8;06:18.6;06:19.4;00:30.2;00:40.8;00:30.8;259.6;Daniel NOGALES;;LMP3;;Team Virage;Ligier;GF;30.194;40.77;30.766
8;3;115;01:42.3;0;;30.386;0;41.001;0;30.908;0;163.9;08:00.9;08:01.7;00:30.4;00:41.0;00:30.9;258.4;Daniel NOGALES;;LMP3;;Team Virage;Ligier;GF;30.386;41.001;30.908
8;3;116;01:44.2;0;;30.474;0;42.163;0;31.533;0;160.9;09:45.1;09:45.9;00:30.5;00:42.2;00:31.5;260.2;Daniel NOGALES;;LMP3;;Team Virage;Ligier;GF;30.474;42.163;31.533
8;3;117;01:43.4;0;;30.95;0;41.573;0;30.841;0;162.2;11:28.5;11:29.3;00:30.9;00:41.6;00:30.8;261.5;Daniel NOGALES;;LMP3;;Team Virage;Ligier;GF;30.95;41.573;30.841
8;3;118;01:42.4;0;;30.472;0;41.097;0;30.784;0;163.8;13:10.8;13:11.6;00:30.5;00:41.1;00:30.8;259;Daniel NOGALES;;LMP3;;Team Virage;Ligier;GF;30.472;41.097;30.784
8;3;119;01:42.1;0;;30.364;0;41.124;0;30.625;0;164.2;14:52.9;14:53.7;00:30.4;00:41.1;00:30.6;258.4;Daniel NOGALES;;LMP3;;Team Virage;Ligier;GF;30.364;41.124;30.625
8;3;120;01:42.2;0;;30.516;0;41.058;0;30.612;0;164.1;16:35.1;16:35.9;00:30.5;00:41.1;00:30.6;262.1;Daniel NOGALES;;LMP3;;Team Virage;Ligier;GF;30.516;41.058;30.612
8;3;121;01:41.6;0;;30.125;0;40.972;0;30.523;0;165;18:16.7;18:17.5;00:30.1;00:41.0;00:30.5;257.8;Daniel NOGALES;;LMP3;;Team Virage;Ligier;GF;30.125;40.972;30.523
8;3;122;01:41.4;0;;30.23;0;40.776;0;30.379;0;165.4;19:58.1;19:58.9;00:30.2;00:40.8;00:30.4;260.2;Daniel NOGALES;;LMP3;;Team Virage;Ligier;GF;30.23;40.776;30.379
8;3;123;01:41.9;0;;30.106;0;41.003;0;30.795;0;164.5;21:40.0;21:40.8;00:30.1;00:41.0;00:30.8;259;Daniel NOGALES;;LMP3;;Team Virage;Ligier;GF;30.106;41.003;30.795
8;3;124;01:41.5;0;;30.264;0;40.8;0;30.42;0;165.2;23:21.5;23:22.3;00:30.3;00:40.8;00:30.4;259.6;Daniel NOGALES;;LMP3;;Team Virage;Ligier;GF;30.264;40.8;30.42
8;3;125;01:41.4;0;;30.123;0;40.78;0;30.46;0;165.4;25:02.9;25:03.7;00:30.1;00:40.8;00:30.5;259.6;Daniel NOGALES;;LMP3;;Team Virage;Ligier;GF;30.123;40.78;30.46
8;3;126;01:42.2;0;;30.392;0;41.129;0;30.702;0;164;26:45.1;26:45.9;00:30.4;00:41.1;00:30.7;259;Daniel NOGALES;;LMP3;;Team Virage;Ligier;GF;30.392;41.129;30.702
8;3;127;01:42.9;0;;30.44;0;41.62;0;30.838;0;162.9;28:28.0;28:28.8;00:30.4;00:41.6;00:30.8;259;Daniel NOGALES;;LMP3;;Team Virage;Ligier;FF;30.44;41.62;30.838
83;1;1;02:21.4;0;;44.649;0;56.711;0;40.006;0;115.1;02:21.4;02:22.2;00:44.6;00:56.7;00:40.0;;François PERRODO;;LMP2 Pro/Am;;AF Corse;Oreca;SF;44.649;56.711;40.006
83;1;2;28:14.0;0;;01:19.3;0;01:23.2;0;25:31.5;0;9.9;30:35.3;30:36.1;01:19.3;01:23.2;25:31.5;;François PERRODO;;LMP2 Pro/Am;;AF Corse;Oreca;SF;79.289;83.16;1531.504
83;1;3;02:49.1;0;;57.878;0;01:05.7;0;45.591;0;99.1;33:24.5;33:25.2;00:57.9;01:05.7;00:45.6;168.2;François PERRODO;;LMP2 Pro/Am;;AF Corse;Oreca;SF;57.878;65.663;45.591
83;1;4;02:17.2;0;;47.267;0;49.546;0;40.365;0;122.2;35:41.6;35:42.4;00:47.3;00:49.5;00:40.4;;François PERRODO;;LMP2 Pro/Am;;AF Corse;Oreca;GF;47.267;49.546;40.365
83;1;5;01:38.6;0;;30.15;0;39.643;0;28.82;0;170;37:20.2;37:21.0;00:30.1;00:39.6;00:28.8;281.2;François PERRODO;;LMP2 Pro/Am;;AF Corse;Oreca;GF;30.15;39.643;28.82
83;1;6;01:35.2;0;;28.159;0;38.653;0;28.429;0;176;38:55.5;38:56.3;00:28.2;00:38.7;00:28.4;286.5;François PERRODO;;LMP2 Pro/Am;;AF Corse;Oreca;GF;28.159;38.653;28.429
83;1;7;01:34.0;0;;27.712;1;38.118;1;28.19;1;178.3;40:29.5;40:30.3;00:27.7;00:38.1;00:28.2;288;François PERRODO;;LMP2 Pro/Am;;AF Corse;Oreca;GF;27.712;38.118;28.19
83;1;8;01:41.2;0;B;27.792;0;38.525;0;34.858;0;165.7;42:10.7;42:11.5;00:27.8;00:38.5;00:34.9;289.5;François PERRODO;;LMP2 Pro/Am;;AF Corse;Oreca;GF;27.792;38.525;34.858
83;1;9;02:35.0;0;;01:26.7;0;39.538;0;28.772;0;108.2;44:45.6;44:46.4;01:26.7;00:39.5;00:28.8;209.3;François PERRODO;01:01.2;LMP2 Pro/Am;;AF Corse;Oreca;GF;86.657;39.538;28.772
83;1;10;01:37.2;0;;28.487;0;39.736;0;28.943;0;172.5;46:22.8;46:23.6;00:28.5;00:39.7;00:28.9;287.2;François PERRODO;;LMP2 Pro/Am;;AF Corse;Oreca;GF;28.487;39.736;28.943
83;1;11;01:41.5;0;;29.564;0;41.455;0;30.488;0;165.2;48:04.3;48:05.1;00:29.6;00:41.5;00:30.5;276.9;François PERRODO;;LMP2 Pro/Am;;AF Corse;Oreca;GF;29.564;41.455;30.488
83;1;12;01:39.8;0;;29.509;0;39.771;0;30.566;0;167.9;49:44.2;49:45.0;00:29.5;00:39.8;00:30.6;282.7;François PERRODO;;LMP2 Pro/Am;;AF Corse;Oreca;GF;29.509;39.771;30.566
83;1;13;01:37.3;0;;28.347;0;40.055;0;28.902;0;172.3;51:21.5;51:22.3;00:28.3;00:40.1;00:28.9;286.5;François PERRODO;;LMP2 Pro/Am;;AF Corse;Oreca;GF;28.347;40.055;28.902
83;1;14;01:36.3;0;;28.193;0;38.995;0;29.12;0;174.1;52:57.8;52:58.6;00:28.2;00:39.0;00:29.1;285.7;François PERRODO;;LMP2 Pro/Am;;AF Corse;Oreca;GF;28.193;38.995;29.12
83;1;15;01:39.6;0;;29.661;0;40.454;0;29.471;0;168.3;54:37.4;54:38.2;00:29.7;00:40.5;00:29.5;285.7;François PERRODO;;LMP2 Pro/Am;;AF Corse;Oreca;GF;29.661;40.454;29.471
83;1;16;01:36.1;0;;28.111;0;38.962;0;28.992;0;174.5;56:13.4;56:14.2;00:28.1;00:39.0;00:29.0;285.7;François PERRODO;;LMP2 Pro/Am;;AF Corse;Oreca;GF;28.111;38.962;28.992
83;1;17;01:37.7;0;;28.997;0;39.449;0;29.214;0;171.7;57:51.1;57:51.9;00:29.0;00:39.4;00:29.2;287.2;François PERRODO;;LMP2 Pro/Am;;AF Corse;Oreca;GF;28.997;39.449;29.214
83;1;18;01:37.3;0;;29.341;0;38.857;0;29.053;0;172.4;59:28.3;59:29.1;00:29.3;00:38.9;00:29.1;288;François PERRODO;;LMP2 Pro/Am;;AF Corse;Oreca;GF;29.341;38.857;29.053
83;1;19;01:40.2;0;;28.48;0;41.54;0;30.193;0;167.3;01:08.6;01:09.3;00:28.5;00:41.5;00:30.2;289.5;François PERRODO;;LMP2 Pro/Am;;AF Corse;Oreca;GF;28.48;41.54;30.193
83;1;20;01:36.7;0;;28.18;0;39.057;0;29.49;0;173.3;02:45.3;02:46.1;00:28.2;00:39.1;00:29.5;288.8;François PERRODO;;LMP2 Pro/Am;;AF Corse;Oreca;GF;28.18;39.057;29.49
83;1;21;01:38.4;0;;28.753;0;40.435;0;29.23;0;170.3;04:23.7;04:24.5;00:28.8;00:40.4;00:29.2;289.5;François PERRODO;;LMP2 Pro/Am;;AF Corse;Oreca;GF;28.753;40.435;29.23
83;1;22;01:38.1;0;;28.33;0;40.611;0;29.136;0;170.9;06:01.8;06:02.6;00:28.3;00:40.6;00:29.1;289.5;François PERRODO;;LMP2 Pro/Am;;AF Corse;Oreca;GF;28.33;40.611;29.136
83;1;23;01:36.8;0;;28.026;0;39.188;0;29.549;0;173.3;07:38.5;07:39.3;00:28.0;00:39.2;00:29.5;289.5;François PERRODO;;LMP2 Pro/Am;;AF Corse;Oreca;GF;28.026;39.188;29.549
83;1;24;01:36.4;0;;28.152;0;38.876;0;29.413;0;173.8;09:15.0;09:15.8;00:28.2;00:38.9;00:29.4;288;François PERRODO;;LMP2 Pro/Am;;AF Corse;Oreca;GF;28.152;38.876;29.413
83;1;25;01:37.7;0;;29.007;0;39.672;0;28.985;0;171.7;10:52.6;10:53.4;00:29.0;00:39.7;00:29.0;289.5;François PERRODO;;LMP2 Pro/Am;;AF Corse;Oreca;GF;29.007;39.672;28.985
83;1;26;01:36.6;0;;28.018;0;38.701;0;29.904;0;173.5;12:29.3;12:30.1;00:28.0;00:38.7;00:29.9;288;François PERRODO;;LMP2 Pro/Am;;AF Corse;Oreca;GF;28.018;38.701;29.904
83;1;27;01:35.6;0;;28.002;0;38.549;0;29.036;0;175.4;14:04.9;14:05.6;00:28.0;00:38.5;00:29.0;285.7;François PERRODO;;LMP2 Pro/Am;;AF Corse;Oreca;GF;28.002;38.549;29.036
83;1;28;01:38.0;0;;27.851;0;39.014;0;31.168;0;171;15:42.9;15:43.7;00:27.9;00:39.0;00:31.2;289.5;François PERRODO;;LMP2 Pro/Am;;AF Corse;Oreca;GF;27.851;39.014;31.168
83;1;29;01:35.4;0;;28.194;0;38.511;0;28.687;0;175.8;17:18.3;17:19.1;00:28.2;00:38.5;00:28.7;285;François PERRODO;;LMP2 Pro/Am;;AF Corse;Oreca;GF;28.194;38.511;28.687
83;1;30;01:36.5;0;;27.914;0;39.208;0;29.344;0;173.8;18:54.7;18:55.5;00:27.9;00:39.2;00:29.3;287.2;François PERRODO;;LMP2 Pro/Am;;AF Corse;Oreca;GF;27.914;39.208;29.344
83;1;31;01:37.4;0;;28.756;0;39.659;0;28.955;0;172.2;20:32.1;20:32.9;00:28.8;00:39.7;00:29.0;283.5;François PERRODO;;LMP2 Pro/Am;;AF Corse;Oreca;GF;28.756;39.659;28.955
83;1;32;01:35.7;0;;28.255;0;38.567;0;28.867;0;175.2;22:07.8;22:08.6;00:28.3;00:38.6;00:28.9;285.7;François PERRODO;;LMP2 Pro/Am;;AF Corse;Oreca;GF;28.255;38.567;28.867
83;1;33;01:39.9;0;;28.221;0;40.927;0;30.748;0;167.8;23:47.7;23:48.5;00:28.2;00:40.9;00:30.7;289.5;François PERRODO;;LMP2 Pro/Am;;AF Corse;Oreca;GF;28.221;40.927;30.748
83;1;34;01:36.8;0;;28.416;0;38.99;0;29.354;0;173.3;25:24.5;25:25.3;00:28.4;00:39.0;00:29.4;286.5;François PERRODO;;LMP2 Pro/Am;;AF Corse;Oreca;GF;28.416;38.99;29.354
83;1;35;01:38.3;0;;28.515;0;39.149;0;30.643;0;170.5;27:02.8;27:03.6;00:28.5;00:39.1;00:30.6;290.3;François PERRODO;;LMP2 Pro/Am;;AF Corse;Oreca;GF;28.515;39.149;30.643
83;1;36;01:43.6;0;B;28.511;0;39.047;0;36.049;0;161.8;28:46.4;28:47.2;00:28.5;00:39.0;00:36.0;287.2;François PERRODO;;LMP2 Pro/Am;;AF Corse;Oreca;GF;28.511;39.047;36.049
83;2;37;03:02.0;0;;01:51.0;0;41.821;0;29.176;0;92.1;31:48.3;31:49.1;01:51.0;00:41.8;00:29.2;202.2;Matthieu VAXIVIERE;01:22.7;LMP2 Pro/Am;;AF Corse;Oreca;GF;110.976;41.821;29.176
83;2;38;01:36.5;0;;28.511;0;39.506;0;28.454;0;173.8;33:24.8;33:25.6;00:28.5;00:39.5;00:28.5;287.2;Matthieu VAXIVIERE;;LMP2 Pro/Am;;AF Corse;Oreca;GF;28.511;39.506;28.454
83;2;39;02:39.0;0;;27.777;0;01:14.2;0;57.003;0;105.5;36:03.8;36:04.6;00:27.8;01:14.2;00:57.0;288;Matthieu VAXIVIERE;;LMP2 Pro/Am;;AF Corse;Oreca;GF;27.777;74.179;57.003
83;2;40;03:30.7;0;B;01:13.1;0;01:19.6;0;58.004;0;79.6;39:34.5;39:35.3;01:13.1;01:19.6;00:58.0;;Matthieu VAXIVIERE;;LMP2 Pro/Am;;AF Corse;Oreca;GF;73.115;79.596;58.004
83;2;41;03:21.1;0;;01:58.5;0;46.852;0;35.759;0;83.4;42:55.6;42:56.4;01:58.5;00:46.9;00:35.8;;Matthieu VAXIVIERE;01:05.5;LMP2 Pro/Am;;AF Corse;Oreca;SF;118.454;46.852;35.759
83;2;42;03:01.9;0;;01:07.4;0;01:18.6;0;35.944;0;92.2;45:57.4;45:58.2;01:07.4;01:18.6;00:35.9;;Matthieu VAXIVIERE;;LMP2 Pro/Am;;AF Corse;Oreca;SF;67.367;78.573;35.944
83;2;43;01:50.5;0;;33.899;0;44.357;0;32.261;0;151.7;47:48.0;47:48.8;00:33.9;00:44.4;00:32.3;223.6;Matthieu VAXIVIERE;;LMP2 Pro/Am;;AF Corse;Oreca;SF;33.899;44.357;32.261
83;2;44;02:12.1;0;;30.809;0;01:01.6;0;39.733;0;126.9;50:00.1;50:00.8;00:30.8;01:01.6;00:39.7;251.7;Matthieu VAXIVIERE;;LMP2 Pro/Am;;AF Corse;Oreca;SF;30.809;61.555;39.733
83;2;45;02:05.4;0;;41.52;0;47.094;0;36.787;0;133.7;52:05.5;52:06.2;00:41.5;00:47.1;00:36.8;122.7;Matthieu VAXIVIERE;;LMP2 Pro/Am;;AF Corse;Oreca;GF;41.52;47.094;36.787
83;2;46;01:39.1;0;;29.84;0;40.038;0;29.176;0;169.3;53:44.5;53:45.3;00:29.8;00:40.0;00:29.2;282;Matthieu VAXIVIERE;;LMP2 Pro/Am;;AF Corse;Oreca;GF;29.84;40.038;29.176
83;2;47;01:37.5;0;;29.626;0;38.871;0;28.976;0;172;55:22.0;55:22.8;00:29.6;00:38.9;00:29.0;286.5;Matthieu VAXIVIERE;;LMP2 Pro/Am;;AF Corse;Oreca;GF;29.626;38.871;28.976
83;2;48;01:34.6;0;;27.842;0;38.742;0;28.029;0;177.2;56:56.6;56:57.4;00:27.8;00:38.7;00:28.0;287.2;Matthieu VAXIVIERE;;LMP2 Pro/Am;;AF Corse;Oreca;GF;27.842;38.742;28.029
83;2;49;01:32.6;0;;27.198;0;37.743;0;27.669;0;181;58:29.2;58:30.0;00:27.2;00:37.7;00:27.7;287.2;Matthieu VAXIVIERE;;LMP2 Pro/Am;;AF Corse;Oreca;GF;27.198;37.743;27.669
83;2;50;01:31.6;0;;26.917;0;37.299;1;27.344;0;183.1;00:00.8;00:01.6;00:26.9;00:37.3;00:27.3;287.2;Matthieu VAXIVIERE;;LMP2 Pro/Am;;AF Corse;Oreca;GF;26.917;37.299;27.344
83;2;51;01:31.7;0;;27.019;0;37.322;0;27.326;2;182.9;01:32.4;01:33.2;00:27.0;00:37.3;00:27.3;288.8;Matthieu VAXIVIERE;;LMP2 Pro/Am;;AF Corse;Oreca;GF;27.019;37.322;27.326
83;2;52;01:32.1;0;;26.899;1;37.517;0;27.691;0;182;03:04.5;03:05.3;00:26.9;00:37.5;00:27.7;287.2;Matthieu VAXIVIERE;;LMP2 Pro/Am;;AF Corse;Oreca;GF;26.899;37.517;27.691
83;2;53;02:16.9;0;;27.063;0;53.199;0;56.651;0;122.5;05:21.5;05:22.2;00:27.1;00:53.2;00:56.7;288;Matthieu VAXIVIERE;;LMP2 Pro/Am;;AF Corse;Oreca;FCY;27.063;53.199;56.651
83;2;54;02:18.0;0;;01:11.6;0;38.673;0;27.805;0;121.5;07:39.5;07:40.3;01:11.6;00:38.7;00:27.8;;Matthieu VAXIVIERE;;LMP2 Pro/Am;;AF Corse;Oreca;GF;71.557;38.673;27.805
83;2;55;01:34.8;0;;27.325;0;38.551;0;28.951;0;176.8;09:14.3;09:15.1;00:27.3;00:38.6;00:29.0;287.2;Matthieu VAXIVIERE;;LMP2 Pro/Am;;AF Corse;Oreca;GF;27.325;38.551;28.951
83;2;56;01:36.0;0;;28.76;0;38.769;0;28.502;0;174.6;10:50.3;10:51.1;00:28.8;00:38.8;00:28.5;289.5;Matthieu VAXIVIERE;;LMP2 Pro/Am;;AF Corse;Oreca;GF;28.76;38.769;28.502
83;2;57;01:33.7;0;;27.679;0;38.094;0;27.933;0;178.9;12:24.0;12:24.8;00:27.7;00:38.1;00:27.9;288.8;Matthieu VAXIVIERE;;LMP2 Pro/Am;;AF Corse;Oreca;GF;27.679;38.094;27.933
83;2;58;01:35.6;0;;27.546;0;38.732;0;29.341;0;175.3;13:59.7;14:00.5;00:27.5;00:38.7;00:29.3;288;Matthieu VAXIVIERE;;LMP2 Pro/Am;;AF Corse;Oreca;GF;27.546;38.732;29.341
83;2;59;01:34.0;0;;27.456;0;38.674;0;27.894;0;178.3;15:33.7;15:34.5;00:27.5;00:38.7;00:27.9;287.2;Matthieu VAXIVIERE;;LMP2 Pro/Am;;AF Corse;Oreca;GF;27.456;38.674;27.894
83;2;60;01:32.9;0;;27.212;0;37.876;0;27.844;0;180.4;17:06.6;17:07.4;00:27.2;00:37.9;00:27.8;288;Matthieu VAXIVIERE;;LMP2 Pro/Am;;AF Corse;Oreca;GF;27.212;37.876;27.844
83;2;61;01:33.6;0;;27.767;0;37.938;0;27.892;0;179.1;18:40.2;18:41.0;00:27.8;00:37.9;00:27.9;288.8;Matthieu VAXIVIERE;;LMP2 Pro/Am;;AF Corse;Oreca;GF;27.767;37.938;27.892
83;2;62;01:34.4;0;;27.619;0;38.869;0;27.921;0;177.6;20:14.6;20:15.4;00:27.6;00:38.9;00:27.9;289.5;Matthieu VAXIVIERE;;LMP2 Pro/Am;;AF Corse;Oreca;GF;27.619;38.869;27.921
83;2;63;01:33.2;0;;27.399;0;37.891;0;27.924;0;179.9;21:47.8;21:48.6;00:27.4;00:37.9;00:27.9;288.8;Matthieu VAXIVIERE;;LMP2 Pro/Am;;AF Corse;Oreca;GF;27.399;37.891;27.924
83;2;64;01:38.9;0;;27.425;0;39.991;0;31.508;0;169.5;23:26.8;23:27.6;00:27.4;00:40.0;00:31.5;290.3;Matthieu VAXIVIERE;;LMP2 Pro/Am;;AF Corse;Oreca;GF;27.425;39.991;31.508
83;2;65;01:35.6;0;;27.97;0;38.27;0;29.391;0;175.3;25:02.4;25:03.2;00:28.0;00:38.3;00:29.4;287.2;Matthieu VAXIVIERE;;LMP2 Pro/Am;;AF Corse;Oreca;GF;27.97;38.27;29.391
83;2;66;01:34.8;0;;27.596;0;38.234;0;29.015;0;176.8;26:37.2;26:38.0;00:27.6;00:38.2;00:29.0;285.7;Matthieu VAXIVIERE;;LMP2 Pro/Am;;AF Corse;Oreca;GF;27.596;38.234;29.015
83;2;67;01:34.4;0;;27.704;0;38.402;0;28.321;0;177.5;28:11.7;28:12.5;00:27.7;00:38.4;00:28.3;285.7;Matthieu VAXIVIERE;;LMP2 Pro/Am;;AF Corse;Oreca;GF;27.704;38.402;28.321
83;2;68;01:33.8;0;;27.375;0;38.086;0;28.29;0;178.8;29:45.4;29:46.2;00:27.4;00:38.1;00:28.3;286.5;Matthieu VAXIVIERE;;LMP2 Pro/Am;;AF Corse;Oreca;GF;27.375;38.086;28.29
83;2;69;01:37.8;0;;27.778;0;38.646;0;31.403;0;171.4;31:23.2;31:24.0;00:27.8;00:38.6;00:31.4;287.2;Matthieu VAXIVIERE;;LMP2 Pro/Am;;AF Corse;Oreca;GF;27.778;38.646;31.403
83;2;70;03:12.8;0;B;56.104;0;01:19.2;0;57.486;0;87;34:36.0;34:36.8;00:56.1;01:19.2;00:57.5;;Matthieu VAXIVIERE;;LMP2 Pro/Am;;AF Corse;Oreca;GF;56.104;79.164;57.486
83;3;71;04:42.4;0;;02:27.0;0;01:20.2;0;55.205;0;59.4;39:18.4;39:19.2;02:27.0;01:20.2;00:55.2;;Antonio FUOCO;01:31.2;LMP2 Pro/Am;;AF Corse;Oreca;SF;147.047;80.188;55.205
83;3;72;02:06.8;0;;38.581;0;46.758;0;41.413;0;132.3;41:25.2;41:26.0;00:38.6;00:46.8;00:41.4;224.1;Antonio FUOCO;;LMP2 Pro/Am;;AF Corse;Oreca;SF;38.581;46.758;41.413
83;3;73;03:13.0;0;;56.03;0;01:15.7;0;01:01.2;0;86.9;44:38.2;44:39.0;00:56.0;01:15.7;01:01.2;;Antonio FUOCO;;LMP2 Pro/Am;;AF Corse;Oreca;SF;56.03;75.718;61.213
83;3;74;02:53.8;0;;01:05.8;0;01:06.5;0;41.509;0;96.5;47:31.9;47:32.7;01:05.8;01:06.5;00:41.5;;Antonio FUOCO;;LMP2 Pro/Am;;AF Corse;Oreca;SF;65.777;66.468;41.509
83;3;75;02:14.6;0;;39.316;0;51.878;0;43.43;0;124.5;49:46.5;49:47.3;00:39.3;00:51.9;00:43.4;186.9;Antonio FUOCO;;LMP2 Pro/Am;;AF Corse;Oreca;GF;39.316;51.878;43.43
83;3;76;01:37.0;0;;28.404;0;40.273;0;28.288;0;172.9;51:23.5;51:24.3;00:28.4;00:40.3;00:28.3;285.7;Antonio FUOCO;;LMP2 Pro/Am;;AF Corse;Oreca;GF;28.404;40.273;28.288
83;3;77;01:34.9;0;;27.902;0;39.081;0;27.946;0;176.6;52:58.4;52:59.2;00:27.9;00:39.1;00:27.9;287.2;Antonio FUOCO;;LMP2 Pro/Am;;AF Corse;Oreca;GF;27.902;39.081;27.946
83;3;78;01:34.7;0;;27.88;0;38.314;0;28.547;0;177;54:33.2;54:34.0;00:27.9;00:38.3;00:28.5;288;Antonio FUOCO;;LMP2 Pro/Am;;AF Corse;Oreca;GF;27.88;38.314;28.547
83;3;79;01:33.6;0;;27.287;0;37.945;0;28.411;0;179;56:06.8;56:07.6;00:27.3;00:37.9;00:28.4;289.5;Antonio FUOCO;;LMP2 Pro/Am;;AF Corse;Oreca;GF;27.287;37.945;28.411
83;3;80;01:32.2;0;;27.132;0;37.686;0;27.414;0;181.8;57:39.0;57:39.8;00:27.1;00:37.7;00:27.4;286.5;Antonio FUOCO;;LMP2 Pro/Am;;AF Corse;Oreca;GF;27.132;37.686;27.414
83;3;81;01:31.5;2;;26.855;2;37.284;2;27.349;1;183.3;59:10.5;59:11.3;00:26.9;00:37.3;00:27.3;286.5;Antonio FUOCO;;LMP2 Pro/Am;;AF Corse;Oreca;GF;26.855;37.284;27.349
83;3;82;01:32.0;0;;26.855;0;37.632;0;27.541;0;182.2;00:42.6;00:43.4;00:26.9;00:37.6;00:27.5;288;Antonio FUOCO;;LMP2 Pro/Am;;AF Corse;Oreca;GF;26.855;37.632;27.541
83;3;83;01:35.3;0;;27.245;0;38.157;0;29.889;0;175.9;02:17.9;02:18.6;00:27.2;00:38.2;00:29.9;291.1;Antonio FUOCO;;LMP2 Pro/Am;;AF Corse;Oreca;GF;27.245;38.157;29.889
83;3;84;02:00.4;0;;27.363;0;38.901;0;54.185;0;139.2;04:18.3;04:19.1;00:27.4;00:38.9;00:54.2;288.8;Antonio FUOCO;;LMP2 Pro/Am;;AF Corse;Oreca;FCY;27.363;38.901;54.185
83;3;85;02:34.2;0;;01:13.2;0;52.111;0;28.908;0;108.7;06:52.5;06:53.3;01:13.2;00:52.1;00:28.9;;Antonio FUOCO;;LMP2 Pro/Am;;AF Corse;Oreca;GF;73.225;52.111;28.908
83;3;86;01:35.4;0;;28.313;0;38.138;0;28.966;0;175.7;08:28.0;08:28.8;00:28.3;00:38.1;00:29.0;289.5;Antonio FUOCO;;LMP2 Pro/Am;;AF Corse;Oreca;GF;28.313;38.138;28.966
83;3;87;01:34.2;0;;27.911;0;38.315;0;27.936;0;178;10:02.1;10:02.9;00:27.9;00:38.3;00:27.9;286.5;Antonio FUOCO;;LMP2 Pro/Am;;AF Corse;Oreca;GF;27.911;38.315;27.936
83;3;88;01:33.3;0;;27.348;0;37.762;0;28.149;0;179.8;11:35.4;11:36.2;00:27.3;00:37.8;00:28.1;288;Antonio FUOCO;;LMP2 Pro/Am;;AF Corse;Oreca;GF;27.348;37.762;28.149
83;3;89;01:33.4;0;;27.699;0;37.922;0;27.766;0;179.5;13:08.8;13:09.6;00:27.7;00:37.9;00:27.8;289.5;Antonio FUOCO;;LMP2 Pro/Am;;AF Corse;Oreca;GF;27.699;37.922;27.766
83;3;90;01:32.9;0;;27.215;0;37.8;0;27.839;0;180.6;14:41.6;14:42.4;00:27.2;00:37.8;00:27.8;288;Antonio FUOCO;;LMP2 Pro/Am;;AF Corse;Oreca;GF;27.215;37.8;27.839
83;3;91;01:34.1;0;;27.512;0;38.775;0;27.779;0;178.2;16:15.7;16:16.5;00:27.5;00:38.8;00:27.8;291.1;Antonio FUOCO;;LMP2 Pro/Am;;AF Corse;Oreca;GF;27.512;38.775;27.779
83;3;92;01:33.4;0;;27.581;0;37.983;0;27.857;0;179.5;17:49.1;17:49.9;00:27.6;00:38.0;00:27.9;291.9;Antonio FUOCO;;LMP2 Pro/Am;;AF Corse;Oreca;GF;27.581;37.983;27.857
83;3;93;01:34.9;0;;28.225;0;38.094;0;28.539;0;176.7;19:24.0;19:24.8;00:28.2;00:38.1;00:28.5;291.1;Antonio FUOCO;;LMP2 Pro/Am;;AF Corse;Oreca;GF;28.225;38.094;28.539
83;3;94;01:33.5;0;;27.442;0;37.608;0;28.466;0;179.3;20:57.5;20:58.3;00:27.4;00:37.6;00:28.5;289.5;Antonio FUOCO;;LMP2 Pro/Am;;AF Corse;Oreca;GF;27.442;37.608;28.466
83;3;95;02:41.4;0;;01:04.4;0;01:07.6;0;29.316;0;103.9;23:38.9;23:39.6;01:04.4;01:07.6;00:29.3;;Antonio FUOCO;;LMP2 Pro/Am;;AF Corse;Oreca;GF;64.416;67.635;29.316
83;3;96;01:34.3;0;;27.667;0;38.409;0;28.228;0;177.8;25:13.2;25:14.0;00:27.7;00:38.4;00:28.2;287.2;Antonio FUOCO;;LMP2 Pro/Am;;AF Corse;Oreca;GF;27.667;38.409;28.228
83;3;97;01:34.9;0;;27.731;0;38.93;0;28.22;0;176.7;26:48.0;26:48.8;00:27.7;00:38.9;00:28.2;290.3;Antonio FUOCO;;LMP2 Pro/Am;;AF Corse;Oreca;GF;27.731;38.93;28.22
83;3;98;01:34.4;0;;27.784;0;38.675;0;27.938;0;177.6;28:22.4;28:23.2;00:27.8;00:38.7;00:27.9;292.7;Antonio FUOCO;;LMP2 Pro/Am;;AF Corse;Oreca;GF;27.784;38.675;27.938
83;3;99;01:34.7;0;;27.566;0;38.179;0;28.943;0;177.1;29:57.1;29:57.9;00:27.6;00:38.2;00:28.9;289.5;Antonio FUOCO;;LMP2 Pro/Am;;AF Corse;Oreca;GF;27.566;38.179;28.943
83;3;100;01:33.7;0;;27.515;0;37.633;0;28.535;0;179;31:30.8;31:31.6;00:27.5;00:37.6;00:28.5;288.8;Antonio FUOCO;;LMP2 Pro/Am;;AF Corse;Oreca;GF;27.515;37.633;28.535
83;3;101;01:38.6;0;B;27.617;0;38.024;0;32.964;0;170;33:09.4;33:10.2;00:27.6;00:38.0;00:33.0;289.5;Antonio FUOCO;;LMP2 Pro/Am;;AF Corse;Oreca;GF;27.617;38.024;32.964
83;3;102;02:54.8;0;;01:46.9;0;39.427;0;28.469;0;95.9;36:04.2;36:05.0;01:46.9;00:39.4;00:28.5;206.5;Antonio FUOCO;01:21.1;LMP2 Pro/Am;;AF Corse;Oreca;GF;106.901;39.427;28.469
83;3;103;01:33.3;0;;27.399;0;38.09;0;27.794;0;179.7;37:37.5;37:38.3;00:27.4;00:38.1;00:27.8;287.2;Antonio FUOCO;;LMP2 Pro/Am;;AF Corse;Oreca;GF;27.399;38.09;27.794
83;3;104;01:32.3;0;;27.07;0;37.436;0;27.828;0;181.6;39:09.8;39:10.6;00:27.1;00:37.4;00:27.8;287.2;Antonio FUOCO;;LMP2 Pro/Am;;AF Corse;Oreca;GF;27.07;37.436;27.828
83;3;105;01:33.3;0;;27.579;0;37.868;0;27.883;0;179.6;40:43.2;40:43.9;00:27.6;00:37.9;00:27.9;287.2;Antonio FUOCO;;LMP2 Pro/Am;;AF Corse;Oreca;GF;27.579;37.868;27.883
83;3;106;01:34.9;0;;27.983;0;38.438;0;28.457;0;176.7;42:18.0;42:18.8;00:28.0;00:38.4;00:28.5;288;Antonio FUOCO;;LMP2 Pro/Am;;AF Corse;Oreca;GF;27.983;38.438;28.457
83;3;107;01:34.7;0;;28.053;0;37.907;0;28.723;0;177.1;43:52.7;43:53.5;00:28.1;00:37.9;00:28.7;287.2;Antonio FUOCO;;LMP2 Pro/Am;;AF Corse;Oreca;GF;28.053;37.907;28.723
83;3;108;01:33.5;0;;27.599;0;37.945;0;27.917;0;179.4;45:26.2;45:27.0;00:27.6;00:37.9;00:27.9;288;Antonio FUOCO;;LMP2 Pro/Am;;AF Corse;Oreca;GF;27.599;37.945;27.917
83;3;109;01:33.4;0;;27.627;0;37.918;0;27.884;0;179.4;46:59.6;47:00.4;00:27.6;00:37.9;00:27.9;290.3;Antonio FUOCO;;LMP2 Pro/Am;;AF Corse;Oreca;GF;27.627;37.918;27.884
83;3;110;01:33.2;0;;27.468;0;37.739;0;27.972;0;179.9;48:32.8;48:33.6;00:27.5;00:37.7;00:28.0;289.5;Antonio FUOCO;;LMP2 Pro/Am;;AF Corse;Oreca;GF;27.468;37.739;27.972
83;3;111;01:33.6;0;;27.207;0;38.388;0;27.958;0;179.2;50:06.3;50:07.1;00:27.2;00:38.4;00:28.0;287.2;Antonio FUOCO;;LMP2 Pro/Am;;AF Corse;Oreca;GF;27.207;38.388;27.958
83;3;112;01:34.4;0;;27.283;0;38.637;0;28.498;0;177.6;51:40.8;51:41.6;00:27.3;00:38.6;00:28.5;289.5;Antonio FUOCO;;LMP2 Pro/Am;;AF Corse;Oreca;GF;27.283;38.637;28.498
83;3;113;01:33.8;0;;27.596;0;37.884;0;28.349;0;178.7;53:14.6;53:15.4;00:27.6;00:37.9;00:28.3;286.5;Antonio FUOCO;;LMP2 Pro/Am;;AF Corse;Oreca;GF;27.596;37.884;28.349
83;3;114;01:34.6;0;;27.895;0;38.312;0;28.425;0;177.2;54:49.2;54:50.0;00:27.9;00:38.3;00:28.4;288.8;Antonio FUOCO;;LMP2 Pro/Am;;AF Corse;Oreca;GF;27.895;38.312;28.425
83;3;115;01:34.1;0;;27.64;0;38.257;0;28.231;0;178.1;56:23.3;56:24.1;00:27.6;00:38.3;00:28.2;288.8;Antonio FUOCO;;LMP2 Pro/Am;;AF Corse;Oreca;GF;27.64;38.257;28.231
83;3;116;01:34.6;0;;27.746;0;38.369;0;28.458;0;177.3;57:57.9;57:58.7;00:27.7;00:38.4;00:28.5;290.3;Antonio FUOCO;;LMP2 Pro/Am;;AF Corse;Oreca;GF;27.746;38.369;28.458
83;3;117;01:35.4;0;;27.924;0;38.957;0;28.554;0;175.7;59:33.4;59:34.1;00:27.9;00:39.0;00:28.6;290.3;Antonio FUOCO;;LMP2 Pro/Am;;AF Corse;Oreca;GF;27.924;38.957;28.554
83;3;118;01:35.2;0;;27.823;0;38.757;0;28.658;0;176;01:08.6;01:09.4;00:27.8;00:38.8;00:28.7;291.1;Antonio FUOCO;;LMP2 Pro/Am;;AF Corse;Oreca;GF;27.823;38.757;28.658
83;3;119;01:34.8;0;;27.377;0;38.244;0;29.138;0;176.9;02:43.3;02:44.1;00:27.4;00:38.2;00:29.1;285;Antonio FUOCO;;LMP2 Pro/Am;;AF Corse;Oreca;GF;27.377;38.244;29.138
83;3;120;01:34.1;0;;27.669;0;38.005;0;28.409;0;178.2;04:17.4;04:18.2;00:27.7;00:38.0;00:28.4;288.8;Antonio FUOCO;;LMP2 Pro/Am;;AF Corse;Oreca;GF;27.669;38.005;28.409
83;3;121;01:33.1;0;;27.216;0;37.85;0;28.064;0;180;05:50.6;05:51.4;00:27.2;00:37.9;00:28.1;287.2;Antonio FUOCO;;LMP2 Pro/Am;;AF Corse;Oreca;GF;27.216;37.85;28.064
83;3;122;01:33.6;0;;27.314;0;38.087;0;28.182;0;179.1;07:24.1;07:24.9;00:27.3;00:38.1;00:28.2;288;Antonio FUOCO;;LMP2 Pro/Am;;AF Corse;Oreca;GF;27.314;38.087;28.182
83;3;123;01:33.7;0;;27.244;0;38.087;0;28.41;0;178.8;08:57.9;08:58.7;00:27.2;00:38.1;00:28.4;288;Antonio FUOCO;;LMP2 Pro/Am;;AF Corse;Oreca;GF;27.244;38.087;28.41
83;3;124;01:32.9;0;;27.216;0;37.72;0;27.973;0;180.4;10:30.8;10:31.6;00:27.2;00:37.7;00:28.0;287.2;Antonio FUOCO;;LMP2 Pro/Am;;AF Corse;Oreca;GF;27.216;37.72;27.973
83;3;125;01:33.6;0;;27.293;0;38.267;0;28.054;0;179.1;12:04.4;12:05.2;00:27.3;00:38.3;00:28.1;288;Antonio FUOCO;;LMP2 Pro/Am;;AF Corse;Oreca;GF;27.293;38.267;28.054
83;3;126;01:34.2;0;;27.542;0;37.886;0;28.791;0;177.9;13:38.6;13:39.4;00:27.5;00:37.9;00:28.8;288.8;Antonio FUOCO;;LMP2 Pro/Am;;AF Corse;Oreca;GF;27.542;37.886;28.791
83;3;127;01:36.2;0;;28.129;0;39.011;0;29.072;0;174.3;15:14.8;15:15.6;00:28.1;00:39.0;00:29.1;288.8;Antonio FUOCO;;LMP2 Pro/Am;;AF Corse;Oreca;GF;28.129;39.011;29.072
83;3;128;01:40.7;0;B;27.66;0;38.567;0;34.445;0;166.5;16:55.5;16:56.3;00:27.7;00:38.6;00:34.4;288.8;Antonio FUOCO;;LMP2 Pro/Am;;AF Corse;Oreca;GF;27.66;38.567;34.445
83;3;129;02:09.8;0;;01:02.8;0;38.625;0;28.414;0;129.1;19:05.3;19:06.1;01:02.8;00:38.6;00:28.4;211.4;Antonio FUOCO;00:39.2;LMP2 Pro/Am;;AF Corse;Oreca;GF;62.78;38.625;28.414
83;3;130;01:33.7;0;;27.322;0;37.97;0;28.423;0;178.9;20:39.0;20:39.8;00:27.3;00:38.0;00:28.4;288;Antonio FUOCO;;LMP2 Pro/Am;;AF Corse;Oreca;GF;27.322;37.97;28.423
83;3;131;01:34.9;0;;27.751;0;38.354;0;28.837;0;176.6;22:14.0;22:14.8;00:27.8;00:38.4;00:28.8;289.5;Antonio FUOCO;;LMP2 Pro/Am;;AF Corse;Oreca;GF;27.751;38.354;28.837
83;3;132;01:35.1;0;;27.736;0;38.433;0;28.935;0;176.3;23:49.1;23:49.9;00:27.7;00:38.4;00:28.9;290.3;Antonio FUOCO;;LMP2 Pro/Am;;AF Corse;Oreca;GF;27.736;38.433;28.935
83;3;133;01:34.7;0;;27.903;0;38.081;0;28.746;0;177;25:23.8;25:24.6;00:27.9;00:38.1;00:28.7;288;Antonio FUOCO;;LMP2 Pro/Am;;AF Corse;Oreca;GF;27.903;38.081;28.746
83;3;134;01:34.5;0;;27.648;0;38.284;0;28.553;0;177.4;26:58.3;26:59.1;00:27.6;00:38.3;00:28.6;287.2;Antonio FUOCO;;LMP2 Pro/Am;;AF Corse;Oreca;GF;27.648;38.284;28.553
83;3;135;01:34.2;0;;27.487;0;38.253;0;28.454;0;178;28:32.5;28:33.3;00:27.5;00:38.3;00:28.5;287.2;Antonio FUOCO;;LMP2 Pro/Am;;AF Corse;Oreca;FF;27.487;38.253;28.454
85;1;1;02:17.0;0;;42.025;0;55.636;0;39.384;0;118.7;02:17.0;02:17.8;00:42.0;00:55.6;00:39.4;;Fabien MICHAL;;LMP3;;R-ace GP;Duqueine;SF;42.025;55.636;39.384
85;1;2;04:07.1;0;;01:14.6;0;01:25.0;0;01:27.5;0;67.9;06:24.1;06:24.9;01:14.6;01:25.0;01:27.5;149.6;Fabien MICHAL;;LMP3;;R-ace GP;Duqueine;RF;74.559;84.964;87.531
85;1;3;26:56.6;0;;25:04.5;0;01:04.5;0;47.653;0;10.4;33:20.7;33:21.5;25:04.5;01:04.5;00:47.7;174.2;Fabien MICHAL;;LMP3;;R-ace GP;Duqueine;SF;1504.481;64.504;47.653
85;1;4;02:18.8;0;;46.767;0;51.095;0;40.971;0;120.8;35:39.6;35:40.4;00:46.8;00:51.1;00:41.0;;Fabien MICHAL;;LMP3;;R-ace GP;Duqueine;GF;46.767;51.095;40.971
85;1;5;01:42.4;0;;30.716;0;41.452;0;30.275;0;163.7;37:22.0;37:22.8;00:30.7;00:41.5;00:30.3;259;Fabien MICHAL;;LMP3;;R-ace GP;Duqueine;GF;30.716;41.452;30.275
85;1;6;01:40.8;0;;30.063;0;40.702;0;30.079;0;166.2;39:02.9;39:03.7;00:30.1;00:40.7;00:30.1;260.2;Fabien MICHAL;;LMP3;;R-ace GP;Duqueine;GF;30.063;40.702;30.079
85;1;7;01:40.3;0;;29.93;0;40.559;0;29.837;0;167.1;40:43.2;40:44.0;00:29.9;00:40.6;00:29.8;260.9;Fabien MICHAL;;LMP3;;R-ace GP;Duqueine;GF;29.93;40.559;29.837
85;1;8;01:40.2;0;;29.951;0;40.538;0;29.705;0;167.3;42:23.4;42:24.2;00:30.0;00:40.5;00:29.7;258.4;Fabien MICHAL;;LMP3;;R-ace GP;Duqueine;GF;29.951;40.538;29.705
85;1;9;01:40.5;0;;29.994;0;40.661;0;29.877;0;166.8;44:03.9;44:04.7;00:30.0;00:40.7;00:29.9;259;Fabien MICHAL;;LMP3;;R-ace GP;Duqueine;GF;29.994;40.661;29.877
85;1;10;01:40.3;0;;30.012;0;40.52;0;29.742;0;167.2;45:44.2;45:45.0;00:30.0;00:40.5;00:29.7;258.4;Fabien MICHAL;;LMP3;;R-ace GP;Duqueine;GF;30.012;40.52;29.742
85;1;11;01:40.1;0;;29.95;0;40.373;2;29.781;0;167.5;47:24.3;47:25.1;00:30.0;00:40.4;00:29.8;258.4;Fabien MICHAL;;LMP3;;R-ace GP;Duqueine;GF;29.95;40.373;29.781
85;1;12;01:40.1;0;;29.867;0;40.532;0;29.678;1;167.5;49:04.4;49:05.2;00:29.9;00:40.5;00:29.7;259.6;Fabien MICHAL;;LMP3;;R-ace GP;Duqueine;GF;29.867;40.532;29.678
85;1;13;01:40.3;0;;29.976;0;40.484;0;29.817;0;167.2;50:44.6;50:45.4;00:30.0;00:40.5;00:29.8;260.2;Fabien MICHAL;;LMP3;;R-ace GP;Duqueine;GF;29.976;40.484;29.817
85;1;14;01:40.3;0;;29.914;0;40.62;0;29.75;0;167.2;52:24.9;52:25.7;00:29.9;00:40.6;00:29.7;260.9;Fabien MICHAL;;LMP3;;R-ace GP;Duqueine;GF;29.914;40.62;29.75
85;1;15;01:41.9;0;;30.334;0;41.394;0;30.125;0;164.6;54:06.8;54:07.6;00:30.3;00:41.4;00:30.1;257.8;Fabien MICHAL;;LMP3;;R-ace GP;Duqueine;GF;30.334;41.394;30.125
85;1;16;01:41.3;0;;30.409;0;40.775;0;30.082;0;165.6;55:48.0;55:48.8;00:30.4;00:40.8;00:30.1;259.6;Fabien MICHAL;;LMP3;;R-ace GP;Duqueine;GF;30.409;40.775;30.082
85;1;17;01:46.6;0;;30.381;0;42.935;0;33.306;0;157.2;57:34.7;57:35.5;00:30.4;00:42.9;00:33.3;262.8;Fabien MICHAL;;LMP3;;R-ace GP;Duqueine;GF;30.381;42.935;33.306
85;1;18;01:42.8;0;;31.18;0;41.474;0;30.132;0;163.1;59:17.5;59:18.2;00:31.2;00:41.5;00:30.1;258.4;Fabien MICHAL;;LMP3;;R-ace GP;Duqueine;GF;31.18;41.474;30.132
85;1;19;01:41.8;0;;30.07;0;41.075;0;30.695;0;164.6;00:59.3;01:00.1;00:30.1;00:41.1;00:30.7;260.2;Fabien MICHAL;;LMP3;;R-ace GP;Duqueine;GF;30.07;41.075;30.695
85;1;20;01:43.1;0;;30.527;0;42.08;0;30.492;0;162.6;02:42.4;02:43.2;00:30.5;00:42.1;00:30.5;262.8;Fabien MICHAL;;LMP3;;R-ace GP;Duqueine;GF;30.527;42.08;30.492
85;1;21;01:43.0;0;;30.541;0;41.817;0;30.614;0;162.8;04:25.4;04:26.2;00:30.5;00:41.8;00:30.6;259.6;Fabien MICHAL;;LMP3;;R-ace GP;Duqueine;GF;30.541;41.817;30.614
85;1;22;01:41.9;0;;30.293;0;41.062;0;30.552;0;164.5;06:07.3;06:08.1;00:30.3;00:41.1;00:30.6;262.8;Fabien MICHAL;;LMP3;;R-ace GP;Duqueine;GF;30.293;41.062;30.552
85;1;23;01:41.8;0;;30.332;0;40.988;0;30.474;0;164.7;07:49.1;07:49.9;00:30.3;00:41.0;00:30.5;262.1;Fabien MICHAL;;LMP3;;R-ace GP;Duqueine;GF;30.332;40.988;30.474
85;1;24;01:42.0;0;;30.199;0;41.256;0;30.571;0;164.3;09:31.1;09:31.9;00:30.2;00:41.3;00:30.6;261.5;Fabien MICHAL;;LMP3;;R-ace GP;Duqueine;GF;30.199;41.256;30.571
85;1;25;01:44.4;0;;30.181;0;42.75;0;31.433;0;160.6;11:15.5;11:16.3;00:30.2;00:42.8;00:31.4;262.1;Fabien MICHAL;;LMP3;;R-ace GP;Duqueine;GF;30.181;42.75;31.433
85;1;26;01:41.5;0;;30.23;0;41.056;0;30.245;0;165.1;12:57.0;12:57.8;00:30.2;00:41.1;00:30.2;260.2;Fabien MICHAL;;LMP3;;R-ace GP;Duqueine;GF;30.23;41.056;30.245
85;1;27;01:41.5;0;;30.061;0;40.751;0;30.681;0;165.2;14:38.5;14:39.3;00:30.1;00:40.8;00:30.7;260.9;Fabien MICHAL;;LMP3;;R-ace GP;Duqueine;GF;30.061;40.751;30.681
85;1;28;01:43.4;0;;30.957;0;41.516;0;30.947;0;162.1;16:21.9;16:22.7;00:31.0;00:41.5;00:30.9;262.8;Fabien MICHAL;;LMP3;;R-ace GP;Duqueine;GF;30.957;41.516;30.947
85;1;29;01:43.7;0;;30.357;0;41.273;0;32.055;0;161.7;18:05.6;18:06.4;00:30.4;00:41.3;00:32.1;261.5;Fabien MICHAL;;LMP3;;R-ace GP;Duqueine;GF;30.357;41.273;32.055
85;1;30;01:43.5;0;;30.476;0;41.446;0;31.605;0;161.9;19:49.1;19:49.9;00:30.5;00:41.4;00:31.6;257.8;Fabien MICHAL;;LMP3;;R-ace GP;Duqueine;GF;30.476;41.446;31.605
85;1;31;01:41.7;0;;30.443;0;40.942;0;30.361;0;164.8;21:30.9;21:31.7;00:30.4;00:40.9;00:30.4;259;Fabien MICHAL;;LMP3;;R-ace GP;Duqueine;GF;30.443;40.942;30.361
85;1;32;01:43.4;0;;30.182;0;41.951;0;31.225;0;162.2;23:14.2;23:15.0;00:30.2;00:42.0;00:31.2;259.6;Fabien MICHAL;;LMP3;;R-ace GP;Duqueine;GF;30.182;41.951;31.225
85;1;33;01:41.6;0;;30.181;0;41.083;0;30.286;0;165.1;24:55.8;24:56.6;00:30.2;00:41.1;00:30.3;260.2;Fabien MICHAL;;LMP3;;R-ace GP;Duqueine;GF;30.181;41.083;30.286
85;1;34;01:42.3;0;;30.361;0;41.455;0;30.478;0;163.9;26:38.1;26:38.9;00:30.4;00:41.5;00:30.5;262.1;Fabien MICHAL;;LMP3;;R-ace GP;Duqueine;GF;30.361;41.455;30.478
85;1;35;01:42.5;0;;30.566;0;41.578;0;30.379;0;163.5;28:20.6;28:21.4;00:30.6;00:41.6;00:30.4;263.4;Fabien MICHAL;;LMP3;;R-ace GP;Duqueine;GF;30.566;41.578;30.379
85;1;36;01:43.0;0;;30.315;0;41.483;0;31.198;0;162.8;30:03.6;30:04.4;00:30.3;00:41.5;00:31.2;262.1;Fabien MICHAL;;LMP3;;R-ace GP;Duqueine;GF;30.315;41.483;31.198
85;1;37;01:42.2;0;;30.312;0;41.415;0;30.502;0;164;31:45.8;31:46.6;00:30.3;00:41.4;00:30.5;260.9;Fabien MICHAL;;LMP3;;R-ace GP;Duqueine;GF;30.312;41.415;30.502
85;1;38;01:42.9;0;;30.389;0;41.598;0;30.871;0;163;33:28.7;33:29.5;00:30.4;00:41.6;00:30.9;261.5;Fabien MICHAL;;LMP3;;R-ace GP;Duqueine;GF;30.389;41.598;30.871
85;1;39;02:49.1;0;B;32.483;0;01:19.4;0;57.197;0;99.1;36:17.8;36:18.6;00:32.5;01:19.4;00:57.2;259.6;Fabien MICHAL;;LMP3;;R-ace GP;Duqueine;GF;32.483;79.432;57.197
85;1;40;04:59.5;0;;02:42.3;0;01:20.0;0;57.166;0;56;41:17.3;41:18.0;02:42.3;01:20.0;00:57.2;;Fabien MICHAL;01:47.1;LMP3;;R-ace GP;Duqueine;GF;162.311;79.999;57.166
85;1;41;02:25.0;0;;54.809;0;55.116;0;35.101;0;115.6;43:42.3;43:43.1;00:54.8;00:55.1;00:35.1;144.8;Fabien MICHAL;;LMP3;;R-ace GP;Duqueine;SF;54.809;55.116;35.101
85;1;42;02:59.7;0;;38.251;0;01:19.4;0;01:02.1;0;93.3;46:41.9;46:42.7;00:38.3;01:19.4;01:02.1;186.9;Fabien MICHAL;;LMP3;;R-ace GP;Duqueine;SF;38.251;79.356;62.051
85;1;43;02:59.4;0;;01:10.3;0;01:07.0;0;42.07;0;93.5;49:41.3;49:42.1;01:10.3;01:07.0;00:42.1;;Fabien MICHAL;;LMP3;;R-ace GP;Duqueine;SF;70.318;66.965;42.07
85;1;44;02:11.0;0;;39.819;0;51.65;0;39.514;0;128;51:52.3;51:53.1;00:39.8;00:51.6;00:39.5;177;Fabien MICHAL;;LMP3;;R-ace GP;Duqueine;GF;39.819;51.65;39.514
85;1;45;01:44.6;0;;31.501;0;41.997;0;31.117;0;160.3;53:36.9;53:37.7;00:31.5;00:42.0;00:31.1;257.8;Fabien MICHAL;;LMP3;;R-ace GP;Duqueine;GF;31.501;41.997;31.117
85;1;46;01:42.8;0;;30.276;0;42.093;0;30.476;0;163;55:19.7;55:20.5;00:30.3;00:42.1;00:30.5;258.4;Fabien MICHAL;;LMP3;;R-ace GP;Duqueine;GF;30.276;42.093;30.476
85;1;47;01:42.1;0;;30.354;0;41.129;0;30.577;0;164.3;57:01.8;57:02.6;00:30.4;00:41.1;00:30.6;257.8;Fabien MICHAL;;LMP3;;R-ace GP;Duqueine;GF;30.354;41.129;30.577
85;1;48;01:42.0;0;;30.282;0;41.515;0;30.154;0;164.4;58:43.7;58:44.5;00:30.3;00:41.5;00:30.2;258.4;Fabien MICHAL;;LMP3;;R-ace GP;Duqueine;GF;30.282;41.515;30.154
85;1;49;01:41.7;0;;30.401;0;40.917;0;30.333;0;164.9;00:25.4;00:26.2;00:30.4;00:40.9;00:30.3;258.4;Fabien MICHAL;;LMP3;;R-ace GP;Duqueine;GF;30.401;40.917;30.333
85;1;50;01:44.2;0;;30.989;0;42.565;0;30.629;0;160.9;02:09.6;02:10.4;00:31.0;00:42.6;00:30.6;259;Fabien MICHAL;;LMP3;;R-ace GP;Duqueine;GF;30.989;42.565;30.629
85;1;51;01:43.6;0;;30.813;0;41.781;0;31.011;0;161.8;03:53.2;03:54.0;00:30.8;00:41.8;00:31.0;259.6;Fabien MICHAL;;LMP3;;R-ace GP;Duqueine;GF;30.813;41.781;31.011
85;1;52;03:02.4;0;;01:09.1;0;01:19.6;0;33.7;0;91.9;06:55.6;06:56.4;01:09.1;01:19.6;00:33.7;;Fabien MICHAL;;LMP3;;R-ace GP;Duqueine;GF;69.093;79.58;33.7
85;1;53;01:41.3;0;;30.536;0;40.751;0;29.973;0;165.6;08:36.8;08:37.6;00:30.5;00:40.8;00:30.0;252.3;Fabien MICHAL;;LMP3;;R-ace GP;Duqueine;GF;30.536;40.751;29.973
85;1;54;01:40.8;0;;29.863;1;40.645;0;30.327;0;166.3;10:17.7;10:18.4;00:29.9;00:40.6;00:30.3;257.1;Fabien MICHAL;;LMP3;;R-ace GP;Duqueine;GF;29.863;40.645;30.327
85;1;55;01:43.3;0;;30.278;0;41.669;0;31.313;0;162.4;12:00.9;12:01.7;00:30.3;00:41.7;00:31.3;257.8;Fabien MICHAL;;LMP3;;R-ace GP;Duqueine;GF;30.278;41.669;31.313
85;1;56;01:43.3;0;;30.326;0;41.952;0;31.07;0;162.2;13:44.3;13:45.1;00:30.3;00:42.0;00:31.1;259.6;Fabien MICHAL;;LMP3;;R-ace GP;Duqueine;GF;30.326;41.952;31.07
85;1;57;01:43.6;0;;30.712;0;42.307;0;30.541;0;161.9;15:27.8;15:28.6;00:30.7;00:42.3;00:30.5;259.6;Fabien MICHAL;;LMP3;;R-ace GP;Duqueine;GF;30.712;42.307;30.541
85;1;58;01:41.5;0;;30.23;0;40.876;0;30.367;0;165.2;17:09.3;17:10.1;00:30.2;00:40.9;00:30.4;256.5;Fabien MICHAL;;LMP3;;R-ace GP;Duqueine;GF;30.23;40.876;30.367
85;1;59;01:41.4;0;;30.012;0;40.98;0;30.403;0;165.3;18:50.7;18:51.5;00:30.0;00:41.0;00:30.4;258.4;Fabien MICHAL;;LMP3;;R-ace GP;Duqueine;GF;30.012;40.98;30.403
85;1;60;01:41.8;0;;30.221;0;41.054;0;30.541;0;164.7;20:32.5;20:33.3;00:30.2;00:41.1;00:30.5;257.8;Fabien MICHAL;;LMP3;;R-ace GP;Duqueine;GF;30.221;41.054;30.541
85;1;61;01:43.5;0;;30.227;0;42.758;0;30.541;0;161.9;22:16.0;22:16.8;00:30.2;00:42.8;00:30.5;260.2;Fabien MICHAL;;LMP3;;R-ace GP;Duqueine;GF;30.227;42.758;30.541
85;1;62;01:44.3;0;;30.209;0;41.764;0;32.365;0;160.7;24:00.4;24:01.2;00:30.2;00:41.8;00:32.4;258.4;Fabien MICHAL;;LMP3;;R-ace GP;Duqueine;GF;30.209;41.764;32.365
85;1;63;01:42.4;0;;30.37;0;41.412;0;30.646;0;163.7;25:42.8;25:43.6;00:30.4;00:41.4;00:30.6;255.9;Fabien MICHAL;;LMP3;;R-ace GP;Duqueine;GF;30.37;41.412;30.646
85;1;64;01:49.4;0;B;30.796;0;41.729;0;36.905;0;153.2;27:32.2;27:33.0;00:30.8;00:41.7;00:36.9;257.8;Fabien MICHAL;;LMP3;;R-ace GP;Duqueine;GF;30.796;41.729;36.905
85;2;65;02:57.4;0;;01:41.8;0;43.711;0;31.901;0;94.5;30:29.6;30:30.4;01:41.8;00:43.7;00:31.9;181.5;Pierre-Alexandre PROVOST;01:13.1;LMP3;;R-ace GP;Duqueine;GF;101.802;43.711;31.901
85;2;66;02:25.1;0;;30.644;0;57.28;0;57.185;0;115.5;32:54.7;32:55.5;00:30.6;00:57.3;00:57.2;254.1;Pierre-Alexandre PROVOST;;LMP3;;R-ace GP;Duqueine;GF;30.644;57.28;57.185
85;2;67;03:30.9;0;;01:13.6;0;01:20.1;0;57.224;0;79.5;36:25.7;36:26.5;01:13.6;01:20.1;00:57.2;;Pierre-Alexandre PROVOST;;LMP3;;R-ace GP;Duqueine;GF;73.564;80.142;57.224
85;2;68;03:07.7;0;;01:13.6;0;01:19.5;0;34.589;0;89.3;39:33.4;39:34.2;01:13.6;01:19.5;00:34.6;;Pierre-Alexandre PROVOST;;LMP3;;R-ace GP;Duqueine;SF;73.629;79.481;34.589
85;2;69;01:58.7;0;;35.746;0;44.011;0;38.957;0;141.2;41:32.1;41:32.9;00:35.7;00:44.0;00:39.0;194.9;Pierre-Alexandre PROVOST;;LMP3;;R-ace GP;Duqueine;SF;35.746;44.011;38.957
85;2;70;03:12.0;0;;55.699;0;01:14.7;0;01:01.5;0;87.3;44:44.1;44:44.9;00:55.7;01:14.7;01:01.5;;Pierre-Alexandre PROVOST;;LMP3;;R-ace GP;Duqueine;SF;55.699;74.732;61.545
85;2;71;02:53.1;0;;01:05.7;0;01:05.1;0;42.287;0;96.9;47:37.1;47:37.9;01:05.7;01:05.1;00:42.3;129.8;Pierre-Alexandre PROVOST;;LMP3;;R-ace GP;Duqueine;SF;65.687;65.078;42.287
85;2;72;02:13.9;0;;39.718;0;50.264;0;43.945;0;125.2;49:51.0;49:51.8;00:39.7;00:50.3;00:43.9;189.8;Pierre-Alexandre PROVOST;;LMP3;;R-ace GP;Duqueine;GF;39.718;50.264;43.945
85;2;73;01:42.6;0;;30.474;0;41.449;0;30.713;0;163.3;51:33.7;51:34.5;00:30.5;00:41.4;00:30.7;256.5;Pierre-Alexandre PROVOST;;LMP3;;R-ace GP;Duqueine;GF;30.474;41.449;30.713
85;2;74;01:41.1;0;;30.648;0;40.789;0;29.639;0;165.9;53:14.8;53:15.6;00:30.6;00:40.8;00:29.6;258.4;Pierre-Alexandre PROVOST;;LMP3;;R-ace GP;Duqueine;GF;30.648;40.789;29.639
85;2;75;01:39.7;2;;29.697;0;40.454;0;29.579;2;168.1;54:54.5;54:55.3;00:29.7;00:40.5;00:29.6;256.5;Pierre-Alexandre PROVOST;;LMP3;;R-ace GP;Duqueine;GF;29.697;40.454;29.579
85;2;76;01:39.8;0;;29.678;0;40.441;0;29.689;0;168;56:34.3;56:35.1;00:29.7;00:40.4;00:29.7;258.4;Pierre-Alexandre PROVOST;;LMP3;;R-ace GP;Duqueine;GF;29.678;40.441;29.689
85;2;77;01:40.2;0;;29.673;0;40.581;0;29.903;0;167.4;58:14.5;58:15.2;00:29.7;00:40.6;00:29.9;257.8;Pierre-Alexandre PROVOST;;LMP3;;R-ace GP;Duqueine;GF;29.673;40.581;29.903
85;2;78;01:40.0;0;;29.614;2;40.581;0;29.782;0;167.7;59:54.4;59:55.2;00:29.6;00:40.6;00:29.8;256.5;Pierre-Alexandre PROVOST;;LMP3;;R-ace GP;Duqueine;GF;29.614;40.581;29.782
85;2;79;01:40.0;0;;29.715;0;40.508;0;29.765;0;167.7;01:34.4;01:35.2;00:29.7;00:40.5;00:29.8;256.5;Pierre-Alexandre PROVOST;;LMP3;;R-ace GP;Duqueine;GF;29.715;40.508;29.765
85;2;80;01:40.1;0;;29.686;0;40.487;0;29.905;0;167.5;03:14.5;03:15.3;00:29.7;00:40.5;00:29.9;257.1;Pierre-Alexandre PROVOST;;LMP3;;R-ace GP;Duqueine;GF;29.686;40.487;29.905
85;2;81;02:54.5;0;;47.068;0;01:19.2;0;48.196;0;96.1;06:09.0;06:09.8;00:47.1;01:19.2;00:48.2;257.1;Pierre-Alexandre PROVOST;;LMP3;;R-ace GP;Duqueine;GF;47.068;79.205;48.196
85;2;82;01:40.8;0;;30.179;0;40.701;0;29.941;0;166.3;07:49.8;07:50.6;00:30.2;00:40.7;00:29.9;251.7;Pierre-Alexandre PROVOST;;LMP3;;R-ace GP;Duqueine;GF;30.179;40.701;29.941
85;2;83;01:39.9;0;;29.724;0;40.407;0;29.774;0;167.8;09:29.7;09:30.5;00:29.7;00:40.4;00:29.8;255.9;Pierre-Alexandre PROVOST;;LMP3;;R-ace GP;Duqueine;GF;29.724;40.407;29.774
85;2;84;01:40.3;0;;29.804;0;40.497;0;30.005;0;167.1;11:10.0;11:10.8;00:29.8;00:40.5;00:30.0;259;Pierre-Alexandre PROVOST;;LMP3;;R-ace GP;Duqueine;GF;29.804;40.497;30.005
85;2;85;01:40.8;0;;29.862;0;40.792;0;30.184;0;166.3;12:50.8;12:51.6;00:29.9;00:40.8;00:30.2;259;Pierre-Alexandre PROVOST;;LMP3;;R-ace GP;Duqueine;GF;29.862;40.792;30.184
85;2;86;01:41.4;0;;29.871;0;41.369;0;30.203;0;165.3;14:32.3;14:33.1;00:29.9;00:41.4;00:30.2;260.2;Pierre-Alexandre PROVOST;;LMP3;;R-ace GP;Duqueine;GF;29.871;41.369;30.203
85;2;87;01:42.3;0;;30.029;0;41.691;0;30.556;0;163.9;16:14.6;16:15.3;00:30.0;00:41.7;00:30.6;257.8;Pierre-Alexandre PROVOST;;LMP3;;R-ace GP;Duqueine;GF;30.029;41.691;30.556
85;2;88;01:43.0;0;;30.432;0;41.341;0;31.205;0;162.8;17:57.5;17:58.3;00:30.4;00:41.3;00:31.2;258.4;Pierre-Alexandre PROVOST;;LMP3;;R-ace GP;Duqueine;GF;30.432;41.341;31.205
85;2;89;01:41.3;0;;30.092;0;41.147;0;30.015;0;165.6;19:38.8;19:39.6;00:30.1;00:41.1;00:30.0;258.4;Pierre-Alexandre PROVOST;;LMP3;;R-ace GP;Duqueine;GF;30.092;41.147;30.015
85;2;90;02:03.6;0;;30.083;0;41.984;0;51.582;0;135.6;21:42.4;21:43.2;00:30.1;00:42.0;00:51.6;258.4;Pierre-Alexandre PROVOST;;LMP3;;R-ace GP;Duqueine;FCY;30.083;41.984;51.582
85;2;91;02:28.1;0;;01:13.2;0;43.606;0;31.306;0;113.2;24:10.5;24:11.3;01:13.2;00:43.6;00:31.3;;Pierre-Alexandre PROVOST;;LMP3;;R-ace GP;Duqueine;GF;73.153;43.606;31.306
85;2;92;01:40.3;0;;30.154;0;40.399;1;29.784;0;167.1;25:50.8;25:51.6;00:30.2;00:40.4;00:29.8;254.7;Pierre-Alexandre PROVOST;;LMP3;;R-ace GP;Duqueine;GF;30.154;40.399;29.784
85;2;93;01:40.4;0;;29.724;0;40.477;0;30.176;0;167;27:31.2;27:32.0;00:29.7;00:40.5;00:30.2;256.5;Pierre-Alexandre PROVOST;;LMP3;;R-ace GP;Duqueine;GF;29.724;40.477;30.176
85;2;94;01:41.5;0;;30.814;0;40.626;0;30.073;0;165.2;29:12.7;29:13.5;00:30.8;00:40.6;00:30.1;259;Pierre-Alexandre PROVOST;;LMP3;;R-ace GP;Duqueine;GF;30.814;40.626;30.073
85;2;95;01:40.8;0;;29.785;0;40.892;0;30.132;0;166.3;30:53.5;30:54.3;00:29.8;00:40.9;00:30.1;256.5;Pierre-Alexandre PROVOST;;LMP3;;R-ace GP;Duqueine;GF;29.785;40.892;30.132
85;2;96;01:41.0;0;;29.976;0;40.748;0;30.242;0;166;32:34.5;32:35.3;00:30.0;00:40.7;00:30.2;257.1;Pierre-Alexandre PROVOST;;LMP3;;R-ace GP;Duqueine;GF;29.976;40.748;30.242
85;2;97;01:46.5;0;B;30.101;0;40.996;0;35.364;0;157.5;34:21.0;34:21.8;00:30.1;00:41.0;00:35.4;256.5;Pierre-Alexandre PROVOST;;LMP3;;R-ace GP;Duqueine;GF;30.101;40.996;35.364
85;3;98;03:34.9;0;;02:17.6;0;44.873;0;32.4;0;78;37:55.9;37:56.7;02:17.6;00:44.9;00:32.4;175.6;Hugo SCHWARZE;01:46.8;LMP3;;R-ace GP;Duqueine;GF;137.627;44.873;32.4
85;3;99;01:43.2;0;;31.038;0;41.726;0;30.436;0;162.5;39:39.1;39:39.9;00:31.0;00:41.7;00:30.4;254.1;Hugo SCHWARZE;;LMP3;;R-ace GP;Duqueine;GF;31.038;41.726;30.436
85;3;100;01:42.0;0;;30.168;0;41.01;0;30.78;0;164.4;41:21.0;41:21.8;00:30.2;00:41.0;00:30.8;256.5;Hugo SCHWARZE;;LMP3;;R-ace GP;Duqueine;GF;30.168;41.01;30.78
85;3;101;01:41.7;0;;30.82;0;40.861;0;30.052;0;164.8;43:02.8;43:03.5;00:30.8;00:40.9;00:30.1;255.9;Hugo SCHWARZE;;LMP3;;R-ace GP;Duqueine;GF;30.82;40.861;30.052
85;3;102;01:41.0;0;;30.216;0;40.702;0;30.085;0;166;44:43.8;44:44.6;00:30.2;00:40.7;00:30.1;255.9;Hugo SCHWARZE;;LMP3;;R-ace GP;Duqueine;GF;30.216;40.702;30.085
85;3;103;01:41.1;0;;30.485;0;40.646;1;30.004;1;165.8;46:24.9;46:25.7;00:30.5;00:40.6;00:30.0;254.7;Hugo SCHWARZE;;LMP3;;R-ace GP;Duqueine;GF;30.485;40.646;30.004
85;3;104;01:40.9;0;;30.162;0;40.7;0;30.053;0;166.1;48:05.8;48:06.6;00:30.2;00:40.7;00:30.1;255.9;Hugo SCHWARZE;;LMP3;;R-ace GP;Duqueine;GF;30.162;40.7;30.053
85;3;105;01:40.9;0;;29.989;0;40.742;0;30.208;0;166.1;49:46.7;49:47.5;00:30.0;00:40.7;00:30.2;254.7;Hugo SCHWARZE;;LMP3;;R-ace GP;Duqueine;GF;29.989;40.742;30.208
85;3;106;01:41.9;0;;29.881;1;41.185;0;30.8;0;164.6;51:28.6;51:29.4;00:29.9;00:41.2;00:30.8;256.5;Hugo SCHWARZE;;LMP3;;R-ace GP;Duqueine;GF;29.881;41.185;30.8
85;3;107;01:41.4;0;;30.159;0;41.102;0;30.104;0;165.4;53:10.0;53:10.8;00:30.2;00:41.1;00:30.1;254.1;Hugo SCHWARZE;;LMP3;;R-ace GP;Duqueine;GF;30.159;41.102;30.104
85;3;108;01:42.1;0;;29.978;0;40.917;0;31.174;0;164.3;54:52.0;54:52.8;00:30.0;00:40.9;00:31.2;255.9;Hugo SCHWARZE;;LMP3;;R-ace GP;Duqueine;GF;29.978;40.917;31.174
85;3;109;01:42.7;0;;30.571;0;41.474;0;30.674;0;163.2;56:34.8;56:35.6;00:30.6;00:41.5;00:30.7;256.5;Hugo SCHWARZE;;LMP3;;R-ace GP;Duqueine;GF;30.571;41.474;30.674
85;3;110;01:42.1;0;;30.258;0;41.276;0;30.588;0;164.2;58:16.9;58:17.7;00:30.3;00:41.3;00:30.6;256.5;Hugo SCHWARZE;;LMP3;;R-ace GP;Duqueine;GF;30.258;41.276;30.588
85;3;111;01:41.5;0;;30.108;0;40.885;0;30.47;0;165.2;59:58.3;59:59.1;00:30.1;00:40.9;00:30.5;252.9;Hugo SCHWARZE;;LMP3;;R-ace GP;Duqueine;GF;30.108;40.885;30.47
85;3;112;01:42.0;0;;30.143;0;41.4;0;30.449;0;164.4;01:40.3;01:41.1;00:30.1;00:41.4;00:30.4;256.5;Hugo SCHWARZE;;LMP3;;R-ace GP;Duqueine;GF;30.143;41.4;30.449
85;3;113;01:42.1;0;;30.294;0;41.106;0;30.667;0;164.3;03:22.4;03:23.2;00:30.3;00:41.1;00:30.7;256.5;Hugo SCHWARZE;;LMP3;;R-ace GP;Duqueine;GF;30.294;41.106;30.667
85;3;114;01:42.3;0;;30.419;0;41.571;0;30.357;0;163.8;05:04.8;05:05.6;00:30.4;00:41.6;00:30.4;257.8;Hugo SCHWARZE;;LMP3;;R-ace GP;Duqueine;GF;30.419;41.571;30.357
85;3;115;01:42.5;0;;30.646;0;41.17;0;30.66;0;163.6;06:47.2;06:48.0;00:30.6;00:41.2;00:30.7;256.5;Hugo SCHWARZE;;LMP3;;R-ace GP;Duqueine;GF;30.646;41.17;30.66
85;3;116;01:42.9;0;;30.335;0;41.217;0;31.392;0;162.9;08:30.2;08:31.0;00:30.3;00:41.2;00:31.4;255.9;Hugo SCHWARZE;;LMP3;;R-ace GP;Duqueine;GF;30.335;41.217;31.392
85;3;117;01:43.2;0;;30.708;0;41.635;0;30.832;0;162.5;10:13.3;10:14.1;00:30.7;00:41.6;00:30.8;256.5;Hugo SCHWARZE;;LMP3;;R-ace GP;Duqueine;GF;30.708;41.635;30.832
85;3;118;01:41.8;0;;30.419;0;41.002;0;30.374;0;164.7;11:55.1;11:55.9;00:30.4;00:41.0;00:30.4;257.8;Hugo SCHWARZE;;LMP3;;R-ace GP;Duqueine;GF;30.419;41.002;30.374
85;3;119;01:42.1;0;;30.192;0;41.537;0;30.397;0;164.2;13:37.3;13:38.1;00:30.2;00:41.5;00:30.4;258.4;Hugo SCHWARZE;;LMP3;;R-ace GP;Duqueine;GF;30.192;41.537;30.397
85;3;120;01:42.7;0;;30.266;0;41.05;0;31.385;0;163.2;15:20.0;15:20.8;00:30.3;00:41.0;00:31.4;256.5;Hugo SCHWARZE;;LMP3;;R-ace GP;Duqueine;GF;30.266;41.05;31.385
85;3;121;01:44.8;0;;30.695;0;42.63;0;31.486;0;160;17:04.8;17:05.6;00:30.7;00:42.6;00:31.5;259.6;Hugo SCHWARZE;;LMP3;;R-ace GP;Duqueine;GF;30.695;42.63;31.486
85;3;122;01:43.5;0;;30.849;0;41.507;0;31.164;0;162;18:48.3;18:49.1;00:30.8;00:41.5;00:31.2;258.4;Hugo SCHWARZE;;LMP3;;R-ace GP;Duqueine;GF;30.849;41.507;31.164
85;3;123;01:42.0;0;;30.424;0;41.009;0;30.57;0;164.4;20:30.3;20:31.1;00:30.4;00:41.0;00:30.6;256.5;Hugo SCHWARZE;;LMP3;;R-ace GP;Duqueine;GF;30.424;41.009;30.57
85;3;124;01:42.5;0;;30.321;0;41.254;0;30.964;0;163.5;22:12.8;22:13.6;00:30.3;00:41.3;00:31.0;257.8;Hugo SCHWARZE;;LMP3;;R-ace GP;Duqueine;GF;30.321;41.254;30.964
85;3;125;01:42.8;0;;30.804;0;41.445;0;30.509;0;163.2;23:55.6;23:56.4;00:30.8;00:41.4;00:30.5;255.3;Hugo SCHWARZE;;LMP3;;R-ace GP;Duqueine;GF;30.804;41.445;30.509
85;3;126;01:43.0;0;;30.521;0;41.582;0;30.932;0;162.7;25:38.6;25:39.4;00:30.5;00:41.6;00:30.9;257.1;Hugo SCHWARZE;;LMP3;;R-ace GP;Duqueine;GF;30.521;41.582;30.932
85;3;127;01:44.3;0;;31.073;0;41.598;0;31.621;0;160.8;27:22.9;27:23.7;00:31.1;00:41.6;00:31.6;255.9;Hugo SCHWARZE;;LMP3;;R-ace GP;Duqueine;FF;31.073;41.598;31.621
86;1;1;02:39.2;0;;51.084;0;01:02.7;0;45.344;0;102.2;02:39.2;02:40.0;00:51.1;01:02.7;00:45.3;;Michael WAINWRIGHT;;LMGT3;;GR Racing;Ferrari;SF;51.084;62.743;45.344
86;1;2;28:22.7;0;;01:36.1;0;01:07.9;0;25:38.7;0;9.8;31:01.9;31:02.7;01:36.1;01:07.9;25:38.7;;Michael WAINWRIGHT;;LMGT3;;GR Racing;Ferrari;SF;96.147;67.887;1538.671
86;1;3;02:38.5;0;;49.062;0;01:05.5;0;43.96;0;105.8;33:40.4;33:41.2;00:49.1;01:05.5;00:44.0;133;Michael WAINWRIGHT;;LMGT3;;GR Racing;Ferrari;SF;49.062;65.473;43.96
86;1;4;02:10.9;0;;47.72;0;47.393;0;35.763;0;128.1;35:51.2;35:52.0;00:47.7;00:47.4;00:35.8;131.7;Michael WAINWRIGHT;;LMGT3;;GR Racing;Ferrari;GF;47.72;47.393;35.763
86;1;5;01:46.5;0;;31.757;0;42.674;0;32.019;0;157.5;37:37.7;37:38.5;00:31.8;00:42.7;00:32.0;255.9;Michael WAINWRIGHT;;LMGT3;;GR Racing;Ferrari;GF;31.757;42.674;32.019
86;1;6;01:46.0;0;;32.142;0;42.169;1;31.722;0;158.1;39:23.7;39:24.5;00:32.1;00:42.2;00:31.7;255.9;Michael WAINWRIGHT;;LMGT3;;GR Racing;Ferrari;GF;32.142;42.169;31.722
86;1;7;01:45.3;0;;31.32;0;42.283;0;31.65;0;159.3;41:09.0;41:09.8;00:31.3;00:42.3;00:31.6;254.7;Michael WAINWRIGHT;;LMGT3;;GR Racing;Ferrari;GF;31.32;42.283;31.65
86;1;8;01:45.0;0;;31.352;0;42.177;0;31.48;1;159.7;42:54.0;42:54.8;00:31.4;00:42.2;00:31.5;254.7;Michael WAINWRIGHT;;LMGT3;;GR Racing;Ferrari;GF;31.352;42.177;31.48
86;1;9;01:45.8;0;;31.24;1;42.653;0;31.91;0;158.5;44:39.8;44:40.6;00:31.2;00:42.7;00:31.9;255.3;Michael WAINWRIGHT;;LMGT3;;GR Racing;Ferrari;GF;31.24;42.653;31.91
86;1;10;01:47.3;0;;31.655;0;42.88;0;32.753;0;156.3;46:27.1;46:27.9;00:31.7;00:42.9;00:32.8;254.1;Michael WAINWRIGHT;;LMGT3;;GR Racing;Ferrari;GF;31.655;42.88;32.753
86;1;11;01:46.7;0;;31.29;0;42.661;0;32.796;0;157.1;48:13.8;48:14.6;00:31.3;00:42.7;00:32.8;256.5;Michael WAINWRIGHT;;LMGT3;;GR Racing;Ferrari;GF;31.29;42.661;32.796
86;1;12;01:48.1;0;;32.691;0;42.775;0;32.586;0;155.2;50:01.9;50:02.7;00:32.7;00:42.8;00:32.6;246;Michael WAINWRIGHT;;LMGT3;;GR Racing;Ferrari;GF;32.691;42.775;32.586
86;1;13;01:47.0;0;;32.011;0;42.929;0;32.094;0;156.6;51:48.9;51:49.7;00:32.0;00:42.9;00:32.1;253.5;Michael WAINWRIGHT;;LMGT3;;GR Racing;Ferrari;GF;32.011;42.929;32.094
86;1;14;01:46.5;0;;31.591;0;42.763;0;32.185;0;157.4;53:35.5;53:36.3;00:31.6;00:42.8;00:32.2;252.3;Michael WAINWRIGHT;;LMGT3;;GR Racing;Ferrari;GF;31.591;42.763;32.185
86;1;15;01:47.1;0;;32.11;0;42.911;0;32.045;0;156.6;55:22.5;55:23.3;00:32.1;00:42.9;00:32.0;251.2;Michael WAINWRIGHT;;LMGT3;;GR Racing;Ferrari;GF;32.11;42.911;32.045
86;1;16;01:46.6;0;;31.708;0;42.821;0;32.089;0;157.2;57:09.1;57:09.9;00:31.7;00:42.8;00:32.1;252.3;Michael WAINWRIGHT;;LMGT3;;GR Racing;Ferrari;GF;31.708;42.821;32.089
86;1;17;01:46.7;0;;31.831;0;42.852;0;32.003;0;157.1;58:55.8;58:56.6;00:31.8;00:42.9;00:32.0;252.9;Michael WAINWRIGHT;;LMGT3;;GR Racing;Ferrari;GF;31.831;42.852;32.003
86;1;18;01:47.3;0;;31.667;0;43.065;0;32.535;0;156.3;00:43.1;00:43.9;00:31.7;00:43.1;00:32.5;252.9;Michael WAINWRIGHT;;LMGT3;;GR Racing;Ferrari;GF;31.667;43.065;32.535
86;1;19;01:47.0;0;;31.8;0;43.125;0;32.12;0;156.6;02:30.1;02:30.9;00:31.8;00:43.1;00:32.1;252.9;Michael WAINWRIGHT;;LMGT3;;GR Racing;Ferrari;GF;31.8;43.125;32.12
86;1;20;01:47.5;0;;31.816;0;43.128;0;32.543;0;156;04:17.6;04:18.4;00:31.8;00:43.1;00:32.5;253.5;Michael WAINWRIGHT;;LMGT3;;GR Racing;Ferrari;GF;31.816;43.128;32.543
86;1;21;01:49.5;0;;32.149;0;43.282;0;34.042;0;153.1;06:07.1;06:07.9;00:32.1;00:43.3;00:34.0;251.2;Michael WAINWRIGHT;;LMGT3;;GR Racing;Ferrari;GF;32.149;43.282;34.042
86;1;22;01:49.1;0;;32.866;0;43.496;0;32.753;0;153.6;07:56.2;07:57.0;00:32.9;00:43.5;00:32.8;248.8;Michael WAINWRIGHT;;LMGT3;;GR Racing;Ferrari;GF;32.866;43.496;32.753
86;1;23;01:47.2;0;;31.938;0;42.975;0;32.33;0;156.3;09:43.5;09:44.3;00:31.9;00:43.0;00:32.3;252.3;Michael WAINWRIGHT;;LMGT3;;GR Racing;Ferrari;GF;31.938;42.975;32.33
86;1;24;01:47.8;0;;31.855;0;43.121;0;32.844;0;155.5;11:31.3;11:32.1;00:31.9;00:43.1;00:32.8;253.5;Michael WAINWRIGHT;;LMGT3;;GR Racing;Ferrari;GF;31.855;43.121;32.844
86;1;25;01:47.2;0;;31.894;0;43.076;0;32.275;0;156.3;13:18.5;13:19.3;00:31.9;00:43.1;00:32.3;252.9;Michael WAINWRIGHT;;LMGT3;;GR Racing;Ferrari;GF;31.894;43.076;32.275
86;1;26;01:47.6;0;;31.847;0;43.347;0;32.364;0;155.9;15:06.1;15:06.9;00:31.8;00:43.3;00:32.4;252.3;Michael WAINWRIGHT;;LMGT3;;GR Racing;Ferrari;GF;31.847;43.347;32.364
86;1;27;01:54.4;0;B;32.289;0;43.238;0;38.823;0;146.6;17:00.4;17:01.2;00:32.3;00:43.2;00:38.8;252.3;Michael WAINWRIGHT;;LMGT3;;GR Racing;Ferrari;GF;32.289;43.238;38.823
86;1;28;02:52.3;0;;01:34.4;0;44.931;0;33.015;0;97.3;19:52.7;19:53.5;01:34.4;00:44.9;00:33.0;177.3;Michael WAINWRIGHT;01:03.7;LMGT3;;GR Racing;Ferrari;GF;94.361;44.931;33.015
86;1;29;01:48.9;0;;32.743;0;43.607;0;32.556;0;153.9;21:41.6;21:42.4;00:32.7;00:43.6;00:32.6;251.7;Michael WAINWRIGHT;;LMGT3;;GR Racing;Ferrari;GF;32.743;43.607;32.556
86;1;30;01:47.2;0;;32.041;0;43.221;0;31.984;0;156.3;23:28.9;23:29.7;00:32.0;00:43.2;00:32.0;251.7;Michael WAINWRIGHT;;LMGT3;;GR Racing;Ferrari;GF;32.041;43.221;31.984
86;1;31;01:47.4;0;;31.746;0;43.091;0;32.558;0;156.1;25:16.3;25:17.1;00:31.7;00:43.1;00:32.6;252.3;Michael WAINWRIGHT;;LMGT3;;GR Racing;Ferrari;GF;31.746;43.091;32.558
86;1;32;01:46.6;0;;31.796;0;42.845;0;31.92;0;157.3;27:02.8;27:03.6;00:31.8;00:42.8;00:31.9;253.5;Michael WAINWRIGHT;;LMGT3;;GR Racing;Ferrari;GF;31.796;42.845;31.92
86;1;33;01:46.6;0;;31.567;0;42.994;0;31.996;0;157.3;28:49.4;28:50.2;00:31.6;00:43.0;00:32.0;254.1;Michael WAINWRIGHT;;LMGT3;;GR Racing;Ferrari;GF;31.567;42.994;31.996
86;1;34;01:46.6;0;;31.758;0;42.931;0;31.934;0;157.2;30:36.0;30:36.8;00:31.8;00:42.9;00:31.9;254.1;Michael WAINWRIGHT;;LMGT3;;GR Racing;Ferrari;GF;31.758;42.931;31.934
86;1;35;01:46.8;0;;31.685;0;42.924;0;32.157;0;157;32:22.8;32:23.6;00:31.7;00:42.9;00:32.2;252.9;Michael WAINWRIGHT;;LMGT3;;GR Racing;Ferrari;GF;31.685;42.924;32.157
86;1;36;01:59.1;0;;31.861;0;43.139;0;44.052;0;140.8;34:21.8;34:22.6;00:31.9;00:43.1;00:44.1;253.5;Michael WAINWRIGHT;;LMGT3;;GR Racing;Ferrari;GF;31.861;43.139;44.052
86;1;37;03:29.5;0;B;01:12.8;0;01:19.4;0;57.362;0;80;37:51.3;37:52.1;01:12.8;01:19.4;00:57.4;;Michael WAINWRIGHT;;LMGT3;;GR Racing;Ferrari;GF;72.763;79.357;57.362
86;1;38;03:55.0;0;;01:42.0;0;01:19.4;0;53.617;0;71.3;41:46.3;41:47.1;01:42.0;01:19.4;00:53.6;;Michael WAINWRIGHT;00:46.8;LMGT3;;GR Racing;Ferrari;SF;102.023;79.373;53.617
86;1;39;02:07.9;0;;43.585;0;48.14;0;36.174;0;131.1;43:54.2;43:55.0;00:43.6;00:48.1;00:36.2;164.9;Michael WAINWRIGHT;;LMGT3;;GR Racing;Ferrari;SF;43.585;48.14;36.174
86;1;40;02:57.7;0;;37.765;0;01:17.7;0;01:02.3;0;94.3;46:51.9;46:52.7;00:37.8;01:17.7;01:02.3;187.5;Michael WAINWRIGHT;;LMGT3;;GR Racing;Ferrari;SF;37.765;77.675;62.259
86;1;41;02:58.3;0;;01:10.5;0;01:05.7;0;42.138;0;94;49:50.2;49:51.0;01:10.5;01:05.7;00:42.1;;Michael WAINWRIGHT;;LMGT3;;GR Racing;Ferrari;SF;70.491;65.653;42.138
86;1;42;02:08.8;0;;40.78;0;49.48;0;38.586;0;130.1;51:59.1;51:59.9;00:40.8;00:49.5;00:38.6;161.7;Michael WAINWRIGHT;;LMGT3;;GR Racing;Ferrari;GF;40.78;49.48;38.586
86;1;43;01:49.8;0;;32.368;0;43.044;0;34.372;0;152.7;53:48.8;53:49.6;00:32.4;00:43.0;00:34.4;250.6;Michael WAINWRIGHT;;LMGT3;;GR Racing;Ferrari;GF;32.368;43.044;34.372
86;1;44;01:50.2;0;;33.615;0;43.531;0;33.06;0;152.1;55:39.1;55:39.8;00:33.6;00:43.5;00:33.1;247.1;Michael WAINWRIGHT;;LMGT3;;GR Racing;Ferrari;GF;33.615;43.531;33.06
86;1;45;01:49.4;0;;32.614;0;43.649;0;33.162;0;153.2;57:28.5;57:29.3;00:32.6;00:43.6;00:33.2;251.2;Michael WAINWRIGHT;;LMGT3;;GR Racing;Ferrari;GF;32.614;43.649;33.162
86;1;46;01:55.6;0;B;32.42;0;43.391;0;39.778;0;145;59:24.1;59:24.9;00:32.4;00:43.4;00:39.8;250.6;Michael WAINWRIGHT;;LMGT3;;GR Racing;Ferrari;GF;32.42;43.391;39.778
86;3;47;02:47.2;0;;01:32.2;0;43.66;0;31.344;0;100.3;02:11.3;02:12.1;01:32.2;00:43.7;00:31.3;180.6;Mex JANSEN;01:03.3;LMGT3;;GR Racing;Ferrari;GF;92.216;43.66;31.344
86;3;48;01:47.6;0;;32.338;0;43.179;0;32.092;0;155.8;03:58.9;03:59.7;00:32.3;00:43.2;00:32.1;250.6;Mex JANSEN;;LMGT3;;GR Racing;Ferrari;GF;32.338;43.179;32.092
86;3;49;03:01.0;0;;01:09.0;0;01:18.9;0;33.06;0;92.6;06:59.9;07:00.7;01:09.0;01:18.9;00:33.1;;Mex JANSEN;;LMGT3;;GR Racing;Ferrari;GF;69.028;78.898;33.06
86;3;50;01:43.4;0;;31;0;41.681;0;30.67;2;162.2;08:43.2;08:44.0;00:31.0;00:41.7;00:30.7;250;Mex JANSEN;;LMGT3;;GR Racing;Ferrari;GF;31;41.681;30.67
86;3;51;01:44.0;0;;30.84;0;41.845;0;31.277;0;161.3;10:27.2;10:28.0;00:30.8;00:41.8;00:31.3;252.9;Mex JANSEN;;LMGT3;;GR Racing;Ferrari;GF;30.84;41.845;31.277
86;3;52;01:44.2;0;;30.851;0;41.994;0;31.341;0;160.9;12:11.4;12:12.2;00:30.9;00:42.0;00:31.3;252.9;Mex JANSEN;;LMGT3;;GR Racing;Ferrari;GF;30.851;41.994;31.341
86;3;53;01:43.9;0;;31.229;0;41.676;0;30.977;0;161.4;13:55.3;13:56.1;00:31.2;00:41.7;00:31.0;252.3;Mex JANSEN;;LMGT3;;GR Racing;Ferrari;GF;31.229;41.676;30.977
86;3;54;01:44.0;0;;30.976;0;41.907;0;31.138;0;161.2;15:39.3;15:40.1;00:31.0;00:41.9;00:31.1;252.9;Mex JANSEN;;LMGT3;;GR Racing;Ferrari;GF;30.976;41.907;31.138
86;3;55;01:45.0;0;;31.327;0;41.999;0;31.635;0;159.7;17:24.2;17:25.0;00:31.3;00:42.0;00:31.6;253.5;Mex JANSEN;;LMGT3;;GR Racing;Ferrari;GF;31.327;41.999;31.635
86;3;56;01:44.3;0;;31.067;0;41.775;0;31.506;0;160.7;19:08.6;19:09.4;00:31.1;00:41.8;00:31.5;253.5;Mex JANSEN;;LMGT3;;GR Racing;Ferrari;GF;31.067;41.775;31.506
86;3;57;01:44.0;0;;30.933;0;41.994;0;31.071;0;161.2;20:52.6;20:53.4;00:30.9;00:42.0;00:31.1;253.5;Mex JANSEN;;LMGT3;;GR Racing;Ferrari;GF;30.933;41.994;31.071
86;3;58;01:43.3;0;;30.801;0;41.63;0;30.853;0;162.3;22:35.9;22:36.7;00:30.8;00:41.6;00:30.9;251.2;Mex JANSEN;;LMGT3;;GR Racing;Ferrari;GF;30.801;41.63;30.853
86;3;59;01:44.4;0;;31.079;0;42.001;0;31.346;0;160.5;24:20.3;24:21.1;00:31.1;00:42.0;00:31.3;251.7;Mex JANSEN;;LMGT3;;GR Racing;Ferrari;GF;31.079;42.001;31.346
86;3;60;01:45.0;0;;31.311;0;42.202;0;31.471;0;159.7;26:05.3;26:06.1;00:31.3;00:42.2;00:31.5;248.3;Mex JANSEN;;LMGT3;;GR Racing;Ferrari;GF;31.311;42.202;31.471
86;3;61;01:44.7;0;;31.08;0;41.995;0;31.632;0;160.1;27:50.0;27:50.8;00:31.1;00:42.0;00:31.6;250.6;Mex JANSEN;;LMGT3;;GR Racing;Ferrari;GF;31.08;41.995;31.632
86;3;62;01:44.5;0;;31.401;0;41.842;0;31.264;0;160.4;29:34.5;29:35.3;00:31.4;00:41.8;00:31.3;244.3;Mex JANSEN;;LMGT3;;GR Racing;Ferrari;GF;31.401;41.842;31.264
86;3;63;01:44.7;0;;31.354;0;42.114;0;31.266;0;160.1;31:19.2;31:20.0;00:31.4;00:42.1;00:31.3;250.6;Mex JANSEN;;LMGT3;;GR Racing;Ferrari;GF;31.354;42.114;31.266
86;3;64;03:07.3;0;B;50.585;0;01:19.4;0;57.319;0;89.5;34:26.5;34:27.3;00:50.6;01:19.4;00:57.3;250;Mex JANSEN;;LMGT3;;GR Racing;Ferrari;GF;50.585;79.366;57.319
86;3;65;04:17.1;0;;02:00.5;0;01:19.7;0;56.946;0;65.2;38:43.6;38:44.4;02:00.5;01:19.7;00:56.9;;Mex JANSEN;01:05.7;LMGT3;;GR Racing;Ferrari;GF;120.471;79.667;56.946
86;3;66;02:29.0;0;;51.427;0;44.775;0;52.829;0;112.5;41:12.6;41:13.4;00:51.4;00:44.8;00:52.8;;Mex JANSEN;;LMGT3;;GR Racing;Ferrari;SF;51.427;44.775;52.829
86;3;67;02:49.1;0;;56.697;0;01:19.0;0;33.458;0;99.1;44:01.7;44:02.5;00:56.7;01:19.0;00:33.5;153.2;Mex JANSEN;;LMGT3;;GR Racing;Ferrari;SF;56.697;78.952;33.458
86;3;68;01:48.2;0;;32.433;0;43.647;0;32.118;0;154.9;45:49.9;45:50.7;00:32.4;00:43.6;00:32.1;225.5;Mex JANSEN;;LMGT3;;GR Racing;Ferrari;SF;32.433;43.647;32.118
86;3;69;02:02.5;0;;33.548;0;47.288;0;41.646;0;136.9;47:52.4;47:53.2;00:33.5;00:47.3;00:41.6;197.1;Mex JANSEN;;LMGT3;;GR Racing;Ferrari;SF;33.548;47.288;41.646
86;3;70;02:08.6;0;;40.527;0;47.313;0;40.773;0;130.4;50:01.0;50:01.8;00:40.5;00:47.3;00:40.8;126.3;Mex JANSEN;;LMGT3;;GR Racing;Ferrari;GF;40.527;47.313;40.773
86;3;71;01:43.7;0;;31.018;0;41.776;0;30.917;0;161.7;51:44.7;51:45.5;00:31.0;00:41.8;00:30.9;252.9;Mex JANSEN;;LMGT3;;GR Racing;Ferrari;GF;31.018;41.776;30.917
86;3;72;01:43.0;2;;30.794;2;41.446;2;30.753;0;162.8;53:27.7;53:28.5;00:30.8;00:41.4;00:30.8;252.3;Mex JANSEN;;LMGT3;;GR Racing;Ferrari;GF;30.794;41.446;30.753
86;3;73;01:44.3;0;;31.519;0;41.675;0;31.062;0;160.8;55:12.0;55:12.8;00:31.5;00:41.7;00:31.1;229.3;Mex JANSEN;;LMGT3;;GR Racing;Ferrari;GF;31.519;41.675;31.062
86;3;74;01:43.7;0;;30.869;0;41.659;0;31.195;0;161.6;56:55.7;56:56.5;00:30.9;00:41.7;00:31.2;253.5;Mex JANSEN;;LMGT3;;GR Racing;Ferrari;GF;30.869;41.659;31.195
86;3;75;01:43.9;0;;30.965;0;41.749;0;31.207;0;161.3;58:39.6;58:40.4;00:31.0;00:41.7;00:31.2;253.5;Mex JANSEN;;LMGT3;;GR Racing;Ferrari;GF;30.965;41.749;31.207
86;3;76;01:44.8;0;;31.034;0;42.066;0;31.71;0;160;00:24.4;00:25.2;00:31.0;00:42.1;00:31.7;254.1;Mex JANSEN;;LMGT3;;GR Racing;Ferrari;GF;31.034;42.066;31.71
86;3;77;02:10.0;0;B;31.582;0;42.557;0;55.897;0;128.9;02:34.5;02:35.3;00:31.6;00:42.6;00:55.9;252.9;Mex JANSEN;;LMGT3;;GR Racing;Ferrari;GF;31.582;42.557;55.897
88;1;1;02:12.6;0;;35.794;0;57.387;0;39.466;0;122.6;02:12.6;02:13.4;00:35.8;00:57.4;00:39.5;;Horst FELBERMAYR;;LMP2 Pro/Am;;Proton Competition;Oreca;SF;35.794;57.387;39.466
88;1;2;04:02.9;0;;01:10.9;0;01:29.7;0;01:22.3;0;69;06:15.6;06:16.4;01:10.9;01:29.7;01:22.3;122.4;Horst FELBERMAYR;;LMP2 Pro/Am;;Proton Competition;Oreca;RF;70.942;89.655;82.321
88;1;3;27:01.6;0;;25:07.7;0;01:07.0;0;46.892;0;10.3;33:17.1;33:17.9;25:07.7;01:07.0;00:46.9;169.8;Horst FELBERMAYR;;LMP2 Pro/Am;;Proton Competition;Oreca;SF;1507.684;66.981;46.892
88;1;4;02:18.9;0;;46.176;0;52.184;0;40.535;0;120.7;35:36.0;35:36.8;00:46.2;00:52.2;00:40.5;;Horst FELBERMAYR;;LMP2 Pro/Am;;Proton Competition;Oreca;GF;46.176;52.184;40.535
88;1;5;01:37.2;0;;29.505;0;39.043;0;28.653;0;172.5;37:13.2;37:14.0;00:29.5;00:39.0;00:28.7;288;Horst FELBERMAYR;;LMP2 Pro/Am;;Proton Competition;Oreca;GF;29.505;39.043;28.653
88;1;6;01:35.3;0;;28.115;0;38.442;0;28.719;0;176;38:48.5;38:49.3;00:28.1;00:38.4;00:28.7;291.1;Horst FELBERMAYR;;LMP2 Pro/Am;;Proton Competition;Oreca;GF;28.115;38.442;28.719
88;1;7;01:34.2;0;;27.729;0;38.09;1;28.388;0;178;40:22.7;40:23.5;00:27.7;00:38.1;00:28.4;291.1;Horst FELBERMAYR;;LMP2 Pro/Am;;Proton Competition;Oreca;GF;27.729;38.09;28.388
88;1;8;01:34.6;0;;27.55;0;38.783;0;28.313;0;177.1;41:57.3;41:58.1;00:27.6;00:38.8;00:28.3;291.9;Horst FELBERMAYR;;LMP2 Pro/Am;;Proton Competition;Oreca;GF;27.55;38.783;28.313
88;1;9;01:35.1;0;;27.574;0;39.286;0;28.283;1;176.2;43:32.5;43:33.3;00:27.6;00:39.3;00:28.3;291.9;Horst FELBERMAYR;;LMP2 Pro/Am;;Proton Competition;Oreca;GF;27.574;39.286;28.283
88;1;10;01:34.3;0;;27.603;0;38.143;0;28.526;0;177.8;45:06.8;45:07.6;00:27.6;00:38.1;00:28.5;290.3;Horst FELBERMAYR;;LMP2 Pro/Am;;Proton Competition;Oreca;GF;27.603;38.143;28.526
88;1;11;01:34.4;0;;27.533;1;38.255;0;28.614;0;177.6;46:41.2;46:42.0;00:27.5;00:38.3;00:28.6;291.9;Horst FELBERMAYR;;LMP2 Pro/Am;;Proton Competition;Oreca;GF;27.533;38.255;28.614
88;1;12;01:35.1;0;;27.691;0;38.558;0;28.88;0;176.2;48:16.3;48:17.1;00:27.7;00:38.6;00:28.9;291.1;Horst FELBERMAYR;;LMP2 Pro/Am;;Proton Competition;Oreca;GF;27.691;38.558;28.88
88;1;13;01:39.4;0;;29.645;0;40.724;0;29.059;0;168.6;49:55.7;49:56.5;00:29.6;00:40.7;00:29.1;289.5;Horst FELBERMAYR;;LMP2 Pro/Am;;Proton Competition;Oreca;GF;29.645;40.724;29.059
88;1;14;01:37.1;0;;28.169;0;39.605;0;29.327;0;172.7;51:32.8;51:33.6;00:28.2;00:39.6;00:29.3;292.7;Horst FELBERMAYR;;LMP2 Pro/Am;;Proton Competition;Oreca;GF;28.169;39.605;29.327
88;1;15;01:36.5;0;;28.014;0;38.786;0;29.722;0;173.7;53:09.3;53:10.1;00:28.0;00:38.8;00:29.7;288.8;Horst FELBERMAYR;;LMP2 Pro/Am;;Proton Competition;Oreca;GF;28.014;38.786;29.722
88;1;16;01:36.2;0;;27.846;0;38.536;0;29.825;0;174.3;54:45.6;54:46.3;00:27.8;00:38.5;00:29.8;290.3;Horst FELBERMAYR;;LMP2 Pro/Am;;Proton Competition;Oreca;GF;27.846;38.536;29.825
88;1;17;01:36.0;0;;27.878;0;38.703;0;29.463;0;174.6;56:21.6;56:22.4;00:27.9;00:38.7;00:29.5;288.8;Horst FELBERMAYR;;LMP2 Pro/Am;;Proton Competition;Oreca;GF;27.878;38.703;29.463
88;1;18;01:35.1;0;;27.833;0;38.486;0;28.76;0;176.3;57:56.7;57:57.5;00:27.8;00:38.5;00:28.8;291.1;Horst FELBERMAYR;;LMP2 Pro/Am;;Proton Competition;Oreca;GF;27.833;38.486;28.76
88;1;19;01:37.1;0;;27.767;0;39.596;0;29.727;0;172.7;59:33.8;59:34.6;00:27.8;00:39.6;00:29.7;291.9;Horst FELBERMAYR;;LMP2 Pro/Am;;Proton Competition;Oreca;GF;27.767;39.596;29.727
88;1;20;01:37.8;0;;27.733;0;39.619;0;30.473;0;171.4;01:11.6;01:12.4;00:27.7;00:39.6;00:30.5;292.7;Horst FELBERMAYR;;LMP2 Pro/Am;;Proton Competition;Oreca;GF;27.733;39.619;30.473
88;1;21;01:36.0;0;;27.987;0;39.057;0;28.928;0;174.7;02:47.6;02:48.4;00:28.0;00:39.1;00:28.9;290.3;Horst FELBERMAYR;;LMP2 Pro/Am;;Proton Competition;Oreca;GF;27.987;39.057;28.928
88;1;22;01:38.3;0;;28.272;0;40.49;0;29.518;0;170.6;04:25.8;04:26.6;00:28.3;00:40.5;00:29.5;291.1;Horst FELBERMAYR;;LMP2 Pro/Am;;Proton Competition;Oreca;GF;28.272;40.49;29.518
88;1;23;01:39.6;0;;28.115;0;39.993;0;31.465;0;168.4;06:05.4;06:06.2;00:28.1;00:40.0;00:31.5;291.1;Horst FELBERMAYR;;LMP2 Pro/Am;;Proton Competition;Oreca;GF;28.115;39.993;31.465
88;1;24;01:36.3;0;;28.234;0;38.535;0;29.571;0;174;07:41.8;07:42.6;00:28.2;00:38.5;00:29.6;291.9;Horst FELBERMAYR;;LMP2 Pro/Am;;Proton Competition;Oreca;GF;28.234;38.535;29.571
88;1;25;01:36.4;0;;28.172;0;39.157;0;29.029;0;174;09:18.1;09:18.9;00:28.2;00:39.2;00:29.0;291.1;Horst FELBERMAYR;;LMP2 Pro/Am;;Proton Competition;Oreca;GF;28.172;39.157;29.029
88;1;26;01:38.3;0;;28.048;0;39.907;0;30.319;0;170.6;10:56.4;10:57.2;00:28.0;00:39.9;00:30.3;291.9;Horst FELBERMAYR;;LMP2 Pro/Am;;Proton Competition;Oreca;GF;28.048;39.907;30.319
88;1;27;01:36.4;0;;28.108;0;38.557;0;29.769;0;173.9;12:32.8;12:33.6;00:28.1;00:38.6;00:29.8;291.1;Horst FELBERMAYR;;LMP2 Pro/Am;;Proton Competition;Oreca;GF;28.108;38.557;29.769
88;1;28;01:42.4;0;B;28.282;0;39.244;0;34.874;0;163.7;14:15.2;14:16.0;00:28.3;00:39.2;00:34.9;291.9;Horst FELBERMAYR;;LMP2 Pro/Am;;Proton Competition;Oreca;GF;28.282;39.244;34.874
88;1;29;02:25.4;0;;01:16.9;0;39.224;0;29.272;0;115.3;16:40.7;16:41.5;01:16.9;00:39.2;00:29.3;205.3;Horst FELBERMAYR;00:51.6;LMP2 Pro/Am;;Proton Competition;Oreca;GF;76.94;39.224;29.272
88;1;30;01:37.8;0;;28.471;0;39.818;0;29.472;0;171.5;18:18.4;18:19.2;00:28.5;00:39.8;00:29.5;288.8;Horst FELBERMAYR;;LMP2 Pro/Am;;Proton Competition;Oreca;GF;28.471;39.818;29.472
88;1;31;01:38.0;0;;28.331;0;39.695;0;29.977;0;171.1;19:56.4;19:57.2;00:28.3;00:39.7;00:30.0;289.5;Horst FELBERMAYR;;LMP2 Pro/Am;;Proton Competition;Oreca;GF;28.331;39.695;29.977
88;1;32;01:40.0;0;;28.923;0;39.496;0;31.596;0;167.6;21:36.4;21:37.2;00:28.9;00:39.5;00:31.6;291.9;Horst FELBERMAYR;;LMP2 Pro/Am;;Proton Competition;Oreca;GF;28.923;39.496;31.596
88;1;33;01:37.8;0;;28.424;0;38.811;0;30.595;0;171.4;23:14.3;23:15.1;00:28.4;00:38.8;00:30.6;288.8;Horst FELBERMAYR;;LMP2 Pro/Am;;Proton Competition;Oreca;GF;28.424;38.811;30.595
88;1;34;01:38.3;0;;28.137;0;39.722;0;30.418;0;170.6;24:52.5;24:53.3;00:28.1;00:39.7;00:30.4;291.9;Horst FELBERMAYR;;LMP2 Pro/Am;;Proton Competition;Oreca;GF;28.137;39.722;30.418
88;1;35;01:38.0;0;;28.416;0;40.257;0;29.307;0;171.1;26:30.5;26:31.3;00:28.4;00:40.3;00:29.3;290.3;Horst FELBERMAYR;;LMP2 Pro/Am;;Proton Competition;Oreca;GF;28.416;40.257;29.307
88;1;36;01:37.5;0;;28.31;0;39.144;0;30.021;0;172;28:08.0;28:08.8;00:28.3;00:39.1;00:30.0;291.9;Horst FELBERMAYR;;LMP2 Pro/Am;;Proton Competition;Oreca;GF;28.31;39.144;30.021
88;1;37;01:37.7;0;;28.958;0;39.217;0;29.528;0;171.6;29:45.7;29:46.5;00:29.0;00:39.2;00:29.5;291.9;Horst FELBERMAYR;;LMP2 Pro/Am;;Proton Competition;Oreca;GF;28.958;39.217;29.528
88;1;38;01:37.2;0;;28.445;0;39.34;0;29.385;0;172.5;31:22.9;31:23.7;00:28.4;00:39.3;00:29.4;291.9;Horst FELBERMAYR;;LMP2 Pro/Am;;Proton Competition;Oreca;GF;28.445;39.34;29.385
88;1;39;01:44.6;0;B;29.341;0;40.109;0;35.17;0;160.2;33:07.5;33:08.3;00:29.3;00:40.1;00:35.2;291.9;Horst FELBERMAYR;;LMP2 Pro/Am;;Proton Competition;Oreca;GF;29.341;40.109;35.17
88;2;40;04:30.3;0;;02:13.7;0;01:19.7;0;56.901;0;62;37:37.8;37:38.6;02:13.7;01:19.7;00:56.9;;Horst Felix FELBERMAYR;01:18.3;LMP2 Pro/Am;;Proton Competition;Oreca;GF;133.677;79.717;56.901
88;2;41;03:29.7;0;;01:13.0;0;01:19.5;0;57.11;0;80;41:07.4;41:08.2;01:13.0;01:19.5;00:57.1;;Horst Felix FELBERMAYR;;LMP2 Pro/Am;;Proton Competition;Oreca;GF;73.009;79.535;57.11
88;2;42;02:29.7;0;;59.822;0;55.189;0;34.658;0;112;43:37.1;43:37.9;00:59.8;00:55.2;00:34.7;;Horst Felix FELBERMAYR;;LMP2 Pro/Am;;Proton Competition;Oreca;SF;59.822;55.189;34.658
88;2;43;03:01.1;0;;38.249;0;01:21.6;0;01:01.3;0;92.6;46:38.3;46:39.0;00:38.2;01:21.6;01:01.3;170.6;Horst Felix FELBERMAYR;;LMP2 Pro/Am;;Proton Competition;Oreca;SF;38.249;81.616;61.278
88;2;44;03:00.5;0;;01:11.6;0;01:07.0;0;41.869;0;92.9;49:38.7;49:39.5;01:11.6;01:07.0;00:41.9;;Horst Felix FELBERMAYR;;LMP2 Pro/Am;;Proton Competition;Oreca;SF;71.559;67.031;41.869
88;2;45;02:11.0;0;;39.454;0;51.632;0;39.943;0;128;51:49.7;51:50.5;00:39.5;00:51.6;00:39.9;158.4;Horst Felix FELBERMAYR;;LMP2 Pro/Am;;Proton Competition;Oreca;GF;39.454;51.632;39.943
88;2;46;01:35.9;0;;28.448;0;39.04;0;28.446;0;174.8;53:25.7;53:26.5;00:28.4;00:39.0;00:28.4;288.8;Horst Felix FELBERMAYR;;LMP2 Pro/Am;;Proton Competition;Oreca;GF;28.448;39.04;28.446
88;2;47;01:33.3;0;;27.478;0;37.904;0;27.883;0;179.8;54:58.9;54:59.7;00:27.5;00:37.9;00:27.9;289.5;Horst Felix FELBERMAYR;;LMP2 Pro/Am;;Proton Competition;Oreca;GF;27.478;37.904;27.883
88;2;48;01:32.9;0;;27.125;0;37.908;0;27.862;0;180.5;56:31.8;56:32.6;00:27.1;00:37.9;00:27.9;291.1;Horst Felix FELBERMAYR;;LMP2 Pro/Am;;Proton Competition;Oreca;GF;27.125;37.908;27.862
88;2;49;01:33.0;0;;27.091;0;37.718;0;28.239;0;180.2;58:04.9;58:05.7;00:27.1;00:37.7;00:28.2;291.9;Horst Felix FELBERMAYR;;LMP2 Pro/Am;;Proton Competition;Oreca;GF;27.091;37.718;28.239
88;2;50;01:32.7;2;;27.137;0;37.668;2;27.846;1;181;59:37.5;59:38.3;00:27.1;00:37.7;00:27.8;291.9;Horst Felix FELBERMAYR;;LMP2 Pro/Am;;Proton Competition;Oreca;GF;27.137;37.668;27.846
88;2;51;01:32.8;0;;26.998;2;37.906;0;27.864;0;180.7;01:10.3;01:11.1;00:27.0;00:37.9;00:27.9;291.1;Horst Felix FELBERMAYR;;LMP2 Pro/Am;;Proton Competition;Oreca;GF;26.998;37.906;27.864
88;2;52;01:34.3;0;;27.044;0;37.981;0;29.244;0;177.8;02:44.6;02:45.4;00:27.0;00:38.0;00:29.2;291.1;Horst Felix FELBERMAYR;;LMP2 Pro/Am;;Proton Competition;Oreca;GF;27.044;37.981;29.244
88;2;53;02:05.0;0;;29.368;0;40.46;0;55.182;0;134.1;04:49.6;04:50.4;00:29.4;00:40.5;00:55.2;291.9;Horst Felix FELBERMAYR;;LMP2 Pro/Am;;Proton Competition;Oreca;FCY;29.368;40.46;55.182
88;2;54;02:35.4;0;;01:13.1;0;51.909;0;30.401;0;107.9;07:25.0;07:25.8;01:13.1;00:51.9;00:30.4;;Horst Felix FELBERMAYR;;LMP2 Pro/Am;;Proton Competition;Oreca;GF;73.067;51.909;30.401
88;2;55;01:35.7;0;;28.534;0;38.541;0;28.65;0;175.1;09:00.7;09:01.5;00:28.5;00:38.5;00:28.6;288.8;Horst Felix FELBERMAYR;;LMP2 Pro/Am;;Proton Competition;Oreca;GF;28.534;38.541;28.65
88;2;56;01:34.4;0;;27.423;0;38.074;0;28.855;0;177.7;10:35.0;10:35.8;00:27.4;00:38.1;00:28.9;291.9;Horst Felix FELBERMAYR;;LMP2 Pro/Am;;Proton Competition;Oreca;GF;27.423;38.074;28.855
88;2;57;01:35.2;0;;27.794;0;38.405;0;28.986;0;176.1;12:10.2;12:11.0;00:27.8;00:38.4;00:29.0;290.3;Horst Felix FELBERMAYR;;LMP2 Pro/Am;;Proton Competition;Oreca;GF;27.794;38.405;28.986
88;2;58;01:34.5;0;;27.647;0;38.463;0;28.403;0;177.4;13:44.7;13:45.5;00:27.6;00:38.5;00:28.4;291.9;Horst Felix FELBERMAYR;;LMP2 Pro/Am;;Proton Competition;Oreca;GF;27.647;38.463;28.403
88;2;59;01:34.8;0;;27.704;0;38.435;0;28.639;0;176.9;15:19.5;15:20.3;00:27.7;00:38.4;00:28.6;291.9;Horst Felix FELBERMAYR;;LMP2 Pro/Am;;Proton Competition;Oreca;GF;27.704;38.435;28.639
88;2;60;01:34.8;0;;27.907;0;38.382;0;28.497;0;176.9;16:54.3;16:55.1;00:27.9;00:38.4;00:28.5;291.1;Horst Felix FELBERMAYR;;LMP2 Pro/Am;;Proton Competition;Oreca;GF;27.907;38.382;28.497
88;2;61;01:38.0;0;;28.047;0;40.924;0;28.988;0;171.1;18:32.3;18:33.1;00:28.0;00:40.9;00:29.0;290.3;Horst Felix FELBERMAYR;;LMP2 Pro/Am;;Proton Competition;Oreca;GF;28.047;40.924;28.988
88;2;62;01:34.8;0;;27.734;0;38.524;0;28.509;0;176.9;20:07.0;20:07.8;00:27.7;00:38.5;00:28.5;291.9;Horst Felix FELBERMAYR;;LMP2 Pro/Am;;Proton Competition;Oreca;GF;27.734;38.524;28.509
88;2;63;01:35.3;0;;27.427;0;38.357;0;29.56;0;175.8;21:42.4;21:43.2;00:27.4;00:38.4;00:29.6;291.9;Horst Felix FELBERMAYR;;LMP2 Pro/Am;;Proton Competition;Oreca;GF;27.427;38.357;29.56
88;2;64;01:37.0;0;;28.656;0;39.079;0;29.223;0;172.9;23:19.3;23:20.1;00:28.7;00:39.1;00:29.2;288.8;Horst Felix FELBERMAYR;;LMP2 Pro/Am;;Proton Competition;Oreca;GF;28.656;39.079;29.223
88;2;65;01:35.9;0;;27.784;0;38.772;0;29.367;0;174.8;24:55.2;24:56.0;00:27.8;00:38.8;00:29.4;291.1;Horst Felix FELBERMAYR;;LMP2 Pro/Am;;Proton Competition;Oreca;GF;27.784;38.772;29.367
88;2;66;01:37.1;0;;28.101;0;40.044;0;28.988;0;172.6;26:32.4;26:33.2;00:28.1;00:40.0;00:29.0;291.9;Horst Felix FELBERMAYR;;LMP2 Pro/Am;;Proton Competition;Oreca;GF;28.101;40.044;28.988
88;2;67;01:35.6;0;;27.856;0;38.956;0;28.77;0;175.4;28:08.0;28:08.8;00:27.9;00:39.0;00:28.8;289.5;Horst Felix FELBERMAYR;;LMP2 Pro/Am;;Proton Competition;Oreca;GF;27.856;38.956;28.77
88;2;68;01:35.4;0;;27.579;0;38.774;0;29.046;0;175.7;29:43.4;29:44.2;00:27.6;00:38.8;00:29.0;290.3;Horst Felix FELBERMAYR;;LMP2 Pro/Am;;Proton Competition;Oreca;GF;27.579;38.774;29.046
88;2;69;01:37.2;0;;28.102;0;39.414;0;29.671;0;172.5;31:20.5;31:21.3;00:28.1;00:39.4;00:29.7;290.3;Horst Felix FELBERMAYR;;LMP2 Pro/Am;;Proton Competition;Oreca;GF;28.102;39.414;29.671
88;2;70;03:05.0;0;;48.676;0;01:19.3;0;57.059;0;90.6;34:25.6;34:26.4;00:48.7;01:19.3;00:57.1;291.1;Horst Felix FELBERMAYR;;LMP2 Pro/Am;;Proton Competition;Oreca;GF;48.676;79.313;57.059
88;2;71;03:30.2;0;B;01:12.9;0;01:19.4;0;57.885;0;79.8;37:55.8;37:56.6;01:12.9;01:19.4;00:57.9;;Horst Felix FELBERMAYR;;LMP2 Pro/Am;;Proton Competition;Oreca;GF;72.914;79.416;57.885
88;3;72;03:30.9;0;;02:02.4;0;46.836;0;41.618;0;79.5;41:26.7;41:27.5;02:02.4;00:46.8;00:41.6;191.5;Rene BINDER;01:31.1;LMP2 Pro/Am;;Proton Competition;Oreca;SF;122.426;46.836;41.618
88;3;73;03:12.3;0;;55.557;0;01:15.8;0;01:00.9;0;87.2;44:39.0;44:39.8;00:55.6;01:15.8;01:00.9;;Rene BINDER;;LMP2 Pro/Am;;Proton Competition;Oreca;SF;55.557;75.847;60.942
88;3;74;02:54.5;0;;01:05.4;0;01:06.7;0;42.363;0;96.1;47:33.5;47:34.3;01:05.4;01:06.7;00:42.4;;Rene BINDER;;LMP2 Pro/Am;;Proton Competition;Oreca;SF;65.365;66.738;42.363
88;3;75;02:13.8;0;;38.345;0;51.883;0;43.592;0;125.3;49:47.3;49:48.1;00:38.3;00:51.9;00:43.6;192.2;Rene BINDER;;LMP2 Pro/Am;;Proton Competition;Oreca;GF;38.345;51.883;43.592
88;3;76;01:35.9;0;;28.036;0;39.385;0;28.43;0;174.9;51:23.2;51:24.0;00:28.0;00:39.4;00:28.4;289.5;Rene BINDER;;LMP2 Pro/Am;;Proton Competition;Oreca;GF;28.036;39.385;28.43
88;3;77;01:35.8;0;;28.023;0;39.28;0;28.448;0;175.1;52:58.9;52:59.7;00:28.0;00:39.3;00:28.4;290.3;Rene BINDER;;LMP2 Pro/Am;;Proton Competition;Oreca;GF;28.023;39.28;28.448
88;3;78;01:34.8;0;;27.697;0;38.695;0;28.413;0;176.8;54:33.7;54:34.5;00:27.7;00:38.7;00:28.4;290.3;Rene BINDER;;LMP2 Pro/Am;;Proton Competition;Oreca;GF;27.697;38.695;28.413
88;3;79;01:34.0;0;;27.65;0;38.088;0;28.311;0;178.3;56:07.8;56:08.6;00:27.6;00:38.1;00:28.3;290.3;Rene BINDER;;LMP2 Pro/Am;;Proton Competition;Oreca;GF;27.65;38.088;28.311
88;3;80;01:33.3;0;;27.666;0;37.83;0;27.83;2;179.6;57:41.1;57:41.9;00:27.7;00:37.8;00:27.8;291.1;Rene BINDER;;LMP2 Pro/Am;;Proton Competition;Oreca;GF;27.666;37.83;27.83
88;3;81;01:33.1;0;;27.139;0;38.008;0;27.981;0;180;59:14.2;59:15.0;00:27.1;00:38.0;00:28.0;289.5;Rene BINDER;;LMP2 Pro/Am;;Proton Competition;Oreca;GF;27.139;38.008;27.981
88;3;82;01:33.2;0;;27.202;0;37.766;1;28.263;0;179.8;00:47.5;00:48.3;00:27.2;00:37.8;00:28.3;288.8;Rene BINDER;;LMP2 Pro/Am;;Proton Competition;Oreca;GF;27.202;37.766;28.263
88;3;83;01:33.9;0;;27.161;0;37.918;0;28.803;0;178.6;02:21.3;02:22.1;00:27.2;00:37.9;00:28.8;287.2;Rene BINDER;;LMP2 Pro/Am;;Proton Competition;Oreca;GF;27.161;37.918;28.803
88;3;84;02:01.9;0;;27.872;0;38.964;0;55.036;0;137.6;04:23.2;04:24.0;00:27.9;00:39.0;00:55.0;290.3;Rene BINDER;;LMP2 Pro/Am;;Proton Competition;Oreca;FCY;27.872;38.964;55.036
88;3;85;02:31.2;0;;01:12.9;0;49.581;0;28.698;0;110.9;06:54.4;06:55.2;01:12.9;00:49.6;00:28.7;;Rene BINDER;;LMP2 Pro/Am;;Proton Competition;Oreca;GF;72.933;49.581;28.698
88;3;86;01:35.7;0;;28.416;0;38.787;0;28.546;0;175.1;08:30.2;08:31.0;00:28.4;00:38.8;00:28.5;289.5;Rene BINDER;;LMP2 Pro/Am;;Proton Competition;Oreca;GF;28.416;38.787;28.546
88;3;87;01:35.8;0;;28.292;0;39.257;0;28.231;0;175;10:06.0;10:06.8;00:28.3;00:39.3;00:28.2;289.5;Rene BINDER;;LMP2 Pro/Am;;Proton Competition;Oreca;GF;28.292;39.257;28.231
88;3;88;01:33.2;0;;27.36;0;37.892;0;27.955;0;179.9;11:39.2;11:40.0;00:27.4;00:37.9;00:28.0;288.8;Rene BINDER;;LMP2 Pro/Am;;Proton Competition;Oreca;GF;27.36;37.892;27.955
88;3;89;01:33.4;0;;27.468;0;37.861;0;28.074;0;179.5;13:12.6;13:13.4;00:27.5;00:37.9;00:28.1;290.3;Rene BINDER;;LMP2 Pro/Am;;Proton Competition;Oreca;GF;27.468;37.861;28.074
88;3;90;01:33.1;0;;27.233;0;37.829;0;28.06;0;180;14:45.7;14:46.5;00:27.2;00:37.8;00:28.1;290.3;Rene BINDER;;LMP2 Pro/Am;;Proton Competition;Oreca;GF;27.233;37.829;28.06
88;3;91;01:35.4;0;;27.301;0;39.636;0;28.454;0;175.8;16:21.1;16:21.9;00:27.3;00:39.6;00:28.5;291.1;Rene BINDER;;LMP2 Pro/Am;;Proton Competition;Oreca;GF;27.301;39.636;28.454
88;3;92;01:35.0;0;;27.71;0;38.17;0;29.124;0;176.5;17:56.1;17:56.9;00:27.7;00:38.2;00:29.1;290.3;Rene BINDER;;LMP2 Pro/Am;;Proton Competition;Oreca;GF;27.71;38.17;29.124
88;3;93;01:34.2;0;;27.423;0;38.395;0;28.394;0;178;19:30.3;19:31.1;00:27.4;00:38.4;00:28.4;288;Rene BINDER;;LMP2 Pro/Am;;Proton Competition;Oreca;GF;27.423;38.395;28.394
88;3;94;01:46.1;0;;28.912;0;38.531;0;38.647;0;158;21:16.4;21:17.2;00:28.9;00:38.5;00:38.6;291.1;Rene BINDER;;LMP2 Pro/Am;;Proton Competition;Oreca;FCY;28.912;38.531;38.647
88;3;95;02:34.5;0;;01:13.3;0;52.733;0;28.556;0;108.5;23:50.9;23:51.7;01:13.3;00:52.7;00:28.6;;Rene BINDER;;LMP2 Pro/Am;;Proton Competition;Oreca;GF;73.251;52.733;28.556
88;3;96;01:34.9;0;;27.451;0;38.164;0;29.313;0;176.6;25:25.9;25:26.7;00:27.5;00:38.2;00:29.3;286.5;Rene BINDER;;LMP2 Pro/Am;;Proton Competition;Oreca;GF;27.451;38.164;29.313
88;3;97;01:34.6;0;;28.042;0;38.166;0;28.418;0;177.2;27:00.5;27:01.3;00:28.0;00:38.2;00:28.4;288;Rene BINDER;;LMP2 Pro/Am;;Proton Competition;Oreca;GF;28.042;38.166;28.418
88;3;98;01:34.3;0;;27.365;0;38.606;0;28.292;0;177.9;28:34.7;28:35.5;00:27.4;00:38.6;00:28.3;289.5;Rene BINDER;;LMP2 Pro/Am;;Proton Competition;Oreca;GF;27.365;38.606;28.292
88;3;99;01:35.6;0;;27.344;0;39.218;0;28.991;0;175.5;30:10.3;30:11.1;00:27.3;00:39.2;00:29.0;290.3;Rene BINDER;;LMP2 Pro/Am;;Proton Competition;Oreca;GF;27.344;39.218;28.991
88;3;100;01:35.1;0;;27.391;0;38.222;0;29.51;0;176.2;31:45.4;31:46.2;00:27.4;00:38.2;00:29.5;288.8;Rene BINDER;;LMP2 Pro/Am;;Proton Competition;Oreca;GF;27.391;38.222;29.51
88;3;101;01:40.8;0;B;28.081;0;38.403;0;34.295;0;166.4;33:26.2;33:27.0;00:28.1;00:38.4;00:34.3;289.5;Rene BINDER;;LMP2 Pro/Am;;Proton Competition;Oreca;GF;28.081;38.403;34.295
88;3;102;02:59.0;0;;01:48.5;0;40.939;0;29.587;0;93.6;36:25.2;36:26.0;01:48.5;00:40.9;00:29.6;202.2;Rene BINDER;01:21.5;LMP2 Pro/Am;;Proton Competition;Oreca;GF;108.503;40.939;29.587
88;3;103;01:35.5;0;;28.029;0;39.078;0;28.347;0;175.6;38:00.7;38:01.5;00:28.0;00:39.1;00:28.3;288;Rene BINDER;;LMP2 Pro/Am;;Proton Competition;Oreca;GF;28.029;39.078;28.347
88;3;104;01:35.2;0;;27.569;0;38.853;0;28.796;0;176.1;39:35.9;39:36.7;00:27.6;00:38.9;00:28.8;287.2;Rene BINDER;;LMP2 Pro/Am;;Proton Competition;Oreca;GF;27.569;38.853;28.796
88;3;105;01:33.7;0;;27.521;0;38.092;0;28.119;0;178.9;41:09.6;41:10.4;00:27.5;00:38.1;00:28.1;284.2;Rene BINDER;;LMP2 Pro/Am;;Proton Competition;Oreca;GF;27.521;38.092;28.119
88;3;106;01:32.8;0;;26.998;1;37.894;0;27.909;0;180.7;42:42.4;42:43.2;00:27.0;00:37.9;00:27.9;288;Rene BINDER;;LMP2 Pro/Am;;Proton Competition;Oreca;GF;26.998;37.894;27.909
88;3;107;01:33.8;0;;27.118;0;37.891;0;28.807;0;178.7;44:16.2;44:17.0;00:27.1;00:37.9;00:28.8;289.5;Rene BINDER;;LMP2 Pro/Am;;Proton Competition;Oreca;GF;27.118;37.891;28.807
88;3;108;01:35.1;0;;27.887;0;38.85;0;28.327;0;176.4;45:51.3;45:52.1;00:27.9;00:38.8;00:28.3;288;Rene BINDER;;LMP2 Pro/Am;;Proton Competition;Oreca;GF;27.887;38.85;28.327
88;3;109;01:35.0;0;;27.995;0;38.743;0;28.29;0;176.4;47:26.3;47:27.1;00:28.0;00:38.7;00:28.3;289.5;Rene BINDER;;LMP2 Pro/Am;;Proton Competition;Oreca;GF;27.995;38.743;28.29
88;3;110;01:35.7;0;;28.151;0;38.861;0;28.649;0;175.3;49:02.0;49:02.8;00:28.2;00:38.9;00:28.6;289.5;Rene BINDER;;LMP2 Pro/Am;;Proton Competition;Oreca;GF;28.151;38.861;28.649
88;3;111;01:34.2;0;;27.779;0;38.057;0;28.337;0;178;50:36.2;50:37.0;00:27.8;00:38.1;00:28.3;287.2;Rene BINDER;;LMP2 Pro/Am;;Proton Competition;Oreca;GF;27.779;38.057;28.337
88;3;112;01:35.8;0;;28.196;0;38.549;0;29.076;0;175;52:12.0;52:12.8;00:28.2;00:38.5;00:29.1;288.8;Rene BINDER;;LMP2 Pro/Am;;Proton Competition;Oreca;GF;28.196;38.549;29.076
88;3;113;01:35.0;0;;28.377;0;38.204;0;28.403;0;176.5;53:47.0;53:47.8;00:28.4;00:38.2;00:28.4;287.2;Rene BINDER;;LMP2 Pro/Am;;Proton Competition;Oreca;GF;28.377;38.204;28.403
88;3;114;01:33.6;0;;27.3;0;38.033;0;28.281;0;179.1;55:20.6;55:21.4;00:27.3;00:38.0;00:28.3;289.5;Rene BINDER;;LMP2 Pro/Am;;Proton Competition;Oreca;GF;27.3;38.033;28.281
88;3;115;01:34.1;0;;27.381;0;38.385;0;28.3;0;178.2;56:54.7;56:55.5;00:27.4;00:38.4;00:28.3;291.1;Rene BINDER;;LMP2 Pro/Am;;Proton Competition;Oreca;GF;27.381;38.385;28.3
88;3;116;01:33.8;0;;27.224;0;38.101;0;28.431;0;178.8;58:28.4;58:29.2;00:27.2;00:38.1;00:28.4;289.5;Rene BINDER;;LMP2 Pro/Am;;Proton Competition;Oreca;GF;27.224;38.101;28.431
88;3;117;01:33.8;0;;27.324;0;38.099;0;28.415;0;178.7;00:02.3;00:03.1;00:27.3;00:38.1;00:28.4;289.5;Rene BINDER;;LMP2 Pro/Am;;Proton Competition;Oreca;GF;27.324;38.099;28.415
88;3;118;01:35.4;0;;27.796;0;38.907;0;28.715;0;175.7;01:37.7;01:38.5;00:27.8;00:38.9;00:28.7;291.1;Rene BINDER;;LMP2 Pro/Am;;Proton Competition;Oreca;GF;27.796;38.907;28.715
88;3;119;01:35.0;0;;27.634;0;38.697;0;28.673;0;176.5;03:12.7;03:13.5;00:27.6;00:38.7;00:28.7;289.5;Rene BINDER;;LMP2 Pro/Am;;Proton Competition;Oreca;GF;27.634;38.697;28.673
88;3;120;01:37.4;0;;28.53;0;38.966;0;29.937;0;172.1;04:50.1;04:50.9;00:28.5;00:39.0;00:29.9;291.1;Rene BINDER;;LMP2 Pro/Am;;Proton Competition;Oreca;GF;28.53;38.966;29.937
88;3;121;01:38.3;0;;28.901;0;39.663;0;29.704;0;170.6;06:28.4;06:29.2;00:28.9;00:39.7;00:29.7;288.8;Rene BINDER;;LMP2 Pro/Am;;Proton Competition;Oreca;GF;28.901;39.663;29.704
88;3;122;01:35.5;0;;27.99;0;38.797;0;28.678;0;175.6;08:03.8;08:04.6;00:28.0;00:38.8;00:28.7;288.8;Rene BINDER;;LMP2 Pro/Am;;Proton Competition;Oreca;GF;27.99;38.797;28.678
88;3;123;01:35.8;0;;27.818;0;39.275;0;28.674;0;175.1;09:39.6;09:40.4;00:27.8;00:39.3;00:28.7;290.3;Rene BINDER;;LMP2 Pro/Am;;Proton Competition;Oreca;GF;27.818;39.275;28.674
88;3;124;01:34.4;0;;27.497;0;38.32;0;28.576;0;177.6;11:14.0;11:14.8;00:27.5;00:38.3;00:28.6;290.3;Rene BINDER;;LMP2 Pro/Am;;Proton Competition;Oreca;GF;27.497;38.32;28.576
88;3;125;01:34.8;0;;27.71;0;38.423;0;28.659;0;176.9;12:48.8;12:49.6;00:27.7;00:38.4;00:28.7;288.8;Rene BINDER;;LMP2 Pro/Am;;Proton Competition;Oreca;GF;27.71;38.423;28.659
88;3;126;01:36.3;0;;27.963;0;39.253;0;29.053;0;174.1;14:25.1;14:25.9;00:28.0;00:39.3;00:29.1;289.5;Rene BINDER;;LMP2 Pro/Am;;Proton Competition;Oreca;GF;27.963;39.253;29.053
88;3;127;01:36.0;0;;28.097;0;38.992;0;28.934;0;174.6;16:01.1;16:01.9;00:28.1;00:39.0;00:28.9;290.3;Rene BINDER;;LMP2 Pro/Am;;Proton Competition;Oreca;GF;28.097;38.992;28.934
88;3;128;01:36.3;0;;27.874;0;38.891;0;29.485;0;174.2;17:37.3;17:38.1;00:27.9;00:38.9;00:29.5;290.3;Rene BINDER;;LMP2 Pro/Am;;Proton Competition;Oreca;GF;27.874;38.891;29.485
88;3;129;01:41.5;0;B;27.952;0;38.97;0;34.573;0;165.2;19:18.8;19:19.6;00:28.0;00:39.0;00:34.6;288.8;Rene BINDER;;LMP2 Pro/Am;;Proton Competition;Oreca;GF;27.952;38.97;34.573
88;3;130;02:12.7;0;;01:05.0;0;38.772;0;28.916;0;126.4;21:31.5;21:32.3;01:05.0;00:38.8;00:28.9;210.1;Rene BINDER;00:40.6;LMP2 Pro/Am;;Proton Competition;Oreca;GF;64.98;38.772;28.916
88;3;131;01:37.1;0;;27.782;0;38.781;0;30.504;0;172.7;23:08.6;23:09.4;00:27.8;00:38.8;00:30.5;288;Rene BINDER;;LMP2 Pro/Am;;Proton Competition;Oreca;GF;27.782;38.781;30.504
88;3;132;01:36.0;0;;28.19;0;38.828;0;28.979;0;174.6;24:44.6;24:45.4;00:28.2;00:38.8;00:29.0;286.5;Rene BINDER;;LMP2 Pro/Am;;Proton Competition;Oreca;GF;28.19;38.828;28.979
88;3;133;01:37.3;0;;28.09;0;39.785;0;29.426;0;172.3;26:21.9;26:22.7;00:28.1;00:39.8;00:29.4;289.5;Rene BINDER;;LMP2 Pro/Am;;Proton Competition;Oreca;GF;28.09;39.785;29.426
88;3;134;01:37.5;0;;28.365;0;39.498;0;29.613;0;172;27:59.3;28:00.1;00:28.4;00:39.5;00:29.6;288.8;Rene BINDER;;LMP2 Pro/Am;;Proton Competition;Oreca;FF;28.365;39.498;29.613
99;1;1;02:09.0;0;;32.671;0;56.197;0;40.129;0;126.1;02:09.0;02:09.8;00:32.7;00:56.2;00:40.1;;PJ HYETT;;LMP2 Pro/Am;;AO by TF;Oreca;SF;32.671;56.197;40.129
99;1;2;03:54.6;0;;01:09.6;0;01:29.3;0;01:15.7;0;71.5;06:03.6;06:04.4;01:09.6;01:29.3;01:15.7;120.8;PJ HYETT;;LMP2 Pro/Am;;AO by TF;Oreca;RF;69.591;89.315;75.716
99;1;3;27:07.2;0;;25:12.1;0;01:09.2;0;45.926;0;10.3;33:10.8;33:11.6;25:12.1;01:09.2;00:45.9;128.7;PJ HYETT;;LMP2 Pro/Am;;AO by TF;Oreca;SF;1512.068;69.197;45.926
99;1;4;02:21.2;0;;47.905;0;53.281;0;40.045;0;118.7;35:32.0;35:32.8;00:47.9;00:53.3;00:40.0;;PJ HYETT;;LMP2 Pro/Am;;AO by TF;Oreca;GF;47.905;53.281;40.045
99;1;5;01:36.0;0;;28.304;0;38.924;0;28.787;0;174.6;37:08.1;37:08.9;00:28.3;00:38.9;00:28.8;289.5;PJ HYETT;;LMP2 Pro/Am;;AO by TF;Oreca;GF;28.304;38.924;28.787
99;1;6;01:34.3;0;;27.623;0;38.352;0;28.306;0;177.8;38:42.3;38:43.1;00:27.6;00:38.4;00:28.3;289.5;PJ HYETT;;LMP2 Pro/Am;;AO by TF;Oreca;GF;27.623;38.352;28.306
99;1;7;01:33.8;0;;27.362;0;38.223;0;28.258;0;178.7;40:16.2;40:17.0;00:27.4;00:38.2;00:28.3;291.9;PJ HYETT;;LMP2 Pro/Am;;AO by TF;Oreca;GF;27.362;38.223;28.258
99;1;8;01:34.1;0;;27.466;0;38.125;0;28.522;0;178.1;41:50.3;41:51.1;00:27.5;00:38.1;00:28.5;291.9;PJ HYETT;;LMP2 Pro/Am;;AO by TF;Oreca;GF;27.466;38.125;28.522
99;1;9;01:33.6;0;;27.594;0;37.97;1;28.006;1;179.2;43:23.9;43:24.7;00:27.6;00:38.0;00:28.0;290.3;PJ HYETT;;LMP2 Pro/Am;;AO by TF;Oreca;GF;27.594;37.97;28.006
99;1;10;01:33.4;0;;27.347;1;37.997;0;28.082;0;179.4;44:57.3;44:58.1;00:27.3;00:38.0;00:28.1;290.3;PJ HYETT;;LMP2 Pro/Am;;AO by TF;Oreca;GF;27.347;37.997;28.082
99;1;11;01:36.0;0;;28.12;0;38.255;0;29.617;0;174.7;46:33.3;46:34.1;00:28.1;00:38.3;00:29.6;284.2;PJ HYETT;;LMP2 Pro/Am;;AO by TF;Oreca;GF;28.12;38.255;29.617
99;1;12;01:36.0;0;;27.488;0;39.701;0;28.807;0;174.6;48:09.3;48:10.1;00:27.5;00:39.7;00:28.8;289.5;PJ HYETT;;LMP2 Pro/Am;;AO by TF;Oreca;GF;27.488;39.701;28.807
99;1;13;01:36.3;0;;27.827;0;38.836;0;29.639;0;174.1;49:45.6;49:46.4;00:27.8;00:38.8;00:29.6;293.5;PJ HYETT;;LMP2 Pro/Am;;AO by TF;Oreca;GF;27.827;38.836;29.639
99;1;14;01:37.8;0;;28.204;0;39.249;0;30.303;0;171.5;51:23.3;51:24.1;00:28.2;00:39.2;00:30.3;290.3;PJ HYETT;;LMP2 Pro/Am;;AO by TF;Oreca;GF;28.204;39.249;30.303
99;1;15;01:36.0;0;;27.722;0;38.547;0;29.738;0;174.6;52:59.3;53:00.1;00:27.7;00:38.5;00:29.7;290.3;PJ HYETT;;LMP2 Pro/Am;;AO by TF;Oreca;GF;27.722;38.547;29.738
99;1;16;01:35.4;0;;27.942;0;38.645;0;28.834;0;175.7;54:34.8;54:35.6;00:27.9;00:38.6;00:28.8;291.1;PJ HYETT;;LMP2 Pro/Am;;AO by TF;Oreca;GF;27.942;38.645;28.834
99;1;17;01:34.4;0;;27.53;0;38.505;0;28.34;0;177.6;56:09.1;56:09.9;00:27.5;00:38.5;00:28.3;291.9;PJ HYETT;;LMP2 Pro/Am;;AO by TF;Oreca;GF;27.53;38.505;28.34
99;1;18;01:36.4;0;;28.289;0;39.547;0;28.551;0;173.9;57:45.5;57:46.3;00:28.3;00:39.5;00:28.6;293.5;PJ HYETT;;LMP2 Pro/Am;;AO by TF;Oreca;GF;28.289;39.547;28.551
99;1;19;01:37.1;0;;27.432;0;39.064;0;30.647;0;172.6;59:22.7;59:23.5;00:27.4;00:39.1;00:30.6;290.3;PJ HYETT;;LMP2 Pro/Am;;AO by TF;Oreca;GF;27.432;39.064;30.647
99;1;20;01:36.9;0;;28.791;0;39.024;0;29.12;0;173;00:59.6;01:00.4;00:28.8;00:39.0;00:29.1;264.7;PJ HYETT;;LMP2 Pro/Am;;AO by TF;Oreca;GF;28.791;39.024;29.12
99;1;21;01:38.1;0;;28.788;0;39.958;0;29.376;0;170.9;02:37.7;02:38.5;00:28.8;00:40.0;00:29.4;291.9;PJ HYETT;;LMP2 Pro/Am;;AO by TF;Oreca;GF;28.788;39.958;29.376
99;1;22;01:35.6;0;;27.673;0;39.061;0;28.893;0;175.3;04:13.4;04:14.1;00:27.7;00:39.1;00:28.9;290.3;PJ HYETT;;LMP2 Pro/Am;;AO by TF;Oreca;GF;27.673;39.061;28.893
99;1;23;01:35.8;0;;27.703;0;39.772;0;28.334;0;175;05:49.2;05:50.0;00:27.7;00:39.8;00:28.3;293.5;PJ HYETT;;LMP2 Pro/Am;;AO by TF;Oreca;GF;27.703;39.772;28.334
99;1;24;01:35.8;0;;27.631;0;38.831;0;29.367;0;174.9;07:25.0;07:25.8;00:27.6;00:38.8;00:29.4;293.5;PJ HYETT;;LMP2 Pro/Am;;AO by TF;Oreca;GF;27.631;38.831;29.367
99;1;25;01:34.7;0;;27.813;0;38.377;0;28.551;0;177;08:59.7;09:00.5;00:27.8;00:38.4;00:28.6;291.1;PJ HYETT;;LMP2 Pro/Am;;AO by TF;Oreca;GF;27.813;38.377;28.551
99;1;26;01:35.1;0;;27.877;0;38.571;0;28.644;0;176.3;10:34.8;10:35.6;00:27.9;00:38.6;00:28.6;293.5;PJ HYETT;;LMP2 Pro/Am;;AO by TF;Oreca;GF;27.877;38.571;28.644
99;1;27;01:35.8;0;;27.694;0;39.033;0;29.072;0;175;12:10.6;12:11.4;00:27.7;00:39.0;00:29.1;291.1;PJ HYETT;;LMP2 Pro/Am;;AO by TF;Oreca;GF;27.694;39.033;29.072
99;1;28;01:42.1;0;B;27.968;0;39.598;0;34.518;0;164.2;13:52.7;13:53.5;00:28.0;00:39.6;00:34.5;291.9;PJ HYETT;;LMP2 Pro/Am;;AO by TF;Oreca;GF;27.968;39.598;34.518
99;1;29;02:22.3;0;;01:13.5;0;39.691;0;29.096;0;117.8;16:15.0;16:15.8;01:13.5;00:39.7;00:29.1;209.3;PJ HYETT;00:48.6;LMP2 Pro/Am;;AO by TF;Oreca;GF;73.509;39.691;29.096
99;1;30;01:36.3;0;;28.184;0;38.829;0;29.239;0;174.2;17:51.3;17:52.1;00:28.2;00:38.8;00:29.2;289.5;PJ HYETT;;LMP2 Pro/Am;;AO by TF;Oreca;GF;28.184;38.829;29.239
99;1;31;01:36.2;0;;28.04;0;39.167;0;28.977;0;174.3;19:27.4;19:28.2;00:28.0;00:39.2;00:29.0;291.1;PJ HYETT;;LMP2 Pro/Am;;AO by TF;Oreca;GF;28.04;39.167;28.977
99;1;32;01:37.9;0;;27.873;0;39.781;0;30.293;0;171.2;21:05.4;21:06.2;00:27.9;00:39.8;00:30.3;291.1;PJ HYETT;;LMP2 Pro/Am;;AO by TF;Oreca;GF;27.873;39.781;30.293
99;1;33;01:36.4;0;;28.615;0;38.805;0;28.958;0;174;22:41.8;22:42.6;00:28.6;00:38.8;00:29.0;286.5;PJ HYETT;;LMP2 Pro/Am;;AO by TF;Oreca;GF;28.615;38.805;28.958
99;1;34;01:37.1;0;;28.222;0;39.826;0;29.092;0;172.6;24:18.9;24:19.7;00:28.2;00:39.8;00:29.1;289.5;PJ HYETT;;LMP2 Pro/Am;;AO by TF;Oreca;GF;28.222;39.826;29.092
99;1;35;01:37.6;0;;28.455;0;40.254;0;28.88;0;171.8;25:56.5;25:57.3;00:28.5;00:40.3;00:28.9;291.9;PJ HYETT;;LMP2 Pro/Am;;AO by TF;Oreca;GF;28.455;40.254;28.88
99;1;36;01:35.6;0;;27.881;0;38.736;0;28.956;0;175.4;27:32.1;27:32.9;00:27.9;00:38.7;00:29.0;291.9;PJ HYETT;;LMP2 Pro/Am;;AO by TF;Oreca;GF;27.881;38.736;28.956
99;1;37;01:36.4;0;;28.734;0;38.86;0;28.82;0;173.9;29:08.5;29:09.3;00:28.7;00:38.9;00:28.8;291.9;PJ HYETT;;LMP2 Pro/Am;;AO by TF;Oreca;GF;28.734;38.86;28.82
99;1;38;01:41.7;0;B;28.211;0;39.082;0;34.418;0;164.8;30:50.2;30:51.0;00:28.2;00:39.1;00:34.4;290.3;PJ HYETT;;LMP2 Pro/Am;;AO by TF;Oreca;GF;28.211;39.082;34.418
99;3;39;03:02.7;0;;01:53.0;0;40.456;0;29.206;0;91.8;33:52.9;33:53.6;01:53.0;00:40.5;00:29.2;205.7;Dane CAMERON;01:26.2;LMP2 Pro/Am;;AO by TF;Oreca;GF;112.998;40.456;29.206
99;3;40;03:11.7;0;;54.98;0;01:19.3;0;57.466;0;87.4;37:04.6;37:05.4;00:55.0;01:19.3;00:57.5;158.1;Dane CAMERON;;LMP2 Pro/Am;;AO by TF;Oreca;GF;54.98;79.3;57.466
99;3;41;03:30.4;0;;01:13.3;0;01:20.0;0;57.111;0;79.7;40:35.0;40:35.8;01:13.3;01:20.0;00:57.1;;Dane CAMERON;;LMP2 Pro/Am;;AO by TF;Oreca;GF;73.343;79.955;57.111
99;3;42;02:29.8;0;;01:07.3;0;48.247;0;34.221;0;111.9;43:04.8;43:05.6;01:07.3;00:48.2;00:34.2;;Dane CAMERON;;LMP2 Pro/Am;;AO by TF;Oreca;SF;67.311;48.247;34.221
99;3;43;03:25.7;0;;01:02.0;0;01:21.8;0;01:01.9;0;81.5;46:30.5;46:31.3;01:02.0;01:21.8;01:01.9;;Dane CAMERON;;LMP2 Pro/Am;;AO by TF;Oreca;SF;62.014;81.761;61.914
99;3;44;03:01.8;0;;01:12.6;0;01:07.2;0;41.974;0;92.2;49:32.3;49:33.1;01:12.6;01:07.2;00:42.0;;Dane CAMERON;;LMP2 Pro/Am;;AO by TF;Oreca;SF;72.605;67.217;41.974
99;3;45;02:12.3;0;;39.221;0;52.107;0;40.933;0;126.8;51:44.5;51:45.3;00:39.2;00:52.1;00:40.9;168.2;Dane CAMERON;;LMP2 Pro/Am;;AO by TF;Oreca;GF;39.221;52.107;40.933
99;3;46;01:34.0;0;;28.19;0;38.167;0;27.63;0;178.4;53:18.5;53:19.3;00:28.2;00:38.2;00:27.6;287.2;Dane CAMERON;;LMP2 Pro/Am;;AO by TF;Oreca;GF;28.19;38.167;27.63
99;3;47;01:32.1;0;;27.185;0;37.365;1;27.584;1;182;54:50.7;54:51.4;00:27.2;00:37.4;00:27.6;288.8;Dane CAMERON;;LMP2 Pro/Am;;AO by TF;Oreca;GF;27.185;37.365;27.584
99;3;48;01:32.2;0;;27.103;0;37.367;0;27.713;0;181.9;56:22.8;56:23.6;00:27.1;00:37.4;00:27.7;290.3;Dane CAMERON;;LMP2 Pro/Am;;AO by TF;Oreca;GF;27.103;37.367;27.713
99;3;49;01:32.6;0;;27.098;0;37.632;0;27.857;0;181.1;57:55.4;57:56.2;00:27.1;00:37.6;00:27.9;289.5;Dane CAMERON;;LMP2 Pro/Am;;AO by TF;Oreca;GF;27.098;37.632;27.857
99;3;50;01:32.6;0;;27.138;0;37.595;0;27.825;0;181.1;59:28.0;59:28.8;00:27.1;00:37.6;00:27.8;290.3;Dane CAMERON;;LMP2 Pro/Am;;AO by TF;Oreca;GF;27.138;37.595;27.825
99;3;51;01:33.1;0;;27.016;1;37.664;0;28.38;0;180.2;01:01.0;01:01.8;00:27.0;00:37.7;00:28.4;290.3;Dane CAMERON;;LMP2 Pro/Am;;AO by TF;Oreca;GF;27.016;37.664;28.38
99;3;52;01:38.4;0;;27.951;0;38.913;0;31.548;0;170.4;02:39.5;02:40.2;00:28.0;00:38.9;00:31.5;292.7;Dane CAMERON;;LMP2 Pro/Am;;AO by TF;Oreca;GF;27.951;38.913;31.548
99;3;53;01:59.5;0;;28.094;0;40.18;0;51.261;0;140.3;04:39.0;04:39.8;00:28.1;00:40.2;00:51.3;293.5;Dane CAMERON;;LMP2 Pro/Am;;AO by TF;Oreca;FCY;28.094;40.18;51.261
99;3;54;02:42.0;0;;01:13.8;0;58.359;0;29.847;0;103.5;07:21.0;07:21.8;01:13.8;00:58.4;00:29.8;;Dane CAMERON;;LMP2 Pro/Am;;AO by TF;Oreca;GF;73.763;58.359;29.847
99;3;55;01:34.5;0;;27.815;0;38.355;0;28.379;0;177.3;08:55.5;08:56.3;00:27.8;00:38.4;00:28.4;287.2;Dane CAMERON;;LMP2 Pro/Am;;AO by TF;Oreca;GF;27.815;38.355;28.379
99;3;56;01:33.8;0;;27.478;0;38.127;0;28.192;0;178.7;10:29.3;10:30.1;00:27.5;00:38.1;00:28.2;288.8;Dane CAMERON;;LMP2 Pro/Am;;AO by TF;Oreca;GF;27.478;38.127;28.192
99;3;57;01:34.2;0;;27.76;0;38.219;0;28.234;0;177.9;12:03.5;12:04.3;00:27.8;00:38.2;00:28.2;291.1;Dane CAMERON;;LMP2 Pro/Am;;AO by TF;Oreca;GF;27.76;38.219;28.234
99;3;58;01:33.6;0;;27.39;0;37.982;0;28.212;0;179.1;13:37.1;13:37.9;00:27.4;00:38.0;00:28.2;288.8;Dane CAMERON;;LMP2 Pro/Am;;AO by TF;Oreca;GF;27.39;37.982;28.212
99;3;59;01:33.9;0;;27.875;0;37.946;0;28.096;0;178.5;15:11.0;15:11.8;00:27.9;00:37.9;00:28.1;289.5;Dane CAMERON;;LMP2 Pro/Am;;AO by TF;Oreca;GF;27.875;37.946;28.096
99;3;60;01:34.5;0;;27.293;0;38.537;0;28.7;0;177.4;16:45.5;16:46.3;00:27.3;00:38.5;00:28.7;289.5;Dane CAMERON;;LMP2 Pro/Am;;AO by TF;Oreca;GF;27.293;38.537;28.7
99;3;61;01:33.5;0;;27.313;0;37.944;0;28.205;0;179.4;18:19.0;18:19.8;00:27.3;00:37.9;00:28.2;290.3;Dane CAMERON;;LMP2 Pro/Am;;AO by TF;Oreca;GF;27.313;37.944;28.205
99;3;62;01:35.8;0;;27.363;0;37.993;0;30.424;0;175;19:54.8;19:55.6;00:27.4;00:38.0;00:30.4;290.3;Dane CAMERON;;LMP2 Pro/Am;;AO by TF;Oreca;GF;27.363;37.993;30.424
99;3;63;01:35.9;0;;28.468;0;38.811;0;28.645;0;174.8;21:30.7;21:31.5;00:28.5;00:38.8;00:28.6;289.5;Dane CAMERON;;LMP2 Pro/Am;;AO by TF;Oreca;GF;28.468;38.811;28.645
99;3;64;01:35.1;0;;27.537;0;38.445;0;29.095;0;176.3;23:05.8;23:06.6;00:27.5;00:38.4;00:29.1;290.3;Dane CAMERON;;LMP2 Pro/Am;;AO by TF;Oreca;GF;27.537;38.445;29.095
99;3;65;01:34.9;0;;27.842;0;38.462;0;28.61;0;176.6;24:40.7;24:41.5;00:27.8;00:38.5;00:28.6;290.3;Dane CAMERON;;LMP2 Pro/Am;;AO by TF;Oreca;GF;27.842;38.462;28.61
99;3;66;01:34.6;0;;27.837;0;38.272;0;28.491;0;177.2;26:15.3;26:16.1;00:27.8;00:38.3;00:28.5;288.8;Dane CAMERON;;LMP2 Pro/Am;;AO by TF;Oreca;GF;27.837;38.272;28.491
99;3;67;01:35.6;0;;27.58;0;39.511;0;28.473;0;175.4;27:50.9;27:51.7;00:27.6;00:39.5;00:28.5;289.5;Dane CAMERON;;LMP2 Pro/Am;;AO by TF;Oreca;GF;27.58;39.511;28.473
99;3;68;09:40.8;0;B;27.492;0;38.892;0;08:34.4;0;28.9;37:31.6;37:32.4;00:27.5;00:38.9;08:34.4;289.5;Dane CAMERON;;LMP2 Pro/Am;;AO by TF;Oreca;GF;27.492;38.892;514.369
99;2;69;03:42.5;0;;02:06.0;0;45.817;0;50.753;0;75.3;41:14.2;41:15.0;02:06.0;00:45.8;00:50.8;154.5;Louis DELÉTRAZ;01:27.9;LMP2 Pro/Am;;AO by TF;Oreca;SF;125.975;45.817;50.753
99;2;70;03:20.1;0;;55.957;0;01:23.4;0;01:00.8;0;83.8;44:34.3;44:35.1;00:56.0;01:23.4;01:00.8;158.4;Louis DELÉTRAZ;;LMP2 Pro/Am;;AO by TF;Oreca;SF;55.957;83.356;60.83
99;2;71;02:52.5;0;;01:05.9;0;01:05.4;0;41.138;0;97.2;47:26.8;47:27.6;01:05.9;01:05.4;00:41.1;123.7;Louis DELÉTRAZ;;LMP2 Pro/Am;;AO by TF;Oreca;SF;65.886;65.431;41.138
99;2;72;02:18.5;0;;41.5;0;51.219;0;45.777;0;121.1;49:45.3;49:46.1;00:41.5;00:51.2;00:45.8;167.7;Louis DELÉTRAZ;;LMP2 Pro/Am;;AO by TF;Oreca;GF;41.5;51.219;45.777
99;2;73;01:35.1;0;;28.585;0;38.393;0;28.158;0;176.2;51:20.4;51:21.2;00:28.6;00:38.4;00:28.2;287.2;Louis DELÉTRAZ;;LMP2 Pro/Am;;AO by TF;Oreca;GF;28.585;38.393;28.158
99;2;74;01:32.2;0;;27.42;0;37.07;2;27.703;0;181.8;52:52.6;52:53.4;00:27.4;00:37.1;00:27.7;288;Louis DELÉTRAZ;;LMP2 Pro/Am;;AO by TF;Oreca;GF;27.42;37.07;27.703
99;2;75;01:32.0;2;;27.466;0;37.143;0;27.429;2;182.2;54:24.6;54:25.4;00:27.5;00:37.1;00:27.4;288.8;Louis DELÉTRAZ;;LMP2 Pro/Am;;AO by TF;Oreca;GF;27.466;37.143;27.429
99;2;76;01:32.2;0;;27.065;0;37.396;0;27.764;0;181.8;55:56.9;55:57.6;00:27.1;00:37.4;00:27.8;288.8;Louis DELÉTRAZ;;LMP2 Pro/Am;;AO by TF;Oreca;GF;27.065;37.396;27.764
99;2;77;01:32.2;0;;26.915;2;37.475;0;27.816;0;181.8;57:29.1;57:29.9;00:26.9;00:37.5;00:27.8;289.5;Louis DELÉTRAZ;;LMP2 Pro/Am;;AO by TF;Oreca;GF;26.915;37.475;27.816
99;2;78;01:32.6;0;;27.067;0;37.556;0;27.979;0;181;59:01.7;59:02.5;00:27.1;00:37.6;00:28.0;290.3;Louis DELÉTRAZ;;LMP2 Pro/Am;;AO by TF;Oreca;GF;27.067;37.556;27.979
99;2;79;01:35.8;0;;28.203;0;37.955;0;29.605;0;175.1;00:37.4;00:38.2;00:28.2;00:38.0;00:29.6;276.9;Louis DELÉTRAZ;;LMP2 Pro/Am;;AO by TF;Oreca;GF;28.203;37.955;29.605
99;2;80;01:33.5;0;;27.352;0;37.772;0;28.388;0;179.3;02:10.9;02:11.7;00:27.4;00:37.8;00:28.4;288;Louis DELÉTRAZ;;LMP2 Pro/Am;;AO by TF;Oreca;GF;27.352;37.772;28.388
99;2;81;01:59.1;0;;28.44;0;39.267;0;51.425;0;140.7;04:10.1;04:10.9;00:28.4;00:39.3;00:51.4;292.7;Louis DELÉTRAZ;;LMP2 Pro/Am;;AO by TF;Oreca;FCY;28.44;39.267;51.425
99;2;82;02:37.7;0;;01:12.7;0;56.26;0;28.656;0;106.3;06:47.7;06:48.5;01:12.7;00:56.3;00:28.7;;Louis DELÉTRAZ;;LMP2 Pro/Am;;AO by TF;Oreca;GF;72.734;56.26;28.656
99;2;83;01:35.4;0;;27.659;0;38.981;0;28.746;0;175.8;08:23.1;08:23.9;00:27.7;00:39.0;00:28.7;288;Louis DELÉTRAZ;;LMP2 Pro/Am;;AO by TF;Oreca;GF;27.659;38.981;28.746
99;2;84;01:33.3;0;;27.374;0;37.705;0;28.21;0;179.7;09:56.4;09:57.2;00:27.4;00:37.7;00:28.2;288;Louis DELÉTRAZ;;LMP2 Pro/Am;;AO by TF;Oreca;GF;27.374;37.705;28.21
99;2;85;01:33.0;0;;27.438;0;37.532;0;28.016;0;180.3;11:29.4;11:30.2;00:27.4;00:37.5;00:28.0;288.8;Louis DELÉTRAZ;;LMP2 Pro/Am;;AO by TF;Oreca;GF;27.438;37.532;28.016
99;2;86;01:32.9;0;;27.321;0;37.7;0;27.905;0;180.4;13:02.3;13:03.1;00:27.3;00:37.7;00:27.9;289.5;Louis DELÉTRAZ;;LMP2 Pro/Am;;AO by TF;Oreca;GF;27.321;37.7;27.905
99;2;87;01:34.2;0;;27.609;0;37.885;0;28.704;0;178;14:36.5;14:37.3;00:27.6;00:37.9;00:28.7;290.3;Louis DELÉTRAZ;;LMP2 Pro/Am;;AO by TF;Oreca;GF;27.609;37.885;28.704
99;2;88;01:34.4;0;;27.818;0;38.455;0;28.175;0;177.5;16:10.9;16:11.7;00:27.8;00:38.5;00:28.2;289.5;Louis DELÉTRAZ;;LMP2 Pro/Am;;AO by TF;Oreca;GF;27.818;38.455;28.175
99;2;89;01:32.9;0;;27.184;0;37.608;0;28.157;0;180.4;17:43.9;17:44.7;00:27.2;00:37.6;00:28.2;290.3;Louis DELÉTRAZ;;LMP2 Pro/Am;;AO by TF;Oreca;GF;27.184;37.608;28.157
99;2;90;01:34.5;0;;27.487;0;38.643;0;28.343;0;177.5;19:18.4;19:19.2;00:27.5;00:38.6;00:28.3;291.1;Louis DELÉTRAZ;;LMP2 Pro/Am;;AO by TF;Oreca;GF;27.487;38.643;28.343
99;2;91;01:35.8;0;;27.191;0;38.332;0;30.266;0;175;20:54.2;20:55.0;00:27.2;00:38.3;00:30.3;289.5;Louis DELÉTRAZ;;LMP2 Pro/Am;;AO by TF;Oreca;GF;27.191;38.332;30.266
99;2;92;02:40.5;0;;55.346;0;01:16.1;0;29.076;0;104.4;23:34.7;23:35.5;00:55.3;01:16.1;00:29.1;;Louis DELÉTRAZ;;LMP2 Pro/Am;;AO by TF;Oreca;GF;55.346;76.127;29.076
99;2;93;01:33.8;0;;27.038;0;37.615;0;29.142;0;178.7;25:08.5;25:09.3;00:27.0;00:37.6;00:29.1;288;Louis DELÉTRAZ;;LMP2 Pro/Am;;AO by TF;Oreca;GF;27.038;37.615;29.142
99;2;94;01:34.5;0;;27.284;0;37.892;0;29.355;0;177.4;26:43.0;26:43.8;00:27.3;00:37.9;00:29.4;286.5;Louis DELÉTRAZ;;LMP2 Pro/Am;;AO by TF;Oreca;GF;27.284;37.892;29.355
99;2;95;01:33.5;0;;27.254;0;37.63;0;28.662;0;179.2;28:16.6;28:17.4;00:27.3;00:37.6;00:28.7;287.2;Louis DELÉTRAZ;;LMP2 Pro/Am;;AO by TF;Oreca;GF;27.254;37.63;28.662
99;2;96;01:33.7;0;;27.369;0;38.276;0;28.021;0;179;29:50.2;29:51.0;00:27.4;00:38.3;00:28.0;288;Louis DELÉTRAZ;;LMP2 Pro/Am;;AO by TF;Oreca;GF;27.369;38.276;28.021
99;2;97;01:33.1;0;;27.034;0;38.081;0;28.02;0;180;31:23.4;31:24.2;00:27.0;00:38.1;00:28.0;288.8;Louis DELÉTRAZ;;LMP2 Pro/Am;;AO by TF;Oreca;GF;27.034;38.081;28.02
99;2;98;01:38.1;0;B;27.09;0;37.643;0;33.393;0;170.9;33:01.5;33:02.3;00:27.1;00:37.6;00:33.4;288.8;Louis DELÉTRAZ;;LMP2 Pro/Am;;AO by TF;Oreca;GF;27.09;37.643;33.393
99;2;99;02:54.7;0;;01:47.2;0;38.809;0;28.711;0;96;35:56.2;35:57.0;01:47.2;00:38.8;00:28.7;207.3;Louis DELÉTRAZ;01:21.3;LMP2 Pro/Am;;AO by TF;Oreca;GF;107.163;38.809;28.711
99;2;100;01:34.4;0;;28.121;0;37.973;0;28.289;0;177.6;37:30.6;37:31.4;00:28.1;00:38.0;00:28.3;283.5;Louis DELÉTRAZ;;LMP2 Pro/Am;;AO by TF;Oreca;GF;28.121;37.973;28.289
99;2;101;01:36.2;0;;27.262;0;37.992;0;30.952;0;174.3;39:06.8;39:07.6;00:27.3;00:38.0;00:31.0;288;Louis DELÉTRAZ;;LMP2 Pro/Am;;AO by TF;Oreca;GF;27.262;37.992;30.952
99;2;102;01:33.0;0;;27.332;0;37.629;0;28.087;0;180.2;40:39.8;40:40.6;00:27.3;00:37.6;00:28.1;285;Louis DELÉTRAZ;;LMP2 Pro/Am;;AO by TF;Oreca;GF;27.332;37.629;28.087
99;2;103;01:34.0;0;;28.141;0;37.901;0;27.94;0;178.4;42:13.8;42:14.6;00:28.1;00:37.9;00:27.9;290.3;Louis DELÉTRAZ;;LMP2 Pro/Am;;AO by TF;Oreca;GF;28.141;37.901;27.94
99;2;104;01:34.5;0;;27.357;0;38.361;0;28.805;0;177.4;43:48.3;43:49.1;00:27.4;00:38.4;00:28.8;289.5;Louis DELÉTRAZ;;LMP2 Pro/Am;;AO by TF;Oreca;GF;27.357;38.361;28.805
99;2;105;01:34.9;0;;27.515;0;38.1;0;29.252;0;176.7;45:23.2;45:24.0;00:27.5;00:38.1;00:29.3;288;Louis DELÉTRAZ;;LMP2 Pro/Am;;AO by TF;Oreca;GF;27.515;38.1;29.252
99;2;106;01:34.0;0;;27.58;0;38.087;0;28.37;0;178.3;46:57.2;46:58.0;00:27.6;00:38.1;00:28.4;288;Louis DELÉTRAZ;;LMP2 Pro/Am;;AO by TF;Oreca;GF;27.58;38.087;28.37
99;2;107;01:33.9;0;;27.346;0;38.146;0;28.361;0;178.6;48:31.1;48:31.9;00:27.3;00:38.1;00:28.4;288.8;Louis DELÉTRAZ;;LMP2 Pro/Am;;AO by TF;Oreca;GF;27.346;38.146;28.361
99;2;108;01:34.2;0;;27.448;0;38.406;0;28.337;0;178;50:05.3;50:06.1;00:27.4;00:38.4;00:28.3;288.8;Louis DELÉTRAZ;;LMP2 Pro/Am;;AO by TF;Oreca;GF;27.448;38.406;28.337
99;2;109;01:36.1;0;;27.719;0;39.497;0;28.861;0;174.5;51:41.4;51:42.2;00:27.7;00:39.5;00:28.9;290.3;Louis DELÉTRAZ;;LMP2 Pro/Am;;AO by TF;Oreca;GF;27.719;39.497;28.861
99;2;110;01:33.9;0;;27.581;0;38.011;0;28.289;0;178.6;53:15.2;53:16.0;00:27.6;00:38.0;00:28.3;289.5;Louis DELÉTRAZ;;LMP2 Pro/Am;;AO by TF;Oreca;GF;27.581;38.011;28.289
99;2;111;01:34.9;0;;27.698;0;38.729;0;28.442;0;176.7;54:50.1;54:50.9;00:27.7;00:38.7;00:28.4;288.8;Louis DELÉTRAZ;;LMP2 Pro/Am;;AO by TF;Oreca;GF;27.698;38.729;28.442
99;2;112;01:34.2;0;;27.482;0;38.203;0;28.542;0;177.9;56:24.3;56:25.1;00:27.5;00:38.2;00:28.5;288.8;Louis DELÉTRAZ;;LMP2 Pro/Am;;AO by TF;Oreca;GF;27.482;38.203;28.542
99;2;113;01:34.3;0;;27.744;0;38.089;0;28.466;0;177.8;57:58.6;57:59.4;00:27.7;00:38.1;00:28.5;290.3;Louis DELÉTRAZ;;LMP2 Pro/Am;;AO by TF;Oreca;GF;27.744;38.089;28.466
99;2;114;01:36.9;0;;28.014;0;39.293;0;29.567;0;173.1;59:35.5;59:36.3;00:28.0;00:39.3;00:29.6;288.8;Louis DELÉTRAZ;;LMP2 Pro/Am;;AO by TF;Oreca;GF;28.014;39.293;29.567
99;2;115;01:36.1;0;;28.334;0;38.804;0;28.987;0;174.4;01:11.6;01:12.4;00:28.3;00:38.8;00:29.0;286.5;Louis DELÉTRAZ;;LMP2 Pro/Am;;AO by TF;Oreca;GF;28.334;38.804;28.987
99;2;116;01:34.3;0;;27.968;0;37.978;0;28.354;0;177.8;02:45.9;02:46.7;00:28.0;00:38.0;00:28.4;290.3;Louis DELÉTRAZ;;LMP2 Pro/Am;;AO by TF;Oreca;GF;27.968;37.978;28.354
99;2;117;01:34.3;0;;27.676;0;38.343;0;28.257;0;177.8;04:20.2;04:21.0;00:27.7;00:38.3;00:28.3;290.3;Louis DELÉTRAZ;;LMP2 Pro/Am;;AO by TF;Oreca;GF;27.676;38.343;28.257
99;2;118;01:34.1;0;;27.515;0;38.134;0;28.457;0;178.2;05:54.3;05:55.1;00:27.5;00:38.1;00:28.5;289.5;Louis DELÉTRAZ;;LMP2 Pro/Am;;AO by TF;Oreca;GF;27.515;38.134;28.457
99;2;119;01:34.1;0;;27.579;0;38.089;0;28.464;0;178.1;07:28.4;07:29.2;00:27.6;00:38.1;00:28.5;288;Louis DELÉTRAZ;;LMP2 Pro/Am;;AO by TF;Oreca;GF;27.579;38.089;28.464
99;2;120;01:34.7;0;;27.733;0;38.459;0;28.509;0;177;09:03.1;09:03.9;00:27.7;00:38.5;00:28.5;288;Louis DELÉTRAZ;;LMP2 Pro/Am;;AO by TF;Oreca;GF;27.733;38.459;28.509
99;2;121;01:34.4;0;;27.445;0;38.464;0;28.469;0;177.6;10:37.5;10:38.3;00:27.4;00:38.5;00:28.5;288.8;Louis DELÉTRAZ;;LMP2 Pro/Am;;AO by TF;Oreca;GF;27.445;38.464;28.469
99;2;122;01:34.7;0;;27.797;0;38.283;0;28.577;0;177.1;12:12.2;12:13.0;00:27.8;00:38.3;00:28.6;288.8;Louis DELÉTRAZ;;LMP2 Pro/Am;;AO by TF;Oreca;GF;27.797;38.283;28.577
99;2;123;01:35.5;0;;28.193;0;38.532;0;28.813;0;175.5;13:47.7;13:48.5;00:28.2;00:38.5;00:28.8;285;Louis DELÉTRAZ;;LMP2 Pro/Am;;AO by TF;Oreca;GF;28.193;38.532;28.813
99;2;124;01:36.5;0;;27.878;0;39.287;0;29.286;0;173.8;15:24.2;15:25.0;00:27.9;00:39.3;00:29.3;288;Louis DELÉTRAZ;;LMP2 Pro/Am;;AO by TF;Oreca;GF;27.878;39.287;29.286
99;2;125;01:42.2;0;B;28.157;0;39.716;0;34.338;0;164;17:06.4;17:07.2;00:28.2;00:39.7;00:34.3;287.2;Louis DELÉTRAZ;;LMP2 Pro/Am;;AO by TF;Oreca;GF;28.157;39.716;34.338
99;2;126;02:11.3;0;;01:03.7;0;38.639;0;29.029;0;127.6;19:17.7;19:18.5;01:03.7;00:38.6;00:29.0;210.1;Louis DELÉTRAZ;00:39.3;LMP2 Pro/Am;;AO by TF;Oreca;GF;63.677;38.639;29.029
99;2;127;01:37.4;0;;28.648;0;39.268;0;29.446;0;172.2;20:55.1;20:55.9;00:28.6;00:39.3;00:29.4;287.2;Louis DELÉTRAZ;;LMP2 Pro/Am;;AO by TF;Oreca;GF;28.648;39.268;29.446
99;2;128;01:35.3;0;;27.722;0;38.631;0;28.978;0;175.9;22:30.4;22:31.2;00:27.7;00:38.6;00:29.0;287.2;Louis DELÉTRAZ;;LMP2 Pro/Am;;AO by TF;Oreca;GF;27.722;38.631;28.978
99;2;129;01:38.2;0;;28.883;0;38.709;0;30.573;0;170.8;24:08.6;24:09.4;00:28.9;00:38.7;00:30.6;270;Louis DELÉTRAZ;;LMP2 Pro/Am;;AO by TF;Oreca;GF;28.883;38.709;30.573
99;2;130;01:36.6;0;;28.489;0;38.933;0;29.151;0;173.6;25:45.2;25:46.0;00:28.5;00:38.9;00:29.2;286.5;Louis DELÉTRAZ;;LMP2 Pro/Am;;AO by TF;Oreca;GF;28.489;38.933;29.151
99;2;131;01:37.4;0;;28.268;0;39.247;0;29.88;0;172.1;27:22.6;27:23.3;00:28.3;00:39.2;00:29.9;289.5;Louis DELÉTRAZ;;LMP2 Pro/Am;;AO by TF;Oreca;FF;28.268;39.247;29.88
