NUMBER; DRIVER_NUMBER; LAP_NUMBER; LAP_TIME; LAP_IMPROVEMENT; CROSSING_FINISH_LINE_IN_PIT; S1; S1_IMPROVEMENT; S2; S2_IMPROVEMENT; S3; S3_IMPROVEMENT; KPH; ELAPSED; HOUR;S1_LARGE;S2_LARGE;S3_LARGE;TOP_SPEED;DRIVER_NAME;PIT_TIME;CLASS;GROUP;TEAM;MANUFACTURER;FLAG_AT_FL;S1_SECONDS;S2_SECONDS;S3_SECONDS;
10;1;1;2:01.517;0;;40.263;0;31.638;0;49.616;0;170.3;2:01.517;12:02:37.404;0:40.263;0:31.638;0:49.616;257.1;Ryan CULLEN;;LMP2;;Vector Sport;Oreca;GF;40.263;31.638;49.616;
10;1;2;1:51.150;0;;33.280;0;29.352;0;48.518;0;190.8;3:52.667;12:04:28.554;0:33.280;0:29.352;0:48.518;273.4;Ryan CULLEN;;LMP2;;Vector Sport;Oreca;GF;33.280;29.352;48.518;
10;1;3;1:49.368;0;;32.086;0;29.184;0;48.098;0;193.9;5:42.035;12:06:17.922;0:32.086;0:29.184;0:48.098;274.1;Ryan CULLEN;;LMP2;;Vector Sport;Oreca;GF;32.086;29.184;48.098;
10;1;4;1:48.860;0;;32.254;0;28.316;0;48.290;0;194.8;7:30.895;12:08:06.782;0:32.254;0:28.316;0:48.290;273.4;Ryan CULLEN;;LMP2;;Vector Sport;Oreca;GF;32.254;28.316;48.290;
10;1;5;1:49.006;0;;32.099;0;28.690;0;48.217;0;194.6;9:19.901;12:09:55.788;0:32.099;0:28.690;0:48.217;274.1;Ryan CULLEN;;LMP2;;Vector Sport;Oreca;GF;32.099;28.690;48.217;
10;1;6;1:49.634;0;;31.794;0;28.707;0;49.133;0;193.4;11:09.535;12:11:45.422;0:31.794;0:28.707;0:49.133;274.1;Ryan CULLEN;;LMP2;;Vector Sport;Oreca;GF;31.794;28.707;49.133;
10;1;7;1:49.062;0;;32.869;0;28.358;0;47.835;0;194.5;12:58.597;12:13:34.484;0:32.869;0:28.358;0:47.835;270.7;Ryan CULLEN;;LMP2;;Vector Sport;Oreca;GF;32.869;28.358;47.835;
10;1;8;1:51.791;0;;31.744;0;29.325;0;50.722;0;189.7;14:50.388;12:15:26.275;0:31.744;0:29.325;0:50.722;274.1;Ryan CULLEN;;LMP2;;Vector Sport;Oreca;GF;31.744;29.325;50.722;
10;1;9;1:50.782;0;;31.944;0;30.402;0;48.436;0;191.4;16:41.170;12:17:17.057;0:31.944;0:30.402;0:48.436;276.9;Ryan CULLEN;;LMP2;;Vector Sport;Oreca;GF;31.944;30.402;48.436;
10;1;10;1:50.435;0;;32.865;0;29.098;0;48.472;0;192.0;18:31.605;12:19:07.492;0:32.865;0:29.098;0:48.472;272.7;Ryan CULLEN;;LMP2;;Vector Sport;Oreca;GF;32.865;29.098;48.472;
10;1;11;1:49.204;0;;31.860;0;29.164;0;48.180;0;194.2;20:20.809;12:20:56.696;0:31.860;0:29.164;0:48.180;273.4;Ryan CULLEN;;LMP2;;Vector Sport;Oreca;GF;31.860;29.164;48.180;
10;1;12;1:49.588;0;;31.843;0;29.610;0;48.135;0;193.5;22:10.397;12:22:46.284;0:31.843;0:29.610;0:48.135;273.4;Ryan CULLEN;;LMP2;;Vector Sport;Oreca;GF;31.843;29.610;48.135;
10;1;13;1:50.008;0;;33.325;0;28.333;0;48.350;0;192.8;24:00.405;12:24:36.292;0:33.325;0:28.333;0:48.350;271.4;Ryan CULLEN;;LMP2;;Vector Sport;Oreca;GF;33.325;28.333;48.350;
10;1;14;1:48.909;0;;31.950;0;29.165;0;47.794;0;194.7;25:49.314;12:26:25.201;0:31.950;0:29.165;0:47.794;272.7;Ryan CULLEN;;LMP2;;Vector Sport;Oreca;GF;31.950;29.165;47.794;
10;1;15;1:48.920;0;;31.793;0;29.125;0;48.002;0;194.7;27:38.234;12:28:14.121;0:31.793;0:29.125;0:48.002;274.8;Ryan CULLEN;;LMP2;;Vector Sport;Oreca;GF;31.793;29.125;48.002;
10;1;16;1:50.214;0;;31.961;0;30.263;0;47.990;0;192.4;29:28.448;12:30:04.335;0:31.961;0:30.263;0:47.990;273.4;Ryan CULLEN;;LMP2;;Vector Sport;Oreca;GF;31.961;30.263;47.990;
10;1;17;1:49.328;0;;32.212;0;28.987;0;48.129;0;194.0;31:17.776;12:31:53.663;0:32.212;0:28.987;0:48.129;272.7;Ryan CULLEN;;LMP2;;Vector Sport;Oreca;GF;32.212;28.987;48.129;
10;1;18;1:48.248;0;;31.634;0;28.415;0;48.199;0;195.9;33:06.024;12:33:41.911;0:31.634;0:28.415;0:48.199;274.1;Ryan CULLEN;;LMP2;;Vector Sport;Oreca;GF;31.634;28.415;48.199;
10;1;19;1:48.031;2;;31.946;0;28.352;0;47.733;2;196.3;34:54.055;12:35:29.942;0:31.946;0:28.352;0:47.733;273.4;Ryan CULLEN;;LMP2;;Vector Sport;Oreca;GF;31.946;28.352;47.733;
10;1;20;1:51.693;0;B;31.399;2;28.106;2;52.188;0;189.9;36:45.748;12:37:21.635;0:31.399;0:28.106;0:52.188;273.4;Ryan CULLEN;;LMP2;;Vector Sport;Oreca;GF;31.399;28.106;52.188;
10;1;21;2:52.130;0;;1:33.707;0;29.915;0;48.508;0;123.2;39:37.878;12:40:13.765;1:33.707;0:29.915;0:48.508;270.7;Ryan CULLEN;0:01:04.493;LMP2;;Vector Sport;Oreca;GF;93.707;29.915;48.508;
10;1;22;1:53.060;0;;33.395;0;30.333;0;49.332;0;187.6;41:30.938;12:42:06.825;0:33.395;0:30.333;0:49.332;271.4;Ryan CULLEN;;LMP2;;Vector Sport;Oreca;GF;33.395;30.333;49.332;
10;1;23;1:48.941;0;;31.885;0;28.775;0;48.281;0;194.7;43:19.879;12:43:55.766;0:31.885;0:28.775;0:48.281;272.0;Ryan CULLEN;;LMP2;;Vector Sport;Oreca;GF;31.885;28.775;48.281;
10;1;24;1:48.963;0;;32.097;0;28.970;0;47.896;0;194.6;45:08.842;12:45:44.729;0:32.097;0:28.970;0:47.896;272.0;Ryan CULLEN;;LMP2;;Vector Sport;Oreca;GF;32.097;28.970;47.896;
10;1;25;1:49.032;0;;32.474;0;28.250;0;48.308;0;194.5;46:57.874;12:47:33.761;0:32.474;0:28.250;0:48.308;270.7;Ryan CULLEN;;LMP2;;Vector Sport;Oreca;GF;32.474;28.250;48.308;
10;1;26;1:48.731;0;;32.037;0;28.550;0;48.144;0;195.0;48:46.605;12:49:22.492;0:32.037;0:28.550;0:48.144;271.4;Ryan CULLEN;;LMP2;;Vector Sport;Oreca;GF;32.037;28.550;48.144;
10;1;27;1:49.179;0;;32.045;0;28.462;0;48.672;0;194.2;50:35.784;12:51:11.671;0:32.045;0:28.462;0:48.672;272.7;Ryan CULLEN;;LMP2;;Vector Sport;Oreca;GF;32.045;28.462;48.672;
10;1;28;1:48.902;0;;32.297;0;28.437;0;48.168;0;194.7;52:24.686;12:53:00.573;0:32.297;0:28.437;0:48.168;272.0;Ryan CULLEN;;LMP2;;Vector Sport;Oreca;GF;32.297;28.437;48.168;
10;1;29;1:51.588;0;;32.195;0;29.112;0;50.281;0;190.1;54:16.274;12:54:52.161;0:32.195;0:29.112;0:50.281;271.4;Ryan CULLEN;;LMP2;;Vector Sport;Oreca;GF;32.195;29.112;50.281;
10;1;30;1:49.476;0;;32.053;0;28.672;0;48.751;0;193.7;56:05.750;12:56:41.637;0:32.053;0:28.672;0:48.751;274.8;Ryan CULLEN;;LMP2;;Vector Sport;Oreca;GF;32.053;28.672;48.751;
10;1;31;1:52.190;0;;32.470;0;29.395;0;50.325;0;189.0;57:57.940;12:58:33.827;0:32.470;0:29.395;0:50.325;274.1;Ryan CULLEN;;LMP2;;Vector Sport;Oreca;GF;32.470;29.395;50.325;
10;1;32;1:51.500;0;;32.475;0;29.558;0;49.467;0;190.2;59:49.440;13:00:25.327;0:32.475;0:29.558;0:49.467;271.4;Ryan CULLEN;;LMP2;;Vector Sport;Oreca;GF;32.475;29.558;49.467;
10;1;33;1:50.484;0;;31.963;0;28.543;0;49.978;0;192.0;1:01:39.924;13:02:15.811;0:31.963;0:28.543;0:49.978;273.4;Ryan CULLEN;;LMP2;;Vector Sport;Oreca;GF;31.963;28.543;49.978;
10;1;34;1:49.874;0;;32.665;0;28.486;0;48.723;0;193.0;1:03:29.798;13:04:05.685;0:32.665;0:28.486;0:48.723;273.4;Ryan CULLEN;;LMP2;;Vector Sport;Oreca;GF;32.665;28.486;48.723;
10;1;35;1:50.311;0;;33.409;0;28.495;0;48.407;0;192.3;1:05:20.109;13:05:55.996;0:33.409;0:28.495;0:48.407;271.4;Ryan CULLEN;;LMP2;;Vector Sport;Oreca;GF;33.409;28.495;48.407;
10;1;36;1:49.710;0;;32.227;0;28.545;0;48.938;0;193.3;1:07:09.819;13:07:45.706;0:32.227;0:28.545;0:48.938;272.7;Ryan CULLEN;;LMP2;;Vector Sport;Oreca;GF;32.227;28.545;48.938;
10;1;37;1:51.962;0;;32.240;0;29.851;0;49.871;0;189.4;1:09:01.781;13:09:37.668;0:32.240;0:29.851;0:49.871;273.4;Ryan CULLEN;;LMP2;;Vector Sport;Oreca;GF;32.240;29.851;49.871;
10;1;38;2:09.053;0;B;44.245;0;31.056;0;53.752;0;164.3;1:11:10.834;13:11:46.721;0:44.245;0:31.056;0:53.752;264.7;Ryan CULLEN;;LMP2;;Vector Sport;Oreca;GF;44.245;31.056;53.752;
10;2;39;3:12.177;0;;1:48.213;0;32.434;0;51.530;0;110.4;1:14:23.011;13:14:58.898;1:48.213;0:32.434;0:51.530;260.9;Vladislav LOMKO;0:01:15.343;LMP2;;Vector Sport;Oreca;GF;108.213;32.434;51.530;
10;2;40;1:53.597;0;;34.543;0;29.426;0;49.628;0;186.7;1:16:16.608;13:16:52.495;0:34.543;0:29.426;0:49.628;271.4;Vladislav LOMKO;;LMP2;;Vector Sport;Oreca;GF;34.543;29.426;49.628;
10;2;41;1:51.524;0;;33.453;0;29.076;0;48.995;1;190.2;1:18:08.132;13:18:44.019;0:33.453;0:29.076;0:48.995;270.0;Vladislav LOMKO;;LMP2;;Vector Sport;Oreca;GF;33.453;29.076;48.995;
10;2;42;2:55.673;0;;32.360;1;49.406;0;1:33.907;0;120.7;1:21:03.805;13:21:39.692;0:32.360;0:49.406;1:33.907;274.1;Vladislav LOMKO;;LMP2;;Vector Sport;Oreca;GF;32.360;49.406;93.907;
10;2;43;1:56.624;0;;33.734;0;28.818;1;54.072;0;181.8;1:23:00.429;13:23:36.316;0:33.734;0:28.818;0:54.072;272.0;Vladislav LOMKO;;LMP2;;Vector Sport;Oreca;GF;33.734;28.818;54.072;
10;2;44;2:44.669;0;B;36.408;0;29.213;0;1:39.048;0;128.8;1:25:45.098;13:26:20.985;0:36.408;0:29.213;1:39.048;270.0;Vladislav LOMKO;;LMP2;;Vector Sport;Oreca;GF;36.408;29.213;99.048;
10;2;45;4:45.862;0;;1:51.142;0;1:08.239;0;1:46.481;0;74.2;1:30:30.960;13:31:06.847;1:51.142;1:08.239;1:46.481;;Vladislav LOMKO;0:00:36.217;LMP2;;Vector Sport;Oreca;GF;111.142;68.239;106.481;
10;2;46;4:10.831;0;;1:31.778;0;1:08.765;0;1:30.288;0;84.5;1:34:41.791;13:35:17.678;1:31.778;1:08.765;1:30.288;;Vladislav LOMKO;;LMP2;;Vector Sport;Oreca;SF;91.778;68.765;90.288;
10;2;47;2:28.383;0;;41.758;0;42.051;0;1:04.574;0;142.9;1:37:10.174;13:37:46.061;0:41.758;0:42.051;1:04.574;211.4;Vladislav LOMKO;;LMP2;;Vector Sport;Oreca;SF;41.758;42.051;64.574;
10;2;48;3:03.377;0;;42.718;0;44.836;0;1:35.823;0;115.7;1:40:13.551;13:40:49.438;0:42.718;0:44.836;1:35.823;195.3;Vladislav LOMKO;;LMP2;;Vector Sport;Oreca;SF;42.718;44.836;95.823;
10;2;49;4:16.769;0;;1:28.522;0;59.503;0;1:48.744;0;82.6;1:44:30.320;13:45:06.207;1:28.522;0:59.503;1:48.744;;Vladislav LOMKO;;LMP2;;Vector Sport;Oreca;SF;88.522;59.503;108.744;
10;2;50;4:07.101;0;;1:30.542;0;1:00.005;0;1:36.554;0;85.8;1:48:37.421;13:49:13.308;1:30.542;1:00.005;1:36.554;;Vladislav LOMKO;;LMP2;;Vector Sport;Oreca;SF;90.542;60.005;96.554;
10;2;51;3:37.719;0;;1:20.650;0;51.410;0;1:25.659;0;97.4;1:52:15.140;13:52:51.027;1:20.650;0:51.410;1:25.659;;Vladislav LOMKO;;LMP2;;Vector Sport;Oreca;SF;80.650;51.410;85.659;
10;2;52;2:49.507;0;;52.566;0;44.653;0;1:12.288;0;125.1;1:55:04.647;13:55:40.534;0:52.566;0:44.653;1:12.288;184.0;Vladislav LOMKO;;LMP2;;Vector Sport;Oreca;SF;52.566;44.653;72.288;
10;2;53;2:42.878;0;;48.375;0;41.238;0;1:13.265;0;130.2;1:57:47.525;13:58:23.412;0:48.375;0:41.238;1:13.265;178.8;Vladislav LOMKO;;LMP2;;Vector Sport;Oreca;SF;48.375;41.238;73.265;
10;2;54;2:49.868;0;;54.245;0;44.306;0;1:11.317;0;124.8;2:00:37.393;14:01:13.280;0:54.245;0:44.306;1:11.317;218.2;Vladislav LOMKO;;LMP2;;Vector Sport;Oreca;SF;54.245;44.306;71.317;
10;2;55;2:52.367;0;;52.187;0;47.448;0;1:12.732;0;123.0;2:03:29.760;14:04:05.647;0:52.187;0:47.448;1:12.732;211.8;Vladislav LOMKO;;LMP2;;Vector Sport;Oreca;SF;52.187;47.448;72.732;
10;2;56;3:04.255;0;;57.125;0;50.831;0;1:16.299;0;115.1;2:06:34.015;14:07:09.902;0:57.125;0:50.831;1:16.299;;Vladislav LOMKO;;LMP2;;Vector Sport;Oreca;SF;57.125;50.831;76.299;
10;2;57;3:04.502;0;;51.562;0;44.089;0;1:28.851;0;114.9;2:09:38.517;14:10:14.404;0:51.562;0:44.089;1:28.851;188.5;Vladislav LOMKO;;LMP2;;Vector Sport;Oreca;GF;51.562;44.089;88.851;
10;2;58;2:24.627;0;;40.680;0;39.453;0;1:04.494;0;146.6;2:12:03.144;14:12:39.031;0:40.680;0:39.453;1:04.494;257.1;Vladislav LOMKO;;LMP2;;Vector Sport;Oreca;GF;40.680;39.453;64.494;
10;2;59;2:21.954;0;;39.896;0;39.305;0;1:02.753;0;149.4;2:14:25.098;14:15:00.985;0:39.896;0:39.305;1:02.753;260.9;Vladislav LOMKO;;LMP2;;Vector Sport;Oreca;GF;39.896;39.305;62.753;
10;2;60;2:21.843;0;;39.977;0;39.254;0;1:02.612;0;149.5;2:16:46.941;14:17:22.828;0:39.977;0:39.254;1:02.612;255.3;Vladislav LOMKO;;LMP2;;Vector Sport;Oreca;GF;39.977;39.254;62.612;
10;2;61;2:28.023;0;B;40.257;0;38.045;0;1:09.721;0;143.3;2:19:14.964;14:19:50.851;0:40.257;0:38.045;1:09.721;263.4;Vladislav LOMKO;;LMP2;;Vector Sport;Oreca;GF;40.257;38.045;69.721;
10;3;62;3:13.419;0;;1:40.428;0;35.633;0;57.358;0;109.6;2:22:28.383;14:23:04.270;1:40.428;0:35.633;0:57.358;261.5;Pietro FITTIPALDI;0:01:04.371;LMP2;;Vector Sport;Oreca;GF;100.428;35.633;57.358;
10;3;63;2:05.240;0;;36.298;0;33.807;0;55.135;0;169.3;2:24:33.623;14:25:09.510;0:36.298;0:33.807;0:55.135;264.7;Pietro FITTIPALDI;;LMP2;;Vector Sport;Oreca;GF;36.298;33.807;55.135;
10;3;64;2:04.339;0;;36.068;0;33.428;0;54.843;1;170.6;2:26:37.962;14:27:13.849;0:36.068;0:33.428;0:54.843;268.0;Pietro FITTIPALDI;;LMP2;;Vector Sport;Oreca;GF;36.068;33.428;54.843;
10;3;65;2:05.794;0;;36.537;0;33.731;0;55.526;0;168.6;2:28:43.756;14:29:19.643;0:36.537;0:33.731;0:55.526;268.7;Pietro FITTIPALDI;;LMP2;;Vector Sport;Oreca;GF;36.537;33.731;55.526;
10;3;66;2:07.853;0;;37.288;0;33.838;0;56.727;0;165.9;2:30:51.609;14:31:27.496;0:37.288;0:33.838;0:56.727;268.0;Pietro FITTIPALDI;;LMP2;;Vector Sport;Oreca;GF;37.288;33.838;56.727;
10;3;67;2:08.531;0;;36.850;0;34.220;0;57.461;0;165.0;2:33:00.140;14:33:36.027;0:36.850;0:34.220;0:57.461;268.7;Pietro FITTIPALDI;;LMP2;;Vector Sport;Oreca;GF;36.850;34.220;57.461;
10;3;68;2:08.616;0;;37.740;0;34.481;0;56.395;0;164.9;2:35:08.756;14:35:44.643;0:37.740;0:34.481;0:56.395;268.0;Pietro FITTIPALDI;;LMP2;;Vector Sport;Oreca;GF;37.740;34.481;56.395;
10;3;69;2:08.094;0;;37.530;0;34.378;0;56.186;0;165.6;2:37:16.850;14:37:52.737;0:37.530;0:34.378;0:56.186;266.7;Pietro FITTIPALDI;;LMP2;;Vector Sport;Oreca;GF;37.530;34.378;56.186;
10;3;70;2:37.366;0;;37.117;0;34.508;0;1:25.741;0;134.8;2:39:54.216;14:40:30.103;0:37.117;0:34.508;1:25.741;268.7;Pietro FITTIPALDI;;LMP2;;Vector Sport;Oreca;FCY;37.117;34.508;85.741;
10;3;71;4:27.538;0;;1:31.850;0;1:08.527;0;1:47.161;0;79.3;2:44:21.754;14:44:57.641;1:31.850;1:08.527;1:47.161;;Pietro FITTIPALDI;;LMP2;;Vector Sport;Oreca;FCY;91.850;68.527;107.161;
10;3;72;2:41.931;0;;1:08.582;0;36.286;0;57.063;0;131.0;2:47:03.685;14:47:39.572;1:08.582;0:36.286;0:57.063;262.8;Pietro FITTIPALDI;;LMP2;;Vector Sport;Oreca;GF;68.582;36.286;57.063;
10;3;73;2:10.888;0;;37.624;0;35.484;0;57.780;0;162.0;2:49:14.573;14:49:50.460;0:37.624;0:35.484;0:57.780;266.0;Pietro FITTIPALDI;;LMP2;;Vector Sport;Oreca;GF;37.624;35.484;57.780;
10;3;74;2:07.175;0;;37.066;0;34.279;0;55.830;0;166.8;2:51:21.748;14:51:57.635;0:37.066;0:34.279;0:55.830;264.7;Pietro FITTIPALDI;;LMP2;;Vector Sport;Oreca;GF;37.066;34.279;55.830;
10;3;75;4:17.482;0;;1:22.976;0;1:08.264;0;1:46.242;0;82.4;2:55:39.230;14:56:15.117;1:22.976;1:08.264;1:46.242;;Pietro FITTIPALDI;;LMP2;;Vector Sport;Oreca;FCY;82.976;68.264;106.242;
10;3;76;4:22.341;0;;1:31.886;0;1:09.430;0;1:41.025;0;80.8;3:00:01.571;15:00:37.458;1:31.886;1:09.430;1:41.025;;Pietro FITTIPALDI;;LMP2;;Vector Sport;Oreca;GF;91.886;69.430;101.025;
10;3;77;2:27.318;0;;38.914;0;36.440;0;1:11.964;0;144.0;3:02:28.889;15:03:04.776;0:38.914;0:36.440;1:11.964;263.4;Pietro FITTIPALDI;;LMP2;;Vector Sport;Oreca;GF;38.914;36.440;71.964;
10;3;78;2:10.891;0;;38.117;0;35.056;0;57.718;0;162.0;3:04:39.780;15:05:15.667;0:38.117;0:35.056;0:57.718;264.7;Pietro FITTIPALDI;;LMP2;;Vector Sport;Oreca;GF;38.117;35.056;57.718;
10;3;79;2:07.221;0;;37.108;0;34.130;0;55.983;0;166.7;3:06:47.001;15:07:22.888;0:37.108;0:34.130;0:55.983;265.4;Pietro FITTIPALDI;;LMP2;;Vector Sport;Oreca;GF;37.108;34.130;55.983;
10;3;80;2:08.052;0;;37.699;0;34.169;0;56.184;0;165.6;3:08:55.053;15:09:30.940;0:37.699;0:34.169;0:56.184;266.0;Pietro FITTIPALDI;;LMP2;;Vector Sport;Oreca;GF;37.699;34.169;56.184;
10;3;81;2:07.972;0;;36.924;0;34.053;0;56.995;0;165.7;3:11:03.025;15:11:38.912;0:36.924;0:34.053;0:56.995;268.0;Pietro FITTIPALDI;;LMP2;;Vector Sport;Oreca;GF;36.924;34.053;56.995;
10;3;82;2:07.044;0;;37.090;0;33.994;0;55.960;0;166.9;3:13:10.069;15:13:45.956;0:37.090;0:33.994;0:55.960;267.3;Pietro FITTIPALDI;;LMP2;;Vector Sport;Oreca;GF;37.090;33.994;55.960;
10;3;83;2:05.721;0;;36.473;0;33.683;0;55.565;0;168.7;3:15:15.790;15:15:51.677;0:36.473;0:33.683;0:55.565;268.7;Pietro FITTIPALDI;;LMP2;;Vector Sport;Oreca;GF;36.473;33.683;55.565;
10;3;84;2:06.416;0;;36.500;0;33.931;0;55.985;0;167.8;3:17:22.206;15:17:58.093;0:36.500;0:33.931;0:55.985;268.0;Pietro FITTIPALDI;;LMP2;;Vector Sport;Oreca;GF;36.500;33.931;55.985;
10;3;85;2:08.218;0;;37.263;0;34.164;0;56.791;0;165.4;3:19:30.424;15:20:06.311;0:37.263;0:34.164;0:56.791;268.7;Pietro FITTIPALDI;;LMP2;;Vector Sport;Oreca;GF;37.263;34.164;56.791;
10;3;86;2:13.025;0;B;36.479;0;33.701;0;1:02.845;0;159.4;3:21:43.449;15:22:19.336;0:36.479;0:33.701;1:02.845;268.0;Pietro FITTIPALDI;;LMP2;;Vector Sport;Oreca;GF;36.479;33.701;62.845;
10;3;87;3:04.182;0;;1:33.043;0;34.381;0;56.758;0;115.1;3:24:47.631;15:25:23.518;1:33.043;0:34.381;0:56.758;269.3;Pietro FITTIPALDI;0:00:59.389;LMP2;;Vector Sport;Oreca;GF;93.043;34.381;56.758;
10;3;88;2:08.693;0;;37.269;0;34.431;0;56.993;0;164.8;3:26:56.324;15:27:32.211;0:37.269;0:34.431;0:56.993;268.0;Pietro FITTIPALDI;;LMP2;;Vector Sport;Oreca;GF;37.269;34.431;56.993;
10;3;89;2:07.289;0;;37.137;0;33.855;0;56.297;0;166.6;3:29:03.613;15:29:39.500;0:37.137;0:33.855;0:56.297;267.3;Pietro FITTIPALDI;;LMP2;;Vector Sport;Oreca;GF;37.137;33.855;56.297;
10;3;90;2:06.680;0;;36.640;0;34.010;0;56.030;0;167.4;3:31:10.293;15:31:46.180;0:36.640;0:34.010;0:56.030;268.0;Pietro FITTIPALDI;;LMP2;;Vector Sport;Oreca;GF;36.640;34.010;56.030;
10;3;91;2:06.835;0;;36.809;0;33.766;0;56.260;0;167.2;3:33:17.128;15:33:53.015;0:36.809;0:33.766;0:56.260;267.3;Pietro FITTIPALDI;;LMP2;;Vector Sport;Oreca;GF;36.809;33.766;56.260;
10;3;92;2:06.332;0;;36.649;0;33.564;0;56.119;0;167.9;3:35:23.460;15:35:59.347;0:36.649;0:33.564;0:56.119;268.7;Pietro FITTIPALDI;;LMP2;;Vector Sport;Oreca;GF;36.649;33.564;56.119;
10;3;93;2:07.188;0;;36.534;0;34.699;0;55.955;0;166.7;3:37:30.648;15:38:06.535;0:36.534;0:34.699;0:55.955;270.0;Pietro FITTIPALDI;;LMP2;;Vector Sport;Oreca;GF;36.534;34.699;55.955;
10;3;94;2:06.502;0;;36.642;0;33.797;0;56.063;0;167.6;3:39:37.150;15:40:13.037;0:36.642;0:33.797;0:56.063;268.0;Pietro FITTIPALDI;;LMP2;;Vector Sport;Oreca;GF;36.642;33.797;56.063;
10;3;95;2:07.325;0;;36.818;0;34.058;0;56.449;0;166.6;3:41:44.475;15:42:20.362;0:36.818;0:34.058;0:56.449;268.7;Pietro FITTIPALDI;;LMP2;;Vector Sport;Oreca;GF;36.818;34.058;56.449;
10;3;96;2:07.456;0;;37.553;0;33.880;0;56.023;0;166.4;3:43:51.931;15:44:27.818;0:37.553;0:33.880;0:56.023;268.7;Pietro FITTIPALDI;;LMP2;;Vector Sport;Oreca;GF;37.553;33.880;56.023;
10;3;97;2:08.290;0;;36.540;0;33.964;0;57.786;0;165.3;3:46:00.221;15:46:36.108;0:36.540;0:33.964;0:57.786;268.0;Pietro FITTIPALDI;;LMP2;;Vector Sport;Oreca;GF;36.540;33.964;57.786;
10;3;98;2:09.463;0;;37.374;0;35.068;0;57.021;0;163.8;3:48:09.684;15:48:45.571;0:37.374;0:35.068;0:57.021;268.7;Pietro FITTIPALDI;;LMP2;;Vector Sport;Oreca;GF;37.374;35.068;57.021;
10;3;99;2:07.941;0;;37.293;0;34.151;0;56.497;0;165.8;3:50:17.625;15:50:53.512;0:37.293;0:34.151;0:56.497;269.3;Pietro FITTIPALDI;;LMP2;;Vector Sport;Oreca;GF;37.293;34.151;56.497;
10;3;100;2:06.395;0;;36.562;0;33.882;0;55.951;0;167.8;3:52:24.020;15:52:59.907;0:36.562;0:33.882;0:55.951;268.0;Pietro FITTIPALDI;;LMP2;;Vector Sport;Oreca;GF;36.562;33.882;55.951;
10;3;101;2:08.686;0;;36.473;0;35.623;0;56.590;0;164.8;3:54:32.706;15:55:08.593;0:36.473;0:35.623;0:56.590;270.0;Pietro FITTIPALDI;;LMP2;;Vector Sport;Oreca;GF;36.473;35.623;56.590;
10;3;102;2:07.621;0;;37.489;0;34.633;0;55.499;0;166.2;3:56:40.327;15:57:16.214;0:37.489;0:34.633;0:55.499;264.7;Pietro FITTIPALDI;;LMP2;;Vector Sport;Oreca;GF;37.489;34.633;55.499;
10;3;103;2:05.723;0;;36.024;0;33.490;0;56.209;0;168.7;3:58:46.050;15:59:21.937;0:36.024;0:33.490;0:56.209;268.7;Pietro FITTIPALDI;;LMP2;;Vector Sport;Oreca;GF;36.024;33.490;56.209;
10;3;104;2:04.418;0;;35.860;1;33.355;1;55.203;0;170.5;4:00:50.468;16:01:26.355;0:35.860;0:33.355;0:55.203;269.3;Pietro FITTIPALDI;;LMP2;;Vector Sport;Oreca;FF;35.860;33.355;55.203;
11;1;1;2:12.120;0;;45.907;0;32.823;0;53.390;0;156.6;2:12.120;12:02:48.007;0:45.907;0:32.823;0:53.390;245.5;Matthew Richard BELL;;LMP3;;Eurointernational;Ligier;GF;45.907;32.823;53.390;
11;1;2;1:59.484;0;;36.015;0;31.712;0;51.757;0;177.5;4:11.604;12:04:47.491;0:36.015;0:31.712;0:51.757;245.5;Matthew Richard BELL;;LMP3;;Eurointernational;Ligier;GF;36.015;31.712;51.757;
11;1;3;1:58.180;0;;35.461;0;31.434;0;51.285;0;179.5;6:09.784;12:06:45.671;0:35.461;0:31.434;0:51.285;246.0;Matthew Richard BELL;;LMP3;;Eurointernational;Ligier;GF;35.461;31.434;51.285;
11;1;4;1:57.402;0;;35.183;0;30.811;0;51.408;0;180.6;8:07.186;12:08:43.073;0:35.183;0:30.811;0:51.408;247.1;Matthew Richard BELL;;LMP3;;Eurointernational;Ligier;GF;35.183;30.811;51.408;
11;1;5;1:56.997;0;;35.175;0;30.664;0;51.158;0;181.3;10:04.183;12:10:40.070;0:35.175;0:30.664;0:51.158;246.6;Matthew Richard BELL;;LMP3;;Eurointernational;Ligier;GF;35.175;30.664;51.158;
11;1;6;1:56.974;0;;35.198;0;30.670;0;51.106;2;181.3;12:01.157;12:12:37.044;0:35.198;0:30.670;0:51.106;246.6;Matthew Richard BELL;;LMP3;;Eurointernational;Ligier;GF;35.198;30.670;51.106;
11;1;7;1:57.297;0;;35.247;0;30.890;0;51.160;0;180.8;13:58.454;12:14:34.341;0:35.247;0:30.890;0:51.160;246.0;Matthew Richard BELL;;LMP3;;Eurointernational;Ligier;GF;35.247;30.890;51.160;
11;1;8;1:57.116;0;;35.171;0;30.722;0;51.223;0;181.1;15:55.570;12:16:31.457;0:35.171;0:30.722;0:51.223;247.1;Matthew Richard BELL;;LMP3;;Eurointernational;Ligier;GF;35.171;30.722;51.223;
11;1;9;1:56.951;0;;35.058;0;30.642;0;51.251;0;181.3;17:52.521;12:18:28.408;0:35.058;0:30.642;0:51.251;247.7;Matthew Richard BELL;;LMP3;;Eurointernational;Ligier;GF;35.058;30.642;51.251;
11;1;10;1:57.048;0;;35.227;0;30.637;0;51.184;0;181.2;19:49.569;12:20:25.456;0:35.227;0:30.637;0:51.184;246.0;Matthew Richard BELL;;LMP3;;Eurointernational;Ligier;GF;35.227;30.637;51.184;
11;1;11;1:57.882;0;;35.386;0;30.592;2;51.904;0;179.9;21:47.451;12:22:23.338;0:35.386;0:30.592;0:51.904;247.1;Matthew Richard BELL;;LMP3;;Eurointernational;Ligier;GF;35.386;30.592;51.904;
11;1;12;1:57.806;0;;35.065;0;31.151;0;51.590;0;180.0;23:45.257;12:24:21.144;0:35.065;0:31.151;0:51.590;247.1;Matthew Richard BELL;;LMP3;;Eurointernational;Ligier;GF;35.065;31.151;51.590;
11;1;13;1:57.857;0;;35.277;0;30.991;0;51.589;0;179.9;25:43.114;12:26:19.001;0:35.277;0:30.991;0:51.589;247.1;Matthew Richard BELL;;LMP3;;Eurointernational;Ligier;GF;35.277;30.991;51.589;
11;1;14;1:57.654;0;;34.941;0;30.905;0;51.808;0;180.3;27:40.768;12:28:16.655;0:34.941;0:30.905;0:51.808;247.7;Matthew Richard BELL;;LMP3;;Eurointernational;Ligier;GF;34.941;30.905;51.808;
11;1;15;1:58.376;0;;35.458;0;31.101;0;51.817;0;179.2;29:39.144;12:30:15.031;0:35.458;0:31.101;0:51.817;247.1;Matthew Richard BELL;;LMP3;;Eurointernational;Ligier;GF;35.458;31.101;51.817;
11;1;16;2:00.781;0;;36.379;0;31.378;0;53.024;0;175.6;31:39.925;12:32:15.812;0:36.379;0:31.378;0:53.024;249.4;Matthew Richard BELL;;LMP3;;Eurointernational;Ligier;GF;36.379;31.378;53.024;
11;1;17;1:57.727;0;;35.750;0;30.634;0;51.343;0;180.1;33:37.652;12:34:13.539;0:35.750;0:30.634;0:51.343;246.0;Matthew Richard BELL;;LMP3;;Eurointernational;Ligier;GF;35.750;30.634;51.343;
11;1;18;1:58.904;0;;35.262;0;30.627;0;53.015;0;178.4;35:36.556;12:36:12.443;0:35.262;0:30.627;0:53.015;248.3;Matthew Richard BELL;;LMP3;;Eurointernational;Ligier;GF;35.262;30.627;53.015;
11;1;19;1:58.299;0;;35.822;0;31.024;0;51.453;0;179.3;37:34.855;12:38:10.742;0:35.822;0:31.024;0:51.453;246.6;Matthew Richard BELL;;LMP3;;Eurointernational;Ligier;GF;35.822;31.024;51.453;
11;1;20;1:59.979;0;;35.171;0;31.757;0;53.051;0;176.8;39:34.834;12:40:10.721;0:35.171;0:31.757;0:53.051;250.0;Matthew Richard BELL;;LMP3;;Eurointernational;Ligier;GF;35.171;31.757;53.051;
11;1;21;1:59.248;0;;35.527;0;31.253;0;52.468;0;177.8;41:34.082;12:42:09.969;0:35.527;0:31.253;0:52.468;248.8;Matthew Richard BELL;;LMP3;;Eurointernational;Ligier;GF;35.527;31.253;52.468;
11;1;22;1:57.763;0;;35.219;0;31.013;0;51.531;0;180.1;43:31.845;12:44:07.732;0:35.219;0:31.013;0:51.531;246.6;Matthew Richard BELL;;LMP3;;Eurointernational;Ligier;GF;35.219;31.013;51.531;
11;1;23;1:58.948;0;;35.030;0;31.188;0;52.730;0;178.3;45:30.793;12:46:06.680;0:35.030;0:31.188;0:52.730;245.5;Matthew Richard BELL;;LMP3;;Eurointernational;Ligier;GF;35.030;31.188;52.730;
11;1;24;1:57.501;0;;34.871;0;31.075;0;51.555;0;180.5;47:28.294;12:48:04.181;0:34.871;0:31.075;0:51.555;247.7;Matthew Richard BELL;;LMP3;;Eurointernational;Ligier;GF;34.871;31.075;51.555;
11;1;25;1:56.647;2;;34.778;2;30.593;0;51.276;0;181.8;49:24.941;12:50:00.828;0:34.778;0:30.593;0:51.276;248.3;Matthew Richard BELL;;LMP3;;Eurointernational;Ligier;GF;34.778;30.593;51.276;
11;1;26;1:57.445;0;;35.225;0;30.663;0;51.557;0;180.6;51:22.386;12:51:58.273;0:35.225;0:30.663;0:51.557;243.2;Matthew Richard BELL;;LMP3;;Eurointernational;Ligier;GF;35.225;30.663;51.557;
11;1;27;1:57.375;0;;35.233;0;30.654;0;51.488;0;180.7;53:19.761;12:53:55.648;0:35.233;0:30.654;0:51.488;247.1;Matthew Richard BELL;;LMP3;;Eurointernational;Ligier;GF;35.233;30.654;51.488;
11;1;28;2:01.792;0;B;35.395;0;30.939;0;55.458;0;174.1;55:21.553;12:55:57.440;0:35.395;0:30.939;0:55.458;247.7;Matthew Richard BELL;;LMP3;;Eurointernational;Ligier;GF;35.395;30.939;55.458;
11;1;29;2:54.722;0;;1:30.645;0;31.527;0;52.550;0;121.4;58:16.275;12:58:52.162;1:30.645;0:31.527;0:52.550;243.8;Matthew Richard BELL;0:00:58.505;LMP3;;Eurointernational;Ligier;GF;90.645;31.527;52.550;
11;1;30;1:59.807;0;;35.598;0;31.442;0;52.767;0;177.0;1:00:16.082;13:00:51.969;0:35.598;0:31.442;0:52.767;247.1;Matthew Richard BELL;;LMP3;;Eurointernational;Ligier;GF;35.598;31.442;52.767;
11;1;31;1:57.758;0;;35.073;0;30.601;0;52.084;0;180.1;1:02:13.840;13:02:49.727;0:35.073;0:30.601;0:52.084;247.7;Matthew Richard BELL;;LMP3;;Eurointernational;Ligier;GF;35.073;30.601;52.084;
11;1;32;1:58.725;0;;35.965;0;31.091;0;51.669;0;178.6;1:04:12.565;13:04:48.452;0:35.965;0:31.091;0:51.669;241.1;Matthew Richard BELL;;LMP3;;Eurointernational;Ligier;GF;35.965;31.091;51.669;
11;1;33;1:58.366;0;;35.610;0;30.632;0;52.124;0;179.2;1:06:10.931;13:06:46.818;0:35.610;0:30.632;0:52.124;246.6;Matthew Richard BELL;;LMP3;;Eurointernational;Ligier;GF;35.610;30.632;52.124;
11;1;34;1:58.979;0;;35.686;0;30.738;0;52.555;0;178.2;1:08:09.910;13:08:45.797;0:35.686;0:30.738;0:52.555;244.9;Matthew Richard BELL;;LMP3;;Eurointernational;Ligier;GF;35.686;30.738;52.555;
11;1;35;1:59.436;0;;36.547;0;31.391;0;51.498;0;177.6;1:10:09.346;13:10:45.233;0:36.547;0:31.391;0:51.498;245.5;Matthew Richard BELL;;LMP3;;Eurointernational;Ligier;GF;36.547;31.391;51.498;
11;1;36;1:57.921;0;;35.316;0;30.934;0;51.671;0;179.8;1:12:07.267;13:12:43.154;0:35.316;0:30.934;0:51.671;246.6;Matthew Richard BELL;;LMP3;;Eurointernational;Ligier;GF;35.316;30.934;51.671;
11;1;37;2:01.445;0;;35.790;0;32.122;0;53.533;0;174.6;1:14:08.712;13:14:44.599;0:35.790;0:32.122;0:53.533;251.2;Matthew Richard BELL;;LMP3;;Eurointernational;Ligier;GF;35.790;32.122;53.533;
11;1;38;2:04.341;0;;38.287;0;32.746;0;53.308;0;170.6;1:16:13.053;13:16:48.940;0:38.287;0:32.746;0:53.308;248.3;Matthew Richard BELL;;LMP3;;Eurointernational;Ligier;GF;38.287;32.746;53.308;
11;1;39;2:02.580;0;;37.311;0;31.854;0;53.415;0;173.0;1:18:15.633;13:18:51.520;0:37.311;0:31.854;0:53.415;246.6;Matthew Richard BELL;;LMP3;;Eurointernational;Ligier;GF;37.311;31.854;53.415;
11;1;40;3:04.165;0;;36.265;0;1:01.183;0;1:26.717;0;115.2;1:21:19.798;13:21:55.685;0:36.265;1:01.183;1:26.717;246.0;Matthew Richard BELL;;LMP3;;Eurointernational;Ligier;GF;36.265;61.183;86.717;
11;1;41;2:07.120;0;;37.334;0;31.284;0;58.502;0;166.8;1:23:26.918;13:24:02.805;0:37.334;0:31.284;0:58.502;246.6;Matthew Richard BELL;;LMP3;;Eurointernational;Ligier;GF;37.334;31.284;58.502;
11;1;42;3:34.564;0;B;42.827;0;1:05.838;0;1:45.899;0;98.8;1:27:01.482;13:27:37.369;0:42.827;1:05.838;1:45.899;199.6;Matthew Richard BELL;;LMP3;;Eurointernational;Ligier;GF;42.827;65.838;105.899;
11;1;43;5:50.942;0;;2:56.638;0;1:07.852;0;1:46.452;0;60.4;1:32:52.424;13:33:28.311;2:56.638;1:07.852;1:46.452;;Matthew Richard BELL;0:01:41.331;LMP3;;Eurointernational;Ligier;GF;176.638;67.852;106.452;
11;1;44;3:24.783;0;;1:28.211;0;49.574;0;1:06.998;0;103.6;1:36:17.207;13:36:53.094;1:28.211;0:49.574;1:06.998;134.5;Matthew Richard BELL;;LMP3;;Eurointernational;Ligier;SF;88.211;49.574;66.998;
11;1;45;3:35.801;0;;59.262;0;1:02.309;0;1:34.230;0;98.3;1:39:53.008;13:40:28.895;0:59.262;1:02.309;1:34.230;;Matthew Richard BELL;;LMP3;;Eurointernational;Ligier;SF;59.262;62.309;94.230;
11;1;46;4:25.329;0;;1:28.398;0;1:04.921;0;1:52.010;0;79.9;1:44:18.337;13:44:54.224;1:28.398;1:04.921;1:52.010;;Matthew Richard BELL;;LMP3;;Eurointernational;Ligier;SF;88.398;64.921;112.010;
11;1;47;4:08.080;0;;1:30.646;0;1:01.200;0;1:36.234;0;85.5;1:48:26.417;13:49:02.304;1:30.646;1:01.200;1:36.234;;Matthew Richard BELL;;LMP3;;Eurointernational;Ligier;SF;90.646;61.200;96.234;
11;1;48;3:39.611;0;;1:18.732;0;53.904;0;1:26.975;0;96.6;1:52:06.028;13:52:41.915;1:18.732;0:53.904;1:26.975;125.6;Matthew Richard BELL;;LMP3;;Eurointernational;Ligier;SF;78.732;53.904;86.975;
11;1;49;3:00.547;0;B;54.756;0;46.617;0;1:19.174;0;117.5;1:55:06.575;13:55:42.462;0:54.756;0:46.617;1:19.174;156.7;Matthew Richard BELL;;LMP3;;Eurointernational;Ligier;SF;54.756;46.617;79.174;
11;3;50;4:10.930;0;;2:20.118;0;39.298;0;1:11.514;0;84.5;1:59:17.505;13:59:53.392;2:20.118;0:39.298;1:11.514;218.2;Max VAN DER SNEL;0:01:42.264;LMP3;;Eurointernational;Ligier;SF;140.118;39.298;71.514;
11;3;51;2:44.459;0;;52.902;0;42.807;0;1:08.750;0;129.0;2:02:01.964;14:02:37.851;0:52.902;0:42.807;1:08.750;143.4;Max VAN DER SNEL;;LMP3;;Eurointernational;Ligier;SF;52.902;42.807;68.750;
11;3;52;2:35.725;0;;47.180;0;42.355;0;1:06.190;0;136.2;2:04:37.689;14:05:13.576;0:47.180;0:42.355;1:06.190;179.7;Max VAN DER SNEL;;LMP3;;Eurointernational;Ligier;SF;47.180;42.355;66.190;
11;3;53;2:28.499;0;;44.652;0;38.490;0;1:05.357;0;142.8;2:07:06.188;14:07:42.075;0:44.652;0:38.490;1:05.357;175.6;Max VAN DER SNEL;;LMP3;;Eurointernational;Ligier;SF;44.652;38.490;65.357;
11;3;54;2:56.743;0;;52.324;0;45.181;0;1:19.238;0;120.0;2:10:02.931;14:10:38.818;0:52.324;0:45.181;1:19.238;172.8;Max VAN DER SNEL;;LMP3;;Eurointernational;Ligier;GF;52.324;45.181;79.238;
11;3;55;2:21.144;0;;41.758;0;38.765;0;1:00.621;0;150.3;2:12:24.075;14:12:59.962;0:41.758;0:38.765;1:00.621;246.0;Max VAN DER SNEL;;LMP3;;Eurointernational;Ligier;GF;41.758;38.765;60.621;
11;3;56;2:19.229;0;;41.416;0;37.584;0;1:00.229;0;152.3;2:14:43.304;14:15:19.191;0:41.416;0:37.584;1:00.229;237.9;Max VAN DER SNEL;;LMP3;;Eurointernational;Ligier;GF;41.416;37.584;60.229;
11;3;57;2:16.049;0;;40.152;0;36.679;0;59.218;0;155.9;2:16:59.353;14:17:35.240;0:40.152;0:36.679;0:59.218;243.2;Max VAN DER SNEL;;LMP3;;Eurointernational;Ligier;GF;40.152;36.679;59.218;
11;3;58;2:18.229;0;;40.235;0;37.521;0;1:00.473;0;153.4;2:19:17.582;14:19:53.469;0:40.235;0:37.521;1:00.473;242.2;Max VAN DER SNEL;;LMP3;;Eurointernational;Ligier;GF;40.235;37.521;60.473;
11;3;59;2:17.683;0;;40.896;0;37.079;0;59.708;0;154.0;2:21:35.265;14:22:11.152;0:40.896;0:37.079;0:59.708;241.1;Max VAN DER SNEL;;LMP3;;Eurointernational;Ligier;GF;40.896;37.079;59.708;
11;3;60;2:16.340;0;;40.774;0;36.459;0;59.107;1;155.5;2:23:51.605;14:24:27.492;0:40.774;0:36.459;0:59.107;238.4;Max VAN DER SNEL;;LMP3;;Eurointernational;Ligier;GF;40.774;36.459;59.107;
11;3;61;2:15.482;0;;39.520;1;36.247;0;59.715;0;156.5;2:26:07.087;14:26:42.974;0:39.520;0:36.247;0:59.715;241.1;Max VAN DER SNEL;;LMP3;;Eurointernational;Ligier;GF;39.520;36.247;59.715;
11;3;62;2:17.567;0;;41.115;0;35.982;1;1:00.470;0;154.2;2:28:24.654;14:29:00.541;0:41.115;0:35.982;1:00.470;241.1;Max VAN DER SNEL;;LMP3;;Eurointernational;Ligier;GF;41.115;35.982;60.470;
11;3;63;2:18.311;0;;40.566;0;36.775;0;1:00.970;0;153.3;2:30:42.965;14:31:18.852;0:40.566;0:36.775;1:00.970;241.1;Max VAN DER SNEL;;LMP3;;Eurointernational;Ligier;GF;40.566;36.775;60.970;
11;3;64;2:20.070;0;;41.223;0;36.609;0;1:02.238;0;151.4;2:33:03.035;14:33:38.922;0:41.223;0:36.609;1:02.238;243.8;Max VAN DER SNEL;;LMP3;;Eurointernational;Ligier;GF;41.223;36.609;62.238;
11;3;65;2:18.372;0;;40.877;0;37.495;0;1:00.000;0;153.3;2:35:21.407;14:35:57.294;0:40.877;0:37.495;1:00.000;241.6;Max VAN DER SNEL;;LMP3;;Eurointernational;Ligier;GF;40.877;37.495;60.000;
11;3;66;2:17.099;0;;40.648;0;36.454;0;59.997;0;154.7;2:37:38.506;14:38:14.393;0:40.648;0:36.454;0:59.997;238.9;Max VAN DER SNEL;;LMP3;;Eurointernational;Ligier;GF;40.648;36.454;59.997;
11;3;67;3:04.872;0;;40.538;0;38.874;0;1:45.460;0;114.7;2:40:43.378;14:41:19.265;0:40.538;0:38.874;1:45.460;237.9;Max VAN DER SNEL;;LMP3;;Eurointernational;Ligier;FCY;40.538;38.874;105.460;
11;3;68;4:24.044;0;;1:31.361;0;1:07.537;0;1:45.146;0;80.3;2:45:07.422;14:45:43.309;1:31.361;1:07.537;1:45.146;;Max VAN DER SNEL;;LMP3;;Eurointernational;Ligier;FCY;91.361;67.537;105.146;
11;3;69;2:20.524;0;;44.585;0;36.346;0;59.593;0;150.9;2:47:27.946;14:48:03.833;0:44.585;0:36.346;0:59.593;238.4;Max VAN DER SNEL;;LMP3;;Eurointernational;Ligier;GF;44.585;36.346;59.593;
11;3;70;2:17.016;0;;40.835;0;36.639;0;59.542;0;154.8;2:49:44.962;14:50:20.849;0:40.835;0:36.639;0:59.542;239.5;Max VAN DER SNEL;;LMP3;;Eurointernational;Ligier;GF;40.835;36.639;59.542;
11;3;71;2:50.292;0;;40.295;0;37.263;0;1:32.734;0;124.5;2:52:35.254;14:53:11.141;0:40.295;0:37.263;1:32.734;238.4;Max VAN DER SNEL;;LMP3;;Eurointernational;Ligier;FCY;40.295;37.263;92.734;
11;3;72;4:23.642;0;;1:31.147;0;1:07.579;0;1:44.916;0;80.4;2:56:58.896;14:57:34.783;1:31.147;1:07.579;1:44.916;;Max VAN DER SNEL;;LMP3;;Eurointernational;Ligier;FCY;91.147;67.579;104.916;
11;3;73;3:48.867;0;;1:31.233;0;1:07.567;0;1:10.067;0;92.7;3:00:47.763;15:01:23.650;1:31.233;1:07.567;1:10.067;;Max VAN DER SNEL;;LMP3;;Eurointernational;Ligier;GF;91.233;67.567;70.067;
11;3;74;2:17.674;0;;40.729;0;36.856;0;1:00.089;0;154.0;3:03:05.437;15:03:41.324;0:40.729;0:36.856;1:00.089;238.9;Max VAN DER SNEL;;LMP3;;Eurointernational;Ligier;GF;40.729;36.856;60.089;
11;3;75;2:18.071;0;;40.831;0;36.887;0;1:00.353;0;153.6;3:05:23.508;15:05:59.395;0:40.831;0:36.887;1:00.353;240.0;Max VAN DER SNEL;;LMP3;;Eurointernational;Ligier;GF;40.831;36.887;60.353;
11;3;76;2:18.153;0;;41.479;0;36.938;0;59.736;0;153.5;3:07:41.661;15:08:17.548;0:41.479;0:36.938;0:59.736;238.4;Max VAN DER SNEL;;LMP3;;Eurointernational;Ligier;GF;41.479;36.938;59.736;
11;3;77;2:17.217;0;;40.818;0;36.360;0;1:00.039;0;154.6;3:09:58.878;15:10:34.765;0:40.818;0:36.360;1:00.039;243.2;Max VAN DER SNEL;;LMP3;;Eurointernational;Ligier;GF;40.818;36.360;60.039;
11;3;78;2:21.883;0;B;40.491;0;36.391;0;1:05.001;0;149.5;3:12:20.761;15:12:56.648;0:40.491;0:36.391;1:05.001;243.8;Max VAN DER SNEL;;LMP3;;Eurointernational;Ligier;GF;40.491;36.391;65.001;
11;2;79;3:11.176;0;;1:32.066;0;37.518;0;1:01.592;0;110.9;3:15:31.937;15:16:07.824;1:32.066;0:37.518;1:01.592;237.9;Douwe DEDECKER;0:00:52.998;LMP3;;Eurointernational;Ligier;GF;92.066;37.518;61.592;
11;2;80;2:20.990;0;;42.031;0;38.038;0;1:00.921;0;150.4;3:17:52.927;15:18:28.814;0:42.031;0:38.038;1:00.921;236.3;Douwe DEDECKER;;LMP3;;Eurointernational;Ligier;GF;42.031;38.038;60.921;
11;2;81;2:18.436;0;;41.161;0;36.837;0;1:00.438;1;153.2;3:20:11.363;15:20:47.250;0:41.161;0:36.837;1:00.438;241.1;Douwe DEDECKER;;LMP3;;Eurointernational;Ligier;GF;41.161;36.837;60.438;
11;2;82;2:22.081;0;;41.489;0;39.105;0;1:01.487;0;149.3;3:22:33.444;15:23:09.331;0:41.489;0:39.105;1:01.487;238.4;Douwe DEDECKER;;LMP3;;Eurointernational;Ligier;GF;41.489;39.105;61.487;
11;2;83;2:21.648;0;;41.435;0;38.046;0;1:02.167;0;149.7;3:24:55.092;15:25:30.979;0:41.435;0:38.046;1:02.167;240.5;Douwe DEDECKER;;LMP3;;Eurointernational;Ligier;GF;41.435;38.046;62.167;
11;2;84;2:19.817;0;;41.326;0;37.241;0;1:01.250;0;151.7;3:27:14.909;15:27:50.796;0:41.326;0:37.241;1:01.250;238.9;Douwe DEDECKER;;LMP3;;Eurointernational;Ligier;GF;41.326;37.241;61.250;
11;2;85;2:19.711;0;;41.594;0;37.104;0;1:01.013;0;151.8;3:29:34.620;15:30:10.507;0:41.594;0:37.104;1:01.013;240.0;Douwe DEDECKER;;LMP3;;Eurointernational;Ligier;GF;41.594;37.104;61.013;
11;2;86;2:19.643;0;;41.539;0;37.361;0;1:00.743;0;151.9;3:31:54.263;15:32:30.150;0:41.539;0:37.361;1:00.743;240.0;Douwe DEDECKER;;LMP3;;Eurointernational;Ligier;GF;41.539;37.361;60.743;
11;2;87;2:20.791;0;;41.297;0;38.434;0;1:01.060;0;150.6;3:34:15.054;15:34:50.941;0:41.297;0:38.434;1:01.060;238.4;Douwe DEDECKER;;LMP3;;Eurointernational;Ligier;GF;41.297;38.434;61.060;
11;2;88;2:18.805;0;;41.207;0;36.893;0;1:00.705;0;152.8;3:36:33.859;15:37:09.746;0:41.207;0:36.893;1:00.705;240.5;Douwe DEDECKER;;LMP3;;Eurointernational;Ligier;GF;41.207;36.893;60.705;
11;2;89;2:18.375;0;;40.857;0;36.660;1;1:00.858;0;153.3;3:38:52.234;15:39:28.121;0:40.857;0:36.660;1:00.858;239.5;Douwe DEDECKER;;LMP3;;Eurointernational;Ligier;GF;40.857;36.660;60.858;
11;2;90;2:21.729;0;;41.047;0;38.841;0;1:01.841;0;149.6;3:41:13.963;15:41:49.850;0:41.047;0:38.841;1:01.841;241.1;Douwe DEDECKER;;LMP3;;Eurointernational;Ligier;GF;41.047;38.841;61.841;
11;2;91;2:21.710;0;;42.308;0;38.075;0;1:01.327;0;149.7;3:43:35.673;15:44:11.560;0:42.308;0:38.075;1:01.327;241.1;Douwe DEDECKER;;LMP3;;Eurointernational;Ligier;GF;42.308;38.075;61.327;
11;2;92;2:19.928;0;;41.632;0;37.218;0;1:01.078;0;151.6;3:45:55.601;15:46:31.488;0:41.632;0:37.218;1:01.078;241.1;Douwe DEDECKER;;LMP3;;Eurointernational;Ligier;GF;41.632;37.218;61.078;
11;2;93;2:20.898;0;;41.341;0;37.680;0;1:01.877;0;150.5;3:48:16.499;15:48:52.386;0:41.341;0:37.680;1:01.877;241.6;Douwe DEDECKER;;LMP3;;Eurointernational;Ligier;GF;41.341;37.680;61.877;
11;2;94;2:19.734;0;;41.102;0;37.341;0;1:01.291;0;151.8;3:50:36.233;15:51:12.120;0:41.102;0:37.341;1:01.291;242.2;Douwe DEDECKER;;LMP3;;Eurointernational;Ligier;GF;41.102;37.341;61.291;
11;2;95;2:19.551;0;;41.726;0;37.005;0;1:00.820;0;152.0;3:52:55.784;15:53:31.671;0:41.726;0:37.005;1:00.820;242.7;Douwe DEDECKER;;LMP3;;Eurointernational;Ligier;GF;41.726;37.005;60.820;
11;2;96;2:19.104;0;;41.385;0;36.767;0;1:00.952;0;152.5;3:55:14.888;15:55:50.775;0:41.385;0:36.767;1:00.952;243.2;Douwe DEDECKER;;LMP3;;Eurointernational;Ligier;GF;41.385;36.767;60.952;
11;2;97;2:19.821;0;;40.884;0;38.057;0;1:00.880;0;151.7;3:57:34.709;15:58:10.596;0:40.884;0:38.057;1:00.880;241.1;Douwe DEDECKER;;LMP3;;Eurointernational;Ligier;GF;40.884;38.057;60.880;
11;2;98;2:19.775;0;;41.137;0;36.950;0;1:01.688;0;151.7;3:59:54.484;16:00:30.371;0:41.137;0:36.950;1:01.688;243.8;Douwe DEDECKER;;LMP3;;Eurointernational;Ligier;GF;41.137;36.950;61.688;
11;2;99;2:18.521;0;;40.801;1;37.254;0;1:00.466;0;153.1;4:02:13.005;16:02:48.892;0:40.801;0:37.254;1:00.466;241.6;Douwe DEDECKER;;LMP3;;Eurointernational;Ligier;FF;40.801;37.254;60.466;
13;1;1;2:15.262;0;;47.342;0;33.803;0;54.117;0;153.0;2:15.262;12:02:51.149;0:47.342;0:33.803;0:54.117;247.7;Alexander BUKHANTSOV;;LMP3;;Inter Europol Competition;Ligier;GF;47.342;33.803;54.117;
13;1;2;2:01.992;0;;36.453;0;32.323;0;53.216;0;173.8;4:17.254;12:04:53.141;0:36.453;0:32.323;0:53.216;246.0;Alexander BUKHANTSOV;;LMP3;;Inter Europol Competition;Ligier;GF;36.453;32.323;53.216;
13;1;3;1:59.995;0;;35.872;0;31.834;0;52.289;0;176.7;6:17.249;12:06:53.136;0:35.872;0:31.834;0:52.289;247.1;Alexander BUKHANTSOV;;LMP3;;Inter Europol Competition;Ligier;GF;35.872;31.834;52.289;
13;1;4;1:59.228;0;;35.692;0;31.518;0;52.018;0;177.9;8:16.477;12:08:52.364;0:35.692;0:31.518;0:52.018;246.6;Alexander BUKHANTSOV;;LMP3;;Inter Europol Competition;Ligier;GF;35.692;31.518;52.018;
13;1;5;1:58.483;0;;35.383;2;31.243;0;51.857;0;179.0;10:14.960;12:10:50.847;0:35.383;0:31.243;0:51.857;246.6;Alexander BUKHANTSOV;;LMP3;;Inter Europol Competition;Ligier;GF;35.383;31.243;51.857;
13;1;6;1:59.174;0;;35.499;0;31.353;0;52.322;0;178.0;12:14.134;12:12:50.021;0:35.499;0:31.353;0:52.322;246.6;Alexander BUKHANTSOV;;LMP3;;Inter Europol Competition;Ligier;GF;35.499;31.353;52.322;
13;1;7;1:58.669;0;;35.527;0;31.216;0;51.926;0;178.7;14:12.803;12:14:48.690;0:35.527;0:31.216;0:51.926;246.0;Alexander BUKHANTSOV;;LMP3;;Inter Europol Competition;Ligier;GF;35.527;31.216;51.926;
13;1;8;1:58.428;2;;35.499;0;31.194;0;51.735;2;179.1;16:11.231;12:16:47.118;0:35.499;0:31.194;0:51.735;246.0;Alexander BUKHANTSOV;;LMP3;;Inter Europol Competition;Ligier;GF;35.499;31.194;51.735;
13;1;9;1:59.286;0;;35.592;0;31.664;0;52.030;0;177.8;18:10.517;12:18:46.404;0:35.592;0:31.664;0:52.030;246.0;Alexander BUKHANTSOV;;LMP3;;Inter Europol Competition;Ligier;GF;35.592;31.664;52.030;
13;1;10;1:58.827;0;;35.699;0;31.164;0;51.964;0;178.5;20:09.344;12:20:45.231;0:35.699;0:31.164;0:51.964;246.0;Alexander BUKHANTSOV;;LMP3;;Inter Europol Competition;Ligier;GF;35.699;31.164;51.964;
13;1;11;1:59.097;0;;35.635;0;31.551;0;51.911;0;178.1;22:08.441;12:22:44.328;0:35.635;0:31.551;0:51.911;246.6;Alexander BUKHANTSOV;;LMP3;;Inter Europol Competition;Ligier;GF;35.635;31.551;51.911;
13;1;12;1:59.771;0;;35.799;0;31.422;0;52.550;0;177.1;24:08.212;12:24:44.099;0:35.799;0:31.422;0:52.550;248.3;Alexander BUKHANTSOV;;LMP3;;Inter Europol Competition;Ligier;GF;35.799;31.422;52.550;
13;1;13;2:00.449;0;;35.961;0;31.753;0;52.735;0;176.1;26:08.661;12:26:44.548;0:35.961;0:31.753;0:52.735;244.9;Alexander BUKHANTSOV;;LMP3;;Inter Europol Competition;Ligier;GF;35.961;31.753;52.735;
13;1;14;1:59.735;0;;36.252;0;31.412;0;52.071;0;177.1;28:08.396;12:28:44.283;0:36.252;0:31.412;0:52.071;247.1;Alexander BUKHANTSOV;;LMP3;;Inter Europol Competition;Ligier;GF;36.252;31.412;52.071;
13;1;15;1:59.747;0;;35.843;0;31.344;0;52.560;0;177.1;30:08.143;12:30:44.030;0:35.843;0:31.344;0:52.560;246.0;Alexander BUKHANTSOV;;LMP3;;Inter Europol Competition;Ligier;GF;35.843;31.344;52.560;
13;1;16;2:00.009;0;;35.585;0;32.302;0;52.122;0;176.7;32:08.152;12:32:44.039;0:35.585;0:32.302;0:52.122;246.6;Alexander BUKHANTSOV;;LMP3;;Inter Europol Competition;Ligier;GF;35.585;32.302;52.122;
13;1;17;1:58.809;0;;35.695;0;31.096;0;52.018;0;178.5;34:06.961;12:34:42.848;0:35.695;0:31.096;0:52.018;246.6;Alexander BUKHANTSOV;;LMP3;;Inter Europol Competition;Ligier;GF;35.695;31.096;52.018;
13;1;18;1:59.848;0;;36.042;0;31.298;0;52.508;0;177.0;36:06.809;12:36:42.696;0:36.042;0:31.298;0:52.508;247.1;Alexander BUKHANTSOV;;LMP3;;Inter Europol Competition;Ligier;GF;36.042;31.298;52.508;
13;1;19;1:59.806;0;;35.831;0;31.513;0;52.462;0;177.0;38:06.615;12:38:42.502;0:35.831;0:31.513;0:52.462;244.9;Alexander BUKHANTSOV;;LMP3;;Inter Europol Competition;Ligier;GF;35.831;31.513;52.462;
13;1;20;2:00.882;0;;37.020;0;31.493;0;52.369;0;175.4;40:07.497;12:40:43.384;0:37.020;0:31.493;0:52.369;246.0;Alexander BUKHANTSOV;;LMP3;;Inter Europol Competition;Ligier;GF;37.020;31.493;52.369;
13;1;21;2:02.627;0;;36.040;0;32.658;0;53.929;0;172.9;42:10.124;12:42:46.011;0:36.040;0:32.658;0:53.929;248.8;Alexander BUKHANTSOV;;LMP3;;Inter Europol Competition;Ligier;GF;36.040;32.658;53.929;
13;1;22;1:59.077;0;;35.736;0;31.267;0;52.074;0;178.1;44:09.201;12:44:45.088;0:35.736;0:31.267;0:52.074;246.6;Alexander BUKHANTSOV;;LMP3;;Inter Europol Competition;Ligier;GF;35.736;31.267;52.074;
13;1;23;1:58.690;0;;35.717;0;31.095;2;51.878;0;178.7;46:07.891;12:46:43.778;0:35.717;0:31.095;0:51.878;245.5;Alexander BUKHANTSOV;;LMP3;;Inter Europol Competition;Ligier;GF;35.717;31.095;51.878;
13;1;24;2:00.194;0;;35.837;0;31.857;0;52.500;0;176.4;48:08.085;12:48:43.972;0:35.837;0:31.857;0:52.500;247.1;Alexander BUKHANTSOV;;LMP3;;Inter Europol Competition;Ligier;GF;35.837;31.857;52.500;
13;1;25;2:00.629;0;;35.978;0;31.666;0;52.985;0;175.8;50:08.714;12:50:44.601;0:35.978;0:31.666;0:52.985;248.8;Alexander BUKHANTSOV;;LMP3;;Inter Europol Competition;Ligier;GF;35.978;31.666;52.985;
13;1;26;2:02.863;0;;37.900;0;32.100;0;52.863;0;172.6;52:11.577;12:52:47.464;0:37.900;0:32.100;0:52.863;249.4;Alexander BUKHANTSOV;;LMP3;;Inter Europol Competition;Ligier;GF;37.900;32.100;52.863;
13;1;27;2:00.533;0;;36.049;0;31.696;0;52.788;0;175.9;54:12.110;12:54:47.997;0:36.049;0:31.696;0:52.788;247.1;Alexander BUKHANTSOV;;LMP3;;Inter Europol Competition;Ligier;GF;36.049;31.696;52.788;
13;1;28;1:59.411;0;;35.931;0;31.425;0;52.055;0;177.6;56:11.521;12:56:47.408;0:35.931;0:31.425;0:52.055;248.3;Alexander BUKHANTSOV;;LMP3;;Inter Europol Competition;Ligier;GF;35.931;31.425;52.055;
13;1;29;2:03.652;0;;35.931;0;31.235;0;56.486;0;171.5;58:15.173;12:58:51.060;0:35.931;0:31.235;0:56.486;248.8;Alexander BUKHANTSOV;;LMP3;;Inter Europol Competition;Ligier;GF;35.931;31.235;56.486;
13;1;30;2:04.088;0;B;36.129;0;31.675;0;56.284;0;170.9;1:00:19.261;13:00:55.148;0:36.129;0:31.675;0:56.284;247.1;Alexander BUKHANTSOV;;LMP3;;Inter Europol Competition;Ligier;GF;36.129;31.675;56.284;
13;1;31;3:13.284;0;;1:48.661;0;31.835;0;52.788;0;109.7;1:03:32.545;13:04:08.432;1:48.661;0:31.835;0:52.788;243.8;Alexander BUKHANTSOV;0:01:15.877;LMP3;;Inter Europol Competition;Ligier;GF;108.661;31.835;52.788;
13;1;32;2:00.282;0;;36.229;0;31.599;0;52.454;0;176.3;1:05:32.827;13:06:08.714;0:36.229;0:31.599;0:52.454;245.5;Alexander BUKHANTSOV;;LMP3;;Inter Europol Competition;Ligier;GF;36.229;31.599;52.454;
13;1;33;2:00.752;0;;36.373;0;31.444;0;52.935;0;175.6;1:07:33.579;13:08:09.466;0:36.373;0:31.444;0:52.935;247.1;Alexander BUKHANTSOV;;LMP3;;Inter Europol Competition;Ligier;GF;36.373;31.444;52.935;
13;1;34;2:00.376;0;;36.477;0;31.464;0;52.435;0;176.2;1:09:33.955;13:10:09.842;0:36.477;0:31.464;0:52.435;245.5;Alexander BUKHANTSOV;;LMP3;;Inter Europol Competition;Ligier;GF;36.477;31.464;52.435;
13;1;35;2:01.263;0;;36.387;0;31.609;0;53.267;0;174.9;1:11:35.218;13:12:11.105;0:36.387;0:31.609;0:53.267;244.3;Alexander BUKHANTSOV;;LMP3;;Inter Europol Competition;Ligier;GF;36.387;31.609;53.267;
13;1;36;2:01.458;0;;36.345;0;31.724;0;53.389;0;174.6;1:13:36.676;13:14:12.563;0:36.345;0:31.724;0:53.389;246.6;Alexander BUKHANTSOV;;LMP3;;Inter Europol Competition;Ligier;GF;36.345;31.724;53.389;
13;1;37;2:06.927;0;;38.218;0;34.141;0;54.568;0;167.1;1:15:43.603;13:16:19.490;0:38.218;0:34.141;0:54.568;246.6;Alexander BUKHANTSOV;;LMP3;;Inter Europol Competition;Ligier;GF;38.218;34.141;54.568;
13;1;38;2:05.238;0;;38.521;0;32.626;0;54.091;0;169.3;1:17:48.841;13:18:24.728;0:38.521;0:32.626;0:54.091;244.3;Alexander BUKHANTSOV;;LMP3;;Inter Europol Competition;Ligier;GF;38.521;32.626;54.091;
13;1;39;3:02.117;0;;37.694;0;40.078;0;1:44.345;0;116.5;1:20:50.958;13:21:26.845;0:37.694;0:40.078;1:44.345;247.1;Alexander BUKHANTSOV;;LMP3;;Inter Europol Competition;Ligier;FCY;37.694;40.078;104.345;
13;1;40;2:13.755;0;;42.664;0;33.208;0;57.883;0;158.6;1:23:04.713;13:23:40.600;0:42.664;0:33.208;0:57.883;247.1;Alexander BUKHANTSOV;;LMP3;;Inter Europol Competition;Ligier;GF;42.664;33.208;57.883;
13;1;41;3:17.371;0;B;42.539;0;48.717;0;1:46.115;0;107.5;1:26:22.084;13:26:57.971;0:42.539;0:48.717;1:46.115;244.9;Alexander BUKHANTSOV;;LMP3;;Inter Europol Competition;Ligier;GF;42.539;48.717;106.115;
13;1;42;5:49.831;0;;2:56.489;0;1:07.627;0;1:45.715;0;60.6;1:32:11.915;13:32:47.802;2:56.489;1:07.627;1:45.715;;Alexander BUKHANTSOV;0:01:41.037;LMP3;;Inter Europol Competition;Ligier;GF;176.489;67.627;105.715;
13;1;43;3:32.902;0;;1:31.376;0;57.899;0;1:03.627;0;99.6;1:35:44.817;13:36:20.704;1:31.376;0:57.899;1:03.627;;Alexander BUKHANTSOV;;LMP3;;Inter Europol Competition;Ligier;SF;91.376;57.899;63.627;
13;1;44;4:00.826;0;;1:24.698;0;59.876;0;1:36.252;0;88.1;1:39:45.643;13:40:21.530;1:24.698;0:59.876;1:36.252;;Alexander BUKHANTSOV;;LMP3;;Inter Europol Competition;Ligier;SF;84.698;59.876;96.252;
13;1;45;4:16.328;0;;1:29.095;0;1:04.908;0;1:42.325;0;82.7;1:44:01.971;13:44:37.858;1:29.095;1:04.908;1:42.325;;Alexander BUKHANTSOV;;LMP3;;Inter Europol Competition;Ligier;SF;89.095;64.908;102.325;
13;1;46;2:46.967;0;;50.761;0;44.237;0;1:11.969;0;127.0;1:46:48.938;13:47:24.825;0:50.761;0:44.237;1:11.969;187.5;Alexander BUKHANTSOV;;LMP3;;Inter Europol Competition;Ligier;SF;50.761;44.237;71.969;
13;1;47;2:41.404;0;;47.808;0;43.839;0;1:09.757;0;131.4;1:49:30.342;13:50:06.229;0:47.808;0:43.839;1:09.757;185.6;Alexander BUKHANTSOV;;LMP3;;Inter Europol Competition;Ligier;SF;47.808;43.839;69.757;
13;1;48;3:06.899;0;B;47.377;0;50.025;0;1:29.497;0;113.5;1:52:37.241;13:53:13.128;0:47.377;0:50.025;1:29.497;173.4;Alexander BUKHANTSOV;;LMP3;;Inter Europol Competition;Ligier;SF;47.377;50.025;89.497;
13;3;49;3:59.981;0;;2:21.315;0;37.267;0;1:01.399;0;88.4;1:56:37.222;13:57:13.109;2:21.315;0:37.267;1:01.399;236.8;Chun Ting CHOU;0:01:40.372;LMP3;;Inter Europol Competition;Ligier;SF;141.315;37.267;61.399;
13;3;50;2:39.137;0;;44.917;0;42.197;0;1:12.023;0;133.3;1:59:16.359;13:59:52.246;0:44.917;0:42.197;1:12.023;166.4;Chun Ting CHOU;;LMP3;;Inter Europol Competition;Ligier;SF;44.917;42.197;72.023;
13;3;51;2:44.363;0;;52.780;0;43.087;0;1:08.496;0;129.0;2:02:00.722;14:02:36.609;0:52.780;0:43.087;1:08.496;173.1;Chun Ting CHOU;;LMP3;;Inter Europol Competition;Ligier;SF;52.780;43.087;68.496;
13;3;52;2:35.906;0;;46.887;0;42.516;0;1:06.503;0;136.0;2:04:36.628;14:05:12.515;0:46.887;0:42.516;1:06.503;156.1;Chun Ting CHOU;;LMP3;;Inter Europol Competition;Ligier;SF;46.887;42.516;66.503;
13;3;53;2:28.573;0;;44.631;0;38.092;0;1:05.850;0;142.7;2:07:05.201;14:07:41.088;0:44.631;0:38.092;1:05.850;159.3;Chun Ting CHOU;;LMP3;;Inter Europol Competition;Ligier;SF;44.631;38.092;65.850;
13;3;54;2:56.669;0;;51.689;0;45.643;0;1:19.337;0;120.0;2:10:01.870;14:10:37.757;0:51.689;0:45.643;1:19.337;173.4;Chun Ting CHOU;;LMP3;;Inter Europol Competition;Ligier;GF;51.689;45.643;79.337;
13;3;55;2:21.774;0;;42.558;0;38.722;0;1:00.494;0;149.6;2:12:23.644;14:12:59.531;0:42.558;0:38.722;1:00.494;242.2;Chun Ting CHOU;;LMP3;;Inter Europol Competition;Ligier;GF;42.558;38.722;60.494;
13;3;56;2:17.828;0;;41.548;0;36.475;0;59.805;0;153.9;2:14:41.472;14:15:17.359;0:41.548;0:36.475;0:59.805;240.0;Chun Ting CHOU;;LMP3;;Inter Europol Competition;Ligier;GF;41.548;36.475;59.805;
13;3;57;2:15.966;0;;40.217;0;36.459;0;59.290;0;156.0;2:16:57.438;14:17:33.325;0:40.217;0:36.459;0:59.290;242.2;Chun Ting CHOU;;LMP3;;Inter Europol Competition;Ligier;GF;40.217;36.459;59.290;
13;3;58;2:17.367;0;;41.406;0;36.711;0;59.250;0;154.4;2:19:14.805;14:19:50.692;0:41.406;0:36.711;0:59.250;240.5;Chun Ting CHOU;;LMP3;;Inter Europol Competition;Ligier;GF;41.406;36.711;59.250;
13;3;59;2:14.495;0;;39.580;1;36.134;0;58.781;1;157.7;2:21:29.300;14:22:05.187;0:39.580;0:36.134;0:58.781;240.5;Chun Ting CHOU;;LMP3;;Inter Europol Competition;Ligier;GF;39.580;36.134;58.781;
13;3;60;2:15.132;0;;39.811;0;36.092;0;59.229;0;156.9;2:23:44.432;14:24:20.319;0:39.811;0:36.092;0:59.229;240.0;Chun Ting CHOU;;LMP3;;Inter Europol Competition;Ligier;GF;39.811;36.092;59.229;
13;3;61;2:15.643;0;;39.644;0;36.264;0;59.735;0;156.3;2:26:00.075;14:26:35.962;0:39.644;0:36.264;0:59.735;241.6;Chun Ting CHOU;;LMP3;;Inter Europol Competition;Ligier;GF;39.644;36.264;59.735;
13;3;62;2:15.491;0;;40.091;0;36.273;0;59.127;0;156.5;2:28:15.566;14:28:51.453;0:40.091;0:36.273;0:59.127;241.1;Chun Ting CHOU;;LMP3;;Inter Europol Competition;Ligier;GF;40.091;36.273;59.127;
13;3;63;2:15.599;0;;40.254;0;35.901;1;59.444;0;156.4;2:30:31.165;14:31:07.052;0:40.254;0:35.901;0:59.444;242.7;Chun Ting CHOU;;LMP3;;Inter Europol Competition;Ligier;GF;40.254;35.901;59.444;
13;3;64;2:16.975;0;;41.000;0;36.338;0;59.637;0;154.8;2:32:48.140;14:33:24.027;0:41.000;0:36.338;0:59.637;238.9;Chun Ting CHOU;;LMP3;;Inter Europol Competition;Ligier;GF;41.000;36.338;59.637;
13;3;65;2:17.864;0;;41.111;0;37.138;0;59.615;0;153.8;2:35:06.004;14:35:41.891;0:41.111;0:37.138;0:59.615;242.2;Chun Ting CHOU;;LMP3;;Inter Europol Competition;Ligier;GF;41.111;37.138;59.615;
13;3;66;2:18.528;0;;40.986;0;37.331;0;1:00.211;0;153.1;2:37:24.532;14:38:00.419;0:40.986;0:37.331;1:00.211;240.5;Chun Ting CHOU;;LMP3;;Inter Europol Competition;Ligier;GF;40.986;37.331;60.211;
13;3;67;2:51.571;0;;40.321;0;36.256;0;1:34.994;0;123.6;2:40:16.103;14:40:51.990;0:40.321;0:36.256;1:34.994;242.2;Chun Ting CHOU;;LMP3;;Inter Europol Competition;Ligier;FCY;40.321;36.256;94.994;
13;3;68;4:25.152;0;;1:31.637;0;1:08.054;0;1:45.461;0;80.0;2:44:41.255;14:45:17.142;1:31.637;1:08.054;1:45.461;;Chun Ting CHOU;;LMP3;;Inter Europol Competition;Ligier;FCY;91.637;68.054;105.461;
13;3;69;2:36.232;0;;59.284;0;36.949;0;59.999;0;135.7;2:47:17.487;14:47:53.374;0:59.284;0:36.949;0:59.999;238.9;Chun Ting CHOU;;LMP3;;Inter Europol Competition;Ligier;GF;59.284;36.949;59.999;
13;3;70;2:17.142;0;;40.747;0;36.795;0;59.600;0;154.6;2:49:34.629;14:50:10.516;0:40.747;0:36.795;0:59.600;239.5;Chun Ting CHOU;;LMP3;;Inter Europol Competition;Ligier;GF;40.747;36.795;59.600;
13;3;71;2:35.996;0;;40.333;0;36.727;0;1:18.936;0;135.9;2:52:10.625;14:52:46.512;0:40.333;0:36.727;1:18.936;239.5;Chun Ting CHOU;;LMP3;;Inter Europol Competition;Ligier;FCY;40.333;36.727;78.936;
13;3;72;4:24.661;0;;1:31.436;0;1:07.866;0;1:45.359;0;80.1;2:56:35.286;14:57:11.173;1:31.436;1:07.866;1:45.359;;Chun Ting CHOU;;LMP3;;Inter Europol Competition;Ligier;FCY;91.436;67.866;105.359;
13;3;73;3:55.358;0;;1:31.426;0;1:07.915;0;1:16.017;0;90.1;3:00:30.644;15:01:06.531;1:31.426;1:07.915;1:16.017;;Chun Ting CHOU;;LMP3;;Inter Europol Competition;Ligier;GF;91.426;67.915;76.017;
13;3;74;2:18.930;0;;40.880;0;37.843;0;1:00.207;0;152.6;3:02:49.574;15:03:25.461;0:40.880;0:37.843;1:00.207;239.5;Chun Ting CHOU;;LMP3;;Inter Europol Competition;Ligier;GF;40.880;37.843;60.207;
13;3;75;2:17.635;0;;40.708;0;36.530;0;1:00.397;0;154.1;3:05:07.209;15:05:43.096;0:40.708;0:36.530;1:00.397;240.5;Chun Ting CHOU;;LMP3;;Inter Europol Competition;Ligier;GF;40.708;36.530;60.397;
13;3;76;2:18.326;0;;40.769;0;37.325;0;1:00.232;0;153.3;3:07:25.535;15:08:01.422;0:40.769;0:37.325;1:00.232;241.1;Chun Ting CHOU;;LMP3;;Inter Europol Competition;Ligier;GF;40.769;37.325;60.232;
13;3;77;2:19.252;0;;42.250;0;37.340;0;59.662;0;152.3;3:09:44.787;15:10:20.674;0:42.250;0:37.340;0:59.662;242.7;Chun Ting CHOU;;LMP3;;Inter Europol Competition;Ligier;GF;42.250;37.340;59.662;
13;3;78;2:18.813;0;;40.623;0;37.736;0;1:00.454;0;152.8;3:12:03.600;15:12:39.487;0:40.623;0:37.736;1:00.454;243.2;Chun Ting CHOU;;LMP3;;Inter Europol Competition;Ligier;GF;40.623;37.736;60.454;
13;3;79;2:24.958;0;B;41.375;0;38.318;0;1:05.265;0;146.3;3:14:28.558;15:15:04.445;0:41.375;0:38.318;1:05.265;245.5;Chun Ting CHOU;;LMP3;;Inter Europol Competition;Ligier;GF;41.375;38.318;65.265;
13;2;80;3:10.855;0;;1:32.575;0;37.252;0;1:01.028;0;111.1;3:17:39.413;15:18:15.300;1:32.575;0:37.252;1:01.028;237.4;Henry CUBIDES OLARTE;0:00:54.464;LMP3;;Inter Europol Competition;Ligier;GF;92.575;37.252;61.028;
13;2;81;2:17.898;0;;41.227;0;36.635;0;1:00.036;0;153.8;3:19:57.311;15:20:33.198;0:41.227;0:36.635;1:00.036;239.5;Henry CUBIDES OLARTE;;LMP3;;Inter Europol Competition;Ligier;GF;41.227;36.635;60.036;
13;2;82;2:18.374;0;;41.091;0;36.521;0;1:00.762;0;153.3;3:22:15.685;15:22:51.572;0:41.091;0:36.521;1:00.762;239.5;Henry CUBIDES OLARTE;;LMP3;;Inter Europol Competition;Ligier;GF;41.091;36.521;60.762;
13;2;83;2:20.087;0;;41.319;0;37.285;0;1:01.483;0;151.4;3:24:35.772;15:25:11.659;0:41.319;0:37.285;1:01.483;240.0;Henry CUBIDES OLARTE;;LMP3;;Inter Europol Competition;Ligier;GF;41.319;37.285;61.483;
13;2;84;2:20.926;0;;41.639;0;36.991;0;1:02.296;0;150.5;3:26:56.698;15:27:32.585;0:41.639;0:36.991;1:02.296;241.1;Henry CUBIDES OLARTE;;LMP3;;Inter Europol Competition;Ligier;GF;41.639;36.991;62.296;
13;2;85;2:20.241;0;;41.560;0;37.294;0;1:01.387;0;151.2;3:29:16.939;15:29:52.826;0:41.560;0:37.294;1:01.387;238.9;Henry CUBIDES OLARTE;;LMP3;;Inter Europol Competition;Ligier;GF;41.560;37.294;61.387;
13;2;86;2:17.755;0;;41.051;0;36.494;0;1:00.210;0;154.0;3:31:34.694;15:32:10.581;0:41.051;0:36.494;1:00.210;241.6;Henry CUBIDES OLARTE;;LMP3;;Inter Europol Competition;Ligier;GF;41.051;36.494;60.210;
13;2;87;2:18.505;0;;40.740;0;37.193;0;1:00.572;0;153.1;3:33:53.199;15:34:29.086;0:40.740;0:37.193;1:00.572;241.1;Henry CUBIDES OLARTE;;LMP3;;Inter Europol Competition;Ligier;GF;40.740;37.193;60.572;
13;2;88;2:18.856;0;;40.632;0;37.130;0;1:01.094;0;152.7;3:36:12.055;15:36:47.942;0:40.632;0:37.130;1:01.094;241.6;Henry CUBIDES OLARTE;;LMP3;;Inter Europol Competition;Ligier;GF;40.632;37.130;61.094;
13;2;89;2:17.900;0;;41.253;0;36.712;0;59.935;0;153.8;3:38:29.955;15:39:05.842;0:41.253;0:36.712;0:59.935;242.2;Henry CUBIDES OLARTE;;LMP3;;Inter Europol Competition;Ligier;GF;41.253;36.712;59.935;
13;2;90;2:16.565;0;;40.398;0;36.256;0;59.911;0;155.3;3:40:46.520;15:41:22.407;0:40.398;0:36.256;0:59.911;241.6;Henry CUBIDES OLARTE;;LMP3;;Inter Europol Competition;Ligier;GF;40.398;36.256;59.911;
13;2;91;2:16.630;0;;40.292;1;36.287;0;1:00.051;0;155.2;3:43:03.150;15:43:39.037;0:40.292;0:36.287;1:00.051;241.6;Henry CUBIDES OLARTE;;LMP3;;Inter Europol Competition;Ligier;GF;40.292;36.287;60.051;
13;2;92;2:18.132;0;;41.252;0;36.615;0;1:00.265;0;153.5;3:45:21.282;15:45:57.169;0:41.252;0:36.615;1:00.265;241.6;Henry CUBIDES OLARTE;;LMP3;;Inter Europol Competition;Ligier;GF;41.252;36.615;60.265;
13;2;93;2:19.476;0;;40.701;0;37.260;0;1:01.515;0;152.1;3:47:40.758;15:48:16.645;0:40.701;0:37.260;1:01.515;242.7;Henry CUBIDES OLARTE;;LMP3;;Inter Europol Competition;Ligier;GF;40.701;37.260;61.515;
13;2;94;2:17.889;0;;41.152;0;36.292;0;1:00.445;0;153.8;3:49:58.647;15:50:34.534;0:41.152;0:36.292;1:00.445;243.2;Henry CUBIDES OLARTE;;LMP3;;Inter Europol Competition;Ligier;GF;41.152;36.292;60.445;
13;2;95;2:17.476;0;;40.544;0;36.290;0;1:00.642;0;154.3;3:52:16.123;15:52:52.010;0:40.544;0:36.290;1:00.642;241.6;Henry CUBIDES OLARTE;;LMP3;;Inter Europol Competition;Ligier;GF;40.544;36.290;60.642;
13;2;96;2:18.345;0;;40.629;0;37.597;0;1:00.119;0;153.3;3:54:34.468;15:55:10.355;0:40.629;0:37.597;1:00.119;242.7;Henry CUBIDES OLARTE;;LMP3;;Inter Europol Competition;Ligier;GF;40.629;37.597;60.119;
13;2;97;2:16.686;0;;40.731;0;36.321;0;59.634;0;155.2;3:56:51.154;15:57:27.041;0:40.731;0:36.321;0:59.634;242.2;Henry CUBIDES OLARTE;;LMP3;;Inter Europol Competition;Ligier;GF;40.731;36.321;59.634;
13;2;98;2:16.080;0;;40.514;0;36.075;1;59.491;1;155.8;3:59:07.234;15:59:43.121;0:40.514;0:36.075;0:59.491;241.6;Henry CUBIDES OLARTE;;LMP3;;Inter Europol Competition;Ligier;GF;40.514;36.075;59.491;
13;2;99;2:17.849;0;;40.578;0;37.197;0;1:00.074;0;153.8;4:01:25.083;16:02:00.970;0:40.578;0:37.197;1:00.074;243.2;Henry CUBIDES OLARTE;;LMP3;;Inter Europol Competition;Ligier;FF;40.578;37.197;60.074;
14;1;1;1:58.942;0;;38.685;0;30.836;0;49.421;0;174.0;1:58.942;12:02:34.829;0:38.685;0:30.836;0:49.421;269.3;Steven THOMAS;;LMP2 Pro/Am;;TDS Racing;Oreca;GF;38.685;30.836;49.421;
14;1;2;1:50.478;0;;32.583;0;29.333;0;48.562;0;192.0;3:49.420;12:04:25.307;0:32.583;0:29.333;0:48.562;272.7;Steven THOMAS;;LMP2 Pro/Am;;TDS Racing;Oreca;GF;32.583;29.333;48.562;
14;1;3;1:49.004;0;;31.778;0;29.080;0;48.146;0;194.6;5:38.424;12:06:14.311;0:31.778;0:29.080;0:48.146;271.4;Steven THOMAS;;LMP2 Pro/Am;;TDS Racing;Oreca;GF;31.778;29.080;48.146;
14;1;4;1:48.578;0;;31.741;0;28.964;0;47.873;1;195.3;7:27.002;12:08:02.889;0:31.741;0:28.964;0:47.873;272.7;Steven THOMAS;;LMP2 Pro/Am;;TDS Racing;Oreca;GF;31.741;28.964;47.873;
14;1;5;1:48.199;0;;31.463;2;28.705;0;48.031;0;196.0;9:15.201;12:09:51.088;0:31.463;0:28.705;0:48.031;273.4;Steven THOMAS;;LMP2 Pro/Am;;TDS Racing;Oreca;GF;31.463;28.705;48.031;
14;1;6;1:48.743;0;;31.710;0;28.851;0;48.182;0;195.0;11:03.944;12:11:39.831;0:31.710;0:28.851;0:48.182;272.0;Steven THOMAS;;LMP2 Pro/Am;;TDS Racing;Oreca;GF;31.710;28.851;48.182;
14;1;7;1:50.723;0;;31.791;0;28.966;0;49.966;0;191.5;12:54.667;12:13:30.554;0:31.791;0:28.966;0:49.966;272.0;Steven THOMAS;;LMP2 Pro/Am;;TDS Racing;Oreca;GF;31.791;28.966;49.966;
14;1;8;1:53.319;0;;33.362;0;29.449;0;50.508;0;187.1;14:47.986;12:15:23.873;0:33.362;0:29.449;0:50.508;269.3;Steven THOMAS;;LMP2 Pro/Am;;TDS Racing;Oreca;GF;33.362;29.449;50.508;
14;1;9;1:52.078;0;;33.123;0;30.233;0;48.722;0;189.2;16:40.064;12:17:15.951;0:33.123;0:30.233;0:48.722;268.7;Steven THOMAS;;LMP2 Pro/Am;;TDS Racing;Oreca;GF;33.123;30.233;48.722;
14;1;10;1:52.793;0;;33.595;0;29.193;0;50.005;0;188.0;18:32.857;12:19:08.744;0:33.595;0:29.193;0:50.005;270.0;Steven THOMAS;;LMP2 Pro/Am;;TDS Racing;Oreca;GF;33.595;29.193;50.005;
14;1;11;1:50.137;0;;31.946;0;28.850;0;49.341;0;192.6;20:22.994;12:20:58.881;0:31.946;0:28.850;0:49.341;272.7;Steven THOMAS;;LMP2 Pro/Am;;TDS Racing;Oreca;GF;31.946;28.850;49.341;
14;1;12;1:50.783;0;;32.121;0;28.859;0;49.803;0;191.4;22:13.777;12:22:49.664;0:32.121;0:28.859;0:49.803;272.0;Steven THOMAS;;LMP2 Pro/Am;;TDS Racing;Oreca;GF;32.121;28.859;49.803;
14;1;13;1:50.097;0;;32.265;0;29.277;0;48.555;0;192.6;24:03.874;12:24:39.761;0:32.265;0:29.277;0:48.555;272.0;Steven THOMAS;;LMP2 Pro/Am;;TDS Racing;Oreca;GF;32.265;29.277;48.555;
14;1;14;1:49.654;0;;32.420;0;28.578;1;48.656;0;193.4;25:53.528;12:26:29.415;0:32.420;0:28.578;0:48.656;271.4;Steven THOMAS;;LMP2 Pro/Am;;TDS Racing;Oreca;GF;32.420;28.578;48.656;
14;1;15;1:48.798;0;;31.924;0;28.681;0;48.193;0;194.9;27:42.326;12:28:18.213;0:31.924;0:28.681;0:48.193;272.0;Steven THOMAS;;LMP2 Pro/Am;;TDS Racing;Oreca;GF;31.924;28.681;48.193;
14;1;16;1:52.133;0;;33.410;0;29.075;0;49.648;0;189.1;29:34.459;12:30:10.346;0:33.410;0:29.075;0:49.648;268.7;Steven THOMAS;;LMP2 Pro/Am;;TDS Racing;Oreca;GF;33.410;29.075;49.648;
14;1;17;1:51.675;0;;31.757;0;28.665;0;51.253;0;189.9;31:26.134;12:32:02.021;0:31.757;0:28.665;0:51.253;273.4;Steven THOMAS;;LMP2 Pro/Am;;TDS Racing;Oreca;GF;31.757;28.665;51.253;
14;1;18;1:50.772;0;;31.924;0;29.650;0;49.198;0;191.5;33:16.906;12:33:52.793;0:31.924;0:29.650;0:49.198;274.1;Steven THOMAS;;LMP2 Pro/Am;;TDS Racing;Oreca;GF;31.924;29.650;49.198;
14;1;19;1:49.566;0;;32.379;0;28.808;0;48.379;0;193.6;35:06.472;12:35:42.359;0:32.379;0:28.808;0:48.379;272.7;Steven THOMAS;;LMP2 Pro/Am;;TDS Racing;Oreca;GF;32.379;28.808;48.379;
14;1;20;1:50.218;0;;32.658;0;28.916;0;48.644;0;192.4;36:56.690;12:37:32.577;0:32.658;0:28.916;0:48.644;274.1;Steven THOMAS;;LMP2 Pro/Am;;TDS Racing;Oreca;GF;32.658;28.916;48.644;
14;1;21;1:53.649;0;B;32.011;0;28.840;0;52.798;0;186.6;38:50.339;12:39:26.226;0:32.011;0:28.840;0:52.798;274.1;Steven THOMAS;;LMP2 Pro/Am;;TDS Racing;Oreca;GF;32.011;28.840;52.798;
14;1;22;2:45.454;0;;1:25.585;0;29.635;0;50.234;0;128.2;41:35.793;12:42:11.680;1:25.585;0:29.635;0:50.234;270.0;Steven THOMAS;0:00:55.581;LMP2 Pro/Am;;TDS Racing;Oreca;GF;85.585;29.635;50.234;
14;1;23;1:51.950;0;;33.237;0;29.441;0;49.272;0;189.4;43:27.743;12:44:03.630;0:33.237;0:29.441;0:49.272;269.3;Steven THOMAS;;LMP2 Pro/Am;;TDS Racing;Oreca;GF;33.237;29.441;49.272;
14;1;24;1:51.313;0;;33.072;0;29.180;0;49.061;0;190.5;45:19.056;12:45:54.943;0:33.072;0:29.180;0:49.061;270.7;Steven THOMAS;;LMP2 Pro/Am;;TDS Racing;Oreca;GF;33.072;29.180;49.061;
14;1;25;1:51.140;0;;33.341;0;29.208;0;48.591;0;190.8;47:10.196;12:47:46.083;0:33.341;0:29.208;0:48.591;271.4;Steven THOMAS;;LMP2 Pro/Am;;TDS Racing;Oreca;GF;33.341;29.208;48.591;
14;1;26;1:50.352;0;;32.387;0;29.420;0;48.545;0;192.2;49:00.548;12:49:36.435;0:32.387;0:29.420;0:48.545;270.0;Steven THOMAS;;LMP2 Pro/Am;;TDS Racing;Oreca;GF;32.387;29.420;48.545;
14;1;27;1:49.815;0;;32.294;0;28.900;0;48.621;0;193.1;50:50.363;12:51:26.250;0:32.294;0:28.900;0:48.621;270.7;Steven THOMAS;;LMP2 Pro/Am;;TDS Racing;Oreca;GF;32.294;28.900;48.621;
14;1;28;1:50.991;0;;32.774;0;28.668;0;49.549;0;191.1;52:41.354;12:53:17.241;0:32.774;0:28.668;0:49.549;272.7;Steven THOMAS;;LMP2 Pro/Am;;TDS Racing;Oreca;GF;32.774;28.668;49.549;
14;1;29;1:49.609;0;;32.432;0;28.857;0;48.320;0;193.5;54:30.963;12:55:06.850;0:32.432;0:28.857;0:48.320;272.7;Steven THOMAS;;LMP2 Pro/Am;;TDS Racing;Oreca;GF;32.432;28.857;48.320;
14;1;30;1:50.497;0;;32.104;0;29.073;0;49.320;0;191.9;56:21.460;12:56:57.347;0:32.104;0:29.073;0:49.320;272.7;Steven THOMAS;;LMP2 Pro/Am;;TDS Racing;Oreca;GF;32.104;29.073;49.320;
14;1;31;1:51.964;0;;32.755;0;29.357;0;49.852;0;189.4;58:13.424;12:58:49.311;0:32.755;0:29.357;0:49.852;271.4;Steven THOMAS;;LMP2 Pro/Am;;TDS Racing;Oreca;GF;32.755;29.357;49.852;
14;1;32;1:50.507;0;;32.785;0;29.001;0;48.721;0;191.9;1:00:03.931;13:00:39.818;0:32.785;0:29.001;0:48.721;272.0;Steven THOMAS;;LMP2 Pro/Am;;TDS Racing;Oreca;GF;32.785;29.001;48.721;
14;1;33;1:52.622;0;;32.069;0;29.608;0;50.945;0;188.3;1:01:56.553;13:02:32.440;0:32.069;0:29.608;0:50.945;274.8;Steven THOMAS;;LMP2 Pro/Am;;TDS Racing;Oreca;GF;32.069;29.608;50.945;
14;1;34;1:54.509;0;B;32.449;0;28.878;0;53.182;0;185.2;1:03:51.062;13:04:26.949;0:32.449;0:28.878;0:53.182;273.4;Steven THOMAS;;LMP2 Pro/Am;;TDS Racing;Oreca;GF;32.449;28.878;53.182;
14;2;35;3:10.071;0;;1:50.513;0;30.360;0;49.198;0;111.6;1:07:01.133;13:07:37.020;1:50.513;0:30.360;0:49.198;264.1;Sami MEGUETOUNIF;0:01:18.984;LMP2 Pro/Am;;TDS Racing;Oreca;GF;110.513;30.360;49.198;
14;2;36;1:51.265;0;;34.044;0;28.599;0;48.622;0;190.6;1:08:52.398;13:09:28.285;0:34.044;0:28.599;0:48.622;271.4;Sami MEGUETOUNIF;;LMP2 Pro/Am;;TDS Racing;Oreca;GF;34.044;28.599;48.622;
14;2;37;1:47.557;2;;31.579;1;28.329;0;47.649;2;197.2;1:10:39.955;13:11:15.842;0:31.579;0:28.329;0:47.649;272.0;Sami MEGUETOUNIF;;LMP2 Pro/Am;;TDS Racing;Oreca;GF;31.579;28.329;47.649;
14;2;38;1:47.647;0;;31.467;0;28.269;2;47.911;0;197.0;1:12:27.602;13:13:03.489;0:31.467;0:28.269;0:47.911;273.4;Sami MEGUETOUNIF;;LMP2 Pro/Am;;TDS Racing;Oreca;GF;31.467;28.269;47.911;
14;2;39;1:51.469;0;;32.766;0;29.785;0;48.918;0;190.3;1:14:19.071;13:14:54.958;0:32.766;0:29.785;0:48.918;273.4;Sami MEGUETOUNIF;;LMP2 Pro/Am;;TDS Racing;Oreca;GF;32.766;29.785;48.918;
14;2;40;1:55.335;0;;33.322;0;30.994;0;51.019;0;183.9;1:16:14.406;13:16:50.293;0:33.322;0:30.994;0:51.019;274.8;Sami MEGUETOUNIF;;LMP2 Pro/Am;;TDS Racing;Oreca;GF;33.322;30.994;51.019;
14;2;41;1:52.811;0;;34.455;0;29.688;0;48.668;0;188.0;1:18:07.217;13:18:43.104;0:34.455;0:29.688;0:48.668;275.5;Sami MEGUETOUNIF;;LMP2 Pro/Am;;TDS Racing;Oreca;GF;34.455;29.688;48.668;
14;2;42;2:55.133;0;;31.970;0;47.700;0;1:35.463;0;121.1;1:21:02.350;13:21:38.237;0:31.970;0:47.700;1:35.463;264.7;Sami MEGUETOUNIF;;LMP2 Pro/Am;;TDS Racing;Oreca;GF;31.970;47.700;95.463;
14;2;43;1:55.286;0;;33.559;0;29.539;0;52.188;0;184.0;1:22:57.636;13:23:33.523;0:33.559;0:29.539;0:52.188;274.8;Sami MEGUETOUNIF;;LMP2 Pro/Am;;TDS Racing;Oreca;GF;33.559;29.539;52.188;
14;2;44;2:45.014;0;;36.624;0;29.412;0;1:38.978;0;128.5;1:25:42.650;13:26:18.537;0:36.624;0:29.412;1:38.978;272.0;Sami MEGUETOUNIF;;LMP2 Pro/Am;;TDS Racing;Oreca;GF;36.624;29.412;98.978;
14;2;45;4:26.048;0;B;1:31.437;0;1:08.434;0;1:46.177;0;79.7;1:30:08.698;13:30:44.585;1:31.437;1:08.434;1:46.177;;Sami MEGUETOUNIF;;LMP2 Pro/Am;;TDS Racing;Oreca;GF;91.437;68.434;106.177;
14;2;46;4:42.744;0;;2:06.569;0;1:08.716;0;1:27.459;0;75.0;1:34:51.442;13:35:27.329;2:06.569;1:08.716;1:27.459;;Sami MEGUETOUNIF;0:00:51.414;LMP2 Pro/Am;;TDS Racing;Oreca;SF;126.569;68.716;87.459;
14;2;47;2:25.032;0;;42.315;0;41.932;0;1:00.785;0;146.2;1:37:16.474;13:37:52.361;0:42.315;0:41.932;1:00.785;204.2;Sami MEGUETOUNIF;;LMP2 Pro/Am;;TDS Racing;Oreca;SF;42.315;41.932;60.785;
14;2;48;3:04.958;0;;43.266;0;44.567;0;1:37.125;0;114.7;1:40:21.432;13:40:57.319;0:43.266;0:44.567;1:37.125;182.4;Sami MEGUETOUNIF;;LMP2 Pro/Am;;TDS Racing;Oreca;SF;43.266;44.567;97.125;
14;2;49;4:15.780;0;;1:28.951;0;58.459;0;1:48.370;0;82.9;1:44:37.212;13:45:13.099;1:28.951;0:58.459;1:48.370;;Sami MEGUETOUNIF;;LMP2 Pro/Am;;TDS Racing;Oreca;SF;88.951;58.459;108.370;
14;2;50;4:06.298;0;;1:30.953;0;58.453;0;1:36.892;0;86.1;1:48:43.510;13:49:19.397;1:30.953;0:58.453;1:36.892;;Sami MEGUETOUNIF;;LMP2 Pro/Am;;TDS Racing;Oreca;SF;90.953;58.453;96.892;
14;2;51;3:41.980;0;B;1:20.852;0;51.859;0;1:29.269;0;95.5;1:52:25.490;13:53:01.377;1:20.852;0:51.859;1:29.269;;Sami MEGUETOUNIF;;LMP2 Pro/Am;;TDS Racing;Oreca;SF;80.852;51.859;89.269;
14;2;52;3:29.445;0;;1:44.862;0;40.014;0;1:04.569;0;101.3;1:55:54.935;13:56:30.822;1:44.862;0:40.014;1:04.569;178.5;Sami MEGUETOUNIF;0:01:02.075;LMP2 Pro/Am;;TDS Racing;Oreca;SF;104.862;40.014;64.569;
14;2;53;2:30.240;0;;45.411;0;39.279;0;1:05.550;0;141.2;1:58:25.175;13:59:01.062;0:45.411;0:39.279;1:05.550;232.3;Sami MEGUETOUNIF;;LMP2 Pro/Am;;TDS Racing;Oreca;SF;45.411;39.279;65.550;
14;2;54;2:27.645;0;;44.264;0;39.095;0;1:04.286;0;143.6;2:00:52.820;14:01:28.707;0:44.264;0:39.095;1:04.286;213.9;Sami MEGUETOUNIF;;LMP2 Pro/Am;;TDS Racing;Oreca;SF;44.264;39.095;64.286;
14;2;55;2:49.794;0;;49.959;0;46.130;0;1:13.705;0;124.9;2:03:42.614;14:04:18.501;0:49.959;0:46.130;1:13.705;125.4;Sami MEGUETOUNIF;;LMP2 Pro/Am;;TDS Racing;Oreca;SF;49.959;46.130;73.705;
14;2;56;3:02.825;0;;56.339;0;49.903;0;1:16.583;0;116.0;2:06:45.439;14:07:21.326;0:56.339;0:49.903;1:16.583;134.2;Sami MEGUETOUNIF;;LMP2 Pro/Am;;TDS Racing;Oreca;SF;56.339;49.903;76.583;
14;2;57;3:01.148;0;;50.628;0;44.947;0;1:25.573;0;117.1;2:09:46.587;14:10:22.474;0:50.628;0:44.947;1:25.573;161.4;Sami MEGUETOUNIF;;LMP2 Pro/Am;;TDS Racing;Oreca;GF;50.628;44.947;85.573;
14;2;58;2:08.025;0;;38.073;0;34.282;0;55.670;0;165.7;2:11:54.612;14:12:30.499;0:38.073;0:34.282;0:55.670;266.7;Sami MEGUETOUNIF;;LMP2 Pro/Am;;TDS Racing;Oreca;GF;38.073;34.282;55.670;
14;2;59;2:04.606;0;;35.966;0;33.599;0;55.041;0;170.2;2:13:59.218;14:14:35.105;0:35.966;0:33.599;0:55.041;265.4;Sami MEGUETOUNIF;;LMP2 Pro/Am;;TDS Racing;Oreca;GF;35.966;33.599;55.041;
14;2;60;2:04.814;0;;36.389;0;33.395;0;55.030;0;169.9;2:16:04.032;14:16:39.919;0:36.389;0:33.395;0:55.030;266.0;Sami MEGUETOUNIF;;LMP2 Pro/Am;;TDS Racing;Oreca;GF;36.389;33.395;55.030;
14;2;61;2:04.887;0;;36.827;0;33.141;0;54.919;0;169.8;2:18:08.919;14:18:44.806;0:36.827;0:33.141;0:54.919;266.7;Sami MEGUETOUNIF;;LMP2 Pro/Am;;TDS Racing;Oreca;GF;36.827;33.141;54.919;
14;2;62;2:04.327;0;;36.375;0;33.131;0;54.821;0;170.6;2:20:13.246;14:20:49.133;0:36.375;0:33.131;0:54.821;266.7;Sami MEGUETOUNIF;;LMP2 Pro/Am;;TDS Racing;Oreca;GF;36.375;33.131;54.821;
14;2;63;2:03.359;0;;35.871;0;33.090;0;54.398;0;171.9;2:22:16.605;14:22:52.492;0:35.871;0:33.090;0:54.398;266.0;Sami MEGUETOUNIF;;LMP2 Pro/Am;;TDS Racing;Oreca;GF;35.871;33.090;54.398;
14;2;64;2:03.933;0;;35.774;0;33.100;0;55.059;0;171.1;2:24:20.538;14:24:56.425;0:35.774;0:33.100;0:55.059;265.4;Sami MEGUETOUNIF;;LMP2 Pro/Am;;TDS Racing;Oreca;GF;35.774;33.100;55.059;
14;2;65;2:05.370;0;;36.366;0;33.539;0;55.465;0;169.2;2:26:25.908;14:27:01.795;0:36.366;0:33.539;0:55.465;266.7;Sami MEGUETOUNIF;;LMP2 Pro/Am;;TDS Racing;Oreca;GF;36.366;33.539;55.465;
14;2;66;2:07.335;0;;37.365;0;34.660;0;55.310;0;166.5;2:28:33.243;14:29:09.130;0:37.365;0:34.660;0:55.310;264.7;Sami MEGUETOUNIF;;LMP2 Pro/Am;;TDS Racing;Oreca;GF;37.365;34.660;55.310;
14;2;67;2:08.543;0;;38.861;0;33.908;0;55.774;0;165.0;2:30:41.786;14:31:17.673;0:38.861;0:33.908;0:55.774;265.4;Sami MEGUETOUNIF;;LMP2 Pro/Am;;TDS Racing;Oreca;GF;38.861;33.908;55.774;
14;2;68;2:06.139;0;;36.989;0;33.550;0;55.600;0;168.1;2:32:47.925;14:33:23.812;0:36.989;0:33.550;0:55.600;266.7;Sami MEGUETOUNIF;;LMP2 Pro/Am;;TDS Racing;Oreca;GF;36.989;33.550;55.600;
14;2;69;2:05.342;0;;36.940;0;33.420;0;54.982;0;169.2;2:34:53.267;14:35:29.154;0:36.940;0:33.420;0:54.982;266.7;Sami MEGUETOUNIF;;LMP2 Pro/Am;;TDS Racing;Oreca;GF;36.940;33.420;54.982;
14;2;70;2:05.830;0;;37.228;0;33.437;0;55.165;0;168.5;2:36:59.097;14:37:34.984;0:37.228;0:33.437;0:55.165;267.3;Sami MEGUETOUNIF;;LMP2 Pro/Am;;TDS Racing;Oreca;GF;37.228;33.437;55.165;
14;2;71;2:19.250;0;;36.971;0;33.788;0;1:08.491;0;152.3;2:39:18.347;14:39:54.234;0:36.971;0:33.788;1:08.491;264.1;Sami MEGUETOUNIF;;LMP2 Pro/Am;;TDS Racing;Oreca;FCY;36.971;33.788;68.491;
14;2;72;4:25.069;0;;1:31.197;0;1:07.775;0;1:46.097;0;80.0;2:43:43.416;14:44:19.303;1:31.197;1:07.775;1:46.097;;Sami MEGUETOUNIF;;LMP2 Pro/Am;;TDS Racing;Oreca;FCY;91.197;67.775;106.097;
14;2;73;3:03.866;0;;1:30.596;0;36.418;0;56.852;0;115.3;2:46:47.282;14:47:23.169;1:30.596;0:36.418;0:56.852;161.0;Sami MEGUETOUNIF;;LMP2 Pro/Am;;TDS Racing;Oreca;GF;90.596;36.418;56.852;
14;2;74;2:09.088;0;;37.564;0;34.634;0;56.890;0;164.3;2:48:56.370;14:49:32.257;0:37.564;0:34.634;0:56.890;265.4;Sami MEGUETOUNIF;;LMP2 Pro/Am;;TDS Racing;Oreca;GF;37.564;34.634;56.890;
14;2;75;2:08.578;0;;37.881;0;34.663;0;56.034;0;164.9;2:51:04.948;14:51:40.835;0:37.881;0:34.663;0:56.034;266.7;Sami MEGUETOUNIF;;LMP2 Pro/Am;;TDS Racing;Oreca;GF;37.881;34.663;56.034;
14;2;76;3:54.758;0;;1:01.349;0;1:07.954;0;1:45.455;0;90.3;2:54:59.706;14:55:35.593;1:01.349;1:07.954;1:45.455;;Sami MEGUETOUNIF;;LMP2 Pro/Am;;TDS Racing;Oreca;FCY;61.349;67.954;105.455;
14;2;77;5:09.431;0;B;1:31.755;0;1:08.103;0;2:29.573;0;68.5;3:00:09.137;15:00:45.024;1:31.755;1:08.103;2:29.573;;Sami MEGUETOUNIF;;LMP2 Pro/Am;;TDS Racing;Oreca;GF;91.755;68.103;149.573;
14;3;78;3:09.936;0;;1:37.048;0;36.124;0;56.764;0;111.7;3:03:19.073;15:03:54.960;1:37.048;0:36.124;0:56.764;263.4;Scott HUFFAKER II;0:01:02.943;LMP2 Pro/Am;;TDS Racing;Oreca;GF;97.048;36.124;56.764;
14;3;79;2:10.720;0;;38.642;0;34.849;0;57.229;0;162.2;3:05:29.793;15:06:05.680;0:38.642;0:34.849;0:57.229;264.1;Scott HUFFAKER II;;LMP2 Pro/Am;;TDS Racing;Oreca;GF;38.642;34.849;57.229;
14;3;80;2:09.918;0;;37.991;0;35.043;0;56.884;0;163.2;3:07:39.711;15:08:15.598;0:37.991;0:35.043;0:56.884;264.7;Scott HUFFAKER II;;LMP2 Pro/Am;;TDS Racing;Oreca;GF;37.991;35.043;56.884;
14;3;81;2:07.919;0;;37.623;0;33.991;0;56.305;0;165.8;3:09:47.630;15:10:23.517;0:37.623;0:33.991;0:56.305;264.7;Scott HUFFAKER II;;LMP2 Pro/Am;;TDS Racing;Oreca;GF;37.623;33.991;56.305;
14;3;82;2:07.404;0;;37.403;0;34.615;0;55.386;0;166.5;3:11:55.034;15:12:30.921;0:37.403;0:34.615;0:55.386;266.0;Scott HUFFAKER II;;LMP2 Pro/Am;;TDS Racing;Oreca;GF;37.403;34.615;55.386;
14;3;83;2:07.574;0;;37.838;0;34.021;0;55.715;0;166.2;3:14:02.608;15:14:38.495;0:37.838;0:34.021;0:55.715;266.7;Scott HUFFAKER II;;LMP2 Pro/Am;;TDS Racing;Oreca;GF;37.838;34.021;55.715;
14;3;84;2:07.501;0;;37.073;0;34.044;0;56.384;0;166.3;3:16:10.109;15:16:45.996;0:37.073;0:34.044;0:56.384;268.7;Scott HUFFAKER II;;LMP2 Pro/Am;;TDS Racing;Oreca;GF;37.073;34.044;56.384;
14;3;85;2:06.265;0;;37.108;0;33.843;0;55.314;0;168.0;3:18:16.374;15:18:52.261;0:37.108;0:33.843;0:55.314;267.3;Scott HUFFAKER II;;LMP2 Pro/Am;;TDS Racing;Oreca;GF;37.108;33.843;55.314;
14;3;86;2:05.476;0;;37.033;0;33.425;0;55.018;0;169.0;3:20:21.850;15:20:57.737;0:37.033;0:33.425;0:55.018;266.0;Scott HUFFAKER II;;LMP2 Pro/Am;;TDS Racing;Oreca;GF;37.033;33.425;55.018;
14;3;87;2:07.079;0;;36.869;0;34.066;0;56.144;0;166.9;3:22:28.929;15:23:04.816;0:36.869;0:34.066;0:56.144;266.7;Scott HUFFAKER II;;LMP2 Pro/Am;;TDS Racing;Oreca;GF;36.869;34.066;56.144;
14;3;88;2:09.041;0;;37.070;0;34.876;0;57.095;0;164.3;3:24:37.970;15:25:13.857;0:37.070;0:34.876;0:57.095;267.3;Scott HUFFAKER II;;LMP2 Pro/Am;;TDS Racing;Oreca;GF;37.070;34.876;57.095;
14;3;89;2:07.182;0;;37.868;0;33.736;0;55.578;0;166.8;3:26:45.152;15:27:21.039;0:37.868;0:33.736;0:55.578;266.7;Scott HUFFAKER II;;LMP2 Pro/Am;;TDS Racing;Oreca;GF;37.868;33.736;55.578;
14;3;90;2:06.935;0;;36.957;0;33.840;0;56.138;0;167.1;3:28:52.087;15:29:27.974;0:36.957;0:33.840;0:56.138;266.7;Scott HUFFAKER II;;LMP2 Pro/Am;;TDS Racing;Oreca;GF;36.957;33.840;56.138;
14;3;91;2:06.053;0;;36.594;0;33.528;0;55.931;0;168.2;3:30:58.140;15:31:34.027;0:36.594;0:33.528;0:55.931;266.7;Scott HUFFAKER II;;LMP2 Pro/Am;;TDS Racing;Oreca;GF;36.594;33.528;55.931;
14;3;92;2:06.063;0;;37.042;0;33.399;0;55.622;0;168.2;3:33:04.203;15:33:40.090;0:37.042;0:33.399;0:55.622;267.3;Scott HUFFAKER II;;LMP2 Pro/Am;;TDS Racing;Oreca;GF;37.042;33.399;55.622;
14;3;93;2:07.443;0;;37.329;0;34.120;0;55.994;0;166.4;3:35:11.646;15:35:47.533;0:37.329;0:34.120;0:55.994;270.0;Scott HUFFAKER II;;LMP2 Pro/Am;;TDS Racing;Oreca;GF;37.329;34.120;55.994;
14;3;94;2:05.673;0;;36.858;0;33.538;0;55.277;0;168.8;3:37:17.319;15:37:53.206;0:36.858;0:33.538;0:55.277;266.7;Scott HUFFAKER II;;LMP2 Pro/Am;;TDS Racing;Oreca;GF;36.858;33.538;55.277;
14;3;95;2:06.680;0;;36.838;0;33.514;0;56.328;0;167.4;3:39:23.999;15:39:59.886;0:36.838;0:33.514;0:56.328;268.0;Scott HUFFAKER II;;LMP2 Pro/Am;;TDS Racing;Oreca;GF;36.838;33.514;56.328;
14;3;96;2:06.000;0;;37.105;0;33.433;0;55.462;0;168.3;3:41:29.999;15:42:05.886;0:37.105;0:33.433;0:55.462;268.0;Scott HUFFAKER II;;LMP2 Pro/Am;;TDS Racing;Oreca;GF;37.105;33.433;55.462;
14;3;97;2:05.574;0;;36.506;0;33.410;0;55.658;0;168.9;3:43:35.573;15:44:11.460;0:36.506;0:33.410;0:55.658;266.0;Scott HUFFAKER II;;LMP2 Pro/Am;;TDS Racing;Oreca;GF;36.506;33.410;55.658;
14;3;98;2:09.530;0;B;36.340;0;33.474;0;59.716;0;163.7;3:45:45.103;15:46:20.990;0:36.340;0:33.474;0:59.716;268.0;Scott HUFFAKER II;;LMP2 Pro/Am;;TDS Racing;Oreca;GF;36.340;33.474;59.716;
14;3;99;2:35.925;0;;1:08.103;0;32.851;1;54.971;0;136.0;3:48:21.028;15:48:56.915;1:08.103;0:32.851;0:54.971;266.0;Scott HUFFAKER II;0:00:35.905;LMP2 Pro/Am;;TDS Racing;Oreca;GF;68.103;32.851;54.971;
14;3;100;2:06.521;0;;37.136;0;33.921;0;55.464;0;167.6;3:50:27.549;15:51:03.436;0:37.136;0:33.921;0:55.464;269.3;Scott HUFFAKER II;;LMP2 Pro/Am;;TDS Racing;Oreca;GF;37.136;33.921;55.464;
14;3;101;2:04.319;0;;36.467;0;33.043;0;54.809;1;170.6;3:52:31.868;15:53:07.755;0:36.467;0:33.043;0:54.809;267.3;Scott HUFFAKER II;;LMP2 Pro/Am;;TDS Racing;Oreca;GF;36.467;33.043;54.809;
14;3;102;2:04.743;0;;36.378;0;33.113;0;55.252;0;170.0;3:54:36.611;15:55:12.498;0:36.378;0:33.113;0:55.252;265.4;Scott HUFFAKER II;;LMP2 Pro/Am;;TDS Racing;Oreca;GF;36.378;33.113;55.252;
14;3;103;2:06.361;0;;37.211;0;33.291;0;55.859;0;167.8;3:56:42.972;15:57:18.859;0:37.211;0:33.291;0:55.859;268.7;Scott HUFFAKER II;;LMP2 Pro/Am;;TDS Racing;Oreca;GF;37.211;33.291;55.859;
14;3;104;2:04.748;0;;36.160;0;33.386;0;55.202;0;170.0;3:58:47.720;15:59:23.607;0:36.160;0:33.386;0:55.202;268.7;Scott HUFFAKER II;;LMP2 Pro/Am;;TDS Racing;Oreca;GF;36.160;33.386;55.202;
14;3;105;2:04.681;0;;36.066;1;33.169;0;55.446;0;170.1;4:00:52.401;16:01:28.288;0:36.066;0:33.169;0:55.446;268.7;Scott HUFFAKER II;;LMP2 Pro/Am;;TDS Racing;Oreca;FF;36.066;33.169;55.446;
17;1;1;2:08.756;0;;44.511;0;32.106;0;52.139;0;160.7;2:08.756;12:02:44.643;0:44.511;0:32.106;0:52.139;240.5;Paul LANCHERE;;LMP3;;CLX Motorsport;Ligier;GF;44.511;32.106;52.139;
17;1;2;1:58.409;0;;35.483;0;31.467;0;51.459;0;179.1;4:07.165;12:04:43.052;0:35.483;0:31.467;0:51.459;244.3;Paul LANCHERE;;LMP3;;CLX Motorsport;Ligier;GF;35.483;31.467;51.459;
17;1;3;1:58.175;0;;35.409;0;31.394;0;51.372;0;179.5;6:05.340;12:06:41.227;0:35.409;0:31.394;0:51.372;243.8;Paul LANCHERE;;LMP3;;CLX Motorsport;Ligier;GF;35.409;31.394;51.372;
17;1;4;1:58.002;0;;35.479;0;31.124;0;51.399;0;179.7;8:03.342;12:08:39.229;0:35.479;0:31.124;0:51.399;244.9;Paul LANCHERE;;LMP3;;CLX Motorsport;Ligier;GF;35.479;31.124;51.399;
17;1;5;1:57.169;0;;35.104;0;30.781;0;51.284;0;181.0;10:00.511;12:10:36.398;0:35.104;0:30.781;0:51.284;243.8;Paul LANCHERE;;LMP3;;CLX Motorsport;Ligier;GF;35.104;30.781;51.284;
17;1;6;1:57.820;0;;35.270;0;31.103;0;51.447;0;180.0;11:58.331;12:12:34.218;0:35.270;0:31.103;0:51.447;244.3;Paul LANCHERE;;LMP3;;CLX Motorsport;Ligier;GF;35.270;31.103;51.447;
17;1;7;1:57.145;0;;35.137;0;30.674;0;51.334;0;181.0;13:55.476;12:14:31.363;0:35.137;0:30.674;0:51.334;244.3;Paul LANCHERE;;LMP3;;CLX Motorsport;Ligier;GF;35.137;30.674;51.334;
17;1;8;1:56.940;2;;35.068;0;30.802;0;51.070;0;181.4;15:52.416;12:16:28.303;0:35.068;0:30.802;0:51.070;244.3;Paul LANCHERE;;LMP3;;CLX Motorsport;Ligier;GF;35.068;30.802;51.070;
17;1;9;1:57.451;0;;35.589;0;30.807;0;51.055;2;180.6;17:49.867;12:18:25.754;0:35.589;0:30.807;0:51.055;245.5;Paul LANCHERE;;LMP3;;CLX Motorsport;Ligier;GF;35.589;30.807;51.055;
17;1;10;1:56.983;0;;34.991;0;30.729;0;51.263;0;181.3;19:46.850;12:20:22.737;0:34.991;0:30.729;0:51.263;244.3;Paul LANCHERE;;LMP3;;CLX Motorsport;Ligier;GF;34.991;30.729;51.263;
17;1;11;1:57.342;0;;35.280;0;30.727;0;51.335;0;180.7;21:44.192;12:22:20.079;0:35.280;0:30.727;0:51.335;243.8;Paul LANCHERE;;LMP3;;CLX Motorsport;Ligier;GF;35.280;30.727;51.335;
17;1;12;1:58.042;0;;35.783;0;30.774;0;51.485;0;179.7;23:42.234;12:24:18.121;0:35.783;0:30.774;0:51.485;244.9;Paul LANCHERE;;LMP3;;CLX Motorsport;Ligier;GF;35.783;30.774;51.485;
17;1;13;1:57.079;0;;35.091;0;30.648;2;51.340;0;181.1;25:39.313;12:26:15.200;0:35.091;0:30.648;0:51.340;245.5;Paul LANCHERE;;LMP3;;CLX Motorsport;Ligier;GF;35.091;30.648;51.340;
17;1;14;1:57.839;0;;35.336;0;31.057;0;51.446;0;180.0;27:37.152;12:28:13.039;0:35.336;0:31.057;0:51.446;244.9;Paul LANCHERE;;LMP3;;CLX Motorsport;Ligier;GF;35.336;31.057;51.446;
17;1;15;1:58.868;0;;35.683;0;30.825;0;52.360;0;178.4;29:36.020;12:30:11.907;0:35.683;0:30.825;0:52.360;246.6;Paul LANCHERE;;LMP3;;CLX Motorsport;Ligier;GF;35.683;30.825;52.360;
17;1;16;2:00.111;0;;35.739;0;30.882;0;53.490;0;176.6;31:36.131;12:32:12.018;0:35.739;0:30.882;0:53.490;245.5;Paul LANCHERE;;LMP3;;CLX Motorsport;Ligier;GF;35.739;30.882;53.490;
17;1;17;1:58.376;0;;35.620;0;31.164;0;51.592;0;179.2;33:34.507;12:34:10.394;0:35.620;0:31.164;0:51.592;245.5;Paul LANCHERE;;LMP3;;CLX Motorsport;Ligier;GF;35.620;31.164;51.592;
17;1;18;2:00.396;0;;35.855;0;31.895;0;52.646;0;176.1;35:34.903;12:36:10.790;0:35.855;0:31.895;0:52.646;242.7;Paul LANCHERE;;LMP3;;CLX Motorsport;Ligier;GF;35.855;31.895;52.646;
17;1;19;1:59.225;0;;36.380;0;31.370;0;51.475;0;177.9;37:34.128;12:38:10.015;0:36.380;0:31.370;0:51.475;244.9;Paul LANCHERE;;LMP3;;CLX Motorsport;Ligier;GF;36.380;31.370;51.475;
17;1;20;2:01.136;0;;35.501;0;31.250;0;54.385;0;175.1;39:35.264;12:40:11.151;0:35.501;0:31.250;0:54.385;246.0;Paul LANCHERE;;LMP3;;CLX Motorsport;Ligier;GF;35.501;31.250;54.385;
17;1;21;2:01.358;0;;36.431;0;31.805;0;53.122;0;174.8;41:36.622;12:42:12.509;0:36.431;0:31.805;0:53.122;244.9;Paul LANCHERE;;LMP3;;CLX Motorsport;Ligier;GF;36.431;31.805;53.122;
17;1;22;1:58.727;0;;36.586;0;30.870;0;51.271;0;178.6;43:35.349;12:44:11.236;0:36.586;0:30.870;0:51.271;246.0;Paul LANCHERE;;LMP3;;CLX Motorsport;Ligier;GF;36.586;30.870;51.271;
17;1;23;1:57.139;0;;34.958;2;30.859;0;51.322;0;181.0;45:32.488;12:46:08.375;0:34.958;0:30.859;0:51.322;248.3;Paul LANCHERE;;LMP3;;CLX Motorsport;Ligier;GF;34.958;30.859;51.322;
17;1;24;1:58.403;0;;36.436;0;30.732;0;51.235;0;179.1;47:30.891;12:48:06.778;0:36.436;0:30.732;0:51.235;246.0;Paul LANCHERE;;LMP3;;CLX Motorsport;Ligier;GF;36.436;30.732;51.235;
17;1;25;1:58.326;0;;35.790;0;31.037;0;51.499;0;179.2;49:29.217;12:50:05.104;0:35.790;0:31.037;0:51.499;247.7;Paul LANCHERE;;LMP3;;CLX Motorsport;Ligier;GF;35.790;31.037;51.499;
17;1;26;1:57.650;0;;35.242;0;30.766;0;51.642;0;180.3;51:26.867;12:52:02.754;0:35.242;0:30.766;0:51.642;246.0;Paul LANCHERE;;LMP3;;CLX Motorsport;Ligier;GF;35.242;30.766;51.642;
17;1;27;1:59.318;0;;35.601;0;31.659;0;52.058;0;177.7;53:26.185;12:54:02.072;0:35.601;0:31.659;0:52.058;247.7;Paul LANCHERE;;LMP3;;CLX Motorsport;Ligier;GF;35.601;31.659;52.058;
17;1;28;1:58.233;0;;35.905;0;30.851;0;51.477;0;179.4;55:24.418;12:56:00.305;0:35.905;0:30.851;0:51.477;246.6;Paul LANCHERE;;LMP3;;CLX Motorsport;Ligier;GF;35.905;30.851;51.477;
17;1;29;2:02.033;0;B;35.301;0;30.855;0;55.877;0;173.8;57:26.451;12:58:02.338;0:35.301;0:30.855;0:55.877;246.0;Paul LANCHERE;;LMP3;;CLX Motorsport;Ligier;GF;35.301;30.855;55.877;
17;1;30;3:36.653;0;;2:13.654;0;31.239;0;51.760;0;97.9;1:01:03.104;13:01:38.991;2:13.654;0:31.239;0:51.760;243.2;Paul LANCHERE;0:01:41.412;LMP3;;CLX Motorsport;Ligier;GF;133.654;31.239;51.760;
17;1;31;1:58.734;0;;35.676;0;31.354;0;51.704;0;178.6;1:03:01.838;13:03:37.725;0:35.676;0:31.354;0:51.704;243.2;Paul LANCHERE;;LMP3;;CLX Motorsport;Ligier;GF;35.676;31.354;51.704;
17;1;32;1:59.023;0;;35.501;0;31.352;0;52.170;0;178.2;1:05:00.861;13:05:36.748;0:35.501;0:31.352;0:52.170;244.3;Paul LANCHERE;;LMP3;;CLX Motorsport;Ligier;GF;35.501;31.352;52.170;
17;1;33;1:59.388;0;;35.573;0;30.934;0;52.881;0;177.6;1:07:00.249;13:07:36.136;0:35.573;0:30.934;0:52.881;243.8;Paul LANCHERE;;LMP3;;CLX Motorsport;Ligier;GF;35.573;30.934;52.881;
17;1;34;1:59.200;0;;36.286;0;30.989;0;51.925;0;177.9;1:08:59.449;13:09:35.336;0:36.286;0:30.989;0:51.925;243.8;Paul LANCHERE;;LMP3;;CLX Motorsport;Ligier;GF;36.286;30.989;51.925;
17;1;35;2:00.821;0;;36.879;0;31.536;0;52.406;0;175.5;1:11:00.270;13:11:36.157;0:36.879;0:31.536;0:52.406;244.3;Paul LANCHERE;;LMP3;;CLX Motorsport;Ligier;GF;36.879;31.536;52.406;
17;1;36;1:59.306;0;;35.786;0;31.116;0;52.404;0;177.8;1:12:59.576;13:13:35.463;0:35.786;0:31.116;0:52.404;244.3;Paul LANCHERE;;LMP3;;CLX Motorsport;Ligier;GF;35.786;31.116;52.404;
17;1;37;2:01.029;0;;37.271;0;31.540;0;52.218;0;175.2;1:15:00.605;13:15:36.492;0:37.271;0:31.540;0:52.218;243.2;Paul LANCHERE;;LMP3;;CLX Motorsport;Ligier;GF;37.271;31.540;52.218;
17;1;38;2:05.026;0;;40.140;0;32.350;0;52.536;0;169.6;1:17:05.631;13:17:41.518;0:40.140;0:32.350;0:52.536;244.9;Paul LANCHERE;;LMP3;;CLX Motorsport;Ligier;GF;40.140;32.350;52.536;
17;1;39;2:12.675;0;;36.163;0;31.219;0;1:05.293;0;159.8;1:19:18.306;13:19:54.193;0:36.163;0:31.219;1:05.293;242.7;Paul LANCHERE;;LMP3;;CLX Motorsport;Ligier;FCY;36.163;31.219;65.293;
17;1;40;3:06.150;0;;1:30.907;0;37.909;0;57.334;0;113.9;1:22:24.456;13:23:00.343;1:30.907;0:37.909;0:57.334;;Paul LANCHERE;;LMP3;;CLX Motorsport;Ligier;GF;90.907;37.909;57.334;
17;1;41;2:29.539;0;;41.243;0;31.979;0;1:16.317;0;141.8;1:24:53.995;13:25:29.882;0:41.243;0:31.979;1:16.317;241.6;Paul LANCHERE;;LMP3;;CLX Motorsport;Ligier;GF;41.243;31.979;76.317;
17;1;42;4:23.478;0;B;1:30.881;0;1:07.527;0;1:45.070;0;80.5;1:29:17.473;13:29:53.360;1:30.881;1:07.527;1:45.070;;Paul LANCHERE;;LMP3;;CLX Motorsport;Ligier;GF;90.881;67.527;105.070;
17;1;43;5:32.107;0;;2:56.497;0;1:08.836;0;1:26.774;0;63.9;1:34:49.580;13:35:25.467;2:56.497;1:08.836;1:26.774;;Paul LANCHERE;0:01:41.849;LMP3;;CLX Motorsport;Ligier;SF;176.497;68.836;86.774;
17;1;44;2:26.060;0;;42.767;0;42.193;0;1:01.100;0;145.2;1:37:15.640;13:37:51.527;0:42.767;0:42.193;1:01.100;225.5;Paul LANCHERE;;LMP3;;CLX Motorsport;Ligier;SF;42.767;42.193;61.100;
17;1;45;3:04.637;0;;42.745;0;45.054;0;1:36.838;0;114.9;1:40:20.277;13:40:56.164;0:42.745;0:45.054;1:36.838;165.9;Paul LANCHERE;;LMP3;;CLX Motorsport;Ligier;SF;42.745;45.054;96.838;
17;1;46;4:15.749;0;;1:29.127;0;58.083;0;1:48.539;0;82.9;1:44:36.026;13:45:11.913;1:29.127;0:58.083;1:48.539;;Paul LANCHERE;;LMP3;;CLX Motorsport;Ligier;SF;89.127;58.083;108.539;
17;1;47;4:06.521;0;;1:30.919;0;58.635;0;1:36.967;0;86.0;1:48:42.547;13:49:18.434;1:30.919;0:58.635;1:36.967;;Paul LANCHERE;;LMP3;;CLX Motorsport;Ligier;SF;90.919;58.635;96.967;
17;1;48;3:37.230;0;;1:20.469;0;52.069;0;1:24.692;0;97.6;1:52:19.777;13:52:55.664;1:20.469;0:52.069;1:24.692;;Paul LANCHERE;;LMP3;;CLX Motorsport;Ligier;SF;80.469;52.069;84.692;
17;1;49;2:54.056;0;B;50.521;0;45.601;0;1:17.934;0;121.8;1:55:13.833;13:55:49.720;0:50.521;0:45.601;1:17.934;158.6;Paul LANCHERE;;LMP3;;CLX Motorsport;Ligier;SF;50.521;45.601;77.934;
17;2;50;3:19.148;0;;1:42.690;0;36.258;0;1:00.200;0;106.5;1:58:32.981;13:59:08.868;1:42.690;0:36.258;1:00.200;232.8;Alexander JACOBY;0:01:01.940;LMP3;;CLX Motorsport;Ligier;SF;102.690;36.258;60.200;
17;2;51;2:26.044;0;;42.680;0;38.800;0;1:04.564;0;145.2;2:00:59.025;14:01:34.912;0:42.680;0:38.800;1:04.564;218.2;Alexander JACOBY;;LMP3;;CLX Motorsport;Ligier;SF;42.680;38.800;64.564;
17;2;52;2:49.292;0;;49.469;0;45.662;0;1:14.161;0;125.3;2:03:48.317;14:04:24.204;0:49.469;0:45.662;1:14.161;123.6;Alexander JACOBY;;LMP3;;CLX Motorsport;Ligier;SF;49.469;45.662;74.161;
17;2;53;3:03.009;0;;57.154;0;48.466;0;1:17.389;0;115.9;2:06:51.326;14:07:27.213;0:57.154;0:48.466;1:17.389;134.2;Alexander JACOBY;;LMP3;;CLX Motorsport;Ligier;SF;57.154;48.466;77.389;
17;2;54;3:01.199;0;;50.477;0;46.446;0;1:24.276;0;117.0;2:09:52.525;14:10:28.412;0:50.477;0:46.446;1:24.276;148.6;Alexander JACOBY;;LMP3;;CLX Motorsport;Ligier;GF;50.477;46.446;84.276;
17;2;55;2:22.030;0;;40.796;0;39.847;0;1:01.387;0;149.3;2:12:14.555;14:12:50.442;0:40.796;0:39.847;1:01.387;243.8;Alexander JACOBY;;LMP3;;CLX Motorsport;Ligier;GF;40.796;39.847;61.387;
17;2;56;2:16.851;0;;39.883;0;36.778;0;1:00.190;0;155.0;2:14:31.406;14:15:07.293;0:39.883;0:36.778;1:00.190;240.0;Alexander JACOBY;;LMP3;;CLX Motorsport;Ligier;GF;39.883;36.778;60.190;
17;2;57;2:16.082;0;;40.021;0;36.870;0;59.191;0;155.8;2:16:47.488;14:17:23.375;0:40.021;0:36.870;0:59.191;239.5;Alexander JACOBY;;LMP3;;CLX Motorsport;Ligier;GF;40.021;36.870;59.191;
17;2;58;2:16.590;0;;40.545;0;36.872;0;59.173;0;155.3;2:19:04.078;14:19:39.965;0:40.545;0:36.872;0:59.173;240.0;Alexander JACOBY;;LMP3;;CLX Motorsport;Ligier;GF;40.545;36.872;59.173;
17;2;59;2:14.455;0;;39.715;0;35.873;1;58.867;1;157.7;2:21:18.533;14:21:54.420;0:39.715;0:35.873;0:58.867;239.5;Alexander JACOBY;;LMP3;;CLX Motorsport;Ligier;GF;39.715;35.873;58.867;
17;2;60;2:14.540;0;;39.549;1;36.100;0;58.891;0;157.6;2:23:33.073;14:24:08.960;0:39.549;0:36.100;0:58.891;238.9;Alexander JACOBY;;LMP3;;CLX Motorsport;Ligier;GF;39.549;36.100;58.891;
17;2;61;2:14.560;0;;39.581;0;35.940;0;59.039;0;157.6;2:25:47.633;14:26:23.520;0:39.581;0:35.940;0:59.039;238.9;Alexander JACOBY;;LMP3;;CLX Motorsport;Ligier;GF;39.581;35.940;59.039;
17;2;62;2:15.729;0;;40.035;0;36.388;0;59.306;0;156.2;2:28:03.362;14:28:39.249;0:40.035;0:36.388;0:59.306;239.5;Alexander JACOBY;;LMP3;;CLX Motorsport;Ligier;GF;40.035;36.388;59.306;
17;2;63;2:15.592;0;;40.533;0;36.111;0;58.948;0;156.4;2:30:18.954;14:30:54.841;0:40.533;0:36.111;0:58.948;238.4;Alexander JACOBY;;LMP3;;CLX Motorsport;Ligier;GF;40.533;36.111;58.948;
17;2;64;2:59.524;0;;39.960;0;36.036;0;1:43.528;0;118.1;2:33:18.478;14:33:54.365;0:39.960;0:36.036;1:43.528;238.9;Alexander JACOBY;;LMP3;;CLX Motorsport;Ligier;GF;39.960;36.036;103.528;
17;2;65;2:17.356;0;;41.525;0;36.320;0;59.511;0;154.4;2:35:35.834;14:36:11.721;0:41.525;0:36.320;0:59.511;238.4;Alexander JACOBY;;LMP3;;CLX Motorsport;Ligier;GF;41.525;36.320;59.511;
17;2;66;2:18.313;0;;40.838;0;37.160;0;1:00.315;0;153.3;2:37:54.147;14:38:30.034;0:40.838;0:37.160;1:00.315;241.1;Alexander JACOBY;;LMP3;;CLX Motorsport;Ligier;GF;40.838;37.160;60.315;
17;2;67;3:17.485;0;;40.590;0;51.470;0;1:45.425;0;107.4;2:41:11.632;14:41:47.519;0:40.590;0:51.470;1:45.425;233.3;Alexander JACOBY;;LMP3;;CLX Motorsport;Ligier;FCY;40.590;51.470;105.425;
17;2;68;4:13.715;0;;1:31.161;0;1:08.081;0;1:34.473;0;83.6;2:45:25.347;14:46:01.234;1:31.161;1:08.081;1:34.473;;Alexander JACOBY;;LMP3;;CLX Motorsport;Ligier;GF;91.161;68.081;94.473;
17;2;69;2:18.150;0;;41.431;0;36.997;0;59.722;0;153.5;2:47:43.497;14:48:19.384;0:41.431;0:36.997;0:59.722;238.4;Alexander JACOBY;;LMP3;;CLX Motorsport;Ligier;GF;41.431;36.997;59.722;
17;2;70;2:16.936;0;;40.556;0;36.385;0;59.995;0;154.9;2:50:00.433;14:50:36.320;0:40.556;0:36.385;0:59.995;235.8;Alexander JACOBY;;LMP3;;CLX Motorsport;Ligier;GF;40.556;36.385;59.995;
17;2;71;2:51.727;0;;40.046;0;36.046;0;1:35.635;0;123.5;2:52:52.160;14:53:28.047;0:40.046;0:36.046;1:35.635;237.9;Alexander JACOBY;;LMP3;;CLX Motorsport;Ligier;FCY;40.046;36.046;95.635;
17;2;72;4:24.971;0;;1:31.152;0;1:07.828;0;1:45.991;0;80.0;2:57:17.131;14:57:53.018;1:31.152;1:07.828;1:45.991;;Alexander JACOBY;;LMP3;;CLX Motorsport;Ligier;FCY;91.152;67.828;105.991;
17;2;73;3:39.950;0;;1:31.431;0;1:07.668;0;1:00.851;0;96.4;3:00:57.081;15:01:32.968;1:31.431;1:07.668;1:00.851;;Alexander JACOBY;;LMP3;;CLX Motorsport;Ligier;GF;91.431;67.668;60.851;
17;2;74;2:23.016;0;B;42.544;0;37.002;0;1:03.470;0;148.3;3:03:20.097;15:03:55.984;0:42.544;0:37.002;1:03.470;235.8;Alexander JACOBY;;LMP3;;CLX Motorsport;Ligier;GF;42.544;37.002;63.470;
17;3;75;3:09.598;0;;1:33.263;0;36.767;0;59.568;0;111.9;3:06:29.695;15:07:05.582;1:33.263;0:36.767;0:59.568;236.8;Louis IGLESIAS;0:00:55.259;LMP3;;CLX Motorsport;Ligier;GF;93.263;36.767;59.568;
17;3;76;2:16.955;0;;40.823;0;36.483;0;59.649;0;154.9;3:08:46.650;15:09:22.537;0:40.823;0:36.483;0:59.649;237.4;Louis IGLESIAS;;LMP3;;CLX Motorsport;Ligier;GF;40.823;36.483;59.649;
17;3;77;2:16.134;0;;40.313;0;36.200;0;59.621;0;155.8;3:11:02.784;15:11:38.671;0:40.313;0:36.200;0:59.621;239.5;Louis IGLESIAS;;LMP3;;CLX Motorsport;Ligier;GF;40.313;36.200;59.621;
17;3;78;2:16.292;0;;40.471;0;36.207;0;59.614;0;155.6;3:13:19.076;15:13:54.963;0:40.471;0:36.207;0:59.614;241.6;Louis IGLESIAS;;LMP3;;CLX Motorsport;Ligier;GF;40.471;36.207;59.614;
17;3;79;2:15.646;0;;40.138;0;36.165;0;59.343;0;156.3;3:15:34.722;15:16:10.609;0:40.138;0:36.165;0:59.343;240.5;Louis IGLESIAS;;LMP3;;CLX Motorsport;Ligier;GF;40.138;36.165;59.343;
17;3;80;2:15.320;0;;40.219;0;36.208;0;58.893;0;156.7;3:17:50.042;15:18:25.929;0:40.219;0:36.208;0:58.893;241.1;Louis IGLESIAS;;LMP3;;CLX Motorsport;Ligier;GF;40.219;36.208;58.893;
17;3;81;2:14.976;0;;40.044;0;36.225;0;58.707;0;157.1;3:20:05.018;15:20:40.905;0:40.044;0:36.225;0:58.707;242.2;Louis IGLESIAS;;LMP3;;CLX Motorsport;Ligier;GF;40.044;36.225;58.707;
17;3;82;2:16.757;0;;40.078;0;36.406;0;1:00.273;0;155.1;3:22:21.775;15:22:57.662;0:40.078;0:36.406;1:00.273;242.7;Louis IGLESIAS;;LMP3;;CLX Motorsport;Ligier;GF;40.078;36.406;60.273;
17;3;83;2:16.665;0;;40.790;0;36.584;0;59.291;0;155.2;3:24:38.440;15:25:14.327;0:40.790;0:36.584;0:59.291;241.1;Louis IGLESIAS;;LMP3;;CLX Motorsport;Ligier;GF;40.790;36.584;59.291;
17;3;84;2:16.537;0;;40.036;0;36.322;0;1:00.179;0;155.3;3:26:54.977;15:27:30.864;0:40.036;0:36.322;1:00.179;240.5;Louis IGLESIAS;;LMP3;;CLX Motorsport;Ligier;GF;40.036;36.322;60.179;
17;3;85;2:16.435;0;;40.597;0;36.481;0;59.357;0;155.4;3:29:11.412;15:29:47.299;0:40.597;0:36.481;0:59.357;241.1;Louis IGLESIAS;;LMP3;;CLX Motorsport;Ligier;GF;40.597;36.481;59.357;
17;3;86;2:14.927;0;;40.158;0;35.565;0;59.204;0;157.2;3:31:26.339;15:32:02.226;0:40.158;0:35.565;0:59.204;237.9;Louis IGLESIAS;;LMP3;;CLX Motorsport;Ligier;GF;40.158;35.565;59.204;
17;3;87;2:13.813;0;;39.723;0;35.464;0;58.626;0;158.5;3:33:40.152;15:34:16.039;0:39.723;0:35.464;0:58.626;241.1;Louis IGLESIAS;;LMP3;;CLX Motorsport;Ligier;GF;39.723;35.464;58.626;
17;3;88;2:13.229;0;;39.573;0;35.141;1;58.515;0;159.2;3:35:53.381;15:36:29.268;0:39.573;0:35.141;0:58.515;240.5;Louis IGLESIAS;;LMP3;;CLX Motorsport;Ligier;GF;39.573;35.141;58.515;
17;3;89;2:14.183;0;;39.581;0;35.777;0;58.825;0;158.0;3:38:07.564;15:38:43.451;0:39.581;0:35.777;0:58.825;241.1;Louis IGLESIAS;;LMP3;;CLX Motorsport;Ligier;GF;39.581;35.777;58.825;
17;3;90;2:13.707;0;;39.472;0;35.501;0;58.734;0;158.6;3:40:21.271;15:40:57.158;0:39.472;0:35.501;0:58.734;241.1;Louis IGLESIAS;;LMP3;;CLX Motorsport;Ligier;GF;39.472;35.501;58.734;
17;3;91;2:13.943;0;;39.729;0;35.448;0;58.766;0;158.3;3:42:35.214;15:43:11.101;0:39.729;0:35.448;0:58.766;240.5;Louis IGLESIAS;;LMP3;;CLX Motorsport;Ligier;GF;39.729;35.448;58.766;
17;3;92;2:13.093;0;;39.331;0;35.299;0;58.463;0;159.3;3:44:48.307;15:45:24.194;0:39.331;0:35.299;0:58.463;241.6;Louis IGLESIAS;;LMP3;;CLX Motorsport;Ligier;GF;39.331;35.299;58.463;
17;3;93;2:13.751;0;;40.096;0;35.193;0;58.462;1;158.6;3:47:02.058;15:47:37.945;0:40.096;0:35.193;0:58.462;240.5;Louis IGLESIAS;;LMP3;;CLX Motorsport;Ligier;GF;40.096;35.193;58.462;
17;3;94;2:13.855;0;;39.611;0;35.264;0;58.980;0;158.4;3:49:15.913;15:49:51.800;0:39.611;0:35.264;0:58.980;241.6;Louis IGLESIAS;;LMP3;;CLX Motorsport;Ligier;GF;39.611;35.264;58.980;
17;3;95;2:16.203;0;;40.694;0;35.960;0;59.549;0;155.7;3:51:32.116;15:52:08.003;0:40.694;0:35.960;0:59.549;241.6;Louis IGLESIAS;;LMP3;;CLX Motorsport;Ligier;GF;40.694;35.960;59.549;
17;3;96;2:14.876;0;;40.404;0;35.517;0;58.955;0;157.2;3:53:46.992;15:54:22.879;0:40.404;0:35.517;0:58.955;240.0;Louis IGLESIAS;;LMP3;;CLX Motorsport;Ligier;GF;40.404;35.517;58.955;
17;3;97;2:13.890;0;;39.294;0;35.770;0;58.826;0;158.4;3:56:00.882;15:56:36.769;0:39.294;0:35.770;0:58.826;241.1;Louis IGLESIAS;;LMP3;;CLX Motorsport;Ligier;GF;39.294;35.770;58.826;
17;3;98;2:13.363;0;;39.215;1;35.468;0;58.680;0;159.0;3:58:14.245;15:58:50.132;0:39.215;0:35.468;0:58.680;242.2;Louis IGLESIAS;;LMP3;;CLX Motorsport;Ligier;GF;39.215;35.468;58.680;
17;3;99;2:14.837;0;;39.687;0;35.676;0;59.474;0;157.3;4:00:29.082;16:01:04.969;0:39.687;0:35.676;0:59.474;242.7;Louis IGLESIAS;;LMP3;;CLX Motorsport;Ligier;GF;39.687;35.676;59.474;
17;3;100;2:18.536;0;;41.144;0;36.659;0;1:00.733;0;153.1;4:02:47.618;16:03:23.505;0:41.144;0:36.659;1:00.733;242.7;Louis IGLESIAS;;LMP3;;CLX Motorsport;Ligier;FF;41.144;36.659;60.733;
18;1;1;2:08.512;0;;46.414;0;32.560;0;49.538;0;161.0;2:08.512;12:02:44.399;0:46.414;0:32.560;0:49.538;253.5;Jamie CHADWICK;;LMP2;;IDEC Sport;Oreca;GF;46.414;32.560;49.538;
18;1;2;1:49.289;0;;31.902;0;29.578;0;47.809;0;194.1;3:57.801;12:04:33.688;0:31.902;0:29.578;0:47.809;274.1;Jamie CHADWICK;;LMP2;;IDEC Sport;Oreca;GF;31.902;29.578;47.809;
18;1;3;1:48.581;0;;31.822;0;29.166;0;47.593;2;195.3;5:46.382;12:06:22.269;0:31.822;0:29.166;0:47.593;274.8;Jamie CHADWICK;;LMP2;;IDEC Sport;Oreca;GF;31.822;29.166;47.593;
18;1;4;1:48.355;0;;31.765;0;28.665;0;47.925;0;195.7;7:34.737;12:08:10.624;0:31.765;0:28.665;0:47.925;275.5;Jamie CHADWICK;;LMP2;;IDEC Sport;Oreca;GF;31.765;28.665;47.925;
18;1;5;1:48.066;0;;31.757;0;28.659;0;47.650;0;196.2;9:22.803;12:09:58.690;0:31.757;0:28.659;0:47.650;274.8;Jamie CHADWICK;;LMP2;;IDEC Sport;Oreca;GF;31.757;28.659;47.650;
18;1;6;1:48.511;0;;31.779;0;28.779;0;47.953;0;195.4;11:11.314;12:11:47.201;0:31.779;0:28.779;0:47.953;276.2;Jamie CHADWICK;;LMP2;;IDEC Sport;Oreca;GF;31.779;28.779;47.953;
18;1;7;1:48.987;0;;32.031;0;28.776;0;48.180;0;194.6;13:00.301;12:13:36.188;0:32.031;0:28.776;0:48.180;272.7;Jamie CHADWICK;;LMP2;;IDEC Sport;Oreca;GF;32.031;28.776;48.180;
18;1;8;1:50.704;0;;31.519;0;29.139;0;50.046;0;191.6;14:51.005;12:15:26.892;0:31.519;0:29.139;0:50.046;272.7;Jamie CHADWICK;;LMP2;;IDEC Sport;Oreca;GF;31.519;29.139;50.046;
18;1;9;1:52.749;0;;32.554;0;30.658;0;49.537;0;188.1;16:43.754;12:17:19.641;0:32.554;0:30.658;0:49.537;274.1;Jamie CHADWICK;;LMP2;;IDEC Sport;Oreca;GF;32.554;30.658;49.537;
18;1;10;1:49.903;0;;32.561;0;29.127;0;48.215;0;193.0;18:33.657;12:19:09.544;0:32.561;0:29.127;0:48.215;274.1;Jamie CHADWICK;;LMP2;;IDEC Sport;Oreca;GF;32.561;29.127;48.215;
18;1;11;1:49.726;0;;31.579;0;28.756;0;49.391;0;193.3;20:23.383;12:20:59.270;0:31.579;0:28.756;0:49.391;274.8;Jamie CHADWICK;;LMP2;;IDEC Sport;Oreca;GF;31.579;28.756;49.391;
18;1;12;1:50.102;0;;32.460;0;28.496;0;49.146;0;192.6;22:13.485;12:22:49.372;0:32.460;0:28.496;0:49.146;272.0;Jamie CHADWICK;;LMP2;;IDEC Sport;Oreca;GF;32.460;28.496;49.146;
18;1;13;1:47.811;2;;31.466;0;28.464;0;47.881;0;196.7;24:01.296;12:24:37.183;0:31.466;0:28.464;0:47.881;273.4;Jamie CHADWICK;;LMP2;;IDEC Sport;Oreca;GF;31.466;28.464;47.881;
18;1;14;1:48.924;0;;31.527;0;28.996;0;48.401;0;194.7;25:50.220;12:26:26.107;0:31.527;0:28.996;0:48.401;274.8;Jamie CHADWICK;;LMP2;;IDEC Sport;Oreca;GF;31.527;28.996;48.401;
18;1;15;1:49.216;0;;31.569;0;29.344;0;48.303;0;194.2;27:39.436;12:28:15.323;0:31.569;0:29.344;0:48.303;274.1;Jamie CHADWICK;;LMP2;;IDEC Sport;Oreca;GF;31.569;29.344;48.303;
18;1;16;1:52.379;0;;32.008;0;30.170;0;50.201;0;188.7;29:31.815;12:30:07.702;0:32.008;0:30.170;0:50.201;272.7;Jamie CHADWICK;;LMP2;;IDEC Sport;Oreca;GF;32.008;30.170;50.201;
18;1;17;1:50.143;0;;32.051;0;29.213;0;48.879;0;192.5;31:21.958;12:31:57.845;0:32.051;0:29.213;0:48.879;273.4;Jamie CHADWICK;;LMP2;;IDEC Sport;Oreca;GF;32.051;29.213;48.879;
18;1;18;1:49.703;0;;32.521;0;28.778;0;48.404;0;193.3;33:11.661;12:33:47.548;0:32.521;0:28.778;0:48.404;271.4;Jamie CHADWICK;;LMP2;;IDEC Sport;Oreca;GF;32.521;28.778;48.404;
18;1;19;1:48.155;0;;31.573;0;28.126;0;48.456;0;196.1;34:59.816;12:35:35.703;0:31.573;0:28.126;0:48.456;273.4;Jamie CHADWICK;;LMP2;;IDEC Sport;Oreca;GF;31.573;28.126;48.456;
18;1;20;1:50.647;0;B;31.289;2;28.022;2;51.336;0;191.7;36:50.463;12:37:26.350;0:31.289;0:28.022;0:51.336;273.4;Jamie CHADWICK;;LMP2;;IDEC Sport;Oreca;GF;31.289;28.022;51.336;
18;1;21;2:52.412;0;;1:33.559;0;28.625;0;50.228;0;123.0;39:42.875;12:40:18.762;1:33.559;0:28.625;0:50.228;270.0;Jamie CHADWICK;0:01:04.162;LMP2;;IDEC Sport;Oreca;GF;93.559;28.625;50.228;
18;1;22;1:51.821;0;;31.923;0;29.290;0;50.608;0;189.7;41:34.696;12:42:10.583;0:31.923;0:29.290;0:50.608;272.7;Jamie CHADWICK;;LMP2;;IDEC Sport;Oreca;GF;31.923;29.290;50.608;
18;1;23;1:50.446;0;;32.176;0;28.631;0;49.639;0;192.0;43:25.142;12:44:01.029;0:32.176;0:28.631;0:49.639;272.0;Jamie CHADWICK;;LMP2;;IDEC Sport;Oreca;GF;32.176;28.631;49.639;
18;1;24;1:49.496;0;;31.920;0;28.689;0;48.887;0;193.7;45:14.638;12:45:50.525;0:31.920;0:28.689;0:48.887;272.7;Jamie CHADWICK;;LMP2;;IDEC Sport;Oreca;GF;31.920;28.689;48.887;
18;1;25;1:49.588;0;;32.288;0;28.811;0;48.489;0;193.5;47:04.226;12:47:40.113;0:32.288;0:28.811;0:48.489;272.7;Jamie CHADWICK;;LMP2;;IDEC Sport;Oreca;GF;32.288;28.811;48.489;
18;1;26;1:49.358;0;;32.041;0;28.703;0;48.614;0;193.9;48:53.584;12:49:29.471;0:32.041;0:28.703;0:48.614;272.0;Jamie CHADWICK;;LMP2;;IDEC Sport;Oreca;GF;32.041;28.703;48.614;
18;1;27;1:49.821;0;;32.168;0;28.751;0;48.902;0;193.1;50:43.405;12:51:19.292;0:32.168;0:28.751;0:48.902;272.7;Jamie CHADWICK;;LMP2;;IDEC Sport;Oreca;GF;32.168;28.751;48.902;
18;1;28;1:49.346;0;;32.121;0;29.128;0;48.097;0;193.9;52:32.751;12:53:08.638;0:32.121;0:29.128;0:48.097;272.0;Jamie CHADWICK;;LMP2;;IDEC Sport;Oreca;GF;32.121;29.128;48.097;
18;1;29;1:49.320;0;;31.953;0;28.301;0;49.066;0;194.0;54:22.071;12:54:57.958;0:31.953;0:28.301;0:49.066;271.4;Jamie CHADWICK;;LMP2;;IDEC Sport;Oreca;GF;31.953;28.301;49.066;
18;1;30;1:49.717;0;;32.584;0;28.958;0;48.175;0;193.3;56:11.788;12:56:47.675;0:32.584;0:28.958;0:48.175;270.0;Jamie CHADWICK;;LMP2;;IDEC Sport;Oreca;GF;32.584;28.958;48.175;
18;1;31;1:49.199;0;;32.623;0;28.674;0;47.902;0;194.2;58:00.987;12:58:36.874;0:32.623;0:28.674;0:47.902;271.4;Jamie CHADWICK;;LMP2;;IDEC Sport;Oreca;GF;32.623;28.674;47.902;
18;1;32;1:49.120;0;;31.778;0;28.896;0;48.446;0;194.4;59:50.107;13:00:25.994;0:31.778;0:28.896;0:48.446;273.4;Jamie CHADWICK;;LMP2;;IDEC Sport;Oreca;GF;31.778;28.896;48.446;
18;1;33;1:50.054;0;;31.779;0;28.479;0;49.796;0;192.7;1:01:40.161;13:02:16.048;0:31.779;0:28.479;0:49.796;274.8;Jamie CHADWICK;;LMP2;;IDEC Sport;Oreca;GF;31.779;28.479;49.796;
18;1;34;1:50.222;0;;32.881;0;28.741;0;48.600;0;192.4;1:03:30.383;13:04:06.270;0:32.881;0:28.741;0:48.600;270.0;Jamie CHADWICK;;LMP2;;IDEC Sport;Oreca;GF;32.881;28.741;48.600;
18;1;35;1:50.120;0;;33.409;0;28.627;0;48.084;0;192.6;1:05:20.503;13:05:56.390;0:33.409;0:28.627;0:48.084;265.4;Jamie CHADWICK;;LMP2;;IDEC Sport;Oreca;GF;33.409;28.627;48.084;
18;1;36;1:49.633;0;;32.288;0;28.679;0;48.666;0;193.4;1:07:10.136;13:07:46.023;0:32.288;0:28.679;0:48.666;274.1;Jamie CHADWICK;;LMP2;;IDEC Sport;Oreca;GF;32.288;28.679;48.666;
18;1;37;1:52.219;0;;32.241;0;29.864;0;50.114;0;189.0;1:09:02.355;13:09:38.242;0:32.241;0:29.864;0:50.114;274.8;Jamie CHADWICK;;LMP2;;IDEC Sport;Oreca;GF;32.241;29.864;50.114;
18;1;38;1:50.543;0;;33.341;0;28.708;0;48.494;0;191.8;1:10:52.898;13:11:28.785;0:33.341;0:28.708;0:48.494;271.4;Jamie CHADWICK;;LMP2;;IDEC Sport;Oreca;GF;33.341;28.708;48.494;
18;1;39;1:55.715;0;B;32.670;0;28.607;0;54.438;0;183.3;1:12:48.613;13:13:24.500;0:32.670;0:28.607;0:54.438;270.7;Jamie CHADWICK;;LMP2;;IDEC Sport;Oreca;GF;32.670;28.607;54.438;
18;2;40;3:06.568;0;;1:47.707;0;30.271;0;48.590;0;113.7;1:15:55.181;13:16:31.068;1:47.707;0:30.271;0:48.590;262.1;Valerio RINICELLA;0:01:13.724;LMP2;;IDEC Sport;Oreca;GF;107.707;30.271;48.590;
18;2;41;1:53.480;0;;35.419;0;29.915;0;48.146;1;186.9;1:17:48.661;13:18:24.548;0:35.419;0:29.915;0:48.146;255.3;Valerio RINICELLA;;LMP2;;IDEC Sport;Oreca;GF;35.419;29.915;48.146;
18;2;42;2:43.025;0;;35.231;1;28.718;1;1:39.076;0;130.1;1:20:31.686;13:21:07.573;0:35.231;0:28.718;1:39.076;264.1;Valerio RINICELLA;;LMP2;;IDEC Sport;Oreca;FCY;35.231;28.718;99.076;
18;2;43;2:16.910;0;B;50.406;0;28.756;0;57.748;0;154.9;1:22:48.596;13:23:24.483;0:50.406;0:28.756;0:57.748;271.4;Valerio RINICELLA;;LMP2;;IDEC Sport;Oreca;GF;50.406;28.756;57.748;
18;2;44;4:30.059;0;;1:34.411;0;1:08.682;0;1:46.966;0;78.5;1:27:18.655;13:27:54.542;1:34.411;1:08.682;1:46.966;;Valerio RINICELLA;0:00:53.215;LMP2;;IDEC Sport;Oreca;GF;94.411;68.682;106.966;
18;2;45;4:38.415;0;;1:32.402;0;1:08.760;0;1:57.253;0;76.2;1:31:57.070;13:32:32.957;1:32.402;1:08.760;1:57.253;;Valerio RINICELLA;;LMP2;;IDEC Sport;Oreca;GF;92.402;68.760;117.253;
18;2;46;3:43.053;0;;1:32.480;0;59.924;0;1:10.649;0;95.1;1:35:40.123;13:36:16.010;1:32.480;0:59.924;1:10.649;;Valerio RINICELLA;;LMP2;;IDEC Sport;Oreca;SF;92.480;59.924;70.649;
18;2;47;4:02.280;0;;1:25.803;0;59.245;0;1:37.232;0;87.5;1:39:42.403;13:40:18.290;1:25.803;0:59.245;1:37.232;;Valerio RINICELLA;;LMP2;;IDEC Sport;Oreca;SF;85.803;59.245;97.232;
18;2;48;4:34.055;0;;1:29.204;0;1:04.297;0;2:00.554;0;77.4;1:44:16.458;13:44:52.345;1:29.204;1:04.297;2:00.554;;Valerio RINICELLA;;LMP2;;IDEC Sport;Oreca;SF;89.204;64.297;120.554;
18;2;49;4:08.457;0;;1:30.257;0;1:01.626;0;1:36.574;0;85.4;1:48:24.915;13:49:00.802;1:30.257;1:01.626;1:36.574;;Valerio RINICELLA;;LMP2;;IDEC Sport;Oreca;SF;90.257;61.626;96.574;
18;2;50;3:40.106;0;;1:18.306;0;54.410;0;1:27.390;0;96.4;1:52:05.021;13:52:40.908;1:18.306;0:54.410;1:27.390;131.7;Valerio RINICELLA;;LMP2;;IDEC Sport;Oreca;SF;78.306;54.410;87.390;
18;2;51;2:53.233;0;;55.004;0;44.959;0;1:13.270;0;122.4;1:54:58.254;13:55:34.141;0:55.004;0:44.959;1:13.270;155.6;Valerio RINICELLA;;LMP2;;IDEC Sport;Oreca;SF;55.004;44.959;73.270;
18;2;52;2:47.013;0;;50.168;0;42.732;0;1:14.113;0;127.0;1:57:45.267;13:58:21.154;0:50.168;0:42.732;1:14.113;203.8;Valerio RINICELLA;;LMP2;;IDEC Sport;Oreca;SF;50.168;42.732;74.113;
18;2;53;2:49.816;0;;52.770;0;44.617;0;1:12.429;0;124.9;2:00:35.083;14:01:10.970;0:52.770;0:44.617;1:12.429;183.4;Valerio RINICELLA;;LMP2;;IDEC Sport;Oreca;SF;52.770;44.617;72.429;
18;2;54;2:52.641;0;;51.216;0;48.127;0;1:13.298;0;122.8;2:03:27.724;14:04:03.611;0:51.216;0:48.127;1:13.298;162.9;Valerio RINICELLA;;LMP2;;IDEC Sport;Oreca;SF;51.216;48.127;73.298;
18;2;55;3:04.178;0;;56.121;0;51.345;0;1:16.712;0;115.1;2:06:31.902;14:07:07.789;0:56.121;0:51.345;1:16.712;144.4;Valerio RINICELLA;;LMP2;;IDEC Sport;Oreca;SF;56.121;51.345;76.712;
18;2;56;3:00.639;0;;50.369;0;44.605;0;1:25.665;0;117.4;2:09:32.541;14:10:08.428;0:50.369;0:44.605;1:25.665;188.2;Valerio RINICELLA;;LMP2;;IDEC Sport;Oreca;GF;50.369;44.605;85.665;
18;2;57;2:05.296;0;;36.699;0;33.985;0;54.612;0;169.3;2:11:37.837;14:12:13.724;0:36.699;0:33.985;0:54.612;264.7;Valerio RINICELLA;;LMP2;;IDEC Sport;Oreca;GF;36.699;33.985;54.612;
18;2;58;2:04.707;0;;36.668;0;33.429;0;54.610;0;170.1;2:13:42.544;14:14:18.431;0:36.668;0:33.429;0:54.610;266.0;Valerio RINICELLA;;LMP2;;IDEC Sport;Oreca;GF;36.668;33.429;54.610;
18;2;59;2:03.007;0;;35.610;0;33.011;0;54.386;0;172.4;2:15:45.551;14:16:21.438;0:35.610;0:33.011;0:54.386;268.0;Valerio RINICELLA;;LMP2;;IDEC Sport;Oreca;GF;35.610;33.011;54.386;
18;2;60;2:03.256;0;;35.923;0;33.199;0;54.134;0;172.1;2:17:48.807;14:18:24.694;0:35.923;0:33.199;0:54.134;266.7;Valerio RINICELLA;;LMP2;;IDEC Sport;Oreca;GF;35.923;33.199;54.134;
18;2;61;2:03.474;0;;35.815;0;33.224;0;54.435;0;171.8;2:19:52.281;14:20:28.168;0:35.815;0:33.224;0:54.435;266.7;Valerio RINICELLA;;LMP2;;IDEC Sport;Oreca;GF;35.815;33.224;54.435;
18;2;62;2:03.791;0;;35.938;0;33.137;0;54.716;0;171.3;2:21:56.072;14:22:31.959;0:35.938;0:33.137;0:54.716;266.7;Valerio RINICELLA;;LMP2;;IDEC Sport;Oreca;GF;35.938;33.137;54.716;
18;2;63;2:07.090;0;;36.143;0;34.886;0;56.061;0;166.9;2:24:03.162;14:24:39.049;0:36.143;0:34.886;0:56.061;268.0;Valerio RINICELLA;;LMP2;;IDEC Sport;Oreca;GF;36.143;34.886;56.061;
18;2;64;2:06.827;0;;36.978;0;34.106;0;55.743;0;167.2;2:26:09.989;14:26:45.876;0:36.978;0:34.106;0:55.743;268.7;Valerio RINICELLA;;LMP2;;IDEC Sport;Oreca;GF;36.978;34.106;55.743;
18;2;65;2:06.038;0;;36.623;0;33.874;0;55.541;0;168.3;2:28:16.027;14:28:51.914;0:36.623;0:33.874;0:55.541;268.7;Valerio RINICELLA;;LMP2;;IDEC Sport;Oreca;GF;36.623;33.874;55.541;
18;2;66;2:06.144;0;;36.725;0;33.446;0;55.973;0;168.1;2:30:22.171;14:30:58.058;0:36.725;0:33.446;0:55.973;267.3;Valerio RINICELLA;;LMP2;;IDEC Sport;Oreca;GF;36.725;33.446;55.973;
18;2;67;2:04.847;0;;36.935;0;33.267;0;54.645;0;169.9;2:32:27.018;14:33:02.905;0:36.935;0:33.267;0:54.645;268.7;Valerio RINICELLA;;LMP2;;IDEC Sport;Oreca;GF;36.935;33.267;54.645;
18;2;68;2:06.595;0;;36.836;0;33.873;0;55.886;0;167.5;2:34:33.613;14:35:09.500;0:36.836;0:33.873;0:55.886;267.3;Valerio RINICELLA;;LMP2;;IDEC Sport;Oreca;GF;36.836;33.873;55.886;
18;2;69;2:05.349;0;;37.244;0;33.599;0;54.506;0;169.2;2:36:38.962;14:37:14.849;0:37.244;0:33.599;0:54.506;266.0;Valerio RINICELLA;;LMP2;;IDEC Sport;Oreca;GF;37.244;33.599;54.506;
18;2;70;8:50.529;0;;36.639;0;6:41.030;0;1:32.860;0;40.0;2:45:29.491;14:46:05.378;0:36.639;6:41.030;1:32.860;267.3;Valerio RINICELLA;;LMP2;;IDEC Sport;Oreca;GF;36.639;401.030;92.860;
18;2;71;2:16.073;0;B;38.413;0;35.726;0;1:01.934;0;155.9;2:47:45.564;14:48:21.451;0:38.413;0:35.726;1:01.934;265.4;Valerio RINICELLA;;LMP2;;IDEC Sport;Oreca;GF;38.413;35.726;61.934;
18;3;72;3:29.622;0;;1:58.439;0;35.107;0;56.076;0;101.2;2:51:15.186;14:51:51.073;1:58.439;0:35.107;0:56.076;258.4;Laurents HÖRR;0:01:23.102;LMP2;;IDEC Sport;Oreca;GF;118.439;35.107;56.076;
18;3;73;4:09.394;0;;1:14.992;0;1:08.392;0;1:46.010;0;85.0;2:55:24.580;14:56:00.467;1:14.992;1:08.392;1:46.010;;Laurents HÖRR;;LMP2;;IDEC Sport;Oreca;FCY;74.992;68.392;106.010;
18;3;74;4:27.881;0;;1:32.136;0;1:09.068;0;1:46.677;0;79.2;2:59:52.461;15:00:28.348;1:32.136;1:09.068;1:46.677;;Laurents HÖRR;;LMP2;;IDEC Sport;Oreca;FCY;92.136;69.068;106.677;
18;3;75;2:15.858;0;;43.038;0;35.468;0;57.352;0;156.1;3:02:08.319;15:02:44.206;0:43.038;0:35.468;0:57.352;260.2;Laurents HÖRR;;LMP2;;IDEC Sport;Oreca;GF;43.038;35.468;57.352;
18;3;76;2:09.076;0;;37.716;0;35.272;0;56.088;0;164.3;3:04:17.395;15:04:53.282;0:37.716;0:35.272;0:56.088;262.8;Laurents HÖRR;;LMP2;;IDEC Sport;Oreca;GF;37.716;35.272;56.088;
18;3;77;2:09.097;0;;37.427;0;35.142;0;56.528;0;164.3;3:06:26.492;15:07:02.379;0:37.427;0:35.142;0:56.528;262.8;Laurents HÖRR;;LMP2;;IDEC Sport;Oreca;GF;37.427;35.142;56.528;
18;3;78;2:08.635;0;;37.509;0;35.041;0;56.085;0;164.9;3:08:35.127;15:09:11.014;0:37.509;0:35.041;0:56.085;263.4;Laurents HÖRR;;LMP2;;IDEC Sport;Oreca;GF;37.509;35.041;56.085;
18;3;79;2:06.690;0;;37.101;0;34.232;0;55.357;0;167.4;3:10:41.817;15:11:17.704;0:37.101;0:34.232;0:55.357;264.1;Laurents HÖRR;;LMP2;;IDEC Sport;Oreca;GF;37.101;34.232;55.357;
18;3;80;2:06.683;0;;36.961;0;33.951;0;55.771;0;167.4;3:12:48.500;15:13:24.387;0:36.961;0:33.951;0:55.771;264.7;Laurents HÖRR;;LMP2;;IDEC Sport;Oreca;GF;36.961;33.951;55.771;
18;3;81;2:06.551;0;;37.021;0;33.922;0;55.608;0;167.6;3:14:55.051;15:15:30.938;0:37.021;0:33.922;0:55.608;264.1;Laurents HÖRR;;LMP2;;IDEC Sport;Oreca;GF;37.021;33.922;55.608;
18;3;82;2:06.441;0;;36.890;0;33.732;0;55.819;0;167.7;3:17:01.492;15:17:37.379;0:36.890;0:33.732;0:55.819;264.1;Laurents HÖRR;;LMP2;;IDEC Sport;Oreca;GF;36.890;33.732;55.819;
18;3;83;2:06.269;0;;36.768;0;33.830;0;55.671;0;168.0;3:19:07.761;15:19:43.648;0:36.768;0:33.830;0:55.671;265.4;Laurents HÖRR;;LMP2;;IDEC Sport;Oreca;GF;36.768;33.830;55.671;
18;3;84;2:07.674;0;;37.480;0;34.051;0;56.143;0;166.1;3:21:15.435;15:21:51.322;0:37.480;0:34.051;0:56.143;266.0;Laurents HÖRR;;LMP2;;IDEC Sport;Oreca;GF;37.480;34.051;56.143;
18;3;85;2:06.843;0;;37.174;0;33.867;0;55.802;0;167.2;3:23:22.278;15:23:58.165;0:37.174;0:33.867;0:55.802;264.7;Laurents HÖRR;;LMP2;;IDEC Sport;Oreca;GF;37.174;33.867;55.802;
18;3;86;2:06.660;0;;36.627;0;33.747;0;56.286;0;167.4;3:25:28.938;15:26:04.825;0:36.627;0:33.747;0:56.286;266.0;Laurents HÖRR;;LMP2;;IDEC Sport;Oreca;GF;36.627;33.747;56.286;
18;3;87;2:05.955;0;;36.991;0;33.733;0;55.231;0;168.4;3:27:34.893;15:28:10.780;0:36.991;0:33.733;0:55.231;265.4;Laurents HÖRR;;LMP2;;IDEC Sport;Oreca;GF;36.991;33.733;55.231;
18;3;88;2:05.707;0;;36.769;0;33.591;0;55.347;0;168.7;3:29:40.600;15:30:16.487;0:36.769;0:33.591;0:55.347;264.7;Laurents HÖRR;;LMP2;;IDEC Sport;Oreca;GF;36.769;33.591;55.347;
18;3;89;2:05.989;0;;36.988;0;33.681;0;55.320;0;168.3;3:31:46.589;15:32:22.476;0:36.988;0:33.681;0:55.320;265.4;Laurents HÖRR;;LMP2;;IDEC Sport;Oreca;GF;36.988;33.681;55.320;
18;3;90;2:05.881;0;;36.456;0;33.514;0;55.911;0;168.5;3:33:52.470;15:34:28.357;0:36.456;0:33.514;0:55.911;266.7;Laurents HÖRR;;LMP2;;IDEC Sport;Oreca;GF;36.456;33.514;55.911;
18;3;91;2:05.343;0;;36.454;0;33.499;0;55.390;0;169.2;3:35:57.813;15:36:33.700;0:36.454;0:33.499;0:55.390;265.4;Laurents HÖRR;;LMP2;;IDEC Sport;Oreca;GF;36.454;33.499;55.390;
18;3;92;2:05.950;0;;36.389;0;34.259;0;55.302;0;168.4;3:38:03.763;15:38:39.650;0:36.389;0:34.259;0:55.302;266.7;Laurents HÖRR;;LMP2;;IDEC Sport;Oreca;GF;36.389;34.259;55.302;
18;3;93;2:05.273;0;;36.271;0;33.782;0;55.220;1;169.3;3:40:09.036;15:40:44.923;0:36.271;0:33.782;0:55.220;266.0;Laurents HÖRR;;LMP2;;IDEC Sport;Oreca;GF;36.271;33.782;55.220;
18;3;94;2:06.333;0;;36.574;0;33.984;0;55.775;0;167.9;3:42:15.369;15:42:51.256;0:36.574;0:33.984;0:55.775;268.7;Laurents HÖRR;;LMP2;;IDEC Sport;Oreca;GF;36.574;33.984;55.775;
18;3;95;2:09.390;0;B;36.661;0;33.685;0;59.044;0;163.9;3:44:24.759;15:45:00.646;0:36.661;0:33.685;0:59.044;268.0;Laurents HÖRR;;LMP2;;IDEC Sport;Oreca;GF;36.661;33.685;59.044;
18;3;96;2:44.438;0;;1:15.244;0;33.362;0;55.832;0;129.0;3:47:09.197;15:47:45.084;1:15.244;0:33.362;0:55.832;266.0;Laurents HÖRR;0:00:42.680;LMP2;;IDEC Sport;Oreca;GF;75.244;33.362;55.832;
18;3;97;2:07.269;0;;37.662;0;33.573;0;56.034;0;166.6;3:49:16.466;15:49:52.353;0:37.662;0:33.573;0:56.034;267.3;Laurents HÖRR;;LMP2;;IDEC Sport;Oreca;GF;37.662;33.573;56.034;
18;3;98;2:07.406;0;;37.757;0;34.425;0;55.224;0;166.5;3:51:23.872;15:51:59.759;0:37.757;0:34.425;0:55.224;264.1;Laurents HÖRR;;LMP2;;IDEC Sport;Oreca;GF;37.757;34.425;55.224;
18;3;99;2:06.426;0;;36.604;0;33.838;0;55.984;0;167.7;3:53:30.298;15:54:06.185;0:36.604;0:33.838;0:55.984;266.7;Laurents HÖRR;;LMP2;;IDEC Sport;Oreca;GF;36.604;33.838;55.984;
18;3;100;2:08.785;0;;37.718;0;34.140;0;56.927;0;164.7;3:55:39.083;15:56:14.970;0:37.718;0:34.140;0:56.927;268.0;Laurents HÖRR;;LMP2;;IDEC Sport;Oreca;GF;37.718;34.140;56.927;
18;3;101;2:05.346;0;;36.411;0;33.361;1;55.574;0;169.2;3:57:44.429;15:58:20.316;0:36.411;0:33.361;0:55.574;262.8;Laurents HÖRR;;LMP2;;IDEC Sport;Oreca;GF;36.411;33.361;55.574;
18;3;102;2:06.412;0;;36.185;1;33.504;0;56.723;0;167.8;3:59:50.841;16:00:26.728;0:36.185;0:33.504;0:56.723;264.7;Laurents HÖRR;;LMP2;;IDEC Sport;Oreca;GF;36.185;33.504;56.723;
18;3;103;2:07.799;0;;36.920;0;33.698;0;57.181;0;165.9;4:01:58.640;16:02:34.527;0:36.920;0:33.698;0:57.181;266.7;Laurents HÖRR;;LMP2;;IDEC Sport;Oreca;FF;36.920;33.698;57.181;
19;1;1;2:02.179;0;;40.846;0;31.286;0;50.047;0;169.4;2:02.179;12:02:38.066;0:40.846;0:31.286;0:50.047;267.3;John FALB;;LMP2 Pro/Am;;Rossa Racing by Virage;Oreca;GF;40.846;31.286;50.047;
19;1;2;1:51.593;0;;33.005;0;29.671;0;48.917;0;190.0;3:53.772;12:04:29.659;0:33.005;0:29.671;0:48.917;272.7;John FALB;;LMP2 Pro/Am;;Rossa Racing by Virage;Oreca;GF;33.005;29.671;48.917;
19;1;3;1:50.467;0;;32.460;0;29.413;0;48.594;0;192.0;5:44.239;12:06:20.126;0:32.460;0:29.413;0:48.594;272.7;John FALB;;LMP2 Pro/Am;;Rossa Racing by Virage;Oreca;GF;32.460;29.413;48.594;
19;1;4;1:50.111;0;;32.348;0;29.061;0;48.702;0;192.6;7:34.350;12:08:10.237;0:32.348;0:29.061;0:48.702;272.7;John FALB;;LMP2 Pro/Am;;Rossa Racing by Virage;Oreca;GF;32.348;29.061;48.702;
19;1;5;1:50.119;0;;31.940;2;29.487;0;48.692;0;192.6;9:24.469;12:10:00.356;0:31.940;0:29.487;0:48.692;269.3;John FALB;;LMP2 Pro/Am;;Rossa Racing by Virage;Oreca;GF;31.940;29.487;48.692;
19;1;6;1:49.409;0;;32.199;0;28.817;0;48.393;0;193.8;11:13.878;12:11:49.765;0:32.199;0:28.817;0:48.393;272.7;John FALB;;LMP2 Pro/Am;;Rossa Racing by Virage;Oreca;GF;32.199;28.817;48.393;
19;1;7;1:49.355;0;;32.187;0;28.757;0;48.411;0;193.9;13:03.233;12:13:39.120;0:32.187;0:28.757;0:48.411;271.4;John FALB;;LMP2 Pro/Am;;Rossa Racing by Virage;Oreca;GF;32.187;28.757;48.411;
19;1;8;1:51.966;0;;32.322;0;28.895;0;50.749;0;189.4;14:55.199;12:15:31.086;0:32.322;0:28.895;0:50.749;270.7;John FALB;;LMP2 Pro/Am;;Rossa Racing by Virage;Oreca;GF;32.322;28.895;50.749;
19;1;9;1:52.184;0;;33.625;0;28.986;0;49.573;0;189.0;16:47.383;12:17:23.270;0:33.625;0:28.986;0:49.573;270.0;John FALB;;LMP2 Pro/Am;;Rossa Racing by Virage;Oreca;GF;33.625;28.986;49.573;
19;1;10;1:52.182;0;;34.040;0;28.758;0;49.384;0;189.0;18:39.565;12:19:15.452;0:34.040;0:28.758;0:49.384;269.3;John FALB;;LMP2 Pro/Am;;Rossa Racing by Virage;Oreca;GF;34.040;28.758;49.384;
19;1;11;1:49.505;0;;32.319;0;28.797;0;48.389;1;193.7;20:29.070;12:21:04.957;0:32.319;0:28.797;0:48.389;270.7;John FALB;;LMP2 Pro/Am;;Rossa Racing by Virage;Oreca;GF;32.319;28.797;48.389;
19;1;12;1:51.587;0;;33.309;0;28.985;0;49.293;0;190.1;22:20.657;12:22:56.544;0:33.309;0:28.985;0:49.293;267.3;John FALB;;LMP2 Pro/Am;;Rossa Racing by Virage;Oreca;GF;33.309;28.985;49.293;
19;1;13;1:50.855;0;;32.123;0;29.492;0;49.240;0;191.3;24:11.512;12:24:47.399;0:32.123;0:29.492;0:49.240;272.7;John FALB;;LMP2 Pro/Am;;Rossa Racing by Virage;Oreca;GF;32.123;29.492;49.240;
19;1;14;1:49.728;0;;32.228;0;28.809;0;48.691;0;193.3;26:01.240;12:26:37.127;0:32.228;0:28.809;0:48.691;270.7;John FALB;;LMP2 Pro/Am;;Rossa Racing by Virage;Oreca;GF;32.228;28.809;48.691;
19;1;15;1:49.486;0;;32.087;0;28.755;0;48.644;0;193.7;27:50.726;12:28:26.613;0:32.087;0:28.755;0:48.644;271.4;John FALB;;LMP2 Pro/Am;;Rossa Racing by Virage;Oreca;GF;32.087;28.755;48.644;
19;1;16;1:49.789;0;;32.195;0;28.780;0;48.814;0;193.2;29:40.515;12:30:16.402;0:32.195;0:28.780;0:48.814;272.0;John FALB;;LMP2 Pro/Am;;Rossa Racing by Virage;Oreca;GF;32.195;28.780;48.814;
19;1;17;1:53.123;0;;34.395;0;29.338;0;49.390;0;187.5;31:33.638;12:32:09.525;0:34.395;0:29.338;0:49.390;272.0;John FALB;;LMP2 Pro/Am;;Rossa Racing by Virage;Oreca;GF;34.395;29.338;49.390;
19;1;18;1:51.889;0;;32.397;0;30.508;0;48.984;0;189.5;33:25.527;12:34:01.414;0:32.397;0:30.508;0:48.984;271.4;John FALB;;LMP2 Pro/Am;;Rossa Racing by Virage;Oreca;GF;32.397;30.508;48.984;
19;1;19;1:51.757;0;;33.249;0;29.539;0;48.969;0;189.8;35:17.284;12:35:53.171;0:33.249;0:29.539;0:48.969;272.0;John FALB;;LMP2 Pro/Am;;Rossa Racing by Virage;Oreca;GF;33.249;29.539;48.969;
19;1;20;1:53.977;0;B;33.839;0;28.785;0;51.353;0;186.1;37:11.261;12:37:47.148;0:33.839;0:28.785;0:51.353;271.4;John FALB;;LMP2 Pro/Am;;Rossa Racing by Virage;Oreca;GF;33.839;28.785;51.353;
19;1;21;2:43.947;0;;1:25.553;0;29.226;0;49.168;0;129.4;39:55.208;12:40:31.095;1:25.553;0:29.226;0:49.168;268.7;John FALB;0:00:55.610;LMP2 Pro/Am;;Rossa Racing by Virage;Oreca;GF;85.553;29.226;49.168;
19;1;22;1:54.923;0;;34.044;0;28.990;0;51.889;0;184.5;41:50.131;12:42:26.018;0:34.044;0:28.990;0:51.889;268.0;John FALB;;LMP2 Pro/Am;;Rossa Racing by Virage;Oreca;GF;34.044;28.990;51.889;
19;1;23;1:51.209;0;;32.865;0;29.178;0;49.166;0;190.7;43:41.340;12:44:17.227;0:32.865;0:29.178;0:49.166;269.3;John FALB;;LMP2 Pro/Am;;Rossa Racing by Virage;Oreca;GF;32.865;29.178;49.166;
19;1;24;1:51.729;0;;32.520;0;29.093;0;50.116;0;189.8;45:33.069;12:46:08.956;0:32.520;0:29.093;0:50.116;271.4;John FALB;;LMP2 Pro/Am;;Rossa Racing by Virage;Oreca;GF;32.520;29.093;50.116;
19;1;25;1:52.604;0;;33.122;0;30.296;0;49.186;0;188.3;47:25.673;12:48:01.560;0:33.122;0:30.296;0:49.186;270.0;John FALB;;LMP2 Pro/Am;;Rossa Racing by Virage;Oreca;GF;33.122;30.296;49.186;
19;1;26;1:51.807;0;;32.315;0;29.970;0;49.522;0;189.7;49:17.480;12:49:53.367;0:32.315;0:29.970;0:49.522;272.0;John FALB;;LMP2 Pro/Am;;Rossa Racing by Virage;Oreca;GF;32.315;29.970;49.522;
19;1;27;1:50.023;0;;32.390;0;28.679;1;48.954;0;192.8;51:07.503;12:51:43.390;0:32.390;0:28.679;0:48.954;269.3;John FALB;;LMP2 Pro/Am;;Rossa Racing by Virage;Oreca;GF;32.390;28.679;48.954;
19;1;28;1:49.732;0;;32.229;0;28.811;0;48.692;0;193.3;52:57.235;12:53:33.122;0:32.229;0:28.811;0:48.692;271.4;John FALB;;LMP2 Pro/Am;;Rossa Racing by Virage;Oreca;GF;32.229;28.811;48.692;
19;1;29;1:51.542;0;;33.582;0;29.048;0;48.912;0;190.1;54:48.777;12:55:24.664;0:33.582;0:29.048;0:48.912;269.3;John FALB;;LMP2 Pro/Am;;Rossa Racing by Virage;Oreca;GF;33.582;29.048;48.912;
19;1;30;1:51.301;0;;33.281;0;29.231;0;48.789;0;190.5;56:40.078;12:57:15.965;0:33.281;0:29.231;0:48.789;270.0;John FALB;;LMP2 Pro/Am;;Rossa Racing by Virage;Oreca;GF;33.281;29.231;48.789;
19;1;31;1:50.038;0;;32.332;0;28.807;0;48.899;0;192.7;58:30.116;12:59:06.003;0:32.332;0:28.807;0:48.899;271.4;John FALB;;LMP2 Pro/Am;;Rossa Racing by Virage;Oreca;GF;32.332;28.807;48.899;
19;1;32;1:49.760;0;;32.207;0;28.795;0;48.758;0;193.2;1:00:19.876;13:00:55.763;0:32.207;0:28.795;0:48.758;271.4;John FALB;;LMP2 Pro/Am;;Rossa Racing by Virage;Oreca;GF;32.207;28.795;48.758;
19;1;33;1:51.210;0;;32.407;0;29.349;0;49.454;0;190.7;1:02:11.086;13:02:46.973;0:32.407;0:29.349;0:49.454;272.7;John FALB;;LMP2 Pro/Am;;Rossa Racing by Virage;Oreca;GF;32.407;29.349;49.454;
19;1;34;1:51.415;0;;32.198;0;29.492;0;49.725;0;190.3;1:04:02.501;13:04:38.388;0:32.198;0:29.492;0:49.725;270.7;John FALB;;LMP2 Pro/Am;;Rossa Racing by Virage;Oreca;GF;32.198;29.492;49.725;
19;1;35;1:52.807;0;;34.010;0;29.705;0;49.092;0;188.0;1:05:55.308;13:06:31.195;0:34.010;0:29.705;0:49.092;269.3;John FALB;;LMP2 Pro/Am;;Rossa Racing by Virage;Oreca;GF;34.010;29.705;49.092;
19;1;36;1:56.560;0;B;32.354;0;29.567;0;54.639;0;181.9;1:07:51.868;13:08:27.755;0:32.354;0:29.567;0:54.639;270.7;John FALB;;LMP2 Pro/Am;;Rossa Racing by Virage;Oreca;GF;32.354;29.567;54.639;
19;3;37;3:14.027;0;;1:52.688;0;31.497;0;49.842;0;109.3;1:11:05.895;13:11:41.782;1:52.688;0:31.497;0:49.842;261.5;Rik KOEN;0:01:18.946;LMP2 Pro/Am;;Rossa Racing by Virage;Oreca;GF;112.688;31.497;49.842;
19;3;38;1:49.229;0;;32.565;0;28.484;0;48.180;0;194.2;1:12:55.124;13:13:31.011;0:32.565;0:28.484;0:48.180;269.3;Rik KOEN;;LMP2 Pro/Am;;Rossa Racing by Virage;Oreca;GF;32.565;28.484;48.180;
19;3;39;1:49.028;2;;32.533;1;28.522;0;47.973;2;194.5;1:14:44.152;13:15:20.039;0:32.533;0:28.522;0:47.973;270.7;Rik KOEN;;LMP2 Pro/Am;;Rossa Racing by Virage;Oreca;GF;32.533;28.522;47.973;
19;3;40;1:51.208;0;;33.576;0;28.605;0;49.027;0;190.7;1:16:35.360;13:17:11.247;0:33.576;0:28.605;0:49.027;271.4;Rik KOEN;;LMP2 Pro/Am;;Rossa Racing by Virage;Oreca;GF;33.576;28.605;49.027;
19;3;41;1:54.456;0;;34.889;0;28.851;0;50.716;0;185.3;1:18:29.816;13:19:05.703;0:34.889;0:28.851;0:50.716;270.0;Rik KOEN;;LMP2 Pro/Am;;Rossa Racing by Virage;Oreca;GF;34.889;28.851;50.716;
19;3;42;3:04.454;0;;52.560;0;1:07.745;0;1:04.149;0;115.0;1:21:34.270;13:22:10.157;0:52.560;1:07.745;1:04.149;;Rik KOEN;;LMP2 Pro/Am;;Rossa Racing by Virage;Oreca;GF;52.560;67.745;64.149;
19;3;43;1:54.045;0;;33.741;0;28.262;2;52.042;0;186.0;1:23:28.315;13:24:04.202;0:33.741;0:28.262;0:52.042;271.4;Rik KOEN;;LMP2 Pro/Am;;Rossa Racing by Virage;Oreca;GF;33.741;28.262;52.042;
19;3;44;3:23.385;0;;37.653;0;1:00.193;0;1:45.539;0;104.3;1:26:51.700;13:27:27.587;0:37.653;1:00.193;1:45.539;268.7;Rik KOEN;;LMP2 Pro/Am;;Rossa Racing by Virage;Oreca;GF;37.653;60.193;105.539;
19;3;45;4:27.997;0;B;1:33.685;0;1:07.902;0;1:46.410;0;79.1;1:31:19.697;13:31:55.584;1:33.685;1:07.902;1:46.410;;Rik KOEN;;LMP2 Pro/Am;;Rossa Racing by Virage;Oreca;GF;93.685;67.902;106.410;
19;3;46;4:18.400;0;;1:56.236;0;1:02.935;0;1:19.229;0;82.1;1:35:38.097;13:36:13.984;1:56.236;1:02.935;1:19.229;;Rik KOEN;0:00:41.127;LMP2 Pro/Am;;Rossa Racing by Virage;Oreca;SF;116.236;62.935;79.229;
19;3;47;4:02.390;0;;1:26.030;0;59.603;0;1:36.757;0;87.5;1:39:40.487;13:40:16.374;1:26.030;0:59.603;1:36.757;;Rik KOEN;;LMP2 Pro/Am;;Rossa Racing by Virage;Oreca;SF;86.030;59.603;96.757;
19;3;48;4:14.308;0;;1:29.513;0;1:04.376;0;1:40.419;0;83.4;1:43:54.795;13:44:30.682;1:29.513;1:04.376;1:40.419;;Rik KOEN;;LMP2 Pro/Am;;Rossa Racing by Virage;Oreca;SF;89.513;64.376;100.419;
19;3;49;2:26.300;0;;42.607;0;40.319;0;1:03.374;0;145.0;1:46:21.095;13:46:56.982;0:42.607;0:40.319;1:03.374;246.6;Rik KOEN;;LMP2 Pro/Am;;Rossa Racing by Virage;Oreca;SF;42.607;40.319;63.374;
19;3;50;2:30.329;0;;40.201;0;38.329;0;1:11.799;0;141.1;1:48:51.424;13:49:27.311;0:40.201;0:38.329;1:11.799;254.7;Rik KOEN;;LMP2 Pro/Am;;Rossa Racing by Virage;Oreca;SF;40.201;38.329;71.799;
19;3;51;3:34.839;0;;1:19.433;0;51.514;0;1:23.892;0;98.7;1:52:26.263;13:53:02.150;1:19.433;0:51.514;1:23.892;120.1;Rik KOEN;;LMP2 Pro/Am;;Rossa Racing by Virage;Oreca;SF;79.433;51.514;83.892;
19;3;52;2:43.433;0;;45.768;0;44.894;0;1:12.771;0;129.8;1:55:09.696;13:55:45.583;0:45.768;0:44.894;1:12.771;174.2;Rik KOEN;;LMP2 Pro/Am;;Rossa Racing by Virage;Oreca;SF;45.768;44.894;72.771;
19;3;53;2:45.929;0;B;45.830;0;42.279;0;1:17.820;0;127.8;1:57:55.625;13:58:31.512;0:45.830;0:42.279;1:17.820;197.1;Rik KOEN;;LMP2 Pro/Am;;Rossa Racing by Virage;Oreca;SF;45.830;42.279;77.820;
19;3;54;3:06.701;0;;1:37.240;0;33.700;0;55.761;0;113.6;2:01:02.326;14:01:38.213;1:37.240;0:33.700;0:55.761;260.2;Rik KOEN;0:01:01.606;LMP2 Pro/Am;;Rossa Racing by Virage;Oreca;SF;97.240;33.700;55.761;
19;3;55;2:47.436;0;;47.404;0;45.614;0;1:14.418;0;126.7;2:03:49.762;14:04:25.649;0:47.404;0:45.614;1:14.418;139.9;Rik KOEN;;LMP2 Pro/Am;;Rossa Racing by Virage;Oreca;SF;47.404;45.614;74.418;
19;3;56;3:02.946;0;;57.023;0;48.565;0;1:17.358;0;115.9;2:06:52.708;14:07:28.595;0:57.023;0:48.565;1:17.358;138.6;Rik KOEN;;LMP2 Pro/Am;;Rossa Racing by Virage;Oreca;SF;57.023;48.565;77.358;
19;3;57;3:00.469;0;;50.288;0;46.608;0;1:23.573;0;117.5;2:09:53.177;14:10:29.064;0:50.288;0:46.608;1:23.573;160.2;Rik KOEN;;LMP2 Pro/Am;;Rossa Racing by Virage;Oreca;GF;50.288;46.608;83.573;
19;3;58;2:09.788;0;;38.203;0;36.005;0;55.580;0;163.4;2:12:02.965;14:12:38.852;0:38.203;0:36.005;0:55.580;261.5;Rik KOEN;;LMP2 Pro/Am;;Rossa Racing by Virage;Oreca;GF;38.203;36.005;55.580;
19;3;59;2:04.716;0;;35.884;0;33.588;0;55.244;0;170.0;2:14:07.681;14:14:43.568;0:35.884;0:33.588;0:55.244;263.4;Rik KOEN;;LMP2 Pro/Am;;Rossa Racing by Virage;Oreca;GF;35.884;33.588;55.244;
19;3;60;2:05.687;0;;36.452;0;33.606;0;55.629;0;168.7;2:16:13.368;14:16:49.255;0:36.452;0:33.606;0:55.629;265.4;Rik KOEN;;LMP2 Pro/Am;;Rossa Racing by Virage;Oreca;GF;36.452;33.606;55.629;
19;3;61;2:04.958;0;;36.267;0;33.351;0;55.340;0;169.7;2:18:18.326;14:18:54.213;0:36.267;0:33.351;0:55.340;266.0;Rik KOEN;;LMP2 Pro/Am;;Rossa Racing by Virage;Oreca;GF;36.267;33.351;55.340;
19;3;62;2:04.803;0;;36.033;0;33.421;0;55.349;0;169.9;2:20:23.129;14:20:59.016;0:36.033;0:33.421;0:55.349;266.7;Rik KOEN;;LMP2 Pro/Am;;Rossa Racing by Virage;Oreca;GF;36.033;33.421;55.349;
19;3;63;2:04.555;0;;35.731;0;33.507;0;55.317;0;170.3;2:22:27.684;14:23:03.571;0:35.731;0:33.507;0:55.317;266.7;Rik KOEN;;LMP2 Pro/Am;;Rossa Racing by Virage;Oreca;GF;35.731;33.507;55.317;
19;3;64;2:04.145;0;;35.817;0;33.207;0;55.121;0;170.8;2:24:31.829;14:25:07.716;0:35.817;0:33.207;0:55.121;265.4;Rik KOEN;;LMP2 Pro/Am;;Rossa Racing by Virage;Oreca;GF;35.817;33.207;55.121;
19;3;65;2:04.663;0;;36.386;0;33.271;0;55.006;0;170.1;2:26:36.492;14:27:12.379;0:36.386;0:33.271;0:55.006;265.4;Rik KOEN;;LMP2 Pro/Am;;Rossa Racing by Virage;Oreca;GF;36.386;33.271;55.006;
19;3;66;2:05.816;0;;36.482;0;33.599;0;55.735;0;168.6;2:28:42.308;14:29:18.195;0:36.482;0:33.599;0:55.735;266.0;Rik KOEN;;LMP2 Pro/Am;;Rossa Racing by Virage;Oreca;GF;36.482;33.599;55.735;
19;3;67;2:08.093;0;;37.903;0;33.975;0;56.215;0;165.6;2:30:50.401;14:31:26.288;0:37.903;0:33.975;0:56.215;264.7;Rik KOEN;;LMP2 Pro/Am;;Rossa Racing by Virage;Oreca;GF;37.903;33.975;56.215;
19;3;68;2:09.531;0;;37.148;0;34.274;0;58.109;0;163.7;2:32:59.932;14:33:35.819;0:37.148;0:34.274;0:58.109;267.3;Rik KOEN;;LMP2 Pro/Am;;Rossa Racing by Virage;Oreca;GF;37.148;34.274;58.109;
19;3;69;2:08.109;0;;37.572;0;34.225;0;56.312;0;165.5;2:35:08.041;14:35:43.928;0:37.572;0:34.225;0:56.312;265.4;Rik KOEN;;LMP2 Pro/Am;;Rossa Racing by Virage;Oreca;GF;37.572;34.225;56.312;
19;3;70;2:08.053;0;;38.112;0;34.146;0;55.795;0;165.6;2:37:16.094;14:37:51.981;0:38.112;0:34.146;0:55.795;266.0;Rik KOEN;;LMP2 Pro/Am;;Rossa Racing by Virage;Oreca;GF;38.112;34.146;55.795;
19;3;71;2:37.520;0;;37.210;0;34.462;0;1:25.848;0;134.6;2:39:53.614;14:40:29.501;0:37.210;0:34.462;1:25.848;266.0;Rik KOEN;;LMP2 Pro/Am;;Rossa Racing by Virage;Oreca;FCY;37.210;34.462;85.848;
19;3;72;4:27.259;0;;1:32.032;0;1:08.549;0;1:46.678;0;79.4;2:44:20.873;14:44:56.760;1:32.032;1:08.549;1:46.678;;Rik KOEN;;LMP2 Pro/Am;;Rossa Racing by Virage;Oreca;FCY;92.032;68.549;106.678;
19;3;73;2:42.113;0;;1:09.296;0;35.168;0;57.649;0;130.8;2:47:02.986;14:47:38.873;1:09.296;0:35.168;0:57.649;259.6;Rik KOEN;;LMP2 Pro/Am;;Rossa Racing by Virage;Oreca;GF;69.296;35.168;57.649;
19;3;74;2:08.576;0;;37.391;0;35.085;0;56.100;0;164.9;2:49:11.562;14:49:47.449;0:37.391;0:35.085;0:56.100;264.1;Rik KOEN;;LMP2 Pro/Am;;Rossa Racing by Virage;Oreca;GF;37.391;35.085;56.100;
19;3;75;2:07.535;0;;36.940;0;34.553;0;56.042;0;166.3;2:51:19.097;14:51:54.984;0:36.940;0:34.553;0:56.042;264.7;Rik KOEN;;LMP2 Pro/Am;;Rossa Racing by Virage;Oreca;GF;36.940;34.553;56.042;
19;3;76;4:15.211;0;;1:20.786;0;1:08.571;0;1:45.854;0;83.1;2:55:34.308;14:56:10.195;1:20.786;1:08.571;1:45.854;;Rik KOEN;;LMP2 Pro/Am;;Rossa Racing by Virage;Oreca;FCY;80.786;68.571;105.854;
19;3;77;4:25.696;0;;1:32.489;0;1:08.891;0;1:44.316;0;79.8;3:00:00.004;15:00:35.891;1:32.489;1:08.891;1:44.316;;Rik KOEN;;LMP2 Pro/Am;;Rossa Racing by Virage;Oreca;GF;92.489;68.891;104.316;
19;3;78;2:17.574;0;B;39.473;0;35.323;0;1:02.778;0;154.2;3:02:17.578;15:02:53.465;0:39.473;0:35.323;1:02.778;260.2;Rik KOEN;;LMP2 Pro/Am;;Rossa Racing by Virage;Oreca;GF;39.473;35.323;62.778;
19;2;79;3:11.966;0;;1:38.988;0;35.479;0;57.499;0;110.5;3:05:29.544;15:06:05.431;1:38.988;0:35.479;0:57.499;262.1;Manuel ESPIRITO SANTO;0:01:04.272;LMP2 Pro/Am;;Rossa Racing by Virage;Oreca;GF;98.988;35.479;57.499;
19;2;80;2:12.462;0;;39.188;0;35.505;0;57.769;0;160.1;3:07:42.006;15:08:17.893;0:39.188;0:35.505;0:57.769;262.1;Manuel ESPIRITO SANTO;;LMP2 Pro/Am;;Rossa Racing by Virage;Oreca;GF;39.188;35.505;57.769;
19;2;81;2:08.482;0;;38.121;0;34.366;0;55.995;0;165.1;3:09:50.488;15:10:26.375;0:38.121;0:34.366;0:55.995;265.4;Manuel ESPIRITO SANTO;;LMP2 Pro/Am;;Rossa Racing by Virage;Oreca;GF;38.121;34.366;55.995;
19;2;82;2:08.859;0;;37.084;0;34.888;0;56.887;0;164.6;3:11:59.347;15:12:35.234;0:37.084;0:34.888;0:56.887;267.3;Manuel ESPIRITO SANTO;;LMP2 Pro/Am;;Rossa Racing by Virage;Oreca;GF;37.084;34.888;56.887;
19;2;83;2:06.957;0;;36.726;0;34.272;0;55.959;0;167.0;3:14:06.304;15:14:42.191;0:36.726;0:34.272;0:55.959;266.7;Manuel ESPIRITO SANTO;;LMP2 Pro/Am;;Rossa Racing by Virage;Oreca;GF;36.726;34.272;55.959;
19;2;84;2:07.604;0;;36.571;0;34.295;0;56.738;0;166.2;3:16:13.908;15:16:49.795;0:36.571;0:34.295;0:56.738;266.7;Manuel ESPIRITO SANTO;;LMP2 Pro/Am;;Rossa Racing by Virage;Oreca;GF;36.571;34.295;56.738;
19;2;85;2:07.939;0;;37.511;0;34.287;0;56.141;0;165.8;3:18:21.847;15:18:57.734;0:37.511;0:34.287;0:56.141;265.4;Manuel ESPIRITO SANTO;;LMP2 Pro/Am;;Rossa Racing by Virage;Oreca;GF;37.511;34.287;56.141;
19;2;86;2:08.193;0;;37.110;0;34.039;0;57.044;0;165.4;3:20:30.040;15:21:05.927;0:37.110;0:34.039;0:57.044;266.0;Manuel ESPIRITO SANTO;;LMP2 Pro/Am;;Rossa Racing by Virage;Oreca;GF;37.110;34.039;57.044;
19;2;87;2:07.913;0;;37.145;0;33.896;0;56.872;0;165.8;3:22:37.953;15:23:13.840;0:37.145;0:33.896;0:56.872;266.7;Manuel ESPIRITO SANTO;;LMP2 Pro/Am;;Rossa Racing by Virage;Oreca;GF;37.145;33.896;56.872;
19;2;88;2:06.697;0;;36.736;0;33.946;0;56.015;0;167.4;3:24:44.650;15:25:20.537;0:36.736;0:33.946;0:56.015;265.4;Manuel ESPIRITO SANTO;;LMP2 Pro/Am;;Rossa Racing by Virage;Oreca;GF;36.736;33.946;56.015;
19;2;89;2:08.988;0;;37.379;0;34.386;0;57.223;0;164.4;3:26:53.638;15:27:29.525;0:37.379;0:34.386;0:57.223;266.7;Manuel ESPIRITO SANTO;;LMP2 Pro/Am;;Rossa Racing by Virage;Oreca;GF;37.379;34.386;57.223;
19;2;90;2:05.429;0;;36.627;0;33.376;0;55.426;0;169.1;3:28:59.067;15:29:34.954;0:36.627;0:33.376;0:55.426;266.0;Manuel ESPIRITO SANTO;;LMP2 Pro/Am;;Rossa Racing by Virage;Oreca;GF;36.627;33.376;55.426;
19;2;91;2:05.743;0;;36.708;0;33.819;0;55.216;0;168.7;3:31:04.810;15:31:40.697;0:36.708;0:33.819;0:55.216;266.0;Manuel ESPIRITO SANTO;;LMP2 Pro/Am;;Rossa Racing by Virage;Oreca;GF;36.708;33.819;55.216;
19;2;92;2:05.814;0;;36.893;0;33.870;0;55.051;1;168.6;3:33:10.624;15:33:46.511;0:36.893;0:33.870;0:55.051;265.4;Manuel ESPIRITO SANTO;;LMP2 Pro/Am;;Rossa Racing by Virage;Oreca;GF;36.893;33.870;55.051;
19;2;93;2:06.742;0;;36.683;0;33.794;0;56.265;0;167.3;3:35:17.366;15:35:53.253;0:36.683;0:33.794;0:56.265;266.7;Manuel ESPIRITO SANTO;;LMP2 Pro/Am;;Rossa Racing by Virage;Oreca;GF;36.683;33.794;56.265;
19;2;94;2:06.270;0;;36.570;0;34.328;0;55.372;0;168.0;3:37:23.636;15:37:59.523;0:36.570;0:34.328;0:55.372;266.7;Manuel ESPIRITO SANTO;;LMP2 Pro/Am;;Rossa Racing by Virage;Oreca;GF;36.570;34.328;55.372;
19;2;95;2:06.995;0;;36.749;0;34.536;0;55.710;0;167.0;3:39:30.631;15:40:06.518;0:36.749;0:34.536;0:55.710;266.7;Manuel ESPIRITO SANTO;;LMP2 Pro/Am;;Rossa Racing by Virage;Oreca;GF;36.749;34.536;55.710;
19;2;96;2:06.358;0;;37.038;0;34.063;0;55.257;0;167.8;3:41:36.989;15:42:12.876;0:37.038;0:34.063;0:55.257;266.0;Manuel ESPIRITO SANTO;;LMP2 Pro/Am;;Rossa Racing by Virage;Oreca;GF;37.038;34.063;55.257;
19;2;97;2:05.015;0;;36.424;0;33.306;0;55.285;0;169.6;3:43:42.004;15:44:17.891;0:36.424;0:33.306;0:55.285;265.4;Manuel ESPIRITO SANTO;;LMP2 Pro/Am;;Rossa Racing by Virage;Oreca;GF;36.424;33.306;55.285;
19;2;98;2:07.270;0;;37.084;0;34.397;0;55.789;0;166.6;3:45:49.274;15:46:25.161;0:37.084;0:34.397;0:55.789;266.7;Manuel ESPIRITO SANTO;;LMP2 Pro/Am;;Rossa Racing by Virage;Oreca;GF;37.084;34.397;55.789;
19;2;99;2:05.217;0;;36.445;0;33.500;0;55.272;0;169.4;3:47:54.491;15:48:30.378;0:36.445;0:33.500;0:55.272;267.3;Manuel ESPIRITO SANTO;;LMP2 Pro/Am;;Rossa Racing by Virage;Oreca;GF;36.445;33.500;55.272;
19;2;100;2:10.229;0;B;36.500;0;33.501;0;1:00.228;0;162.8;3:50:04.720;15:50:40.607;0:36.500;0:33.501;1:00.228;266.7;Manuel ESPIRITO SANTO;;LMP2 Pro/Am;;Rossa Racing by Virage;Oreca;GF;36.500;33.501;60.228;
19;2;101;2:38.571;0;;1:09.354;0;33.385;0;55.832;0;133.7;3:52:43.291;15:53:19.178;1:09.354;0:33.385;0:55.832;268.7;Manuel ESPIRITO SANTO;0:00:36.645;LMP2 Pro/Am;;Rossa Racing by Virage;Oreca;GF;69.354;33.385;55.832;
19;2;102;2:05.265;0;;36.348;0;33.539;0;55.378;0;169.3;3:54:48.556;15:55:24.443;0:36.348;0:33.539;0:55.378;268.0;Manuel ESPIRITO SANTO;;LMP2 Pro/Am;;Rossa Racing by Virage;Oreca;GF;36.348;33.539;55.378;
19;2;103;2:05.284;0;;36.126;1;33.522;0;55.636;0;169.3;3:56:53.840;15:57:29.727;0:36.126;0:33.522;0:55.636;268.0;Manuel ESPIRITO SANTO;;LMP2 Pro/Am;;Rossa Racing by Virage;Oreca;GF;36.126;33.522;55.636;
19;2;104;2:05.887;0;;36.516;0;33.505;0;55.866;0;168.5;3:58:59.727;15:59:35.614;0:36.516;0:33.505;0:55.866;265.4;Manuel ESPIRITO SANTO;;LMP2 Pro/Am;;Rossa Racing by Virage;Oreca;GF;36.516;33.505;55.866;
19;2;105;2:05.821;0;;36.420;0;33.245;1;56.156;0;168.6;4:01:05.548;16:01:41.435;0:36.420;0:33.245;0:56.156;268.7;Manuel ESPIRITO SANTO;;LMP2 Pro/Am;;Rossa Racing by Virage;Oreca;FF;36.420;33.245;56.156;
20;1;1;2:02.642;0;;40.702;0;31.875;0;50.065;0;168.7;2:02.642;12:02:38.529;0:40.702;0:31.875;0:50.065;270.7;Michael JENSEN;;LMP2 Pro/Am;;Algarve Pro Racing;Oreca;GF;40.702;31.875;50.065;
20;1;2;1:52.315;0;;33.457;0;29.906;0;48.952;0;188.8;3:54.957;12:04:30.844;0:33.457;0:29.906;0:48.952;272.7;Michael JENSEN;;LMP2 Pro/Am;;Algarve Pro Racing;Oreca;GF;33.457;29.906;48.952;
20;1;3;1:50.895;0;;32.514;0;29.612;0;48.769;0;191.2;5:45.852;12:06:21.739;0:32.514;0:29.612;0:48.769;270.7;Michael JENSEN;;LMP2 Pro/Am;;Algarve Pro Racing;Oreca;GF;32.514;29.612;48.769;
20;1;4;1:50.659;0;;32.232;0;29.790;0;48.637;0;191.6;7:36.511;12:08:12.398;0:32.232;0:29.790;0:48.637;273.4;Michael JENSEN;;LMP2 Pro/Am;;Algarve Pro Racing;Oreca;GF;32.232;29.790;48.637;
20;1;5;1:50.050;0;;32.122;0;29.242;0;48.686;0;192.7;9:26.561;12:10:02.448;0:32.122;0:29.242;0:48.686;272.0;Michael JENSEN;;LMP2 Pro/Am;;Algarve Pro Racing;Oreca;GF;32.122;29.242;48.686;
20;1;6;1:50.300;0;;32.276;0;29.522;0;48.502;0;192.3;11:16.861;12:11:52.748;0:32.276;0:29.522;0:48.502;271.4;Michael JENSEN;;LMP2 Pro/Am;;Algarve Pro Racing;Oreca;GF;32.276;29.522;48.502;
20;1;7;1:49.942;0;;32.307;0;29.269;0;48.366;1;192.9;13:06.803;12:13:42.690;0:32.307;0:29.269;0:48.366;270.7;Michael JENSEN;;LMP2 Pro/Am;;Algarve Pro Racing;Oreca;GF;32.307;29.269;48.366;
20;1;8;1:51.365;0;;32.062;0;29.184;0;50.119;0;190.4;14:58.168;12:15:34.055;0:32.062;0:29.184;0:50.119;271.4;Michael JENSEN;;LMP2 Pro/Am;;Algarve Pro Racing;Oreca;GF;32.062;29.184;50.119;
20;1;9;1:53.625;0;;34.176;0;29.768;0;49.681;0;186.6;16:51.793;12:17:27.680;0:34.176;0:29.768;0:49.681;270.7;Michael JENSEN;;LMP2 Pro/Am;;Algarve Pro Racing;Oreca;GF;34.176;29.768;49.681;
20;1;10;1:53.882;0;;34.464;0;29.756;0;49.662;0;186.2;18:45.675;12:19:21.562;0:34.464;0:29.756;0:49.662;268.7;Michael JENSEN;;LMP2 Pro/Am;;Algarve Pro Racing;Oreca;GF;34.464;29.756;49.662;
20;1;11;1:51.704;0;;33.672;0;29.276;0;48.756;0;189.9;20:37.379;12:21:13.266;0:33.672;0:29.276;0:48.756;268.7;Michael JENSEN;;LMP2 Pro/Am;;Algarve Pro Racing;Oreca;GF;33.672;29.276;48.756;
20;1;12;1:50.000;0;;32.169;0;29.228;0;48.603;0;192.8;22:27.379;12:23:03.266;0:32.169;0:29.228;0:48.603;272.0;Michael JENSEN;;LMP2 Pro/Am;;Algarve Pro Racing;Oreca;GF;32.169;29.228;48.603;
20;1;13;1:50.852;0;;32.838;0;29.568;0;48.446;0;191.3;24:18.231;12:24:54.118;0:32.838;0:29.568;0:48.446;272.0;Michael JENSEN;;LMP2 Pro/Am;;Algarve Pro Racing;Oreca;GF;32.838;29.568;48.446;
20;1;14;1:50.748;0;;32.487;0;29.534;0;48.727;0;191.5;26:08.979;12:26:44.866;0:32.487;0:29.534;0:48.727;268.0;Michael JENSEN;;LMP2 Pro/Am;;Algarve Pro Racing;Oreca;GF;32.487;29.534;48.727;
20;1;15;1:50.192;0;;32.476;0;29.160;0;48.556;0;192.5;27:59.171;12:28:35.058;0:32.476;0:29.160;0:48.556;272.0;Michael JENSEN;;LMP2 Pro/Am;;Algarve Pro Racing;Oreca;GF;32.476;29.160;48.556;
20;1;16;1:49.960;0;;31.829;1;29.113;0;49.018;0;192.9;29:49.131;12:30:25.018;0:31.829;0:29.113;0:49.018;272.7;Michael JENSEN;;LMP2 Pro/Am;;Algarve Pro Racing;Oreca;GF;31.829;29.113;49.018;
20;1;17;1:50.839;0;;31.831;0;29.308;0;49.700;0;191.3;31:39.970;12:32:15.857;0:31.831;0:29.308;0:49.700;272.7;Michael JENSEN;;LMP2 Pro/Am;;Algarve Pro Racing;Oreca;GF;31.831;29.308;49.700;
20;1;18;1:51.280;0;;32.421;0;29.505;0;49.354;0;190.6;33:31.250;12:34:07.137;0:32.421;0:29.505;0:49.354;270.0;Michael JENSEN;;LMP2 Pro/Am;;Algarve Pro Racing;Oreca;GF;32.421;29.505;49.354;
20;1;19;1:52.785;0;;32.848;0;29.565;0;50.372;0;188.0;35:24.035;12:35:59.922;0:32.848;0:29.565;0:50.372;272.0;Michael JENSEN;;LMP2 Pro/Am;;Algarve Pro Racing;Oreca;GF;32.848;29.565;50.372;
20;1;20;1:51.127;0;;32.175;0;29.684;0;49.268;0;190.8;37:15.162;12:37:51.049;0:32.175;0:29.684;0:49.268;271.4;Michael JENSEN;;LMP2 Pro/Am;;Algarve Pro Racing;Oreca;GF;32.175;29.684;49.268;
20;1;21;1:51.133;0;;32.223;0;29.392;0;49.518;0;190.8;39:06.295;12:39:42.182;0:32.223;0:29.392;0:49.518;271.4;Michael JENSEN;;LMP2 Pro/Am;;Algarve Pro Racing;Oreca;GF;32.223;29.392;49.518;
20;1;22;1:54.854;0;B;32.304;0;29.190;0;53.360;0;184.6;41:01.149;12:41:37.036;0:32.304;0:29.190;0:53.360;271.4;Michael JENSEN;;LMP2 Pro/Am;;Algarve Pro Racing;Oreca;GF;32.304;29.190;53.360;
20;1;23;2:47.896;0;;1:28.103;0;30.487;0;49.306;0;126.3;43:49.045;12:44:24.932;1:28.103;0:30.487;0:49.306;266.7;Michael JENSEN;0:00:56.466;LMP2 Pro/Am;;Algarve Pro Racing;Oreca;GF;88.103;30.487;49.306;
20;1;24;1:52.190;0;;32.366;0;29.841;0;49.983;0;189.0;45:41.235;12:46:17.122;0:32.366;0:29.841;0:49.983;272.0;Michael JENSEN;;LMP2 Pro/Am;;Algarve Pro Racing;Oreca;GF;32.366;29.841;49.983;
20;1;25;1:50.754;0;;32.155;0;29.295;0;49.304;0;191.5;47:31.989;12:48:07.876;0:32.155;0:29.295;0:49.304;270.7;Michael JENSEN;;LMP2 Pro/Am;;Algarve Pro Racing;Oreca;GF;32.155;29.295;49.304;
20;1;26;1:51.625;0;;32.872;0;29.451;0;49.302;0;190.0;49:23.614;12:49:59.501;0:32.872;0:29.451;0:49.302;271.4;Michael JENSEN;;LMP2 Pro/Am;;Algarve Pro Racing;Oreca;GF;32.872;29.451;49.302;
20;1;27;1:50.798;0;;33.119;0;29.091;1;48.588;0;191.4;51:14.412;12:51:50.299;0:33.119;0:29.091;0:48.588;270.0;Michael JENSEN;;LMP2 Pro/Am;;Algarve Pro Racing;Oreca;GF;33.119;29.091;48.588;
20;1;28;1:50.102;0;;32.283;0;29.270;0;48.549;0;192.6;53:04.514;12:53:40.401;0:32.283;0:29.270;0:48.549;270.7;Michael JENSEN;;LMP2 Pro/Am;;Algarve Pro Racing;Oreca;GF;32.283;29.270;48.549;
20;1;29;1:51.535;0;;32.184;0;29.426;0;49.925;0;190.1;54:56.049;12:55:31.936;0:32.184;0:29.426;0:49.925;271.4;Michael JENSEN;;LMP2 Pro/Am;;Algarve Pro Racing;Oreca;GF;32.184;29.426;49.925;
20;1;30;1:50.295;0;;32.332;0;29.343;0;48.620;0;192.3;56:46.344;12:57:22.231;0:32.332;0:29.343;0:48.620;271.4;Michael JENSEN;;LMP2 Pro/Am;;Algarve Pro Racing;Oreca;GF;32.332;29.343;48.620;
20;1;31;1:52.407;0;;33.420;0;29.358;0;49.629;0;188.7;58:38.751;12:59:14.638;0:33.420;0:29.358;0:49.629;270.7;Michael JENSEN;;LMP2 Pro/Am;;Algarve Pro Racing;Oreca;GF;33.420;29.358;49.629;
20;1;32;1:51.666;0;;33.174;0;29.521;0;48.971;0;189.9;1:00:30.417;13:01:06.304;0:33.174;0:29.521;0:48.971;270.7;Michael JENSEN;;LMP2 Pro/Am;;Algarve Pro Racing;Oreca;GF;33.174;29.521;48.971;
20;1;33;1:55.734;0;B;32.212;0;29.216;0;54.306;0;183.2;1:02:26.151;13:03:02.038;0:32.212;0:29.216;0:54.306;272.0;Michael JENSEN;;LMP2 Pro/Am;;Algarve Pro Racing;Oreca;GF;32.212;29.216;54.306;
20;2;34;3:04.286;0;;1:45.414;0;29.785;0;49.087;0;115.1;1:05:30.437;13:06:06.324;1:45.414;0:29.785;0:49.087;264.1;Enzo TRULLI;0:01:12.353;LMP2 Pro/Am;;Algarve Pro Racing;Oreca;GF;105.414;29.785;49.087;
20;2;35;1:49.252;0;;32.968;0;28.242;0;48.042;0;194.1;1:07:19.689;13:07:55.576;0:32.968;0:28.242;0:48.042;269.3;Enzo TRULLI;;LMP2 Pro/Am;;Algarve Pro Racing;Oreca;GF;32.968;28.242;48.042;
20;2;36;1:47.855;2;;31.587;2;28.005;2;48.263;0;196.6;1:09:07.544;13:09:43.431;0:31.587;0:28.005;0:48.263;272.0;Enzo TRULLI;;LMP2 Pro/Am;;Algarve Pro Racing;Oreca;GF;31.587;28.005;48.263;
20;2;37;1:49.329;0;;32.335;0;28.267;0;48.727;0;194.0;1:10:56.873;13:11:32.760;0:32.335;0:28.267;0:48.727;272.0;Enzo TRULLI;;LMP2 Pro/Am;;Algarve Pro Racing;Oreca;GF;32.335;28.267;48.727;
20;2;38;1:48.568;0;;31.905;0;28.762;0;47.901;2;195.3;1:12:45.441;13:13:21.328;0:31.905;0:28.762;0:47.901;273.4;Enzo TRULLI;;LMP2 Pro/Am;;Algarve Pro Racing;Oreca;GF;31.905;28.762;47.901;
20;2;39;1:55.228;0;;35.582;0;29.997;0;49.649;0;184.0;1:14:40.669;13:15:16.556;0:35.582;0:29.997;0:49.649;271.4;Enzo TRULLI;;LMP2 Pro/Am;;Algarve Pro Racing;Oreca;GF;35.582;29.997;49.649;
20;2;40;1:54.174;0;;36.446;0;28.860;0;48.868;0;185.7;1:16:34.843;13:17:10.730;0:36.446;0:28.860;0:48.868;272.0;Enzo TRULLI;;LMP2 Pro/Am;;Algarve Pro Racing;Oreca;GF;36.446;28.860;48.868;
20;2;41;1:54.498;0;;34.718;0;29.291;0;50.489;0;185.2;1:18:29.341;13:19:05.228;0:34.718;0:29.291;0:50.489;270.0;Enzo TRULLI;;LMP2 Pro/Am;;Algarve Pro Racing;Oreca;GF;34.718;29.291;50.489;
20;2;42;3:00.916;0;;47.756;0;1:07.610;0;1:05.550;0;117.2;1:21:30.257;13:22:06.144;0:47.756;1:07.610;1:05.550;;Enzo TRULLI;;LMP2 Pro/Am;;Algarve Pro Racing;Oreca;GF;47.756;67.610;65.550;
20;2;43;1:55.313;0;;32.670;0;28.398;0;54.245;0;183.9;1:23:25.570;13:24:01.457;0:32.670;0:28.398;0:54.245;272.0;Enzo TRULLI;;LMP2 Pro/Am;;Algarve Pro Racing;Oreca;GF;32.670;28.398;54.245;
20;2;44;3:23.507;0;;38.602;0;59.256;0;1:45.649;0;104.2;1:26:49.077;13:27:24.964;0:38.602;0:59.256;1:45.649;268.0;Enzo TRULLI;;LMP2 Pro/Am;;Algarve Pro Racing;Oreca;GF;38.602;59.256;105.649;
20;2;45;4:26.105;0;B;1:31.065;0;1:08.337;0;1:46.703;0;79.7;1:31:15.182;13:31:51.069;1:31.065;1:08.337;1:46.703;;Enzo TRULLI;;LMP2 Pro/Am;;Algarve Pro Racing;Oreca;GF;91.065;68.337;106.703;
20;2;46;4:23.564;0;;2:01.546;0;1:02.797;0;1:19.221;0;80.5;1:35:38.746;13:36:14.633;2:01.546;1:02.797;1:19.221;;Enzo TRULLI;0:00:46.337;LMP2 Pro/Am;;Algarve Pro Racing;Oreca;SF;121.546;62.797;79.221;
20;2;47;4:02.571;0;;1:26.121;0;59.484;0;1:36.966;0;87.4;1:39:41.317;13:40:17.204;1:26.121;0:59.484;1:36.966;;Enzo TRULLI;;LMP2 Pro/Am;;Algarve Pro Racing;Oreca;SF;86.121;59.484;96.966;
20;2;48;4:14.431;0;;1:29.358;0;1:04.529;0;1:40.544;0;83.4;1:43:55.748;13:44:31.635;1:29.358;1:04.529;1:40.544;;Enzo TRULLI;;LMP2 Pro/Am;;Algarve Pro Racing;Oreca;SF;89.358;64.529;100.544;
20;2;49;2:27.263;0;;43.415;0;39.874;0;1:03.974;0;144.0;1:46:23.011;13:46:58.898;0:43.415;0:39.874;1:03.974;212.6;Enzo TRULLI;;LMP2 Pro/Am;;Algarve Pro Racing;Oreca;SF;43.415;39.874;63.974;
20;2;50;2:29.809;0;;40.951;0;39.209;0;1:09.649;0;141.6;1:48:52.820;13:49:28.707;0:40.951;0:39.209;1:09.649;248.8;Enzo TRULLI;;LMP2 Pro/Am;;Algarve Pro Racing;Oreca;SF;40.951;39.209;69.649;
20;2;51;3:40.558;0;B;1:18.874;0;51.709;0;1:29.975;0;96.2;1:52:33.378;13:53:09.265;1:18.874;0:51.709;1:29.975;120.3;Enzo TRULLI;;LMP2 Pro/Am;;Algarve Pro Racing;Oreca;SF;78.874;51.709;89.975;
20;2;52;3:26.618;0;;1:39.530;0;40.919;0;1:06.169;0;102.6;1:55:59.996;13:56:35.883;1:39.530;0:40.919;1:06.169;154.1;Enzo TRULLI;0:00:57.395;LMP2 Pro/Am;;Algarve Pro Racing;Oreca;SF;99.530;40.919;66.169;
20;2;53;2:29.026;0;;45.365;0;39.699;0;1:03.962;0;142.3;1:58:29.022;13:59:04.909;0:45.365;0:39.699;1:03.962;214.7;Enzo TRULLI;;LMP2 Pro/Am;;Algarve Pro Racing;Oreca;SF;45.365;39.699;63.962;
20;2;54;2:25.342;0;;41.932;0;39.084;0;1:04.326;0;145.9;2:00:54.364;14:01:30.251;0:41.932;0:39.084;1:04.326;180.0;Enzo TRULLI;;LMP2 Pro/Am;;Algarve Pro Racing;Oreca;SF;41.932;39.084;64.326;
20;2;55;2:49.837;0;;50.324;0;46.095;0;1:13.418;0;124.9;2:03:44.201;14:04:20.088;0:50.324;0:46.095;1:13.418;121.9;Enzo TRULLI;;LMP2 Pro/Am;;Algarve Pro Racing;Oreca;SF;50.324;46.095;73.418;
20;2;56;3:02.410;0;;56.712;0;49.571;0;1:16.127;0;116.3;2:06:46.611;14:07:22.498;0:56.712;0:49.571;1:16.127;141.0;Enzo TRULLI;;LMP2 Pro/Am;;Algarve Pro Racing;Oreca;SF;56.712;49.571;76.127;
20;2;57;3:01.062;0;;51.124;0;45.338;0;1:24.600;0;117.1;2:09:47.673;14:10:23.560;0:51.124;0:45.338;1:24.600;171.2;Enzo TRULLI;;LMP2 Pro/Am;;Algarve Pro Racing;Oreca;GF;51.124;45.338;84.600;
20;2;58;2:10.949;0;;39.544;0;35.420;0;55.985;0;162.0;2:11:58.622;14:12:34.509;0:39.544;0:35.420;0:55.985;266.7;Enzo TRULLI;;LMP2 Pro/Am;;Algarve Pro Racing;Oreca;GF;39.544;35.420;55.985;
20;2;59;2:06.515;0;;36.799;0;34.147;0;55.569;0;167.6;2:14:05.137;14:14:41.024;0:36.799;0:34.147;0:55.569;268.7;Enzo TRULLI;;LMP2 Pro/Am;;Algarve Pro Racing;Oreca;GF;36.799;34.147;55.569;
20;2;60;2:05.199;0;;36.234;0;33.789;0;55.176;0;169.4;2:16:10.336;14:16:46.223;0:36.234;0:33.789;0:55.176;268.7;Enzo TRULLI;;LMP2 Pro/Am;;Algarve Pro Racing;Oreca;GF;36.234;33.789;55.176;
20;2;61;2:10.786;0;B;36.723;0;33.593;0;1:00.470;0;162.2;2:18:21.122;14:18:57.009;0:36.723;0:33.593;1:00.470;268.7;Enzo TRULLI;;LMP2 Pro/Am;;Algarve Pro Racing;Oreca;GF;36.723;33.593;60.470;
20;3;62;2:59.258;0;;1:29.973;0;34.337;0;54.948;0;118.3;2:21:20.380;14:21:56.267;1:29.973;0:34.337;0:54.948;262.8;Malthe JAKOBSEN;0:00:56.364;LMP2 Pro/Am;;Algarve Pro Racing;Oreca;GF;89.973;34.337;54.948;
20;3;63;2:05.681;0;;37.199;0;33.734;0;54.748;0;168.7;2:23:26.061;14:24:01.948;0:37.199;0:33.734;0:54.748;263.4;Malthe JAKOBSEN;;LMP2 Pro/Am;;Algarve Pro Racing;Oreca;GF;37.199;33.734;54.748;
20;3;64;2:04.308;0;;35.792;0;33.491;0;55.025;0;170.6;2:25:30.369;14:26:06.256;0:35.792;0:33.491;0:55.025;266.0;Malthe JAKOBSEN;;LMP2 Pro/Am;;Algarve Pro Racing;Oreca;GF;35.792;33.491;55.025;
20;3;65;2:10.838;0;B;36.754;0;34.591;0;59.493;0;162.1;2:27:41.207;14:28:17.094;0:36.754;0:34.591;0:59.493;267.3;Malthe JAKOBSEN;;LMP2 Pro/Am;;Algarve Pro Racing;Oreca;GF;36.754;34.591;59.493;
20;3;66;2:53.304;0;;1:23.597;0;34.128;0;55.579;0;122.4;2:30:34.511;14:31:10.398;1:23.597;0:34.128;0:55.579;264.7;Malthe JAKOBSEN;0:00:49.659;LMP2 Pro/Am;;Algarve Pro Racing;Oreca;GF;83.597;34.128;55.579;
20;3;67;2:07.728;0;;37.842;0;34.079;0;55.807;0;166.0;2:32:42.239;14:33:18.126;0:37.842;0:34.079;0:55.807;264.1;Malthe JAKOBSEN;;LMP2 Pro/Am;;Algarve Pro Racing;Oreca;GF;37.842;34.079;55.807;
20;3;68;2:07.374;0;;37.353;0;34.129;0;55.892;0;166.5;2:34:49.613;14:35:25.500;0:37.353;0:34.129;0:55.892;264.7;Malthe JAKOBSEN;;LMP2 Pro/Am;;Algarve Pro Racing;Oreca;GF;37.353;34.129;55.892;
20;3;69;2:07.365;0;;37.648;0;33.865;0;55.852;0;166.5;2:36:56.978;14:37:32.865;0:37.648;0:33.865;0:55.852;265.4;Malthe JAKOBSEN;;LMP2 Pro/Am;;Algarve Pro Racing;Oreca;GF;37.648;33.865;55.852;
20;3;70;2:19.412;0;;37.881;0;34.234;0;1:07.297;0;152.1;2:39:16.390;14:39:52.277;0:37.881;0:34.234;1:07.297;266.0;Malthe JAKOBSEN;;LMP2 Pro/Am;;Algarve Pro Racing;Oreca;FCY;37.881;34.234;67.297;
20;3;71;4:26.398;0;;1:31.459;0;1:07.903;0;1:47.036;0;79.6;2:43:42.788;14:44:18.675;1:31.459;1:07.903;1:47.036;;Malthe JAKOBSEN;;LMP2 Pro/Am;;Algarve Pro Racing;Oreca;FCY;91.459;67.903;107.036;
20;3;72;3:03.539;0;;1:30.516;0;35.864;0;57.159;0;115.5;2:46:46.327;14:47:22.214;1:30.516;0:35.864;0:57.159;160.2;Malthe JAKOBSEN;;LMP2 Pro/Am;;Algarve Pro Racing;Oreca;GF;90.516;35.864;57.159;
20;3;73;2:09.821;0;;38.002;0;34.691;0;57.128;0;163.4;2:48:56.148;14:49:32.035;0:38.002;0:34.691;0:57.128;262.1;Malthe JAKOBSEN;;LMP2 Pro/Am;;Algarve Pro Racing;Oreca;GF;38.002;34.691;57.128;
20;3;74;2:08.656;0;;37.815;0;34.525;0;56.316;0;164.8;2:51:04.804;14:51:40.691;0:37.815;0:34.525;0:56.316;264.7;Malthe JAKOBSEN;;LMP2 Pro/Am;;Algarve Pro Racing;Oreca;GF;37.815;34.525;56.316;
20;3;75;3:55.234;0;;1:01.889;0;1:07.827;0;1:45.518;0;90.2;2:55:00.038;14:55:35.925;1:01.889;1:07.827;1:45.518;;Malthe JAKOBSEN;;LMP2 Pro/Am;;Algarve Pro Racing;Oreca;FCY;61.889;67.827;105.518;
20;3;76;4:29.100;0;;1:31.865;0;1:07.932;0;1:49.303;0;78.8;2:59:29.138;15:00:05.025;1:31.865;1:07.932;1:49.303;;Malthe JAKOBSEN;;LMP2 Pro/Am;;Algarve Pro Racing;Oreca;FCY;91.865;67.932;109.303;
20;3;77;2:33.753;0;B;56.052;0;35.453;0;1:02.248;0;137.9;3:02:02.891;15:02:38.778;0:56.052;0:35.453;1:02.248;260.2;Malthe JAKOBSEN;;LMP2 Pro/Am;;Algarve Pro Racing;Oreca;GF;56.052;35.453;62.248;
20;3;78;2:25.503;0;;54.476;0;34.440;0;56.587;0;145.8;3:04:28.394;15:05:04.281;0:54.476;0:34.440;0:56.587;262.1;Malthe JAKOBSEN;0:00:20.648;LMP2 Pro/Am;;Algarve Pro Racing;Oreca;GF;54.476;34.440;56.587;
20;3;79;2:08.470;0;;37.913;0;34.381;0;56.176;0;165.1;3:06:36.864;15:07:12.751;0:37.913;0:34.381;0:56.176;262.8;Malthe JAKOBSEN;;LMP2 Pro/Am;;Algarve Pro Racing;Oreca;GF;37.913;34.381;56.176;
20;3;80;2:07.041;0;;37.434;0;33.879;0;55.728;0;166.9;3:08:43.905;15:09:19.792;0:37.434;0:33.879;0:55.728;264.7;Malthe JAKOBSEN;;LMP2 Pro/Am;;Algarve Pro Racing;Oreca;GF;37.434;33.879;55.728;
20;3;81;2:06.138;0;;37.617;0;33.501;0;55.020;0;168.1;3:10:50.043;15:11:25.930;0:37.617;0:33.501;0:55.020;264.7;Malthe JAKOBSEN;;LMP2 Pro/Am;;Algarve Pro Racing;Oreca;GF;37.617;33.501;55.020;
20;3;82;2:07.336;0;;36.996;0;34.430;0;55.910;0;166.5;3:12:57.379;15:13:33.266;0:36.996;0:34.430;0:55.910;268.0;Malthe JAKOBSEN;;LMP2 Pro/Am;;Algarve Pro Racing;Oreca;GF;36.996;34.430;55.910;
20;3;83;2:06.521;0;;36.855;0;33.517;0;56.149;0;167.6;3:15:03.900;15:15:39.787;0:36.855;0:33.517;0:56.149;266.0;Malthe JAKOBSEN;;LMP2 Pro/Am;;Algarve Pro Racing;Oreca;GF;36.855;33.517;56.149;
20;3;84;2:06.032;0;;36.840;0;33.345;0;55.847;0;168.3;3:17:09.932;15:17:45.819;0:36.840;0:33.345;0:55.847;266.0;Malthe JAKOBSEN;;LMP2 Pro/Am;;Algarve Pro Racing;Oreca;GF;36.840;33.345;55.847;
20;3;85;2:06.088;0;;36.835;0;33.952;0;55.301;0;168.2;3:19:16.020;15:19:51.907;0:36.835;0:33.952;0:55.301;266.7;Malthe JAKOBSEN;;LMP2 Pro/Am;;Algarve Pro Racing;Oreca;GF;36.835;33.952;55.301;
20;3;86;2:06.933;0;;36.988;0;33.756;0;56.189;0;167.1;3:21:22.953;15:21:58.840;0:36.988;0:33.756;0:56.189;267.3;Malthe JAKOBSEN;;LMP2 Pro/Am;;Algarve Pro Racing;Oreca;GF;36.988;33.756;56.189;
20;3;87;2:06.296;0;;37.024;0;33.603;0;55.669;0;167.9;3:23:29.249;15:24:05.136;0:37.024;0:33.603;0:55.669;268.0;Malthe JAKOBSEN;;LMP2 Pro/Am;;Algarve Pro Racing;Oreca;GF;37.024;33.603;55.669;
20;3;88;2:06.424;0;;37.536;0;33.197;0;55.691;0;167.7;3:25:35.673;15:26:11.560;0:37.536;0:33.197;0:55.691;266.0;Malthe JAKOBSEN;;LMP2 Pro/Am;;Algarve Pro Racing;Oreca;GF;37.536;33.197;55.691;
20;3;89;2:07.213;0;;37.925;0;33.674;0;55.614;0;166.7;3:27:42.886;15:28:18.773;0:37.925;0:33.674;0:55.614;265.4;Malthe JAKOBSEN;;LMP2 Pro/Am;;Algarve Pro Racing;Oreca;GF;37.925;33.674;55.614;
20;3;90;2:05.284;0;;36.480;0;33.687;0;55.117;0;169.3;3:29:48.170;15:30:24.057;0:36.480;0:33.687;0:55.117;266.7;Malthe JAKOBSEN;;LMP2 Pro/Am;;Algarve Pro Racing;Oreca;GF;36.480;33.687;55.117;
20;3;91;2:08.865;0;B;36.684;0;33.210;0;58.971;0;164.6;3:31:57.035;15:32:32.922;0:36.684;0:33.210;0:58.971;266.7;Malthe JAKOBSEN;;LMP2 Pro/Am;;Algarve Pro Racing;Oreca;GF;36.684;33.210;58.971;
20;3;92;2:57.201;0;;1:27.544;0;33.423;0;56.234;0;119.7;3:34:54.236;15:35:30.123;1:27.544;0:33.423;0:56.234;265.4;Malthe JAKOBSEN;0:00:54.287;LMP2 Pro/Am;;Algarve Pro Racing;Oreca;GF;87.544;33.423;56.234;
20;3;93;2:08.014;0;;37.238;0;34.200;0;56.576;0;165.7;3:37:02.250;15:37:38.137;0:37.238;0:34.200;0:56.576;266.7;Malthe JAKOBSEN;;LMP2 Pro/Am;;Algarve Pro Racing;Oreca;GF;37.238;34.200;56.576;
20;3;94;2:05.536;0;;36.949;0;33.328;0;55.259;0;168.9;3:39:07.786;15:39:43.673;0:36.949;0:33.328;0:55.259;266.0;Malthe JAKOBSEN;;LMP2 Pro/Am;;Algarve Pro Racing;Oreca;GF;36.949;33.328;55.259;
20;3;95;2:05.721;0;;36.736;0;33.573;0;55.412;0;168.7;3:41:13.507;15:41:49.394;0:36.736;0:33.573;0:55.412;266.0;Malthe JAKOBSEN;;LMP2 Pro/Am;;Algarve Pro Racing;Oreca;GF;36.736;33.573;55.412;
20;3;96;2:06.168;0;;37.322;0;33.679;0;55.167;0;168.1;3:43:19.675;15:43:55.562;0:37.322;0:33.679;0:55.167;266.7;Malthe JAKOBSEN;;LMP2 Pro/Am;;Algarve Pro Racing;Oreca;GF;37.322;33.679;55.167;
20;3;97;2:07.790;0;;37.735;0;34.096;0;55.959;0;166.0;3:45:27.465;15:46:03.352;0:37.735;0:34.096;0:55.959;244.3;Malthe JAKOBSEN;;LMP2 Pro/Am;;Algarve Pro Racing;Oreca;GF;37.735;34.096;55.959;
20;3;98;2:06.992;0;;37.036;0;34.308;0;55.648;0;167.0;3:47:34.457;15:48:10.344;0:37.036;0:34.308;0:55.648;267.3;Malthe JAKOBSEN;;LMP2 Pro/Am;;Algarve Pro Racing;Oreca;GF;37.036;34.308;55.648;
20;3;99;2:04.131;0;;36.408;0;32.657;0;55.066;0;170.8;3:49:38.588;15:50:14.475;0:36.408;0:32.657;0:55.066;267.3;Malthe JAKOBSEN;;LMP2 Pro/Am;;Algarve Pro Racing;Oreca;GF;36.408;32.657;55.066;
20;3;100;2:05.579;0;;36.453;0;32.763;0;56.363;0;168.9;3:51:44.167;15:52:20.054;0:36.453;0:32.763;0:56.363;266.7;Malthe JAKOBSEN;;LMP2 Pro/Am;;Algarve Pro Racing;Oreca;GF;36.453;32.763;56.363;
20;3;101;2:05.455;0;;36.405;0;33.899;0;55.151;0;169.0;3:53:49.622;15:54:25.509;0:36.405;0:33.899;0:55.151;267.3;Malthe JAKOBSEN;;LMP2 Pro/Am;;Algarve Pro Racing;Oreca;GF;36.405;33.899;55.151;
20;3;102;2:03.937;0;;36.378;0;32.821;0;54.738;0;171.1;3:55:53.559;15:56:29.446;0:36.378;0:32.821;0:54.738;268.0;Malthe JAKOBSEN;;LMP2 Pro/Am;;Algarve Pro Racing;Oreca;GF;36.378;32.821;54.738;
20;3;103;2:04.591;0;;36.046;0;32.922;0;55.623;0;170.2;3:57:58.150;15:58:34.037;0:36.046;0:32.922;0:55.623;267.3;Malthe JAKOBSEN;;LMP2 Pro/Am;;Algarve Pro Racing;Oreca;GF;36.046;32.922;55.623;
20;3;104;2:03.019;0;;36.201;0;32.488;1;54.330;1;172.4;4:00:01.169;16:00:37.056;0:36.201;0:32.488;0:54.330;268.0;Malthe JAKOBSEN;;LMP2 Pro/Am;;Algarve Pro Racing;Oreca;GF;36.201;32.488;54.330;
20;3;105;2:03.871;0;;35.646;1;33.062;0;55.163;0;171.2;4:02:05.040;16:02:40.927;0:35.646;0:33.062;0:55.163;268.0;Malthe JAKOBSEN;;LMP2 Pro/Am;;Algarve Pro Racing;Oreca;FF;35.646;33.062;55.163;
21;1;1;2:06.015;0;;43.059;0;32.123;0;50.833;0;164.2;2:06.015;12:02:41.902;0:43.059;0:32.123;0:50.833;260.9;Daniel SCHNEIDER;;LMP2 Pro/Am;;United Autosports;Oreca;GF;43.059;32.123;50.833;
21;1;2;1:53.420;0;;33.309;0;30.325;0;49.786;0;187.0;3:59.435;12:04:35.322;0:33.309;0:30.325;0:49.786;269.3;Daniel SCHNEIDER;;LMP2 Pro/Am;;United Autosports;Oreca;GF;33.309;30.325;49.786;
21;1;3;1:52.255;0;;32.743;0;30.077;0;49.435;0;188.9;5:51.690;12:06:27.577;0:32.743;0:30.077;0:49.435;270.0;Daniel SCHNEIDER;;LMP2 Pro/Am;;United Autosports;Oreca;GF;32.743;30.077;49.435;
21;1;4;1:52.227;0;;33.038;0;29.885;0;49.304;0;189.0;7:43.917;12:08:19.804;0:33.038;0:29.885;0:49.304;270.0;Daniel SCHNEIDER;;LMP2 Pro/Am;;United Autosports;Oreca;GF;33.038;29.885;49.304;
21;1;5;1:51.550;0;;32.475;0;30.029;0;49.046;0;190.1;9:35.467;12:10:11.354;0:32.475;0:30.029;0:49.046;270.7;Daniel SCHNEIDER;;LMP2 Pro/Am;;United Autosports;Oreca;GF;32.475;30.029;49.046;
21;1;6;1:51.152;0;;32.432;0;29.722;0;48.998;0;190.8;11:26.619;12:12:02.506;0:32.432;0:29.722;0:48.998;270.0;Daniel SCHNEIDER;;LMP2 Pro/Am;;United Autosports;Oreca;GF;32.432;29.722;48.998;
21;1;7;1:51.102;0;;32.664;0;29.564;0;48.874;1;190.9;13:17.721;12:13:53.608;0:32.664;0:29.564;0:48.874;270.0;Daniel SCHNEIDER;;LMP2 Pro/Am;;United Autosports;Oreca;GF;32.664;29.564;48.874;
21;1;8;1:51.006;0;;32.400;0;29.417;0;49.189;0;191.0;15:08.727;12:15:44.614;0:32.400;0:29.417;0:49.189;270.0;Daniel SCHNEIDER;;LMP2 Pro/Am;;United Autosports;Oreca;GF;32.400;29.417;49.189;
21;1;9;1:52.972;0;;32.381;0;30.030;0;50.561;0;187.7;17:01.699;12:17:37.586;0:32.381;0:30.030;0:50.561;270.7;Daniel SCHNEIDER;;LMP2 Pro/Am;;United Autosports;Oreca;GF;32.381;30.030;50.561;
21;1;10;1:54.317;0;;33.651;0;31.394;0;49.272;0;185.5;18:56.016;12:19:31.903;0:33.651;0:31.394;0:49.272;270.0;Daniel SCHNEIDER;;LMP2 Pro/Am;;United Autosports;Oreca;GF;33.651;31.394;49.272;
21;1;11;1:56.463;0;;34.983;0;30.068;0;51.412;0;182.1;20:52.479;12:21:28.366;0:34.983;0:30.068;0:51.412;269.3;Daniel SCHNEIDER;;LMP2 Pro/Am;;United Autosports;Oreca;GF;34.983;30.068;51.412;
21;1;12;1:52.353;0;;32.707;0;30.564;0;49.082;0;188.8;22:44.832;12:23:20.719;0:32.707;0:30.564;0:49.082;272.0;Daniel SCHNEIDER;;LMP2 Pro/Am;;United Autosports;Oreca;GF;32.707;30.564;49.082;
21;1;13;1:51.159;0;;32.391;0;29.482;0;49.286;0;190.8;24:35.991;12:25:11.878;0:32.391;0:29.482;0:49.286;270.7;Daniel SCHNEIDER;;LMP2 Pro/Am;;United Autosports;Oreca;GF;32.391;29.482;49.286;
21;1;14;1:51.234;0;;32.419;0;29.560;0;49.255;0;190.7;26:27.225;12:27:03.112;0:32.419;0:29.560;0:49.255;271.4;Daniel SCHNEIDER;;LMP2 Pro/Am;;United Autosports;Oreca;GF;32.419;29.560;49.255;
21;1;15;1:52.402;0;;33.266;0;29.713;0;49.423;0;188.7;28:19.627;12:28:55.514;0:33.266;0:29.713;0:49.423;270.0;Daniel SCHNEIDER;;LMP2 Pro/Am;;United Autosports;Oreca;GF;33.266;29.713;49.423;
21;1;16;1:52.738;0;;32.629;0;30.140;0;49.969;0;188.1;30:12.365;12:30:48.252;0:32.629;0:30.140;0:49.969;272.0;Daniel SCHNEIDER;;LMP2 Pro/Am;;United Autosports;Oreca;GF;32.629;30.140;49.969;
21;1;17;1:51.713;0;;32.463;0;30.209;0;49.041;0;189.8;32:04.078;12:32:39.965;0:32.463;0:30.209;0:49.041;271.4;Daniel SCHNEIDER;;LMP2 Pro/Am;;United Autosports;Oreca;GF;32.463;30.209;49.041;
21;1;18;1:50.735;0;;32.233;1;29.126;1;49.376;0;191.5;33:54.813;12:34:30.700;0:32.233;0:29.126;0:49.376;272.0;Daniel SCHNEIDER;;LMP2 Pro/Am;;United Autosports;Oreca;GF;32.233;29.126;49.376;
21;1;19;1:53.959;0;;33.736;0;29.426;0;50.797;0;186.1;35:48.772;12:36:24.659;0:33.736;0:29.426;0:50.797;270.7;Daniel SCHNEIDER;;LMP2 Pro/Am;;United Autosports;Oreca;GF;33.736;29.426;50.797;
21;1;20;1:51.985;0;;32.583;0;29.148;0;50.254;0;189.4;37:40.757;12:38:16.644;0:32.583;0:29.148;0:50.254;270.0;Daniel SCHNEIDER;;LMP2 Pro/Am;;United Autosports;Oreca;GF;32.583;29.148;50.254;
21;1;21;1:58.972;0;B;35.487;0;29.651;0;53.834;0;178.3;39:39.729;12:40:15.616;0:35.487;0:29.651;0:53.834;268.0;Daniel SCHNEIDER;;LMP2 Pro/Am;;United Autosports;Oreca;GF;35.487;29.651;53.834;
21;1;22;2:43.169;0;;1:23.767;0;29.749;0;49.653;0;130.0;42:22.898;12:42:58.785;1:23.767;0:29.749;0:49.653;268.7;Daniel SCHNEIDER;0:00:52.615;LMP2 Pro/Am;;United Autosports;Oreca;GF;83.767;29.749;49.653;
21;1;23;1:54.149;0;;33.636;0;29.752;0;50.761;0;185.8;44:17.047;12:44:52.934;0:33.636;0:29.752;0:50.761;269.3;Daniel SCHNEIDER;;LMP2 Pro/Am;;United Autosports;Oreca;GF;33.636;29.752;50.761;
21;1;24;1:54.138;0;;33.061;0;31.324;0;49.753;0;185.8;46:11.185;12:46:47.072;0:33.061;0:31.324;0:49.753;271.4;Daniel SCHNEIDER;;LMP2 Pro/Am;;United Autosports;Oreca;GF;33.061;31.324;49.753;
21;1;25;1:52.931;0;;33.081;0;30.156;0;49.694;0;187.8;48:04.116;12:48:40.003;0:33.081;0:30.156;0:49.694;270.7;Daniel SCHNEIDER;;LMP2 Pro/Am;;United Autosports;Oreca;GF;33.081;30.156;49.694;
21;1;26;1:53.434;0;;34.656;0;29.473;0;49.305;0;187.0;49:57.550;12:50:33.437;0:34.656;0:29.473;0:49.305;268.0;Daniel SCHNEIDER;;LMP2 Pro/Am;;United Autosports;Oreca;GF;34.656;29.473;49.305;
21;1;27;1:53.689;0;;33.490;0;30.510;0;49.689;0;186.5;51:51.239;12:52:27.126;0:33.490;0:30.510;0:49.689;268.7;Daniel SCHNEIDER;;LMP2 Pro/Am;;United Autosports;Oreca;GF;33.490;30.510;49.689;
21;1;28;1:55.271;0;;35.107;0;29.750;0;50.414;0;184.0;53:46.510;12:54:22.397;0:35.107;0:29.750;0:50.414;269.3;Daniel SCHNEIDER;;LMP2 Pro/Am;;United Autosports;Oreca;GF;35.107;29.750;50.414;
21;1;29;1:51.521;0;;32.838;0;29.315;0;49.368;0;190.2;55:38.031;12:56:13.918;0:32.838;0:29.315;0:49.368;270.7;Daniel SCHNEIDER;;LMP2 Pro/Am;;United Autosports;Oreca;GF;32.838;29.315;49.368;
21;1;30;1:53.392;0;;33.519;0;29.936;0;49.937;0;187.0;57:31.423;12:58:07.310;0:33.519;0:29.936;0:49.937;270.7;Daniel SCHNEIDER;;LMP2 Pro/Am;;United Autosports;Oreca;GF;33.519;29.936;49.937;
21;1;31;1:53.235;0;;32.654;0;29.885;0;50.696;0;187.3;59:24.658;13:00:00.545;0:32.654;0:29.885;0:50.696;270.7;Daniel SCHNEIDER;;LMP2 Pro/Am;;United Autosports;Oreca;GF;32.654;29.885;50.696;
21;1;32;1:58.266;0;B;33.929;0;30.369;0;53.968;0;179.3;1:01:22.924;13:01:58.811;0:33.929;0:30.369;0:53.968;269.3;Daniel SCHNEIDER;;LMP2 Pro/Am;;United Autosports;Oreca;GF;33.929;30.369;53.968;
21;3;33;3:06.219;0;;1:47.880;0;29.695;0;48.644;0;113.9;1:04:29.143;13:05:05.030;1:47.880;0:29.695;0:48.644;264.1;Oliver JARVIS;0:01:15.599;LMP2 Pro/Am;;United Autosports;Oreca;GF;107.880;29.695;48.644;
21;3;34;1:48.595;2;;32.269;0;28.329;0;47.997;0;195.3;1:06:17.738;13:06:53.625;0:32.269;0:28.329;0:47.997;270.0;Oliver JARVIS;;LMP2 Pro/Am;;United Autosports;Oreca;GF;32.269;28.329;47.997;
21;3;35;1:49.714;0;;31.885;2;29.076;0;48.753;0;193.3;1:08:07.452;13:08:43.339;0:31.885;0:29.076;0:48.753;270.7;Oliver JARVIS;;LMP2 Pro/Am;;United Autosports;Oreca;GF;31.885;29.076;48.753;
21;3;36;1:49.012;0;;32.100;0;28.672;0;48.240;0;194.5;1:09:56.464;13:10:32.351;0:32.100;0:28.672;0:48.240;270.7;Oliver JARVIS;;LMP2 Pro/Am;;United Autosports;Oreca;GF;32.100;28.672;48.240;
21;3;37;1:48.873;0;;32.627;0;28.316;2;47.930;2;194.8;1:11:45.337;13:12:21.224;0:32.627;0:28.316;0:47.930;271.4;Oliver JARVIS;;LMP2 Pro/Am;;United Autosports;Oreca;GF;32.627;28.316;47.930;
21;3;38;1:50.237;0;;32.930;0;28.567;0;48.740;0;192.4;1:13:35.574;13:14:11.461;0:32.930;0:28.567;0:48.740;270.0;Oliver JARVIS;;LMP2 Pro/Am;;United Autosports;Oreca;GF;32.930;28.567;48.740;
21;3;39;1:50.567;0;;33.412;0;28.503;0;48.652;0;191.8;1:15:26.141;13:16:02.028;0:33.412;0:28.503;0:48.652;270.7;Oliver JARVIS;;LMP2 Pro/Am;;United Autosports;Oreca;GF;33.412;28.503;48.652;
21;3;40;1:51.227;0;;34.156;0;28.651;0;48.420;0;190.7;1:17:17.368;13:17:53.255;0:34.156;0:28.651;0:48.420;269.3;Oliver JARVIS;;LMP2 Pro/Am;;United Autosports;Oreca;GF;34.156;28.651;48.420;
21;3;41;2:03.278;0;;33.057;0;28.535;0;1:01.686;0;172.0;1:19:20.646;13:19:56.533;0:33.057;0:28.535;1:01.686;270.0;Oliver JARVIS;;LMP2 Pro/Am;;United Autosports;Oreca;FCY;33.057;28.535;61.686;
21;3;42;2:57.816;0;;1:31.104;0;33.891;0;52.821;0;119.3;1:22:18.462;13:22:54.349;1:31.104;0:33.891;0:52.821;;Oliver JARVIS;;LMP2 Pro/Am;;United Autosports;Oreca;GF;91.104;33.891;52.821;
21;3;43;2:12.941;0;;35.741;0;28.735;0;1:08.465;0;159.5;1:24:31.403;13:25:07.290;0:35.741;0:28.735;1:08.465;270.7;Oliver JARVIS;;LMP2 Pro/Am;;United Autosports;Oreca;GF;35.741;28.735;68.465;
21;3;44;4:25.653;0;B;1:31.358;0;1:07.702;0;1:46.593;0;79.8;1:28:57.056;13:29:32.943;1:31.358;1:07.702;1:46.593;;Oliver JARVIS;;LMP2 Pro/Am;;United Autosports;Oreca;GF;91.358;67.702;106.593;
21;3;45;4:56.734;0;;2:02.594;0;1:08.144;0;1:45.996;0;71.5;1:33:53.790;13:34:29.677;2:02.594;1:08.144;1:45.996;;Oliver JARVIS;0:00:47.580;LMP2 Pro/Am;;United Autosports;Oreca;GF;122.594;68.144;105.996;
21;3;46;2:52.698;0;;1:05.916;0;41.294;0;1:05.488;0;122.8;1:36:46.488;13:37:22.375;1:05.916;0:41.294;1:05.488;225.5;Oliver JARVIS;;LMP2 Pro/Am;;United Autosports;Oreca;SF;65.916;41.294;65.488;
21;3;47;3:17.290;0;;45.156;0;57.212;0;1:34.922;0;107.5;1:40:03.778;13:40:39.665;0:45.156;0:57.212;1:34.922;154.5;Oliver JARVIS;;LMP2 Pro/Am;;United Autosports;Oreca;SF;45.156;57.212;94.922;
21;3;48;4:05.796;0;;1:29.972;0;1:01.062;0;1:34.762;0;86.3;1:44:09.574;13:44:45.461;1:29.972;1:01.062;1:34.762;;Oliver JARVIS;;LMP2 Pro/Am;;United Autosports;Oreca;SF;89.972;61.062;94.762;
21;3;49;2:57.247;0;;53.725;0;51.025;0;1:12.497;0;119.6;1:47:06.821;13:47:42.708;0:53.725;0:51.025;1:12.497;168.2;Oliver JARVIS;;LMP2 Pro/Am;;United Autosports;Oreca;SF;53.725;51.025;72.497;
21;3;50;2:43.080;0;;47.406;0;46.406;0;1:09.268;0;130.0;1:49:49.901;13:50:25.788;0:47.406;0:46.406;1:09.268;169.0;Oliver JARVIS;;LMP2 Pro/Am;;United Autosports;Oreca;SF;47.406;46.406;69.268;
21;3;51;2:51.482;0;B;46.009;0;42.498;0;1:22.975;0;123.7;1:52:41.383;13:53:17.270;0:46.009;0:42.498;1:22.975;175.3;Oliver JARVIS;;LMP2 Pro/Am;;United Autosports;Oreca;SF;46.009;42.498;82.975;
21;3;52;3:20.261;0;;1:33.519;0;40.162;0;1:06.580;0;105.9;1:56:01.644;13:56:37.531;1:33.519;0:40.162;1:06.580;183.4;Oliver JARVIS;0:00:55.121;LMP2 Pro/Am;;United Autosports;Oreca;SF;93.519;40.162;66.580;
21;3;53;2:28.908;0;;44.808;0;39.753;0;1:04.347;0;142.4;1:58:30.552;13:59:06.439;0:44.808;0:39.753;1:04.347;226.9;Oliver JARVIS;;LMP2 Pro/Am;;United Autosports;Oreca;SF;44.808;39.753;64.347;
21;3;54;2:25.772;0;;42.242;0;38.641;0;1:04.889;0;145.5;2:00:56.324;14:01:32.211;0:42.242;0:38.641;1:04.889;223.6;Oliver JARVIS;;LMP2 Pro/Am;;United Autosports;Oreca;SF;42.242;38.641;64.889;
21;3;55;2:49.552;0;;49.967;0;45.706;0;1:13.879;0;125.1;2:03:45.876;14:04:21.763;0:49.967;0:45.706;1:13.879;138.6;Oliver JARVIS;;LMP2 Pro/Am;;United Autosports;Oreca;SF;49.967;45.706;73.879;
21;3;56;3:02.414;0;;56.649;0;49.245;0;1:16.520;0;116.3;2:06:48.290;14:07:24.177;0:56.649;0:49.245;1:16.520;123.7;Oliver JARVIS;;LMP2 Pro/Am;;United Autosports;Oreca;SF;56.649;49.245;76.520;
21;3;57;3:01.942;0;;51.110;0;45.552;0;1:25.280;0;116.6;2:09:50.232;14:10:26.119;0:51.110;0:45.552;1:25.280;162.7;Oliver JARVIS;;LMP2 Pro/Am;;United Autosports;Oreca;GF;51.110;45.552;85.280;
21;3;58;2:09.602;0;;38.269;0;35.056;0;56.277;0;163.6;2:11:59.834;14:12:35.721;0:38.269;0:35.056;0:56.277;259.0;Oliver JARVIS;;LMP2 Pro/Am;;United Autosports;Oreca;GF;38.269;35.056;56.277;
21;3;59;2:06.152;0;;36.278;0;34.068;0;55.806;0;168.1;2:14:05.986;14:14:41.873;0:36.278;0:34.068;0:55.806;266.7;Oliver JARVIS;;LMP2 Pro/Am;;United Autosports;Oreca;GF;36.278;34.068;55.806;
21;3;60;2:06.043;0;;36.833;0;33.983;0;55.227;0;168.3;2:16:12.029;14:16:47.916;0:36.833;0:33.983;0:55.227;266.0;Oliver JARVIS;;LMP2 Pro/Am;;United Autosports;Oreca;GF;36.833;33.983;55.227;
21;3;61;2:05.485;0;;36.227;0;33.490;0;55.768;0;169.0;2:18:17.514;14:18:53.401;0:36.227;0:33.490;0:55.768;266.7;Oliver JARVIS;;LMP2 Pro/Am;;United Autosports;Oreca;GF;36.227;33.490;55.768;
21;3;62;2:05.076;0;;35.923;0;33.412;0;55.741;0;169.6;2:20:22.590;14:20:58.477;0:35.923;0:33.412;0:55.741;266.0;Oliver JARVIS;;LMP2 Pro/Am;;United Autosports;Oreca;GF;35.923;33.412;55.741;
21;3;63;2:04.826;0;;35.763;0;33.459;0;55.604;0;169.9;2:22:27.416;14:23:03.303;0:35.763;0:33.459;0:55.604;265.4;Oliver JARVIS;;LMP2 Pro/Am;;United Autosports;Oreca;GF;35.763;33.459;55.604;
21;3;64;2:03.245;0;;35.490;0;33.140;0;54.615;0;172.1;2:24:30.661;14:25:06.548;0:35.490;0:33.140;0:54.615;266.0;Oliver JARVIS;;LMP2 Pro/Am;;United Autosports;Oreca;GF;35.490;33.140;54.615;
21;3;65;2:04.162;0;;35.883;0;32.973;0;55.306;0;170.8;2:26:34.823;14:27:10.710;0:35.883;0:32.973;0:55.306;266.7;Oliver JARVIS;;LMP2 Pro/Am;;United Autosports;Oreca;GF;35.883;32.973;55.306;
21;3;66;2:05.741;0;;36.403;0;33.548;0;55.790;0;168.7;2:28:40.564;14:29:16.451;0:36.403;0:33.548;0:55.790;267.3;Oliver JARVIS;;LMP2 Pro/Am;;United Autosports;Oreca;GF;36.403;33.548;55.790;
21;3;67;2:08.751;0;;36.983;0;34.627;0;57.141;0;164.7;2:30:49.315;14:31:25.202;0:36.983;0:34.627;0:57.141;266.7;Oliver JARVIS;;LMP2 Pro/Am;;United Autosports;Oreca;GF;36.983;34.627;57.141;
21;3;68;2:08.946;0;;37.496;0;34.841;0;56.609;0;164.5;2:32:58.261;14:33:34.148;0:37.496;0:34.841;0:56.609;266.7;Oliver JARVIS;;LMP2 Pro/Am;;United Autosports;Oreca;GF;37.496;34.841;56.609;
21;3;69;2:06.923;0;;36.694;0;34.127;0;56.102;0;167.1;2:35:05.184;14:35:41.071;0:36.694;0:34.127;0:56.102;266.0;Oliver JARVIS;;LMP2 Pro/Am;;United Autosports;Oreca;GF;36.694;34.127;56.102;
21;3;70;2:05.580;0;;36.607;0;33.346;0;55.627;0;168.9;2:37:10.764;14:37:46.651;0:36.607;0:33.346;0:55.627;266.0;Oliver JARVIS;;LMP2 Pro/Am;;United Autosports;Oreca;GF;36.607;33.346;55.627;
21;3;71;2:25.238;0;;37.126;0;34.542;0;1:13.570;0;146.0;2:39:36.002;14:40:11.889;0:37.126;0:34.542;1:13.570;266.7;Oliver JARVIS;;LMP2 Pro/Am;;United Autosports;Oreca;FCY;37.126;34.542;73.570;
21;3;72;4:27.177;0;;1:31.680;0;1:08.384;0;1:47.113;0;79.4;2:44:03.179;14:44:39.066;1:31.680;1:08.384;1:47.113;;Oliver JARVIS;;LMP2 Pro/Am;;United Autosports;Oreca;FCY;91.680;68.384;107.113;
21;3;73;2:57.798;0;B;1:17.790;0;37.177;0;1:02.831;0;119.3;2:47:00.977;14:47:36.864;1:17.790;0:37.177;1:02.831;243.2;Oliver JARVIS;;LMP2 Pro/Am;;United Autosports;Oreca;GF;77.790;37.177;62.831;
21;2;74;3:11.308;0;;1:39.957;0;34.987;0;56.364;0;110.9;2:50:12.285;14:50:48.172;1:39.957;0:34.987;0:56.364;262.1;Marino SATO;0:01:06.527;LMP2 Pro/Am;;United Autosports;Oreca;GF;99.957;34.987;56.364;
21;2;75;2:56.562;0;;37.502;0;35.460;0;1:43.600;0;120.1;2:53:08.847;14:53:44.734;0:37.502;0:35.460;1:43.600;244.3;Marino SATO;;LMP2 Pro/Am;;United Autosports;Oreca;FCY;37.502;35.460;103.600;
21;2;76;4:24.703;0;;1:31.349;0;1:07.803;0;1:45.551;0;80.1;2:57:33.550;14:58:09.437;1:31.349;1:07.803;1:45.551;;Marino SATO;;LMP2 Pro/Am;;United Autosports;Oreca;FCY;91.349;67.803;105.551;
21;2;77;3:28.358;0;;1:31.446;0;58.978;0;57.934;0;101.8;3:01:01.908;15:01:37.795;1:31.446;0:58.978;0:57.934;;Marino SATO;;LMP2 Pro/Am;;United Autosports;Oreca;GF;91.446;58.978;57.934;
21;2;78;2:08.906;0;;37.677;0;34.964;0;56.265;0;164.5;3:03:10.814;15:03:46.701;0:37.677;0:34.964;0:56.265;261.5;Marino SATO;;LMP2 Pro/Am;;United Autosports;Oreca;GF;37.677;34.964;56.265;
21;2;79;2:09.818;0;;37.719;0;35.296;0;56.803;0;163.4;3:05:20.632;15:05:56.519;0:37.719;0:35.296;0:56.803;263.4;Marino SATO;;LMP2 Pro/Am;;United Autosports;Oreca;GF;37.719;35.296;56.803;
21;2;80;2:07.520;0;;37.201;0;34.370;0;55.949;0;166.3;3:07:28.152;15:08:04.039;0:37.201;0:34.370;0:55.949;265.4;Marino SATO;;LMP2 Pro/Am;;United Autosports;Oreca;GF;37.201;34.370;55.949;
21;2;81;2:08.456;0;;38.467;0;34.573;0;55.416;0;165.1;3:09:36.608;15:10:12.495;0:38.467;0:34.573;0:55.416;264.1;Marino SATO;;LMP2 Pro/Am;;United Autosports;Oreca;GF;38.467;34.573;55.416;
21;2;82;2:07.152;0;;37.285;0;34.221;0;55.646;0;166.8;3:11:43.760;15:12:19.647;0:37.285;0:34.221;0:55.646;264.7;Marino SATO;;LMP2 Pro/Am;;United Autosports;Oreca;GF;37.285;34.221;55.646;
21;2;83;2:07.248;0;;37.048;0;34.138;0;56.062;0;166.7;3:13:51.008;15:14:26.895;0:37.048;0:34.138;0:56.062;266.0;Marino SATO;;LMP2 Pro/Am;;United Autosports;Oreca;GF;37.048;34.138;56.062;
21;2;84;2:06.515;0;;36.993;0;33.997;0;55.525;0;167.6;3:15:57.523;15:16:33.410;0:36.993;0:33.997;0:55.525;265.4;Marino SATO;;LMP2 Pro/Am;;United Autosports;Oreca;GF;36.993;33.997;55.525;
21;2;85;2:06.935;0;;37.112;0;34.536;0;55.287;0;167.1;3:18:04.458;15:18:40.345;0:37.112;0:34.536;0:55.287;266.0;Marino SATO;;LMP2 Pro/Am;;United Autosports;Oreca;GF;37.112;34.536;55.287;
21;2;86;2:06.605;0;;36.968;0;33.930;0;55.707;0;167.5;3:20:11.063;15:20:46.950;0:36.968;0:33.930;0:55.707;264.7;Marino SATO;;LMP2 Pro/Am;;United Autosports;Oreca;GF;36.968;33.930;55.707;
21;2;87;2:08.712;0;;36.933;0;34.339;0;57.440;0;164.8;3:22:19.775;15:22:55.662;0:36.933;0:34.339;0:57.440;265.4;Marino SATO;;LMP2 Pro/Am;;United Autosports;Oreca;GF;36.933;34.339;57.440;
21;2;88;2:07.231;0;;37.077;0;34.143;0;56.011;0;166.7;3:24:27.006;15:25:02.893;0:37.077;0:34.143;0:56.011;265.4;Marino SATO;;LMP2 Pro/Am;;United Autosports;Oreca;GF;37.077;34.143;56.011;
21;2;89;2:07.205;0;;36.980;0;34.352;0;55.873;0;166.7;3:26:34.211;15:27:10.098;0:36.980;0:34.352;0:55.873;266.7;Marino SATO;;LMP2 Pro/Am;;United Autosports;Oreca;GF;36.980;34.352;55.873;
21;2;90;2:08.577;0;;37.969;0;34.362;0;56.246;0;164.9;3:28:42.788;15:29:18.675;0:37.969;0:34.362;0:56.246;264.7;Marino SATO;;LMP2 Pro/Am;;United Autosports;Oreca;GF;37.969;34.362;56.246;
21;2;91;2:06.841;0;;37.113;0;33.956;0;55.772;0;167.2;3:30:49.629;15:31:25.516;0:37.113;0:33.956;0:55.772;266.7;Marino SATO;;LMP2 Pro/Am;;United Autosports;Oreca;GF;37.113;33.956;55.772;
21;2;92;2:08.163;0;;37.028;0;34.727;0;56.408;0;165.5;3:32:57.792;15:33:33.679;0:37.028;0:34.727;0:56.408;267.3;Marino SATO;;LMP2 Pro/Am;;United Autosports;Oreca;GF;37.028;34.727;56.408;
21;2;93;2:07.761;0;;36.983;0;34.619;0;56.159;0;166.0;3:35:05.553;15:35:41.440;0:36.983;0:34.619;0:56.159;266.0;Marino SATO;;LMP2 Pro/Am;;United Autosports;Oreca;GF;36.983;34.619;56.159;
21;2;94;2:07.626;0;;36.850;0;34.362;0;56.414;0;166.2;3:37:13.179;15:37:49.066;0:36.850;0:34.362;0:56.414;267.3;Marino SATO;;LMP2 Pro/Am;;United Autosports;Oreca;GF;36.850;34.362;56.414;
21;2;95;2:07.723;0;;36.847;0;34.702;0;56.174;0;166.0;3:39:20.902;15:39:56.789;0:36.847;0:34.702;0:56.174;268.7;Marino SATO;;LMP2 Pro/Am;;United Autosports;Oreca;GF;36.847;34.702;56.174;
21;2;96;2:05.978;0;;36.563;0;33.844;0;55.571;0;168.3;3:41:26.880;15:42:02.767;0:36.563;0:33.844;0:55.571;267.3;Marino SATO;;LMP2 Pro/Am;;United Autosports;Oreca;GF;36.563;33.844;55.571;
21;2;97;2:09.936;0;B;36.639;0;33.663;0;59.634;0;163.2;3:43:36.816;15:44:12.703;0:36.639;0:33.663;0:59.634;268.7;Marino SATO;;LMP2 Pro/Am;;United Autosports;Oreca;GF;36.639;33.663;59.634;
21;2;98;2:43.706;0;;1:13.601;0;33.878;0;56.227;0;129.5;3:46:20.522;15:46:56.409;1:13.601;0:33.878;0:56.227;268.0;Marino SATO;0:00:41.098;LMP2 Pro/Am;;United Autosports;Oreca;GF;73.601;33.878;56.227;
21;2;99;2:05.723;0;;36.493;0;33.780;0;55.450;0;168.7;3:48:26.245;15:49:02.132;0:36.493;0:33.780;0:55.450;268.0;Marino SATO;;LMP2 Pro/Am;;United Autosports;Oreca;GF;36.493;33.780;55.450;
21;2;100;2:07.128;0;;36.694;0;33.851;0;56.583;0;166.8;3:50:33.373;15:51:09.260;0:36.694;0:33.851;0:56.583;268.7;Marino SATO;;LMP2 Pro/Am;;United Autosports;Oreca;GF;36.694;33.851;56.583;
21;2;101;2:05.991;0;;36.701;0;33.846;0;55.444;0;168.3;3:52:39.364;15:53:15.251;0:36.701;0:33.846;0:55.444;268.0;Marino SATO;;LMP2 Pro/Am;;United Autosports;Oreca;GF;36.701;33.846;55.444;
21;2;102;2:05.036;0;;36.237;0;33.507;1;55.292;0;169.6;3:54:44.400;15:55:20.287;0:36.237;0:33.507;0:55.292;268.0;Marino SATO;;LMP2 Pro/Am;;United Autosports;Oreca;GF;36.237;33.507;55.292;
21;2;103;2:06.296;0;;36.633;0;34.493;0;55.170;0;167.9;3:56:50.696;15:57:26.583;0:36.633;0:34.493;0:55.170;268.7;Marino SATO;;LMP2 Pro/Am;;United Autosports;Oreca;GF;36.633;34.493;55.170;
21;2;104;2:05.942;0;;36.269;0;34.526;0;55.147;0;168.4;3:58:56.638;15:59:32.525;0:36.269;0:34.526;0:55.147;268.7;Marino SATO;;LMP2 Pro/Am;;United Autosports;Oreca;GF;36.269;34.526;55.147;
21;2;105;2:04.505;0;;35.824;1;33.788;0;54.893;1;170.3;4:01:01.143;16:01:37.030;0:35.824;0:33.788;0:54.893;269.3;Marino SATO;;LMP2 Pro/Am;;United Autosports;Oreca;FF;35.824;33.788;54.893;
22;1;1;1:54.455;0;;36.510;0;29.598;0;48.347;0;180.8;1:54.455;12:02:30.342;0:36.510;0:29.598;0:48.347;269.3;Griffin PEEBLES;;LMP2;;United Autosports;Oreca;GF;36.510;29.598;48.347;
22;1;2;1:49.337;0;;32.637;0;28.828;0;47.872;0;194.0;3:43.792;12:04:19.679;0:32.637;0:28.828;0:47.872;272.0;Griffin PEEBLES;;LMP2;;United Autosports;Oreca;GF;32.637;28.828;47.872;
22;1;3;1:48.258;0;;31.852;0;28.754;0;47.652;0;195.9;5:32.050;12:06:07.937;0:31.852;0:28.754;0:47.652;274.8;Griffin PEEBLES;;LMP2;;United Autosports;Oreca;GF;31.852;28.754;47.652;
22;1;4;1:47.241;0;;31.436;0;28.401;0;47.404;0;197.8;7:19.291;12:07:55.178;0:31.436;0:28.401;0:47.404;274.8;Griffin PEEBLES;;LMP2;;United Autosports;Oreca;GF;31.436;28.401;47.404;
22;1;5;1:46.758;0;;31.259;0;28.154;0;47.345;0;198.7;9:06.049;12:09:41.936;0:31.259;0:28.154;0:47.345;276.2;Griffin PEEBLES;;LMP2;;United Autosports;Oreca;GF;31.259;28.154;47.345;
22;1;6;1:47.586;0;;31.550;0;28.053;0;47.983;0;197.1;10:53.635;12:11:29.522;0:31.550;0:28.053;0:47.983;276.2;Griffin PEEBLES;;LMP2;;United Autosports;Oreca;GF;31.550;28.053;47.983;
22;1;7;1:49.055;0;;31.772;0;28.879;0;48.404;0;194.5;12:42.690;12:13:18.577;0:31.772;0:28.879;0:48.404;274.1;Griffin PEEBLES;;LMP2;;United Autosports;Oreca;GF;31.772;28.879;48.404;
22;1;8;1:51.095;0;;33.331;0;29.304;0;48.460;0;190.9;14:33.785;12:15:09.672;0:33.331;0:29.304;0:48.460;272.7;Griffin PEEBLES;;LMP2;;United Autosports;Oreca;GF;33.331;29.304;48.460;
22;1;9;1:47.437;0;;31.465;0;28.349;0;47.623;0;197.4;16:21.222;12:16:57.109;0:31.465;0:28.349;0:47.623;274.1;Griffin PEEBLES;;LMP2;;United Autosports;Oreca;GF;31.465;28.349;47.623;
22;1;10;1:48.326;0;;31.430;0;29.157;0;47.739;0;195.8;18:09.548;12:18:45.435;0:31.430;0:29.157;0:47.739;274.8;Griffin PEEBLES;;LMP2;;United Autosports;Oreca;GF;31.430;29.157;47.739;
22;1;11;1:47.903;0;;31.323;0;28.871;0;47.709;0;196.5;19:57.451;12:20:33.338;0:31.323;0:28.871;0:47.709;273.4;Griffin PEEBLES;;LMP2;;United Autosports;Oreca;GF;31.323;28.871;47.709;
22;1;12;1:47.864;0;;31.425;0;28.359;0;48.080;0;196.6;21:45.315;12:22:21.202;0:31.425;0:28.359;0:48.080;275.5;Griffin PEEBLES;;LMP2;;United Autosports;Oreca;GF;31.425;28.359;48.080;
22;1;13;1:47.130;0;;31.478;0;28.236;0;47.416;0;198.0;23:32.445;12:24:08.332;0:31.478;0:28.236;0:47.416;274.1;Griffin PEEBLES;;LMP2;;United Autosports;Oreca;GF;31.478;28.236;47.416;
22;1;14;1:47.622;0;;31.175;0;28.187;0;48.260;0;197.1;25:20.067;12:25:55.954;0:31.175;0:28.187;0:48.260;274.8;Griffin PEEBLES;;LMP2;;United Autosports;Oreca;GF;31.175;28.187;48.260;
22;1;15;1:50.125;0;;33.299;0;29.339;0;47.487;0;192.6;27:10.192;12:27:46.079;0:33.299;0:29.339;0:47.487;272.0;Griffin PEEBLES;;LMP2;;United Autosports;Oreca;GF;33.299;29.339;47.487;
22;1;16;1:50.213;0;;33.174;0;28.312;0;48.727;0;192.4;29:00.405;12:29:36.292;0:33.174;0:28.312;0:48.727;273.4;Griffin PEEBLES;;LMP2;;United Autosports;Oreca;GF;33.174;28.312;48.727;
22;1;17;1:48.244;0;;32.087;0;28.914;0;47.243;2;195.9;30:48.649;12:31:24.536;0:32.087;0:28.914;0:47.243;272.7;Griffin PEEBLES;;LMP2;;United Autosports;Oreca;GF;32.087;28.914;47.243;
22;1;18;1:46.528;2;;31.159;2;27.946;2;47.423;0;199.1;32:35.177;12:33:11.064;0:31.159;0:27.946;0:47.423;274.8;Griffin PEEBLES;;LMP2;;United Autosports;Oreca;GF;31.159;27.946;47.423;
22;1;19;1:49.547;0;;31.434;0;28.465;0;49.648;0;193.6;34:24.724;12:35:00.611;0:31.434;0:28.465;0:49.648;274.1;Griffin PEEBLES;;LMP2;;United Autosports;Oreca;GF;31.434;28.465;49.648;
22;1;20;1:47.453;0;;31.414;0;28.142;0;47.897;0;197.4;36:12.177;12:36:48.064;0:31.414;0:28.142;0:47.897;274.8;Griffin PEEBLES;;LMP2;;United Autosports;Oreca;GF;31.414;28.142;47.897;
22;1;21;1:53.568;0;B;32.066;0;29.414;0;52.088;0;186.7;38:05.745;12:38:41.632;0:32.066;0:29.414;0:52.088;270.7;Griffin PEEBLES;;LMP2;;United Autosports;Oreca;GF;32.066;29.414;52.088;
22;1;22;2:52.324;0;;1:35.646;0;28.636;0;48.042;0;123.1;40:58.069;12:41:33.956;1:35.646;0:28.636;0:48.042;270.7;Griffin PEEBLES;0:01:06.472;LMP2;;United Autosports;Oreca;GF;95.646;28.636;48.042;
22;1;23;1:47.597;0;;31.661;0;28.277;0;47.659;0;197.1;42:45.666;12:43:21.553;0:31.661;0:28.277;0:47.659;272.0;Griffin PEEBLES;;LMP2;;United Autosports;Oreca;GF;31.661;28.277;47.659;
22;1;24;1:47.923;0;;31.426;0;28.462;0;48.035;0;196.5;44:33.589;12:45:09.476;0:31.426;0:28.462;0:48.035;272.7;Griffin PEEBLES;;LMP2;;United Autosports;Oreca;GF;31.426;28.462;48.035;
22;1;25;1:48.991;0;;32.211;0;28.443;0;48.337;0;194.6;46:22.580;12:46:58.467;0:32.211;0:28.443;0:48.337;271.4;Griffin PEEBLES;;LMP2;;United Autosports;Oreca;GF;32.211;28.443;48.337;
22;1;26;1:49.071;0;;31.673;0;28.826;0;48.572;0;194.4;48:11.651;12:48:47.538;0:31.673;0:28.826;0:48.572;273.4;Griffin PEEBLES;;LMP2;;United Autosports;Oreca;GF;31.673;28.826;48.572;
22;1;27;1:50.036;0;;31.890;0;29.495;0;48.651;0;192.7;50:01.687;12:50:37.574;0:31.890;0:29.495;0:48.651;273.4;Griffin PEEBLES;;LMP2;;United Autosports;Oreca;GF;31.890;29.495;48.651;
22;1;28;1:49.965;0;;31.581;0;29.678;0;48.706;0;192.9;51:51.652;12:52:27.539;0:31.581;0:29.678;0:48.706;273.4;Griffin PEEBLES;;LMP2;;United Autosports;Oreca;GF;31.581;29.678;48.706;
22;1;29;1:50.091;0;;32.778;0;28.701;0;48.612;0;192.6;53:41.743;12:54:17.630;0:32.778;0:28.701;0:48.612;274.8;Griffin PEEBLES;;LMP2;;United Autosports;Oreca;GF;32.778;28.701;48.612;
22;1;30;1:48.716;0;;32.017;0;28.427;0;48.272;0;195.1;55:30.459;12:56:06.346;0:32.017;0:28.427;0:48.272;272.7;Griffin PEEBLES;;LMP2;;United Autosports;Oreca;GF;32.017;28.427;48.272;
22;1;31;1:48.421;0;;31.630;0;28.424;0;48.367;0;195.6;57:18.880;12:57:54.767;0:31.630;0:28.424;0:48.367;272.7;Griffin PEEBLES;;LMP2;;United Autosports;Oreca;GF;31.630;28.424;48.367;
22;1;32;1:50.791;0;;32.967;0;29.041;0;48.783;0;191.4;59:09.671;12:59:45.558;0:32.967;0:29.041;0:48.783;272.0;Griffin PEEBLES;;LMP2;;United Autosports;Oreca;GF;32.967;29.041;48.783;
22;1;33;1:52.872;0;B;31.495;0;28.852;0;52.525;0;187.9;1:01:02.543;13:01:38.430;0:31.495;0:28.852;0:52.525;274.1;Griffin PEEBLES;;LMP2;;United Autosports;Oreca;GF;31.495;28.852;52.525;
22;1;34;2:05.721;0;;49.075;0;28.519;0;48.127;0;168.7;1:03:08.264;13:03:44.151;0:49.075;0:28.519;0:48.127;272.0;Griffin PEEBLES;0:00:20.277;LMP2;;United Autosports;Oreca;GF;49.075;28.519;48.127;
22;1;35;1:49.573;0;;32.414;0;28.441;0;48.718;0;193.5;1:04:57.837;13:05:33.724;0:32.414;0:28.441;0:48.718;272.7;Griffin PEEBLES;;LMP2;;United Autosports;Oreca;GF;32.414;28.441;48.718;
22;1;36;1:48.802;0;;31.695;0;29.223;0;47.884;0;194.9;1:06:46.639;13:07:22.526;0:31.695;0:29.223;0:47.884;273.4;Griffin PEEBLES;;LMP2;;United Autosports;Oreca;GF;31.695;29.223;47.884;
22;1;37;1:48.198;0;;31.470;0;28.501;0;48.227;0;196.0;1:08:34.837;13:09:10.724;0:31.470;0:28.501;0:48.227;272.7;Griffin PEEBLES;;LMP2;;United Autosports;Oreca;GF;31.470;28.501;48.227;
22;1;38;1:48.591;0;;31.534;0;29.105;0;47.952;0;195.3;1:10:23.428;13:10:59.315;0:31.534;0:29.105;0:47.952;274.1;Griffin PEEBLES;;LMP2;;United Autosports;Oreca;GF;31.534;29.105;47.952;
22;1;39;1:51.298;0;;32.121;0;29.496;0;49.681;0;190.5;1:12:14.726;13:12:50.613;0:32.121;0:29.496;0:49.681;274.1;Griffin PEEBLES;;LMP2;;United Autosports;Oreca;GF;32.121;29.496;49.681;
22;1;40;1:51.636;0;;32.046;0;28.881;0;50.709;0;190.0;1:14:06.362;13:14:42.249;0:32.046;0:28.881;0:50.709;274.1;Griffin PEEBLES;;LMP2;;United Autosports;Oreca;GF;32.046;28.881;50.709;
22;1;41;1:55.415;0;B;33.984;0;28.748;0;52.683;0;183.8;1:16:01.777;13:16:37.664;0:33.984;0:28.748;0:52.683;273.4;Griffin PEEBLES;;LMP2;;United Autosports;Oreca;GF;33.984;28.748;52.683;
22;3;42;3:34.979;0;;1:55.052;0;30.261;0;1:09.666;0;98.6;1:19:36.756;13:20:12.643;1:55.052;0:30.261;1:09.666;262.8;Benjamin HANLEY;0:01:20.825;LMP2;;United Autosports;Oreca;FCY;115.052;30.261;69.666;
22;3;43;2:47.426;0;;1:24.369;0;30.030;0;53.027;1;126.7;1:22:24.182;13:23:00.069;1:24.369;0:30.030;0:53.027;216.0;Benjamin HANLEY;;LMP2;;United Autosports;Oreca;GF;84.369;30.030;53.027;
22;3;44;2:18.577;0;;37.387;0;29.513;1;1:11.677;0;153.0;1:24:42.759;13:25:18.646;0:37.387;0:29.513;1:11.677;270.0;Benjamin HANLEY;;LMP2;;United Autosports;Oreca;GF;37.387;29.513;71.677;
22;3;45;4:24.558;0;B;1:31.402;0;1:07.617;0;1:45.539;0;80.2;1:29:07.317;13:29:43.204;1:31.402;1:07.617;1:45.539;;Benjamin HANLEY;;LMP2;;United Autosports;Oreca;GF;91.402;67.617;105.539;
22;3;46;4:43.371;0;;1:48.434;0;1:08.529;0;1:46.408;0;74.8;1:33:50.688;13:34:26.575;1:48.434;1:08.529;1:46.408;;Benjamin HANLEY;0:00:33.277;LMP2;;United Autosports;Oreca;GF;108.434;68.529;106.408;
22;3;47;2:54.875;0;;59.885;0;47.526;0;1:07.464;0;121.3;1:36:45.563;13:37:21.450;0:59.885;0:47.526;1:07.464;146.1;Benjamin HANLEY;;LMP2;;United Autosports;Oreca;SF;59.885;47.526;67.464;
22;3;48;3:16.826;0;;44.611;0;57.619;0;1:34.596;0;107.7;1:40:02.389;13:40:38.276;0:44.611;0:57.619;1:34.596;159.1;Benjamin HANLEY;;LMP2;;United Autosports;Oreca;SF;44.611;57.619;94.596;
22;3;49;4:22.202;0;;1:30.626;0;1:00.911;0;1:50.665;0;80.9;1:44:24.591;13:45:00.478;1:30.626;1:00.911;1:50.665;;Benjamin HANLEY;;LMP2;;United Autosports;Oreca;SF;90.626;60.911;110.665;
22;3;50;4:07.300;0;;1:31.039;0;59.247;0;1:37.014;0;85.8;1:48:31.891;13:49:07.778;1:31.039;0:59.247;1:37.014;;Benjamin HANLEY;;LMP2;;United Autosports;Oreca;SF;91.039;59.247;97.014;
22;3;51;3:38.965;0;;1:18.177;0;54.226;0;1:26.562;0;96.9;1:52:10.856;13:52:46.743;1:18.177;0:54.226;1:26.562;147.3;Benjamin HANLEY;;LMP2;;United Autosports;Oreca;SF;78.177;54.226;86.562;
22;3;52;2:52.259;0;;54.071;0;45.330;0;1:12.858;0;123.1;1:55:03.115;13:55:39.002;0:54.071;0:45.330;1:12.858;155.6;Benjamin HANLEY;;LMP2;;United Autosports;Oreca;SF;54.071;45.330;72.858;
22;3;53;2:43.688;0;;49.123;0;41.150;0;1:13.415;0;129.6;1:57:46.803;13:58:22.690;0:49.123;0:41.150;1:13.415;189.8;Benjamin HANLEY;;LMP2;;United Autosports;Oreca;SF;49.123;41.150;73.415;
22;3;54;2:56.490;0;B;54.075;0;44.193;0;1:18.222;0;120.2;2:00:43.293;14:01:19.180;0:54.075;0:44.193;1:18.222;225.0;Benjamin HANLEY;;LMP2;;United Autosports;Oreca;SF;54.075;44.193;78.222;
22;3;55;3:11.919;0;;1:37.223;0;35.511;0;59.185;0;110.5;2:03:55.212;14:04:31.099;1:37.223;0:35.511;0:59.185;251.2;Benjamin HANLEY;0:01:00.233;LMP2;;United Autosports;Oreca;SF;97.223;35.511;59.185;
22;3;56;3:02.258;0;;56.911;0;48.064;0;1:17.283;0;116.4;2:06:57.470;14:07:33.357;0:56.911;0:48.064;1:17.283;129.8;Benjamin HANLEY;;LMP2;;United Autosports;Oreca;SF;56.911;48.064;77.283;
22;3;57;2:59.245;0;;49.516;0;47.350;0;1:22.379;0;118.3;2:09:56.715;14:10:32.602;0:49.516;0:47.350;1:22.379;186.5;Benjamin HANLEY;;LMP2;;United Autosports;Oreca;GF;49.516;47.350;82.379;
22;3;58;2:11.524;0;;37.368;0;37.690;0;56.466;0;161.2;2:12:08.239;14:12:44.126;0:37.368;0:37.690;0:56.466;265.4;Benjamin HANLEY;;LMP2;;United Autosports;Oreca;GF;37.368;37.690;56.466;
22;3;59;2:06.544;0;;36.203;0;35.243;0;55.098;0;167.6;2:14:14.783;14:14:50.670;0:36.203;0:35.243;0:55.098;266.7;Benjamin HANLEY;;LMP2;;United Autosports;Oreca;GF;36.203;35.243;55.098;
22;3;60;2:05.788;0;;36.758;0;33.361;0;55.669;0;168.6;2:16:20.571;14:16:56.458;0:36.758;0:33.361;0:55.669;266.7;Benjamin HANLEY;;LMP2;;United Autosports;Oreca;GF;36.758;33.361;55.669;
22;3;61;2:04.099;0;;36.168;0;33.084;0;54.847;0;170.9;2:18:24.670;14:19:00.557;0:36.168;0:33.084;0:54.847;266.0;Benjamin HANLEY;;LMP2;;United Autosports;Oreca;GF;36.168;33.084;54.847;
22;3;62;2:05.026;0;;36.917;0;33.215;0;54.894;0;169.6;2:20:29.696;14:21:05.583;0:36.917;0:33.215;0:54.894;265.4;Benjamin HANLEY;;LMP2;;United Autosports;Oreca;GF;36.917;33.215;54.894;
22;3;63;2:03.403;0;;35.454;0;33.199;0;54.750;0;171.9;2:22:33.099;14:23:08.986;0:35.454;0:33.199;0:54.750;268.7;Benjamin HANLEY;;LMP2;;United Autosports;Oreca;GF;35.454;33.199;54.750;
22;3;64;2:02.568;0;;35.394;1;32.909;0;54.265;0;173.0;2:24:35.667;14:25:11.554;0:35.394;0:32.909;0:54.265;266.0;Benjamin HANLEY;;LMP2;;United Autosports;Oreca;GF;35.394;32.909;54.265;
22;3;65;2:03.537;0;;35.724;0;33.207;0;54.606;0;171.7;2:26:39.204;14:27:15.091;0:35.724;0:33.207;0:54.606;267.3;Benjamin HANLEY;;LMP2;;United Autosports;Oreca;GF;35.724;33.207;54.606;
22;3;66;2:06.024;0;;36.488;0;33.506;0;56.030;0;168.3;2:28:45.228;14:29:21.115;0:36.488;0:33.506;0:56.030;267.3;Benjamin HANLEY;;LMP2;;United Autosports;Oreca;GF;36.488;33.506;56.030;
22;3;67;2:07.672;0;;37.500;0;34.768;0;55.404;0;166.1;2:30:52.900;14:31:28.787;0:37.500;0:34.768;0:55.404;265.4;Benjamin HANLEY;;LMP2;;United Autosports;Oreca;GF;37.500;34.768;55.404;
22;3;68;2:07.763;0;;37.559;0;33.304;0;56.900;0;166.0;2:33:00.663;14:33:36.550;0:37.559;0:33.304;0:56.900;267.3;Benjamin HANLEY;;LMP2;;United Autosports;Oreca;GF;37.559;33.304;56.900;
22;3;69;2:08.649;0;;37.736;0;34.329;0;56.584;0;164.8;2:35:09.312;14:35:45.199;0:37.736;0:34.329;0:56.584;265.4;Benjamin HANLEY;;LMP2;;United Autosports;Oreca;GF;37.736;34.329;56.584;
22;3;70;2:08.653;0;;37.479;0;34.875;0;56.299;0;164.8;2:37:17.965;14:37:53.852;0:37.479;0:34.875;0:56.299;266.7;Benjamin HANLEY;;LMP2;;United Autosports;Oreca;GF;37.479;34.875;56.299;
22;3;71;2:40.950;0;;37.362;0;34.654;0;1:28.934;0;131.8;2:39:58.915;14:40:34.802;0:37.362;0:34.654;1:28.934;265.4;Benjamin HANLEY;;LMP2;;United Autosports;Oreca;FCY;37.362;34.654;88.934;
22;3;72;4:26.955;0;;1:32.427;0;1:08.421;0;1:46.107;0;79.4;2:44:25.870;14:45:01.757;1:32.427;1:08.421;1:46.107;;Benjamin HANLEY;;LMP2;;United Autosports;Oreca;FCY;92.427;68.421;106.107;
22;3;73;2:42.915;0;;1:09.076;0;36.214;0;57.625;0;130.2;2:47:08.785;14:47:44.672;1:09.076;0:36.214;0:57.625;257.1;Benjamin HANLEY;;LMP2;;United Autosports;Oreca;GF;69.076;36.214;57.625;
22;3;74;2:09.192;0;;37.595;0;34.609;0;56.988;0;164.2;2:49:17.977;14:49:53.864;0:37.595;0:34.609;0:56.988;264.7;Benjamin HANLEY;;LMP2;;United Autosports;Oreca;GF;37.595;34.609;56.988;
22;3;75;2:13.604;0;;37.654;0;34.791;0;1:01.159;0;158.7;2:51:31.581;14:52:07.468;0:37.654;0:34.791;1:01.159;265.4;Benjamin HANLEY;;LMP2;;United Autosports;Oreca;FCY;37.654;34.791;61.159;
22;3;76;4:26.599;0;;1:31.893;0;1:08.377;0;1:46.329;0;79.5;2:55:58.180;14:56:34.067;1:31.893;1:08.377;1:46.329;;Benjamin HANLEY;;LMP2;;United Autosports;Oreca;FCY;91.893;68.377;106.329;
22;3;77;4:21.130;0;B;1:32.035;0;1:09.028;0;1:40.067;0;81.2;3:00:19.310;15:00:55.197;1:32.035;1:09.028;1:40.067;;Benjamin HANLEY;;LMP2;;United Autosports;Oreca;GF;92.035;69.028;100.067;
22;2;78;3:11.018;0;;1:37.809;0;35.670;0;57.539;0;111.0;3:03:30.328;15:04:06.215;1:37.809;0:35.670;0:57.539;260.9;Grégoire SAUCY;0:01:03.048;LMP2;;United Autosports;Oreca;GF;97.809;35.670;57.539;
22;2;79;2:09.769;0;;37.681;0;34.991;0;57.097;0;163.4;3:05:40.097;15:06:15.984;0:37.681;0:34.991;0:57.097;264.1;Grégoire SAUCY;;LMP2;;United Autosports;Oreca;GF;37.681;34.991;57.097;
22;2;80;2:08.619;0;;37.828;0;34.857;0;55.934;0;164.9;3:07:48.716;15:08:24.603;0:37.828;0:34.857;0:55.934;267.3;Grégoire SAUCY;;LMP2;;United Autosports;Oreca;GF;37.828;34.857;55.934;
22;2;81;2:07.535;0;;36.970;0;34.372;0;56.193;0;166.3;3:09:56.251;15:10:32.138;0:36.970;0:34.372;0:56.193;265.4;Grégoire SAUCY;;LMP2;;United Autosports;Oreca;GF;36.970;34.372;56.193;
22;2;82;2:06.939;0;;36.603;0;34.045;0;56.291;0;167.1;3:12:03.190;15:12:39.077;0:36.603;0:34.045;0:56.291;266.7;Grégoire SAUCY;;LMP2;;United Autosports;Oreca;GF;36.603;34.045;56.291;
22;2;83;2:06.512;0;;36.652;0;33.617;0;56.243;0;167.6;3:14:09.702;15:14:45.589;0:36.652;0:33.617;0:56.243;266.7;Grégoire SAUCY;;LMP2;;United Autosports;Oreca;GF;36.652;33.617;56.243;
22;2;84;2:06.392;0;;36.675;0;33.530;0;56.187;0;167.8;3:16:16.094;15:16:51.981;0:36.675;0:33.530;0:56.187;266.0;Grégoire SAUCY;;LMP2;;United Autosports;Oreca;GF;36.675;33.530;56.187;
22;2;85;2:07.145;0;;37.322;0;33.698;0;56.125;0;166.8;3:18:23.239;15:18:59.126;0:37.322;0:33.698;0:56.125;266.7;Grégoire SAUCY;;LMP2;;United Autosports;Oreca;GF;37.322;33.698;56.125;
22;2;86;2:06.978;0;;36.676;0;33.777;0;56.525;0;167.0;3:20:30.217;15:21:06.104;0:36.676;0:33.777;0:56.525;268.0;Grégoire SAUCY;;LMP2;;United Autosports;Oreca;GF;36.676;33.777;56.525;
22;2;87;2:08.385;0;;37.520;0;33.942;0;56.923;0;165.2;3:22:38.602;15:23:14.489;0:37.520;0:33.942;0:56.923;268.0;Grégoire SAUCY;;LMP2;;United Autosports;Oreca;GF;37.520;33.942;56.923;
22;2;88;2:07.734;0;;37.542;0;33.814;0;56.378;0;166.0;3:24:46.336;15:25:22.223;0:37.542;0:33.814;0:56.378;269.3;Grégoire SAUCY;;LMP2;;United Autosports;Oreca;GF;37.542;33.814;56.378;
22;2;89;2:08.806;0;;37.441;0;34.443;0;56.922;0;164.6;3:26:55.142;15:27:31.029;0:37.441;0:34.443;0:56.922;266.7;Grégoire SAUCY;;LMP2;;United Autosports;Oreca;GF;37.441;34.443;56.922;
22;2;90;2:06.600;0;;36.876;0;33.924;0;55.800;0;167.5;3:29:01.742;15:29:37.629;0:36.876;0:33.924;0:55.800;269.3;Grégoire SAUCY;;LMP2;;United Autosports;Oreca;GF;36.876;33.924;55.800;
22;2;91;2:06.792;0;;36.696;0;33.868;0;56.228;0;167.3;3:31:08.534;15:31:44.421;0:36.696;0:33.868;0:56.228;266.7;Grégoire SAUCY;;LMP2;;United Autosports;Oreca;GF;36.696;33.868;56.228;
22;2;92;2:06.274;0;;36.597;0;33.641;0;56.036;0;167.9;3:33:14.808;15:33:50.695;0:36.597;0:33.641;0:56.036;266.7;Grégoire SAUCY;;LMP2;;United Autosports;Oreca;GF;36.597;33.641;56.036;
22;2;93;2:06.051;0;;36.528;0;33.574;0;55.949;0;168.2;3:35:20.859;15:35:56.746;0:36.528;0:33.574;0:55.949;267.3;Grégoire SAUCY;;LMP2;;United Autosports;Oreca;GF;36.528;33.574;55.949;
22;2;94;2:06.722;0;;37.029;0;33.567;0;56.126;0;167.4;3:37:27.581;15:38:03.468;0:37.029;0:33.567;0:56.126;267.3;Grégoire SAUCY;;LMP2;;United Autosports;Oreca;GF;37.029;33.567;56.126;
22;2;95;2:06.011;0;;36.378;0;33.329;0;56.304;0;168.3;3:39:33.592;15:40:09.479;0:36.378;0:33.329;0:56.304;266.0;Grégoire SAUCY;;LMP2;;United Autosports;Oreca;GF;36.378;33.329;56.304;
22;2;96;2:06.764;0;;36.571;0;34.089;0;56.104;0;167.3;3:41:40.356;15:42:16.243;0:36.571;0:34.089;0:56.104;270.7;Grégoire SAUCY;;LMP2;;United Autosports;Oreca;GF;36.571;34.089;56.104;
22;2;97;2:04.962;0;;36.341;0;33.282;0;55.339;0;169.7;3:43:45.318;15:44:21.205;0:36.341;0:33.282;0:55.339;269.3;Grégoire SAUCY;;LMP2;;United Autosports;Oreca;GF;36.341;33.282;55.339;
22;2;98;2:05.700;0;;36.359;0;33.570;0;55.771;0;168.7;3:45:51.018;15:46:26.905;0:36.359;0:33.570;0:55.771;270.7;Grégoire SAUCY;;LMP2;;United Autosports;Oreca;GF;36.359;33.570;55.771;
22;2;99;2:10.354;0;B;36.480;0;33.237;0;1:00.637;0;162.7;3:48:01.372;15:48:37.259;0:36.480;0:33.237;1:00.637;270.0;Grégoire SAUCY;;LMP2;;United Autosports;Oreca;GF;36.480;33.237;60.637;
22;2;100;2:36.652;0;;1:08.961;0;32.771;1;54.920;1;135.4;3:50:38.024;15:51:13.911;1:08.961;0:32.771;0:54.920;268.0;Grégoire SAUCY;0:00:36.669;LMP2;;United Autosports;Oreca;GF;68.961;32.771;54.920;
22;2;101;2:06.776;0;;37.821;0;33.287;0;55.668;0;167.3;3:52:44.800;15:53:20.687;0:37.821;0:33.287;0:55.668;269.3;Grégoire SAUCY;;LMP2;;United Autosports;Oreca;GF;37.821;33.287;55.668;
22;2;102;2:04.722;0;;36.429;0;33.078;0;55.215;0;170.0;3:54:49.522;15:55:25.409;0:36.429;0:33.078;0:55.215;269.3;Grégoire SAUCY;;LMP2;;United Autosports;Oreca;GF;36.429;33.078;55.215;
22;2;103;2:05.682;0;;36.201;0;33.525;0;55.956;0;168.7;3:56:55.204;15:57:31.091;0:36.201;0:33.525;0:55.956;269.3;Grégoire SAUCY;;LMP2;;United Autosports;Oreca;GF;36.201;33.525;55.956;
22;2;104;2:06.266;0;;36.366;0;33.277;0;56.623;0;168.0;3:59:01.470;15:59:37.357;0:36.366;0:33.277;0:56.623;268.7;Grégoire SAUCY;;LMP2;;United Autosports;Oreca;GF;36.366;33.277;56.623;
22;2;105;2:05.628;0;;36.178;1;33.071;0;56.379;0;168.8;4:01:07.098;16:01:42.985;0:36.178;0:33.071;0:56.379;269.3;Grégoire SAUCY;;LMP2;;United Autosports;Oreca;FF;36.178;33.071;56.379;
23;1;1;2:22.518;0;;52.578;0;34.979;0;54.961;0;145.2;2:22.518;12:02:58.405;0:52.578;0:34.979;0:54.961;238.4;Michael BIRCH;;LMGT3;;United Autosports;McLaren;GF;52.578;34.979;54.961;
23;1;2;2:06.503;0;;37.591;0;33.412;0;55.500;0;167.6;4:29.021;12:05:04.908;0:37.591;0:33.412;0:55.500;242.2;Michael BIRCH;;LMGT3;;United Autosports;McLaren;GF;37.591;33.412;55.500;
23;1;3;2:04.286;2;;37.316;2;32.915;0;54.055;2;170.6;6:33.307;12:07:09.194;0:37.316;0:32.915;0:54.055;241.1;Michael BIRCH;;LMGT3;;United Autosports;McLaren;GF;37.316;32.915;54.055;
23;1;4;2:05.413;0;;37.392;0;32.641;0;55.380;0;169.1;8:38.720;12:09:14.607;0:37.392;0:32.641;0:55.380;238.4;Michael BIRCH;;LMGT3;;United Autosports;McLaren;GF;37.392;32.641;55.380;
23;1;5;2:04.606;0;;37.644;0;32.531;2;54.431;0;170.2;10:43.326;12:11:19.213;0:37.644;0:32.531;0:54.431;237.9;Michael BIRCH;;LMGT3;;United Autosports;McLaren;GF;37.644;32.531;54.431;
23;1;6;2:05.740;0;;37.904;0;32.787;0;55.049;0;168.7;12:49.066;12:13:24.953;0:37.904;0:32.787;0:55.049;237.9;Michael BIRCH;;LMGT3;;United Autosports;McLaren;GF;37.904;32.787;55.049;
23;1;7;2:06.504;0;;37.645;0;33.544;0;55.315;0;167.6;14:55.570;12:15:31.457;0:37.645;0:33.544;0:55.315;236.8;Michael BIRCH;;LMGT3;;United Autosports;McLaren;GF;37.645;33.544;55.315;
23;1;8;2:05.068;0;;37.805;0;32.807;0;54.456;0;169.6;17:00.638;12:17:36.525;0:37.805;0:32.807;0:54.456;237.9;Michael BIRCH;;LMGT3;;United Autosports;McLaren;GF;37.805;32.807;54.456;
23;1;9;2:05.710;0;;37.954;0;33.269;0;54.487;0;168.7;19:06.348;12:19:42.235;0:37.954;0:33.269;0:54.487;237.9;Michael BIRCH;;LMGT3;;United Autosports;McLaren;GF;37.954;33.269;54.487;
23;1;10;2:04.546;0;;37.447;0;32.596;0;54.503;0;170.3;21:10.894;12:21:46.781;0:37.447;0:32.596;0:54.503;235.3;Michael BIRCH;;LMGT3;;United Autosports;McLaren;GF;37.447;32.596;54.503;
23;1;11;2:06.281;0;;39.009;0;32.729;0;54.543;0;167.9;23:17.175;12:23:53.062;0:39.009;0:32.729;0:54.543;237.4;Michael BIRCH;;LMGT3;;United Autosports;McLaren;GF;39.009;32.729;54.543;
23;1;12;2:06.846;0;;37.934;0;33.332;0;55.580;0;167.2;25:24.021;12:25:59.908;0:37.934;0:33.332;0:55.580;234.8;Michael BIRCH;;LMGT3;;United Autosports;McLaren;GF;37.934;33.332;55.580;
23;1;13;2:05.317;0;;37.912;0;32.923;0;54.482;0;169.2;27:29.338;12:28:05.225;0:37.912;0:32.923;0:54.482;232.8;Michael BIRCH;;LMGT3;;United Autosports;McLaren;GF;37.912;32.923;54.482;
23;1;14;2:08.162;0;;38.070;0;34.765;0;55.327;0;165.5;29:37.500;12:30:13.387;0:38.070;0:34.765;0:55.327;236.8;Michael BIRCH;;LMGT3;;United Autosports;McLaren;GF;38.070;34.765;55.327;
23;1;15;2:06.559;0;;38.758;0;32.911;0;54.890;0;167.6;31:44.059;12:32:19.946;0:38.758;0:32.911;0:54.890;237.4;Michael BIRCH;;LMGT3;;United Autosports;McLaren;GF;38.758;32.911;54.890;
23;1;16;2:06.550;0;;37.746;0;33.141;0;55.663;0;167.6;33:50.609;12:34:26.496;0:37.746;0:33.141;0:55.663;236.3;Michael BIRCH;;LMGT3;;United Autosports;McLaren;GF;37.746;33.141;55.663;
23;1;17;2:08.594;0;;39.617;0;33.631;0;55.346;0;164.9;35:59.203;12:36:35.090;0:39.617;0:33.631;0:55.346;236.3;Michael BIRCH;;LMGT3;;United Autosports;McLaren;GF;39.617;33.631;55.346;
23;1;18;2:06.290;0;;38.066;0;32.961;0;55.263;0;167.9;38:05.493;12:38:41.380;0:38.066;0:32.961;0:55.263;235.8;Michael BIRCH;;LMGT3;;United Autosports;McLaren;GF;38.066;32.961;55.263;
23;1;19;2:08.048;0;;38.570;0;33.727;0;55.751;0;165.6;40:13.541;12:40:49.428;0:38.570;0:33.727;0:55.751;236.3;Michael BIRCH;;LMGT3;;United Autosports;McLaren;GF;38.570;33.727;55.751;
23;1;20;2:07.412;0;;38.704;0;33.165;0;55.543;0;166.4;42:20.953;12:42:56.840;0:38.704;0:33.165;0:55.543;237.9;Michael BIRCH;;LMGT3;;United Autosports;McLaren;GF;38.704;33.165;55.543;
23;1;21;2:06.900;0;;38.476;0;33.270;0;55.154;0;167.1;44:27.853;12:45:03.740;0:38.476;0:33.270;0:55.154;236.3;Michael BIRCH;;LMGT3;;United Autosports;McLaren;GF;38.476;33.270;55.154;
23;1;22;2:07.632;0;;38.132;0;33.635;0;55.865;0;166.2;46:35.485;12:47:11.372;0:38.132;0:33.635;0:55.865;235.8;Michael BIRCH;;LMGT3;;United Autosports;McLaren;GF;38.132;33.635;55.865;
23;1;23;2:05.601;0;;37.627;0;33.095;0;54.879;0;168.8;48:41.086;12:49:16.973;0:37.627;0:33.095;0:54.879;237.4;Michael BIRCH;;LMGT3;;United Autosports;McLaren;GF;37.627;33.095;54.879;
23;1;24;2:07.157;0;;38.110;0;32.925;0;56.122;0;166.8;50:48.243;12:51:24.130;0:38.110;0:32.925;0:56.122;237.4;Michael BIRCH;;LMGT3;;United Autosports;McLaren;GF;38.110;32.925;56.122;
23;1;25;2:06.339;0;;38.274;0;33.189;0;54.876;0;167.9;52:54.582;12:53:30.469;0:38.274;0:33.189;0:54.876;238.4;Michael BIRCH;;LMGT3;;United Autosports;McLaren;GF;38.274;33.189;54.876;
23;1;26;2:06.395;0;;37.924;0;32.974;0;55.497;0;167.8;55:00.977;12:55:36.864;0:37.924;0:32.974;0:55.497;237.9;Michael BIRCH;;LMGT3;;United Autosports;McLaren;GF;37.924;32.974;55.497;
23;1;27;2:08.009;0;;38.633;0;33.727;0;55.649;0;165.7;57:08.986;12:57:44.873;0:38.633;0:33.727;0:55.649;236.3;Michael BIRCH;;LMGT3;;United Autosports;McLaren;GF;38.633;33.727;55.649;
23;1;28;2:48.094;0;B;38.244;0;33.351;0;1:36.499;0;126.2;59:57.080;13:00:32.967;0:38.244;0:33.351;1:36.499;236.8;Michael BIRCH;;LMGT3;;United Autosports;McLaren;GF;38.244;33.351;96.499;
23;1;29;3:16.561;0;;1:48.228;0;33.534;0;54.799;0;107.9;1:03:13.641;13:03:49.528;1:48.228;0:33.534;0:54.799;233.8;Michael BIRCH;0:01:11.126;LMGT3;;United Autosports;McLaren;GF;108.228;33.534;54.799;
23;1;30;2:05.211;0;;37.690;0;32.809;0;54.712;0;169.4;1:05:18.852;13:05:54.739;0:37.690;0:32.809;0:54.712;236.8;Michael BIRCH;;LMGT3;;United Autosports;McLaren;GF;37.690;32.809;54.712;
23;1;31;2:04.603;0;;37.461;0;32.778;0;54.364;0;170.2;1:07:23.455;13:07:59.342;0:37.461;0:32.778;0:54.364;235.3;Michael BIRCH;;LMGT3;;United Autosports;McLaren;GF;37.461;32.778;54.364;
23;1;32;2:04.787;0;;37.424;0;33.077;0;54.286;0;170.0;1:09:28.242;13:10:04.129;0:37.424;0:33.077;0:54.286;236.3;Michael BIRCH;;LMGT3;;United Autosports;McLaren;GF;37.424;33.077;54.286;
23;1;33;2:08.427;0;;37.504;0;34.566;0;56.357;0;165.1;1:11:36.669;13:12:12.556;0:37.504;0:34.566;0:56.357;235.8;Michael BIRCH;;LMGT3;;United Autosports;McLaren;GF;37.504;34.566;56.357;
23;1;34;2:05.280;0;;37.830;0;33.094;0;54.356;0;169.3;1:13:41.949;13:14:17.836;0:37.830;0:33.094;0:54.356;236.8;Michael BIRCH;;LMGT3;;United Autosports;McLaren;GF;37.830;33.094;54.356;
23;1;35;2:07.756;0;;39.438;0;33.275;0;55.043;0;166.0;1:15:49.705;13:16:25.592;0:39.438;0:33.275;0:55.043;236.8;Michael BIRCH;;LMGT3;;United Autosports;McLaren;GF;39.438;33.275;55.043;
23;1;36;2:11.010;0;;40.765;0;34.619;0;55.626;0;161.9;1:18:00.715;13:18:36.602;0:40.765;0:34.619;0:55.626;220.4;Michael BIRCH;;LMGT3;;United Autosports;McLaren;GF;40.765;34.619;55.626;
23;1;37;3:03.620;0;;38.061;0;50.624;0;1:34.935;0;115.5;1:21:04.335;13:21:40.222;0:38.061;0:50.624;1:34.935;233.8;Michael BIRCH;;LMGT3;;United Autosports;McLaren;GF;38.061;50.624;94.935;
23;1;38;2:08.493;0;;37.714;0;32.897;0;57.882;0;165.0;1:23:12.828;13:23:48.715;0:37.714;0:32.897;0:57.882;238.9;Michael BIRCH;;LMGT3;;United Autosports;McLaren;GF;37.714;32.897;57.882;
23;1;39;3:19.591;0;;42.156;0;51.545;0;1:45.890;0;106.3;1:26:32.419;13:27:08.306;0:42.156;0:51.545;1:45.890;236.3;Michael BIRCH;;LMGT3;;United Autosports;McLaren;GF;42.156;51.545;105.890;
23;1;40;4:23.480;0;;1:30.995;0;1:07.316;0;1:45.169;0;80.5;1:30:55.899;13:31:31.786;1:30.995;1:07.316;1:45.169;;Michael BIRCH;;LMGT3;;United Autosports;McLaren;GF;90.995;67.316;105.169;
23;1;41;4:05.543;0;;1:31.019;0;1:08.583;0;1:25.941;0;86.4;1:35:01.442;13:35:37.329;1:31.019;1:08.583;1:25.941;;Michael BIRCH;;LMGT3;;United Autosports;McLaren;SF;91.019;68.583;85.941;
23;1;42;2:30.000;0;;45.444;0;41.546;0;1:03.010;0;141.4;1:37:31.442;13:38:07.329;0:45.444;0:41.546;1:03.010;185.9;Michael BIRCH;;LMGT3;;United Autosports;McLaren;SF;45.444;41.546;63.010;
23;1;43;2:56.680;0;;42.032;0;41.819;0;1:32.829;0;120.0;1:40:28.122;13:41:04.009;0:42.032;0:41.819;1:32.829;223.1;Michael BIRCH;;LMGT3;;United Autosports;McLaren;SF;42.032;41.819;92.829;
23;1;44;4:15.315;0;;1:28.672;0;57.520;0;1:49.123;0;83.1;1:44:43.437;13:45:19.324;1:28.672;0:57.520;1:49.123;;Michael BIRCH;;LMGT3;;United Autosports;McLaren;SF;88.672;57.520;109.123;
23;1;45;4:06.279;0;;1:30.055;0;57.706;0;1:38.518;0;86.1;1:48:49.716;13:49:25.603;1:30.055;0:57.706;1:38.518;;Michael BIRCH;;LMGT3;;United Autosports;McLaren;SF;90.055;57.706;98.518;
23;1;46;3:40.276;0;B;1:19.887;0;51.561;0;1:28.828;0;96.3;1:52:29.992;13:53:05.879;1:19.887;0:51.561;1:28.828;;Michael BIRCH;;LMGT3;;United Autosports;McLaren;SF;79.887;51.561;88.828;
23;3;47;3:55.013;0;;2:03.701;0;41.358;0;1:09.954;0;90.2;1:56:25.005;13:57:00.892;2:03.701;0:41.358;1:09.954;228.8;Wayne BOYD;0:01:21.908;LMGT3;;United Autosports;McLaren;SF;123.701;41.358;69.954;
23;3;48;2:47.263;0;;49.846;0;43.685;0;1:13.732;0;126.8;1:59:12.268;13:59:48.155;0:49.846;0:43.685;1:13.732;221.3;Wayne BOYD;;LMGT3;;United Autosports;McLaren;SF;49.846;43.685;73.732;
23;3;49;2:43.847;0;;50.196;0;45.368;0;1:08.283;0;129.4;2:01:56.115;14:02:32.002;0:50.196;0:45.368;1:08.283;207.7;Wayne BOYD;;LMGT3;;United Autosports;McLaren;SF;50.196;45.368;68.283;
23;3;50;2:39.920;0;B;46.070;0;41.300;0;1:12.550;0;132.6;2:04:36.035;14:05:11.922;0:46.070;0:41.300;1:12.550;229.3;Wayne BOYD;;LMGT3;;United Autosports;McLaren;SF;46.070;41.300;72.550;
23;3;51;3:01.602;0;;1:24.523;0;36.822;0;1:00.257;0;116.8;2:07:37.637;14:08:13.524;1:24.523;0:36.822;1:00.257;233.3;Wayne BOYD;0:00:47.071;LMGT3;;United Autosports;McLaren;SF;84.523;36.822;60.257;
23;3;52;2:26.719;0;;40.772;1;36.474;0;1:09.473;0;144.5;2:10:04.356;14:10:40.243;0:40.772;0:36.474;1:09.473;234.3;Wayne BOYD;;LMGT3;;United Autosports;McLaren;GF;40.772;36.474;69.473;
23;3;53;2:21.269;0;;41.687;0;38.588;0;1:00.994;0;150.1;2:12:25.625;14:13:01.512;0:41.687;0:38.588;1:00.994;237.4;Wayne BOYD;;LMGT3;;United Autosports;McLaren;GF;41.687;38.588;60.994;
23;3;54;2:20.303;0;;41.493;0;38.543;0;1:00.267;0;151.2;2:14:45.928;14:15:21.815;0:41.493;0:38.543;1:00.267;239.5;Wayne BOYD;;LMGT3;;United Autosports;McLaren;GF;41.493;38.543;60.267;
23;3;55;2:17.698;0;;41.316;0;36.485;0;59.897;0;154.0;2:17:03.626;14:17:39.513;0:41.316;0:36.485;0:59.897;232.3;Wayne BOYD;;LMGT3;;United Autosports;McLaren;GF;41.316;36.485;59.897;
23;3;56;2:17.775;0;;41.328;0;36.357;1;1:00.090;0;153.9;2:19:21.401;14:19:57.288;0:41.328;0:36.357;1:00.090;232.8;Wayne BOYD;;LMGT3;;United Autosports;McLaren;GF;41.328;36.357;60.090;
23;3;57;2:17.412;0;;41.071;0;36.635;0;59.706;0;154.3;2:21:38.813;14:22:14.700;0:41.071;0:36.635;0:59.706;232.8;Wayne BOYD;;LMGT3;;United Autosports;McLaren;GF;41.071;36.635;59.706;
23;3;58;2:16.956;0;;40.840;0;36.597;0;59.519;1;154.8;2:23:55.769;14:24:31.656;0:40.840;0:36.597;0:59.519;233.3;Wayne BOYD;;LMGT3;;United Autosports;McLaren;GF;40.840;36.597;59.519;
23;3;59;2:18.104;0;;41.182;0;36.570;0;1:00.352;0;153.6;2:26:13.873;14:26:49.760;0:41.182;0:36.570;1:00.352;234.3;Wayne BOYD;;LMGT3;;United Autosports;McLaren;GF;41.182;36.570;60.352;
23;3;60;2:18.977;0;;41.703;0;37.071;0;1:00.203;0;152.6;2:28:32.850;14:29:08.737;0:41.703;0:37.071;1:00.203;232.8;Wayne BOYD;;LMGT3;;United Autosports;McLaren;GF;41.703;37.071;60.203;
23;3;61;2:20.783;0;;42.568;0;37.437;0;1:00.778;0;150.6;2:30:53.633;14:31:29.520;0:42.568;0:37.437;1:00.778;236.3;Wayne BOYD;;LMGT3;;United Autosports;McLaren;GF;42.568;37.437;60.778;
23;3;62;2:20.964;0;;42.040;0;37.363;0;1:01.561;0;150.4;2:33:14.597;14:33:50.484;0:42.040;0:37.363;1:01.561;234.3;Wayne BOYD;;LMGT3;;United Autosports;McLaren;GF;42.040;37.363;61.561;
23;3;63;2:19.527;0;;41.820;0;37.263;0;1:00.444;0;152.0;2:35:34.124;14:36:10.011;0:41.820;0:37.263;1:00.444;234.3;Wayne BOYD;;LMGT3;;United Autosports;McLaren;GF;41.820;37.263;60.444;
23;3;64;2:18.510;0;;42.115;0;36.771;0;59.624;0;153.1;2:37:52.634;14:38:28.521;0:42.115;0:36.771;0:59.624;234.8;Wayne BOYD;;LMGT3;;United Autosports;McLaren;GF;42.115;36.771;59.624;
23;3;65;3:17.766;0;;41.562;0;51.227;0;1:44.977;0;107.2;2:41:10.400;14:41:46.287;0:41.562;0:51.227;1:44.977;235.8;Wayne BOYD;;LMGT3;;United Autosports;McLaren;FCY;41.562;51.227;104.977;
23;3;66;4:14.380;0;;1:31.974;0;1:07.955;0;1:34.451;0;83.4;2:45:24.780;14:46:00.667;1:31.974;1:07.955;1:34.451;;Wayne BOYD;;LMGT3;;United Autosports;McLaren;GF;91.974;67.955;94.451;
23;3;67;2:19.735;0;;41.902;0;37.563;0;1:00.270;0;151.8;2:47:44.515;14:48:20.402;0:41.902;0:37.563;1:00.270;235.8;Wayne BOYD;;LMGT3;;United Autosports;McLaren;GF;41.902;37.563;60.270;
23;3;68;2:17.893;0;;41.247;0;36.888;0;59.758;0;153.8;2:50:02.408;14:50:38.295;0:41.247;0:36.888;0:59.758;235.3;Wayne BOYD;;LMGT3;;United Autosports;McLaren;GF;41.247;36.888;59.758;
23;3;69;3:01.934;0;;41.685;0;37.425;0;1:42.824;0;116.6;2:53:04.342;14:53:40.229;0:41.685;0:37.425;1:42.824;236.3;Wayne BOYD;;LMGT3;;United Autosports;McLaren;FCY;41.685;37.425;102.824;
23;3;70;4:25.192;0;;1:31.660;0;1:08.070;0;1:45.462;0;80.0;2:57:29.534;14:58:05.421;1:31.660;1:08.070;1:45.462;;Wayne BOYD;;LMGT3;;United Autosports;McLaren;FCY;91.660;68.070;105.462;
23;3;71;3:33.352;0;;1:31.541;0;1:01.344;0;1:00.467;0;99.4;3:01:02.886;15:01:38.773;1:31.541;1:01.344;1:00.467;;Wayne BOYD;;LMGT3;;United Autosports;McLaren;GF;91.541;61.344;60.467;
23;3;72;2:18.340;0;;41.718;0;36.761;0;59.861;0;153.3;3:03:21.226;15:03:57.113;0:41.718;0:36.761;0:59.861;231.8;Wayne BOYD;;LMGT3;;United Autosports;McLaren;GF;41.718;36.761;59.861;
23;3;73;2:18.359;0;;41.616;0;36.902;0;59.841;0;153.3;3:05:39.585;15:06:15.472;0:41.616;0:36.902;0:59.841;233.3;Wayne BOYD;;LMGT3;;United Autosports;McLaren;GF;41.616;36.902;59.841;
23;3;74;2:23.640;0;B;41.639;0;37.720;0;1:04.281;0;147.6;3:08:03.225;15:08:39.112;0:41.639;0:37.720;1:04.281;234.3;Wayne BOYD;;LMGT3;;United Autosports;McLaren;GF;41.639;37.720;64.281;
23;2;75;3:41.586;0;;1:59.115;0;39.634;0;1:02.837;0;95.7;3:11:44.811;15:12:20.698;1:59.115;0:39.634;1:02.837;232.3;Garnet PATTERSON;0:01:18.794;LMGT3;;United Autosports;McLaren;GF;119.115;39.634;62.837;
23;2;76;2:22.578;0;;42.523;0;37.519;0;1:02.536;0;148.7;3:14:07.389;15:14:43.276;0:42.523;0:37.519;1:02.536;232.3;Garnet PATTERSON;;LMGT3;;United Autosports;McLaren;GF;42.523;37.519;62.536;
23;2;77;2:22.264;0;;42.480;0;37.834;0;1:01.950;0;149.1;3:16:29.653;15:17:05.540;0:42.480;0:37.834;1:01.950;233.3;Garnet PATTERSON;;LMGT3;;United Autosports;McLaren;GF;42.480;37.834;61.950;
23;2;78;2:22.117;0;;42.197;0;38.184;0;1:01.736;0;149.2;3:18:51.770;15:19:27.657;0:42.197;0:38.184;1:01.736;233.3;Garnet PATTERSON;;LMGT3;;United Autosports;McLaren;GF;42.197;38.184;61.736;
23;2;79;2:20.291;0;;42.220;0;37.035;0;1:01.036;0;151.2;3:21:12.061;15:21:47.948;0:42.220;0:37.035;1:01.036;232.3;Garnet PATTERSON;;LMGT3;;United Autosports;McLaren;GF;42.220;37.035;61.036;
23;2;80;2:19.830;0;;41.707;0;37.070;0;1:01.053;0;151.7;3:23:31.891;15:24:07.778;0:41.707;0:37.070;1:01.053;232.3;Garnet PATTERSON;;LMGT3;;United Autosports;McLaren;GF;41.707;37.070;61.053;
23;2;81;2:19.521;0;;41.773;0;36.682;0;1:01.066;0;152.0;3:25:51.412;15:26:27.299;0:41.773;0:36.682;1:01.066;233.8;Garnet PATTERSON;;LMGT3;;United Autosports;McLaren;GF;41.773;36.682;61.066;
23;2;82;2:19.147;0;;41.579;0;36.872;0;1:00.696;0;152.4;3:28:10.559;15:28:46.446;0:41.579;0:36.872;1:00.696;231.3;Garnet PATTERSON;;LMGT3;;United Autosports;McLaren;GF;41.579;36.872;60.696;
23;2;83;2:19.484;0;;41.692;0;36.799;0;1:00.993;0;152.0;3:30:30.043;15:31:05.930;0:41.692;0:36.799;1:00.993;231.8;Garnet PATTERSON;;LMGT3;;United Autosports;McLaren;GF;41.692;36.799;60.993;
23;2;84;2:19.287;0;;41.757;0;36.770;0;1:00.760;0;152.3;3:32:49.330;15:33:25.217;0:41.757;0:36.770;1:00.760;232.3;Garnet PATTERSON;;LMGT3;;United Autosports;McLaren;GF;41.757;36.770;60.760;
23;2;85;2:20.184;0;;41.971;0;36.393;1;1:01.820;0;151.3;3:35:09.514;15:35:45.401;0:41.971;0:36.393;1:01.820;233.8;Garnet PATTERSON;;LMGT3;;United Autosports;McLaren;GF;41.971;36.393;61.820;
23;2;86;2:20.893;0;;42.460;0;36.965;0;1:01.468;0;150.5;3:37:30.407;15:38:06.294;0:42.460;0:36.965;1:01.468;234.3;Garnet PATTERSON;;LMGT3;;United Autosports;McLaren;GF;42.460;36.965;61.468;
23;2;87;2:21.540;0;;43.032;0;37.338;0;1:01.170;0;149.8;3:39:51.947;15:40:27.834;0:43.032;0:37.338;1:01.170;235.8;Garnet PATTERSON;;LMGT3;;United Autosports;McLaren;GF;43.032;37.338;61.170;
23;2;88;2:23.145;0;;44.891;0;37.070;0;1:01.184;0;148.2;3:42:15.092;15:42:50.979;0:44.891;0:37.070;1:01.184;228.3;Garnet PATTERSON;;LMGT3;;United Autosports;McLaren;GF;44.891;37.070;61.184;
23;2;89;2:19.190;0;;41.900;0;36.447;0;1:00.843;0;152.4;3:44:34.282;15:45:10.169;0:41.900;0:36.447;1:00.843;234.3;Garnet PATTERSON;;LMGT3;;United Autosports;McLaren;GF;41.900;36.447;60.843;
23;2;90;2:19.444;0;;42.205;0;36.667;0;1:00.572;0;152.1;3:46:53.726;15:47:29.613;0:42.205;0:36.667;1:00.572;235.8;Garnet PATTERSON;;LMGT3;;United Autosports;McLaren;GF;42.205;36.667;60.572;
23;2;91;2:18.475;0;;41.396;0;36.696;0;1:00.383;1;153.2;3:49:12.201;15:49:48.088;0:41.396;0:36.696;1:00.383;234.3;Garnet PATTERSON;;LMGT3;;United Autosports;McLaren;GF;41.396;36.696;60.383;
23;2;92;2:19.056;0;;41.393;0;37.000;0;1:00.663;0;152.5;3:51:31.257;15:52:07.144;0:41.393;0:37.000;1:00.663;234.8;Garnet PATTERSON;;LMGT3;;United Autosports;McLaren;GF;41.393;37.000;60.663;
23;2;93;2:19.537;0;;41.369;0;36.958;0;1:01.210;0;152.0;3:53:50.794;15:54:26.681;0:41.369;0:36.958;1:01.210;232.8;Garnet PATTERSON;;LMGT3;;United Autosports;McLaren;GF;41.369;36.958;61.210;
23;2;94;2:19.028;0;;41.549;0;36.685;0;1:00.794;0;152.5;3:56:09.822;15:56:45.709;0:41.549;0:36.685;1:00.794;236.3;Garnet PATTERSON;;LMGT3;;United Autosports;McLaren;GF;41.549;36.685;60.794;
23;2;95;2:19.738;0;;41.539;0;36.887;0;1:01.312;0;151.8;3:58:29.560;15:59:05.447;0:41.539;0:36.887;1:01.312;234.8;Garnet PATTERSON;;LMGT3;;United Autosports;McLaren;GF;41.539;36.887;61.312;
23;2;96;2:18.674;0;;41.310;1;36.974;0;1:00.390;0;152.9;4:00:48.234;16:01:24.121;0:41.310;0:36.974;1:00.390;234.8;Garnet PATTERSON;;LMGT3;;United Autosports;McLaren;FF;41.310;36.974;60.390;
24;2;1;1:55.417;0;;37.283;0;29.934;0;48.200;0;179.3;1:55.417;12:02:31.304;0:37.283;0:29.934;0:48.200;270.0;Roy NISSANY;;LMP2;;Nielsen Racing;Oreca;GF;37.283;29.934;48.200;
24;2;2;1:48.955;0;;32.083;0;28.966;0;47.906;0;194.6;3:44.372;12:04:20.259;0:32.083;0:28.966;0:47.906;274.8;Roy NISSANY;;LMP2;;Nielsen Racing;Oreca;GF;32.083;28.966;47.906;
24;2;3;1:48.160;0;;31.757;0;28.668;0;47.735;0;196.1;5:32.532;12:06:08.419;0:31.757;0:28.668;0:47.735;275.5;Roy NISSANY;;LMP2;;Nielsen Racing;Oreca;GF;31.757;28.668;47.735;
24;2;4;1:47.731;0;;31.860;0;28.229;0;47.642;0;196.9;7:20.263;12:07:56.150;0:31.860;0:28.229;0:47.642;274.8;Roy NISSANY;;LMP2;;Nielsen Racing;Oreca;GF;31.860;28.229;47.642;
24;2;5;1:47.442;0;;31.661;0;28.286;0;47.495;2;197.4;9:07.705;12:09:43.592;0:31.661;0:28.286;0:47.495;275.5;Roy NISSANY;;LMP2;;Nielsen Racing;Oreca;GF;31.661;28.286;47.495;
24;2;6;1:47.423;0;;31.519;0;28.074;0;47.830;0;197.4;10:55.128;12:11:31.015;0:31.519;0:28.074;0:47.830;275.5;Roy NISSANY;;LMP2;;Nielsen Racing;Oreca;GF;31.519;28.074;47.830;
24;2;7;1:48.998;0;;31.514;0;28.992;0;48.492;0;194.6;12:44.126;12:13:20.013;0:31.514;0:28.992;0:48.492;275.5;Roy NISSANY;;LMP2;;Nielsen Racing;Oreca;GF;31.514;28.992;48.492;
24;2;8;1:51.868;0;;33.946;0;29.671;0;48.251;0;189.6;14:35.994;12:15:11.881;0:33.946;0:29.671;0:48.251;270.7;Roy NISSANY;;LMP2;;Nielsen Racing;Oreca;GF;33.946;29.671;48.251;
24;2;9;1:49.157;0;;31.784;0;28.543;0;48.830;0;194.3;16:25.151;12:17:01.038;0:31.784;0:28.543;0:48.830;275.5;Roy NISSANY;;LMP2;;Nielsen Racing;Oreca;GF;31.784;28.543;48.830;
24;2;10;1:48.772;0;;31.785;0;28.540;0;48.447;0;195.0;18:13.923;12:18:49.810;0:31.785;0:28.540;0:48.447;274.1;Roy NISSANY;;LMP2;;Nielsen Racing;Oreca;GF;31.785;28.540;48.447;
24;2;11;1:48.831;0;;31.683;0;28.737;0;48.411;0;194.9;20:02.754;12:20:38.641;0:31.683;0:28.737;0:48.411;273.4;Roy NISSANY;;LMP2;;Nielsen Racing;Oreca;GF;31.683;28.737;48.411;
24;2;12;1:48.053;0;;31.449;0;28.767;0;47.837;0;196.3;21:50.807;12:22:26.694;0:31.449;0:28.767;0:47.837;273.4;Roy NISSANY;;LMP2;;Nielsen Racing;Oreca;GF;31.449;28.767;47.837;
24;2;13;1:47.578;0;;31.462;0;28.286;0;47.830;0;197.1;23:38.385;12:24:14.272;0:31.462;0:28.286;0:47.830;274.8;Roy NISSANY;;LMP2;;Nielsen Racing;Oreca;GF;31.462;28.286;47.830;
24;2;14;1:47.139;0;;31.493;0;28.066;0;47.580;0;197.9;25:25.524;12:26:01.411;0:31.493;0:28.066;0:47.580;273.4;Roy NISSANY;;LMP2;;Nielsen Racing;Oreca;GF;31.493;28.066;47.580;
24;2;15;1:49.375;0;;31.779;0;29.756;0;47.840;0;193.9;27:14.899;12:27:50.786;0:31.779;0:29.756;0:47.840;274.8;Roy NISSANY;;LMP2;;Nielsen Racing;Oreca;GF;31.779;29.756;47.840;
24;2;16;1:49.664;0;;31.980;0;28.893;0;48.791;0;193.4;29:04.563;12:29:40.450;0:31.980;0:28.893;0:48.791;274.8;Roy NISSANY;;LMP2;;Nielsen Racing;Oreca;GF;31.980;28.893;48.791;
24;2;17;1:48.128;0;;31.452;0;28.406;0;48.270;0;196.1;30:52.691;12:31:28.578;0:31.452;0:28.406;0:48.270;274.1;Roy NISSANY;;LMP2;;Nielsen Racing;Oreca;GF;31.452;28.406;48.270;
24;2;18;1:46.898;2;;31.233;2;27.960;2;47.705;0;198.4;32:39.589;12:33:15.476;0:31.233;0:27.960;0:47.705;274.1;Roy NISSANY;;LMP2;;Nielsen Racing;Oreca;GF;31.233;27.960;47.705;
24;2;19;1:47.509;0;;31.361;0;28.055;0;48.093;0;197.3;34:27.098;12:35:02.985;0:31.361;0:28.055;0:48.093;273.4;Roy NISSANY;;LMP2;;Nielsen Racing;Oreca;GF;31.361;28.055;48.093;
24;2;20;1:48.617;0;;31.663;0;28.996;0;47.958;0;195.3;36:15.715;12:36:51.602;0:31.663;0:28.996;0:47.958;274.8;Roy NISSANY;;LMP2;;Nielsen Racing;Oreca;GF;31.663;28.996;47.958;
24;2;21;1:52.521;0;B;32.488;0;28.159;0;51.874;0;188.5;38:08.236;12:38:44.123;0:32.488;0:28.159;0:51.874;273.4;Roy NISSANY;;LMP2;;Nielsen Racing;Oreca;GF;32.488;28.159;51.874;
24;2;22;2:53.059;0;;1:36.237;0;28.752;0;48.070;0;122.5;41:01.295;12:41:37.182;1:36.237;0:28.752;0:48.070;270.0;Roy NISSANY;0:01:06.426;LMP2;;Nielsen Racing;Oreca;GF;96.237;28.752;48.070;
24;2;23;1:48.156;0;;31.793;0;28.491;0;47.872;0;196.1;42:49.451;12:43:25.338;0:31.793;0:28.491;0:47.872;272.7;Roy NISSANY;;LMP2;;Nielsen Racing;Oreca;GF;31.793;28.491;47.872;
24;2;24;1:48.261;0;;31.658;0;28.487;0;48.116;0;195.9;44:37.712;12:45:13.599;0:31.658;0:28.487;0:48.116;272.7;Roy NISSANY;;LMP2;;Nielsen Racing;Oreca;GF;31.658;28.487;48.116;
24;2;25;1:49.046;0;;31.910;0;29.163;0;47.973;0;194.5;46:26.758;12:47:02.645;0:31.910;0:29.163;0:47.973;274.1;Roy NISSANY;;LMP2;;Nielsen Racing;Oreca;GF;31.910;29.163;47.973;
24;2;26;1:52.078;0;;34.366;0;29.477;0;48.235;0;189.2;48:18.836;12:48:54.723;0:34.366;0:29.477;0:48.235;271.4;Roy NISSANY;;LMP2;;Nielsen Racing;Oreca;GF;34.366;29.477;48.235;
24;2;27;1:49.616;0;;32.281;0;28.950;0;48.385;0;193.5;50:08.452;12:50:44.339;0:32.281;0:28.950;0:48.385;274.8;Roy NISSANY;;LMP2;;Nielsen Racing;Oreca;GF;32.281;28.950;48.385;
24;2;28;1:51.415;0;;33.658;0;28.480;0;49.277;0;190.3;51:59.867;12:52:35.754;0:33.658;0:28.480;0:49.277;273.4;Roy NISSANY;;LMP2;;Nielsen Racing;Oreca;GF;33.658;28.480;49.277;
24;2;29;1:49.310;0;;33.313;0;28.144;0;47.853;0;194.0;53:49.177;12:54:25.064;0:33.313;0:28.144;0:47.853;272.7;Roy NISSANY;;LMP2;;Nielsen Racing;Oreca;GF;33.313;28.144;47.853;
24;2;30;1:49.109;0;;32.229;0;28.667;0;48.213;0;194.4;55:38.286;12:56:14.173;0:32.229;0:28.667;0:48.213;274.1;Roy NISSANY;;LMP2;;Nielsen Racing;Oreca;GF;32.229;28.667;48.213;
24;2;31;1:48.615;0;;32.539;0;28.299;0;47.777;0;195.3;57:26.901;12:58:02.788;0:32.539;0:28.299;0:47.777;272.7;Roy NISSANY;;LMP2;;Nielsen Racing;Oreca;GF;32.539;28.299;47.777;
24;2;32;1:49.402;0;;31.859;0;28.670;0;48.873;0;193.9;59:16.303;12:59:52.190;0:31.859;0:28.670;0:48.873;272.7;Roy NISSANY;;LMP2;;Nielsen Racing;Oreca;GF;31.859;28.670;48.873;
24;2;33;1:49.190;0;;32.160;0;28.681;0;48.349;0;194.2;1:01:05.493;13:01:41.380;0:32.160;0:28.681;0:48.349;276.2;Roy NISSANY;;LMP2;;Nielsen Racing;Oreca;GF;32.160;28.681;48.349;
24;2;34;1:49.444;0;;32.708;0;28.561;0;48.175;0;193.8;1:02:54.937;13:03:30.824;0:32.708;0:28.561;0:48.175;272.0;Roy NISSANY;;LMP2;;Nielsen Racing;Oreca;GF;32.708;28.561;48.175;
24;2;35;1:49.031;0;;32.914;0;28.301;0;47.816;0;194.5;1:04:43.968;13:05:19.855;0:32.914;0:28.301;0:47.816;269.3;Roy NISSANY;;LMP2;;Nielsen Racing;Oreca;GF;32.914;28.301;47.816;
24;2;36;1:48.014;0;;31.822;0;28.277;0;47.915;0;196.3;1:06:31.982;13:07:07.869;0:31.822;0:28.277;0:47.915;273.4;Roy NISSANY;;LMP2;;Nielsen Racing;Oreca;GF;31.822;28.277;47.915;
24;2;37;1:48.797;0;;32.293;0;28.423;0;48.081;0;194.9;1:08:20.779;13:08:56.666;0:32.293;0:28.423;0:48.081;272.0;Roy NISSANY;;LMP2;;Nielsen Racing;Oreca;GF;32.293;28.423;48.081;
24;2;38;1:51.679;0;;32.001;0;28.795;0;50.883;0;189.9;1:10:12.458;13:10:48.345;0:32.001;0:28.795;0:50.883;272.7;Roy NISSANY;;LMP2;;Nielsen Racing;Oreca;GF;32.001;28.795;50.883;
24;2;39;1:50.166;0;;32.012;0;28.641;0;49.513;0;192.5;1:12:02.624;13:12:38.511;0:32.012;0:28.641;0:49.513;272.7;Roy NISSANY;;LMP2;;Nielsen Racing;Oreca;GF;32.012;28.641;49.513;
24;2;40;1:50.899;0;;33.168;0;28.592;0;49.139;0;191.2;1:13:53.523;13:14:29.410;0:33.168;0:28.592;0:49.139;273.4;Roy NISSANY;;LMP2;;Nielsen Racing;Oreca;GF;33.168;28.592;49.139;
24;2;41;1:52.604;0;;34.011;0;29.928;0;48.665;0;188.3;1:15:46.127;13:16:22.014;0:34.011;0:29.928;0:48.665;272.7;Roy NISSANY;;LMP2;;Nielsen Racing;Oreca;GF;34.011;29.928;48.665;
24;2;42;1:54.360;0;;35.920;0;29.753;0;48.687;0;185.4;1:17:40.487;13:18:16.374;0:35.920;0:29.753;0:48.687;258.4;Roy NISSANY;;LMP2;;Nielsen Racing;Oreca;GF;35.920;29.753;48.687;
24;2;43;2:36.025;0;;37.137;0;29.168;0;1:29.720;0;135.9;1:20:16.512;13:20:52.399;0:37.137;0:29.168;1:29.720;266.7;Roy NISSANY;;LMP2;;Nielsen Racing;Oreca;FCY;37.137;29.168;89.720;
24;2;44;2:31.596;0;B;1:00.827;0;30.628;0;1:00.141;0;139.9;1:22:48.108;13:23:23.995;1:00.827;0:30.628;1:00.141;252.9;Roy NISSANY;;LMP2;;Nielsen Racing;Oreca;GF;60.827;30.628;60.141;
24;1;45;5:59.682;0;;3:03.308;0;1:08.770;0;1:47.604;0;59.0;1:28:47.790;13:29:23.677;3:03.308;1:08.770;1:47.604;;Edward PEARSON;0:01:47.119;LMP2;;Nielsen Racing;Oreca;GF;183.308;68.770;107.604;
24;1;46;4:27.967;0;;1:32.428;0;1:08.827;0;1:46.712;0;79.1;1:33:15.757;13:33:51.644;1:32.428;1:08.827;1:46.712;;Edward PEARSON;;LMP2;;Nielsen Racing;Oreca;GF;92.428;68.827;106.712;
24;1;47;3:08.317;0;;1:15.842;0;46.040;0;1:06.435;0;112.6;1:36:24.074;13:36:59.961;1:15.842;0:46.040;1:06.435;189.8;Edward PEARSON;;LMP2;;Nielsen Racing;Oreca;SF;75.842;46.040;66.435;
24;1;48;3:33.770;0;;58.228;0;1:01.785;0;1:33.757;0;99.2;1:39:57.844;13:40:33.731;0:58.228;1:01.785;1:33.757;;Edward PEARSON;;LMP2;;Nielsen Racing;Oreca;SF;58.228;61.785;93.757;
24;1;49;4:23.290;0;;1:29.297;0;1:02.660;0;1:51.333;0;80.5;1:44:21.134;13:44:57.021;1:29.297;1:02.660;1:51.333;;Edward PEARSON;;LMP2;;Nielsen Racing;Oreca;SF;89.297;62.660;111.333;
24;1;50;4:08.043;0;;1:30.658;0;1:00.383;0;1:37.002;0;85.5;1:48:29.177;13:49:05.064;1:30.658;1:00.383;1:37.002;;Edward PEARSON;;LMP2;;Nielsen Racing;Oreca;SF;90.658;60.383;97.002;
24;1;51;3:38.311;0;;1:17.757;0;54.168;0;1:26.386;0;97.1;1:52:07.488;13:52:43.375;1:17.757;0:54.168;1:26.386;130.0;Edward PEARSON;;LMP2;;Nielsen Racing;Oreca;SF;77.757;54.168;86.386;
24;1;52;2:54.898;0;;55.471;0;45.648;0;1:13.779;0;121.3;1:55:02.386;13:55:38.273;0:55.471;0:45.648;1:13.779;154.9;Edward PEARSON;;LMP2;;Nielsen Racing;Oreca;SF;55.471;45.648;73.779;
24;1;53;2:43.964;0;;49.376;0;41.133;0;1:13.455;0;129.3;1:57:46.350;13:58:22.237;0:49.376;0:41.133;1:13.455;200.4;Edward PEARSON;;LMP2;;Nielsen Racing;Oreca;SF;49.376;41.133;73.455;
24;1;54;2:50.016;0;;54.035;0;44.044;0;1:11.937;0;124.7;2:00:36.366;14:01:12.253;0:54.035;0:44.044;1:11.937;206.9;Edward PEARSON;;LMP2;;Nielsen Racing;Oreca;SF;54.035;44.044;71.937;
24;1;55;2:52.589;0;;52.054;0;47.610;0;1:12.925;0;122.9;2:03:28.955;14:04:04.842;0:52.054;0:47.610;1:12.925;210.5;Edward PEARSON;;LMP2;;Nielsen Racing;Oreca;SF;52.054;47.610;72.925;
24;1;56;3:04.222;0;;57.158;0;50.612;0;1:16.452;0;115.1;2:06:33.177;14:07:09.064;0:57.158;0:50.612;1:16.452;120.8;Edward PEARSON;;LMP2;;Nielsen Racing;Oreca;SF;57.158;50.612;76.452;
24;1;57;3:00.711;0;;51.714;0;43.347;0;1:25.650;0;117.4;2:09:33.888;14:10:09.775;0:51.714;0:43.347;1:25.650;183.1;Edward PEARSON;;LMP2;;Nielsen Racing;Oreca;GF;51.714;43.347;85.650;
24;1;58;2:07.525;0;;36.517;0;34.924;0;56.084;0;166.3;2:11:41.413;14:12:17.300;0:36.517;0:34.924;0:56.084;268.0;Edward PEARSON;;LMP2;;Nielsen Racing;Oreca;GF;36.517;34.924;56.084;
24;1;59;2:04.837;0;;35.583;0;34.030;0;55.224;0;169.9;2:13:46.250;14:14:22.137;0:35.583;0:34.030;0:55.224;268.0;Edward PEARSON;;LMP2;;Nielsen Racing;Oreca;GF;35.583;34.030;55.224;
24;1;60;2:03.599;0;;35.694;0;33.631;0;54.274;1;171.6;2:15:49.849;14:16:25.736;0:35.694;0:33.631;0:54.274;267.3;Edward PEARSON;;LMP2;;Nielsen Racing;Oreca;GF;35.694;33.631;54.274;
24;1;61;2:04.907;0;;36.029;0;34.247;0;54.631;0;169.8;2:17:54.756;14:18:30.643;0:36.029;0:34.247;0:54.631;267.3;Edward PEARSON;;LMP2;;Nielsen Racing;Oreca;GF;36.029;34.247;54.631;
24;1;62;2:03.796;0;;35.478;0;33.687;0;54.631;0;171.3;2:19:58.552;14:20:34.439;0:35.478;0:33.687;0:54.631;268.0;Edward PEARSON;;LMP2;;Nielsen Racing;Oreca;GF;35.478;33.687;54.631;
24;1;63;2:02.948;0;;35.014;1;33.401;1;54.533;0;172.5;2:22:01.500;14:22:37.387;0:35.014;0:33.401;0:54.533;267.3;Edward PEARSON;;LMP2;;Nielsen Racing;Oreca;GF;35.014;33.401;54.533;
24;1;64;2:06.329;0;;36.373;0;34.026;0;55.930;0;167.9;2:24:07.829;14:24:43.716;0:36.373;0:34.026;0:55.930;268.7;Edward PEARSON;;LMP2;;Nielsen Racing;Oreca;GF;36.373;34.026;55.930;
24;1;65;2:06.106;0;;36.302;0;34.659;0;55.145;0;168.2;2:26:13.935;14:26:49.822;0:36.302;0:34.659;0:55.145;268.0;Edward PEARSON;;LMP2;;Nielsen Racing;Oreca;GF;36.302;34.659;55.145;
24;1;66;2:07.000;0;;37.171;0;33.852;0;55.977;0;167.0;2:28:20.935;14:28:56.822;0:37.171;0:33.852;0:55.977;268.7;Edward PEARSON;;LMP2;;Nielsen Racing;Oreca;GF;37.171;33.852;55.977;
24;1;67;2:06.745;0;;37.107;0;34.053;0;55.585;0;167.3;2:30:27.680;14:31:03.567;0:37.107;0:34.053;0:55.585;268.0;Edward PEARSON;;LMP2;;Nielsen Racing;Oreca;GF;37.107;34.053;55.585;
24;1;68;2:07.183;0;;36.510;0;34.272;0;56.401;0;166.7;2:32:34.863;14:33:10.750;0:36.510;0:34.272;0:56.401;268.7;Edward PEARSON;;LMP2;;Nielsen Racing;Oreca;GF;36.510;34.272;56.401;
24;1;69;2:08.147;0;;36.953;0;34.522;0;56.672;0;165.5;2:34:43.010;14:35:18.897;0:36.953;0:34.522;0:56.672;268.0;Edward PEARSON;;LMP2;;Nielsen Racing;Oreca;GF;36.953;34.522;56.672;
24;1;70;2:08.089;0;;36.953;0;34.617;0;56.519;0;165.6;2:36:51.099;14:37:26.986;0:36.953;0:34.617;0:56.519;268.0;Edward PEARSON;;LMP2;;Nielsen Racing;Oreca;GF;36.953;34.617;56.519;
24;1;71;2:20.773;0;;38.437;0;35.062;0;1:07.274;0;150.7;2:39:11.872;14:39:47.759;0:38.437;0:35.062;1:07.274;252.9;Edward PEARSON;;LMP2;;Nielsen Racing;Oreca;FCY;38.437;35.062;67.274;
24;1;72;4:30.481;0;;1:32.793;0;1:09.134;0;1:48.554;0;78.4;2:43:42.353;14:44:18.240;1:32.793;1:09.134;1:48.554;;Edward PEARSON;;LMP2;;Nielsen Racing;Oreca;FCY;92.793;69.134;108.554;
24;1;73;3:13.534;0;B;1:31.216;0;38.392;0;1:03.926;0;109.6;2:46:55.887;14:47:31.774;1:31.216;0:38.392;1:03.926;137.9;Edward PEARSON;;LMP2;;Nielsen Racing;Oreca;GF;91.216;38.392;63.926;
24;3;74;3:22.306;0;;1:46.853;0;36.942;0;58.511;0;104.8;2:50:18.193;14:50:54.080;1:46.853;0:36.942;0:58.511;263.4;Jack AITKEN;0:01:12.255;LMP2;;Nielsen Racing;Oreca;GF;106.853;36.942;58.511;
24;3;75;3:13.464;0;;37.761;0;49.514;0;1:46.189;0;109.6;2:53:31.657;14:54:07.544;0:37.761;0:49.514;1:46.189;262.1;Jack AITKEN;;LMP2;;Nielsen Racing;Oreca;FCY;37.761;49.514;106.189;
24;3;76;4:26.332;0;;1:32.072;0;1:08.288;0;1:45.972;0;79.6;2:57:57.989;14:58:33.876;1:32.072;1:08.288;1:45.972;;Jack AITKEN;;LMP2;;Nielsen Racing;Oreca;FCY;92.072;68.288;105.972;
24;3;77;3:20.497;0;;1:31.877;0;50.725;0;57.895;0;105.8;3:01:18.486;15:01:54.373;1:31.877;0:50.725;0:57.895;;Jack AITKEN;;LMP2;;Nielsen Racing;Oreca;GF;91.877;50.725;57.895;
24;3;78;2:12.089;0;;38.423;0;36.451;0;57.215;0;160.6;3:03:30.575;15:04:06.462;0:38.423;0:36.451;0:57.215;262.8;Jack AITKEN;;LMP2;;Nielsen Racing;Oreca;GF;38.423;36.451;57.215;
24;3;79;2:10.416;0;;38.098;0;35.894;0;56.424;0;162.6;3:05:40.991;15:06:16.878;0:38.098;0:35.894;0:56.424;264.7;Jack AITKEN;;LMP2;;Nielsen Racing;Oreca;GF;38.098;35.894;56.424;
24;3;80;2:09.972;0;;37.450;0;35.952;0;56.570;0;163.2;3:07:50.963;15:08:26.850;0:37.450;0:35.952;0:56.570;268.7;Jack AITKEN;;LMP2;;Nielsen Racing;Oreca;GF;37.450;35.952;56.570;
24;3;81;2:08.538;0;;37.189;0;35.197;0;56.152;0;165.0;3:09:59.501;15:10:35.388;0:37.189;0:35.197;0:56.152;267.3;Jack AITKEN;;LMP2;;Nielsen Racing;Oreca;GF;37.189;35.197;56.152;
24;3;82;2:07.933;0;;37.613;0;34.676;0;55.644;0;165.8;3:12:07.434;15:12:43.321;0:37.613;0:34.676;0:55.644;266.7;Jack AITKEN;;LMP2;;Nielsen Racing;Oreca;GF;37.613;34.676;55.644;
24;3;83;2:08.204;0;;37.270;0;35.114;0;55.820;0;165.4;3:14:15.638;15:14:51.525;0:37.270;0:35.114;0:55.820;267.3;Jack AITKEN;;LMP2;;Nielsen Racing;Oreca;GF;37.270;35.114;55.820;
24;3;84;2:09.273;0;;37.552;0;34.728;0;56.993;0;164.1;3:16:24.911;15:17:00.798;0:37.552;0:34.728;0:56.993;267.3;Jack AITKEN;;LMP2;;Nielsen Racing;Oreca;GF;37.552;34.728;56.993;
24;3;85;2:08.026;0;;37.006;0;34.762;0;56.258;0;165.7;3:18:32.937;15:19:08.824;0:37.006;0:34.762;0:56.258;266.7;Jack AITKEN;;LMP2;;Nielsen Racing;Oreca;GF;37.006;34.762;56.258;
24;3;86;2:07.804;0;;37.514;0;34.140;0;56.150;0;165.9;3:20:40.741;15:21:16.628;0:37.514;0:34.140;0:56.150;267.3;Jack AITKEN;;LMP2;;Nielsen Racing;Oreca;GF;37.514;34.140;56.150;
24;3;87;2:06.006;0;;36.476;0;33.785;0;55.745;0;168.3;3:22:46.747;15:23:22.634;0:36.476;0:33.785;0:55.745;268.0;Jack AITKEN;;LMP2;;Nielsen Racing;Oreca;GF;36.476;33.785;55.745;
24;3;88;2:06.051;0;;36.506;0;34.000;0;55.545;0;168.2;3:24:52.798;15:25:28.685;0:36.506;0:34.000;0:55.545;267.3;Jack AITKEN;;LMP2;;Nielsen Racing;Oreca;GF;36.506;34.000;55.545;
24;3;89;2:08.192;0;;36.448;0;34.910;0;56.834;0;165.4;3:27:00.990;15:27:36.877;0:36.448;0:34.910;0:56.834;269.3;Jack AITKEN;;LMP2;;Nielsen Racing;Oreca;GF;36.448;34.910;56.834;
24;3;90;2:07.457;0;;37.251;0;34.340;0;55.866;0;166.4;3:29:08.447;15:29:44.334;0:37.251;0:34.340;0:55.866;262.1;Jack AITKEN;;LMP2;;Nielsen Racing;Oreca;GF;37.251;34.340;55.866;
24;3;91;2:05.369;0;;36.430;0;33.769;0;55.170;0;169.2;3:31:13.816;15:31:49.703;0:36.430;0:33.769;0:55.170;268.0;Jack AITKEN;;LMP2;;Nielsen Racing;Oreca;GF;36.430;33.769;55.170;
24;3;92;2:05.614;0;;36.602;0;34.232;0;54.780;0;168.8;3:33:19.430;15:33:55.317;0:36.602;0:34.232;0:54.780;269.3;Jack AITKEN;;LMP2;;Nielsen Racing;Oreca;GF;36.602;34.232;54.780;
24;3;93;2:06.848;0;;37.208;0;34.095;0;55.545;0;167.2;3:35:26.278;15:36:02.165;0:37.208;0:34.095;0:55.545;268.7;Jack AITKEN;;LMP2;;Nielsen Racing;Oreca;GF;37.208;34.095;55.545;
24;3;94;2:06.957;0;;36.512;0;34.435;0;56.010;0;167.0;3:37:33.235;15:38:09.122;0:36.512;0:34.435;0:56.010;269.3;Jack AITKEN;;LMP2;;Nielsen Racing;Oreca;GF;36.512;34.435;56.010;
24;3;95;2:06.739;0;;36.907;0;34.305;0;55.527;0;167.3;3:39:39.974;15:40:15.861;0:36.907;0:34.305;0:55.527;269.3;Jack AITKEN;;LMP2;;Nielsen Racing;Oreca;GF;36.907;34.305;55.527;
24;3;96;2:07.732;0;;37.399;0;34.708;0;55.625;0;166.0;3:41:47.706;15:42:23.593;0:37.399;0:34.708;0:55.625;267.3;Jack AITKEN;;LMP2;;Nielsen Racing;Oreca;GF;37.399;34.708;55.625;
24;3;97;2:06.297;0;;36.838;0;34.298;0;55.161;0;167.9;3:43:54.003;15:44:29.890;0:36.838;0:34.298;0:55.161;272.0;Jack AITKEN;;LMP2;;Nielsen Racing;Oreca;GF;36.838;34.298;55.161;
24;3;98;2:10.637;0;B;36.164;0;33.535;0;1:00.938;0;162.3;3:46:04.640;15:46:40.527;0:36.164;0:33.535;1:00.938;269.3;Jack AITKEN;;LMP2;;Nielsen Racing;Oreca;GF;36.164;33.535;60.938;
24;3;99;2:43.520;0;;1:14.985;0;33.725;0;54.810;0;129.7;3:48:48.160;15:49:24.047;1:14.985;0:33.725;0:54.810;268.7;Jack AITKEN;0:00:42.805;LMP2;;Nielsen Racing;Oreca;GF;74.985;33.725;54.810;
24;3;100;2:04.994;0;;36.608;0;34.018;0;54.368;1;169.7;3:50:53.154;15:51:29.041;0:36.608;0:34.018;0:54.368;270.0;Jack AITKEN;;LMP2;;Nielsen Racing;Oreca;GF;36.608;34.018;54.368;
24;3;101;2:03.882;0;;36.018;1;33.300;0;54.564;0;171.2;3:52:57.036;15:53:32.923;0:36.018;0:33.300;0:54.564;270.0;Jack AITKEN;;LMP2;;Nielsen Racing;Oreca;GF;36.018;33.300;54.564;
24;3;102;2:04.622;0;;36.609;0;32.906;1;55.107;0;170.2;3:55:01.658;15:55:37.545;0:36.609;0:32.906;0:55.107;269.3;Jack AITKEN;;LMP2;;Nielsen Racing;Oreca;GF;36.609;32.906;55.107;
24;3;103;2:04.078;0;;36.186;0;33.386;0;54.506;0;170.9;3:57:05.736;15:57:41.623;0:36.186;0:33.386;0:54.506;268.0;Jack AITKEN;;LMP2;;Nielsen Racing;Oreca;GF;36.186;33.386;54.506;
24;3;104;2:04.872;0;;36.039;0;33.446;0;55.387;0;169.8;3:59:10.608;15:59:46.495;0:36.039;0:33.446;0:55.387;270.7;Jack AITKEN;;LMP2;;Nielsen Racing;Oreca;GF;36.039;33.446;55.387;
24;3;105;2:07.553;0;;36.906;0;34.077;0;56.570;0;166.3;4:01:18.161;16:01:54.048;0:36.906;0:34.077;0:56.570;271.4;Jack AITKEN;;LMP2;;Nielsen Racing;Oreca;FF;36.906;34.077;56.570;
25;1;1;1:52.754;0;;34.904;0;29.447;0;48.403;0;183.5;1:52.754;12:02:28.641;0:34.904;0:29.447;0:48.403;271.4;Matthias KAISER;;LMP2;;Algarve Pro Racing;Oreca;GF;34.904;29.447;48.403;
25;1;2;1:48.348;0;;32.102;0;28.614;0;47.632;0;195.7;3:41.102;12:04:16.989;0:32.102;0:28.614;0:47.632;273.4;Matthias KAISER;;LMP2;;Algarve Pro Racing;Oreca;GF;32.102;28.614;47.632;
25;1;3;1:46.723;0;;31.252;0;28.227;0;47.244;0;198.7;5:27.825;12:06:03.712;0:31.252;0:28.227;0:47.244;273.4;Matthias KAISER;;LMP2;;Algarve Pro Racing;Oreca;GF;31.252;28.227;47.244;
25;1;4;1:46.806;0;;31.363;0;28.232;0;47.211;0;198.6;7:14.631;12:07:50.518;0:31.363;0:28.232;0:47.211;272.0;Matthias KAISER;;LMP2;;Algarve Pro Racing;Oreca;GF;31.363;28.232;47.211;
25;1;5;1:46.642;2;;31.311;0;28.188;0;47.143;2;198.9;9:01.273;12:09:37.160;0:31.311;0:28.188;0:47.143;273.4;Matthias KAISER;;LMP2;;Algarve Pro Racing;Oreca;GF;31.311;28.188;47.143;
25;1;6;1:47.220;0;;31.432;0;28.278;0;47.510;0;197.8;10:48.493;12:11:24.380;0:31.432;0:28.278;0:47.510;272.7;Matthias KAISER;;LMP2;;Algarve Pro Racing;Oreca;GF;31.432;28.278;47.510;
25;1;7;1:50.243;0;;32.530;0;28.397;0;49.316;0;192.4;12:38.736;12:13:14.623;0:32.530;0:28.397;0:49.316;270.7;Matthias KAISER;;LMP2;;Algarve Pro Racing;Oreca;GF;32.530;28.397;49.316;
25;1;8;1:51.016;0;;33.493;0;29.005;0;48.518;0;191.0;14:29.752;12:15:05.639;0:33.493;0:29.005;0:48.518;272.0;Matthias KAISER;;LMP2;;Algarve Pro Racing;Oreca;GF;33.493;29.005;48.518;
25;1;9;1:49.818;0;;31.397;0;29.369;0;49.052;0;193.1;16:19.570;12:16:55.457;0:31.397;0:29.369;0:49.052;272.0;Matthias KAISER;;LMP2;;Algarve Pro Racing;Oreca;GF;31.397;29.369;49.052;
25;1;10;1:48.377;0;;31.745;0;28.512;0;48.120;0;195.7;18:07.947;12:18:43.834;0:31.745;0:28.512;0:48.120;272.0;Matthias KAISER;;LMP2;;Algarve Pro Racing;Oreca;GF;31.745;28.512;48.120;
25;1;11;1:47.183;0;;31.423;0;28.176;0;47.584;0;197.9;19:55.130;12:20:31.017;0:31.423;0:28.176;0:47.584;273.4;Matthias KAISER;;LMP2;;Algarve Pro Racing;Oreca;GF;31.423;28.176;47.584;
25;1;12;1:47.396;0;;31.389;0;28.526;0;47.481;0;197.5;21:42.526;12:22:18.413;0:31.389;0:28.526;0:47.481;272.0;Matthias KAISER;;LMP2;;Algarve Pro Racing;Oreca;GF;31.389;28.526;47.481;
25;1;13;1:46.821;0;;31.282;0;28.129;0;47.410;0;198.5;23:29.347;12:24:05.234;0:31.282;0:28.129;0:47.410;273.4;Matthias KAISER;;LMP2;;Algarve Pro Racing;Oreca;GF;31.282;28.129;47.410;
25;1;14;1:49.193;0;;31.392;0;28.655;0;49.146;0;194.2;25:18.540;12:25:54.427;0:31.392;0:28.655;0:49.146;272.7;Matthias KAISER;;LMP2;;Algarve Pro Racing;Oreca;GF;31.392;28.655;49.146;
25;1;15;1:49.693;0;;32.554;0;28.408;0;48.731;0;193.3;27:08.233;12:27:44.120;0:32.554;0:28.408;0:48.731;270.7;Matthias KAISER;;LMP2;;Algarve Pro Racing;Oreca;GF;32.554;28.408;48.731;
25;1;16;1:48.445;0;;31.622;0;29.055;0;47.768;0;195.6;28:56.678;12:29:32.565;0:31.622;0:29.055;0:47.768;273.4;Matthias KAISER;;LMP2;;Algarve Pro Racing;Oreca;GF;31.622;29.055;47.768;
25;1;17;1:47.694;0;;32.142;0;28.022;2;47.530;0;196.9;30:44.372;12:31:20.259;0:32.142;0:28.022;0:47.530;271.4;Matthias KAISER;;LMP2;;Algarve Pro Racing;Oreca;GF;32.142;28.022;47.530;
25;1;18;1:47.075;0;;31.218;2;28.054;0;47.803;0;198.1;32:31.447;12:33:07.334;0:31.218;0:28.054;0:47.803;273.4;Matthias KAISER;;LMP2;;Algarve Pro Racing;Oreca;GF;31.218;28.054;47.803;
25;1;19;1:47.325;0;;31.422;0;28.269;0;47.634;0;197.6;34:18.772;12:34:54.659;0:31.422;0:28.269;0:47.634;272.0;Matthias KAISER;;LMP2;;Algarve Pro Racing;Oreca;GF;31.422;28.269;47.634;
25;1;20;1:48.055;0;;31.501;0;28.732;0;47.822;0;196.3;36:06.827;12:36:42.714;0:31.501;0:28.732;0:47.822;272.7;Matthias KAISER;;LMP2;;Algarve Pro Racing;Oreca;GF;31.501;28.732;47.822;
25;1;21;1:52.571;0;B;31.427;0;28.371;0;52.773;0;188.4;37:59.398;12:38:35.285;0:31.427;0:28.371;0:52.773;273.4;Matthias KAISER;;LMP2;;Algarve Pro Racing;Oreca;GF;31.427;28.371;52.773;
25;1;22;2:48.136;0;;1:31.238;0;28.822;0;48.076;0;126.1;40:47.534;12:41:23.421;1:31.238;0:28.822;0:48.076;270.0;Matthias KAISER;0:01:02.017;LMP2;;Algarve Pro Racing;Oreca;GF;91.238;28.822;48.076;
25;1;23;1:48.148;0;;31.801;0;28.382;0;47.965;0;196.1;42:35.682;12:43:11.569;0:31.801;0:28.382;0:47.965;271.4;Matthias KAISER;;LMP2;;Algarve Pro Racing;Oreca;GF;31.801;28.382;47.965;
25;1;24;1:49.246;0;;32.311;0;28.678;0;48.257;0;194.1;44:24.928;12:45:00.815;0:32.311;0:28.678;0:48.257;272.7;Matthias KAISER;;LMP2;;Algarve Pro Racing;Oreca;GF;32.311;28.678;48.257;
25;1;25;1:49.424;0;;31.680;0;28.700;0;49.044;0;193.8;46:14.352;12:46:50.239;0:31.680;0:28.700;0:49.044;272.7;Matthias KAISER;;LMP2;;Algarve Pro Racing;Oreca;GF;31.680;28.700;49.044;
25;1;26;1:51.925;0;;32.419;0;29.516;0;49.990;0;189.5;48:06.277;12:48:42.164;0:32.419;0:29.516;0:49.990;272.7;Matthias KAISER;;LMP2;;Algarve Pro Racing;Oreca;GF;32.419;29.516;49.990;
25;1;27;1:52.251;0;;34.175;0;29.019;0;49.057;0;188.9;49:58.528;12:50:34.415;0:34.175;0:29.019;0:49.057;270.7;Matthias KAISER;;LMP2;;Algarve Pro Racing;Oreca;GF;34.175;29.019;49.057;
25;1;28;1:52.791;0;;33.130;0;30.235;0;49.426;0;188.0;51:51.319;12:52:27.206;0:33.130;0:30.235;0:49.426;272.7;Matthias KAISER;;LMP2;;Algarve Pro Racing;Oreca;GF;33.130;30.235;49.426;
25;1;29;1:52.237;0;;33.008;0;29.438;0;49.791;0;189.0;53:43.556;12:54:19.443;0:33.008;0:29.438;0:49.791;270.7;Matthias KAISER;;LMP2;;Algarve Pro Racing;Oreca;GF;33.008;29.438;49.791;
25;1;30;1:50.032;0;;32.421;0;28.856;0;48.755;0;192.7;55:33.588;12:56:09.475;0:32.421;0:28.856;0:48.755;272.0;Matthias KAISER;;LMP2;;Algarve Pro Racing;Oreca;GF;32.421;28.856;48.755;
25;1;31;1:49.407;0;;32.140;0;28.606;0;48.661;0;193.8;57:22.995;12:57:58.882;0:32.140;0:28.606;0:48.661;272.7;Matthias KAISER;;LMP2;;Algarve Pro Racing;Oreca;GF;32.140;28.606;48.661;
25;1;32;1:52.566;0;;33.749;0;28.852;0;49.965;0;188.4;59:15.561;12:59:51.448;0:33.749;0:28.852;0:49.965;271.4;Matthias KAISER;;LMP2;;Algarve Pro Racing;Oreca;GF;33.749;28.852;49.965;
25;1;33;1:49.329;0;;32.697;0;28.460;0;48.172;0;194.0;1:01:04.890;13:01:40.777;0:32.697;0:28.460;0:48.172;271.4;Matthias KAISER;;LMP2;;Algarve Pro Racing;Oreca;GF;32.697;28.460;48.172;
25;1;34;1:51.723;0;;33.431;0;29.278;0;49.014;0;189.8;1:02:56.613;13:03:32.500;0:33.431;0:29.278;0:49.014;265.4;Matthias KAISER;;LMP2;;Algarve Pro Racing;Oreca;GF;33.431;29.278;49.014;
25;1;35;1:49.098;0;;31.964;0;28.647;0;48.487;0;194.4;1:04:45.711;13:05:21.598;0:31.964;0:28.647;0:48.487;272.7;Matthias KAISER;;LMP2;;Algarve Pro Racing;Oreca;GF;31.964;28.647;48.487;
25;1;36;1:48.986;0;;31.973;0;28.746;0;48.267;0;194.6;1:06:34.697;13:07:10.584;0:31.973;0:28.746;0:48.267;272.0;Matthias KAISER;;LMP2;;Algarve Pro Racing;Oreca;GF;31.973;28.746;48.267;
25;1;37;1:50.226;0;;31.897;0;29.636;0;48.693;0;192.4;1:08:24.923;13:09:00.810;0:31.897;0:29.636;0:48.693;272.7;Matthias KAISER;;LMP2;;Algarve Pro Racing;Oreca;GF;31.897;29.636;48.693;
25;1;38;1:50.192;0;;31.980;0;28.570;0;49.642;0;192.5;1:10:15.115;13:10:51.002;0:31.980;0:28.570;0:49.642;273.4;Matthias KAISER;;LMP2;;Algarve Pro Racing;Oreca;GF;31.980;28.570;49.642;
25;1;39;1:51.819;0;;34.052;0;28.692;0;49.075;0;189.7;1:12:06.934;13:12:42.821;0:34.052;0:28.692;0:49.075;272.7;Matthias KAISER;;LMP2;;Algarve Pro Racing;Oreca;GF;34.052;28.692;49.075;
25;1;40;1:53.155;0;;33.495;0;29.188;0;50.472;0;187.4;1:14:00.089;13:14:35.976;0:33.495;0:29.188;0:50.472;272.7;Matthias KAISER;;LMP2;;Algarve Pro Racing;Oreca;GF;33.495;29.188;50.472;
25;1;41;1:52.078;0;;33.399;0;28.771;0;49.908;0;189.2;1:15:52.167;13:16:28.054;0:33.399;0:28.771;0:49.908;272.0;Matthias KAISER;;LMP2;;Algarve Pro Racing;Oreca;GF;33.399;28.771;49.908;
25;1;42;1:55.232;0;B;33.097;0;28.843;0;53.292;0;184.0;1:17:47.399;13:18:23.286;0:33.097;0:28.843;0:53.292;272.7;Matthias KAISER;;LMP2;;Algarve Pro Racing;Oreca;GF;33.097;28.843;53.292;
25;2;43;4:46.425;0;;3:16.994;0;32.223;0;57.208;0;74.0;1:22:33.824;13:23:09.711;3:16.994;0:32.223;0:57.208;240.5;Jake HUGHES;0:02:12.990;LMP2;;Algarve Pro Racing;Oreca;GF;196.994;32.223;57.208;
25;2;44;2:39.239;0;;38.416;0;30.636;1;1:30.187;0;133.2;1:25:13.063;13:25:48.950;0:38.416;0:30.636;1:30.187;266.0;Jake HUGHES;;LMP2;;Algarve Pro Racing;Oreca;GF;38.416;30.636;90.187;
25;2;45;4:26.430;0;B;1:31.289;0;1:08.021;0;1:47.120;0;79.6;1:29:39.493;13:30:15.380;1:31.289;1:08.021;1:47.120;;Jake HUGHES;;LMP2;;Algarve Pro Racing;Oreca;GF;91.289;68.021;107.120;
25;2;46;4:44.703;0;;1:47.552;0;1:09.261;0;1:47.890;0;74.5;1:34:24.196;13:35:00.083;1:47.552;1:09.261;1:47.890;;Jake HUGHES;0:00:32.162;LMP2;;Algarve Pro Racing;Oreca;SF;107.552;69.261;107.890;
25;2;47;2:31.120;0;;47.161;0;41.350;0;1:02.609;0;140.3;1:36:55.316;13:37:31.203;0:47.161;0:41.350;1:02.609;211.4;Jake HUGHES;;LMP2;;Algarve Pro Racing;Oreca;SF;47.161;41.350;62.609;
25;2;48;3:12.790;0;;40.862;0;56.686;0;1:35.242;0;110.0;1:40:08.106;13:40:43.993;0:40.862;0:56.686;1:35.242;206.9;Jake HUGHES;;LMP2;;Algarve Pro Racing;Oreca;SF;40.862;56.686;95.242;
25;2;49;4:17.591;0;;1:29.392;0;1:00.557;0;1:47.642;0;82.3;1:44:25.697;13:45:01.584;1:29.392;1:00.557;1:47.642;;Jake HUGHES;;LMP2;;Algarve Pro Racing;Oreca;SF;89.392;60.557;107.642;
25;2;50;4:07.276;0;;1:31.148;0;58.997;0;1:37.131;0;85.8;1:48:32.973;13:49:08.860;1:31.148;0:58.997;1:37.131;;Jake HUGHES;;LMP2;;Algarve Pro Racing;Oreca;SF;91.148;58.997;97.131;
25;2;51;3:41.896;0;B;1:18.758;0;53.356;0;1:29.782;0;95.6;1:52:14.869;13:52:50.756;1:18.758;0:53.356;1:29.782;141.9;Jake HUGHES;;LMP2;;Algarve Pro Racing;Oreca;SF;78.758;53.356;89.782;
25;2;52;3:09.675;0;;1:32.029;0;34.680;0;1:02.966;0;111.8;1:55:24.544;13:56:00.431;1:32.029;0:34.680;1:02.966;240.5;Jake HUGHES;0:00:55.930;LMP2;;Algarve Pro Racing;Oreca;SF;92.029;34.680;62.966;
25;2;53;2:35.958;0;;45.554;0;41.662;0;1:08.742;0;136.0;1:58:00.502;13:58:36.389;0:45.554;0:41.662;1:08.742;180.6;Jake HUGHES;;LMP2;;Algarve Pro Racing;Oreca;SF;45.554;41.662;68.742;
25;2;54;2:47.689;0;;50.351;0;46.806;0;1:10.532;0;126.5;2:00:48.191;14:01:24.078;0:50.351;0:46.806;1:10.532;204.9;Jake HUGHES;;LMP2;;Algarve Pro Racing;Oreca;SF;50.351;46.806;70.532;
25;2;55;2:50.710;0;;51.816;0;45.912;0;1:12.982;0;124.2;2:03:38.901;14:04:14.788;0:51.816;0:45.912;1:12.982;;Jake HUGHES;;LMP2;;Algarve Pro Racing;Oreca;SF;51.816;45.912;72.982;
25;2;56;3:02.685;0;;56.359;0;50.352;0;1:15.974;0;116.1;2:06:41.586;14:07:17.473;0:56.359;0:50.352;1:15.974;135.2;Jake HUGHES;;LMP2;;Algarve Pro Racing;Oreca;SF;56.359;50.352;75.974;
25;2;57;3:03.317;0;;50.640;0;45.085;0;1:27.592;0;115.7;2:09:44.903;14:10:20.790;0:50.640;0:45.085;1:27.592;158.8;Jake HUGHES;;LMP2;;Algarve Pro Racing;Oreca;GF;50.640;45.085;87.592;
25;2;58;2:08.635;0;;38.581;0;34.754;0;55.300;0;164.9;2:11:53.538;14:12:29.425;0:38.581;0:34.754;0:55.300;262.8;Jake HUGHES;;LMP2;;Algarve Pro Racing;Oreca;GF;38.581;34.754;55.300;
25;2;59;2:05.435;0;;36.460;0;33.703;0;55.272;0;169.1;2:13:58.973;14:14:34.860;0:36.460;0:33.703;0:55.272;265.4;Jake HUGHES;;LMP2;;Algarve Pro Racing;Oreca;GF;36.460;33.703;55.272;
25;2;60;2:04.465;0;;36.154;0;33.396;0;54.915;0;170.4;2:16:03.438;14:16:39.325;0:36.154;0:33.396;0:54.915;266.0;Jake HUGHES;;LMP2;;Algarve Pro Racing;Oreca;GF;36.154;33.396;54.915;
25;2;61;2:04.997;0;;36.833;0;33.114;0;55.050;0;169.7;2:18:08.435;14:18:44.322;0:36.833;0:33.114;0:55.050;266.7;Jake HUGHES;;LMP2;;Algarve Pro Racing;Oreca;GF;36.833;33.114;55.050;
25;2;62;2:04.604;0;;36.192;0;33.491;0;54.921;0;170.2;2:20:13.039;14:20:48.926;0:36.192;0:33.491;0:54.921;266.0;Jake HUGHES;;LMP2;;Algarve Pro Racing;Oreca;GF;36.192;33.491;54.921;
25;2;63;2:03.016;0;;35.591;1;32.923;0;54.502;1;172.4;2:22:16.055;14:22:51.942;0:35.591;0:32.923;0:54.502;267.3;Jake HUGHES;;LMP2;;Algarve Pro Racing;Oreca;GF;35.591;32.923;54.502;
25;2;64;2:04.194;0;;35.739;0;33.404;0;55.051;0;170.8;2:24:20.249;14:24:56.136;0:35.739;0:33.404;0:55.051;266.7;Jake HUGHES;;LMP2;;Algarve Pro Racing;Oreca;GF;35.739;33.404;55.051;
25;2;65;2:05.490;0;;36.079;0;33.714;0;55.697;0;169.0;2:26:25.739;14:27:01.626;0:36.079;0:33.714;0:55.697;266.7;Jake HUGHES;;LMP2;;Algarve Pro Racing;Oreca;GF;36.079;33.714;55.697;
25;2;66;2:07.298;0;;37.254;0;34.749;0;55.295;0;166.6;2:28:33.037;14:29:08.924;0:37.254;0:34.749;0:55.295;266.7;Jake HUGHES;;LMP2;;Algarve Pro Racing;Oreca;GF;37.254;34.749;55.295;
25;2;67;2:09.624;0;;38.763;0;33.708;0;57.153;0;163.6;2:30:42.661;14:31:18.548;0:38.763;0:33.708;0:57.153;265.4;Jake HUGHES;;LMP2;;Algarve Pro Racing;Oreca;GF;38.763;33.708;57.153;
25;2;68;2:09.715;0;;37.233;0;34.595;0;57.887;0;163.5;2:32:52.376;14:33:28.263;0:37.233;0:34.595;0:57.887;266.0;Jake HUGHES;;LMP2;;Algarve Pro Racing;Oreca;GF;37.233;34.595;57.887;
25;2;69;2:09.724;0;;38.134;0;35.095;0;56.495;0;163.5;2:35:02.100;14:35:37.987;0:38.134;0:35.095;0:56.495;266.7;Jake HUGHES;;LMP2;;Algarve Pro Racing;Oreca;GF;38.134;35.095;56.495;
25;2;70;2:07.192;0;;37.016;0;33.764;0;56.412;0;166.7;2:37:09.292;14:37:45.179;0:37.016;0:33.764;0:56.412;265.4;Jake HUGHES;;LMP2;;Algarve Pro Racing;Oreca;GF;37.016;33.764;56.412;
25;2;71;2:25.678;0;;37.999;0;34.350;0;1:13.329;0;145.6;2:39:34.970;14:40:10.857;0:37.999;0:34.350;1:13.329;253.5;Jake HUGHES;;LMP2;;Algarve Pro Racing;Oreca;FCY;37.999;34.350;73.329;
25;2;72;4:27.555;0;;1:32.016;0;1:08.615;0;1:46.924;0;79.3;2:44:02.525;14:44:38.412;1:32.016;1:08.615;1:46.924;;Jake HUGHES;;LMP2;;Algarve Pro Racing;Oreca;FCY;92.016;68.615;106.924;
25;2;73;2:53.858;0;;1:18.212;0;36.636;0;59.010;0;122.0;2:46:56.383;14:47:32.270;1:18.212;0:36.636;0:59.010;250.6;Jake HUGHES;;LMP2;;Algarve Pro Racing;Oreca;GF;78.212;36.636;59.010;
25;2;74;2:08.890;0;;38.002;0;34.457;0;56.431;0;164.5;2:49:05.273;14:49:41.160;0:38.002;0:34.457;0:56.431;263.4;Jake HUGHES;;LMP2;;Algarve Pro Racing;Oreca;GF;38.002;34.457;56.431;
25;2;75;2:08.287;0;;37.470;0;34.316;0;56.501;0;165.3;2:51:13.560;14:51:49.447;0:37.470;0:34.316;0:56.501;265.4;Jake HUGHES;;LMP2;;Algarve Pro Racing;Oreca;GF;37.470;34.316;56.501;
25;2;76;4:10.102;0;;1:14.115;0;1:08.859;0;1:47.128;0;84.8;2:55:23.662;14:55:59.549;1:14.115;1:08.859;1:47.128;;Jake HUGHES;;LMP2;;Algarve Pro Racing;Oreca;FCY;74.115;68.859;107.128;
25;2;77;4:27.596;0;;1:32.606;0;1:08.600;0;1:46.390;0;79.3;2:59:51.258;15:00:27.145;1:32.606;1:08.600;1:46.390;;Jake HUGHES;;LMP2;;Algarve Pro Racing;Oreca;FCY;92.606;68.600;106.390;
25;2;78;2:21.143;0;B;43.280;0;35.566;0;1:02.297;0;150.3;3:02:12.401;15:02:48.288;0:43.280;0:35.566;1:02.297;262.1;Jake HUGHES;;LMP2;;Algarve Pro Racing;Oreca;GF;43.280;35.566;62.297;
25;3;79;3:21.312;0;;1:49.962;0;34.672;0;56.678;0;105.3;3:05:33.713;15:06:09.600;1:49.962;0:34.672;0:56.678;257.1;Ben BARNICOAT;0:01:15.962;LMP2;;Algarve Pro Racing;Oreca;GF;109.962;34.672;56.678;
25;3;80;2:07.910;0;;37.328;0;34.619;0;55.963;0;165.8;3:07:41.623;15:08:17.510;0:37.328;0:34.619;0:55.963;264.7;Ben BARNICOAT;;LMP2;;Algarve Pro Racing;Oreca;GF;37.328;34.619;55.963;
25;3;81;2:06.513;0;;37.362;0;33.521;0;55.630;0;167.6;3:09:48.136;15:10:24.023;0:37.362;0:33.521;0:55.630;264.7;Ben BARNICOAT;;LMP2;;Algarve Pro Racing;Oreca;GF;37.362;33.521;55.630;
25;3;82;2:07.563;0;;37.524;0;34.473;0;55.566;0;166.3;3:11:55.699;15:12:31.586;0:37.524;0:34.473;0:55.566;266.7;Ben BARNICOAT;;LMP2;;Algarve Pro Racing;Oreca;GF;37.524;34.473;55.566;
25;3;83;2:06.147;0;;37.226;0;33.486;0;55.435;0;168.1;3:14:01.846;15:14:37.733;0:37.226;0:33.486;0:55.435;268.7;Ben BARNICOAT;;LMP2;;Algarve Pro Racing;Oreca;GF;37.226;33.486;55.435;
25;3;84;2:06.509;0;;36.915;0;34.338;0;55.256;0;167.6;3:16:08.355;15:16:44.242;0:36.915;0:34.338;0:55.256;267.3;Ben BARNICOAT;;LMP2;;Algarve Pro Racing;Oreca;GF;36.915;34.338;55.256;
25;3;85;2:04.862;0;;36.761;0;33.099;0;55.002;0;169.8;3:18:13.217;15:18:49.104;0:36.761;0:33.099;0:55.002;265.4;Ben BARNICOAT;;LMP2;;Algarve Pro Racing;Oreca;GF;36.761;33.099;55.002;
25;3;86;2:04.386;0;;36.504;0;32.811;0;55.071;0;170.5;3:20:17.603;15:20:53.490;0:36.504;0:32.811;0:55.071;266.0;Ben BARNICOAT;;LMP2;;Algarve Pro Racing;Oreca;GF;36.504;32.811;55.071;
25;3;87;2:05.688;0;;36.453;0;33.876;0;55.359;0;168.7;3:22:23.291;15:22:59.178;0:36.453;0:33.876;0:55.359;268.7;Ben BARNICOAT;;LMP2;;Algarve Pro Racing;Oreca;GF;36.453;33.876;55.359;
25;3;88;2:06.516;0;;37.229;0;33.540;0;55.747;0;167.6;3:24:29.807;15:25:05.694;0:37.229;0:33.540;0:55.747;266.7;Ben BARNICOAT;;LMP2;;Algarve Pro Racing;Oreca;GF;37.229;33.540;55.747;
25;3;89;2:05.407;0;;36.468;0;33.330;0;55.609;0;169.1;3:26:35.214;15:27:11.101;0:36.468;0:33.330;0:55.609;268.0;Ben BARNICOAT;;LMP2;;Algarve Pro Racing;Oreca;GF;36.468;33.330;55.609;
25;3;90;2:05.876;0;;37.008;0;33.237;0;55.631;0;168.5;3:28:41.090;15:29:16.977;0:37.008;0:33.237;0:55.631;266.7;Ben BARNICOAT;;LMP2;;Algarve Pro Racing;Oreca;GF;37.008;33.237;55.631;
25;3;91;2:05.527;0;;36.451;0;33.487;0;55.589;0;168.9;3:30:46.617;15:31:22.504;0:36.451;0:33.487;0:55.589;266.7;Ben BARNICOAT;;LMP2;;Algarve Pro Racing;Oreca;GF;36.451;33.487;55.589;
25;3;92;2:06.055;0;;37.037;0;33.807;0;55.211;0;168.2;3:32:52.672;15:33:28.559;0:37.037;0:33.807;0:55.211;267.3;Ben BARNICOAT;;LMP2;;Algarve Pro Racing;Oreca;GF;37.037;33.807;55.211;
25;3;93;2:05.912;0;;37.283;0;33.300;0;55.329;0;168.4;3:34:58.584;15:35:34.471;0:37.283;0:33.300;0:55.329;266.7;Ben BARNICOAT;;LMP2;;Algarve Pro Racing;Oreca;GF;37.283;33.300;55.329;
25;3;94;2:05.735;0;;36.425;0;33.285;0;56.025;0;168.7;3:37:04.319;15:37:40.206;0:36.425;0:33.285;0:56.025;270.0;Ben BARNICOAT;;LMP2;;Algarve Pro Racing;Oreca;GF;36.425;33.285;56.025;
25;3;95;2:05.600;0;;37.343;0;33.238;0;55.019;0;168.9;3:39:09.919;15:39:45.806;0:37.343;0:33.238;0:55.019;269.3;Ben BARNICOAT;;LMP2;;Algarve Pro Racing;Oreca;GF;37.343;33.238;55.019;
25;3;96;2:05.013;0;;36.311;0;33.276;0;55.426;0;169.6;3:41:14.932;15:41:50.819;0:36.311;0:33.276;0:55.426;268.7;Ben BARNICOAT;;LMP2;;Algarve Pro Racing;Oreca;GF;36.311;33.276;55.426;
25;3;97;2:05.744;0;;37.417;0;33.076;0;55.251;0;168.7;3:43:20.676;15:43:56.563;0:37.417;0:33.076;0:55.251;268.7;Ben BARNICOAT;;LMP2;;Algarve Pro Racing;Oreca;GF;37.417;33.076;55.251;
25;3;98;2:04.383;0;;36.466;0;32.788;0;55.129;0;170.5;3:45:25.059;15:46:00.946;0:36.466;0:32.788;0:55.129;268.0;Ben BARNICOAT;;LMP2;;Algarve Pro Racing;Oreca;GF;36.466;32.788;55.129;
25;3;99;2:09.921;0;B;36.823;0;32.871;0;1:00.227;0;163.2;3:47:34.980;15:48:10.867;0:36.823;0:32.871;1:00.227;266.7;Ben BARNICOAT;;LMP2;;Algarve Pro Racing;Oreca;GF;36.823;32.871;60.227;
25;3;100;2:38.446;0;;1:10.849;0;32.773;1;54.824;0;133.8;3:50:13.426;15:50:49.313;1:10.849;0:32.773;0:54.824;268.0;Ben BARNICOAT;0:00:38.727;LMP2;;Algarve Pro Racing;Oreca;GF;70.849;32.773;54.824;
25;3;101;2:05.699;0;;35.989;0;32.842;0;56.868;0;168.7;3:52:19.125;15:52:55.012;0:35.989;0:32.842;0:56.868;268.7;Ben BARNICOAT;;LMP2;;Algarve Pro Racing;Oreca;GF;35.989;32.842;56.868;
25;3;102;2:04.658;0;;36.170;0;33.418;0;55.070;0;170.1;3:54:23.783;15:54:59.670;0:36.170;0:33.418;0:55.070;268.7;Ben BARNICOAT;;LMP2;;Algarve Pro Racing;Oreca;GF;36.170;33.418;55.070;
25;3;103;2:03.578;0;;35.791;0;32.881;0;54.906;0;171.6;3:56:27.361;15:57:03.248;0:35.791;0:32.881;0:54.906;270.7;Ben BARNICOAT;;LMP2;;Algarve Pro Racing;Oreca;GF;35.791;32.881;54.906;
25;3;104;2:03.015;0;;35.346;1;32.906;0;54.763;1;172.4;3:58:30.376;15:59:06.263;0:35.346;0:32.906;0:54.763;268.7;Ben BARNICOAT;;LMP2;;Algarve Pro Racing;Oreca;GF;35.346;32.906;54.763;
25;3;105;2:04.030;0;;36.346;0;32.796;0;54.888;0;171.0;4:00:34.406;16:01:10.293;0:36.346;0:32.796;0:54.888;270.0;Ben BARNICOAT;;LMP2;;Algarve Pro Racing;Oreca;FF;36.346;32.796;54.888;
27;1;1;2:06.654;0;;43.362;0;32.326;0;50.966;0;163.4;2:06.654;12:02:42.541;0:43.362;0:32.326;0:50.966;269.3;Kriton LENTOUDIS;;LMP2 Pro/Am;;Nielsen Racing;Oreca;GF;43.362;32.326;50.966;
27;1;2;1:53.836;0;;33.446;0;30.632;0;49.758;0;186.3;4:00.490;12:04:36.377;0:33.446;0:30.632;0:49.758;271.4;Kriton LENTOUDIS;;LMP2 Pro/Am;;Nielsen Racing;Oreca;GF;33.446;30.632;49.758;
27;1;3;1:51.922;0;;33.185;0;29.697;0;49.040;0;189.5;5:52.412;12:06:28.299;0:33.185;0:29.697;0:49.040;271.4;Kriton LENTOUDIS;;LMP2 Pro/Am;;Nielsen Racing;Oreca;GF;33.185;29.697;49.040;
27;1;4;1:51.813;0;;33.019;0;29.577;0;49.217;0;189.7;7:44.225;12:08:20.112;0:33.019;0:29.577;0:49.217;270.0;Kriton LENTOUDIS;;LMP2 Pro/Am;;Nielsen Racing;Oreca;GF;33.019;29.577;49.217;
27;1;5;1:52.206;0;;33.326;0;29.652;0;49.228;0;189.0;9:36.431;12:10:12.318;0:33.326;0:29.652;0:49.228;270.7;Kriton LENTOUDIS;;LMP2 Pro/Am;;Nielsen Racing;Oreca;GF;33.326;29.652;49.228;
27;1;6;1:51.739;0;;33.002;0;29.423;0;49.314;0;189.8;11:28.170;12:12:04.057;0:33.002;0:29.423;0:49.314;270.7;Kriton LENTOUDIS;;LMP2 Pro/Am;;Nielsen Racing;Oreca;GF;33.002;29.423;49.314;
27;1;7;1:51.597;0;;32.850;0;29.556;0;49.191;0;190.0;13:19.767;12:13:55.654;0:32.850;0:29.556;0:49.191;270.7;Kriton LENTOUDIS;;LMP2 Pro/Am;;Nielsen Racing;Oreca;GF;32.850;29.556;49.191;
27;1;8;1:51.567;0;;32.933;0;29.683;0;48.951;0;190.1;15:11.334;12:15:47.221;0:32.933;0:29.683;0:48.951;270.0;Kriton LENTOUDIS;;LMP2 Pro/Am;;Nielsen Racing;Oreca;GF;32.933;29.683;48.951;
27;1;9;1:53.132;0;;32.801;0;29.637;0;50.694;0;187.5;17:04.466;12:17:40.353;0:32.801;0:29.637;0:50.694;271.4;Kriton LENTOUDIS;;LMP2 Pro/Am;;Nielsen Racing;Oreca;GF;32.801;29.637;50.694;
27;1;10;1:56.525;0;;34.769;0;30.520;0;51.236;0;182.0;19:00.991;12:19:36.878;0:34.769;0:30.520;0:51.236;270.0;Kriton LENTOUDIS;;LMP2 Pro/Am;;Nielsen Racing;Oreca;GF;34.769;30.520;51.236;
27;1;11;1:56.016;0;;33.093;0;30.708;0;52.215;0;182.8;20:57.007;12:21:32.894;0:33.093;0:30.708;0:52.215;271.4;Kriton LENTOUDIS;;LMP2 Pro/Am;;Nielsen Racing;Oreca;GF;33.093;30.708;52.215;
27;1;12;1:53.280;0;;34.077;0;29.958;0;49.245;0;187.2;22:50.287;12:23:26.174;0:34.077;0:29.958;0:49.245;269.3;Kriton LENTOUDIS;;LMP2 Pro/Am;;Nielsen Racing;Oreca;GF;34.077;29.958;49.245;
27;1;13;1:54.826;0;;34.427;0;29.671;0;50.728;0;184.7;24:45.113;12:25:21.000;0:34.427;0:29.671;0:50.728;270.0;Kriton LENTOUDIS;;LMP2 Pro/Am;;Nielsen Racing;Oreca;GF;34.427;29.671;50.728;
27;1;14;1:51.293;0;;32.995;0;29.278;0;49.020;0;190.6;26:36.406;12:27:12.293;0:32.995;0:29.278;0:49.020;269.3;Kriton LENTOUDIS;;LMP2 Pro/Am;;Nielsen Racing;Oreca;GF;32.995;29.278;49.020;
27;1;15;1:51.097;0;;32.790;0;29.347;0;48.960;0;190.9;28:27.503;12:29:03.390;0:32.790;0:29.347;0:48.960;270.0;Kriton LENTOUDIS;;LMP2 Pro/Am;;Nielsen Racing;Oreca;GF;32.790;29.347;48.960;
27;1;16;1:53.424;0;;33.504;0;29.589;0;50.331;0;187.0;30:20.927;12:30:56.814;0:33.504;0:29.589;0:50.331;270.7;Kriton LENTOUDIS;;LMP2 Pro/Am;;Nielsen Racing;Oreca;GF;33.504;29.589;50.331;
27;1;17;1:53.040;0;;33.575;0;29.459;0;50.006;0;187.6;32:13.967;12:32:49.854;0:33.575;0:29.459;0:50.006;264.1;Kriton LENTOUDIS;;LMP2 Pro/Am;;Nielsen Racing;Oreca;GF;33.575;29.459;50.006;
27;1;18;1:53.830;0;;34.381;0;29.205;0;50.244;0;186.3;34:07.797;12:34:43.684;0:34.381;0:29.205;0:50.244;270.0;Kriton LENTOUDIS;;LMP2 Pro/Am;;Nielsen Racing;Oreca;GF;34.381;29.205;50.244;
27;1;19;1:52.952;0;;34.853;0;29.191;1;48.908;1;187.8;36:00.749;12:36:36.636;0:34.853;0:29.191;0:48.908;269.3;Kriton LENTOUDIS;;LMP2 Pro/Am;;Nielsen Racing;Oreca;GF;34.853;29.191;48.908;
27;1;20;1:53.563;0;;33.406;0;29.683;0;50.474;0;186.7;37:54.312;12:38:30.199;0:33.406;0:29.683;0:50.474;268.0;Kriton LENTOUDIS;;LMP2 Pro/Am;;Nielsen Racing;Oreca;GF;33.406;29.683;50.474;
27;1;21;1:51.807;0;;32.641;1;29.424;0;49.742;0;189.7;39:46.119;12:40:22.006;0:32.641;0:29.424;0:49.742;271.4;Kriton LENTOUDIS;;LMP2 Pro/Am;;Nielsen Racing;Oreca;GF;32.641;29.424;49.742;
27;1;22;1:57.108;0;;36.720;0;30.592;0;49.796;0;181.1;41:43.227;12:42:19.114;0:36.720;0:30.592;0:49.796;268.0;Kriton LENTOUDIS;;LMP2 Pro/Am;;Nielsen Racing;Oreca;GF;36.720;30.592;49.796;
27;1;23;1:59.885;0;B;33.653;0;29.717;0;56.515;0;176.9;43:43.112;12:44:18.999;0:33.653;0:29.717;0:56.515;272.7;Kriton LENTOUDIS;;LMP2 Pro/Am;;Nielsen Racing;Oreca;GF;33.653;29.717;56.515;
27;1;24;2:43.309;0;;1:22.719;0;30.417;0;50.173;0;129.9;46:26.421;12:47:02.308;1:22.719;0:30.417;0:50.173;266.0;Kriton LENTOUDIS;0:00:52.036;LMP2 Pro/Am;;Nielsen Racing;Oreca;GF;82.719;30.417;50.173;
27;1;25;1:55.713;0;;35.125;0;29.803;0;50.785;0;183.3;48:22.134;12:48:58.021;0:35.125;0:29.803;0:50.785;265.4;Kriton LENTOUDIS;;LMP2 Pro/Am;;Nielsen Racing;Oreca;GF;35.125;29.803;50.785;
27;1;26;1:53.515;0;;33.435;0;29.783;0;50.297;0;186.8;50:15.649;12:50:51.536;0:33.435;0:29.783;0:50.297;268.7;Kriton LENTOUDIS;;LMP2 Pro/Am;;Nielsen Racing;Oreca;GF;33.435;29.783;50.297;
27;1;27;1:56.482;0;;33.557;0;30.159;0;52.766;0;182.1;52:12.131;12:52:48.018;0:33.557;0:30.159;0:52.766;266.7;Kriton LENTOUDIS;;LMP2 Pro/Am;;Nielsen Racing;Oreca;GF;33.557;30.159;52.766;
27;1;28;1:55.163;0;;35.320;0;29.968;0;49.875;0;184.2;54:07.294;12:54:43.181;0:35.320;0:29.968;0:49.875;266.7;Kriton LENTOUDIS;;LMP2 Pro/Am;;Nielsen Racing;Oreca;GF;35.320;29.968;49.875;
27;1;29;1:56.536;0;;33.944;0;30.660;0;51.932;0;182.0;56:03.830;12:56:39.717;0:33.944;0:30.660;0:51.932;267.3;Kriton LENTOUDIS;;LMP2 Pro/Am;;Nielsen Racing;Oreca;GF;33.944;30.660;51.932;
27;1;30;1:53.368;0;;33.617;0;29.928;0;49.823;0;187.1;57:57.198;12:58:33.085;0:33.617;0:29.928;0:49.823;266.7;Kriton LENTOUDIS;;LMP2 Pro/Am;;Nielsen Racing;Oreca;GF;33.617;29.928;49.823;
27;1;31;1:54.778;0;;33.266;0;30.022;0;51.490;0;184.8;59:51.976;13:00:27.863;0:33.266;0:30.022;0:51.490;266.7;Kriton LENTOUDIS;;LMP2 Pro/Am;;Nielsen Racing;Oreca;GF;33.266;30.022;51.490;
27;1;32;1:57.264;0;B;33.040;0;29.228;0;54.996;0;180.9;1:01:49.240;13:02:25.127;0:33.040;0:29.228;0:54.996;270.0;Kriton LENTOUDIS;;LMP2 Pro/Am;;Nielsen Racing;Oreca;GF;33.040;29.228;54.996;
27;3;33;2:40.260;0;;1:22.883;0;28.752;0;48.625;0;132.3;1:04:29.500;13:05:05.387;1:22.883;0:28.752;0:48.625;270.7;James ALLEN;0:00:53.806;LMP2 Pro/Am;;Nielsen Racing;Oreca;GF;82.883;28.752;48.625;
27;3;34;1:49.096;0;;32.313;0;28.542;0;48.241;0;194.4;1:06:18.596;13:06:54.483;0:32.313;0:28.542;0:48.241;272.0;James ALLEN;;LMP2 Pro/Am;;Nielsen Racing;Oreca;GF;32.313;28.542;48.241;
27;3;35;1:50.806;0;;32.021;2;29.398;0;49.387;0;191.4;1:08:09.402;13:08:45.289;0:32.021;0:29.398;0:49.387;271.4;James ALLEN;;LMP2 Pro/Am;;Nielsen Racing;Oreca;GF;32.021;29.398;49.387;
27;3;36;1:50.169;0;;32.980;0;28.835;0;48.354;0;192.5;1:09:59.571;13:10:35.458;0:32.980;0:28.835;0:48.354;272.7;James ALLEN;;LMP2 Pro/Am;;Nielsen Racing;Oreca;GF;32.980;28.835;48.354;
27;3;37;1:48.623;2;;32.642;0;28.376;0;47.605;2;195.2;1:11:48.194;13:12:24.081;0:32.642;0:28.376;0:47.605;272.0;James ALLEN;;LMP2 Pro/Am;;Nielsen Racing;Oreca;GF;32.642;28.376;47.605;
27;3;38;1:50.591;0;;33.414;0;28.706;0;48.471;0;191.8;1:13:38.785;13:14:14.672;0:33.414;0:28.706;0:48.471;271.4;James ALLEN;;LMP2 Pro/Am;;Nielsen Racing;Oreca;GF;33.414;28.706;48.471;
27;3;39;1:52.671;0;;35.539;0;28.903;0;48.229;0;188.2;1:15:31.456;13:16:07.343;0:35.539;0:28.903;0:48.229;272.0;James ALLEN;;LMP2 Pro/Am;;Nielsen Racing;Oreca;GF;35.539;28.903;48.229;
27;3;40;1:50.518;0;;33.880;0;28.396;0;48.242;0;191.9;1:17:21.974;13:17:57.861;0:33.880;0:28.396;0:48.242;271.4;James ALLEN;;LMP2 Pro/Am;;Nielsen Racing;Oreca;GF;33.880;28.396;48.242;
27;3;41;2:04.353;0;;33.014;0;28.369;2;1:02.970;0;170.5;1:19:26.327;13:20:02.214;0:33.014;0:28.369;1:02.970;271.4;James ALLEN;;LMP2 Pro/Am;;Nielsen Racing;Oreca;FCY;33.014;28.369;62.970;
27;3;42;2:52.647;0;;1:30.245;0;30.292;0;52.110;0;122.8;1:22:18.974;13:22:54.861;1:30.245;0:30.292;0:52.110;;James ALLEN;;LMP2 Pro/Am;;Nielsen Racing;Oreca;GF;90.245;30.292;52.110;
27;3;43;2:06.213;0;B;35.359;0;28.986;0;1:01.868;0;168.0;1:24:25.187;13:25:01.074;0:35.359;0:28.986;1:01.868;274.8;James ALLEN;;LMP2 Pro/Am;;Nielsen Racing;Oreca;GF;35.359;28.986;61.868;
27;3;44;5:20.124;0;;2:26.446;0;1:08.020;0;1:45.658;0;66.2;1:29:45.311;13:30:21.198;2:26.446;1:08.020;1:45.658;;James ALLEN;0:01:10.593;LMP2 Pro/Am;;Nielsen Racing;Oreca;GF;146.446;68.020;105.658;
27;3;45;4:26.935;0;;1:31.490;0;1:08.954;0;1:46.491;0;79.4;1:34:12.246;13:34:48.133;1:31.490;1:08.954;1:46.491;;James ALLEN;;LMP2 Pro/Am;;Nielsen Racing;Oreca;SF;91.490;68.954;106.491;
27;3;46;2:34.751;0;;48.571;0;41.663;0;1:04.517;0;137.0;1:36:46.997;13:37:22.884;0:48.571;0:41.663;1:04.517;216.9;James ALLEN;;LMP2 Pro/Am;;Nielsen Racing;Oreca;SF;48.571;41.663;64.517;
27;3;47;3:17.454;0;;45.202;0;57.437;0;1:34.815;0;107.4;1:40:04.451;13:40:40.338;0:45.202;0:57.437;1:34.815;160.0;James ALLEN;;LMP2 Pro/Am;;Nielsen Racing;Oreca;SF;45.202;57.437;94.815;
27;3;48;4:06.147;0;;1:29.884;0;1:00.936;0;1:35.327;0;86.2;1:44:10.598;13:44:46.485;1:29.884;1:00.936;1:35.327;;James ALLEN;;LMP2 Pro/Am;;Nielsen Racing;Oreca;SF;89.884;60.936;95.327;
27;3;49;2:57.396;0;;53.375;0;50.972;0;1:13.049;0;119.5;1:47:07.994;13:47:43.881;0:53.375;0:50.972;1:13.049;174.2;James ALLEN;;LMP2 Pro/Am;;Nielsen Racing;Oreca;SF;53.375;50.972;73.049;
27;3;50;2:43.107;0;;47.371;0;46.283;0;1:09.453;0;130.0;1:49:51.101;13:50:26.988;0:47.371;0:46.283;1:09.453;173.6;James ALLEN;;LMP2 Pro/Am;;Nielsen Racing;Oreca;SF;47.371;46.283;69.453;
27;3;51;2:52.086;0;B;45.690;0;42.779;0;1:23.617;0;123.2;1:52:43.187;13:53:19.074;0:45.690;0:42.779;1:23.617;184.6;James ALLEN;;LMP2 Pro/Am;;Nielsen Racing;Oreca;SF;45.690;42.779;83.617;
27;3;52;3:40.558;0;;1:43.631;0;43.705;0;1:13.222;0;96.2;1:56:23.745;13:56:59.632;1:43.631;0:43.705;1:13.222;204.5;James ALLEN;0:01:02.568;LMP2 Pro/Am;;Nielsen Racing;Oreca;SF;103.631;43.705;73.222;
27;3;53;2:47.069;0;;49.158;0;44.078;0;1:13.833;0;126.9;1:59:10.814;13:59:46.701;0:49.158;0:44.078;1:13.833;214.3;James ALLEN;;LMP2 Pro/Am;;Nielsen Racing;Oreca;SF;49.158;44.078;73.833;
27;3;54;2:28.444;0;;49.648;0;41.849;0;56.947;0;142.9;2:01:39.258;14:02:15.145;0:49.648;0:41.849;0:56.947;217.3;James ALLEN;;LMP2 Pro/Am;;Nielsen Racing;Oreca;SF;49.648;41.849;56.947;
27;3;55;2:15.706;0;;40.695;0;35.583;0;59.428;0;156.3;2:03:54.964;14:04:30.851;0:40.695;0:35.583;0:59.428;254.7;James ALLEN;;LMP2 Pro/Am;;Nielsen Racing;Oreca;SF;40.695;35.583;59.428;
27;3;56;3:02.029;0;;56.308;0;48.089;0;1:17.632;0;116.5;2:06:56.993;14:07:32.880;0:56.308;0:48.089;1:17.632;139.0;James ALLEN;;LMP2 Pro/Am;;Nielsen Racing;Oreca;SF;56.308;48.089;77.632;
27;3;57;2:59.305;0;;49.316;0;47.446;0;1:22.543;0;118.3;2:09:56.298;14:10:32.185;0:49.316;0:47.446;1:22.543;184.6;James ALLEN;;LMP2 Pro/Am;;Nielsen Racing;Oreca;GF;49.316;47.446;82.543;
27;3;58;2:12.695;0;;37.315;0;37.871;0;57.509;0;159.8;2:12:08.993;14:12:44.880;0:37.315;0:37.871;0:57.509;268.0;James ALLEN;;LMP2 Pro/Am;;Nielsen Racing;Oreca;GF;37.315;37.871;57.509;
27;3;59;2:07.539;0;;36.206;0;35.872;0;55.461;0;166.3;2:14:16.532;14:14:52.419;0:36.206;0:35.872;0:55.461;268.7;James ALLEN;;LMP2 Pro/Am;;Nielsen Racing;Oreca;GF;36.206;35.872;55.461;
27;3;60;2:05.124;0;;35.997;0;33.791;0;55.336;0;169.5;2:16:21.656;14:16:57.543;0:35.997;0:33.791;0:55.336;268.0;James ALLEN;;LMP2 Pro/Am;;Nielsen Racing;Oreca;GF;35.997;33.791;55.336;
27;3;61;2:06.640;0;;36.631;0;34.683;0;55.326;0;167.5;2:18:28.296;14:19:04.183;0:36.631;0:34.683;0:55.326;268.7;James ALLEN;;LMP2 Pro/Am;;Nielsen Racing;Oreca;GF;36.631;34.683;55.326;
27;3;62;2:04.352;0;;35.854;0;33.881;0;54.617;0;170.5;2:20:32.648;14:21:08.535;0:35.854;0:33.881;0:54.617;269.3;James ALLEN;;LMP2 Pro/Am;;Nielsen Racing;Oreca;GF;35.854;33.881;54.617;
27;3;63;2:03.412;0;;35.259;0;33.410;0;54.743;0;171.8;2:22:36.060;14:23:11.947;0:35.259;0:33.410;0:54.743;268.0;James ALLEN;;LMP2 Pro/Am;;Nielsen Racing;Oreca;GF;35.259;33.410;54.743;
27;3;64;2:03.649;0;;35.223;0;33.508;0;54.918;0;171.5;2:24:39.709;14:25:15.596;0:35.223;0:33.508;0:54.918;268.0;James ALLEN;;LMP2 Pro/Am;;Nielsen Racing;Oreca;GF;35.223;33.508;54.918;
27;3;65;2:05.416;0;;36.216;0;33.473;0;55.727;0;169.1;2:26:45.125;14:27:21.012;0:36.216;0:33.473;0:55.727;268.7;James ALLEN;;LMP2 Pro/Am;;Nielsen Racing;Oreca;GF;36.216;33.473;55.727;
27;3;66;2:04.961;0;;36.338;0;33.629;0;54.994;0;169.7;2:28:50.086;14:29:25.973;0:36.338;0:33.629;0:54.994;268.7;James ALLEN;;LMP2 Pro/Am;;Nielsen Racing;Oreca;GF;36.338;33.629;54.994;
27;3;67;2:08.160;0;;36.448;0;34.685;0;57.027;0;165.5;2:30:58.246;14:31:34.133;0:36.448;0:34.685;0:57.027;268.0;James ALLEN;;LMP2 Pro/Am;;Nielsen Racing;Oreca;GF;36.448;34.685;57.027;
27;3;68;2:07.475;0;;36.835;0;34.890;0;55.750;0;166.4;2:33:05.721;14:33:41.608;0:36.835;0:34.890;0:55.750;269.3;James ALLEN;;LMP2 Pro/Am;;Nielsen Racing;Oreca;GF;36.835;34.890;55.750;
27;3;69;2:07.369;0;;37.614;0;33.824;0;55.931;0;166.5;2:35:13.090;14:35:48.977;0:37.614;0:33.824;0:55.931;266.7;James ALLEN;;LMP2 Pro/Am;;Nielsen Racing;Oreca;GF;37.614;33.824;55.931;
27;3;70;2:06.957;0;;36.778;0;34.277;0;55.902;0;167.0;2:37:20.047;14:37:55.934;0:36.778;0:34.277;0:55.902;268.0;James ALLEN;;LMP2 Pro/Am;;Nielsen Racing;Oreca;GF;36.778;34.277;55.902;
27;3;71;2:40.361;0;;36.801;0;34.114;0;1:29.446;0;132.2;2:40:00.408;14:40:36.295;0:36.801;0:34.114;1:29.446;268.0;James ALLEN;;LMP2 Pro/Am;;Nielsen Racing;Oreca;FCY;36.801;34.114;89.446;
27;3;72;4:26.133;0;;1:31.905;0;1:08.224;0;1:46.004;0;79.7;2:44:26.541;14:45:02.428;1:31.905;1:08.224;1:46.004;;James ALLEN;;LMP2 Pro/Am;;Nielsen Racing;Oreca;FCY;91.905;68.224;106.004;
27;3;73;2:42.050;0;;1:07.879;0;36.368;0;57.803;0;130.9;2:47:08.591;14:47:44.478;1:07.879;0:36.368;0:57.803;261.5;James ALLEN;;LMP2 Pro/Am;;Nielsen Racing;Oreca;GF;67.879;36.368;57.803;
27;3;74;2:09.055;0;;36.881;0;34.814;0;57.360;0;164.3;2:49:17.646;14:49:53.533;0:36.881;0:34.814;0:57.360;266.0;James ALLEN;;LMP2 Pro/Am;;Nielsen Racing;Oreca;GF;36.881;34.814;57.360;
27;3;75;2:13.566;0;;37.183;0;35.379;0;1:01.004;0;158.8;2:51:31.212;14:52:07.099;0:37.183;0:35.379;1:01.004;266.0;James ALLEN;;LMP2 Pro/Am;;Nielsen Racing;Oreca;FCY;37.183;35.379;61.004;
27;3;76;4:26.639;0;;1:31.957;0;1:08.319;0;1:46.363;0;79.5;2:55:57.851;14:56:33.738;1:31.957;1:08.319;1:46.363;;James ALLEN;;LMP2 Pro/Am;;Nielsen Racing;Oreca;FCY;91.957;68.319;106.363;
27;3;77;4:22.712;0;B;1:32.072;0;1:08.957;0;1:41.683;0;80.7;3:00:20.563;15:00:56.450;1:32.072;1:08.957;1:41.683;;James ALLEN;;LMP2 Pro/Am;;Nielsen Racing;Oreca;GF;92.072;68.957;101.683;
27;2;78;3:24.551;0;;1:49.082;0;36.043;0;59.426;0;103.7;3:03:45.114;15:04:21.001;1:49.082;0:36.043;0:59.426;261.5;Alex QUINN;0:01:14.953;LMP2 Pro/Am;;Nielsen Racing;Oreca;GF;109.082;36.043;59.426;
27;2;79;2:11.880;0;;39.249;0;34.980;0;57.651;0;160.8;3:05:56.994;15:06:32.881;0:39.249;0:34.980;0:57.651;262.1;Alex QUINN;;LMP2 Pro/Am;;Nielsen Racing;Oreca;GF;39.249;34.980;57.651;
27;2;80;2:10.367;0;;38.083;0;34.948;0;57.336;0;162.7;3:08:07.361;15:08:43.248;0:38.083;0:34.948;0:57.336;264.7;Alex QUINN;;LMP2 Pro/Am;;Nielsen Racing;Oreca;GF;38.083;34.948;57.336;
27;2;81;2:10.143;0;;37.858;0;34.588;0;57.697;0;163.0;3:10:17.504;15:10:53.391;0:37.858;0:34.588;0:57.697;264.7;Alex QUINN;;LMP2 Pro/Am;;Nielsen Racing;Oreca;GF;37.858;34.588;57.697;
27;2;82;2:08.990;0;;37.676;0;34.451;0;56.863;0;164.4;3:12:26.494;15:13:02.381;0:37.676;0:34.451;0:56.863;265.4;Alex QUINN;;LMP2 Pro/Am;;Nielsen Racing;Oreca;GF;37.676;34.451;56.863;
27;2;83;2:08.782;0;;37.618;0;34.487;0;56.677;0;164.7;3:14:35.276;15:15:11.163;0:37.618;0:34.487;0:56.677;266.0;Alex QUINN;;LMP2 Pro/Am;;Nielsen Racing;Oreca;GF;37.618;34.487;56.677;
27;2;84;2:08.995;0;;37.619;0;34.560;0;56.816;0;164.4;3:16:44.271;15:17:20.158;0:37.619;0:34.560;0:56.816;266.7;Alex QUINN;;LMP2 Pro/Am;;Nielsen Racing;Oreca;GF;37.619;34.560;56.816;
27;2;85;2:08.680;0;;38.228;0;34.226;0;56.226;0;164.8;3:18:52.951;15:19:28.838;0:38.228;0:34.226;0:56.226;266.7;Alex QUINN;;LMP2 Pro/Am;;Nielsen Racing;Oreca;GF;38.228;34.226;56.226;
27;2;86;2:07.750;0;;37.705;0;34.051;0;55.994;0;166.0;3:21:00.701;15:21:36.588;0:37.705;0:34.051;0:55.994;266.0;Alex QUINN;;LMP2 Pro/Am;;Nielsen Racing;Oreca;GF;37.705;34.051;55.994;
27;2;87;2:08.656;0;;37.161;0;34.684;0;56.811;0;164.8;3:23:09.357;15:23:45.244;0:37.161;0:34.684;0:56.811;266.7;Alex QUINN;;LMP2 Pro/Am;;Nielsen Racing;Oreca;GF;37.161;34.684;56.811;
27;2;88;2:06.996;0;;37.338;0;33.802;0;55.856;0;167.0;3:25:16.353;15:25:52.240;0:37.338;0:33.802;0:55.856;266.7;Alex QUINN;;LMP2 Pro/Am;;Nielsen Racing;Oreca;GF;37.338;33.802;55.856;
27;2;89;2:06.983;0;;37.105;0;33.970;0;55.908;0;167.0;3:27:23.336;15:27:59.223;0:37.105;0:33.970;0:55.908;267.3;Alex QUINN;;LMP2 Pro/Am;;Nielsen Racing;Oreca;GF;37.105;33.970;55.908;
27;2;90;2:07.730;0;;37.711;0;33.864;0;56.155;0;166.0;3:29:31.066;15:30:06.953;0:37.711;0:33.864;0:56.155;266.7;Alex QUINN;;LMP2 Pro/Am;;Nielsen Racing;Oreca;GF;37.711;33.864;56.155;
27;2;91;2:07.499;0;;37.124;0;33.756;0;56.619;0;166.3;3:31:38.565;15:32:14.452;0:37.124;0:33.756;0:56.619;267.3;Alex QUINN;;LMP2 Pro/Am;;Nielsen Racing;Oreca;GF;37.124;33.756;56.619;
27;2;92;2:07.400;0;;37.655;0;34.115;0;55.630;0;166.5;3:33:45.965;15:34:21.852;0:37.655;0:34.115;0:55.630;268.7;Alex QUINN;;LMP2 Pro/Am;;Nielsen Racing;Oreca;GF;37.655;34.115;55.630;
27;2;93;2:06.030;0;;36.979;0;33.666;0;55.385;0;168.3;3:35:51.995;15:36:27.882;0:36.979;0:33.666;0:55.385;267.3;Alex QUINN;;LMP2 Pro/Am;;Nielsen Racing;Oreca;GF;36.979;33.666;55.385;
27;2;94;2:05.415;0;;36.659;0;33.536;0;55.220;0;169.1;3:37:57.410;15:38:33.297;0:36.659;0:33.536;0:55.220;268.0;Alex QUINN;;LMP2 Pro/Am;;Nielsen Racing;Oreca;GF;36.659;33.536;55.220;
27;2;95;2:06.400;0;;36.806;0;33.699;0;55.895;0;167.8;3:40:03.810;15:40:39.697;0:36.806;0:33.699;0:55.895;268.0;Alex QUINN;;LMP2 Pro/Am;;Nielsen Racing;Oreca;GF;36.806;33.699;55.895;
27;2;96;2:06.852;0;;37.069;0;33.955;0;55.828;0;167.2;3:42:10.662;15:42:46.549;0:37.069;0:33.955;0:55.828;268.0;Alex QUINN;;LMP2 Pro/Am;;Nielsen Racing;Oreca;GF;37.069;33.955;55.828;
27;2;97;2:05.275;0;;36.658;0;33.164;0;55.453;0;169.3;3:44:15.937;15:44:51.824;0:36.658;0:33.164;0:55.453;269.3;Alex QUINN;;LMP2 Pro/Am;;Nielsen Racing;Oreca;GF;36.658;33.164;55.453;
27;2;98;2:06.850;0;;37.270;0;33.688;0;55.892;0;167.2;3:46:22.787;15:46:58.674;0:37.270;0:33.688;0:55.892;266.7;Alex QUINN;;LMP2 Pro/Am;;Nielsen Racing;Oreca;GF;37.270;33.688;55.892;
27;2;99;2:05.297;0;;36.567;0;33.400;0;55.330;0;169.3;3:48:28.084;15:49:03.971;0:36.567;0:33.400;0:55.330;268.7;Alex QUINN;;LMP2 Pro/Am;;Nielsen Racing;Oreca;GF;36.567;33.400;55.330;
27;2;100;2:11.447;0;B;36.660;0;33.420;0;1:01.367;0;161.3;3:50:39.531;15:51:15.418;0:36.660;0:33.420;1:01.367;268.0;Alex QUINN;;LMP2 Pro/Am;;Nielsen Racing;Oreca;GF;36.660;33.420;61.367;
27;2;101;2:40.363;0;;1:09.273;0;35.026;0;56.064;0;132.2;3:53:19.894;15:53:55.781;1:09.273;0:35.026;0:56.064;267.3;Alex QUINN;0:00:37.392;LMP2 Pro/Am;;Nielsen Racing;Oreca;GF;69.273;35.026;56.064;
27;2;102;2:04.954;0;;36.588;0;33.125;1;55.241;0;169.7;3:55:24.848;15:56:00.735;0:36.588;0:33.125;0:55.241;268.0;Alex QUINN;;LMP2 Pro/Am;;Nielsen Racing;Oreca;GF;36.588;33.125;55.241;
27;2;103;2:06.058;0;;36.208;1;33.707;0;56.143;0;168.2;3:57:30.906;15:58:06.793;0:36.208;0:33.707;0:56.143;269.3;Alex QUINN;;LMP2 Pro/Am;;Nielsen Racing;Oreca;GF;36.208;33.707;56.143;
27;2;104;2:04.554;0;;36.229;0;33.240;0;55.085;1;170.3;3:59:35.460;16:00:11.347;0:36.229;0:33.240;0:55.085;269.3;Alex QUINN;;LMP2 Pro/Am;;Nielsen Racing;Oreca;GF;36.229;33.240;55.085;
27;2;105;2:27.120;0;;36.721;0;33.395;0;1:17.004;0;144.2;4:02:02.580;16:02:38.467;0:36.721;0:33.395;1:17.004;268.7;Alex QUINN;;LMP2 Pro/Am;;Nielsen Racing;Oreca;FF;36.721;33.395;77.004;
28;1;1;1:56.684;0;;37.289;0;30.758;0;48.637;0;177.3;1:56.684;12:02:32.571;0:37.289;0:30.758;0:48.637;266.0;Paul LAFARGUE;;LMP2;;IDEC Sport;Oreca;GF;37.289;30.758;48.637;
28;1;2;1:49.504;0;;32.592;0;29.020;0;47.892;0;193.7;3:46.188;12:04:22.075;0:32.592;0:29.020;0:47.892;272.0;Paul LAFARGUE;;LMP2;;IDEC Sport;Oreca;GF;32.592;29.020;47.892;
28;1;3;1:48.756;0;;31.957;0;28.704;0;48.095;0;195.0;5:34.944;12:06:10.831;0:31.957;0:28.704;0:48.095;272.7;Paul LAFARGUE;;LMP2;;IDEC Sport;Oreca;GF;31.957;28.704;48.095;
28;1;4;1:48.237;0;;31.897;0;28.607;0;47.733;0;195.9;7:23.181;12:07:59.068;0:31.897;0:28.607;0:47.733;272.7;Paul LAFARGUE;;LMP2;;IDEC Sport;Oreca;GF;31.897;28.607;47.733;
28;1;5;1:48.018;0;;31.943;0;28.395;0;47.680;0;196.3;9:11.199;12:09:47.086;0:31.943;0:28.395;0:47.680;272.0;Paul LAFARGUE;;LMP2;;IDEC Sport;Oreca;GF;31.943;28.395;47.680;
28;1;6;1:47.951;0;;31.656;0;28.642;0;47.653;0;196.5;10:59.150;12:11:35.037;0:31.656;0:28.642;0:47.653;272.7;Paul LAFARGUE;;LMP2;;IDEC Sport;Oreca;GF;31.656;28.642;47.653;
28;1;7;1:48.919;0;;31.968;0;28.201;2;48.750;0;194.7;12:48.069;12:13:23.956;0:31.968;0:28.201;0:48.750;271.4;Paul LAFARGUE;;LMP2;;IDEC Sport;Oreca;GF;31.968;28.201;48.750;
28;1;8;1:54.047;0;;33.995;0;29.403;0;50.649;0;186.0;14:42.116;12:15:18.003;0:33.995;0:29.403;0:50.649;269.3;Paul LAFARGUE;;LMP2;;IDEC Sport;Oreca;GF;33.995;29.403;50.649;
28;1;9;1:50.323;0;;32.166;0;29.167;0;48.990;0;192.2;16:32.439;12:17:08.326;0:32.166;0:29.167;0:48.990;272.7;Paul LAFARGUE;;LMP2;;IDEC Sport;Oreca;GF;32.166;29.167;48.990;
28;1;10;1:49.441;0;;31.845;0;28.825;0;48.771;0;193.8;18:21.880;12:18:57.767;0:31.845;0:28.825;0:48.771;272.7;Paul LAFARGUE;;LMP2;;IDEC Sport;Oreca;GF;31.845;28.825;48.771;
28;1;11;1:49.932;0;;31.990;0;28.954;0;48.988;0;192.9;20:11.812;12:20:47.699;0:31.990;0:28.954;0:48.988;272.0;Paul LAFARGUE;;LMP2;;IDEC Sport;Oreca;GF;31.990;28.954;48.988;
28;1;12;1:49.062;0;;32.654;0;28.385;0;48.023;0;194.5;22:00.874;12:22:36.761;0:32.654;0:28.385;0:48.023;272.0;Paul LAFARGUE;;LMP2;;IDEC Sport;Oreca;GF;32.654;28.385;48.023;
28;1;13;1:47.765;0;;31.623;0;28.334;0;47.808;0;196.8;23:48.639;12:24:24.526;0:31.623;0:28.334;0:47.808;274.1;Paul LAFARGUE;;LMP2;;IDEC Sport;Oreca;GF;31.623;28.334;47.808;
28;1;14;1:48.971;0;;31.893;0;28.254;0;48.824;0;194.6;25:37.610;12:26:13.497;0:31.893;0:28.254;0:48.824;272.7;Paul LAFARGUE;;LMP2;;IDEC Sport;Oreca;GF;31.893;28.254;48.824;
28;1;15;1:48.965;0;;31.757;0;28.624;0;48.584;0;194.6;27:26.575;12:28:02.462;0:31.757;0:28.624;0:48.584;272.0;Paul LAFARGUE;;LMP2;;IDEC Sport;Oreca;GF;31.757;28.624;48.584;
28;1;16;1:50.323;0;;32.052;0;29.500;0;48.771;0;192.2;29:16.898;12:29:52.785;0:32.052;0:29.500;0:48.771;273.4;Paul LAFARGUE;;LMP2;;IDEC Sport;Oreca;GF;32.052;29.500;48.771;
28;1;17;1:51.127;0;;34.295;0;28.675;0;48.157;0;190.8;31:08.025;12:31:43.912;0:34.295;0:28.675;0:48.157;270.0;Paul LAFARGUE;;LMP2;;IDEC Sport;Oreca;GF;34.295;28.675;48.157;
28;1;18;1:48.550;0;;32.062;0;28.297;0;48.191;0;195.4;32:56.575;12:33:32.462;0:32.062;0:28.297;0:48.191;271.4;Paul LAFARGUE;;LMP2;;IDEC Sport;Oreca;GF;32.062;28.297;48.191;
28;1;19;1:47.799;0;;31.936;0;28.320;0;47.543;2;196.7;34:44.374;12:35:20.261;0:31.936;0:28.320;0:47.543;270.7;Paul LAFARGUE;;LMP2;;IDEC Sport;Oreca;GF;31.936;28.320;47.543;
28;1;20;1:47.581;2;;31.509;2;28.229;0;47.843;0;197.1;36:31.955;12:37:07.842;0:31.509;0:28.229;0:47.843;272.0;Paul LAFARGUE;;LMP2;;IDEC Sport;Oreca;GF;31.509;28.229;47.843;
28;1;21;1:55.133;0;B;31.740;0;28.363;0;55.030;0;184.2;38:27.088;12:39:02.975;0:31.740;0:28.363;0:55.030;274.8;Paul LAFARGUE;;LMP2;;IDEC Sport;Oreca;GF;31.740;28.363;55.030;
28;1;22;2:53.897;0;;1:34.792;0;29.979;0;49.126;0;122.0;41:20.985;12:41:56.872;1:34.792;0:29.979;0:49.126;268.7;Paul LAFARGUE;0:01:06.979;LMP2;;IDEC Sport;Oreca;GF;94.792;29.979;49.126;
28;1;23;1:50.808;0;;32.584;0;28.858;0;49.366;0;191.4;43:11.793;12:43:47.680;0:32.584;0:28.858;0:49.366;270.0;Paul LAFARGUE;;LMP2;;IDEC Sport;Oreca;GF;32.584;28.858;49.366;
28;1;24;1:48.742;0;;32.148;0;28.459;0;48.135;0;195.0;45:00.535;12:45:36.422;0:32.148;0:28.459;0:48.135;271.4;Paul LAFARGUE;;LMP2;;IDEC Sport;Oreca;GF;32.148;28.459;48.135;
28;1;25;1:49.507;0;;32.436;0;28.733;0;48.338;0;193.7;46:50.042;12:47:25.929;0:32.436;0:28.733;0:48.338;269.3;Paul LAFARGUE;;LMP2;;IDEC Sport;Oreca;GF;32.436;28.733;48.338;
28;1;26;1:50.157;0;;32.711;0;28.751;0;48.695;0;192.5;48:40.199;12:49:16.086;0:32.711;0:28.751;0:48.695;267.3;Paul LAFARGUE;;LMP2;;IDEC Sport;Oreca;GF;32.711;28.751;48.695;
28;1;27;1:50.022;0;;32.435;0;28.592;0;48.995;0;192.8;50:30.221;12:51:06.108;0:32.435;0:28.592;0:48.995;270.7;Paul LAFARGUE;;LMP2;;IDEC Sport;Oreca;GF;32.435;28.592;48.995;
28;1;28;1:49.496;0;;32.324;0;28.765;0;48.407;0;193.7;52:19.717;12:52:55.604;0:32.324;0:28.765;0:48.407;270.7;Paul LAFARGUE;;LMP2;;IDEC Sport;Oreca;GF;32.324;28.765;48.407;
28;1;29;1:52.395;0;;33.189;0;30.357;0;48.849;0;188.7;54:12.112;12:54:47.999;0:33.189;0:30.357;0:48.849;270.0;Paul LAFARGUE;;LMP2;;IDEC Sport;Oreca;GF;33.189;30.357;48.849;
28;1;30;1:50.854;0;;32.056;0;28.853;0;49.945;0;191.3;56:02.966;12:56:38.853;0:32.056;0:28.853;0:49.945;271.4;Paul LAFARGUE;;LMP2;;IDEC Sport;Oreca;GF;32.056;28.853;49.945;
28;1;31;1:49.180;0;;32.208;0;28.595;0;48.377;0;194.2;57:52.146;12:58:28.033;0:32.208;0:28.595;0:48.377;270.7;Paul LAFARGUE;;LMP2;;IDEC Sport;Oreca;GF;32.208;28.595;48.377;
28;1;32;1:50.675;0;;33.458;0;28.756;0;48.461;0;191.6;59:42.821;13:00:18.708;0:33.458;0:28.756;0:48.461;270.0;Paul LAFARGUE;;LMP2;;IDEC Sport;Oreca;GF;33.458;28.756;48.461;
28;1;33;1:53.278;0;;33.401;0;30.163;0;49.714;0;187.2;1:01:36.099;13:02:11.986;0:33.401;0:30.163;0:49.714;270.7;Paul LAFARGUE;;LMP2;;IDEC Sport;Oreca;GF;33.401;30.163;49.714;
28;1;34;1:51.471;0;;32.948;0;29.212;0;49.311;0;190.3;1:03:27.570;13:04:03.457;0:32.948;0:29.212;0:49.311;271.4;Paul LAFARGUE;;LMP2;;IDEC Sport;Oreca;GF;32.948;29.212;49.311;
28;1;35;1:49.871;0;;32.352;0;28.619;0;48.900;0;193.0;1:05:17.441;13:05:53.328;0:32.352;0:28.619;0:48.900;271.4;Paul LAFARGUE;;LMP2;;IDEC Sport;Oreca;GF;32.352;28.619;48.900;
28;1;36;1:51.728;0;;33.469;0;28.925;0;49.334;0;189.8;1:07:09.169;13:07:45.056;0:33.469;0:28.925;0:49.334;268.0;Paul LAFARGUE;;LMP2;;IDEC Sport;Oreca;GF;33.469;28.925;49.334;
28;1;37;1:50.190;0;;32.549;0;28.977;0;48.664;0;192.5;1:08:59.359;13:09:35.246;0:32.549;0:28.977;0:48.664;272.0;Paul LAFARGUE;;LMP2;;IDEC Sport;Oreca;GF;32.549;28.977;48.664;
28;1;38;1:49.568;0;;32.524;0;28.486;0;48.558;0;193.6;1:10:48.927;13:11:24.814;0:32.524;0:28.486;0:48.558;271.4;Paul LAFARGUE;;LMP2;;IDEC Sport;Oreca;GF;32.524;28.486;48.558;
28;1;39;1:49.453;0;;32.400;0;28.545;0;48.508;0;193.8;1:12:38.380;13:13:14.267;0:32.400;0:28.545;0:48.508;272.0;Paul LAFARGUE;;LMP2;;IDEC Sport;Oreca;GF;32.400;28.545;48.508;
28;1;40;1:51.991;0;;33.016;0;29.270;0;49.705;0;189.4;1:14:30.371;13:15:06.258;0:33.016;0:29.270;0:49.705;270.7;Paul LAFARGUE;;LMP2;;IDEC Sport;Oreca;GF;33.016;29.270;49.705;
28;1;41;1:56.755;0;;35.311;0;30.950;0;50.494;0;181.6;1:16:27.126;13:17:03.013;0:35.311;0:30.950;0:50.494;268.7;Paul LAFARGUE;;LMP2;;IDEC Sport;Oreca;GF;35.311;30.950;50.494;
28;1;42;1:57.015;0;;34.713;0;29.575;0;52.727;0;181.2;1:18:24.141;13:19:00.028;0:34.713;0:29.575;0:52.727;272.0;Paul LAFARGUE;;LMP2;;IDEC Sport;Oreca;GF;34.713;29.575;52.727;
28;1;43;3:00.788;0;;38.655;0;1:07.835;0;1:14.298;0;117.3;1:21:24.929;13:22:00.816;0:38.655;1:07.835;1:14.298;;Paul LAFARGUE;;LMP2;;IDEC Sport;Oreca;GF;38.655;67.835;74.298;
28;1;44;2:07.292;0;B;34.181;0;29.768;0;1:03.343;0;166.6;1:23:32.221;13:24:08.108;0:34.181;0:29.768;1:03.343;271.4;Paul LAFARGUE;;LMP2;;IDEC Sport;Oreca;GF;34.181;29.768;63.343;
28;3;45;5:32.053;0;;2:37.372;0;1:08.502;0;1:46.179;0;63.9;1:29:04.274;13:29:40.161;2:37.372;1:08.502;1:46.179;;Paul-Loup CHATIN;0:01:21.471;LMP2;;IDEC Sport;Oreca;GF;157.372;68.502;106.179;
28;3;46;4:26.565;0;;1:31.502;0;1:08.659;0;1:46.404;0;79.6;1:33:30.839;13:34:06.726;1:31.502;1:08.659;1:46.404;;Paul-Loup CHATIN;;LMP2;;IDEC Sport;Oreca;GF;91.502;68.659;106.404;
28;3;47;3:03.248;0;;1:13.362;0;45.873;0;1:04.013;0;115.7;1:36:34.087;13:37:09.974;1:13.362;0:45.873;1:04.013;210.9;Paul-Loup CHATIN;;LMP2;;IDEC Sport;Oreca;SF;73.362;45.873;64.013;
28;3;48;3:25.108;0;;49.848;0;1:01.310;0;1:33.950;0;103.4;1:39:59.195;13:40:35.082;0:49.848;1:01.310;1:33.950;;Paul-Loup CHATIN;;LMP2;;IDEC Sport;Oreca;SF;49.848;61.310;93.950;
28;3;49;4:22.964;0;;1:30.099;0;1:01.849;0;1:51.016;0;80.6;1:44:22.159;13:44:58.046;1:30.099;1:01.849;1:51.016;;Paul-Loup CHATIN;;LMP2;;IDEC Sport;Oreca;SF;90.099;61.849;111.016;
28;3;50;4:08.191;0;;1:31.624;0;59.520;0;1:37.047;0;85.4;1:48:30.350;13:49:06.237;1:31.624;0:59.520;1:37.047;;Paul-Loup CHATIN;;LMP2;;IDEC Sport;Oreca;SF;91.624;59.520;97.047;
28;3;51;3:38.471;0;;1:18.154;0;53.556;0;1:26.761;0;97.1;1:52:08.821;13:52:44.708;1:18.154;0:53.556;1:26.761;142.7;Paul-Loup CHATIN;;LMP2;;IDEC Sport;Oreca;SF;78.154;53.556;86.761;
28;3;52;2:58.873;0;B;55.297;0;45.575;0;1:18.001;0;118.6;1:55:07.694;13:55:43.581;0:55.297;0:45.575;1:18.001;130.4;Paul-Loup CHATIN;;LMP2;;IDEC Sport;Oreca;SF;55.297;45.575;78.001;
28;3;53;3:18.044;0;;1:33.506;0;39.150;0;1:05.388;0;107.1;1:58:25.738;13:59:01.625;1:33.506;0:39.150;1:05.388;228.8;Paul-Loup CHATIN;0:00:53.098;LMP2;;IDEC Sport;Oreca;SF;93.506;39.150;65.388;
28;3;54;2:28.136;0;;44.423;0;39.095;0;1:04.618;0;143.2;2:00:53.874;14:01:29.761;0:44.423;0:39.095;1:04.618;182.7;Paul-Loup CHATIN;;LMP2;;IDEC Sport;Oreca;SF;44.423;39.095;64.618;
28;3;55;2:49.580;0;;49.937;0;46.163;0;1:13.480;0;125.1;2:03:43.454;14:04:19.341;0:49.937;0:46.163;1:13.480;122.2;Paul-Loup CHATIN;;LMP2;;IDEC Sport;Oreca;SF;49.937;46.163;73.480;
28;3;56;3:02.616;0;;56.645;0;49.406;0;1:16.565;0;116.1;2:06:46.070;14:07:21.957;0:56.645;0:49.406;1:16.565;141.7;Paul-Loup CHATIN;;LMP2;;IDEC Sport;Oreca;SF;56.645;49.406;76.565;
28;3;57;3:00.896;0;;50.695;0;45.318;0;1:24.883;0;117.2;2:09:46.966;14:10:22.853;0:50.695;0:45.318;1:24.883;169.5;Paul-Loup CHATIN;;LMP2;;IDEC Sport;Oreca;GF;50.695;45.318;84.883;
28;3;58;2:08.695;0;;38.436;0;34.376;0;55.883;0;164.8;2:11:55.661;14:12:31.548;0:38.436;0:34.376;0:55.883;266.7;Paul-Loup CHATIN;;LMP2;;IDEC Sport;Oreca;GF;38.436;34.376;55.883;
28;3;59;2:04.386;0;;36.149;0;33.472;0;54.765;0;170.5;2:14:00.047;14:14:35.934;0:36.149;0:33.472;0:54.765;266.7;Paul-Loup CHATIN;;LMP2;;IDEC Sport;Oreca;GF;36.149;33.472;54.765;
28;3;60;2:04.864;0;;36.244;0;33.757;0;54.863;0;169.8;2:16:04.911;14:16:40.798;0:36.244;0:33.757;0:54.863;268.0;Paul-Loup CHATIN;;LMP2;;IDEC Sport;Oreca;GF;36.244;33.757;54.863;
28;3;61;2:05.316;0;;36.950;0;33.425;0;54.941;0;169.2;2:18:10.227;14:18:46.114;0:36.950;0:33.425;0:54.941;266.0;Paul-Loup CHATIN;;LMP2;;IDEC Sport;Oreca;GF;36.950;33.425;54.941;
28;3;62;2:04.194;0;;36.229;0;33.187;0;54.778;0;170.8;2:20:14.421;14:20:50.308;0:36.229;0:33.187;0:54.778;268.0;Paul-Loup CHATIN;;LMP2;;IDEC Sport;Oreca;GF;36.229;33.187;54.778;
28;3;63;2:04.006;0;;36.066;0;33.258;0;54.682;1;171.0;2:22:18.427;14:22:54.314;0:36.066;0:33.258;0:54.682;268.7;Paul-Loup CHATIN;;LMP2;;IDEC Sport;Oreca;GF;36.066;33.258;54.682;
28;3;64;2:04.049;0;;35.647;1;33.047;1;55.355;0;171.0;2:24:22.476;14:24:58.363;0:35.647;0:33.047;0:55.355;267.3;Paul-Loup CHATIN;;LMP2;;IDEC Sport;Oreca;GF;35.647;33.047;55.355;
28;3;65;2:05.498;0;;36.173;0;33.761;0;55.564;0;169.0;2:26:27.974;14:27:03.861;0:36.173;0:33.761;0:55.564;268.7;Paul-Loup CHATIN;;LMP2;;IDEC Sport;Oreca;GF;36.173;33.761;55.564;
28;3;66;2:06.976;0;;36.654;0;34.791;0;55.531;0;167.0;2:28:34.950;14:29:10.837;0:36.654;0:34.791;0:55.531;269.3;Paul-Loup CHATIN;;LMP2;;IDEC Sport;Oreca;GF;36.654;34.791;55.531;
28;3;67;2:08.413;0;;37.635;0;34.269;0;56.509;0;165.2;2:30:43.363;14:31:19.250;0:37.635;0:34.269;0:56.509;266.7;Paul-Loup CHATIN;;LMP2;;IDEC Sport;Oreca;GF;37.635;34.269;56.509;
28;3;68;2:08.587;0;;37.503;0;34.585;0;56.499;0;164.9;2:32:51.950;14:33:27.837;0:37.503;0:34.585;0:56.499;268.7;Paul-Loup CHATIN;;LMP2;;IDEC Sport;Oreca;GF;37.503;34.585;56.499;
28;3;69;2:06.742;0;;37.198;0;33.799;0;55.745;0;167.3;2:34:58.692;14:35:34.579;0:37.198;0:33.799;0:55.745;267.3;Paul-Loup CHATIN;;LMP2;;IDEC Sport;Oreca;GF;37.198;33.799;55.745;
28;3;70;2:06.898;0;;36.705;0;33.714;0;56.479;0;167.1;2:37:05.590;14:37:41.477;0:36.705;0:33.714;0:56.479;266.7;Paul-Loup CHATIN;;LMP2;;IDEC Sport;Oreca;GF;36.705;33.714;56.479;
28;3;71;2:21.217;0;;37.009;0;34.399;0;1:09.809;0;150.2;2:39:26.807;14:40:02.694;0:37.009;0:34.399;1:09.809;267.3;Paul-Loup CHATIN;;LMP2;;IDEC Sport;Oreca;FCY;37.009;34.399;69.809;
28;3;72;4:26.531;0;;1:32.013;0;1:08.463;0;1:46.055;0;79.6;2:43:53.338;14:44:29.225;1:32.013;1:08.463;1:46.055;;Paul-Loup CHATIN;;LMP2;;IDEC Sport;Oreca;FCY;92.013;68.463;106.055;
28;3;73;3:00.031;0;;1:24.744;0;36.703;0;58.584;0;117.8;2:46:53.369;14:47:29.256;1:24.744;0:36.703;0:58.584;219.5;Paul-Loup CHATIN;;LMP2;;IDEC Sport;Oreca;GF;84.744;36.703;58.584;
28;3;74;2:08.764;0;;37.599;0;34.840;0;56.325;0;164.7;2:49:02.133;14:49:38.020;0:37.599;0:34.840;0:56.325;263.4;Paul-Loup CHATIN;;LMP2;;IDEC Sport;Oreca;GF;37.599;34.840;56.325;
28;3;75;2:07.967;0;;36.906;0;34.406;0;56.655;0;165.7;2:51:10.100;14:51:45.987;0:36.906;0:34.406;0:56.655;264.7;Paul-Loup CHATIN;;LMP2;;IDEC Sport;Oreca;GF;36.906;34.406;56.655;
28;3;76;4:03.010;0;;1:08.777;0;1:08.370;0;1:45.863;0;87.3;2:55:13.110;14:55:48.997;1:08.777;1:08.370;1:45.863;;Paul-Loup CHATIN;;LMP2;;IDEC Sport;Oreca;FCY;68.777;68.370;105.863;
28;3;77;4:26.436;0;;1:31.866;0;1:08.534;0;1:46.036;0;79.6;2:59:39.546;15:00:15.433;1:31.866;1:08.534;1:46.036;;Paul-Loup CHATIN;;LMP2;;IDEC Sport;Oreca;FCY;91.866;68.534;106.036;
28;3;78;2:27.498;0;B;48.770;0;36.075;0;1:02.653;0;143.8;3:02:07.044;15:02:42.931;0:48.770;0:36.075;1:02.653;262.8;Paul-Loup CHATIN;;LMP2;;IDEC Sport;Oreca;GF;48.770;36.075;62.653;
28;2;79;3:10.107;0;;1:35.432;0;36.018;0;58.657;0;111.6;3:05:17.151;15:05:53.038;1:35.432;0:36.018;0:58.657;253.5;Job VAN UITERT;0:01:01.204;LMP2;;IDEC Sport;Oreca;GF;95.432;36.018;58.657;
28;2;80;2:09.771;0;;37.590;0;34.979;0;57.202;0;163.4;3:07:26.922;15:08:02.809;0:37.590;0:34.979;0:57.202;265.4;Job VAN UITERT;;LMP2;;IDEC Sport;Oreca;GF;37.590;34.979;57.202;
28;2;81;2:13.447;0;;42.694;0;34.850;0;55.903;0;158.9;3:09:40.369;15:10:16.256;0:42.694;0:34.850;0:55.903;264.1;Job VAN UITERT;;LMP2;;IDEC Sport;Oreca;GF;42.694;34.850;55.903;
28;2;82;2:07.373;0;;37.117;0;34.027;0;56.229;0;166.5;3:11:47.742;15:12:23.629;0:37.117;0:34.027;0:56.229;266.7;Job VAN UITERT;;LMP2;;IDEC Sport;Oreca;GF;37.117;34.027;56.229;
28;2;83;2:08.458;0;;38.514;0;34.025;0;55.919;0;165.1;3:13:56.200;15:14:32.087;0:38.514;0:34.025;0:55.919;264.7;Job VAN UITERT;;LMP2;;IDEC Sport;Oreca;GF;38.514;34.025;55.919;
28;2;84;2:07.559;0;;37.102;0;34.640;0;55.817;0;166.3;3:16:03.759;15:16:39.646;0:37.102;0:34.640;0:55.817;267.3;Job VAN UITERT;;LMP2;;IDEC Sport;Oreca;GF;37.102;34.640;55.817;
28;2;85;2:06.813;0;;36.862;0;34.496;0;55.455;0;167.2;3:18:10.572;15:18:46.459;0:36.862;0:34.496;0:55.455;267.3;Job VAN UITERT;;LMP2;;IDEC Sport;Oreca;GF;36.862;34.496;55.455;
28;2;86;2:05.942;0;;36.533;0;33.769;0;55.640;0;168.4;3:20:16.514;15:20:52.401;0:36.533;0:33.769;0:55.640;268.0;Job VAN UITERT;;LMP2;;IDEC Sport;Oreca;GF;36.533;33.769;55.640;
28;2;87;2:08.030;0;;36.723;0;35.262;0;56.045;0;165.6;3:22:24.544;15:23:00.431;0:36.723;0:35.262;0:56.045;268.0;Job VAN UITERT;;LMP2;;IDEC Sport;Oreca;GF;36.723;35.262;56.045;
28;2;88;2:10.443;0;;38.329;0;34.672;0;57.442;0;162.6;3:24:34.987;15:25:10.874;0:38.329;0:34.672;0:57.442;263.4;Job VAN UITERT;;LMP2;;IDEC Sport;Oreca;GF;38.329;34.672;57.442;
28;2;89;2:06.337;0;;36.894;0;33.725;0;55.718;0;167.9;3:26:41.324;15:27:17.211;0:36.894;0:33.725;0:55.718;267.3;Job VAN UITERT;;LMP2;;IDEC Sport;Oreca;GF;36.894;33.725;55.718;
28;2;90;2:08.402;0;;37.100;0;34.130;0;57.172;0;165.2;3:28:49.726;15:29:25.613;0:37.100;0:34.130;0:57.172;267.3;Job VAN UITERT;;LMP2;;IDEC Sport;Oreca;GF;37.100;34.130;57.172;
28;2;91;2:07.417;0;;36.770;0;34.042;0;56.605;0;166.4;3:30:57.143;15:31:33.030;0:36.770;0:34.042;0:56.605;267.3;Job VAN UITERT;;LMP2;;IDEC Sport;Oreca;GF;36.770;34.042;56.605;
28;2;92;2:06.850;0;;36.843;0;33.639;0;56.368;0;167.2;3:33:03.993;15:33:39.880;0:36.843;0:33.639;0:56.368;268.0;Job VAN UITERT;;LMP2;;IDEC Sport;Oreca;GF;36.843;33.639;56.368;
28;2;93;2:07.996;0;;37.237;0;33.801;0;56.958;0;165.7;3:35:11.989;15:35:47.876;0:37.237;0:33.801;0:56.958;268.7;Job VAN UITERT;;LMP2;;IDEC Sport;Oreca;GF;37.237;33.801;56.958;
28;2;94;2:07.384;0;;38.115;0;33.608;0;55.661;0;166.5;3:37:19.373;15:37:55.260;0:38.115;0:33.608;0:55.661;266.7;Job VAN UITERT;;LMP2;;IDEC Sport;Oreca;GF;38.115;33.608;55.661;
28;2;95;2:06.952;0;;37.654;0;33.494;0;55.804;0;167.1;3:39:26.325;15:40:02.212;0:37.654;0:33.494;0:55.804;266.7;Job VAN UITERT;;LMP2;;IDEC Sport;Oreca;GF;37.654;33.494;55.804;
28;2;96;2:06.226;0;;37.304;0;33.610;0;55.312;0;168.0;3:41:32.551;15:42:08.438;0:37.304;0:33.610;0:55.312;268.0;Job VAN UITERT;;LMP2;;IDEC Sport;Oreca;GF;37.304;33.610;55.312;
28;2;97;2:06.448;0;;36.408;0;34.140;0;55.900;0;167.7;3:43:38.999;15:44:14.886;0:36.408;0:34.140;0:55.900;268.7;Job VAN UITERT;;LMP2;;IDEC Sport;Oreca;GF;36.408;34.140;55.900;
28;2;98;2:06.618;0;;36.987;0;33.693;0;55.938;0;167.5;3:45:45.617;15:46:21.504;0:36.987;0:33.693;0:55.938;268.7;Job VAN UITERT;;LMP2;;IDEC Sport;Oreca;GF;36.987;33.693;55.938;
28;2;99;2:09.986;0;B;36.160;0;33.235;0;1:00.591;0;163.2;3:47:55.603;15:48:31.490;0:36.160;0:33.235;1:00.591;269.3;Job VAN UITERT;;LMP2;;IDEC Sport;Oreca;GF;36.160;33.235;60.591;
28;2;100;2:40.861;0;;1:10.836;0;33.812;0;56.213;0;131.8;3:50:36.464;15:51:12.351;1:10.836;0:33.812;0:56.213;268.0;Job VAN UITERT;0:00:37.813;LMP2;;IDEC Sport;Oreca;GF;70.836;33.812;56.213;
28;2;101;2:06.207;0;;36.790;0;33.390;0;56.027;0;168.0;3:52:42.671;15:53:18.558;0:36.790;0:33.390;0:56.027;268.7;Job VAN UITERT;;LMP2;;IDEC Sport;Oreca;GF;36.790;33.390;56.027;
28;2;102;2:04.448;0;;36.145;0;33.186;1;55.117;1;170.4;3:54:47.119;15:55:23.006;0:36.145;0:33.186;0:55.117;270.0;Job VAN UITERT;;LMP2;;IDEC Sport;Oreca;GF;36.145;33.186;55.117;
28;2;103;2:05.187;0;;36.099;1;33.533;0;55.555;0;169.4;3:56:52.306;15:57:28.193;0:36.099;0:33.533;0:55.555;268.7;Job VAN UITERT;;LMP2;;IDEC Sport;Oreca;GF;36.099;33.533;55.555;
28;2;104;2:05.890;0;;36.297;0;33.862;0;55.731;0;168.5;3:58:58.196;15:59:34.083;0:36.297;0:33.862;0:55.731;269.3;Job VAN UITERT;;LMP2;;IDEC Sport;Oreca;GF;36.297;33.862;55.731;
28;2;105;2:05.999;0;;36.339;0;33.519;0;56.141;0;168.3;4:01:04.195;16:01:40.082;0:36.339;0:33.519;0:56.141;270.0;Job VAN UITERT;;LMP2;;IDEC Sport;Oreca;FF;36.339;33.519;56.141;
29;1;1;1:53.456;0;;35.639;0;29.493;0;48.324;0;182.4;1:53.456;12:02:29.343;0:35.639;0:29.493;0:48.324;265.4;Louis ROUSSET;;LMP2;;Forestier Racing by Panis;Oreca;GF;35.639;29.493;48.324;
29;1;2;1:49.671;0;;32.798;0;28.777;0;48.096;0;193.4;3:43.127;12:04:19.014;0:32.798;0:28.777;0:48.096;273.4;Louis ROUSSET;;LMP2;;Forestier Racing by Panis;Oreca;GF;32.798;28.777;48.096;
29;1;3;1:47.842;0;;31.767;0;28.502;0;47.573;0;196.7;5:30.969;12:06:06.856;0:31.767;0:28.502;0:47.573;274.1;Louis ROUSSET;;LMP2;;Forestier Racing by Panis;Oreca;GF;31.767;28.502;47.573;
29;1;4;1:47.579;0;;31.696;0;28.457;0;47.426;2;197.1;7:18.548;12:07:54.435;0:31.696;0:28.457;0:47.426;273.4;Louis ROUSSET;;LMP2;;Forestier Racing by Panis;Oreca;GF;31.696;28.457;47.426;
29;1;5;1:47.063;2;;31.431;0;28.203;2;47.429;0;198.1;9:05.611;12:09:41.498;0:31.431;0:28.203;0:47.429;273.4;Louis ROUSSET;;LMP2;;Forestier Racing by Panis;Oreca;GF;31.431;28.203;47.429;
29;1;6;1:47.653;0;;31.348;2;28.486;0;47.819;0;197.0;10:53.264;12:11:29.151;0:31.348;0:28.486;0:47.819;273.4;Louis ROUSSET;;LMP2;;Forestier Racing by Panis;Oreca;GF;31.348;28.486;47.819;
29;1;7;1:48.529;0;;31.558;0;28.683;0;48.288;0;195.4;12:41.793;12:13:17.680;0:31.558;0:28.683;0:48.288;274.1;Louis ROUSSET;;LMP2;;Forestier Racing by Panis;Oreca;GF;31.558;28.683;48.288;
29;1;8;1:52.039;0;;33.849;0;29.537;0;48.653;0;189.3;14:33.832;12:15:09.719;0:33.849;0:29.537;0:48.653;272.7;Louis ROUSSET;;LMP2;;Forestier Racing by Panis;Oreca;GF;33.849;29.537;48.653;
29;1;9;1:49.995;0;;32.424;0;29.398;0;48.173;0;192.8;16:23.827;12:16:59.714;0:32.424;0:29.398;0:48.173;273.4;Louis ROUSSET;;LMP2;;Forestier Racing by Panis;Oreca;GF;32.424;29.398;48.173;
29;1;10;1:49.050;0;;32.072;0;28.596;0;48.382;0;194.5;18:12.877;12:18:48.764;0:32.072;0:28.596;0:48.382;272.0;Louis ROUSSET;;LMP2;;Forestier Racing by Panis;Oreca;GF;32.072;28.596;48.382;
29;1;11;1:50.396;0;;32.684;0;28.479;0;49.233;0;192.1;20:03.273;12:20:39.160;0:32.684;0:28.479;0:49.233;270.7;Louis ROUSSET;;LMP2;;Forestier Racing by Panis;Oreca;GF;32.684;28.479;49.233;
29;1;12;1:48.591;0;;32.196;0;28.567;0;47.828;0;195.3;21:51.864;12:22:27.751;0:32.196;0:28.567;0:47.828;274.8;Louis ROUSSET;;LMP2;;Forestier Racing by Panis;Oreca;GF;32.196;28.567;47.828;
29;1;13;1:48.391;0;;31.525;0;28.956;0;47.910;0;195.7;23:40.255;12:24:16.142;0:31.525;0:28.956;0:47.910;274.8;Louis ROUSSET;;LMP2;;Forestier Racing by Panis;Oreca;GF;31.525;28.956;47.910;
29;1;14;1:47.699;0;;31.542;0;28.360;0;47.797;0;196.9;25:27.954;12:26:03.841;0:31.542;0:28.360;0:47.797;273.4;Louis ROUSSET;;LMP2;;Forestier Racing by Panis;Oreca;GF;31.542;28.360;47.797;
29;1;15;1:50.229;0;;32.743;0;28.687;0;48.799;0;192.4;27:18.183;12:27:54.070;0:32.743;0:28.687;0:48.799;269.3;Louis ROUSSET;;LMP2;;Forestier Racing by Panis;Oreca;GF;32.743;28.687;48.799;
29;1;16;1:50.666;0;;32.018;0;30.126;0;48.522;0;191.6;29:08.849;12:29:44.736;0:32.018;0:30.126;0:48.522;274.8;Louis ROUSSET;;LMP2;;Forestier Racing by Panis;Oreca;GF;32.018;30.126;48.522;
29;1;17;1:49.056;0;;32.527;0;28.605;0;47.924;0;194.5;30:57.905;12:31:33.792;0:32.527;0:28.605;0:47.924;272.7;Louis ROUSSET;;LMP2;;Forestier Racing by Panis;Oreca;GF;32.527;28.605;47.924;
29;1;18;1:50.606;0;;33.772;0;28.856;0;47.978;0;191.7;32:48.511;12:33:24.398;0:33.772;0:28.856;0:47.978;272.7;Louis ROUSSET;;LMP2;;Forestier Racing by Panis;Oreca;GF;33.772;28.856;47.978;
29;1;19;1:48.220;0;;31.715;0;28.450;0;48.055;0;196.0;34:36.731;12:35:12.618;0:31.715;0:28.450;0:48.055;272.7;Louis ROUSSET;;LMP2;;Forestier Racing by Panis;Oreca;GF;31.715;28.450;48.055;
29;1;20;1:48.292;0;;31.648;0;28.528;0;48.116;0;195.8;36:25.023;12:37:00.910;0:31.648;0:28.528;0:48.116;273.4;Louis ROUSSET;;LMP2;;Forestier Racing by Panis;Oreca;GF;31.648;28.528;48.116;
29;1;21;1:55.311;0;B;32.048;0;30.562;0;52.701;0;183.9;38:20.334;12:38:56.221;0:32.048;0:30.562;0:52.701;274.1;Louis ROUSSET;;LMP2;;Forestier Racing by Panis;Oreca;GF;32.048;30.562;52.701;
29;1;22;2:53.358;0;;1:35.980;0;28.899;0;48.479;0;122.3;41:13.692;12:41:49.579;1:35.980;0:28.899;0:48.479;268.0;Louis ROUSSET;0:01:06.163;LMP2;;Forestier Racing by Panis;Oreca;GF;95.980;28.899;48.479;
29;1;23;1:50.513;0;;33.343;0;28.880;0;48.290;0;191.9;43:04.205;12:43:40.092;0:33.343;0:28.880;0:48.290;270.0;Louis ROUSSET;;LMP2;;Forestier Racing by Panis;Oreca;GF;33.343;28.880;48.290;
29;1;24;1:49.335;0;;32.367;0;28.759;0;48.209;0;194.0;44:53.540;12:45:29.427;0:32.367;0:28.759;0:48.209;271.4;Louis ROUSSET;;LMP2;;Forestier Racing by Panis;Oreca;GF;32.367;28.759;48.209;
29;1;25;1:49.063;0;;32.172;0;28.635;0;48.256;0;194.5;46:42.603;12:47:18.490;0:32.172;0:28.635;0:48.256;271.4;Louis ROUSSET;;LMP2;;Forestier Racing by Panis;Oreca;GF;32.172;28.635;48.256;
29;1;26;1:50.692;0;;32.073;0;29.239;0;49.380;0;191.6;48:33.295;12:49:09.182;0:32.073;0:29.239;0:49.380;272.7;Louis ROUSSET;;LMP2;;Forestier Racing by Panis;Oreca;GF;32.073;29.239;49.380;
29;1;27;1:50.819;0;;33.621;0;28.799;0;48.399;0;191.4;50:24.114;12:51:00.001;0:33.621;0:28.799;0:48.399;270.7;Louis ROUSSET;;LMP2;;Forestier Racing by Panis;Oreca;GF;33.621;28.799;48.399;
29;1;28;1:50.789;0;;32.240;0;29.049;0;49.500;0;191.4;52:14.903;12:52:50.790;0:32.240;0:29.049;0:49.500;272.7;Louis ROUSSET;;LMP2;;Forestier Racing by Panis;Oreca;GF;32.240;29.049;49.500;
29;1;29;1:51.718;0;;33.851;0;29.200;0;48.667;0;189.8;54:06.621;12:54:42.508;0:33.851;0:29.200;0:48.667;271.4;Louis ROUSSET;;LMP2;;Forestier Racing by Panis;Oreca;GF;33.851;29.200;48.667;
29;1;30;1:49.800;0;;32.621;0;28.992;0;48.187;0;193.1;55:56.421;12:56:32.308;0:32.621;0:28.992;0:48.187;272.7;Louis ROUSSET;;LMP2;;Forestier Racing by Panis;Oreca;GF;32.621;28.992;48.187;
29;1;31;1:50.864;0;;32.077;0;28.815;0;49.972;0;191.3;57:47.285;12:58:23.172;0:32.077;0:28.815;0:49.972;272.0;Louis ROUSSET;;LMP2;;Forestier Racing by Panis;Oreca;GF;32.077;28.815;49.972;
29;1;32;1:50.394;0;;32.108;0;28.767;0;49.519;0;192.1;59:37.679;13:00:13.566;0:32.108;0:28.767;0:49.519;273.4;Louis ROUSSET;;LMP2;;Forestier Racing by Panis;Oreca;GF;32.108;28.767;49.519;
29;1;33;1:51.051;0;;32.462;0;29.619;0;48.970;0;191.0;1:01:28.730;13:02:04.617;0:32.462;0:29.619;0:48.970;274.1;Louis ROUSSET;;LMP2;;Forestier Racing by Panis;Oreca;GF;32.462;29.619;48.970;
29;1;34;1:49.579;0;;32.896;0;28.539;0;48.144;0;193.5;1:03:18.309;13:03:54.196;0:32.896;0:28.539;0:48.144;272.7;Louis ROUSSET;;LMP2;;Forestier Racing by Panis;Oreca;GF;32.896;28.539;48.144;
29;1;35;1:48.811;0;;32.114;0;28.333;0;48.364;0;194.9;1:05:07.120;13:05:43.007;0:32.114;0:28.333;0:48.364;272.7;Louis ROUSSET;;LMP2;;Forestier Racing by Panis;Oreca;GF;32.114;28.333;48.364;
29;1;36;1:49.582;0;;32.241;0;28.624;0;48.717;0;193.5;1:06:56.702;13:07:32.589;0:32.241;0:28.624;0:48.717;269.3;Louis ROUSSET;;LMP2;;Forestier Racing by Panis;Oreca;GF;32.241;28.624;48.717;
29;1;37;1:50.017;0;;32.083;0;29.428;0;48.506;0;192.8;1:08:46.719;13:09:22.606;0:32.083;0:29.428;0:48.506;272.7;Louis ROUSSET;;LMP2;;Forestier Racing by Panis;Oreca;GF;32.083;29.428;48.506;
29;1;38;1:49.398;0;;32.302;0;28.723;0;48.373;0;193.9;1:10:36.117;13:11:12.004;0:32.302;0:28.723;0:48.373;272.0;Louis ROUSSET;;LMP2;;Forestier Racing by Panis;Oreca;GF;32.302;28.723;48.373;
29;1;39;1:50.473;0;;32.459;0;28.769;0;49.245;0;192.0;1:12:26.590;13:13:02.477;0:32.459;0:28.769;0:49.245;272.0;Louis ROUSSET;;LMP2;;Forestier Racing by Panis;Oreca;GF;32.459;28.769;49.245;
29;1;40;1:53.717;0;;33.677;0;30.096;0;49.944;0;186.5;1:14:20.307;13:14:56.194;0:33.677;0:30.096;0:49.944;273.4;Louis ROUSSET;;LMP2;;Forestier Racing by Panis;Oreca;GF;33.677;30.096;49.944;
29;1;41;2:00.485;0;B;34.760;0;30.120;0;55.605;0;176.0;1:16:20.792;13:16:56.679;0:34.760;0:30.120;0:55.605;271.4;Louis ROUSSET;;LMP2;;Forestier Racing by Panis;Oreca;GF;34.760;30.120;55.605;
29;2;42;4:01.889;0;;1:56.841;0;31.325;0;1:33.723;0;87.7;1:20:22.681;13:20:58.568;1:56.841;0:31.325;1:33.723;250.6;Oliver GRAY;0:01:16.558;LMP2;;Forestier Racing by Panis;Oreca;FCY;116.841;31.325;93.723;
29;2;43;7:40.427;0;;57.371;0;29.545;1;6:13.511;0;46.1;1:28:03.108;13:28:38.995;0:57.371;0:29.545;6:13.511;270.0;Oliver GRAY;;LMP2;;Forestier Racing by Panis;Oreca;GF;57.371;29.545;373.511;
29;2;44;4:23.619;0;;1:30.811;0;1:07.602;0;1:45.206;0;80.4;1:32:26.727;13:33:02.614;1:30.811;1:07.602;1:45.206;;Oliver GRAY;;LMP2;;Forestier Racing by Panis;Oreca;GF;90.811;67.602;105.206;
29;2;45;3:39.196;0;;1:30.894;0;59.537;0;1:08.765;0;96.8;1:36:05.923;13:36:41.810;1:30.894;0:59.537;1:08.765;;Oliver GRAY;;LMP2;;Forestier Racing by Panis;Oreca;SF;90.894;59.537;68.765;
29;2;46;3:41.909;0;;1:04.874;0;1:00.638;0;1:36.397;0;95.6;1:39:47.832;13:40:23.719;1:04.874;1:00.638;1:36.397;;Oliver GRAY;;LMP2;;Forestier Racing by Panis;Oreca;SF;64.874;60.638;96.397;
29;2;47;4:29.649;0;;1:28.250;0;1:05.675;0;1:55.724;0;78.6;1:44:17.481;13:44:53.368;1:28.250;1:05.675;1:55.724;;Oliver GRAY;;LMP2;;Forestier Racing by Panis;Oreca;SF;88.250;65.675;115.724;
29;2;48;4:08.434;0;;1:30.484;0;1:01.617;0;1:36.333;0;85.4;1:48:25.915;13:49:01.802;1:30.484;1:01.617;1:36.333;;Oliver GRAY;;LMP2;;Forestier Racing by Panis;Oreca;SF;90.484;61.617;96.333;
29;2;49;3:42.119;0;B;1:18.306;0;54.261;0;1:29.552;0;95.5;1:52:08.034;13:52:43.921;1:18.306;0:54.261;1:29.552;122.3;Oliver GRAY;;LMP2;;Forestier Racing by Panis;Oreca;SF;78.306;54.261;89.552;
29;2;50;3:18.245;0;;1:41.497;0;35.630;0;1:01.118;0;107.0;1:55:26.279;13:56:02.166;1:41.497;0:35.630;1:01.118;236.8;Oliver GRAY;0:01:05.759;LMP2;;Forestier Racing by Panis;Oreca;SF;101.497;35.630;61.118;
29;2;51;2:35.752;0;;45.340;0;41.691;0;1:08.721;0;136.2;1:58:02.031;13:58:37.918;0:45.340;0:41.691;1:08.721;178.5;Oliver GRAY;;LMP2;;Forestier Racing by Panis;Oreca;SF;45.340;41.691;68.721;
29;2;52;2:47.878;0;;50.213;0;47.344;0;1:10.321;0;126.3;2:00:49.909;14:01:25.796;0:50.213;0:47.344;1:10.321;190.8;Oliver GRAY;;LMP2;;Forestier Racing by Panis;Oreca;SF;50.213;47.344;70.321;
29;2;53;2:50.424;0;;50.862;0;46.480;0;1:13.082;0;124.4;2:03:40.333;14:04:16.220;0:50.862;0:46.480;1:13.082;128.3;Oliver GRAY;;LMP2;;Forestier Racing by Panis;Oreca;SF;50.862;46.480;73.082;
29;2;54;3:03.209;0;;56.063;0;50.559;0;1:16.587;0;115.8;2:06:43.542;14:07:19.429;0:56.063;0:50.559;1:16.587;130.0;Oliver GRAY;;LMP2;;Forestier Racing by Panis;Oreca;SF;56.063;50.559;76.587;
29;2;55;3:02.398;0;;50.265;0;45.009;0;1:27.124;0;116.3;2:09:45.940;14:10:21.827;0:50.265;0:45.009;1:27.124;159.8;Oliver GRAY;;LMP2;;Forestier Racing by Panis;Oreca;GF;50.265;45.009;87.124;
29;2;56;2:12.307;0;;40.520;0;35.749;0;56.038;0;160.3;2:11:58.247;14:12:34.134;0:40.520;0:35.749;0:56.038;266.7;Oliver GRAY;;LMP2;;Forestier Racing by Panis;Oreca;GF;40.520;35.749;56.038;
29;2;57;2:06.405;0;;36.658;0;34.186;0;55.561;0;167.8;2:14:04.652;14:14:40.539;0:36.658;0:34.186;0:55.561;268.0;Oliver GRAY;;LMP2;;Forestier Racing by Panis;Oreca;GF;36.658;34.186;55.561;
29;2;58;2:03.852;0;;36.040;0;33.160;0;54.652;0;171.2;2:16:08.504;14:16:44.391;0:36.040;0:33.160;0:54.652;266.7;Oliver GRAY;;LMP2;;Forestier Racing by Panis;Oreca;GF;36.040;33.160;54.652;
29;2;59;2:04.682;0;;36.433;0;33.455;0;54.794;0;170.1;2:18:13.186;14:18:49.073;0:36.433;0:33.455;0:54.794;268.0;Oliver GRAY;;LMP2;;Forestier Racing by Panis;Oreca;GF;36.433;33.455;54.794;
29;2;60;2:04.628;0;;36.402;0;33.333;0;54.893;0;170.2;2:20:17.814;14:20:53.701;0:36.402;0:33.333;0:54.893;268.0;Oliver GRAY;;LMP2;;Forestier Racing by Panis;Oreca;GF;36.402;33.333;54.893;
29;2;61;2:03.992;0;;36.274;0;33.089;0;54.629;1;171.0;2:22:21.806;14:22:57.693;0:36.274;0:33.089;0:54.629;268.0;Oliver GRAY;;LMP2;;Forestier Racing by Panis;Oreca;GF;36.274;33.089;54.629;
29;2;62;2:04.189;0;;35.518;1;33.373;0;55.298;0;170.8;2:24:25.995;14:25:01.882;0:35.518;0:33.373;0:55.298;268.7;Oliver GRAY;;LMP2;;Forestier Racing by Panis;Oreca;GF;35.518;33.373;55.298;
29;2;63;2:04.257;0;;35.929;0;32.931;0;55.397;0;170.7;2:26:30.252;14:27:06.139;0:35.929;0:32.931;0:55.397;268.7;Oliver GRAY;;LMP2;;Forestier Racing by Panis;Oreca;GF;35.929;32.931;55.397;
29;2;64;2:08.140;0;;36.576;0;34.735;0;56.829;0;165.5;2:28:38.392;14:29:14.279;0:36.576;0:34.735;0:56.829;268.7;Oliver GRAY;;LMP2;;Forestier Racing by Panis;Oreca;GF;36.576;34.735;56.829;
29;2;65;2:06.912;0;;36.862;0;34.683;0;55.367;0;167.1;2:30:45.304;14:31:21.191;0:36.862;0:34.683;0:55.367;266.0;Oliver GRAY;;LMP2;;Forestier Racing by Panis;Oreca;GF;36.862;34.683;55.367;
29;2;66;2:07.447;0;;37.642;0;33.958;0;55.847;0;166.4;2:32:52.751;14:33:28.638;0:37.642;0:33.958;0:55.847;268.0;Oliver GRAY;;LMP2;;Forestier Racing by Panis;Oreca;GF;37.642;33.958;55.847;
29;2;67;2:07.212;0;;37.849;0;34.435;0;54.928;0;166.7;2:34:59.963;14:35:35.850;0:37.849;0:34.435;0:54.928;270.7;Oliver GRAY;;LMP2;;Forestier Racing by Panis;Oreca;GF;37.849;34.435;54.928;
29;2;68;2:06.145;0;;36.630;0;33.600;0;55.915;0;168.1;2:37:06.108;14:37:41.995;0:36.630;0:33.600;0:55.915;268.7;Oliver GRAY;;LMP2;;Forestier Racing by Panis;Oreca;GF;36.630;33.600;55.915;
29;2;69;2:21.540;0;;36.969;0;34.964;0;1:09.607;0;149.8;2:39:27.648;14:40:03.535;0:36.969;0:34.964;1:09.607;254.7;Oliver GRAY;;LMP2;;Forestier Racing by Panis;Oreca;FCY;36.969;34.964;69.607;
29;2;70;4:26.353;0;;1:31.626;0;1:08.779;0;1:45.948;0;79.6;2:43:54.001;14:44:29.888;1:31.626;1:08.779;1:45.948;;Oliver GRAY;;LMP2;;Forestier Racing by Panis;Oreca;FCY;91.626;68.779;105.948;
29;2;71;3:05.222;0;B;1:26.006;0;36.154;0;1:03.062;0;114.5;2:46:59.223;14:47:35.110;1:26.006;0:36.154;1:03.062;209.3;Oliver GRAY;;LMP2;;Forestier Racing by Panis;Oreca;GF;86.006;36.154;63.062;
29;3;72;3:21.517;0;;1:50.562;0;34.968;0;55.987;0;105.2;2:50:20.740;14:50:56.627;1:50.562;0:34.968;0:55.987;251.2;Esteban MASSON;0:01:16.246;LMP2;;Forestier Racing by Panis;Oreca;GF;110.562;34.968;55.987;
29;3;73;3:11.813;0;;37.182;0;48.775;0;1:45.856;0;110.6;2:53:32.553;14:54:08.440;0:37.182;0:48.775;1:45.856;262.8;Esteban MASSON;;LMP2;;Forestier Racing by Panis;Oreca;FCY;37.182;48.775;105.856;
29;3;74;4:25.956;0;;1:31.903;0;1:08.254;0;1:45.799;0;79.7;2:57:58.509;14:58:34.396;1:31.903;1:08.254;1:45.799;;Esteban MASSON;;LMP2;;Forestier Racing by Panis;Oreca;FCY;91.903;68.254;105.799;
29;3;75;3:17.280;0;;1:32.025;0;49.141;0;56.114;0;107.5;3:01:15.789;15:01:51.676;1:32.025;0:49.141;0:56.114;;Esteban MASSON;;LMP2;;Forestier Racing by Panis;Oreca;GF;92.025;49.141;56.114;
29;3;76;2:06.462;0;;36.676;0;34.433;0;55.353;0;167.7;3:03:22.251;15:03:58.138;0:36.676;0:34.433;0:55.353;266.0;Esteban MASSON;;LMP2;;Forestier Racing by Panis;Oreca;GF;36.676;34.433;55.353;
29;3;77;2:07.406;0;;36.960;0;34.167;0;56.279;0;166.5;3:05:29.657;15:06:05.544;0:36.960;0:34.167;0:56.279;267.3;Esteban MASSON;;LMP2;;Forestier Racing by Panis;Oreca;GF;36.960;34.167;56.279;
29;3;78;2:05.525;0;;36.840;0;34.048;0;54.637;1;169.0;3:07:35.182;15:08:11.069;0:36.840;0:34.048;0:54.637;267.3;Esteban MASSON;;LMP2;;Forestier Racing by Panis;Oreca;GF;36.840;34.048;54.637;
29;3;79;2:06.017;0;;36.630;0;34.177;0;55.210;0;168.3;3:09:41.199;15:10:17.086;0:36.630;0:34.177;0:55.210;266.0;Esteban MASSON;;LMP2;;Forestier Racing by Panis;Oreca;GF;36.630;34.177;55.210;
29;3;80;2:05.779;0;;36.845;0;34.048;0;54.886;0;168.6;3:11:46.978;15:12:22.865;0:36.845;0:34.048;0:54.886;268.0;Esteban MASSON;;LMP2;;Forestier Racing by Panis;Oreca;GF;36.845;34.048;54.886;
29;3;81;2:05.343;0;;36.436;0;33.429;0;55.478;0;169.2;3:13:52.321;15:14:28.208;0:36.436;0:33.429;0:55.478;268.0;Esteban MASSON;;LMP2;;Forestier Racing by Panis;Oreca;GF;36.436;33.429;55.478;
29;3;82;2:05.720;0;;36.878;0;33.624;0;55.218;0;168.7;3:15:58.041;15:16:33.928;0:36.878;0:33.624;0:55.218;267.3;Esteban MASSON;;LMP2;;Forestier Racing by Panis;Oreca;GF;36.878;33.624;55.218;
29;3;83;2:04.812;0;;36.856;0;33.166;0;54.790;0;169.9;3:18:02.853;15:18:38.740;0:36.856;0:33.166;0:54.790;268.0;Esteban MASSON;;LMP2;;Forestier Racing by Panis;Oreca;GF;36.856;33.166;54.790;
29;3;84;2:05.789;0;;36.151;0;33.960;0;55.678;0;168.6;3:20:08.642;15:20:44.529;0:36.151;0:33.960;0:55.678;266.0;Esteban MASSON;;LMP2;;Forestier Racing by Panis;Oreca;GF;36.151;33.960;55.678;
29;3;85;2:06.804;0;;36.648;0;34.107;0;56.049;0;167.2;3:22:15.446;15:22:51.333;0:36.648;0:34.107;0:56.049;267.3;Esteban MASSON;;LMP2;;Forestier Racing by Panis;Oreca;GF;36.648;34.107;56.049;
29;3;86;2:05.371;0;;36.555;0;33.573;0;55.243;0;169.2;3:24:20.817;15:24:56.704;0:36.555;0:33.573;0:55.243;267.3;Esteban MASSON;;LMP2;;Forestier Racing by Panis;Oreca;GF;36.555;33.573;55.243;
29;3;87;2:05.689;0;;36.619;0;33.732;0;55.338;0;168.7;3:26:26.506;15:27:02.393;0:36.619;0:33.732;0:55.338;268.0;Esteban MASSON;;LMP2;;Forestier Racing by Panis;Oreca;GF;36.619;33.732;55.338;
29;3;88;2:05.225;0;;36.543;0;33.397;0;55.285;0;169.4;3:28:31.731;15:29:07.618;0:36.543;0:33.397;0:55.285;266.7;Esteban MASSON;;LMP2;;Forestier Racing by Panis;Oreca;GF;36.543;33.397;55.285;
29;3;89;2:05.143;0;;36.505;0;33.292;0;55.346;0;169.5;3:30:36.874;15:31:12.761;0:36.505;0:33.292;0:55.346;268.7;Esteban MASSON;;LMP2;;Forestier Racing by Panis;Oreca;GF;36.505;33.292;55.346;
29;3;90;2:06.841;0;;36.863;0;34.256;0;55.722;0;167.2;3:32:43.715;15:33:19.602;0:36.863;0:34.256;0:55.722;266.0;Esteban MASSON;;LMP2;;Forestier Racing by Panis;Oreca;GF;36.863;34.256;55.722;
29;3;91;2:06.383;0;;36.711;0;33.844;0;55.828;0;167.8;3:34:50.098;15:35:25.985;0:36.711;0:33.844;0:55.828;266.7;Esteban MASSON;;LMP2;;Forestier Racing by Panis;Oreca;GF;36.711;33.844;55.828;
29;3;92;2:06.579;0;;36.973;0;34.507;0;55.099;0;167.5;3:36:56.677;15:37:32.564;0:36.973;0:34.507;0:55.099;266.7;Esteban MASSON;;LMP2;;Forestier Racing by Panis;Oreca;GF;36.973;34.507;55.099;
29;3;93;2:05.361;0;;36.229;0;33.544;0;55.588;0;169.2;3:39:02.038;15:39:37.925;0:36.229;0:33.544;0:55.588;267.3;Esteban MASSON;;LMP2;;Forestier Racing by Panis;Oreca;GF;36.229;33.544;55.588;
29;3;94;2:05.964;0;;36.143;0;33.827;0;55.994;0;168.4;3:41:08.002;15:41:43.889;0:36.143;0:33.827;0:55.994;268.0;Esteban MASSON;;LMP2;;Forestier Racing by Panis;Oreca;GF;36.143;33.827;55.994;
29;3;95;2:09.574;0;B;35.999;0;33.252;0;1:00.323;0;163.7;3:43:17.576;15:43:53.463;0:35.999;0:33.252;1:00.323;267.3;Esteban MASSON;;LMP2;;Forestier Racing by Panis;Oreca;GF;35.999;33.252;60.323;
29;3;96;2:43.988;0;;1:14.944;0;33.541;0;55.503;0;129.3;3:46:01.564;15:46:37.451;1:14.944;0:33.541;0:55.503;270.0;Esteban MASSON;0:00:42.532;LMP2;;Forestier Racing by Panis;Oreca;GF;74.944;33.541;55.503;
29;3;97;2:06.852;0;;36.973;0;34.572;0;55.307;0;167.2;3:48:08.416;15:48:44.303;0:36.973;0:34.572;0:55.307;270.0;Esteban MASSON;;LMP2;;Forestier Racing by Panis;Oreca;GF;36.973;34.572;55.307;
29;3;98;2:04.226;0;;36.224;0;33.101;1;54.901;0;170.7;3:50:12.642;15:50:48.529;0:36.224;0:33.101;0:54.901;266.7;Esteban MASSON;;LMP2;;Forestier Racing by Panis;Oreca;GF;36.224;33.101;54.901;
29;3;99;2:07.082;0;;36.014;0;33.657;0;57.411;0;166.9;3:52:19.724;15:52:55.611;0:36.014;0:33.657;0:57.411;267.3;Esteban MASSON;;LMP2;;Forestier Racing by Panis;Oreca;GF;36.014;33.657;57.411;
29;3;100;2:06.263;0;;36.869;0;33.622;0;55.772;0;168.0;3:54:25.987;15:55:01.874;0:36.869;0:33.622;0:55.772;267.3;Esteban MASSON;;LMP2;;Forestier Racing by Panis;Oreca;GF;36.869;33.622;55.772;
29;3;101;2:05.675;0;;36.112;0;33.244;0;56.319;0;168.7;3:56:31.662;15:57:07.549;0:36.112;0:33.244;0:56.319;270.7;Esteban MASSON;;LMP2;;Forestier Racing by Panis;Oreca;GF;36.112;33.244;56.319;
29;3;102;2:04.456;0;;36.213;0;33.264;0;54.979;0;170.4;3:58:36.118;15:59:12.005;0:36.213;0:33.264;0:54.979;266.7;Esteban MASSON;;LMP2;;Forestier Racing by Panis;Oreca;GF;36.213;33.264;54.979;
29;3;103;2:04.728;0;;35.795;1;33.603;0;55.330;0;170.0;4:00:40.846;16:01:16.733;0:35.795;0:33.603;0:55.330;267.3;Esteban MASSON;;LMP2;;Forestier Racing by Panis;Oreca;FF;35.795;33.603;55.330;
3;1;1;2:00.527;0;;39.943;0;30.998;0;49.586;0;171.7;2:00.527;12:02:36.414;0:39.943;0:30.998;0:49.586;271.4;Jean GLORIEUX;;LMP2 Pro/Am;;DKR Engineering;Oreca;GF;39.943;30.998;49.586;
3;1;2;1:50.795;0;;32.741;0;29.487;0;48.567;0;191.4;3:51.322;12:04:27.209;0:32.741;0:29.487;0:48.567;272.0;Jean GLORIEUX;;LMP2 Pro/Am;;DKR Engineering;Oreca;GF;32.741;29.487;48.567;
3;1;3;1:49.888;0;;32.453;0;29.037;0;48.398;0;193.0;5:41.210;12:06:17.097;0:32.453;0:29.037;0:48.398;272.0;Jean GLORIEUX;;LMP2 Pro/Am;;DKR Engineering;Oreca;GF;32.453;29.037;48.398;
3;1;4;1:49.044;0;;31.984;0;28.831;0;48.229;0;194.5;7:30.254;12:08:06.141;0:31.984;0:28.831;0:48.229;272.7;Jean GLORIEUX;;LMP2 Pro/Am;;DKR Engineering;Oreca;GF;31.984;28.831;48.229;
3;1;5;1:49.220;0;;32.282;0;28.915;0;48.023;1;194.2;9:19.474;12:09:55.361;0:32.282;0:28.915;0:48.023;274.1;Jean GLORIEUX;;LMP2 Pro/Am;;DKR Engineering;Oreca;GF;32.282;28.915;48.023;
3;1;6;1:49.300;0;;32.064;0;28.550;1;48.686;0;194.0;11:08.774;12:11:44.661;0:32.064;0:28.550;0:48.686;271.4;Jean GLORIEUX;;LMP2 Pro/Am;;DKR Engineering;Oreca;GF;32.064;28.550;48.686;
3;1;7;1:48.939;0;;32.019;0;28.667;0;48.253;0;194.7;12:57.713;12:13:33.600;0:32.019;0:28.667;0:48.253;271.4;Jean GLORIEUX;;LMP2 Pro/Am;;DKR Engineering;Oreca;GF;32.019;28.667;48.253;
3;1;8;1:52.969;0;;32.059;0;29.674;0;51.236;0;187.7;14:50.682;12:15:26.569;0:32.059;0:29.674;0:51.236;275.5;Jean GLORIEUX;;LMP2 Pro/Am;;DKR Engineering;Oreca;GF;32.059;29.674;51.236;
3;1;9;1:52.462;0;;32.494;0;30.259;0;49.709;0;188.6;16:43.144;12:17:19.031;0:32.494;0:30.259;0:49.709;274.1;Jean GLORIEUX;;LMP2 Pro/Am;;DKR Engineering;Oreca;GF;32.494;30.259;49.709;
3;1;10;1:51.028;0;;32.782;0;29.274;0;48.972;0;191.0;18:34.172;12:19:10.059;0:32.782;0:29.274;0:48.972;269.3;Jean GLORIEUX;;LMP2 Pro/Am;;DKR Engineering;Oreca;GF;32.782;29.274;48.972;
3;1;11;1:50.642;0;;31.932;0;28.979;0;49.731;0;191.7;20:24.814;12:21:00.701;0:31.932;0:28.979;0:49.731;272.0;Jean GLORIEUX;;LMP2 Pro/Am;;DKR Engineering;Oreca;GF;31.932;28.979;49.731;
3;1;12;1:49.968;0;;32.696;0;28.842;0;48.430;0;192.9;22:14.782;12:22:50.669;0:32.696;0:28.842;0:48.430;270.0;Jean GLORIEUX;;LMP2 Pro/Am;;DKR Engineering;Oreca;GF;32.696;28.842;48.430;
3;1;13;1:50.378;0;;32.661;0;28.984;0;48.733;0;192.1;24:05.160;12:24:41.047;0:32.661;0:28.984;0:48.733;272.0;Jean GLORIEUX;;LMP2 Pro/Am;;DKR Engineering;Oreca;GF;32.661;28.984;48.733;
3;1;14;1:49.560;0;;31.846;2;29.062;0;48.652;0;193.6;25:54.720;12:26:30.607;0:31.846;0:29.062;0:48.652;273.4;Jean GLORIEUX;;LMP2 Pro/Am;;DKR Engineering;Oreca;GF;31.846;29.062;48.652;
3;1;15;1:49.810;0;;32.339;0;29.089;0;48.382;0;193.1;27:44.530;12:28:20.417;0:32.339;0:29.089;0:48.382;272.7;Jean GLORIEUX;;LMP2 Pro/Am;;DKR Engineering;Oreca;GF;32.339;29.089;48.382;
3;1;16;1:51.530;0;;32.107;0;29.455;0;49.968;0;190.2;29:36.060;12:30:11.947;0:32.107;0:29.455;0:49.968;274.8;Jean GLORIEUX;;LMP2 Pro/Am;;DKR Engineering;Oreca;GF;32.107;29.455;49.968;
3;1;17;1:50.850;0;;32.600;0;28.795;0;49.455;0;191.3;31:26.910;12:32:02.797;0:32.600;0:28.795;0:49.455;272.7;Jean GLORIEUX;;LMP2 Pro/Am;;DKR Engineering;Oreca;GF;32.600;28.795;49.455;
3;1;18;1:51.216;0;;32.197;0;29.450;0;49.569;0;190.7;33:18.126;12:33:54.013;0:32.197;0:29.450;0:49.569;274.1;Jean GLORIEUX;;LMP2 Pro/Am;;DKR Engineering;Oreca;GF;32.197;29.450;49.569;
3;1;19;1:50.251;0;;32.233;0;29.435;0;48.583;0;192.4;35:08.377;12:35:44.264;0:32.233;0:29.435;0:48.583;272.7;Jean GLORIEUX;;LMP2 Pro/Am;;DKR Engineering;Oreca;GF;32.233;29.435;48.583;
3;1;20;1:53.902;0;B;32.560;0;29.170;0;52.172;0;186.2;37:02.279;12:37:38.166;0:32.560;0:29.170;0:52.172;273.4;Jean GLORIEUX;;LMP2 Pro/Am;;DKR Engineering;Oreca;GF;32.560;29.170;52.172;
3;1;21;2:46.623;0;;1:28.607;0;29.141;0;48.875;0;127.3;39:48.902;12:40:24.789;1:28.607;0:29.141;0:48.875;270.0;Jean GLORIEUX;0:00:58.256;LMP2 Pro/Am;;DKR Engineering;Oreca;GF;88.607;29.141;48.875;
3;1;22;1:54.845;0;;34.312;0;30.682;0;49.851;0;184.7;41:43.747;12:42:19.634;0:34.312;0:30.682;0:49.851;239.5;Jean GLORIEUX;;LMP2 Pro/Am;;DKR Engineering;Oreca;GF;34.312;30.682;49.851;
3;1;23;1:53.912;0;;33.428;0;29.865;0;50.619;0;186.2;43:37.659;12:44:13.546;0:33.428;0:29.865;0:50.619;270.7;Jean GLORIEUX;;LMP2 Pro/Am;;DKR Engineering;Oreca;GF;33.428;29.865;50.619;
3;1;24;1:51.388;0;;32.443;0;29.049;0;49.896;0;190.4;45:29.047;12:46:04.934;0:32.443;0:29.049;0:49.896;271.4;Jean GLORIEUX;;LMP2 Pro/Am;;DKR Engineering;Oreca;GF;32.443;29.049;49.896;
3;1;25;1:50.653;0;;32.450;0;29.070;0;49.133;0;191.7;47:19.700;12:47:55.587;0:32.450;0:29.070;0:49.133;270.0;Jean GLORIEUX;;LMP2 Pro/Am;;DKR Engineering;Oreca;GF;32.450;29.070;49.133;
3;1;26;1:52.103;0;;34.573;0;28.881;0;48.649;0;189.2;49:11.803;12:49:47.690;0:34.573;0:28.881;0:48.649;270.0;Jean GLORIEUX;;LMP2 Pro/Am;;DKR Engineering;Oreca;GF;34.573;28.881;48.649;
3;1;27;1:49.718;0;;32.488;0;28.831;0;48.399;0;193.3;51:01.521;12:51:37.408;0:32.488;0:28.831;0:48.399;270.0;Jean GLORIEUX;;LMP2 Pro/Am;;DKR Engineering;Oreca;GF;32.488;28.831;48.399;
3;1;28;1:49.994;0;;32.409;0;28.958;0;48.627;0;192.8;52:51.515;12:53:27.402;0:32.409;0:28.958;0:48.627;270.7;Jean GLORIEUX;;LMP2 Pro/Am;;DKR Engineering;Oreca;GF;32.409;28.958;48.627;
3;1;29;1:51.402;0;;32.471;0;29.322;0;49.609;0;190.4;54:42.917;12:55:18.804;0:32.471;0:29.322;0:49.609;271.4;Jean GLORIEUX;;LMP2 Pro/Am;;DKR Engineering;Oreca;GF;32.471;29.322;49.609;
3;1;30;1:50.800;0;;32.501;0;29.597;0;48.702;0;191.4;56:33.717;12:57:09.604;0:32.501;0:29.597;0:48.702;273.4;Jean GLORIEUX;;LMP2 Pro/Am;;DKR Engineering;Oreca;GF;32.501;29.597;48.702;
3;1;31;1:50.261;0;;32.380;0;28.990;0;48.891;0;192.3;58:23.978;12:58:59.865;0:32.380;0:28.990;0:48.891;271.4;Jean GLORIEUX;;LMP2 Pro/Am;;DKR Engineering;Oreca;GF;32.380;28.990;48.891;
3;1;32;1:49.820;0;;32.405;0;28.788;0;48.627;0;193.1;1:00:13.798;13:00:49.685;0:32.405;0:28.788;0:48.627;272.0;Jean GLORIEUX;;LMP2 Pro/Am;;DKR Engineering;Oreca;GF;32.405;28.788;48.627;
3;1;33;1:50.447;0;;32.400;0;28.933;0;49.114;0;192.0;1:02:04.245;13:02:40.132;0:32.400;0:28.933;0:49.114;271.4;Jean GLORIEUX;;LMP2 Pro/Am;;DKR Engineering;Oreca;GF;32.400;28.933;49.114;
3;1;34;1:53.668;0;;34.209;0;29.672;0;49.787;0;186.6;1:03:57.913;13:04:33.800;0:34.209;0:29.672;0:49.787;272.0;Jean GLORIEUX;;LMP2 Pro/Am;;DKR Engineering;Oreca;GF;34.209;29.672;49.787;
3;1;35;1:50.431;0;;32.306;0;28.815;0;49.310;0;192.0;1:05:48.344;13:06:24.231;0:32.306;0:28.815;0:49.310;272.0;Jean GLORIEUX;;LMP2 Pro/Am;;DKR Engineering;Oreca;GF;32.306;28.815;49.310;
3;1;36;1:56.975;0;B;33.442;0;29.243;0;54.290;0;181.3;1:07:45.319;13:08:21.206;0:33.442;0:29.243;0:54.290;270.0;Jean GLORIEUX;;LMP2 Pro/Am;;DKR Engineering;Oreca;GF;33.442;29.243;54.290;
3;2;37;3:10.658;0;;1:50.221;0;30.959;0;49.478;0;111.2;1:10:55.977;13:11:31.864;1:50.221;0:30.959;0:49.478;266.0;Marlon HERNANDEZ;0:01:16.884;LMP2 Pro/Am;;DKR Engineering;Oreca;GF;110.221;30.959;49.478;
3;2;38;1:48.842;2;;32.353;1;28.673;0;47.816;2;194.8;1:12:44.819;13:13:20.706;0:32.353;0:28.673;0:47.816;270.7;Marlon HERNANDEZ;;LMP2 Pro/Am;;DKR Engineering;Oreca;GF;32.353;28.673;47.816;
3;2;39;1:49.446;0;;32.510;0;28.456;2;48.480;0;193.8;1:14:34.265;13:15:10.152;0:32.510;0:28.456;0:48.480;273.4;Marlon HERNANDEZ;;LMP2 Pro/Am;;DKR Engineering;Oreca;GF;32.510;28.456;48.480;
3;2;40;1:54.175;0;;33.408;0;30.868;0;49.899;0;185.7;1:16:28.440;13:17:04.327;0:33.408;0:30.868;0:49.899;272.7;Marlon HERNANDEZ;;LMP2 Pro/Am;;DKR Engineering;Oreca;GF;33.408;30.868;49.899;
3;2;41;1:53.063;0;;33.864;0;29.349;0;49.850;0;187.6;1:18:21.503;13:18:57.390;0:33.864;0:29.349;0:49.850;273.4;Marlon HERNANDEZ;;LMP2 Pro/Am;;DKR Engineering;Oreca;GF;33.864;29.349;49.850;
3;2;42;3:00.298;0;;33.206;0;1:07.469;0;1:19.623;0;117.6;1:21:21.801;13:21:57.688;0:33.206;1:07.469;1:19.623;153.4;Marlon HERNANDEZ;;LMP2 Pro/Am;;DKR Engineering;Oreca;GF;33.206;67.469;79.623;
3;2;43;1:56.084;0;;34.643;0;28.700;0;52.741;0;182.7;1:23:17.885;13:23:53.772;0:34.643;0:28.700;0:52.741;272.0;Marlon HERNANDEZ;;LMP2 Pro/Am;;DKR Engineering;Oreca;GF;34.643;28.700;52.741;
3;2;44;3:15.625;0;;39.506;0;50.239;0;1:45.880;0;108.4;1:26:33.510;13:27:09.397;0:39.506;0:50.239;1:45.880;267.3;Marlon HERNANDEZ;;LMP2 Pro/Am;;DKR Engineering;Oreca;GF;39.506;50.239;105.880;
3;2;45;4:27.299;0;B;1:30.905;0;1:08.581;0;1:47.813;0;79.3;1:31:00.809;13:31:36.696;1:30.905;1:08.581;1:47.813;;Marlon HERNANDEZ;;LMP2 Pro/Am;;DKR Engineering;Oreca;GF;90.905;68.581;107.813;
3;2;46;4:59.452;0;;2:56.292;0;57.412;0;1:05.748;0;70.8;1:36:00.261;13:36:36.148;2:56.292;0:57.412;1:05.748;;Marlon HERNANDEZ;0:01:39.214;LMP2 Pro/Am;;DKR Engineering;Oreca;SF;176.292;57.412;65.748;
3;2;47;3:46.163;0;;1:09.709;0;1:00.240;0;1:36.214;0;93.8;1:39:46.424;13:40:22.311;1:09.709;1:00.240;1:36.214;;Marlon HERNANDEZ;;LMP2 Pro/Am;;DKR Engineering;Oreca;SF;69.709;60.240;96.214;
3;2;48;4:15.883;0;;1:28.914;0;1:05.093;0;1:41.876;0;82.9;1:44:02.307;13:44:38.194;1:28.914;1:05.093;1:41.876;;Marlon HERNANDEZ;;LMP2 Pro/Am;;DKR Engineering;Oreca;SF;88.914;65.093;101.876;
3;2;49;2:47.263;0;;50.811;0;44.621;0;1:11.831;0;126.8;1:46:49.570;13:47:25.457;0:50.811;0:44.621;1:11.831;184.6;Marlon HERNANDEZ;;LMP2 Pro/Am;;DKR Engineering;Oreca;SF;50.811;44.621;71.831;
3;2;50;2:41.238;0;;47.735;0;43.691;0;1:09.812;0;131.5;1:49:30.808;13:50:06.695;0:47.735;0:43.691;1:09.812;188.8;Marlon HERNANDEZ;;LMP2 Pro/Am;;DKR Engineering;Oreca;SF;47.735;43.691;69.812;
3;2;51;3:07.722;0;B;47.566;0;50.051;0;1:30.105;0;113.0;1:52:38.530;13:53:14.417;0:47.566;0:50.051;1:30.105;177.3;Marlon HERNANDEZ;;LMP2 Pro/Am;;DKR Engineering;Oreca;SF;47.566;50.051;90.105;
3;2;52;3:45.556;0;;1:49.052;0;43.266;0;1:13.238;0;94.0;1:56:24.086;13:56:59.973;1:49.052;0:43.266;1:13.238;224.5;Marlon HERNANDEZ;0:01:11.215;LMP2 Pro/Am;;DKR Engineering;Oreca;SF;109.052;43.266;73.238;
3;2;53;2:47.080;0;;49.478;0;43.994;0;1:13.608;0;126.9;1:59:11.166;13:59:47.053;0:49.478;0:43.994;1:13.608;226.4;Marlon HERNANDEZ;;LMP2 Pro/Am;;DKR Engineering;Oreca;SF;49.478;43.994;73.608;
3;2;54;2:35.439;0;;49.910;0;45.869;0;59.660;0;136.4;2:01:46.605;14:02:22.492;0:49.910;0:45.869;0:59.660;223.1;Marlon HERNANDEZ;;LMP2 Pro/Am;;DKR Engineering;Oreca;SF;49.910;45.869;59.660;
3;2;55;2:16.190;0;;39.074;0;37.086;0;1:00.030;0;155.7;2:04:02.795;14:04:38.682;0:39.074;0:37.086;1:00.030;230.8;Marlon HERNANDEZ;;LMP2 Pro/Am;;DKR Engineering;Oreca;SF;39.074;37.086;60.030;
3;2;56;2:56.129;0;;51.578;0;47.521;0;1:17.030;0;120.4;2:06:58.924;14:07:34.811;0:51.578;0:47.521;1:17.030;121.6;Marlon HERNANDEZ;;LMP2 Pro/Am;;DKR Engineering;Oreca;SF;51.578;47.521;77.030;
3;2;57;2:59.076;0;;50.461;0;46.346;0;1:22.269;0;118.4;2:09:58.000;14:10:33.887;0:50.461;0:46.346;1:22.269;186.2;Marlon HERNANDEZ;;LMP2 Pro/Am;;DKR Engineering;Oreca;GF;50.461;46.346;82.269;
3;2;58;2:17.529;0;;38.220;0;39.557;0;59.752;0;154.2;2:12:15.529;14:12:51.416;0:38.220;0:39.557;0:59.752;265.4;Marlon HERNANDEZ;;LMP2 Pro/Am;;DKR Engineering;Oreca;GF;38.220;39.557;59.752;
3;2;59;2:11.601;0;;37.281;0;36.563;0;57.757;0;161.2;2:14:27.130;14:15:03.017;0:37.281;0:36.563;0:57.757;260.2;Marlon HERNANDEZ;;LMP2 Pro/Am;;DKR Engineering;Oreca;GF;37.281;36.563;57.757;
3;2;60;2:08.840;0;;37.564;0;35.362;0;55.914;0;164.6;2:16:35.970;14:17:11.857;0:37.564;0:35.362;0:55.914;265.4;Marlon HERNANDEZ;;LMP2 Pro/Am;;DKR Engineering;Oreca;GF;37.564;35.362;55.914;
3;2;61;2:08.594;0;;37.438;0;34.393;0;56.763;0;164.9;2:18:44.564;14:19:20.451;0:37.438;0:34.393;0:56.763;267.3;Marlon HERNANDEZ;;LMP2 Pro/Am;;DKR Engineering;Oreca;GF;37.438;34.393;56.763;
3;2;62;2:08.293;0;;37.073;0;35.338;0;55.882;0;165.3;2:20:52.857;14:21:28.744;0:37.073;0:35.338;0:55.882;266.7;Marlon HERNANDEZ;;LMP2 Pro/Am;;DKR Engineering;Oreca;GF;37.073;35.338;55.882;
3;2;63;2:06.399;0;;36.510;0;34.126;0;55.763;0;167.8;2:22:59.256;14:23:35.143;0:36.510;0:34.126;0:55.763;266.7;Marlon HERNANDEZ;;LMP2 Pro/Am;;DKR Engineering;Oreca;GF;36.510;34.126;55.763;
3;2;64;2:06.689;0;;36.860;0;33.977;0;55.852;0;167.4;2:25:05.945;14:25:41.832;0:36.860;0:33.977;0:55.852;268.0;Marlon HERNANDEZ;;LMP2 Pro/Am;;DKR Engineering;Oreca;GF;36.860;33.977;55.852;
3;2;65;2:13.815;0;B;36.599;0;34.268;0;1:02.948;0;158.5;2:27:19.760;14:27:55.647;0:36.599;0:34.268;1:02.948;268.7;Marlon HERNANDEZ;;LMP2 Pro/Am;;DKR Engineering;Oreca;GF;36.599;34.268;62.948;
3;3;66;3:06.271;0;;1:36.574;0;34.138;0;55.559;0;113.9;2:30:26.031;14:31:01.918;1:36.574;0:34.138;0:55.559;265.4;Maceo CAPIETTO;0:01:03.225;LMP2 Pro/Am;;DKR Engineering;Oreca;GF;96.574;34.138;55.559;
3;3;67;2:06.762;0;;36.611;0;33.872;0;56.279;0;167.3;2:32:32.793;14:33:08.680;0:36.611;0:33.872;0:56.279;266.7;Maceo CAPIETTO;;LMP2 Pro/Am;;DKR Engineering;Oreca;GF;36.611;33.872;56.279;
3;3;68;2:06.885;0;;36.588;0;34.083;0;56.214;0;167.1;2:34:39.678;14:35:15.565;0:36.588;0:34.083;0:56.214;266.0;Maceo CAPIETTO;;LMP2 Pro/Am;;DKR Engineering;Oreca;GF;36.588;34.083;56.214;
3;3;69;2:06.579;0;;36.844;0;33.582;0;56.153;0;167.5;2:36:46.257;14:37:22.144;0:36.844;0:33.582;0:56.153;263.4;Maceo CAPIETTO;;LMP2 Pro/Am;;DKR Engineering;Oreca;GF;36.844;33.582;56.153;
3;3;70;2:03.535;0;;36.165;0;33.055;0;54.315;1;171.7;2:38:49.792;14:39:25.679;0:36.165;0:33.055;0:54.315;267.3;Maceo CAPIETTO;;LMP2 Pro/Am;;DKR Engineering;Oreca;GF;36.165;33.055;54.315;
3;3;71;4:16.966;0;;1:22.272;0;1:08.558;0;1:46.136;0;82.5;2:43:06.758;14:43:42.645;1:22.272;1:08.558;1:46.136;;Maceo CAPIETTO;;LMP2 Pro/Am;;DKR Engineering;Oreca;FCY;82.272;68.558;106.136;
3;3;72;3:20.182;0;;1:32.251;0;52.268;0;55.663;0;105.9;2:46:26.940;14:47:02.827;1:32.251;0:52.268;0:55.663;;Maceo CAPIETTO;;LMP2 Pro/Am;;DKR Engineering;Oreca;GF;92.251;52.268;55.663;
3;3;73;2:04.594;0;;36.391;0;33.318;0;54.885;0;170.2;2:48:31.534;14:49:07.421;0:36.391;0:33.318;0:54.885;266.0;Maceo CAPIETTO;;LMP2 Pro/Am;;DKR Engineering;Oreca;GF;36.391;33.318;54.885;
3;3;74;2:05.434;0;;36.476;0;33.787;0;55.171;0;169.1;2:50:36.968;14:51:12.855;0:36.476;0:33.787;0:55.171;266.0;Maceo CAPIETTO;;LMP2 Pro/Am;;DKR Engineering;Oreca;GF;36.476;33.787;55.171;
3;3;75;3:20.314;0;;36.782;0;57.023;0;1:46.509;0;105.9;2:53:57.282;14:54:33.169;0:36.782;0:57.023;1:46.509;267.3;Maceo CAPIETTO;;LMP2 Pro/Am;;DKR Engineering;Oreca;FCY;36.782;57.023;106.509;
3;3;76;4:27.569;0;;1:32.172;0;1:08.887;0;1:46.510;0;79.3;2:58:24.851;14:59:00.738;1:32.172;1:08.887;1:46.510;;Maceo CAPIETTO;;LMP2 Pro/Am;;DKR Engineering;Oreca;FCY;92.172;68.887;106.510;
3;3;77;3:04.549;0;;1:32.258;0;36.699;0;55.592;0;114.9;3:01:29.400;15:02:05.287;1:32.258;0:36.699;0:55.592;;Maceo CAPIETTO;;LMP2 Pro/Am;;DKR Engineering;Oreca;GF;92.258;36.699;55.592;
3;3;78;2:09.309;0;;37.028;0;35.503;0;56.778;0;164.0;3:03:38.709;15:04:14.596;0:37.028;0:35.503;0:56.778;265.4;Maceo CAPIETTO;;LMP2 Pro/Am;;DKR Engineering;Oreca;GF;37.028;35.503;56.778;
3;3;79;2:07.354;0;;36.879;0;35.169;0;55.306;0;166.5;3:05:46.063;15:06:21.950;0:36.879;0:35.169;0:55.306;268.7;Maceo CAPIETTO;;LMP2 Pro/Am;;DKR Engineering;Oreca;GF;36.879;35.169;55.306;
3;3;80;2:07.022;0;;36.623;0;34.615;0;55.784;0;167.0;3:07:53.085;15:08:28.972;0:36.623;0:34.615;0:55.784;267.3;Maceo CAPIETTO;;LMP2 Pro/Am;;DKR Engineering;Oreca;GF;36.623;34.615;55.784;
3;3;81;2:07.301;0;;37.489;0;34.496;0;55.316;0;166.6;3:10:00.386;15:10:36.273;0:37.489;0:34.496;0:55.316;266.7;Maceo CAPIETTO;;LMP2 Pro/Am;;DKR Engineering;Oreca;GF;37.489;34.496;55.316;
3;3;82;2:07.549;0;;37.619;0;34.022;0;55.908;0;166.3;3:12:07.935;15:12:43.822;0:37.619;0:34.022;0:55.908;266.7;Maceo CAPIETTO;;LMP2 Pro/Am;;DKR Engineering;Oreca;GF;37.619;34.022;55.908;
3;3;83;2:05.954;0;;36.955;0;34.071;0;54.928;0;168.4;3:14:13.889;15:14:49.776;0:36.955;0:34.071;0:54.928;260.2;Maceo CAPIETTO;;LMP2 Pro/Am;;DKR Engineering;Oreca;GF;36.955;34.071;54.928;
3;3;84;2:05.407;0;;36.746;0;33.499;0;55.162;0;169.1;3:16:19.296;15:16:55.183;0:36.746;0:33.499;0:55.162;269.3;Maceo CAPIETTO;;LMP2 Pro/Am;;DKR Engineering;Oreca;GF;36.746;33.499;55.162;
3;3;85;2:11.473;0;B;36.430;0;34.143;0;1:00.900;0;161.3;3:18:30.769;15:19:06.656;0:36.430;0:34.143;1:00.900;268.7;Maceo CAPIETTO;;LMP2 Pro/Am;;DKR Engineering;Oreca;GF;36.430;34.143;60.900;
3;3;86;3:17.814;0;;1:48.617;0;33.616;0;55.581;0;107.2;3:21:48.583;15:22:24.470;1:48.617;0:33.616;0:55.581;266.0;Maceo CAPIETTO;0:01:16.090;LMP2 Pro/Am;;DKR Engineering;Oreca;GF;108.617;33.616;55.581;
3;3;87;2:15.270;0;;36.351;0;33.584;0;1:05.335;0;156.8;3:24:03.853;15:24:39.740;0:36.351;0:33.584;1:05.335;266.7;Maceo CAPIETTO;;LMP2 Pro/Am;;DKR Engineering;Oreca;GF;36.351;33.584;65.335;
3;3;88;2:04.989;0;;36.439;0;33.589;0;54.961;0;169.7;3:26:08.842;15:26:44.729;0:36.439;0:33.589;0:54.961;266.7;Maceo CAPIETTO;;LMP2 Pro/Am;;DKR Engineering;Oreca;GF;36.439;33.589;54.961;
3;3;89;2:07.365;0;;37.261;0;33.857;0;56.247;0;166.5;3:28:16.207;15:28:52.094;0:37.261;0:33.857;0:56.247;261.5;Maceo CAPIETTO;;LMP2 Pro/Am;;DKR Engineering;Oreca;GF;37.261;33.857;56.247;
3;3;90;2:07.488;0;;37.554;0;34.553;0;55.381;0;166.3;3:30:23.695;15:30:59.582;0:37.554;0:34.553;0:55.381;265.4;Maceo CAPIETTO;;LMP2 Pro/Am;;DKR Engineering;Oreca;GF;37.554;34.553;55.381;
3;3;91;2:06.285;0;;37.083;0;33.458;0;55.744;0;167.9;3:32:29.980;15:33:05.867;0:37.083;0:33.458;0:55.744;266.7;Maceo CAPIETTO;;LMP2 Pro/Am;;DKR Engineering;Oreca;GF;37.083;33.458;55.744;
3;3;92;2:07.135;0;;37.757;0;33.900;0;55.478;0;166.8;3:34:37.115;15:35:13.002;0:37.757;0:33.900;0:55.478;266.0;Maceo CAPIETTO;;LMP2 Pro/Am;;DKR Engineering;Oreca;GF;37.757;33.900;55.478;
3;3;93;2:07.289;0;;36.882;0;34.147;0;56.260;0;166.6;3:36:44.404;15:37:20.291;0:36.882;0:34.147;0:56.260;266.7;Maceo CAPIETTO;;LMP2 Pro/Am;;DKR Engineering;Oreca;GF;36.882;34.147;56.260;
3;3;94;2:05.377;0;;36.343;0;33.698;0;55.336;0;169.2;3:38:49.781;15:39:25.668;0:36.343;0:33.698;0:55.336;267.3;Maceo CAPIETTO;;LMP2 Pro/Am;;DKR Engineering;Oreca;GF;36.343;33.698;55.336;
3;3;95;2:04.329;0;;35.963;0;32.930;0;55.436;0;170.6;3:40:54.110;15:41:29.997;0:35.963;0:32.930;0:55.436;268.0;Maceo CAPIETTO;;LMP2 Pro/Am;;DKR Engineering;Oreca;GF;35.963;32.930;55.436;
3;3;96;2:04.802;0;;36.162;0;33.278;0;55.362;0;169.9;3:42:58.912;15:43:34.799;0:36.162;0:33.278;0:55.362;269.3;Maceo CAPIETTO;;LMP2 Pro/Am;;DKR Engineering;Oreca;GF;36.162;33.278;55.362;
3;3;97;2:04.318;0;;36.196;0;33.055;0;55.067;0;170.6;3:45:03.230;15:45:39.117;0:36.196;0:33.055;0:55.067;268.7;Maceo CAPIETTO;;LMP2 Pro/Am;;DKR Engineering;Oreca;GF;36.196;33.055;55.067;
3;3;98;2:04.131;0;;35.974;0;32.992;0;55.165;0;170.8;3:47:07.361;15:47:43.248;0:35.974;0:32.992;0:55.165;268.0;Maceo CAPIETTO;;LMP2 Pro/Am;;DKR Engineering;Oreca;GF;35.974;32.992;55.165;
3;3;99;2:05.217;0;;36.289;0;33.258;0;55.670;0;169.4;3:49:12.578;15:49:48.465;0:36.289;0:33.258;0:55.670;269.3;Maceo CAPIETTO;;LMP2 Pro/Am;;DKR Engineering;Oreca;GF;36.289;33.258;55.670;
3;3;100;2:03.976;0;;36.441;0;32.685;0;54.850;0;171.1;3:51:16.554;15:51:52.441;0:36.441;0:32.685;0:54.850;268.7;Maceo CAPIETTO;;LMP2 Pro/Am;;DKR Engineering;Oreca;GF;36.441;32.685;54.850;
3;3;101;2:05.132;0;;36.314;0;32.831;0;55.987;0;169.5;3:53:21.686;15:53:57.573;0:36.314;0:32.831;0:55.987;266.7;Maceo CAPIETTO;;LMP2 Pro/Am;;DKR Engineering;Oreca;GF;36.314;32.831;55.987;
3;3;102;2:03.958;0;;36.197;0;32.990;0;54.771;0;171.1;3:55:25.644;15:56:01.531;0:36.197;0:32.990;0:54.771;269.3;Maceo CAPIETTO;;LMP2 Pro/Am;;DKR Engineering;Oreca;GF;36.197;32.990;54.771;
3;3;103;2:03.965;0;;35.697;0;32.911;0;55.357;0;171.1;3:57:29.609;15:58:05.496;0:35.697;0:32.911;0:55.357;271.4;Maceo CAPIETTO;;LMP2 Pro/Am;;DKR Engineering;Oreca;GF;35.697;32.911;55.357;
3;3;104;2:02.995;0;;35.440;1;32.690;0;54.865;0;172.4;3:59:32.604;16:00:08.491;0:35.440;0:32.690;0:54.865;269.3;Maceo CAPIETTO;;LMP2 Pro/Am;;DKR Engineering;Oreca;GF;35.440;32.690;54.865;
3;3;105;2:03.269;0;;35.478;0;32.452;1;55.339;0;172.0;4:01:35.873;16:02:11.760;0:35.478;0:32.452;0:55.339;270.7;Maceo CAPIETTO;;LMP2 Pro/Am;;DKR Engineering;Oreca;FF;35.478;32.452;55.339;
30;1;1;1:59.559;0;;38.879;0;31.087;0;49.593;0;173.1;1:59.559;12:02:35.446;0:38.879;0:31.087;0:49.593;270.7;Giorgio RODA;;LMP2 Pro/Am;;Duqueine Team;Oreca;GF;38.879;31.087;49.593;
30;1;2;1:51.354;0;;32.878;0;29.037;0;49.439;0;190.5;3:50.913;12:04:26.800;0:32.878;0:29.037;0:49.439;274.1;Giorgio RODA;;LMP2 Pro/Am;;Duqueine Team;Oreca;GF;32.878;29.037;49.439;
30;1;3;1:49.848;0;;32.217;0;29.023;0;48.608;0;193.1;5:40.761;12:06:16.648;0:32.217;0:29.023;0:48.608;273.4;Giorgio RODA;;LMP2 Pro/Am;;Duqueine Team;Oreca;GF;32.217;29.023;48.608;
30;1;4;1:48.965;0;;31.702;0;28.723;0;48.540;0;194.6;7:29.726;12:08:05.613;0:31.702;0:28.723;0:48.540;274.1;Giorgio RODA;;LMP2 Pro/Am;;Duqueine Team;Oreca;GF;31.702;28.723;48.540;
30;1;5;1:48.696;2;;31.756;0;28.811;0;48.129;2;195.1;9:18.422;12:09:54.309;0:31.756;0:28.811;0:48.129;274.1;Giorgio RODA;;LMP2 Pro/Am;;Duqueine Team;Oreca;GF;31.756;28.811;48.129;
30;1;6;1:48.946;0;;31.692;2;28.991;0;48.263;0;194.7;11:07.368;12:11:43.255;0:31.692;0:28.991;0:48.263;273.4;Giorgio RODA;;LMP2 Pro/Am;;Duqueine Team;Oreca;GF;31.692;28.991;48.263;
30;1;7;1:49.171;0;;31.935;0;28.748;0;48.488;0;194.3;12:56.539;12:13:32.426;0:31.935;0:28.748;0:48.488;272.7;Giorgio RODA;;LMP2 Pro/Am;;Duqueine Team;Oreca;GF;31.935;28.748;48.488;
30;1;8;1:53.388;0;;32.006;0;30.129;0;51.253;0;187.0;14:49.927;12:15:25.814;0:32.006;0:30.129;0:51.253;274.1;Giorgio RODA;;LMP2 Pro/Am;;Duqueine Team;Oreca;GF;32.006;30.129;51.253;
30;1;9;1:53.553;0;;32.247;0;31.110;0;50.196;0;186.8;16:43.480;12:17:19.367;0:32.247;0:31.110;0:50.196;274.1;Giorgio RODA;;LMP2 Pro/Am;;Duqueine Team;Oreca;GF;32.247;31.110;50.196;
30;1;10;1:52.407;0;;32.605;0;30.078;0;49.724;0;188.7;18:35.887;12:19:11.774;0:32.605;0:30.078;0:49.724;274.8;Giorgio RODA;;LMP2 Pro/Am;;Duqueine Team;Oreca;GF;32.605;30.078;49.724;
30;1;11;1:50.602;0;;31.824;0;29.112;0;49.666;0;191.7;20:26.489;12:21:02.376;0:31.824;0:29.112;0:49.666;274.1;Giorgio RODA;;LMP2 Pro/Am;;Duqueine Team;Oreca;GF;31.824;29.112;49.666;
30;1;12;1:52.405;0;;33.310;0;29.902;0;49.193;0;188.7;22:18.894;12:22:54.781;0:33.310;0:29.902;0:49.193;272.0;Giorgio RODA;;LMP2 Pro/Am;;Duqueine Team;Oreca;GF;33.310;29.902;49.193;
30;1;13;1:49.969;0;;32.154;0;29.281;0;48.534;0;192.9;24:08.863;12:24:44.750;0:32.154;0:29.281;0:48.534;272.7;Giorgio RODA;;LMP2 Pro/Am;;Duqueine Team;Oreca;GF;32.154;29.281;48.534;
30;1;14;1:50.812;0;;32.963;0;28.801;0;49.048;0;191.4;25:59.675;12:26:35.562;0:32.963;0:28.801;0:49.048;272.7;Giorgio RODA;;LMP2 Pro/Am;;Duqueine Team;Oreca;GF;32.963;28.801;49.048;
30;1;15;1:50.420;0;;32.055;0;28.963;0;49.402;0;192.1;27:50.095;12:28:25.982;0:32.055;0:28.963;0:49.402;273.4;Giorgio RODA;;LMP2 Pro/Am;;Duqueine Team;Oreca;GF;32.055;28.963;49.402;
30;1;16;1:49.417;0;;31.884;0;28.607;2;48.926;0;193.8;29:39.512;12:30:15.399;0:31.884;0:28.607;0:48.926;273.4;Giorgio RODA;;LMP2 Pro/Am;;Duqueine Team;Oreca;GF;31.884;28.607;48.926;
30;1;17;1:52.715;0;;34.248;0;29.068;0;49.399;0;188.2;31:32.227;12:32:08.114;0:34.248;0:29.068;0:49.399;271.4;Giorgio RODA;;LMP2 Pro/Am;;Duqueine Team;Oreca;GF;34.248;29.068;49.399;
30;1;18;1:51.639;0;;33.265;0;29.464;0;48.910;0;190.0;33:23.866;12:33:59.753;0:33.265;0:29.464;0:48.910;271.4;Giorgio RODA;;LMP2 Pro/Am;;Duqueine Team;Oreca;GF;33.265;29.464;48.910;
30;1;19;1:52.048;0;;33.440;0;28.858;0;49.750;0;189.3;35:15.914;12:35:51.801;0:33.440;0:28.858;0:49.750;272.0;Giorgio RODA;;LMP2 Pro/Am;;Duqueine Team;Oreca;GF;33.440;28.858;49.750;
30;1;20;1:51.462;0;;33.984;0;28.632;0;48.846;0;190.3;37:07.376;12:37:43.263;0:33.984;0:28.632;0:48.846;270.7;Giorgio RODA;;LMP2 Pro/Am;;Duqueine Team;Oreca;GF;33.984;28.632;48.846;
30;1;21;1:53.556;0;B;32.499;0;28.654;0;52.403;0;186.8;39:00.932;12:39:36.819;0:32.499;0:28.654;0:52.403;273.4;Giorgio RODA;;LMP2 Pro/Am;;Duqueine Team;Oreca;GF;32.499;28.654;52.403;
30;1;22;3:06.565;0;;1:46.364;0;29.514;0;50.687;0;113.7;42:07.497;12:42:43.384;1:46.364;0:29.514;0:50.687;269.3;Giorgio RODA;0:01:15.663;LMP2 Pro/Am;;Duqueine Team;Oreca;GF;106.364;29.514;50.687;
30;1;23;1:50.358;0;;32.688;0;28.670;0;49.000;0;192.2;43:57.855;12:44:33.742;0:32.688;0:28.670;0:49.000;271.4;Giorgio RODA;;LMP2 Pro/Am;;Duqueine Team;Oreca;GF;32.688;28.670;49.000;
30;1;24;1:52.664;0;;33.582;0;29.536;0;49.546;0;188.2;45:50.519;12:46:26.406;0:33.582;0:29.536;0:49.546;271.4;Giorgio RODA;;LMP2 Pro/Am;;Duqueine Team;Oreca;GF;33.582;29.536;49.546;
30;1;25;1:52.910;0;;33.490;0;29.707;0;49.713;0;187.8;47:43.429;12:48:19.316;0:33.490;0:29.707;0:49.713;270.0;Giorgio RODA;;LMP2 Pro/Am;;Duqueine Team;Oreca;GF;33.490;29.707;49.713;
30;1;26;1:51.833;0;;32.399;0;29.624;0;49.810;0;189.6;49:35.262;12:50:11.149;0:32.399;0:29.624;0:49.810;272.7;Giorgio RODA;;LMP2 Pro/Am;;Duqueine Team;Oreca;GF;32.399;29.624;49.810;
30;1;27;1:50.464;0;;32.565;0;28.972;0;48.927;0;192.0;51:25.726;12:52:01.613;0:32.565;0:28.972;0:48.927;272.0;Giorgio RODA;;LMP2 Pro/Am;;Duqueine Team;Oreca;GF;32.565;28.972;48.927;
30;1;28;1:52.621;0;;33.809;0;29.058;0;49.754;0;188.3;53:18.347;12:53:54.234;0:33.809;0:29.058;0:49.754;270.7;Giorgio RODA;;LMP2 Pro/Am;;Duqueine Team;Oreca;GF;33.809;29.058;49.754;
30;1;29;1:49.123;0;;32.075;0;28.764;0;48.284;0;194.3;55:07.470;12:55:43.357;0:32.075;0:28.764;0:48.284;273.4;Giorgio RODA;;LMP2 Pro/Am;;Duqueine Team;Oreca;GF;32.075;28.764;48.284;
30;1;30;1:49.947;0;;32.366;0;28.864;0;48.717;0;192.9;56:57.417;12:57:33.304;0:32.366;0:28.864;0:48.717;274.1;Giorgio RODA;;LMP2 Pro/Am;;Duqueine Team;Oreca;GF;32.366;28.864;48.717;
30;1;31;1:50.277;0;;32.565;0;29.045;0;48.667;0;192.3;58:47.694;12:59:23.581;0:32.565;0:29.045;0:48.667;272.7;Giorgio RODA;;LMP2 Pro/Am;;Duqueine Team;Oreca;GF;32.565;29.045;48.667;
30;1;32;1:51.374;0;;32.531;0;29.450;0;49.393;0;190.4;1:00:39.068;13:01:14.955;0:32.531;0:29.450;0:49.393;272.7;Giorgio RODA;;LMP2 Pro/Am;;Duqueine Team;Oreca;GF;32.531;29.450;49.393;
30;1;33;1:50.027;0;;32.364;0;28.717;0;48.946;0;192.7;1:02:29.095;13:03:04.982;0:32.364;0:28.717;0:48.946;274.1;Giorgio RODA;;LMP2 Pro/Am;;Duqueine Team;Oreca;GF;32.364;28.717;48.946;
30;1;34;1:54.351;0;B;32.730;0;29.213;0;52.408;0;185.5;1:04:23.446;13:04:59.333;0:32.730;0:29.213;0:52.408;273.4;Giorgio RODA;;LMP2 Pro/Am;;Duqueine Team;Oreca;GF;32.730;29.213;52.408;
30;3;35;2:49.658;0;;1:32.171;0;28.947;0;48.540;0;125.0;1:07:13.104;13:07:48.991;1:32.171;0:28.947;0:48.540;270.0;Doriane PIN;0:01:02.328;LMP2 Pro/Am;;Duqueine Team;Oreca;GF;92.171;28.947;48.540;
30;3;36;1:50.725;0;;33.208;0;28.730;1;48.787;0;191.5;1:09:03.829;13:09:39.716;0:33.208;0:28.730;0:48.787;271.4;Doriane PIN;;LMP2 Pro/Am;;Duqueine Team;Oreca;GF;33.208;28.730;48.787;
30;3;37;1:52.748;0;;33.239;0;29.600;0;49.909;0;188.1;1:10:56.577;13:11:32.464;0:33.239;0:29.600;0:49.909;272.7;Doriane PIN;;LMP2 Pro/Am;;Duqueine Team;Oreca;GF;33.239;29.600;49.909;
30;3;38;1:50.700;0;;33.042;1;29.250;0;48.408;1;191.6;1:12:47.277;13:13:23.164;0:33.042;0:29.250;0:48.408;274.8;Doriane PIN;;LMP2 Pro/Am;;Duqueine Team;Oreca;GF;33.042;29.250;48.408;
30;3;39;1:55.426;0;;33.849;0;31.260;0;50.317;0;183.7;1:14:42.703;13:15:18.590;0:33.849;0:31.260;0:50.317;271.4;Doriane PIN;;LMP2 Pro/Am;;Duqueine Team;Oreca;GF;33.849;31.260;50.317;
30;3;40;1:57.940;0;;36.535;0;30.760;0;50.645;0;179.8;1:16:40.643;13:17:16.530;0:36.535;0:30.760;0:50.645;271.4;Doriane PIN;;LMP2 Pro/Am;;Duqueine Team;Oreca;GF;36.535;30.760;50.645;
30;3;41;1:57.577;0;;35.772;0;29.506;0;52.299;0;180.4;1:18:38.220;13:19:14.107;0:35.772;0:29.506;0:52.299;272.0;Doriane PIN;;LMP2 Pro/Am;;Duqueine Team;Oreca;GF;35.772;29.506;52.299;
30;3;42;3:11.212;0;B;1:02.527;0;1:07.400;0;1:01.285;0;110.9;1:21:49.432;13:22:25.319;1:02.527;1:07.400;1:01.285;;Doriane PIN;;LMP2 Pro/Am;;Duqueine Team;Oreca;GF;62.527;67.400;61.285;
30;3;43;2:55.024;0;;1:13.040;0;29.767;0;1:12.217;0;121.2;1:24:44.456;13:25:20.343;1:13.040;0:29.767;1:12.217;270.7;Doriane PIN;0:00:40.947;LMP2 Pro/Am;;Duqueine Team;Oreca;GF;73.040;29.767;72.217;
30;3;44;4:24.396;0;B;1:30.760;0;1:07.410;0;1:46.226;0;80.2;1:29:08.852;13:29:44.739;1:30.760;1:07.410;1:46.226;;Doriane PIN;;LMP2 Pro/Am;;Duqueine Team;Oreca;GF;90.760;67.410;106.226;
30;3;45;5:13.644;0;;2:17.515;0;1:08.739;0;1:47.390;0;67.6;1:34:22.496;13:34:58.383;2:17.515;1:08.739;1:47.390;;Doriane PIN;0:01:01.875;LMP2 Pro/Am;;Duqueine Team;Oreca;SF;137.515;68.739;107.390;
30;3;46;2:28.761;0;;45.757;0;42.463;0;1:00.541;0;142.6;1:36:51.257;13:37:27.144;0:45.757;0:42.463;1:00.541;206.9;Doriane PIN;;LMP2 Pro/Am;;Duqueine Team;Oreca;SF;45.757;42.463;60.541;
30;3;47;3:15.473;0;;43.693;0;56.753;0;1:35.027;0;108.5;1:40:06.730;13:40:42.617;0:43.693;0:56.753;1:35.027;178.5;Doriane PIN;;LMP2 Pro/Am;;Duqueine Team;Oreca;SF;43.693;56.753;95.027;
30;3;48;4:08.269;0;;1:29.898;0;1:00.581;0;1:37.790;0;85.4;1:44:14.999;13:44:50.886;1:29.898;1:00.581;1:37.790;;Doriane PIN;;LMP2 Pro/Am;;Duqueine Team;Oreca;SF;89.898;60.581;97.790;
30;3;49;2:55.292;0;;51.207;0;51.492;0;1:12.593;0;121.0;1:47:10.291;13:47:46.178;0:51.207;0:51.492;1:12.593;173.6;Doriane PIN;;LMP2 Pro/Am;;Duqueine Team;Oreca;SF;51.207;51.492;72.593;
30;3;50;2:43.285;0;;48.860;0;44.650;0;1:09.775;0;129.9;1:49:53.576;13:50:29.463;0:48.860;0:44.650;1:09.775;186.5;Doriane PIN;;LMP2 Pro/Am;;Duqueine Team;Oreca;SF;48.860;44.650;69.775;
30;3;51;2:53.094;0;B;46.282;0;42.220;0;1:24.592;0;122.5;1:52:46.670;13:53:22.557;0:46.282;0:42.220;1:24.592;194.9;Doriane PIN;;LMP2 Pro/Am;;Duqueine Team;Oreca;SF;46.282;42.220;84.592;
30;3;52;3:39.284;0;;1:49.451;0;39.735;0;1:10.098;0;96.7;1:56:25.954;13:57:01.841;1:49.451;0:39.735;1:10.098;254.1;Doriane PIN;0:01:12.048;LMP2 Pro/Am;;Duqueine Team;Oreca;SF;109.451;39.735;70.098;
30;3;53;2:47.156;0;;50.268;0;43.476;0;1:13.412;0;126.9;1:59:13.110;13:59:48.997;0:50.268;0:43.476;1:13.412;215.1;Doriane PIN;;LMP2 Pro/Am;;Duqueine Team;Oreca;SF;50.268;43.476;73.412;
30;3;54;2:43.636;0;;50.537;0;45.144;0;1:07.955;0;129.6;2:01:56.746;14:02:32.633;0:50.537;0:45.144;1:07.955;190.5;Doriane PIN;;LMP2 Pro/Am;;Duqueine Team;Oreca;SF;50.537;45.144;67.955;
30;3;55;2:34.165;0;;46.544;0;40.851;0;1:06.770;0;137.6;2:04:30.911;14:05:06.798;0:46.544;0:40.851;1:06.770;232.3;Doriane PIN;;LMP2 Pro/Am;;Duqueine Team;Oreca;SF;46.544;40.851;66.770;
30;3;56;2:30.752;0;;42.141;0;37.976;0;1:10.635;0;140.7;2:07:01.663;14:07:37.550;0:42.141;0:37.976;1:10.635;236.3;Doriane PIN;;LMP2 Pro/Am;;Duqueine Team;Oreca;SF;42.141;37.976;70.635;
30;3;57;2:57.396;0;;50.123;0;46.002;0;1:21.271;0;119.5;2:09:59.059;14:10:34.946;0:50.123;0:46.002;1:21.271;170.3;Doriane PIN;;LMP2 Pro/Am;;Duqueine Team;Oreca;GF;50.123;46.002;81.271;
30;3;58;2:21.531;0;;44.483;0;37.848;0;59.200;0;149.8;2:12:20.590;14:12:56.477;0:44.483;0:37.848;0:59.200;232.8;Doriane PIN;;LMP2 Pro/Am;;Duqueine Team;Oreca;GF;44.483;37.848;59.200;
30;3;59;2:09.402;0;;37.975;0;35.221;0;56.206;0;163.9;2:14:29.992;14:15:05.879;0:37.975;0:35.221;0:56.206;265.4;Doriane PIN;;LMP2 Pro/Am;;Duqueine Team;Oreca;GF;37.975;35.221;56.206;
30;3;60;2:06.469;0;;36.190;0;34.604;0;55.675;0;167.7;2:16:36.461;14:17:12.348;0:36.190;0:34.604;0:55.675;268.7;Doriane PIN;;LMP2 Pro/Am;;Duqueine Team;Oreca;GF;36.190;34.604;55.675;
30;3;61;2:07.555;0;;37.359;0;34.602;0;55.594;0;166.3;2:18:44.016;14:19:19.903;0:37.359;0:34.602;0:55.594;269.3;Doriane PIN;;LMP2 Pro/Am;;Duqueine Team;Oreca;GF;37.359;34.602;55.594;
30;3;62;2:05.066;0;;36.207;0;33.773;0;55.086;0;169.6;2:20:49.082;14:21:24.969;0:36.207;0:33.773;0:55.086;266.7;Doriane PIN;;LMP2 Pro/Am;;Duqueine Team;Oreca;GF;36.207;33.773;55.086;
30;3;63;2:06.384;0;;37.063;0;33.210;0;56.111;0;167.8;2:22:55.466;14:23:31.353;0:37.063;0:33.210;0:56.111;268.7;Doriane PIN;;LMP2 Pro/Am;;Duqueine Team;Oreca;GF;37.063;33.210;56.111;
30;3;64;2:03.156;0;;35.704;0;33.207;0;54.245;0;172.2;2:24:58.622;14:25:34.509;0:35.704;0:33.207;0:54.245;266.7;Doriane PIN;;LMP2 Pro/Am;;Duqueine Team;Oreca;GF;35.704;33.207;54.245;
30;3;65;2:03.218;0;;35.713;0;33.098;0;54.407;0;172.1;2:27:01.840;14:27:37.727;0:35.713;0:33.098;0:54.407;268.0;Doriane PIN;;LMP2 Pro/Am;;Duqueine Team;Oreca;GF;35.713;33.098;54.407;
30;3;66;2:03.487;0;;35.919;0;33.100;0;54.468;0;171.7;2:29:05.327;14:29:41.214;0:35.919;0:33.100;0:54.468;268.7;Doriane PIN;;LMP2 Pro/Am;;Duqueine Team;Oreca;GF;35.919;33.100;54.468;
30;3;67;2:04.422;0;;36.186;0;33.418;0;54.818;0;170.4;2:31:09.749;14:31:45.636;0:36.186;0:33.418;0:54.818;268.0;Doriane PIN;;LMP2 Pro/Am;;Duqueine Team;Oreca;GF;36.186;33.418;54.818;
30;3;68;2:08.714;0;;36.722;0;34.755;0;57.237;0;164.8;2:33:18.463;14:33:54.350;0:36.722;0:34.755;0:57.237;268.0;Doriane PIN;;LMP2 Pro/Am;;Duqueine Team;Oreca;GF;36.722;34.755;57.237;
30;3;69;2:07.428;0;;37.295;0;35.068;0;55.065;0;166.4;2:35:25.891;14:36:01.778;0:37.295;0:35.068;0:55.065;263.4;Doriane PIN;;LMP2 Pro/Am;;Duqueine Team;Oreca;GF;37.295;35.068;55.065;
30;3;70;2:07.137;0;;36.686;0;35.613;0;54.838;0;166.8;2:37:33.028;14:38:08.915;0:36.686;0:35.613;0:54.838;268.0;Doriane PIN;;LMP2 Pro/Am;;Duqueine Team;Oreca;GF;36.686;35.613;54.838;
30;3;71;2:49.536;0;;38.070;0;34.659;0;1:36.807;0;125.1;2:40:22.564;14:40:58.451;0:38.070;0:34.659;1:36.807;231.8;Doriane PIN;;LMP2 Pro/Am;;Duqueine Team;Oreca;FCY;38.070;34.659;96.807;
30;3;72;4:25.760;0;;1:31.815;0;1:08.288;0;1:45.657;0;79.8;2:44:48.324;14:45:24.211;1:31.815;1:08.288;1:45.657;;Doriane PIN;;LMP2 Pro/Am;;Duqueine Team;Oreca;FCY;91.815;68.288;105.657;
30;3;73;2:24.893;0;;53.506;0;35.327;0;56.060;0;146.4;2:47:13.217;14:47:49.104;0:53.506;0:35.327;0:56.060;258.4;Doriane PIN;;LMP2 Pro/Am;;Duqueine Team;Oreca;GF;53.506;35.327;56.060;
30;3;74;2:07.521;0;;37.103;0;34.906;0;55.512;0;166.3;2:49:20.738;14:49:56.625;0:37.103;0:34.906;0:55.512;265.4;Doriane PIN;;LMP2 Pro/Am;;Duqueine Team;Oreca;GF;37.103;34.906;55.512;
30;3;75;2:21.133;0;;39.027;0;34.859;0;1:07.247;0;150.3;2:51:41.871;14:52:17.758;0:39.027;0:34.859;1:07.247;261.5;Doriane PIN;;LMP2 Pro/Am;;Duqueine Team;Oreca;FCY;39.027;34.859;67.247;
30;3;76;4:26.905;0;;1:32.142;0;1:08.935;0;1:45.828;0;79.5;2:56:08.776;14:56:44.663;1:32.142;1:08.935;1:45.828;;Doriane PIN;;LMP2 Pro/Am;;Duqueine Team;Oreca;FCY;92.142;68.935;105.828;
30;3;77;4:17.142;0;B;1:32.461;0;1:09.039;0;1:35.642;0;82.5;3:00:25.918;15:01:01.805;1:32.461;1:09.039;1:35.642;;Doriane PIN;;LMP2 Pro/Am;;Duqueine Team;Oreca;GF;92.461;69.039;95.642;
30;2;78;3:12.137;0;;1:39.958;0;35.492;0;56.687;0;110.4;3:03:38.055;15:04:13.942;1:39.958;0:35.492;0:56.687;264.1;Richard VERSCHOOR;0:01:06.631;LMP2 Pro/Am;;Duqueine Team;Oreca;GF;99.958;35.492;56.687;
30;2;79;2:10.325;0;;37.410;0;36.236;0;56.679;0;162.7;3:05:48.380;15:06:24.267;0:37.410;0:36.236;0:56.679;264.7;Richard VERSCHOOR;;LMP2 Pro/Am;;Duqueine Team;Oreca;GF;37.410;36.236;56.679;
30;2;80;2:10.672;0;;38.502;0;34.866;0;57.304;0;162.3;3:07:59.052;15:08:34.939;0:38.502;0:34.866;0:57.304;264.7;Richard VERSCHOOR;;LMP2 Pro/Am;;Duqueine Team;Oreca;GF;38.502;34.866;57.304;
30;2;81;2:08.657;0;;37.220;0;34.468;0;56.969;0;164.8;3:10:07.709;15:10:43.596;0:37.220;0:34.468;0:56.969;266.0;Richard VERSCHOOR;;LMP2 Pro/Am;;Duqueine Team;Oreca;GF;37.220;34.468;56.969;
30;2;82;2:08.337;0;;37.595;0;34.302;0;56.440;0;165.2;3:12:16.046;15:12:51.933;0:37.595;0:34.302;0:56.440;265.4;Richard VERSCHOOR;;LMP2 Pro/Am;;Duqueine Team;Oreca;GF;37.595;34.302;56.440;
30;2;83;2:08.748;0;;37.276;0;34.459;0;57.013;0;164.7;3:14:24.794;15:15:00.681;0:37.276;0:34.459;0:57.013;266.0;Richard VERSCHOOR;;LMP2 Pro/Am;;Duqueine Team;Oreca;GF;37.276;34.459;57.013;
30;2;84;2:08.925;0;;38.356;0;34.377;0;56.192;0;164.5;3:16:33.719;15:17:09.606;0:38.356;0:34.377;0:56.192;264.7;Richard VERSCHOOR;;LMP2 Pro/Am;;Duqueine Team;Oreca;GF;38.356;34.377;56.192;
30;2;85;2:08.800;0;;37.724;0;34.710;0;56.366;0;164.7;3:18:42.519;15:19:18.406;0:37.724;0:34.710;0:56.366;265.4;Richard VERSCHOOR;;LMP2 Pro/Am;;Duqueine Team;Oreca;GF;37.724;34.710;56.366;
30;2;86;2:07.315;0;;37.096;0;33.919;0;56.300;0;166.6;3:20:49.834;15:21:25.721;0:37.096;0:33.919;0:56.300;267.3;Richard VERSCHOOR;;LMP2 Pro/Am;;Duqueine Team;Oreca;GF;37.096;33.919;56.300;
30;2;87;2:06.196;0;;37.055;0;33.635;0;55.506;0;168.1;3:22:56.030;15:23:31.917;0:37.055;0:33.635;0:55.506;266.7;Richard VERSCHOOR;;LMP2 Pro/Am;;Duqueine Team;Oreca;GF;37.055;33.635;55.506;
30;2;88;2:06.754;0;;36.643;0;33.820;0;56.291;0;167.3;3:25:02.784;15:25:38.671;0:36.643;0:33.820;0:56.291;267.3;Richard VERSCHOOR;;LMP2 Pro/Am;;Duqueine Team;Oreca;GF;36.643;33.820;56.291;
30;2;89;2:06.215;0;;36.777;0;33.765;0;55.673;0;168.0;3:27:08.999;15:27:44.886;0:36.777;0:33.765;0:55.673;267.3;Richard VERSCHOOR;;LMP2 Pro/Am;;Duqueine Team;Oreca;GF;36.777;33.765;55.673;
30;2;90;2:06.339;0;;36.789;0;33.396;0;56.154;0;167.9;3:29:15.338;15:29:51.225;0:36.789;0:33.396;0:56.154;268.7;Richard VERSCHOOR;;LMP2 Pro/Am;;Duqueine Team;Oreca;GF;36.789;33.396;56.154;
30;2;91;2:05.282;0;;36.530;0;33.435;0;55.317;0;169.3;3:31:20.620;15:31:56.507;0:36.530;0:33.435;0:55.317;268.0;Richard VERSCHOOR;;LMP2 Pro/Am;;Duqueine Team;Oreca;GF;36.530;33.435;55.317;
30;2;92;2:05.279;0;;36.348;0;33.766;0;55.165;0;169.3;3:33:25.899;15:34:01.786;0:36.348;0:33.766;0:55.165;267.3;Richard VERSCHOOR;;LMP2 Pro/Am;;Duqueine Team;Oreca;GF;36.348;33.766;55.165;
30;2;93;2:04.847;0;;36.363;0;33.223;0;55.261;0;169.9;3:35:30.746;15:36:06.633;0:36.363;0:33.223;0:55.261;268.7;Richard VERSCHOOR;;LMP2 Pro/Am;;Duqueine Team;Oreca;GF;36.363;33.223;55.261;
30;2;94;2:04.948;0;;36.339;0;33.236;0;55.373;0;169.7;3:37:35.694;15:38:11.581;0:36.339;0:33.236;0:55.373;268.0;Richard VERSCHOOR;;LMP2 Pro/Am;;Duqueine Team;Oreca;GF;36.339;33.236;55.373;
30;2;95;2:06.255;0;;36.755;0;33.760;0;55.740;0;168.0;3:39:41.949;15:40:17.836;0:36.755;0:33.760;0:55.740;267.3;Richard VERSCHOOR;;LMP2 Pro/Am;;Duqueine Team;Oreca;GF;36.755;33.760;55.740;
30;2;96;2:06.530;0;;36.570;0;34.019;0;55.941;0;167.6;3:41:48.479;15:42:24.366;0:36.570;0:34.019;0:55.941;268.7;Richard VERSCHOOR;;LMP2 Pro/Am;;Duqueine Team;Oreca;GF;36.570;34.019;55.941;
30;2;97;2:06.924;0;;36.988;0;34.431;0;55.505;0;167.1;3:43:55.403;15:44:31.290;0:36.988;0:34.431;0:55.505;272.0;Richard VERSCHOOR;;LMP2 Pro/Am;;Duqueine Team;Oreca;GF;36.988;34.431;55.505;
30;2;98;2:05.711;0;;36.510;0;33.435;0;55.766;0;168.7;3:46:01.114;15:46:37.001;0:36.510;0:33.435;0:55.766;269.3;Richard VERSCHOOR;;LMP2 Pro/Am;;Duqueine Team;Oreca;GF;36.510;33.435;55.766;
30;2;99;2:10.062;0;B;36.772;0;33.184;0;1:00.106;0;163.1;3:48:11.176;15:48:47.063;0:36.772;0:33.184;1:00.106;270.7;Richard VERSCHOOR;;LMP2 Pro/Am;;Duqueine Team;Oreca;GF;36.772;33.184;60.106;
30;2;100;2:39.405;0;;1:11.381;0;32.988;0;55.036;1;133.0;3:50:50.581;15:51:26.468;1:11.381;0:32.988;0:55.036;268.0;Richard VERSCHOOR;0:00:38.690;LMP2 Pro/Am;;Duqueine Team;Oreca;GF;71.381;32.988;55.036;
30;2;101;2:04.715;0;;36.126;0;32.955;1;55.634;0;170.0;3:52:55.296;15:53:31.183;0:36.126;0:32.955;0:55.634;268.7;Richard VERSCHOOR;;LMP2 Pro/Am;;Duqueine Team;Oreca;GF;36.126;32.955;55.634;
30;2;102;2:05.160;0;;36.085;0;32.986;0;56.089;0;169.4;3:55:00.456;15:55:36.343;0:36.085;0:32.986;0:56.089;268.7;Richard VERSCHOOR;;LMP2 Pro/Am;;Duqueine Team;Oreca;GF;36.085;32.986;56.089;
30;2;103;2:04.134;0;;35.911;1;33.094;0;55.129;0;170.8;3:57:04.590;15:57:40.477;0:35.911;0:33.094;0:55.129;268.7;Richard VERSCHOOR;;LMP2 Pro/Am;;Duqueine Team;Oreca;GF;35.911;33.094;55.129;
30;2;104;2:05.458;0;;36.062;0;33.418;0;55.978;0;169.0;3:59:10.048;15:59:45.935;0:36.062;0:33.418;0:55.978;268.0;Richard VERSCHOOR;;LMP2 Pro/Am;;Duqueine Team;Oreca;GF;36.062;33.418;55.978;
30;2;105;2:07.054;0;;36.967;0;34.006;0;56.081;0;166.9;4:01:17.102;16:01:52.989;0:36.967;0:34.006;0:56.081;269.3;Richard VERSCHOOR;;LMP2 Pro/Am;;Duqueine Team;Oreca;FF;36.967;34.006;56.081;
31;1;1;2:16.149;0;;48.344;0;33.499;0;54.306;0;152.0;2:16.149;12:02:52.036;0:48.344;0:33.499;0:54.306;246.6;Ralph MEICHTRY;;LMP3;;Racing Spirit of Leman;Ligier;GF;48.344;33.499;54.306;
31;1;2;2:01.487;0;;36.754;0;31.860;0;52.873;0;174.6;4:17.636;12:04:53.523;0:36.754;0:31.860;0:52.873;244.3;Ralph MEICHTRY;;LMP3;;Racing Spirit of Leman;Ligier;GF;36.754;31.860;52.873;
31;1;3;2:00.375;0;;36.353;0;31.737;0;52.285;0;176.2;6:18.011;12:06:53.898;0:36.353;0:31.737;0:52.285;244.9;Ralph MEICHTRY;;LMP3;;Racing Spirit of Leman;Ligier;GF;36.353;31.737;52.285;
31;1;4;1:59.444;0;;35.994;0;31.474;0;51.976;2;177.6;8:17.455;12:08:53.342;0:35.994;0:31.474;0:51.976;243.8;Ralph MEICHTRY;;LMP3;;Racing Spirit of Leman;Ligier;GF;35.994;31.474;51.976;
31;1;5;1:59.380;0;;35.832;0;31.363;0;52.185;0;177.6;10:16.835;12:10:52.722;0:35.832;0:31.363;0:52.185;245.5;Ralph MEICHTRY;;LMP3;;Racing Spirit of Leman;Ligier;GF;35.832;31.363;52.185;
31;1;6;1:59.441;0;;35.976;0;31.444;0;52.021;0;177.6;12:16.276;12:12:52.163;0:35.976;0:31.444;0:52.021;243.2;Ralph MEICHTRY;;LMP3;;Racing Spirit of Leman;Ligier;GF;35.976;31.444;52.021;
31;1;7;1:59.296;0;;35.804;0;31.272;0;52.220;0;177.8;14:15.572;12:14:51.459;0:35.804;0:31.272;0:52.220;244.3;Ralph MEICHTRY;;LMP3;;Racing Spirit of Leman;Ligier;GF;35.804;31.272;52.220;
31;1;8;1:59.368;0;;35.764;0;31.329;0;52.275;0;177.7;16:14.940;12:16:50.827;0:35.764;0:31.329;0:52.275;244.3;Ralph MEICHTRY;;LMP3;;Racing Spirit of Leman;Ligier;GF;35.764;31.329;52.275;
31;1;9;1:59.835;0;;35.655;2;31.692;0;52.488;0;177.0;18:14.775;12:18:50.662;0:35.655;0:31.692;0:52.488;242.7;Ralph MEICHTRY;;LMP3;;Racing Spirit of Leman;Ligier;GF;35.655;31.692;52.488;
31;1;10;1:59.458;0;;35.663;0;31.405;0;52.390;0;177.5;20:14.233;12:20:50.120;0:35.663;0:31.405;0:52.390;244.9;Ralph MEICHTRY;;LMP3;;Racing Spirit of Leman;Ligier;GF;35.663;31.405;52.390;
31;1;11;2:00.093;0;;36.007;0;31.183;0;52.903;0;176.6;22:14.326;12:22:50.213;0:36.007;0:31.183;0:52.903;244.3;Ralph MEICHTRY;;LMP3;;Racing Spirit of Leman;Ligier;GF;36.007;31.183;52.903;
31;1;12;2:00.428;0;;36.094;0;31.433;0;52.901;0;176.1;24:14.754;12:24:50.641;0:36.094;0:31.433;0:52.901;244.3;Ralph MEICHTRY;;LMP3;;Racing Spirit of Leman;Ligier;GF;36.094;31.433;52.901;
31;1;13;2:00.279;0;;35.907;0;31.689;0;52.683;0;176.3;26:15.033;12:26:50.920;0:35.907;0:31.689;0:52.683;244.9;Ralph MEICHTRY;;LMP3;;Racing Spirit of Leman;Ligier;GF;35.907;31.689;52.683;
31;1;14;1:58.941;2;;35.804;0;31.151;2;51.986;0;178.3;28:13.974;12:28:49.861;0:35.804;0:31.151;0:51.986;242.7;Ralph MEICHTRY;;LMP3;;Racing Spirit of Leman;Ligier;GF;35.804;31.151;51.986;
31;1;15;1:59.545;0;;35.689;0;31.330;0;52.526;0;177.4;30:13.519;12:30:49.406;0:35.689;0:31.330;0:52.526;245.5;Ralph MEICHTRY;;LMP3;;Racing Spirit of Leman;Ligier;GF;35.689;31.330;52.526;
31;1;16;1:59.513;0;;36.068;0;31.330;0;52.115;0;177.5;32:13.032;12:32:48.919;0:36.068;0:31.330;0:52.115;243.8;Ralph MEICHTRY;;LMP3;;Racing Spirit of Leman;Ligier;GF;36.068;31.330;52.115;
31;1;17;1:59.402;0;;35.786;0;31.371;0;52.245;0;177.6;34:12.434;12:34:48.321;0:35.786;0:31.371;0:52.245;246.0;Ralph MEICHTRY;;LMP3;;Racing Spirit of Leman;Ligier;GF;35.786;31.371;52.245;
31;1;18;1:59.168;0;;35.808;0;31.229;0;52.131;0;178.0;36:11.602;12:36:47.489;0:35.808;0:31.229;0:52.131;244.3;Ralph MEICHTRY;;LMP3;;Racing Spirit of Leman;Ligier;GF;35.808;31.229;52.131;
31;1;19;2:02.562;0;;38.260;0;31.783;0;52.519;0;173.0;38:14.164;12:38:50.051;0:38.260;0:31.783;0:52.519;245.5;Ralph MEICHTRY;;LMP3;;Racing Spirit of Leman;Ligier;GF;38.260;31.783;52.519;
31;1;20;1:59.934;0;;35.895;0;31.341;0;52.698;0;176.8;40:14.098;12:40:49.985;0:35.895;0:31.341;0:52.698;246.6;Ralph MEICHTRY;;LMP3;;Racing Spirit of Leman;Ligier;GF;35.895;31.341;52.698;
31;1;21;2:00.304;0;;36.574;0;31.394;0;52.336;0;176.3;42:14.402;12:42:50.289;0:36.574;0:31.394;0:52.336;244.9;Ralph MEICHTRY;;LMP3;;Racing Spirit of Leman;Ligier;GF;36.574;31.394;52.336;
31;1;22;1:59.490;0;;35.835;0;31.479;0;52.176;0;177.5;44:13.892;12:44:49.779;0:35.835;0:31.479;0:52.176;248.8;Ralph MEICHTRY;;LMP3;;Racing Spirit of Leman;Ligier;GF;35.835;31.479;52.176;
31;1;23;2:00.586;0;;35.852;0;31.908;0;52.826;0;175.9;46:14.478;12:46:50.365;0:35.852;0:31.908;0:52.826;246.0;Ralph MEICHTRY;;LMP3;;Racing Spirit of Leman;Ligier;GF;35.852;31.908;52.826;
31;1;24;2:00.190;0;;35.826;0;31.321;0;53.043;0;176.5;48:14.668;12:48:50.555;0:35.826;0:31.321;0:53.043;246.0;Ralph MEICHTRY;;LMP3;;Racing Spirit of Leman;Ligier;GF;35.826;31.321;53.043;
31;1;25;2:00.943;0;;36.001;0;32.121;0;52.821;0;175.4;50:15.611;12:50:51.498;0:36.001;0:32.121;0:52.821;246.6;Ralph MEICHTRY;;LMP3;;Racing Spirit of Leman;Ligier;GF;36.001;32.121;52.821;
31;1;26;2:00.860;0;;36.170;0;31.752;0;52.938;0;175.5;52:16.471;12:52:52.358;0:36.170;0:31.752;0:52.938;246.6;Ralph MEICHTRY;;LMP3;;Racing Spirit of Leman;Ligier;GF;36.170;31.752;52.938;
31;1;27;2:01.950;0;;36.581;0;32.278;0;53.091;0;173.9;54:18.421;12:54:54.308;0:36.581;0:32.278;0:53.091;248.3;Ralph MEICHTRY;;LMP3;;Racing Spirit of Leman;Ligier;GF;36.581;32.278;53.091;
31;1;28;2:07.776;0;B;38.035;0;31.911;0;57.830;0;166.0;56:26.197;12:57:02.084;0:38.035;0:31.911;0:57.830;247.1;Ralph MEICHTRY;;LMP3;;Racing Spirit of Leman;Ligier;GF;38.035;31.911;57.830;
31;1;29;2:58.674;0;;1:33.344;0;32.160;0;53.170;0;118.7;59:24.871;13:00:00.758;1:33.344;0:32.160;0:53.170;238.9;Ralph MEICHTRY;0:00:58.679;LMP3;;Racing Spirit of Leman;Ligier;GF;93.344;32.160;53.170;
31;1;30;2:00.929;0;;36.431;0;31.669;0;52.829;0;175.4;1:01:25.800;13:02:01.687;0:36.431;0:31.669;0:52.829;243.2;Ralph MEICHTRY;;LMP3;;Racing Spirit of Leman;Ligier;GF;36.431;31.669;52.829;
31;1;31;2:01.923;0;;37.090;0;31.825;0;53.008;0;173.9;1:03:27.723;13:04:03.610;0:37.090;0:31.825;0:53.008;245.5;Ralph MEICHTRY;;LMP3;;Racing Spirit of Leman;Ligier;GF;37.090;31.825;53.008;
31;1;32;2:00.992;0;;36.385;0;31.844;0;52.763;0;175.3;1:05:28.715;13:06:04.602;0:36.385;0:31.844;0:52.763;242.7;Ralph MEICHTRY;;LMP3;;Racing Spirit of Leman;Ligier;GF;36.385;31.844;52.763;
31;1;33;2:02.273;0;;36.561;0;32.288;0;53.424;0;173.4;1:07:30.988;13:08:06.875;0:36.561;0:32.288;0:53.424;242.7;Ralph MEICHTRY;;LMP3;;Racing Spirit of Leman;Ligier;GF;36.561;32.288;53.424;
31;1;34;2:01.228;0;;36.504;0;31.799;0;52.925;0;174.9;1:09:32.216;13:10:08.103;0:36.504;0:31.799;0:52.925;243.8;Ralph MEICHTRY;;LMP3;;Racing Spirit of Leman;Ligier;GF;36.504;31.799;52.925;
31;1;35;2:02.216;0;;36.404;0;32.079;0;53.733;0;173.5;1:11:34.432;13:12:10.319;0:36.404;0:32.079;0:53.733;243.2;Ralph MEICHTRY;;LMP3;;Racing Spirit of Leman;Ligier;GF;36.404;32.079;53.733;
31;1;36;2:01.530;0;;36.542;0;31.751;0;53.237;0;174.5;1:13:35.962;13:14:11.849;0:36.542;0:31.751;0:53.237;242.7;Ralph MEICHTRY;;LMP3;;Racing Spirit of Leman;Ligier;GF;36.542;31.751;53.237;
31;1;37;2:04.044;0;;38.131;0;32.392;0;53.521;0;171.0;1:15:40.006;13:16:15.893;0:38.131;0:32.392;0:53.521;243.8;Ralph MEICHTRY;;LMP3;;Racing Spirit of Leman;Ligier;GF;38.131;32.392;53.521;
31;1;38;2:07.081;0;;39.712;0;32.708;0;54.661;0;166.9;1:17:47.087;13:18:22.974;0:39.712;0:32.708;0:54.661;237.4;Ralph MEICHTRY;;LMP3;;Racing Spirit of Leman;Ligier;GF;39.712;32.708;54.661;
31;1;39;3:01.215;0;;38.970;0;37.993;0;1:44.252;0;117.0;1:20:48.302;13:21:24.189;0:38.970;0:37.993;1:44.252;238.9;Ralph MEICHTRY;;LMP3;;Racing Spirit of Leman;Ligier;FCY;38.970;37.993;104.252;
31;1;40;2:13.837;0;;44.221;0;32.414;0;57.202;0;158.5;1:23:02.139;13:23:38.026;0:44.221;0:32.414;0:57.202;244.9;Ralph MEICHTRY;;LMP3;;Racing Spirit of Leman;Ligier;GF;44.221;32.414;57.202;
31;1;41;3:09.361;0;B;41.675;0;42.169;0;1:45.517;0;112.0;1:26:11.500;13:26:47.387;0:41.675;0:42.169;1:45.517;242.2;Ralph MEICHTRY;;LMP3;;Racing Spirit of Leman;Ligier;GF;41.675;42.169;105.517;
31;1;42;5:51.399;0;B;2:56.886;0;1:08.207;0;1:46.306;0;60.4;1:32:02.899;13:32:38.786;2:56.886;1:08.207;1:46.306;;Ralph MEICHTRY;0:01:41.771;LMP3;;Racing Spirit of Leman;Ligier;GF;176.886;68.207;106.306;
31;1;43;4:41.459;0;;2:46.192;0;47.557;0;1:07.710;0;75.3;1:36:44.358;13:37:20.245;2:46.192;0:47.557;1:07.710;162.4;Ralph MEICHTRY;0:01:42.709;LMP3;;Racing Spirit of Leman;Ligier;SF;166.192;47.557;67.710;
31;1;44;3:16.196;0;;44.561;0;57.217;0;1:34.418;0;108.1;1:40:00.554;13:40:36.441;0:44.561;0:57.217;1:34.418;163.1;Ralph MEICHTRY;;LMP3;;Racing Spirit of Leman;Ligier;SF;44.561;57.217;94.418;
31;1;45;4:22.588;0;;1:29.876;0;1:01.441;0;1:51.271;0;80.8;1:44:23.142;13:44:59.029;1:29.876;1:01.441;1:51.271;;Ralph MEICHTRY;;LMP3;;Racing Spirit of Leman;Ligier;SF;89.876;61.441;111.271;
31;1;46;4:07.853;0;;1:31.813;0;59.324;0;1:36.716;0;85.6;1:48:30.995;13:49:06.882;1:31.813;0:59.324;1:36.716;;Ralph MEICHTRY;;LMP3;;Racing Spirit of Leman;Ligier;SF;91.813;59.324;96.716;
31;1;47;3:42.382;0;B;1:18.553;0;53.759;0;1:30.070;0;95.4;1:52:13.377;13:52:49.264;1:18.553;0:53.759;1:30.070;146.1;Ralph MEICHTRY;;LMP3;;Racing Spirit of Leman;Ligier;SF;78.553;53.759;90.070;
31;2;48;4:09.778;0;;2:12.776;0;44.081;0;1:12.921;0;84.9;1:56:23.155;13:56:59.042;2:12.776;0:44.081;1:12.921;196.7;Lenny RIED;0:01:27.708;LMP3;;Racing Spirit of Leman;Ligier;SF;132.776;44.081;72.921;
31;2;49;2:46.992;0;;49.199;0;44.095;0;1:13.698;0;127.0;1:59:10.147;13:59:46.034;0:49.199;0:44.095;1:13.698;195.7;Lenny RIED;;LMP3;;Racing Spirit of Leman;Ligier;SF;49.199;44.095;73.698;
31;2;50;3:05.948;0;B;49.741;0;48.716;0;1:27.491;0;114.1;2:02:16.095;14:02:51.982;0:49.741;0:48.716;1:27.491;201.5;Lenny RIED;;LMP3;;Racing Spirit of Leman;Ligier;SF;49.741;48.716;87.491;
31;2;51;3:16.814;0;;1:35.197;0;39.647;0;1:01.970;0;107.8;2:05:32.909;14:06:08.796;1:35.197;0:39.647;1:01.970;218.6;Lenny RIED;0:00:53.960;LMP3;;Racing Spirit of Leman;Ligier;SF;95.197;39.647;61.970;
31;2;52;2:21.861;0;;42.302;0;38.591;0;1:00.968;0;149.5;2:07:54.770;14:08:30.657;0:42.302;0:38.591;1:00.968;235.3;Lenny RIED;;LMP3;;Racing Spirit of Leman;Ligier;SF;42.302;38.591;60.968;
31;2;53;2:20.739;0;;41.546;0;38.087;0;1:01.106;0;150.7;2:10:15.509;14:10:51.396;0:41.546;0:38.087;1:01.106;235.3;Lenny RIED;;LMP3;;Racing Spirit of Leman;Ligier;GF;41.546;38.087;61.106;
31;2;54;2:20.111;0;;40.892;0;38.584;0;1:00.635;0;151.4;2:12:35.620;14:13:11.507;0:40.892;0:38.584;1:00.635;228.8;Lenny RIED;;LMP3;;Racing Spirit of Leman;Ligier;GF;40.892;38.584;60.635;
31;2;55;2:19.804;0;;40.627;0;38.225;0;1:00.952;0;151.7;2:14:55.424;14:15:31.311;0:40.627;0:38.225;1:00.952;234.8;Lenny RIED;;LMP3;;Racing Spirit of Leman;Ligier;GF;40.627;38.225;60.952;
31;2;56;2:18.710;0;;40.741;0;37.782;0;1:00.187;0;152.9;2:17:14.134;14:17:50.021;0:40.741;0:37.782;1:00.187;238.4;Lenny RIED;;LMP3;;Racing Spirit of Leman;Ligier;GF;40.741;37.782;60.187;
31;2;57;2:19.029;0;;41.432;0;37.513;0;1:00.084;0;152.5;2:19:33.163;14:20:09.050;0:41.432;0:37.513;1:00.084;237.4;Lenny RIED;;LMP3;;Racing Spirit of Leman;Ligier;GF;41.432;37.513;60.084;
31;2;58;2:17.230;0;;40.434;0;37.539;0;59.257;1;154.5;2:21:50.393;14:22:26.280;0:40.434;0:37.539;0:59.257;237.9;Lenny RIED;;LMP3;;Racing Spirit of Leman;Ligier;GF;40.434;37.539;59.257;
31;2;59;2:18.030;0;;40.268;1;37.839;0;59.923;0;153.6;2:24:08.423;14:24:44.310;0:40.268;0:37.839;0:59.923;233.3;Lenny RIED;;LMP3;;Racing Spirit of Leman;Ligier;GF;40.268;37.839;59.923;
31;2;60;2:17.691;0;;41.338;0;37.042;0;59.311;0;154.0;2:26:26.114;14:27:02.001;0:41.338;0:37.042;0:59.311;238.4;Lenny RIED;;LMP3;;Racing Spirit of Leman;Ligier;GF;41.338;37.042;59.311;
31;2;61;2:19.001;0;;41.234;0;37.584;0;1:00.183;0;152.6;2:28:45.115;14:29:21.002;0:41.234;0:37.584;1:00.183;238.9;Lenny RIED;;LMP3;;Racing Spirit of Leman;Ligier;GF;41.234;37.584;60.183;
31;2;62;2:18.315;0;;41.280;0;37.442;0;59.593;0;153.3;2:31:03.430;14:31:39.317;0:41.280;0:37.442;0:59.593;240.5;Lenny RIED;;LMP3;;Racing Spirit of Leman;Ligier;GF;41.280;37.442;59.593;
31;2;63;2:18.354;0;;40.990;0;37.115;0;1:00.249;0;153.3;2:33:21.784;14:33:57.671;0:40.990;0:37.115;1:00.249;242.2;Lenny RIED;;LMP3;;Racing Spirit of Leman;Ligier;GF;40.990;37.115;60.249;
31;2;64;2:17.742;0;;41.037;0;36.973;0;59.732;0;154.0;2:35:39.526;14:36:15.413;0:41.037;0:36.973;0:59.732;240.5;Lenny RIED;;LMP3;;Racing Spirit of Leman;Ligier;GF;41.037;36.973;59.732;
31;2;65;2:17.699;0;;41.106;0;37.091;0;59.502;0;154.0;2:37:57.225;14:38:33.112;0:41.106;0:37.091;0:59.502;239.5;Lenny RIED;;LMP3;;Racing Spirit of Leman;Ligier;GF;41.106;37.091;59.502;
31;2;66;3:17.888;0;;40.859;0;52.111;0;1:44.918;0;107.2;2:41:15.113;14:41:51.000;0:40.859;0:52.111;1:44.918;238.9;Lenny RIED;;LMP3;;Racing Spirit of Leman;Ligier;FCY;40.859;52.111;104.918;
31;2;67;4:11.912;0;;1:30.927;0;1:07.649;0;1:33.336;0;84.2;2:45:27.025;14:46:02.912;1:30.927;1:07.649;1:33.336;;Lenny RIED;;LMP3;;Racing Spirit of Leman;Ligier;GF;90.927;67.649;93.336;
31;2;68;2:18.257;0;;41.526;0;37.312;0;59.419;0;153.4;2:47:45.282;14:48:21.169;0:41.526;0:37.312;0:59.419;237.9;Lenny RIED;;LMP3;;Racing Spirit of Leman;Ligier;GF;41.526;37.312;59.419;
31;2;69;2:17.516;0;;40.887;0;37.336;0;59.293;0;154.2;2:50:02.798;14:50:38.685;0:40.887;0:37.336;0:59.293;231.8;Lenny RIED;;LMP3;;Racing Spirit of Leman;Ligier;GF;40.887;37.336;59.293;
31;2;70;3:01.889;0;;41.489;0;37.877;0;1:42.523;0;116.6;2:53:04.687;14:53:40.574;0:41.489;0:37.877;1:42.523;229.8;Lenny RIED;;LMP3;;Racing Spirit of Leman;Ligier;FCY;41.489;37.877;102.523;
31;2;71;4:25.281;0;;1:31.720;0;1:08.059;0;1:45.502;0;79.9;2:57:29.968;14:58:05.855;1:31.720;1:08.059;1:45.502;;Lenny RIED;;LMP3;;Racing Spirit of Leman;Ligier;FCY;91.720;68.059;105.502;
31;2;72;3:33.540;0;;1:31.370;0;1:01.700;0;1:00.470;0;99.3;3:01:03.508;15:01:39.395;1:31.370;1:01.700;1:00.470;;Lenny RIED;;LMP3;;Racing Spirit of Leman;Ligier;GF;91.370;61.700;60.470;
31;2;73;2:20.005;0;;41.939;0;38.175;0;59.891;0;151.5;3:03:23.513;15:03:59.400;0:41.939;0:38.175;0:59.891;237.4;Lenny RIED;;LMP3;;Racing Spirit of Leman;Ligier;GF;41.939;38.175;59.891;
31;2;74;2:18.970;0;;41.282;0;37.789;0;59.899;0;152.6;3:05:42.483;15:06:18.370;0:41.282;0:37.789;0:59.899;238.4;Lenny RIED;;LMP3;;Racing Spirit of Leman;Ligier;GF;41.282;37.789;59.899;
31;2;75;2:18.141;0;;40.838;0;37.579;0;59.724;0;153.5;3:08:00.624;15:08:36.511;0:40.838;0:37.579;0:59.724;241.6;Lenny RIED;;LMP3;;Racing Spirit of Leman;Ligier;GF;40.838;37.579;59.724;
31;2;76;2:18.766;0;;41.089;0;37.369;0;1:00.308;0;152.8;3:10:19.390;15:10:55.277;0:41.089;0:37.369;1:00.308;238.9;Lenny RIED;;LMP3;;Racing Spirit of Leman;Ligier;GF;41.089;37.369;60.308;
31;2;77;2:17.700;0;;41.022;0;36.842;0;59.836;0;154.0;3:12:37.090;15:13:12.977;0:41.022;0:36.842;0:59.836;238.9;Lenny RIED;;LMP3;;Racing Spirit of Leman;Ligier;GF;41.022;36.842;59.836;
31;2;78;2:17.846;0;;41.279;0;36.884;0;59.683;0;153.8;3:14:54.936;15:15:30.823;0:41.279;0:36.884;0:59.683;239.5;Lenny RIED;;LMP3;;Racing Spirit of Leman;Ligier;GF;41.279;36.884;59.683;
31;2;79;2:18.372;0;;41.157;0;36.936;0;1:00.279;0;153.3;3:17:13.308;15:17:49.195;0:41.157;0:36.936;1:00.279;240.5;Lenny RIED;;LMP3;;Racing Spirit of Leman;Ligier;GF;41.157;36.936;60.279;
31;2;80;2:19.065;0;;41.441;0;37.408;0;1:00.216;0;152.5;3:19:32.373;15:20:08.260;0:41.441;0:37.408;1:00.216;240.0;Lenny RIED;;LMP3;;Racing Spirit of Leman;Ligier;GF;41.441;37.408;60.216;
31;2;81;2:19.973;0;;41.438;0;37.578;0;1:00.957;0;151.5;3:21:52.346;15:22:28.233;0:41.438;0:37.578;1:00.957;241.1;Lenny RIED;;LMP3;;Racing Spirit of Leman;Ligier;GF;41.438;37.578;60.957;
31;2;82;2:20.609;0;;41.770;0;37.721;0;1:01.118;0;150.8;3:24:12.955;15:24:48.842;0:41.770;0:37.721;1:01.118;222.2;Lenny RIED;;LMP3;;Racing Spirit of Leman;Ligier;GF;41.770;37.721;61.118;
31;2;83;2:19.130;0;;41.571;0;37.144;0;1:00.415;0;152.4;3:26:32.085;15:27:07.972;0:41.571;0:37.144;1:00.415;239.5;Lenny RIED;;LMP3;;Racing Spirit of Leman;Ligier;GF;41.571;37.144;60.415;
31;2;84;2:20.481;0;;41.668;0;37.697;0;1:01.116;0;151.0;3:28:52.566;15:29:28.453;0:41.668;0:37.697;1:01.116;241.1;Lenny RIED;;LMP3;;Racing Spirit of Leman;Ligier;GF;41.668;37.697;61.116;
31;2;85;2:19.930;0;;41.267;0;37.981;0;1:00.682;0;151.6;3:31:12.496;15:31:48.383;0:41.267;0:37.981;1:00.682;240.0;Lenny RIED;;LMP3;;Racing Spirit of Leman;Ligier;GF;41.267;37.981;60.682;
31;2;86;2:24.250;0;B;41.634;0;37.226;0;1:05.390;0;147.0;3:33:36.746;15:34:12.633;0:41.634;0:37.226;1:05.390;239.5;Lenny RIED;;LMP3;;Racing Spirit of Leman;Ligier;GF;41.634;37.226;65.390;
31;2;87;2:57.367;0;;1:20.622;0;36.972;0;59.773;0;119.6;3:36:34.113;15:37:10.000;1:20.622;0:36.972;0:59.773;240.0;Lenny RIED;0:00:44.229;LMP3;;Racing Spirit of Leman;Ligier;GF;80.622;36.972;59.773;
31;2;88;2:18.771;0;;41.022;0;36.882;0;1:00.867;0;152.8;3:38:52.884;15:39:28.771;0:41.022;0:36.882;1:00.867;241.1;Lenny RIED;;LMP3;;Racing Spirit of Leman;Ligier;GF;41.022;36.882;60.867;
31;2;89;2:18.889;0;;41.005;0;37.721;0;1:00.163;0;152.7;3:41:11.773;15:41:47.660;0:41.005;0:37.721;1:00.163;239.5;Lenny RIED;;LMP3;;Racing Spirit of Leman;Ligier;GF;41.005;37.721;60.163;
31;2;90;2:18.611;0;;41.508;0;36.995;0;1:00.108;0;153.0;3:43:30.384;15:44:06.271;0:41.508;0:36.995;1:00.108;239.5;Lenny RIED;;LMP3;;Racing Spirit of Leman;Ligier;GF;41.508;36.995;60.108;
31;2;91;2:19.154;0;;40.811;0;36.967;0;1:01.376;0;152.4;3:45:49.538;15:46:25.425;0:40.811;0:36.967;1:01.376;240.5;Lenny RIED;;LMP3;;Racing Spirit of Leman;Ligier;GF;40.811;36.967;61.376;
31;2;92;2:18.865;0;;41.252;0;37.017;0;1:00.596;0;152.7;3:48:08.403;15:48:44.290;0:41.252;0:37.017;1:00.596;240.5;Lenny RIED;;LMP3;;Racing Spirit of Leman;Ligier;GF;41.252;37.017;60.596;
31;2;93;2:18.694;0;;41.211;0;37.117;0;1:00.366;0;152.9;3:50:27.097;15:51:02.984;0:41.211;0:37.117;1:00.366;242.2;Lenny RIED;;LMP3;;Racing Spirit of Leman;Ligier;GF;41.211;37.117;60.366;
31;2;94;2:17.807;0;;40.549;0;36.502;0;1:00.756;0;153.9;3:52:44.904;15:53:20.791;0:40.549;0:36.502;1:00.756;241.1;Lenny RIED;;LMP3;;Racing Spirit of Leman;Ligier;GF;40.549;36.502;60.756;
31;2;95;2:17.932;0;;40.677;0;36.631;0;1:00.624;0;153.8;3:55:02.836;15:55:38.723;0:40.677;0:36.631;1:00.624;242.2;Lenny RIED;;LMP3;;Racing Spirit of Leman;Ligier;GF;40.677;36.631;60.624;
31;2;96;2:17.866;0;;40.546;0;36.873;0;1:00.447;0;153.8;3:57:20.702;15:57:56.589;0:40.546;0:36.873;1:00.447;241.6;Lenny RIED;;LMP3;;Racing Spirit of Leman;Ligier;GF;40.546;36.873;60.447;
31;2;97;2:16.601;0;;40.384;0;36.092;1;1:00.125;0;155.3;3:59:37.303;16:00:13.190;0:40.384;0:36.092;1:00.125;241.1;Lenny RIED;;LMP3;;Racing Spirit of Leman;Ligier;GF;40.384;36.092;60.125;
31;2;98;2:18.642;0;;40.824;0;36.680;0;1:01.138;0;153.0;4:01:55.945;16:02:31.832;0:40.824;0:36.680;1:01.138;240.5;Lenny RIED;;LMP3;;Racing Spirit of Leman;Ligier;FF;40.824;36.680;61.138;
33;1;1;2:18.233;0;;49.177;0;33.773;0;55.283;0;149.7;2:18.233;12:02:54.120;0:49.177;0:33.773;0:55.283;239.5;Blake MCDONALD;;LMGT3;;TF Sport;Corvette;GF;49.177;33.773;55.283;
33;1;2;2:04.296;0;;37.659;0;32.996;0;53.641;0;170.6;4:22.529;12:04:58.416;0:37.659;0:32.996;0:53.641;238.9;Blake MCDONALD;;LMGT3;;TF Sport;Corvette;GF;37.659;32.996;53.641;
33;1;3;2:02.307;0;;36.959;0;32.434;0;52.914;2;173.4;6:24.836;12:07:00.723;0:36.959;0:32.434;0:52.914;238.4;Blake MCDONALD;;LMGT3;;TF Sport;Corvette;GF;36.959;32.434;52.914;
33;1;4;2:02.932;0;;36.731;2;32.127;0;54.074;0;172.5;8:27.768;12:09:03.655;0:36.731;0:32.127;0:54.074;238.9;Blake MCDONALD;;LMGT3;;TF Sport;Corvette;GF;36.731;32.127;54.074;
33;1;5;2:02.029;0;;36.842;0;32.000;0;53.187;0;173.8;10:29.797;12:11:05.684;0:36.842;0:32.000;0:53.187;238.4;Blake MCDONALD;;LMGT3;;TF Sport;Corvette;GF;36.842;32.000;53.187;
33;1;6;2:01.978;0;;36.914;0;31.976;0;53.088;0;173.9;12:31.775;12:13:07.662;0:36.914;0:31.976;0:53.088;237.4;Blake MCDONALD;;LMGT3;;TF Sport;Corvette;GF;36.914;31.976;53.088;
33;1;7;2:02.527;0;;36.923;0;31.949;0;53.655;0;173.1;14:34.302;12:15:10.189;0:36.923;0:31.949;0:53.655;237.4;Blake MCDONALD;;LMGT3;;TF Sport;Corvette;GF;36.923;31.949;53.655;
33;1;8;2:02.111;0;;36.847;0;31.976;0;53.288;0;173.7;16:36.413;12:17:12.300;0:36.847;0:31.976;0:53.288;237.9;Blake MCDONALD;;LMGT3;;TF Sport;Corvette;GF;36.847;31.976;53.288;
33;1;9;2:03.227;0;;36.994;0;32.457;0;53.776;0;172.1;18:39.640;12:19:15.527;0:36.994;0:32.457;0:53.776;237.4;Blake MCDONALD;;LMGT3;;TF Sport;Corvette;GF;36.994;32.457;53.776;
33;1;10;2:02.668;0;;37.351;0;32.035;0;53.282;0;172.9;20:42.308;12:21:18.195;0:37.351;0:32.035;0:53.282;236.8;Blake MCDONALD;;LMGT3;;TF Sport;Corvette;GF;37.351;32.035;53.282;
33;1;11;2:02.550;0;;37.051;0;32.048;0;53.451;0;173.1;22:44.858;12:23:20.745;0:37.051;0:32.048;0:53.451;237.4;Blake MCDONALD;;LMGT3;;TF Sport;Corvette;GF;37.051;32.048;53.451;
33;1;12;2:03.019;0;;37.055;0;32.022;0;53.942;0;172.4;24:47.877;12:25:23.764;0:37.055;0:32.022;0:53.942;237.4;Blake MCDONALD;;LMGT3;;TF Sport;Corvette;GF;37.055;32.022;53.942;
33;1;13;2:02.433;0;;37.011;0;31.928;0;53.494;0;173.2;26:50.310;12:27:26.197;0:37.011;0:31.928;0:53.494;237.4;Blake MCDONALD;;LMGT3;;TF Sport;Corvette;GF;37.011;31.928;53.494;
33;1;14;2:02.478;0;;36.955;0;32.024;0;53.499;0;173.2;28:52.788;12:29:28.675;0:36.955;0:32.024;0:53.499;236.8;Blake MCDONALD;;LMGT3;;TF Sport;Corvette;GF;36.955;32.024;53.499;
33;1;15;2:04.380;0;;37.246;0;32.201;0;54.933;0;170.5;30:57.168;12:31:33.055;0:37.246;0:32.201;0:54.933;237.9;Blake MCDONALD;;LMGT3;;TF Sport;Corvette;GF;37.246;32.201;54.933;
33;1;16;2:03.164;0;;37.198;0;31.944;0;54.022;0;172.2;33:00.332;12:33:36.219;0:37.198;0:31.944;0:54.022;238.4;Blake MCDONALD;;LMGT3;;TF Sport;Corvette;GF;37.198;31.944;54.022;
33;1;17;2:02.687;0;;37.217;0;32.008;0;53.462;0;172.9;35:03.019;12:35:38.906;0:37.217;0:32.008;0:53.462;237.4;Blake MCDONALD;;LMGT3;;TF Sport;Corvette;GF;37.217;32.008;53.462;
33;1;18;2:03.159;0;;37.281;0;32.245;0;53.633;0;172.2;37:06.178;12:37:42.065;0:37.281;0:32.245;0:53.633;238.9;Blake MCDONALD;;LMGT3;;TF Sport;Corvette;GF;37.281;32.245;53.633;
33;1;19;2:02.283;0;;36.848;0;31.955;0;53.480;0;173.4;39:08.461;12:39:44.348;0:36.848;0:31.955;0:53.480;238.9;Blake MCDONALD;;LMGT3;;TF Sport;Corvette;GF;36.848;31.955;53.480;
33;1;20;2:02.546;0;;36.956;0;32.147;0;53.443;0;173.1;41:11.007;12:41:46.894;0:36.956;0:32.147;0:53.443;237.9;Blake MCDONALD;;LMGT3;;TF Sport;Corvette;GF;36.956;32.147;53.443;
33;1;21;2:02.535;0;;37.048;0;32.009;0;53.478;0;173.1;43:13.542;12:43:49.429;0:37.048;0:32.009;0:53.478;238.4;Blake MCDONALD;;LMGT3;;TF Sport;Corvette;GF;37.048;32.009;53.478;
33;1;22;2:02.731;0;;36.856;0;32.338;0;53.537;0;172.8;45:16.273;12:45:52.160;0:36.856;0:32.338;0:53.537;238.4;Blake MCDONALD;;LMGT3;;TF Sport;Corvette;GF;36.856;32.338;53.537;
33;1;23;2:01.987;0;;36.792;0;32.067;0;53.128;0;173.9;47:18.260;12:47:54.147;0:36.792;0:32.067;0:53.128;237.9;Blake MCDONALD;;LMGT3;;TF Sport;Corvette;GF;36.792;32.067;53.128;
33;1;24;2:02.466;0;;36.932;0;32.017;0;53.517;0;173.2;49:20.726;12:49:56.613;0:36.932;0:32.017;0:53.517;238.4;Blake MCDONALD;;LMGT3;;TF Sport;Corvette;GF;36.932;32.017;53.517;
33;1;25;2:02.636;0;;36.872;0;31.991;0;53.773;0;172.9;51:23.362;12:51:59.249;0:36.872;0:31.991;0:53.773;237.9;Blake MCDONALD;;LMGT3;;TF Sport;Corvette;GF;36.872;31.991;53.773;
33;1;26;2:02.618;0;;37.234;0;31.934;0;53.450;0;173.0;53:25.980;12:54:01.867;0:37.234;0:31.934;0:53.450;238.9;Blake MCDONALD;;LMGT3;;TF Sport;Corvette;GF;37.234;31.934;53.450;
33;1;27;2:05.731;0;B;37.397;0;32.183;0;56.151;0;168.7;55:31.711;12:56:07.598;0:37.397;0:32.183;0:56.151;239.5;Blake MCDONALD;;LMGT3;;TF Sport;Corvette;GF;37.397;32.183;56.151;
33;1;28;3:24.673;0;;1:57.490;0;32.921;0;54.262;0;103.6;58:56.384;12:59:32.271;1:57.490;0:32.921;0:54.262;228.8;Blake MCDONALD;0:01:21.718;LMGT3;;TF Sport;Corvette;GF;117.490;32.921;54.262;
33;1;29;2:01.908;0;;37.049;0;31.928;0;52.931;0;174.0;1:00:58.292;13:01:34.179;0:37.049;0:31.928;0:52.931;236.8;Blake MCDONALD;;LMGT3;;TF Sport;Corvette;GF;37.049;31.928;52.931;
33;1;30;2:01.769;2;;36.792;0;31.856;0;53.121;0;174.2;1:03:00.061;13:03:35.948;0:36.792;0:31.856;0:53.121;236.8;Blake MCDONALD;;LMGT3;;TF Sport;Corvette;GF;36.792;31.856;53.121;
33;1;31;2:02.427;0;;36.893;0;31.809;0;53.725;0;173.2;1:05:02.488;13:05:38.375;0:36.893;0:31.809;0:53.725;235.8;Blake MCDONALD;;LMGT3;;TF Sport;Corvette;GF;36.893;31.809;53.725;
33;1;32;2:01.939;0;;36.941;0;31.779;2;53.219;0;173.9;1:07:04.427;13:07:40.314;0:36.941;0:31.779;0:53.219;236.8;Blake MCDONALD;;LMGT3;;TF Sport;Corvette;GF;36.941;31.779;53.219;
33;1;33;2:03.077;0;;37.079;0;32.404;0;53.594;0;172.3;1:09:07.504;13:09:43.391;0:37.079;0:32.404;0:53.594;237.9;Blake MCDONALD;;LMGT3;;TF Sport;Corvette;GF;37.079;32.404;53.594;
33;1;34;2:05.803;0;;38.010;0;32.839;0;54.954;0;168.6;1:11:13.307;13:11:49.194;0:38.010;0:32.839;0:54.954;237.9;Blake MCDONALD;;LMGT3;;TF Sport;Corvette;GF;38.010;32.839;54.954;
33;1;35;2:03.083;0;;37.332;0;31.915;0;53.836;0;172.3;1:13:16.390;13:13:52.277;0:37.332;0:31.915;0:53.836;236.3;Blake MCDONALD;;LMGT3;;TF Sport;Corvette;GF;37.332;31.915;53.836;
33;1;36;2:03.935;0;;38.148;0;32.164;0;53.623;0;171.1;1:15:20.325;13:15:56.212;0:38.148;0:32.164;0:53.623;236.8;Blake MCDONALD;;LMGT3;;TF Sport;Corvette;GF;38.148;32.164;53.623;
33;1;37;2:07.483;0;;40.110;0;32.580;0;54.793;0;166.4;1:17:27.808;13:18:03.695;0:40.110;0:32.580;0:54.793;233.8;Blake MCDONALD;;LMGT3;;TF Sport;Corvette;GF;40.110;32.580;54.793;
33;1;38;2:40.984;0;;37.967;0;32.298;0;1:30.719;0;131.7;1:20:08.792;13:20:44.679;0:37.967;0:32.298;1:30.719;236.8;Blake MCDONALD;;LMGT3;;TF Sport;Corvette;FCY;37.967;32.298;90.719;
33;1;39;2:37.880;0;;1:07.088;0;32.750;0;58.042;0;134.3;1:22:46.672;13:23:22.559;1:07.088;0:32.750;0:58.042;236.3;Blake MCDONALD;;LMGT3;;TF Sport;Corvette;GF;67.088;32.750;58.042;
33;1;40;2:47.075;0;;41.298;0;32.444;0;1:33.333;0;126.9;1:25:33.747;13:26:09.634;0:41.298;0:32.444;1:33.333;237.4;Blake MCDONALD;;LMGT3;;TF Sport;Corvette;GF;41.298;32.444;93.333;
33;1;41;4:29.175;0;B;1:30.916;0;1:08.359;0;1:49.900;0;78.8;1:30:02.922;13:30:38.809;1:30.916;1:08.359;1:49.900;;Blake MCDONALD;;LMGT3;;TF Sport;Corvette;GF;90.916;68.359;109.900;
33;1;42;4:44.376;0;;2:06.695;0;1:09.030;0;1:28.651;0;74.6;1:34:47.298;13:35:23.185;2:06.695;1:09.030;1:28.651;;Blake MCDONALD;0:00:51.887;LMGT3;;TF Sport;Corvette;SF;126.695;69.030;88.651;
33;1;43;2:27.719;0;;43.453;0;41.925;0;1:02.341;0;143.6;1:37:15.017;13:37:50.904;0:43.453;0:41.925;1:02.341;202.6;Blake MCDONALD;;LMGT3;;TF Sport;Corvette;SF;43.453;41.925;62.341;
33;1;44;3:03.703;0;;42.840;0;44.123;0;1:36.740;0;115.4;1:40:18.720;13:40:54.607;0:42.840;0:44.123;1:36.740;162.2;Blake MCDONALD;;LMGT3;;TF Sport;Corvette;SF;42.840;44.123;96.740;
33;1;45;4:15.841;0;;1:29.478;0;58.161;0;1:48.202;0;82.9;1:44:34.561;13:45:10.448;1:29.478;0:58.161;1:48.202;;Blake MCDONALD;;LMGT3;;TF Sport;Corvette;SF;89.478;58.161;108.202;
33;1;46;4:06.825;0;;1:30.874;0;58.755;0;1:37.196;0;85.9;1:48:41.386;13:49:17.273;1:30.874;0:58.755;1:37.196;;Blake MCDONALD;;LMGT3;;TF Sport;Corvette;SF;90.874;58.755;97.196;
33;1;47;3:40.656;0;B;1:20.595;0;50.834;0;1:29.227;0;96.1;1:52:22.042;13:52:57.929;1:20.595;0:50.834;1:29.227;;Blake MCDONALD;;LMGT3;;TF Sport;Corvette;SF;80.595;50.834;89.227;
33;2;48;3:39.026;0;;1:51.554;0;40.854;0;1:06.618;0;96.8;1:56:01.068;13:56:36.955;1:51.554;0:40.854;1:06.618;180.9;Alec UDELL;0:01:11.262;LMGT3;;TF Sport;Corvette;SF;111.554;40.854;66.618;
33;2;49;2:28.935;0;;44.745;0;39.775;0;1:04.415;0;142.4;1:58:30.003;13:59:05.890;0:44.745;0:39.775;1:04.415;218.6;Alec UDELL;;LMGT3;;TF Sport;Corvette;SF;44.745;39.775;64.415;
33;2;50;2:25.984;0;;42.240;0;38.567;0;1:05.177;0;145.3;2:00:55.987;14:01:31.874;0:42.240;0:38.567;1:05.177;230.3;Alec UDELL;;LMGT3;;TF Sport;Corvette;SF;42.240;38.567;65.177;
33;2;51;2:49.076;0;;49.444;0;45.945;0;1:13.687;0;125.4;2:03:45.063;14:04:20.950;0:49.444;0:45.945;1:13.687;125.4;Alec UDELL;;LMGT3;;TF Sport;Corvette;SF;49.444;45.945;73.687;
33;2;52;3:02.956;0;;57.118;0;49.092;0;1:16.746;0;115.9;2:06:48.019;14:07:23.906;0:57.118;0:49.092;1:16.746;128.7;Alec UDELL;;LMGT3;;TF Sport;Corvette;SF;57.118;49.092;76.746;
33;2;53;3:01.191;0;;51.047;0;45.300;0;1:24.844;0;117.0;2:09:49.210;14:10:25.097;0:51.047;0:45.300;1:24.844;170.6;Alec UDELL;;LMGT3;;TF Sport;Corvette;GF;51.047;45.300;84.844;
33;2;54;2:27.031;0;;42.057;0;42.799;0;1:02.175;0;144.2;2:12:16.241;14:12:52.128;0:42.057;0:42.799;1:02.175;235.8;Alec UDELL;;LMGT3;;TF Sport;Corvette;GF;42.057;42.799;62.175;
33;2;55;2:21.154;0;;41.257;0;38.739;0;1:01.158;0;150.2;2:14:37.395;14:15:13.282;0:41.257;0:38.739;1:01.158;232.8;Alec UDELL;;LMGT3;;TF Sport;Corvette;GF;41.257;38.739;61.158;
33;2;56;2:19.619;0;;41.567;0;37.472;0;1:00.580;0;151.9;2:16:57.014;14:17:32.901;0:41.567;0:37.472;1:00.580;232.8;Alec UDELL;;LMGT3;;TF Sport;Corvette;GF;41.567;37.472;60.580;
33;2;57;2:19.677;0;;41.413;0;36.861;0;1:01.403;0;151.8;2:19:16.691;14:19:52.578;0:41.413;0:36.861;1:01.403;233.3;Alec UDELL;;LMGT3;;TF Sport;Corvette;GF;41.413;36.861;61.403;
33;2;58;2:18.175;0;;41.037;1;36.876;0;1:00.262;0;153.5;2:21:34.866;14:22:10.753;0:41.037;0:36.876;1:00.262;233.8;Alec UDELL;;LMGT3;;TF Sport;Corvette;GF;41.037;36.876;60.262;
33;2;59;2:18.798;0;;41.047;0;37.316;0;1:00.435;0;152.8;2:23:53.664;14:24:29.551;0:41.047;0:37.316;1:00.435;233.8;Alec UDELL;;LMGT3;;TF Sport;Corvette;GF;41.047;37.316;60.435;
33;2;60;2:18.333;0;;41.193;0;36.818;1;1:00.322;0;153.3;2:26:11.997;14:26:47.884;0:41.193;0:36.818;1:00.322;234.8;Alec UDELL;;LMGT3;;TF Sport;Corvette;GF;41.193;36.818;60.322;
33;2;61;2:18.592;0;;41.700;0;36.999;0;59.893;1;153.0;2:28:30.589;14:29:06.476;0:41.700;0:36.999;0:59.893;235.3;Alec UDELL;;LMGT3;;TF Sport;Corvette;GF;41.700;36.999;59.893;
33;2;62;2:20.894;0;;41.892;0;37.583;0;1:01.419;0;150.5;2:30:51.483;14:31:27.370;0:41.892;0:37.583;1:01.419;233.8;Alec UDELL;;LMGT3;;TF Sport;Corvette;GF;41.892;37.583;61.419;
33;2;63;2:21.226;0;;42.426;0;37.969;0;1:00.831;0;150.2;2:33:12.709;14:33:48.596;0:42.426;0:37.969;1:00.831;233.8;Alec UDELL;;LMGT3;;TF Sport;Corvette;GF;42.426;37.969;60.831;
33;2;64;2:21.163;0;;41.994;0;37.918;0;1:01.251;0;150.2;2:35:33.872;14:36:09.759;0:41.994;0:37.918;1:01.251;234.8;Alec UDELL;;LMGT3;;TF Sport;Corvette;GF;41.994;37.918;61.251;
33;2;65;2:20.181;0;;42.047;0;37.611;0;1:00.523;0;151.3;2:37:54.053;14:38:29.940;0:42.047;0:37.611;1:00.523;235.3;Alec UDELL;;LMGT3;;TF Sport;Corvette;GF;42.047;37.611;60.523;
33;2;66;3:19.108;0;;42.059;0;51.795;0;1:45.254;0;106.5;2:41:13.161;14:41:49.048;0:42.059;0:51.795;1:45.254;234.8;Alec UDELL;;LMGT3;;TF Sport;Corvette;FCY;42.059;51.795;105.254;
33;2;67;4:13.534;0;;1:31.415;0;1:07.937;0;1:34.182;0;83.6;2:45:26.695;14:46:02.582;1:31.415;1:07.937;1:34.182;;Alec UDELL;;LMGT3;;TF Sport;Corvette;GF;91.415;67.937;94.182;
33;2;68;2:21.334;0;;42.547;0;38.245;0;1:00.542;0;150.1;2:47:48.029;14:48:23.916;0:42.547;0:38.245;1:00.542;234.3;Alec UDELL;;LMGT3;;TF Sport;Corvette;GF;42.547;38.245;60.542;
33;2;69;2:19.414;0;;41.694;0;37.559;0;1:00.161;0;152.1;2:50:07.443;14:50:43.330;0:41.694;0:37.559;1:00.161;233.3;Alec UDELL;;LMGT3;;TF Sport;Corvette;GF;41.694;37.559;60.161;
33;2;70;3:07.799;0;;41.502;0;40.809;0;1:45.488;0;112.9;2:53:15.242;14:53:51.129;0:41.502;0:40.809;1:45.488;233.3;Alec UDELL;;LMGT3;;TF Sport;Corvette;FCY;41.502;40.809;105.488;
33;2;71;4:24.587;0;;1:31.591;0;1:07.814;0;1:45.182;0;80.2;2:57:39.829;14:58:15.716;1:31.591;1:07.814;1:45.182;;Alec UDELL;;LMGT3;;TF Sport;Corvette;FCY;91.591;67.814;105.182;
33;2;72;3:32.452;0;B;1:31.563;0;55.908;0;1:04.981;0;99.8;3:01:12.281;15:01:48.168;1:31.563;0:55.908;1:04.981;;Alec UDELL;;LMGT3;;TF Sport;Corvette;GF;91.563;55.908;64.981;
33;3;73;3:29.307;0;;1:50.644;0;37.989;0;1:00.674;0;101.3;3:04:41.588;15:05:17.475;1:50.644;0:37.989;1:00.674;230.8;Charlie EASTWOOD;0:01:12.333;LMGT3;;TF Sport;Corvette;GF;110.644;37.989;60.674;
33;3;74;2:19.073;0;;41.763;0;36.985;0;1:00.325;0;152.5;3:07:00.661;15:07:36.548;0:41.763;0:36.985;1:00.325;232.8;Charlie EASTWOOD;;LMGT3;;TF Sport;Corvette;GF;41.763;36.985;60.325;
33;3;75;2:18.491;0;;41.627;0;36.905;0;59.959;1;153.1;3:09:19.152;15:09:55.039;0:41.627;0:36.905;0:59.959;232.8;Charlie EASTWOOD;;LMGT3;;TF Sport;Corvette;GF;41.627;36.905;59.959;
33;3;76;2:19.791;0;;41.945;0;37.611;0;1:00.235;0;151.7;3:11:38.943;15:12:14.830;0:41.945;0:37.611;1:00.235;233.8;Charlie EASTWOOD;;LMGT3;;TF Sport;Corvette;GF;41.945;37.611;60.235;
33;3;77;2:18.719;0;;41.549;0;36.964;0;1:00.206;0;152.9;3:13:57.662;15:14:33.549;0:41.549;0:36.964;1:00.206;234.3;Charlie EASTWOOD;;LMGT3;;TF Sport;Corvette;GF;41.549;36.964;60.206;
33;3;78;2:18.528;0;;41.452;0;37.089;0;59.987;0;153.1;3:16:16.190;15:16:52.077;0:41.452;0:37.089;0:59.987;234.3;Charlie EASTWOOD;;LMGT3;;TF Sport;Corvette;GF;41.452;37.089;59.987;
33;3;79;2:19.138;0;;41.468;0;37.329;0;1:00.341;0;152.4;3:18:35.328;15:19:11.215;0:41.468;0:37.329;1:00.341;234.8;Charlie EASTWOOD;;LMGT3;;TF Sport;Corvette;GF;41.468;37.329;60.341;
33;3;80;2:18.937;0;;41.499;0;37.012;0;1:00.426;0;152.6;3:20:54.265;15:21:30.152;0:41.499;0:37.012;1:00.426;234.8;Charlie EASTWOOD;;LMGT3;;TF Sport;Corvette;GF;41.499;37.012;60.426;
33;3;81;2:18.918;0;;41.528;0;36.953;0;1:00.437;0;152.7;3:23:13.183;15:23:49.070;0:41.528;0:36.953;1:00.437;235.3;Charlie EASTWOOD;;LMGT3;;TF Sport;Corvette;GF;41.528;36.953;60.437;
33;3;82;2:19.447;0;;41.524;0;37.152;0;1:00.771;0;152.1;3:25:32.630;15:26:08.517;0:41.524;0:37.152;1:00.771;236.3;Charlie EASTWOOD;;LMGT3;;TF Sport;Corvette;GF;41.524;37.152;60.771;
33;3;83;2:19.104;0;;41.634;0;36.981;0;1:00.489;0;152.5;3:27:51.734;15:28:27.621;0:41.634;0:36.981;1:00.489;235.8;Charlie EASTWOOD;;LMGT3;;TF Sport;Corvette;GF;41.634;36.981;60.489;
33;3;84;2:18.926;0;;41.558;0;37.082;0;1:00.286;0;152.7;3:30:10.660;15:30:46.547;0:41.558;0:37.082;1:00.286;236.3;Charlie EASTWOOD;;LMGT3;;TF Sport;Corvette;GF;41.558;37.082;60.286;
33;3;85;2:18.633;0;;41.415;0;36.865;0;1:00.353;0;153.0;3:32:29.293;15:33:05.180;0:41.415;0:36.865;1:00.353;235.8;Charlie EASTWOOD;;LMGT3;;TF Sport;Corvette;GF;41.415;36.865;60.353;
33;3;86;2:18.766;0;;41.447;0;36.940;0;1:00.379;0;152.8;3:34:48.059;15:35:23.946;0:41.447;0:36.940;1:00.379;236.3;Charlie EASTWOOD;;LMGT3;;TF Sport;Corvette;GF;41.447;36.940;60.379;
33;3;87;2:19.719;0;;41.674;0;37.446;0;1:00.599;0;151.8;3:37:07.778;15:37:43.665;0:41.674;0:37.446;1:00.599;235.8;Charlie EASTWOOD;;LMGT3;;TF Sport;Corvette;GF;41.674;37.446;60.599;
33;3;88;2:19.278;0;;41.462;0;37.134;0;1:00.682;0;152.3;3:39:27.056;15:40:02.943;0:41.462;0:37.134;1:00.682;235.8;Charlie EASTWOOD;;LMGT3;;TF Sport;Corvette;GF;41.462;37.134;60.682;
33;3;89;2:19.292;0;;41.404;0;37.187;0;1:00.701;0;152.3;3:41:46.348;15:42:22.235;0:41.404;0:37.187;1:00.701;234.8;Charlie EASTWOOD;;LMGT3;;TF Sport;Corvette;GF;41.404;37.187;60.701;
33;3;90;2:19.391;0;;41.751;0;36.995;0;1:00.645;0;152.1;3:44:05.739;15:44:41.626;0:41.751;0:36.995;1:00.645;237.4;Charlie EASTWOOD;;LMGT3;;TF Sport;Corvette;GF;41.751;36.995;60.645;
33;3;91;2:18.505;0;;41.359;0;36.779;1;1:00.367;0;153.1;3:46:24.244;15:47:00.131;0:41.359;0:36.779;1:00.367;236.8;Charlie EASTWOOD;;LMGT3;;TF Sport;Corvette;GF;41.359;36.779;60.367;
33;3;92;2:18.583;0;;41.247;0;36.993;0;1:00.343;0;153.0;3:48:42.827;15:49:18.714;0:41.247;0:36.993;1:00.343;237.4;Charlie EASTWOOD;;LMGT3;;TF Sport;Corvette;GF;41.247;36.993;60.343;
33;3;93;2:19.636;0;;41.380;0;36.998;0;1:01.258;0;151.9;3:51:02.463;15:51:38.350;0:41.380;0:36.998;1:01.258;237.4;Charlie EASTWOOD;;LMGT3;;TF Sport;Corvette;GF;41.380;36.998;61.258;
33;3;94;2:19.231;0;;41.793;0;37.141;0;1:00.297;0;152.3;3:53:21.694;15:53:57.581;0:41.793;0:37.141;1:00.297;234.8;Charlie EASTWOOD;;LMGT3;;TF Sport;Corvette;GF;41.793;37.141;60.297;
33;3;95;2:18.228;0;;41.197;0;36.806;0;1:00.225;0;153.4;3:55:39.922;15:56:15.809;0:41.197;0:36.806;1:00.225;234.8;Charlie EASTWOOD;;LMGT3;;TF Sport;Corvette;GF;41.197;36.806;60.225;
33;3;96;2:18.443;0;;41.133;0;36.938;0;1:00.372;0;153.2;3:57:58.365;15:58:34.252;0:41.133;0:36.938;1:00.372;236.3;Charlie EASTWOOD;;LMGT3;;TF Sport;Corvette;GF;41.133;36.938;60.372;
33;3;97;2:18.085;0;;41.106;1;36.912;0;1:00.067;0;153.6;4:00:16.450;16:00:52.337;0:41.106;0:36.912;1:00.067;235.8;Charlie EASTWOOD;;LMGT3;;TF Sport;Corvette;GF;41.106;36.912;60.067;
33;3;98;2:18.542;0;;41.254;0;37.281;0;1:00.007;0;153.1;4:02:34.992;16:03:10.879;0:41.254;0:37.281;1:00.007;234.3;Charlie EASTWOOD;;LMGT3;;TF Sport;Corvette;FF;41.254;37.281;60.007;
34;1;1;1:53.961;0;;35.927;0;29.606;0;48.428;0;181.6;1:53.961;12:02:29.848;0:35.927;0:29.606;0:48.428;267.3;Bijoy GARG;;LMP2;;Inter Europol Competition;Oreca;GF;35.927;29.606;48.428;
34;1;2;1:49.601;0;;32.543;0;29.056;0;48.002;0;193.5;3:43.562;12:04:19.449;0:32.543;0:29.056;0:48.002;274.8;Bijoy GARG;;LMP2;;Inter Europol Competition;Oreca;GF;32.543;29.056;48.002;
34;1;3;1:48.038;0;;31.573;0;28.799;0;47.666;0;196.3;5:31.600;12:06:07.487;0:31.573;0:28.799;0:47.666;274.8;Bijoy GARG;;LMP2;;Inter Europol Competition;Oreca;GF;31.573;28.799;47.666;
34;1;4;1:48.221;0;;31.250;0;28.711;0;48.260;0;196.0;7:19.821;12:07:55.708;0:31.250;0:28.711;0:48.260;276.9;Bijoy GARG;;LMP2;;Inter Europol Competition;Oreca;GF;31.250;28.711;48.260;
34;1;5;1:47.024;0;;31.185;0;28.511;0;47.328;2;198.2;9:06.845;12:09:42.732;0:31.185;0:28.511;0:47.328;276.2;Bijoy GARG;;LMP2;;Inter Europol Competition;Oreca;GF;31.185;28.511;47.328;
34;1;6;1:47.401;0;;31.182;0;28.351;0;47.868;0;197.5;10:54.246;12:11:30.133;0:31.182;0:28.351;0:47.868;276.2;Bijoy GARG;;LMP2;;Inter Europol Competition;Oreca;GF;31.182;28.351;47.868;
34;1;7;1:49.413;0;;31.566;0;29.203;0;48.644;0;193.8;12:43.659;12:13:19.546;0:31.566;0:29.203;0:48.644;276.2;Bijoy GARG;;LMP2;;Inter Europol Competition;Oreca;GF;31.566;29.203;48.644;
34;1;8;1:51.794;0;;33.493;0;29.634;0;48.667;0;189.7;14:35.453;12:15:11.340;0:33.493;0:29.634;0:48.667;276.2;Bijoy GARG;;LMP2;;Inter Europol Competition;Oreca;GF;33.493;29.634;48.667;
34;1;9;1:49.843;0;;31.722;0;28.722;0;49.399;0;193.1;16:25.296;12:17:01.183;0:31.722;0:28.722;0:49.399;275.5;Bijoy GARG;;LMP2;;Inter Europol Competition;Oreca;GF;31.722;28.722;49.399;
34;1;10;1:50.184;0;;32.911;0;29.160;0;48.113;0;192.5;18:15.480;12:18:51.367;0:32.911;0:29.160;0:48.113;274.8;Bijoy GARG;;LMP2;;Inter Europol Competition;Oreca;GF;32.911;29.160;48.113;
34;1;11;1:48.068;0;;31.914;0;28.323;0;47.831;0;196.2;20:03.548;12:20:39.435;0:31.914;0:28.323;0:47.831;276.2;Bijoy GARG;;LMP2;;Inter Europol Competition;Oreca;GF;31.914;28.323;47.831;
34;1;12;1:49.213;0;;32.032;0;28.844;0;48.337;0;194.2;21:52.761;12:22:28.648;0:32.032;0:28.844;0:48.337;279.1;Bijoy GARG;;LMP2;;Inter Europol Competition;Oreca;GF;32.032;28.844;48.337;
34;1;13;1:49.118;0;;31.141;0;29.405;0;48.572;0;194.4;23:41.879;12:24:17.766;0:31.141;0:29.405;0:48.572;276.2;Bijoy GARG;;LMP2;;Inter Europol Competition;Oreca;GF;31.141;29.405;48.572;
34;1;14;1:46.580;0;;30.847;2;27.995;0;47.738;0;199.0;25:28.459;12:26:04.346;0:30.847;0:27.995;0:47.738;276.2;Bijoy GARG;;LMP2;;Inter Europol Competition;Oreca;GF;30.847;27.995;47.738;
34;1;15;1:50.197;0;;32.377;0;28.815;0;49.005;0;192.5;27:18.656;12:27:54.543;0:32.377;0:28.815;0:49.005;274.8;Bijoy GARG;;LMP2;;Inter Europol Competition;Oreca;GF;32.377;28.815;49.005;
34;1;16;1:50.739;0;;32.134;0;29.725;0;48.880;0;191.5;29:09.395;12:29:45.282;0:32.134;0:29.725;0:48.880;276.2;Bijoy GARG;;LMP2;;Inter Europol Competition;Oreca;GF;32.134;29.725;48.880;
34;1;17;1:49.380;0;;32.626;0;28.294;0;48.460;0;193.9;30:58.775;12:31:34.662;0:32.626;0:28.294;0:48.460;273.4;Bijoy GARG;;LMP2;;Inter Europol Competition;Oreca;GF;32.626;28.294;48.460;
34;1;18;1:47.577;0;;31.865;0;28.077;0;47.635;0;197.1;32:46.352;12:33:22.239;0:31.865;0:28.077;0:47.635;275.5;Bijoy GARG;;LMP2;;Inter Europol Competition;Oreca;GF;31.865;28.077;47.635;
34;1;19;1:46.499;2;;31.090;0;27.920;2;47.489;0;199.1;34:32.851;12:35:08.738;0:31.090;0:27.920;0:47.489;274.8;Bijoy GARG;;LMP2;;Inter Europol Competition;Oreca;GF;31.090;27.920;47.489;
34;1;20;1:47.580;0;;31.160;0;28.379;0;48.041;0;197.1;36:20.431;12:36:56.318;0:31.160;0:28.379;0:48.041;275.5;Bijoy GARG;;LMP2;;Inter Europol Competition;Oreca;GF;31.160;28.379;48.041;
34;1;21;1:47.566;0;;30.969;0;28.327;0;48.270;0;197.2;38:07.997;12:38:43.884;0:30.969;0:28.327;0:48.270;275.5;Bijoy GARG;;LMP2;;Inter Europol Competition;Oreca;GF;30.969;28.327;48.270;
34;1;22;1:52.257;0;B;31.764;0;28.596;0;51.897;0;188.9;40:00.254;12:40:36.141;0:31.764;0:28.596;0:51.897;275.5;Bijoy GARG;;LMP2;;Inter Europol Competition;Oreca;GF;31.764;28.596;51.897;
34;1;23;2:51.360;0;;1:34.941;0;28.343;0;48.076;0;123.8;42:51.614;12:43:27.501;1:34.941;0:28.343;0:48.076;272.7;Bijoy GARG;0:01:06.206;LMP2;;Inter Europol Competition;Oreca;GF;94.941;28.343;48.076;
34;1;24;1:47.835;0;;31.344;0;28.491;0;48.000;0;196.7;44:39.449;12:45:15.336;0:31.344;0:28.491;0:48.000;275.5;Bijoy GARG;;LMP2;;Inter Europol Competition;Oreca;GF;31.344;28.491;48.000;
34;1;25;1:49.376;0;;31.346;0;29.412;0;48.618;0;193.9;46:28.825;12:47:04.712;0:31.346;0:29.412;0:48.618;275.5;Bijoy GARG;;LMP2;;Inter Europol Competition;Oreca;GF;31.346;29.412;48.618;
34;1;26;1:50.675;0;;32.354;0;29.826;0;48.495;0;191.6;48:19.500;12:48:55.387;0:32.354;0:29.826;0:48.495;276.9;Bijoy GARG;;LMP2;;Inter Europol Competition;Oreca;GF;32.354;29.826;48.495;
34;1;27;1:50.266;0;;32.581;0;28.719;0;48.966;0;192.3;50:09.766;12:50:45.653;0:32.581;0:28.719;0:48.966;275.5;Bijoy GARG;;LMP2;;Inter Europol Competition;Oreca;GF;32.581;28.719;48.966;
34;1;28;1:50.740;0;;33.676;0;28.460;0;48.604;0;191.5;52:00.506;12:52:36.393;0:33.676;0:28.460;0:48.604;274.1;Bijoy GARG;;LMP2;;Inter Europol Competition;Oreca;GF;33.676;28.460;48.604;
34;1;29;1:50.355;0;;33.778;0;28.457;0;48.120;0;192.2;53:50.861;12:54:26.748;0:33.778;0:28.457;0:48.120;274.1;Bijoy GARG;;LMP2;;Inter Europol Competition;Oreca;GF;33.778;28.457;48.120;
34;1;30;1:49.937;0;;32.911;0;28.984;0;48.042;0;192.9;55:40.798;12:56:16.685;0:32.911;0:28.984;0:48.042;272.7;Bijoy GARG;;LMP2;;Inter Europol Competition;Oreca;GF;32.911;28.984;48.042;
34;1;31;1:49.773;0;;31.494;0;29.427;0;48.852;0;193.2;57:30.571;12:58:06.458;0:31.494;0:29.427;0:48.852;274.8;Bijoy GARG;;LMP2;;Inter Europol Competition;Oreca;GF;31.494;29.427;48.852;
34;1;32;1:48.696;0;;31.513;0;29.110;0;48.073;0;195.1;59:19.267;12:59:55.154;0:31.513;0:29.110;0:48.073;274.8;Bijoy GARG;;LMP2;;Inter Europol Competition;Oreca;GF;31.513;29.110;48.073;
34;1;33;1:47.708;0;;31.463;0;28.232;0;48.013;0;196.9;1:01:06.975;13:01:42.862;0:31.463;0:28.232;0:48.013;279.1;Bijoy GARG;;LMP2;;Inter Europol Competition;Oreca;GF;31.463;28.232;48.013;
34;1;34;1:50.459;0;;32.237;0;29.268;0;48.954;0;192.0;1:02:57.434;13:03:33.321;0:32.237;0:29.268;0:48.954;276.2;Bijoy GARG;;LMP2;;Inter Europol Competition;Oreca;GF;32.237;29.268;48.954;
34;1;35;1:48.559;0;;31.444;0;29.071;0;48.044;0;195.4;1:04:45.993;13:05:21.880;0:31.444;0:29.071;0:48.044;277.6;Bijoy GARG;;LMP2;;Inter Europol Competition;Oreca;GF;31.444;29.071;48.044;
34;1;36;1:49.138;0;;32.223;0;28.468;0;48.447;0;194.3;1:06:35.131;13:07:11.018;0:32.223;0:28.468;0:48.447;275.5;Bijoy GARG;;LMP2;;Inter Europol Competition;Oreca;GF;32.223;28.468;48.447;
34;1;37;1:49.967;0;;32.248;0;29.105;0;48.614;0;192.9;1:08:25.098;13:09:00.985;0:32.248;0:29.105;0:48.614;274.8;Bijoy GARG;;LMP2;;Inter Europol Competition;Oreca;GF;32.248;29.105;48.614;
34;1;38;1:50.157;0;;32.232;0;28.672;0;49.253;0;192.5;1:10:15.255;13:10:51.142;0:32.232;0:28.672;0:49.253;274.8;Bijoy GARG;;LMP2;;Inter Europol Competition;Oreca;GF;32.232;28.672;49.253;
34;1;39;1:51.907;0;;34.533;0;28.643;0;48.731;0;189.5;1:12:07.162;13:12:43.049;0:34.533;0:28.643;0:48.731;274.1;Bijoy GARG;;LMP2;;Inter Europol Competition;Oreca;GF;34.533;28.643;48.731;
34;1;40;1:53.410;0;;34.836;0;29.187;0;49.387;0;187.0;1:14:00.572;13:14:36.459;0:34.836;0:29.187;0:49.387;272.0;Bijoy GARG;;LMP2;;Inter Europol Competition;Oreca;GF;34.836;29.187;49.387;
34;1;41;1:53.476;0;;35.446;0;29.136;0;48.894;0;186.9;1:15:54.048;13:16:29.935;0:35.446;0:29.136;0:48.894;274.8;Bijoy GARG;;LMP2;;Inter Europol Competition;Oreca;GF;35.446;29.136;48.894;
34;1;42;1:56.996;0;;36.752;0;30.970;0;49.274;0;181.3;1:17:51.044;13:18:26.931;0:36.752;0:30.970;0:49.274;241.1;Bijoy GARG;;LMP2;;Inter Europol Competition;Oreca;GF;36.752;30.970;49.274;
34;1;43;2:46.523;0;;34.601;0;29.404;0;1:42.518;0;127.4;1:20:37.567;13:21:13.454;0:34.601;0:29.404;1:42.518;264.7;Bijoy GARG;;LMP2;;Inter Europol Competition;Oreca;FCY;34.601;29.404;102.518;
34;1;44;2:11.779;0;;46.832;0;29.588;0;55.359;0;160.9;1:22:49.346;13:23:25.233;0:46.832;0:29.588;0:55.359;274.8;Bijoy GARG;;LMP2;;Inter Europol Competition;Oreca;GF;46.832;29.588;55.359;
34;1;45;2:47.267;0;;40.153;0;31.251;0;1:35.863;0;126.8;1:25:36.613;13:26:12.500;0:40.153;0:31.251;1:35.863;259.0;Bijoy GARG;;LMP2;;Inter Europol Competition;Oreca;GF;40.153;31.251;95.863;
34;1;46;4:27.712;0;B;1:31.050;0;1:07.699;0;1:48.963;0;79.2;1:30:04.325;13:30:40.212;1:31.050;1:07.699;1:48.963;;Bijoy GARG;;LMP2;;Inter Europol Competition;Oreca;GF;91.050;67.699;108.963;
34;1;47;5:33.070;0;;2:47.183;0;1:10.941;0;1:34.946;0;63.7;1:35:37.395;13:36:13.282;2:47.183;1:10.941;1:34.946;;Bijoy GARG;0:01:30.161;LMP2;;Inter Europol Competition;Oreca;SF;167.183;70.941;94.946;
34;1;48;4:02.508;0;;1:25.727;0;1:00.043;0;1:36.738;0;87.5;1:39:39.903;13:40:15.790;1:25.727;1:00.043;1:36.738;;Bijoy GARG;;LMP2;;Inter Europol Competition;Oreca;SF;85.727;60.043;96.738;
34;1;49;4:35.511;0;;1:29.420;0;1:04.322;0;2:01.769;0;77.0;1:44:15.414;13:44:51.301;1:29.420;1:04.322;2:01.769;;Bijoy GARG;;LMP2;;Inter Europol Competition;Oreca;SF;89.420;64.322;121.769;
34;1;50;4:08.636;0;;1:30.562;0;1:01.589;0;1:36.485;0;85.3;1:48:24.050;13:48:59.937;1:30.562;1:01.589;1:36.485;;Bijoy GARG;;LMP2;;Inter Europol Competition;Oreca;SF;90.562;61.589;96.485;
34;1;51;3:42.332;0;B;1:18.411;0;54.170;0;1:29.751;0;95.4;1:52:06.382;13:52:42.269;1:18.411;0:54.170;1:29.751;126.5;Bijoy GARG;;LMP2;;Inter Europol Competition;Oreca;SF;78.411;54.170;89.751;
34;1;52;3:17.658;0;;1:32.401;0;35.486;0;1:09.771;0;107.3;1:55:24.040;13:55:59.927;1:32.401;0:35.486;1:09.771;242.7;Bijoy GARG;0:00:54.766;LMP2;;Inter Europol Competition;Oreca;SF;92.401;35.486;69.771;
34;1;53;2:35.979;0;;45.304;0;40.678;0;1:09.997;0;136.0;1:58:00.019;13:58:35.906;0:45.304;0:40.678;1:09.997;202.6;Bijoy GARG;;LMP2;;Inter Europol Competition;Oreca;SF;45.304;40.678;69.997;
34;1;54;2:47.860;0;;50.328;0;46.497;0;1:11.035;0;126.3;2:00:47.879;14:01:23.766;0:50.328;0:46.497;1:11.035;190.8;Bijoy GARG;;LMP2;;Inter Europol Competition;Oreca;SF;50.328;46.497;71.035;
34;1;55;2:50.376;0;;51.599;0;45.747;0;1:13.030;0;124.5;2:03:38.255;14:04:14.142;0:51.599;0:45.747;1:13.030;;Bijoy GARG;;LMP2;;Inter Europol Competition;Oreca;SF;51.599;45.747;73.030;
34;1;56;3:02.789;0;;56.372;0;50.073;0;1:16.344;0;116.0;2:06:41.044;14:07:16.931;0:56.372;0:50.073;1:16.344;133.8;Bijoy GARG;;LMP2;;Inter Europol Competition;Oreca;SF;56.372;50.073;76.344;
34;1;57;3:03.682;0;;50.643;0;44.923;0;1:28.116;0;115.5;2:09:44.726;14:10:20.613;0:50.643;0:44.923;1:28.116;161.4;Bijoy GARG;;LMP2;;Inter Europol Competition;Oreca;GF;50.643;44.923;88.116;
34;1;58;2:13.388;0;;38.850;0;35.531;0;59.007;0;159.0;2:11:58.114;14:12:34.001;0:38.850;0:35.531;0:59.007;264.7;Bijoy GARG;;LMP2;;Inter Europol Competition;Oreca;GF;38.850;35.531;59.007;
34;1;59;2:07.616;0;;36.327;0;34.219;0;57.070;0;166.2;2:14:05.730;14:14:41.617;0:36.327;0:34.219;0:57.070;269.3;Bijoy GARG;;LMP2;;Inter Europol Competition;Oreca;GF;36.327;34.219;57.070;
34;1;60;2:08.289;0;;36.455;0;34.208;0;57.626;0;165.3;2:16:14.019;14:16:49.906;0:36.455;0:34.208;0:57.626;270.0;Bijoy GARG;;LMP2;;Inter Europol Competition;Oreca;GF;36.455;34.208;57.626;
34;1;61;2:07.665;0;;36.881;0;34.394;0;56.390;0;166.1;2:18:21.684;14:18:57.571;0:36.881;0:34.394;0:56.390;270.7;Bijoy GARG;;LMP2;;Inter Europol Competition;Oreca;GF;36.881;34.394;56.390;
34;1;62;2:06.129;0;;36.230;0;34.384;0;55.515;0;168.1;2:20:27.813;14:21:03.700;0:36.230;0:34.384;0:55.515;268.7;Bijoy GARG;;LMP2;;Inter Europol Competition;Oreca;GF;36.230;34.384;55.515;
34;1;63;2:05.750;0;;35.812;0;33.974;0;55.964;0;168.6;2:22:33.563;14:23:09.450;0:35.812;0:33.974;0:55.964;268.0;Bijoy GARG;;LMP2;;Inter Europol Competition;Oreca;GF;35.812;33.974;55.964;
34;1;64;2:05.485;0;;35.962;0;33.731;0;55.792;0;169.0;2:24:39.048;14:25:14.935;0:35.962;0:33.731;0:55.792;270.0;Bijoy GARG;;LMP2;;Inter Europol Competition;Oreca;GF;35.962;33.731;55.792;
34;1;65;2:10.751;0;B;36.296;0;33.645;0;1:00.810;0;162.2;2:26:49.799;14:27:25.686;0:36.296;0:33.645;1:00.810;269.3;Bijoy GARG;;LMP2;;Inter Europol Competition;Oreca;GF;36.296;33.645;60.810;
34;2;66;3:00.499;0;;1:28.496;0;35.019;0;56.984;0;117.5;2:29:50.298;14:30:26.185;1:28.496;0:35.019;0:56.984;261.5;Reshad DE GÉRUS;0:00:51.143;LMP2;;Inter Europol Competition;Oreca;GF;88.496;35.019;56.984;
34;2;67;2:06.990;0;;37.292;0;34.094;0;55.604;0;167.0;2:31:57.288;14:32:33.175;0:37.292;0:34.094;0:55.604;265.4;Reshad DE GÉRUS;;LMP2;;Inter Europol Competition;Oreca;GF;37.292;34.094;55.604;
34;2;68;2:06.430;0;;36.872;0;33.984;0;55.574;0;167.7;2:34:03.718;14:34:39.605;0:36.872;0:33.984;0:55.574;267.3;Reshad DE GÉRUS;;LMP2;;Inter Europol Competition;Oreca;GF;36.872;33.984;55.574;
34;2;69;2:05.576;0;;36.773;0;33.607;0;55.196;0;168.9;2:36:09.294;14:36:45.181;0:36.773;0:33.607;0:55.196;266.7;Reshad DE GÉRUS;;LMP2;;Inter Europol Competition;Oreca;GF;36.773;33.607;55.196;
34;2;70;2:04.977;0;;36.633;0;33.429;0;54.915;0;169.7;2:38:14.271;14:38:50.158;0:36.633;0:33.429;0:54.915;266.0;Reshad DE GÉRUS;;LMP2;;Inter Europol Competition;Oreca;GF;36.633;33.429;54.915;
34;2;71;3:24.926;0;;36.685;0;1:02.145;0;1:46.096;0;103.5;2:41:39.197;14:42:15.084;0:36.685;1:02.145;1:46.096;254.1;Reshad DE GÉRUS;;LMP2;;Inter Europol Competition;Oreca;FCY;36.685;62.145;106.096;
34;2;72;4:02.043;0;;1:32.129;0;1:08.619;0;1:21.295;0;87.6;2:45:41.240;14:46:17.127;1:32.129;1:08.619;1:21.295;;Reshad DE GÉRUS;;LMP2;;Inter Europol Competition;Oreca;GF;92.129;68.619;81.295;
34;2;73;2:11.311;0;;37.904;0;35.517;0;57.890;0;161.5;2:47:52.551;14:48:28.438;0:37.904;0:35.517;0:57.890;266.0;Reshad DE GÉRUS;;LMP2;;Inter Europol Competition;Oreca;GF;37.904;35.517;57.890;
34;2;74;2:10.134;0;;37.905;0;35.403;0;56.826;0;163.0;2:50:02.685;14:50:38.572;0:37.905;0:35.403;0:56.826;264.1;Reshad DE GÉRUS;;LMP2;;Inter Europol Competition;Oreca;GF;37.905;35.403;56.826;
34;2;75;2:50.984;0;;38.147;0;36.193;0;1:36.644;0;124.0;2:52:53.669;14:53:29.556;0:38.147;0:36.193;1:36.644;246.6;Reshad DE GÉRUS;;LMP2;;Inter Europol Competition;Oreca;FCY;38.147;36.193;96.644;
34;2;76;4:27.446;0;;1:31.895;0;1:08.720;0;1:46.831;0;79.3;2:57:21.115;14:57:57.002;1:31.895;1:08.720;1:46.831;;Reshad DE GÉRUS;;LMP2;;Inter Europol Competition;Oreca;FCY;91.895;68.720;106.831;
34;2;77;3:37.157;0;;1:32.288;0;1:06.235;0;58.634;0;97.7;3:00:58.272;15:01:34.159;1:32.288;1:06.235;0:58.634;;Reshad DE GÉRUS;;LMP2;;Inter Europol Competition;Oreca;GF;92.288;66.235;58.634;
34;2;78;2:11.941;0;;39.515;0;35.378;0;57.048;0;160.7;3:03:10.213;15:03:46.100;0:39.515;0:35.378;0:57.048;265.4;Reshad DE GÉRUS;;LMP2;;Inter Europol Competition;Oreca;GF;39.515;35.378;57.048;
34;2;79;2:13.581;0;;37.736;0;36.755;0;59.090;0;158.8;3:05:23.794;15:05:59.681;0:37.736;0:36.755;0:59.090;265.4;Reshad DE GÉRUS;;LMP2;;Inter Europol Competition;Oreca;GF;37.736;36.755;59.090;
34;2;80;2:10.087;0;;39.193;0;34.955;0;55.939;0;163.0;3:07:33.881;15:08:09.768;0:39.193;0:34.955;0:55.939;266.0;Reshad DE GÉRUS;;LMP2;;Inter Europol Competition;Oreca;GF;39.193;34.955;55.939;
34;2;81;2:10.433;0;;37.234;0;35.760;0;57.439;0;162.6;3:09:44.314;15:10:20.201;0:37.234;0:35.760;0:57.439;267.3;Reshad DE GÉRUS;;LMP2;;Inter Europol Competition;Oreca;GF;37.234;35.760;57.439;
34;2;82;2:09.252;0;;37.954;0;34.794;0;56.504;0;164.1;3:11:53.566;15:12:29.453;0:37.954;0:34.794;0:56.504;265.4;Reshad DE GÉRUS;;LMP2;;Inter Europol Competition;Oreca;GF;37.954;34.794;56.504;
34;2;83;2:07.680;0;;37.610;0;34.046;0;56.024;0;166.1;3:14:01.246;15:14:37.133;0:37.610;0:34.046;0:56.024;269.3;Reshad DE GÉRUS;;LMP2;;Inter Europol Competition;Oreca;GF;37.610;34.046;56.024;
34;2;84;2:10.040;0;;37.234;0;34.361;0;58.445;0;163.1;3:16:11.286;15:16:47.173;0:37.234;0:34.361;0:58.445;269.3;Reshad DE GÉRUS;;LMP2;;Inter Europol Competition;Oreca;GF;37.234;34.361;58.445;
34;2;85;2:09.307;0;;37.759;0;34.737;0;56.811;0;164.0;3:18:20.593;15:18:56.480;0:37.759;0:34.737;0:56.811;269.3;Reshad DE GÉRUS;;LMP2;;Inter Europol Competition;Oreca;GF;37.759;34.737;56.811;
34;2;86;2:08.603;0;;37.119;0;34.431;0;57.053;0;164.9;3:20:29.196;15:21:05.083;0:37.119;0:34.431;0:57.053;268.7;Reshad DE GÉRUS;;LMP2;;Inter Europol Competition;Oreca;GF;37.119;34.431;57.053;
34;2;87;2:09.719;0;;37.350;0;33.984;0;58.385;0;163.5;3:22:38.915;15:23:14.802;0:37.350;0:33.984;0:58.385;269.3;Reshad DE GÉRUS;;LMP2;;Inter Europol Competition;Oreca;GF;37.350;33.984;58.385;
34;2;88;2:11.091;0;;38.296;0;35.615;0;57.180;0;161.8;3:24:50.006;15:25:25.893;0:38.296;0:35.615;0:57.180;270.7;Reshad DE GÉRUS;;LMP2;;Inter Europol Competition;Oreca;GF;38.296;35.615;57.180;
34;2;89;2:17.743;0;B;37.465;0;35.681;0;1:04.597;0;154.0;3:27:07.749;15:27:43.636;0:37.465;0:35.681;1:04.597;268.7;Reshad DE GÉRUS;;LMP2;;Inter Europol Competition;Oreca;GF;37.465;35.681;64.597;
34;2;90;3:24.390;0;;1:48.936;0;36.389;0;59.065;0;103.8;3:30:32.139;15:31:08.026;1:48.936;0:36.389;0:59.065;260.9;Reshad DE GÉRUS;0:01:11.254;LMP2;;Inter Europol Competition;Oreca;GF;108.936;36.389;59.065;
34;2;91;2:10.946;0;;39.019;0;35.302;0;56.625;0;162.0;3:32:43.085;15:33:18.972;0:39.019;0:35.302;0:56.625;262.8;Reshad DE GÉRUS;;LMP2;;Inter Europol Competition;Oreca;GF;39.019;35.302;56.625;
34;2;92;2:10.124;0;;38.291;0;34.767;0;57.066;0;163.0;3:34:53.209;15:35:29.096;0:38.291;0:34.767;0:57.066;267.3;Reshad DE GÉRUS;;LMP2;;Inter Europol Competition;Oreca;GF;38.291;34.767;57.066;
34;2;93;2:10.348;0;;37.318;0;35.141;0;57.889;0;162.7;3:37:03.557;15:37:39.444;0:37.318;0:35.141;0:57.889;269.3;Reshad DE GÉRUS;;LMP2;;Inter Europol Competition;Oreca;GF;37.318;35.141;57.889;
34;2;94;2:08.554;0;;37.463;0;34.739;0;56.352;0;165.0;3:39:12.111;15:39:47.998;0:37.463;0:34.739;0:56.352;269.3;Reshad DE GÉRUS;;LMP2;;Inter Europol Competition;Oreca;GF;37.463;34.739;56.352;
34;2;95;2:08.386;0;;37.181;0;34.611;0;56.594;0;165.2;3:41:20.497;15:41:56.384;0:37.181;0:34.611;0:56.594;269.3;Reshad DE GÉRUS;;LMP2;;Inter Europol Competition;Oreca;GF;37.181;34.611;56.594;
34;2;96;2:07.628;0;;37.047;0;34.702;0;55.879;0;166.2;3:43:28.125;15:44:04.012;0:37.047;0:34.702;0:55.879;270.0;Reshad DE GÉRUS;;LMP2;;Inter Europol Competition;Oreca;GF;37.047;34.702;55.879;
34;2;97;2:06.070;0;;36.645;0;33.791;0;55.634;0;168.2;3:45:34.195;15:46:10.082;0:36.645;0:33.791;0:55.634;270.0;Reshad DE GÉRUS;;LMP2;;Inter Europol Competition;Oreca;GF;36.645;33.791;55.634;
34;2;98;2:07.318;0;;36.702;0;33.857;0;56.759;0;166.6;3:47:41.513;15:48:17.400;0:36.702;0:33.857;0:56.759;270.7;Reshad DE GÉRUS;;LMP2;;Inter Europol Competition;Oreca;GF;36.702;33.857;56.759;
34;2;99;2:09.813;0;;39.543;0;34.626;0;55.644;0;163.4;3:49:51.326;15:50:27.213;0:39.543;0:34.626;0:55.644;268.7;Reshad DE GÉRUS;;LMP2;;Inter Europol Competition;Oreca;GF;39.543;34.626;55.644;
34;2;100;2:05.782;0;;36.661;0;33.587;0;55.534;0;168.6;3:51:57.108;15:52:32.995;0:36.661;0:33.587;0:55.534;270.7;Reshad DE GÉRUS;;LMP2;;Inter Europol Competition;Oreca;GF;36.661;33.587;55.534;
34;2;101;2:06.043;0;;36.515;0;33.798;0;55.730;0;168.3;3:54:03.151;15:54:39.038;0:36.515;0:33.798;0:55.730;271.4;Reshad DE GÉRUS;;LMP2;;Inter Europol Competition;Oreca;GF;36.515;33.798;55.730;
34;2;102;2:06.390;0;;36.422;1;33.337;0;56.631;0;167.8;3:56:09.541;15:56:45.428;0:36.422;0:33.337;0:56.631;271.4;Reshad DE GÉRUS;;LMP2;;Inter Europol Competition;Oreca;GF;36.422;33.337;56.631;
34;2;103;2:05.105;0;;37.064;0;33.273;0;54.768;1;169.5;3:58:14.646;15:58:50.533;0:37.064;0:33.273;0:54.768;270.0;Reshad DE GÉRUS;;LMP2;;Inter Europol Competition;Oreca;GF;37.064;33.273;54.768;
34;2;104;2:05.179;0;;36.676;0;33.130;1;55.373;0;169.4;4:00:19.825;16:00:55.712;0:36.676;0:33.130;0:55.373;270.7;Reshad DE GÉRUS;;LMP2;;Inter Europol Competition;Oreca;GF;36.676;33.130;55.373;
34;2;105;2:07.035;0;;37.555;0;34.322;0;55.158;0;166.9;4:02:26.860;16:03:02.747;0:37.555;0:34.322;0:55.158;266.7;Reshad DE GÉRUS;;LMP2;;Inter Europol Competition;Oreca;FF;37.555;34.322;55.158;
35;1;1;2:18.596;0;;48.255;0;34.205;0;56.136;0;149.3;2:18.596;12:02:54.483;0:48.255;0:34.205;0:56.136;243.2;Terrence WOODWARD;;LMP3;;Ultimate;Ligier;GF;48.255;34.205;56.136;
35;1;2;2:04.460;0;;37.489;0;32.973;0;53.998;0;170.4;4:23.056;12:04:58.943;0:37.489;0:32.973;0:53.998;247.7;Terrence WOODWARD;;LMP3;;Ultimate;Ligier;GF;37.489;32.973;53.998;
35;1;3;2:02.179;0;;36.573;0;32.817;0;52.789;0;173.6;6:25.235;12:07:01.122;0:36.573;0:32.817;0:52.789;247.1;Terrence WOODWARD;;LMP3;;Ultimate;Ligier;GF;36.573;32.817;52.789;
35;1;4;2:01.845;0;;36.543;0;31.821;0;53.481;0;174.1;8:27.080;12:09:02.967;0:36.543;0:31.821;0:53.481;244.3;Terrence WOODWARD;;LMP3;;Ultimate;Ligier;GF;36.543;31.821;53.481;
35;1;5;1:59.439;0;;35.753;0;31.562;0;52.124;0;177.6;10:26.519;12:11:02.406;0:35.753;0:31.562;0:52.124;245.5;Terrence WOODWARD;;LMP3;;Ultimate;Ligier;GF;35.753;31.562;52.124;
35;1;6;1:59.618;0;;35.840;0;31.571;0;52.207;0;177.3;12:26.137;12:13:02.024;0:35.840;0:31.571;0:52.207;244.3;Terrence WOODWARD;;LMP3;;Ultimate;Ligier;GF;35.840;31.571;52.207;
35;1;7;1:59.457;0;;35.870;0;31.486;0;52.101;0;177.5;14:25.594;12:15:01.481;0:35.870;0:31.486;0:52.101;245.5;Terrence WOODWARD;;LMP3;;Ultimate;Ligier;GF;35.870;31.486;52.101;
35;1;8;2:00.050;0;;35.786;0;31.379;0;52.885;0;176.7;16:25.644;12:17:01.531;0:35.786;0:31.379;0:52.885;246.0;Terrence WOODWARD;;LMP3;;Ultimate;Ligier;GF;35.786;31.379;52.885;
35;1;9;1:59.930;0;;35.958;0;31.207;0;52.765;0;176.8;18:25.574;12:19:01.461;0:35.958;0:31.207;0:52.765;247.1;Terrence WOODWARD;;LMP3;;Ultimate;Ligier;GF;35.958;31.207;52.765;
35;1;10;2:01.250;0;;36.054;0;31.465;0;53.731;0;174.9;20:26.824;12:21:02.711;0:36.054;0:31.465;0:53.731;246.0;Terrence WOODWARD;;LMP3;;Ultimate;Ligier;GF;36.054;31.465;53.731;
35;1;11;2:00.186;0;;36.002;0;31.692;0;52.492;0;176.5;22:27.010;12:23:02.897;0:36.002;0:31.692;0:52.492;245.5;Terrence WOODWARD;;LMP3;;Ultimate;Ligier;GF;36.002;31.692;52.492;
35;1;12;1:59.765;0;;36.191;0;31.225;0;52.349;0;177.1;24:26.775;12:25:02.662;0:36.191;0:31.225;0:52.349;246.0;Terrence WOODWARD;;LMP3;;Ultimate;Ligier;GF;36.191;31.225;52.349;
35;1;13;2:00.166;0;;36.037;0;31.258;0;52.871;0;176.5;26:26.941;12:27:02.828;0:36.037;0:31.258;0:52.871;247.1;Terrence WOODWARD;;LMP3;;Ultimate;Ligier;GF;36.037;31.258;52.871;
35;1;14;2:00.399;0;;36.658;0;31.281;0;52.460;0;176.1;28:27.340;12:29:03.227;0:36.658;0:31.281;0:52.460;246.0;Terrence WOODWARD;;LMP3;;Ultimate;Ligier;GF;36.658;31.281;52.460;
35;1;15;2:00.062;0;;36.620;0;31.328;0;52.114;0;176.6;30:27.402;12:31:03.289;0:36.620;0:31.328;0:52.114;244.3;Terrence WOODWARD;;LMP3;;Ultimate;Ligier;GF;36.620;31.328;52.114;
35;1;16;1:59.790;0;;35.973;0;31.465;0;52.352;0;177.0;32:27.192;12:33:03.079;0:35.973;0:31.465;0:52.352;247.1;Terrence WOODWARD;;LMP3;;Ultimate;Ligier;GF;35.973;31.465;52.352;
35;1;17;2:09.714;0;;36.132;0;31.576;0;1:02.006;0;163.5;34:36.906;12:35:12.793;0:36.132;0:31.576;1:02.006;248.3;Terrence WOODWARD;;LMP3;;Ultimate;Ligier;GF;36.132;31.576;62.006;
35;1;18;2:00.181;0;;36.135;0;31.172;0;52.874;0;176.5;36:37.087;12:37:12.974;0:36.135;0:31.172;0:52.874;244.9;Terrence WOODWARD;;LMP3;;Ultimate;Ligier;GF;36.135;31.172;52.874;
35;1;19;1:59.506;0;;35.914;0;31.139;0;52.453;0;177.5;38:36.593;12:39:12.480;0:35.914;0:31.139;0:52.453;246.0;Terrence WOODWARD;;LMP3;;Ultimate;Ligier;GF;35.914;31.139;52.453;
35;1;20;1:58.815;2;;35.727;0;31.055;2;52.033;2;178.5;40:35.408;12:41:11.295;0:35.727;0:31.055;0:52.033;245.5;Terrence WOODWARD;;LMP3;;Ultimate;Ligier;GF;35.727;31.055;52.033;
35;1;21;1:59.467;0;;35.639;0;31.478;0;52.350;0;177.5;42:34.875;12:43:10.762;0:35.639;0:31.478;0:52.350;244.9;Terrence WOODWARD;;LMP3;;Ultimate;Ligier;GF;35.639;31.478;52.350;
35;1;22;1:59.124;0;;35.725;0;31.072;0;52.327;0;178.0;44:33.999;12:45:09.886;0:35.725;0:31.072;0:52.327;247.1;Terrence WOODWARD;;LMP3;;Ultimate;Ligier;GF;35.725;31.072;52.327;
35;1;23;2:01.321;0;;36.059;0;31.435;0;53.827;0;174.8;46:35.320;12:47:11.207;0:36.059;0:31.435;0:53.827;246.0;Terrence WOODWARD;;LMP3;;Ultimate;Ligier;GF;36.059;31.435;53.827;
35;1;24;2:00.989;0;;35.603;2;31.947;0;53.439;0;175.3;48:36.309;12:49:12.196;0:35.603;0:31.947;0:53.439;247.1;Terrence WOODWARD;;LMP3;;Ultimate;Ligier;GF;35.603;31.947;53.439;
35;1;25;2:01.021;0;;36.913;0;31.630;0;52.478;0;175.2;50:37.330;12:51:13.217;0:36.913;0:31.630;0:52.478;246.6;Terrence WOODWARD;;LMP3;;Ultimate;Ligier;GF;36.913;31.630;52.478;
35;1;26;2:00.114;0;;36.551;0;31.135;0;52.428;0;176.6;52:37.444;12:53:13.331;0:36.551;0:31.135;0:52.428;246.0;Terrence WOODWARD;;LMP3;;Ultimate;Ligier;GF;36.551;31.135;52.428;
35;1;27;2:01.123;0;;36.840;0;31.746;0;52.537;0;175.1;54:38.567;12:55:14.454;0:36.840;0:31.746;0:52.537;247.1;Terrence WOODWARD;;LMP3;;Ultimate;Ligier;GF;36.840;31.746;52.537;
35;1;28;2:00.311;0;;36.068;0;31.640;0;52.603;0;176.3;56:38.878;12:57:14.765;0:36.068;0:31.640;0:52.603;247.1;Terrence WOODWARD;;LMP3;;Ultimate;Ligier;GF;36.068;31.640;52.603;
35;1;29;2:04.591;0;B;36.117;0;31.401;0;57.073;0;170.2;58:43.469;12:59:19.356;0:36.117;0:31.401;0:57.073;247.1;Terrence WOODWARD;;LMP3;;Ultimate;Ligier;GF;36.117;31.401;57.073;
35;1;30;2:56.699;0;;1:25.798;0;31.812;0;59.089;0;120.0;1:01:40.168;13:02:16.055;1:25.798;0:31.812;0:59.089;243.8;Terrence WOODWARD;0:00:51.918;LMP3;;Ultimate;Ligier;GF;85.798;31.812;59.089;
35;1;31;2:01.171;0;;36.969;0;31.304;0;52.898;0;175.0;1:03:41.339;13:04:17.226;0:36.969;0:31.304;0:52.898;244.9;Terrence WOODWARD;;LMP3;;Ultimate;Ligier;GF;36.969;31.304;52.898;
35;1;32;2:01.663;0;;37.165;0;31.877;0;52.621;0;174.3;1:05:43.002;13:06:18.889;0:37.165;0:31.877;0:52.621;244.9;Terrence WOODWARD;;LMP3;;Ultimate;Ligier;GF;37.165;31.877;52.621;
35;1;33;2:00.956;0;;36.270;0;31.471;0;53.215;0;175.3;1:07:43.958;13:08:19.845;0:36.270;0:31.471;0:53.215;245.5;Terrence WOODWARD;;LMP3;;Ultimate;Ligier;GF;36.270;31.471;53.215;
35;1;34;2:00.666;0;;36.591;0;31.661;0;52.414;0;175.8;1:09:44.624;13:10:20.511;0:36.591;0:31.661;0:52.414;246.0;Terrence WOODWARD;;LMP3;;Ultimate;Ligier;GF;36.591;31.661;52.414;
35;1;35;2:00.761;0;;36.280;0;31.726;0;52.755;0;175.6;1:11:45.385;13:12:21.272;0:36.280;0:31.726;0:52.755;244.9;Terrence WOODWARD;;LMP3;;Ultimate;Ligier;GF;36.280;31.726;52.755;
35;1;36;2:02.308;0;;36.361;0;31.343;0;54.604;0;173.4;1:13:47.693;13:14:23.580;0:36.361;0:31.343;0:54.604;246.6;Terrence WOODWARD;;LMP3;;Ultimate;Ligier;GF;36.361;31.343;54.604;
35;1;37;2:05.129;0;;39.005;0;32.450;0;53.674;0;169.5;1:15:52.822;13:16:28.709;0:39.005;0:32.450;0:53.674;243.2;Terrence WOODWARD;;LMP3;;Ultimate;Ligier;GF;39.005;32.450;53.674;
35;1;38;2:06.677;0;;38.463;0;34.218;0;53.996;0;167.4;1:17:59.499;13:18:35.386;0:38.463;0:34.218;0:53.996;248.3;Terrence WOODWARD;;LMP3;;Ultimate;Ligier;GF;38.463;34.218;53.996;
35;1;39;3:02.444;0;;36.733;0;48.708;0;1:37.003;0;116.2;1:21:01.943;13:21:37.830;0:36.733;0:48.708;1:37.003;246.0;Terrence WOODWARD;;LMP3;;Ultimate;Ligier;GF;36.733;48.708;97.003;
35;1;40;2:13.747;0;B;39.080;0;32.180;0;1:02.487;0;158.6;1:23:15.690;13:23:51.577;0:39.080;0:32.180;1:02.487;244.9;Terrence WOODWARD;;LMP3;;Ultimate;Ligier;GF;39.080;32.180;62.487;
35;1;41;5:49.930;0;B;2:55.762;0;1:07.391;0;1:46.777;0;60.6;1:29:05.620;13:29:41.507;2:55.762;1:07.391;1:46.777;;Terrence WOODWARD;0:01:40.595;LMP3;;Ultimate;Ligier;GF;175.762;67.391;106.777;
35;1;42;5:35.289;0;;2:55.079;0;1:07.484;0;1:32.726;0;63.3;1:34:40.909;13:35:16.796;2:55.079;1:07.484;1:32.726;;Terrence WOODWARD;0:01:40.491;LMP3;;Ultimate;Ligier;SF;175.079;67.484;92.726;
35;1;43;2:28.799;0;;41.676;0;42.000;0;1:05.123;0;142.5;1:37:09.708;13:37:45.595;0:41.676;0:42.000;1:05.123;198.5;Terrence WOODWARD;;LMP3;;Ultimate;Ligier;SF;41.676;42.000;65.123;
35;1;44;3:02.680;0;;41.653;0;45.521;0;1:35.506;0;116.1;1:40:12.388;13:40:48.275;0:41.653;0:45.521;1:35.506;222.2;Terrence WOODWARD;;LMP3;;Ultimate;Ligier;SF;41.653;45.521;95.506;
35;1;45;4:16.878;0;;1:28.263;0;59.826;0;1:48.789;0;82.6;1:44:29.266;13:45:05.153;1:28.263;0:59.826;1:48.789;121.3;Terrence WOODWARD;;LMP3;;Ultimate;Ligier;SF;88.263;59.826;108.789;
35;1;46;4:07.088;0;;1:30.872;0;59.485;0;1:36.731;0;85.8;1:48:36.354;13:49:12.241;1:30.872;0:59.485;1:36.731;;Terrence WOODWARD;;LMP3;;Ultimate;Ligier;SF;90.872;59.485;96.731;
35;1;47;3:37.922;0;;1:20.683;0;51.477;0;1:25.762;0;97.3;1:52:14.276;13:52:50.163;1:20.683;0:51.477;1:25.762;;Terrence WOODWARD;;LMP3;;Ultimate;Ligier;SF;80.683;51.477;85.762;
35;1;48;2:55.693;0;B;52.438;0;44.598;0;1:18.657;0;120.7;1:55:09.969;13:55:45.856;0:52.438;0:44.598;1:18.657;161.2;Terrence WOODWARD;;LMP3;;Ultimate;Ligier;SF;52.438;44.598;78.657;
35;2;49;3:21.282;0;;1:38.342;0;39.279;0;1:03.661;0;105.4;1:58:31.251;13:59:07.138;1:38.342;0:39.279;1:03.661;218.6;Lucas FECURY;0:00:57.138;LMP3;;Ultimate;Ligier;SF;98.342;39.279;63.661;
35;2;50;2:26.148;0;;42.698;0;38.543;0;1:04.907;0;145.1;2:00:57.399;14:01:33.286;0:42.698;0:38.543;1:04.907;222.7;Lucas FECURY;;LMP3;;Ultimate;Ligier;SF;42.698;38.543;64.907;
35;2;51;2:49.150;0;;49.870;0;45.114;0;1:14.166;0;125.4;2:03:46.549;14:04:22.436;0:49.870;0:45.114;1:14.166;121.8;Lucas FECURY;;LMP3;;Ultimate;Ligier;SF;49.870;45.114;74.166;
35;2;52;3:02.606;0;;56.671;0;49.188;0;1:16.747;0;116.1;2:06:49.155;14:07:25.042;0:56.671;0:49.188;1:16.747;128.6;Lucas FECURY;;LMP3;;Ultimate;Ligier;SF;56.671;49.188;76.747;
35;2;53;3:02.005;0;;51.154;0;45.671;0;1:25.180;0;116.5;2:09:51.160;14:10:27.047;0:51.154;0:45.671;1:25.180;166.4;Lucas FECURY;;LMP3;;Ultimate;Ligier;GF;51.154;45.671;85.180;
35;2;54;2:20.661;0;;40.742;0;38.858;0;1:01.061;0;150.8;2:12:11.821;14:12:47.708;0:40.742;0:38.858;1:01.061;245.5;Lucas FECURY;;LMP3;;Ultimate;Ligier;GF;40.742;38.858;61.061;
35;2;55;2:18.404;0;;40.380;0;37.979;0;1:00.045;0;153.2;2:14:30.225;14:15:06.112;0:40.380;0:37.979;1:00.045;238.4;Lucas FECURY;;LMP3;;Ultimate;Ligier;GF;40.380;37.979;60.045;
35;2;56;2:18.889;0;;40.584;0;37.750;0;1:00.555;0;152.7;2:16:49.114;14:17:25.001;0:40.584;0:37.750;1:00.555;240.0;Lucas FECURY;;LMP3;;Ultimate;Ligier;GF;40.584;37.750;60.555;
35;2;57;2:19.900;0;;40.786;0;38.050;0;1:01.064;0;151.6;2:19:09.014;14:19:44.901;0:40.786;0:38.050;1:01.064;236.8;Lucas FECURY;;LMP3;;Ultimate;Ligier;GF;40.786;38.050;61.064;
35;2;58;2:16.547;0;;40.371;0;36.452;1;59.724;1;155.3;2:21:25.561;14:22:01.448;0:40.371;0:36.452;0:59.724;240.5;Lucas FECURY;;LMP3;;Ultimate;Ligier;GF;40.371;36.452;59.724;
35;2;59;2:17.407;0;;39.926;0;36.918;0;1:00.563;0;154.3;2:23:42.968;14:24:18.855;0:39.926;0:36.918;1:00.563;241.1;Lucas FECURY;;LMP3;;Ultimate;Ligier;GF;39.926;36.918;60.563;
35;2;60;2:18.783;0;;39.655;1;37.245;0;1:01.883;0;152.8;2:26:01.751;14:26:37.638;0:39.655;0:37.245;1:01.883;239.5;Lucas FECURY;;LMP3;;Ultimate;Ligier;GF;39.655;37.245;61.883;
35;2;61;2:18.587;0;;40.741;0;37.416;0;1:00.430;0;153.0;2:28:20.338;14:28:56.225;0:40.741;0:37.416;1:00.430;242.7;Lucas FECURY;;LMP3;;Ultimate;Ligier;GF;40.741;37.416;60.430;
35;2;62;2:18.160;0;;40.874;0;36.737;0;1:00.549;0;153.5;2:30:38.498;14:31:14.385;0:40.874;0:36.737;1:00.549;242.7;Lucas FECURY;;LMP3;;Ultimate;Ligier;GF;40.874;36.737;60.549;
35;2;63;2:20.362;0;;41.034;0;37.772;0;1:01.556;0;151.1;2:32:58.860;14:33:34.747;0:41.034;0:37.772;1:01.556;240.5;Lucas FECURY;;LMP3;;Ultimate;Ligier;GF;41.034;37.772;61.556;
35;2;64;2:21.841;0;;42.643;0;37.442;0;1:01.756;0;149.5;2:35:20.701;14:35:56.588;0:42.643;0:37.442;1:01.756;242.2;Lucas FECURY;;LMP3;;Ultimate;Ligier;GF;42.643;37.442;61.756;
35;2;65;2:19.656;0;;41.363;0;37.725;0;1:00.568;0;151.9;2:37:40.357;14:38:16.244;0:41.363;0:37.725;1:00.568;231.8;Lucas FECURY;;LMP3;;Ultimate;Ligier;GF;41.363;37.725;60.568;
35;2;66;3:10.309;0;;40.746;0;45.999;0;1:43.564;0;111.4;2:40:50.666;14:41:26.553;0:40.746;0:45.999;1:43.564;241.1;Lucas FECURY;;LMP3;;Ultimate;Ligier;FCY;40.746;45.999;103.564;
35;2;67;4:22.143;0;;1:30.258;0;1:07.004;0;1:44.881;0;80.9;2:45:12.809;14:45:48.696;1:30.258;1:07.004;1:44.881;;Lucas FECURY;;LMP3;;Ultimate;Ligier;GF;90.258;67.004;104.881;
35;2;68;2:21.292;0;;42.886;0;37.482;0;1:00.924;0;150.1;2:47:34.101;14:48:09.988;0:42.886;0:37.482;1:00.924;235.3;Lucas FECURY;;LMP3;;Ultimate;Ligier;GF;42.886;37.482;60.924;
35;2;69;2:22.639;0;B;41.144;0;37.167;0;1:04.328;0;148.7;2:49:56.740;14:50:32.627;0:41.144;0:37.167;1:04.328;238.4;Lucas FECURY;;LMP3;;Ultimate;Ligier;GF;41.144;37.167;64.328;
35;3;70;5:29.306;0;;2:36.291;0;1:08.116;0;1:44.899;0;64.4;2:55:26.046;14:56:01.933;2:36.291;1:08.116;1:44.899;;Sebastian GRAVLUND;0:01:22.401;LMP3;;Ultimate;Ligier;FCY;156.291;68.116;104.899;
35;3;71;4:26.836;0;;1:31.655;0;1:08.550;0;1:46.631;0;79.5;2:59:52.882;15:00:28.769;1:31.655;1:08.550;1:46.631;;Sebastian GRAVLUND;;LMP3;;Ultimate;Ligier;FCY;91.655;68.550;106.631;
35;3;72;2:27.286;0;;46.641;0;38.909;0;1:01.736;0;144.0;3:02:20.168;15:02:56.055;0:46.641;0:38.909;1:01.736;235.3;Sebastian GRAVLUND;;LMP3;;Ultimate;Ligier;GF;46.641;38.909;61.736;
35;3;73;2:19.457;0;;42.037;0;37.040;0;1:00.380;0;152.1;3:04:39.625;15:05:15.512;0:42.037;0:37.040;1:00.380;236.8;Sebastian GRAVLUND;;LMP3;;Ultimate;Ligier;GF;42.037;37.040;60.380;
35;3;74;2:16.935;0;;40.588;0;36.804;0;59.543;0;154.9;3:06:56.560;15:07:32.447;0:40.588;0:36.804;0:59.543;236.8;Sebastian GRAVLUND;;LMP3;;Ultimate;Ligier;GF;40.588;36.804;59.543;
35;3;75;2:16.317;0;;40.575;0;36.406;0;59.336;0;155.6;3:09:12.877;15:09:48.764;0:40.575;0:36.406;0:59.336;240.0;Sebastian GRAVLUND;;LMP3;;Ultimate;Ligier;GF;40.575;36.406;59.336;
35;3;76;2:15.288;0;;40.527;0;35.822;0;58.939;0;156.8;3:11:28.165;15:12:04.052;0:40.527;0:35.822;0:58.939;238.9;Sebastian GRAVLUND;;LMP3;;Ultimate;Ligier;GF;40.527;35.822;58.939;
35;3;77;2:15.579;0;;40.231;0;36.095;0;59.253;0;156.4;3:13:43.744;15:14:19.631;0:40.231;0:36.095;0:59.253;238.4;Sebastian GRAVLUND;;LMP3;;Ultimate;Ligier;GF;40.231;36.095;59.253;
35;3;78;2:15.608;0;;40.317;0;36.047;0;59.244;0;156.4;3:15:59.352;15:16:35.239;0:40.317;0:36.047;0:59.244;238.4;Sebastian GRAVLUND;;LMP3;;Ultimate;Ligier;GF;40.317;36.047;59.244;
35;3;79;2:15.480;0;;39.961;0;36.156;0;59.363;0;156.5;3:18:14.832;15:18:50.719;0:39.961;0:36.156;0:59.363;240.0;Sebastian GRAVLUND;;LMP3;;Ultimate;Ligier;GF;39.961;36.156;59.363;
35;3;80;2:16.849;0;;40.777;0;36.024;0;1:00.048;0;155.0;3:20:31.681;15:21:07.568;0:40.777;0:36.024;1:00.048;240.5;Sebastian GRAVLUND;;LMP3;;Ultimate;Ligier;GF;40.777;36.024;60.048;
35;3;81;2:16.739;0;;40.545;0;36.671;0;59.523;0;155.1;3:22:48.420;15:23:24.307;0:40.545;0:36.671;0:59.523;240.5;Sebastian GRAVLUND;;LMP3;;Ultimate;Ligier;GF;40.545;36.671;59.523;
35;3;82;2:17.107;0;;40.574;0;36.614;0;59.919;0;154.7;3:25:05.527;15:25:41.414;0:40.574;0:36.614;0:59.919;240.0;Sebastian GRAVLUND;;LMP3;;Ultimate;Ligier;GF;40.574;36.614;59.919;
35;3;83;2:15.446;0;;40.331;0;36.230;0;58.885;0;156.6;3:27:20.973;15:27:56.860;0:40.331;0:36.230;0:58.885;241.1;Sebastian GRAVLUND;;LMP3;;Ultimate;Ligier;GF;40.331;36.230;58.885;
35;3;84;2:17.486;0;;41.109;0;36.287;0;1:00.090;0;154.3;3:29:38.459;15:30:14.346;0:41.109;0:36.287;1:00.090;238.4;Sebastian GRAVLUND;;LMP3;;Ultimate;Ligier;GF;41.109;36.287;60.090;
35;3;85;2:16.228;0;;40.563;0;36.015;0;59.650;0;155.7;3:31:54.687;15:32:30.574;0:40.563;0:36.015;0:59.650;242.7;Sebastian GRAVLUND;;LMP3;;Ultimate;Ligier;GF;40.563;36.015;59.650;
35;3;86;2:17.926;0;;41.051;0;37.669;0;59.206;0;153.8;3:34:12.613;15:34:48.500;0:41.051;0:37.669;0:59.206;244.3;Sebastian GRAVLUND;;LMP3;;Ultimate;Ligier;GF;41.051;37.669;59.206;
35;3;87;2:14.714;0;;40.016;0;35.861;0;58.837;0;157.4;3:36:27.327;15:37:03.214;0:40.016;0:35.861;0:58.837;241.6;Sebastian GRAVLUND;;LMP3;;Ultimate;Ligier;GF;40.016;35.861;58.837;
35;3;88;2:13.605;0;;39.735;0;35.629;0;58.241;1;158.7;3:38:40.932;15:39:16.819;0:39.735;0:35.629;0:58.241;241.1;Sebastian GRAVLUND;;LMP3;;Ultimate;Ligier;GF;39.735;35.629;58.241;
35;3;89;2:13.676;0;;39.755;0;35.327;1;58.594;0;158.6;3:40:54.608;15:41:30.495;0:39.755;0:35.327;0:58.594;241.1;Sebastian GRAVLUND;;LMP3;;Ultimate;Ligier;GF;39.755;35.327;58.594;
35;3;90;2:15.105;0;;40.022;0;35.893;0;59.190;0;157.0;3:43:09.713;15:43:45.600;0:40.022;0:35.893;0:59.190;242.7;Sebastian GRAVLUND;;LMP3;;Ultimate;Ligier;GF;40.022;35.893;59.190;
35;3;91;2:15.092;0;;40.340;0;35.914;0;58.838;0;157.0;3:45:24.805;15:46:00.692;0:40.340;0:35.914;0:58.838;240.5;Sebastian GRAVLUND;;LMP3;;Ultimate;Ligier;GF;40.340;35.914;58.838;
35;3;92;2:16.522;0;;40.133;0;36.488;0;59.901;0;155.3;3:47:41.327;15:48:17.214;0:40.133;0:36.488;0:59.901;241.6;Sebastian GRAVLUND;;LMP3;;Ultimate;Ligier;GF;40.133;36.488;59.901;
35;3;93;2:17.578;0;;41.988;0;36.330;0;59.260;0;154.1;3:49:58.905;15:50:34.792;0:41.988;0:36.330;0:59.260;243.8;Sebastian GRAVLUND;;LMP3;;Ultimate;Ligier;GF;41.988;36.330;59.260;
35;3;94;2:16.525;0;;40.737;0;36.341;0;59.447;0;155.3;3:52:15.430;15:52:51.317;0:40.737;0:36.341;0:59.447;243.2;Sebastian GRAVLUND;;LMP3;;Ultimate;Ligier;GF;40.737;36.341;59.447;
35;3;95;2:15.507;0;;40.081;0;36.213;0;59.213;0;156.5;3:54:30.937;15:55:06.824;0:40.081;0:36.213;0:59.213;241.6;Sebastian GRAVLUND;;LMP3;;Ultimate;Ligier;GF;40.081;36.213;59.213;
35;3;96;2:15.426;0;;39.747;0;36.017;0;59.662;0;156.6;3:56:46.363;15:57:22.250;0:39.747;0:36.017;0:59.662;242.7;Sebastian GRAVLUND;;LMP3;;Ultimate;Ligier;GF;39.747;36.017;59.662;
35;3;97;2:15.022;0;;39.653;1;35.800;0;59.569;0;157.1;3:59:01.385;15:59:37.272;0:39.653;0:35.800;0:59.569;242.2;Sebastian GRAVLUND;;LMP3;;Ultimate;Ligier;GF;39.653;35.800;59.569;
35;3;98;2:16.575;0;;40.102;0;35.866;0;1:00.607;0;155.3;4:01:17.960;16:01:53.847;0:40.102;0:35.866;1:00.607;242.7;Sebastian GRAVLUND;;LMP3;;Ultimate;Ligier;FF;40.102;35.866;60.607;
37;2;1;1:51.939;0;;34.447;0;29.302;0;48.190;0;184.9;1:51.939;12:02:27.826;0:34.447;0:29.302;0:48.190;270.0;Theodor JENSEN;;LMP2;;CLX Motorsport;Oreca;GF;34.447;29.302;48.190;
37;2;2;1:47.529;0;;31.834;0;28.377;0;47.318;0;197.2;3:39.468;12:04:15.355;0:31.834;0:28.377;0:47.318;270.7;Theodor JENSEN;;LMP2;;CLX Motorsport;Oreca;GF;31.834;28.377;47.318;
37;2;3;1:46.680;0;;31.238;0;28.363;0;47.079;0;198.8;5:26.148;12:06:02.035;0:31.238;0:28.363;0:47.079;272.7;Theodor JENSEN;;LMP2;;CLX Motorsport;Oreca;GF;31.238;28.363;47.079;
37;2;4;1:46.442;0;;31.163;0;28.161;0;47.118;0;199.2;7:12.590;12:07:48.477;0:31.163;0:28.161;0:47.118;272.0;Theodor JENSEN;;LMP2;;CLX Motorsport;Oreca;GF;31.163;28.161;47.118;
37;2;5;1:46.577;0;;31.138;0;28.318;0;47.121;0;199.0;8:59.167;12:09:35.054;0:31.138;0:28.318;0:47.121;273.4;Theodor JENSEN;;LMP2;;CLX Motorsport;Oreca;GF;31.138;28.318;47.121;
37;2;6;1:46.650;0;;31.166;0;28.035;0;47.449;0;198.9;10:45.817;12:11:21.704;0:31.166;0:28.035;0:47.449;272.7;Theodor JENSEN;;LMP2;;CLX Motorsport;Oreca;GF;31.166;28.035;47.449;
37;2;7;1:51.298;0;;32.157;0;28.863;0;50.278;0;190.5;12:37.115;12:13:13.002;0:32.157;0:28.863;0:50.278;271.4;Theodor JENSEN;;LMP2;;CLX Motorsport;Oreca;GF;32.157;28.863;50.278;
37;2;8;1:48.386;0;;32.187;0;28.409;0;47.790;0;195.7;14:25.501;12:15:01.388;0:32.187;0:28.409;0:47.790;272.0;Theodor JENSEN;;LMP2;;CLX Motorsport;Oreca;GF;32.187;28.409;47.790;
37;2;9;1:48.905;0;;32.009;0;28.818;0;48.078;0;194.7;16:14.406;12:16:50.293;0:32.009;0:28.818;0:48.078;272.7;Theodor JENSEN;;LMP2;;CLX Motorsport;Oreca;GF;32.009;28.818;48.078;
37;2;10;1:47.291;0;;31.706;0;28.112;0;47.473;0;197.7;18:01.697;12:18:37.584;0:31.706;0:28.112;0:47.473;272.0;Theodor JENSEN;;LMP2;;CLX Motorsport;Oreca;GF;31.706;28.112;47.473;
37;2;11;1:47.977;0;;31.875;0;28.209;0;47.893;0;196.4;19:49.674;12:20:25.561;0:31.875;0:28.209;0:47.893;270.7;Theodor JENSEN;;LMP2;;CLX Motorsport;Oreca;GF;31.875;28.209;47.893;
37;2;12;1:47.487;0;;31.799;0;28.174;0;47.514;0;197.3;21:37.161;12:22:13.048;0:31.799;0:28.174;0:47.514;270.0;Theodor JENSEN;;LMP2;;CLX Motorsport;Oreca;GF;31.799;28.174;47.514;
37;2;13;1:46.559;0;;31.252;0;28.038;0;47.269;0;199.0;23:23.720;12:23:59.607;0:31.252;0:28.038;0:47.269;272.7;Theodor JENSEN;;LMP2;;CLX Motorsport;Oreca;GF;31.252;28.038;47.269;
37;2;14;1:49.733;0;;31.761;0;28.762;0;49.210;0;193.3;25:13.453;12:25:49.340;0:31.761;0:28.762;0:49.210;272.7;Theodor JENSEN;;LMP2;;CLX Motorsport;Oreca;GF;31.761;28.762;49.210;
37;2;15;1:48.009;0;;31.179;0;29.149;0;47.681;0;196.4;27:01.462;12:27:37.349;0:31.179;0:29.149;0:47.681;273.4;Theodor JENSEN;;LMP2;;CLX Motorsport;Oreca;GF;31.179;29.149;47.681;
37;2;16;1:46.697;0;;31.066;0;28.147;0;47.484;0;198.8;28:48.159;12:29:24.046;0:31.066;0:28.147;0:47.484;274.8;Theodor JENSEN;;LMP2;;CLX Motorsport;Oreca;GF;31.066;28.147;47.484;
37;2;17;1:45.480;3;;30.781;3;27.846;3;46.853;3;201.1;30:33.639;12:31:09.526;0:30.781;0:27.846;0:46.853;273.4;Theodor JENSEN;;LMP2;;CLX Motorsport;Oreca;GF;30.781;27.846;46.853;
37;2;18;1:48.132;0;;31.383;0;29.197;0;47.552;0;196.1;32:21.771;12:32:57.658;0:31.383;0:29.197;0:47.552;273.4;Theodor JENSEN;;LMP2;;CLX Motorsport;Oreca;GF;31.383;29.197;47.552;
37;2;19;1:47.165;0;;30.955;0;28.291;0;47.919;0;197.9;34:08.936;12:34:44.823;0:30.955;0:28.291;0:47.919;274.1;Theodor JENSEN;;LMP2;;CLX Motorsport;Oreca;GF;30.955;28.291;47.919;
37;2;20;1:48.330;0;;32.309;0;28.084;0;47.937;0;195.8;35:57.266;12:36:33.153;0:32.309;0:28.084;0:47.937;272.7;Theodor JENSEN;;LMP2;;CLX Motorsport;Oreca;GF;32.309;28.084;47.937;
37;2;21;1:51.614;0;B;32.186;0;28.015;0;51.413;0;190.0;37:48.880;12:38:24.767;0:32.186;0:28.015;0:51.413;271.4;Theodor JENSEN;;LMP2;;CLX Motorsport;Oreca;GF;32.186;28.015;51.413;
37;2;22;2:51.809;0;;1:35.198;0;28.731;0;47.880;0;123.4;40:40.689;12:41:16.576;1:35.198;0:28.731;0:47.880;270.0;Theodor JENSEN;0:01:06.023;LMP2;;CLX Motorsport;Oreca;GF;95.198;28.731;47.880;
37;2;23;1:47.952;0;;31.511;0;28.550;0;47.891;0;196.5;42:28.641;12:43:04.528;0:31.511;0:28.550;0:47.891;272.7;Theodor JENSEN;;LMP2;;CLX Motorsport;Oreca;GF;31.511;28.550;47.891;
37;2;24;1:49.201;0;;31.362;0;28.871;0;48.968;0;194.2;44:17.842;12:44:53.729;0:31.362;0:28.871;0:48.968;273.4;Theodor JENSEN;;LMP2;;CLX Motorsport;Oreca;GF;31.362;28.871;48.968;
37;2;25;1:50.786;0;;32.390;0;29.768;0;48.628;0;191.4;46:08.628;12:46:44.515;0:32.390;0:29.768;0:48.628;274.1;Theodor JENSEN;;LMP2;;CLX Motorsport;Oreca;GF;32.390;29.768;48.628;
37;2;26;1:50.318;0;;32.199;0;29.074;0;49.045;0;192.2;47:58.946;12:48:34.833;0:32.199;0:29.074;0:49.045;272.7;Theodor JENSEN;;LMP2;;CLX Motorsport;Oreca;GF;32.199;29.074;49.045;
37;2;27;1:49.350;0;;31.592;0;29.195;0;48.563;0;193.9;49:48.296;12:50:24.183;0:31.592;0:29.195;0:48.563;272.7;Theodor JENSEN;;LMP2;;CLX Motorsport;Oreca;GF;31.592;29.195;48.563;
37;2;28;1:49.273;0;;31.672;0;29.057;0;48.544;0;194.1;51:37.569;12:52:13.456;0:31.672;0:29.057;0:48.544;271.4;Theodor JENSEN;;LMP2;;CLX Motorsport;Oreca;GF;31.672;29.057;48.544;
37;2;29;1:48.116;0;;31.377;0;28.087;0;48.652;0;196.2;53:25.685;12:54:01.572;0:31.377;0:28.087;0:48.652;272.7;Theodor JENSEN;;LMP2;;CLX Motorsport;Oreca;GF;31.377;28.087;48.652;
37;2;30;1:48.284;0;;31.741;0;28.485;0;48.058;0;195.9;55:13.969;12:55:49.856;0:31.741;0:28.485;0:48.058;272.7;Theodor JENSEN;;LMP2;;CLX Motorsport;Oreca;GF;31.741;28.485;48.058;
37;2;31;1:48.241;0;;31.614;0;28.361;0;48.266;0;195.9;57:02.210;12:57:38.097;0:31.614;0:28.361;0:48.266;275.5;Theodor JENSEN;;LMP2;;CLX Motorsport;Oreca;GF;31.614;28.361;48.266;
37;2;32;1:47.392;0;;31.345;0;28.210;0;47.837;0;197.5;58:49.602;12:59:25.489;0:31.345;0:28.210;0:47.837;272.7;Theodor JENSEN;;LMP2;;CLX Motorsport;Oreca;GF;31.345;28.210;47.837;
37;2;33;1:48.175;0;;31.439;0;28.494;0;48.242;0;196.0;1:00:37.777;13:01:13.664;0:31.439;0:28.494;0:48.242;274.1;Theodor JENSEN;;LMP2;;CLX Motorsport;Oreca;GF;31.439;28.494;48.242;
37;2;34;1:47.376;0;;31.239;0;28.349;0;47.788;0;197.5;1:02:25.153;13:03:01.040;0:31.239;0:28.349;0:47.788;274.1;Theodor JENSEN;;LMP2;;CLX Motorsport;Oreca;GF;31.239;28.349;47.788;
37;2;35;1:47.633;0;;31.275;0;28.113;0;48.245;0;197.0;1:04:12.786;13:04:48.673;0:31.275;0:28.113;0:48.245;273.4;Theodor JENSEN;;LMP2;;CLX Motorsport;Oreca;GF;31.275;28.113;48.245;
37;2;36;1:49.000;0;;31.565;0;28.423;0;49.012;0;194.6;1:06:01.786;13:06:37.673;0:31.565;0:28.423;0:49.012;272.7;Theodor JENSEN;;LMP2;;CLX Motorsport;Oreca;GF;31.565;28.423;49.012;
37;2;37;1:48.402;0;;31.761;0;28.086;0;48.555;0;195.6;1:07:50.188;13:08:26.075;0:31.761;0:28.086;0:48.555;272.7;Theodor JENSEN;;LMP2;;CLX Motorsport;Oreca;GF;31.761;28.086;48.555;
37;2;38;1:48.170;0;;31.449;0;28.564;0;48.157;0;196.1;1:09:38.358;13:10:14.245;0:31.449;0:28.564;0:48.157;273.4;Theodor JENSEN;;LMP2;;CLX Motorsport;Oreca;GF;31.449;28.564;48.157;
37;2;39;1:50.031;0;;31.448;0;30.327;0;48.256;0;192.7;1:11:28.389;13:12:04.276;0:31.448;0:30.327;0:48.256;272.7;Theodor JENSEN;;LMP2;;CLX Motorsport;Oreca;GF;31.448;30.327;48.256;
37;2;40;1:48.579;0;;31.425;0;28.468;0;48.686;0;195.3;1:13:16.968;13:13:52.855;0:31.425;0:28.468;0:48.686;273.4;Theodor JENSEN;;LMP2;;CLX Motorsport;Oreca;GF;31.425;28.468;48.686;
37;2;41;1:49.501;0;;32.669;0;28.479;0;48.353;0;193.7;1:15:06.469;13:15:42.356;0:32.669;0:28.479;0:48.353;273.4;Theodor JENSEN;;LMP2;;CLX Motorsport;Oreca;GF;32.669;28.479;48.353;
37;2;42;1:51.449;0;;33.684;0;28.892;0;48.873;0;190.3;1:16:57.918;13:17:33.805;0:33.684;0:28.892;0:48.873;272.7;Theodor JENSEN;;LMP2;;CLX Motorsport;Oreca;GF;33.684;28.892;48.873;
37;2;43;1:49.581;0;;32.535;0;28.337;0;48.709;0;193.5;1:18:47.499;13:19:23.386;0:32.535;0:28.337;0:48.709;271.4;Theodor JENSEN;;LMP2;;CLX Motorsport;Oreca;GF;32.535;28.337;48.709;
37;2;44;3:12.578;0;B;1:16.242;0;58.512;0;57.824;0;110.1;1:22:00.077;13:22:35.964;1:16.242;0:58.512;0:57.824;;Theodor JENSEN;;LMP2;;CLX Motorsport;Oreca;GF;76.242;58.512;57.824;
37;3;45;4:44.035;0;;2:00.481;0;57.155;0;1:46.399;0;74.7;1:26:44.112;13:27:19.999;2:00.481;0:57.155;1:46.399;260.2;Ian AGUILERA;0:01:22.979;LMP2;;CLX Motorsport;Oreca;GF;120.481;57.155;106.399;
37;3;46;4:24.950;0;;1:31.330;0;1:07.679;0;1:45.941;0;80.0;1:31:09.062;13:31:44.949;1:31.330;1:07.679;1:45.941;;Ian AGUILERA;;LMP2;;CLX Motorsport;Oreca;GF;91.330;67.679;105.941;
37;3;47;4:25.987;0;;1:31.277;0;1:08.778;0;1:45.932;0;79.7;1:35:35.049;13:36:10.936;1:31.277;1:08.778;1:45.932;;Ian AGUILERA;;LMP2;;CLX Motorsport;Oreca;SF;91.277;68.778;105.932;
37;3;48;4:02.702;0;;1:25.128;0;1:00.489;0;1:37.085;0;87.4;1:39:37.751;13:40:13.638;1:25.128;1:00.489;1:37.085;;Ian AGUILERA;;LMP2;;CLX Motorsport;Oreca;SF;85.128;60.489;97.085;
37;3;49;4:35.717;0;;1:29.129;0;1:04.885;0;2:01.703;0;76.9;1:44:13.468;13:44:49.355;1:29.129;1:04.885;2:01.703;;Ian AGUILERA;;LMP2;;CLX Motorsport;Oreca;SF;89.129;64.885;121.703;
37;3;50;4:07.994;0;;1:29.722;0;1:01.650;0;1:36.622;0;85.5;1:48:21.462;13:48:57.349;1:29.722;1:01.650;1:36.622;;Ian AGUILERA;;LMP2;;CLX Motorsport;Oreca;SF;89.722;61.650;96.622;
37;3;51;3:40.575;0;;1:18.624;0;54.313;0;1:27.638;0;96.1;1:52:02.037;13:52:37.924;1:18.624;0:54.313;1:27.638;;Ian AGUILERA;;LMP2;;CLX Motorsport;Oreca;SF;78.624;54.313;87.638;
37;3;52;2:54.255;0;;55.408;0;45.601;0;1:13.246;0;121.7;1:54:56.292;13:55:32.179;0:55.408;0:45.601;1:13.246;149.2;Ian AGUILERA;;LMP2;;CLX Motorsport;Oreca;SF;55.408;45.601;73.246;
37;3;53;2:50.419;0;B;49.295;0;43.863;0;1:17.261;0;124.4;1:57:46.711;13:58:22.598;0:49.295;0:43.863;1:17.261;220.9;Ian AGUILERA;;LMP2;;CLX Motorsport;Oreca;SF;49.295;43.863;77.261;
37;3;54;3:12.905;0;;1:44.268;0;33.506;0;55.131;0;109.9;2:00:59.616;14:01:35.503;1:44.268;0:33.506;0:55.131;260.9;Ian AGUILERA;0:01:09.297;LMP2;;CLX Motorsport;Oreca;SF;104.268;33.506;55.131;
37;3;55;2:49.211;0;;49.521;0;45.655;0;1:14.035;0;125.3;2:03:48.827;14:04:24.714;0:49.521;0:45.655;1:14.035;125.0;Ian AGUILERA;;LMP2;;CLX Motorsport;Oreca;SF;49.521;45.655;74.035;
37;3;56;3:03.121;0;;57.139;0;48.489;0;1:17.493;0;115.8;2:06:51.948;14:07:27.835;0:57.139;0:48.489;1:17.493;137.2;Ian AGUILERA;;LMP2;;CLX Motorsport;Oreca;SF;57.139;48.489;77.493;
37;3;57;3:00.714;0;;50.303;0;46.522;0;1:23.889;0;117.4;2:09:52.662;14:10:28.549;0:50.303;0:46.522;1:23.889;157.2;Ian AGUILERA;;LMP2;;CLX Motorsport;Oreca;GF;50.303;46.522;83.889;
37;3;58;2:33.052;0;;37.822;0;58.696;0;56.534;0;138.6;2:12:25.714;14:13:01.601;0:37.822;0:58.696;0:56.534;263.4;Ian AGUILERA;;LMP2;;CLX Motorsport;Oreca;GF;37.822;58.696;56.534;
37;3;59;2:11.688;0;;40.010;0;35.618;0;56.060;0;161.0;2:14:37.402;14:15:13.289;0:40.010;0:35.618;0:56.060;243.8;Ian AGUILERA;;LMP2;;CLX Motorsport;Oreca;GF;40.010;35.618;56.060;
37;3;60;2:06.181;0;;36.634;0;33.778;0;55.769;0;168.1;2:16:43.583;14:17:19.470;0:36.634;0:33.778;0:55.769;265.4;Ian AGUILERA;;LMP2;;CLX Motorsport;Oreca;GF;36.634;33.778;55.769;
37;3;61;2:04.239;0;;36.096;0;32.871;1;55.272;0;170.7;2:18:47.822;14:19:23.709;0:36.096;0:32.871;0:55.272;266.0;Ian AGUILERA;;LMP2;;CLX Motorsport;Oreca;GF;36.096;32.871;55.272;
37;3;62;2:05.622;0;;35.633;1;34.094;0;55.895;0;168.8;2:20:53.444;14:21:29.331;0:35.633;0:34.094;0:55.895;265.4;Ian AGUILERA;;LMP2;;CLX Motorsport;Oreca;GF;35.633;34.094;55.895;
37;3;63;2:07.619;0;;36.775;0;35.292;0;55.552;0;166.2;2:23:01.063;14:23:36.950;0:36.775;0:35.292;0:55.552;260.2;Ian AGUILERA;;LMP2;;CLX Motorsport;Oreca;GF;36.775;35.292;55.552;
37;3;64;2:05.538;0;;36.685;0;33.411;0;55.442;0;168.9;2:25:06.601;14:25:42.488;0:36.685;0:33.411;0:55.442;264.1;Ian AGUILERA;;LMP2;;CLX Motorsport;Oreca;GF;36.685;33.411;55.442;
37;3;65;2:07.205;0;;36.775;0;34.805;0;55.625;0;166.7;2:27:13.806;14:27:49.693;0:36.775;0:34.805;0:55.625;265.4;Ian AGUILERA;;LMP2;;CLX Motorsport;Oreca;GF;36.775;34.805;55.625;
37;3;66;2:04.500;0;;36.106;0;33.265;0;55.129;0;170.3;2:29:18.306;14:29:54.193;0:36.106;0:33.265;0:55.129;267.3;Ian AGUILERA;;LMP2;;CLX Motorsport;Oreca;GF;36.106;33.265;55.129;
37;3;67;2:04.374;0;;36.440;0;33.313;0;54.621;1;170.5;2:31:22.680;14:31:58.567;0:36.440;0:33.313;0:54.621;266.7;Ian AGUILERA;;LMP2;;CLX Motorsport;Oreca;GF;36.440;33.313;54.621;
37;3;68;2:05.969;0;;36.734;0;33.638;0;55.597;0;168.4;2:33:28.649;14:34:04.536;0:36.734;0:33.638;0:55.597;266.7;Ian AGUILERA;;LMP2;;CLX Motorsport;Oreca;GF;36.734;33.638;55.597;
37;3;69;2:09.032;0;;36.605;0;34.500;0;57.927;0;164.4;2:35:37.681;14:36:13.568;0:36.605;0:34.500;0:57.927;267.3;Ian AGUILERA;;LMP2;;CLX Motorsport;Oreca;GF;36.605;34.500;57.927;
37;3;70;2:06.854;0;;37.909;0;33.483;0;55.462;0;167.2;2:37:44.535;14:38:20.422;0:37.909;0:33.483;0:55.462;263.4;Ian AGUILERA;;LMP2;;CLX Motorsport;Oreca;GF;37.909;33.483;55.462;
37;3;71;3:00.984;0;;36.881;0;36.118;0;1:47.985;0;117.2;2:40:45.519;14:41:21.406;0:36.881;0:36.118;1:47.985;261.5;Ian AGUILERA;;LMP2;;CLX Motorsport;Oreca;FCY;36.881;36.118;107.985;
37;3;72;4:27.060;0;;1:32.302;0;1:08.831;0;1:45.927;0;79.4;2:45:12.579;14:45:48.466;1:32.302;1:08.831;1:45.927;;Ian AGUILERA;;LMP2;;CLX Motorsport;Oreca;GF;92.302;68.831;105.927;
37;3;73;2:09.256;0;;38.904;0;34.379;0;55.973;0;164.1;2:47:21.835;14:47:57.722;0:38.904;0:34.379;0:55.973;262.8;Ian AGUILERA;;LMP2;;CLX Motorsport;Oreca;GF;38.904;34.379;55.973;
37;3;74;2:06.569;0;;36.609;0;34.089;0;55.871;0;167.6;2:49:28.404;14:50:04.291;0:36.609;0:34.089;0:55.871;262.8;Ian AGUILERA;;LMP2;;CLX Motorsport;Oreca;GF;36.609;34.089;55.871;
37;3;75;2:19.706;0;;36.453;0;34.145;0;1:09.108;0;151.8;2:51:48.110;14:52:23.997;0:36.453;0:34.145;1:09.108;264.7;Ian AGUILERA;;LMP2;;CLX Motorsport;Oreca;FCY;36.453;34.145;69.108;
37;3;76;4:26.001;0;;1:31.890;0;1:08.142;0;1:45.969;0;79.7;2:56:14.111;14:56:49.998;1:31.890;1:08.142;1:45.969;;Ian AGUILERA;;LMP2;;CLX Motorsport;Oreca;FCY;91.890;68.142;105.969;
37;3;77;4:14.034;0;B;1:31.942;0;1:08.571;0;1:33.521;0;83.5;3:00:28.145;15:01:04.032;1:31.942;1:08.571;1:33.521;;Ian AGUILERA;;LMP2;;CLX Motorsport;Oreca;GF;91.942;68.571;93.521;
37;1;78;3:26.334;0;;1:54.020;0;35.408;0;56.906;0;102.8;3:03:54.479;15:04:30.366;1:54.020;0:35.408;0:56.906;257.8;Adrien CLOSMENIL;0:01:19.037;LMP2;;CLX Motorsport;Oreca;GF;114.020;35.408;56.906;
37;1;79;2:10.188;0;;38.083;0;35.126;0;56.979;0;162.9;3:06:04.667;15:06:40.554;0:38.083;0:35.126;0:56.979;261.5;Adrien CLOSMENIL;;LMP2;;CLX Motorsport;Oreca;GF;38.083;35.126;56.979;
37;1;80;2:11.217;0;;38.164;0;35.075;0;57.978;0;161.6;3:08:15.884;15:08:51.771;0:38.164;0:35.075;0:57.978;263.4;Adrien CLOSMENIL;;LMP2;;CLX Motorsport;Oreca;GF;38.164;35.075;57.978;
37;1;81;2:09.180;0;;37.829;0;34.418;0;56.933;0;164.2;3:10:25.064;15:11:00.951;0:37.829;0:34.418;0:56.933;263.4;Adrien CLOSMENIL;;LMP2;;CLX Motorsport;Oreca;GF;37.829;34.418;56.933;
37;1;82;2:08.651;0;;37.233;0;34.711;0;56.707;0;164.8;3:12:33.715;15:13:09.602;0:37.233;0:34.711;0:56.707;264.7;Adrien CLOSMENIL;;LMP2;;CLX Motorsport;Oreca;GF;37.233;34.711;56.707;
37;1;83;2:08.724;0;;37.716;0;34.584;0;56.424;0;164.8;3:14:42.439;15:15:18.326;0:37.716;0:34.584;0:56.424;264.1;Adrien CLOSMENIL;;LMP2;;CLX Motorsport;Oreca;GF;37.716;34.584;56.424;
37;1;84;2:08.025;0;;37.396;0;34.377;0;56.252;0;165.7;3:16:50.464;15:17:26.351;0:37.396;0:34.377;0:56.252;264.7;Adrien CLOSMENIL;;LMP2;;CLX Motorsport;Oreca;GF;37.396;34.377;56.252;
37;1;85;2:08.060;0;;37.323;0;34.837;0;55.900;0;165.6;3:18:58.524;15:19:34.411;0:37.323;0:34.837;0:55.900;264.7;Adrien CLOSMENIL;;LMP2;;CLX Motorsport;Oreca;GF;37.323;34.837;55.900;
37;1;86;2:08.504;0;;37.259;0;34.680;0;56.565;0;165.0;3:21:07.028;15:21:42.915;0:37.259;0:34.680;0:56.565;266.0;Adrien CLOSMENIL;;LMP2;;CLX Motorsport;Oreca;GF;37.259;34.680;56.565;
37;1;87;2:06.888;0;;37.135;0;34.174;0;55.579;0;167.1;3:23:13.916;15:23:49.803;0:37.135;0:34.174;0:55.579;264.7;Adrien CLOSMENIL;;LMP2;;CLX Motorsport;Oreca;GF;37.135;34.174;55.579;
37;1;88;2:08.269;0;;38.667;0;33.780;0;55.822;0;165.3;3:25:22.185;15:25:58.072;0:38.667;0:33.780;0:55.822;260.2;Adrien CLOSMENIL;;LMP2;;CLX Motorsport;Oreca;GF;38.667;33.780;55.822;
37;1;89;2:05.908;0;;37.018;0;33.494;0;55.396;0;168.4;3:27:28.093;15:28:03.980;0:37.018;0:33.494;0:55.396;265.4;Adrien CLOSMENIL;;LMP2;;CLX Motorsport;Oreca;GF;37.018;33.494;55.396;
37;1;90;2:06.607;0;;36.994;0;33.705;0;55.908;0;167.5;3:29:34.700;15:30:10.587;0:36.994;0:33.705;0:55.908;266.0;Adrien CLOSMENIL;;LMP2;;CLX Motorsport;Oreca;GF;36.994;33.705;55.908;
37;1;91;2:05.777;0;;36.990;0;33.801;0;54.986;0;168.6;3:31:40.477;15:32:16.364;0:36.990;0:33.801;0:54.986;266.0;Adrien CLOSMENIL;;LMP2;;CLX Motorsport;Oreca;GF;36.990;33.801;54.986;
37;1;92;2:06.598;0;;36.960;0;34.502;0;55.136;0;167.5;3:33:47.075;15:34:22.962;0:36.960;0:34.502;0:55.136;266.7;Adrien CLOSMENIL;;LMP2;;CLX Motorsport;Oreca;GF;36.960;34.502;55.136;
37;1;93;2:06.369;0;;37.396;0;33.596;0;55.377;0;167.8;3:35:53.444;15:36:29.331;0:37.396;0:33.596;0:55.377;266.7;Adrien CLOSMENIL;;LMP2;;CLX Motorsport;Oreca;GF;37.396;33.596;55.377;
37;1;94;2:04.926;0;;36.771;0;33.386;0;54.769;0;169.8;3:37:58.370;15:38:34.257;0:36.771;0:33.386;0:54.769;265.4;Adrien CLOSMENIL;;LMP2;;CLX Motorsport;Oreca;GF;36.771;33.386;54.769;
37;1;95;2:05.889;0;;36.761;0;33.663;0;55.465;0;168.5;3:40:04.259;15:40:40.146;0:36.761;0:33.663;0:55.465;267.3;Adrien CLOSMENIL;;LMP2;;CLX Motorsport;Oreca;GF;36.761;33.663;55.465;
37;1;96;2:07.843;0;;37.156;0;34.207;0;56.480;0;165.9;3:42:12.102;15:42:47.989;0:37.156;0:34.207;0:56.480;267.3;Adrien CLOSMENIL;;LMP2;;CLX Motorsport;Oreca;GF;37.156;34.207;56.480;
37;1;97;2:09.217;0;B;36.587;0;33.403;0;59.227;0;164.1;3:44:21.319;15:44:57.206;0:36.587;0:33.403;0:59.227;268.0;Adrien CLOSMENIL;;LMP2;;CLX Motorsport;Oreca;GF;36.587;33.403;59.227;
37;1;98;2:41.370;0;;1:13.050;0;33.284;0;55.036;0;131.4;3:47:02.689;15:47:38.576;1:13.050;0:33.284;0:55.036;266.0;Adrien CLOSMENIL;0:00:40.610;LMP2;;CLX Motorsport;Oreca;GF;73.050;33.284;55.036;
37;1;99;2:05.357;0;;36.752;0;33.368;0;55.237;0;169.2;3:49:08.046;15:49:43.933;0:36.752;0:33.368;0:55.237;266.7;Adrien CLOSMENIL;;LMP2;;CLX Motorsport;Oreca;GF;36.752;33.368;55.237;
37;1;100;2:04.736;0;;36.192;0;33.448;0;55.096;0;170.0;3:51:12.782;15:51:48.669;0:36.192;0:33.448;0:55.096;266.7;Adrien CLOSMENIL;;LMP2;;CLX Motorsport;Oreca;GF;36.192;33.448;55.096;
37;1;101;2:06.641;0;;36.472;0;34.193;0;55.976;0;167.5;3:53:19.423;15:53:55.310;0:36.472;0:34.193;0:55.976;268.7;Adrien CLOSMENIL;;LMP2;;CLX Motorsport;Oreca;GF;36.472;34.193;55.976;
37;1;102;2:03.595;0;;36.225;0;33.030;0;54.340;0;171.6;3:55:23.018;15:55:58.905;0:36.225;0:33.030;0:54.340;267.3;Adrien CLOSMENIL;;LMP2;;CLX Motorsport;Oreca;GF;36.225;33.030;54.340;
37;1;103;2:04.084;0;;35.812;0;33.825;0;54.447;0;170.9;3:57:27.102;15:58:02.989;0:35.812;0:33.825;0:54.447;267.3;Adrien CLOSMENIL;;LMP2;;CLX Motorsport;Oreca;GF;35.812;33.825;54.447;
37;1;104;2:03.693;0;;35.823;0;33.687;0;54.183;1;171.5;3:59:30.795;16:00:06.682;0:35.823;0:33.687;0:54.183;266.7;Adrien CLOSMENIL;;LMP2;;CLX Motorsport;Oreca;GF;35.823;33.687;54.183;
37;1;105;2:03.241;0;;35.611;1;32.867;1;54.763;0;172.1;4:01:34.036;16:02:09.923;0:35.611;0:32.867;0:54.763;267.3;Adrien CLOSMENIL;;LMP2;;CLX Motorsport;Oreca;FF;35.611;32.867;54.763;
4;1;1;2:16.354;0;;48.485;0;34.163;0;53.706;0;151.8;2:16.354;12:02:52.241;0:48.485;0:34.163;0:53.706;250.0;Antti RAMMO;;LMP3;;DKR Engineering;Ligier;GF;48.485;34.163;53.706;
4;1;2;2:01.790;0;;36.816;0;32.094;0;52.880;0;174.1;4:18.144;12:04:54.031;0:36.816;0:32.094;0:52.880;246.6;Antti RAMMO;;LMP3;;DKR Engineering;Ligier;GF;36.816;32.094;52.880;
4;1;3;2:01.335;0;;37.069;0;31.922;0;52.344;0;174.8;6:19.479;12:06:55.366;0:37.069;0:31.922;0:52.344;248.8;Antti RAMMO;;LMP3;;DKR Engineering;Ligier;GF;37.069;31.922;52.344;
4;1;4;1:59.942;0;;36.275;0;31.599;0;52.068;0;176.8;8:19.421;12:08:55.308;0:36.275;0:31.599;0:52.068;245.5;Antti RAMMO;;LMP3;;DKR Engineering;Ligier;GF;36.275;31.599;52.068;
4;1;5;1:58.765;2;;35.594;0;31.263;0;51.908;2;178.6;10:18.186;12:10:54.073;0:35.594;0:31.263;0:51.908;246.0;Antti RAMMO;;LMP3;;DKR Engineering;Ligier;GF;35.594;31.263;51.908;
4;1;6;1:58.790;0;;35.368;2;31.274;0;52.148;0;178.5;12:16.976;12:12:52.863;0:35.368;0:31.274;0:52.148;246.0;Antti RAMMO;;LMP3;;DKR Engineering;Ligier;GF;35.368;31.274;52.148;
4;1;7;1:59.053;0;;35.718;0;31.275;0;52.060;0;178.1;14:16.029;12:14:51.916;0:35.718;0:31.275;0:52.060;245.5;Antti RAMMO;;LMP3;;DKR Engineering;Ligier;GF;35.718;31.275;52.060;
4;1;8;1:59.658;0;;35.718;0;31.440;0;52.500;0;177.2;16:15.687;12:16:51.574;0:35.718;0:31.440;0:52.500;246.0;Antti RAMMO;;LMP3;;DKR Engineering;Ligier;GF;35.718;31.440;52.500;
4;1;9;2:00.286;0;;35.787;0;31.756;0;52.743;0;176.3;18:15.973;12:18:51.860;0:35.787;0:31.756;0:52.743;245.5;Antti RAMMO;;LMP3;;DKR Engineering;Ligier;GF;35.787;31.756;52.743;
4;1;10;1:59.142;0;;35.472;0;31.138;2;52.532;0;178.0;20:15.115;12:20:51.002;0:35.472;0:31.138;0:52.532;246.0;Antti RAMMO;;LMP3;;DKR Engineering;Ligier;GF;35.472;31.138;52.532;
4;1;11;2:00.027;0;;35.757;0;31.693;0;52.577;0;176.7;22:15.142;12:22:51.029;0:35.757;0:31.693;0:52.577;244.3;Antti RAMMO;;LMP3;;DKR Engineering;Ligier;GF;35.757;31.693;52.577;
4;1;12;2:00.338;0;;35.912;0;31.615;0;52.811;0;176.2;24:15.480;12:24:51.367;0:35.912;0:31.615;0:52.811;245.5;Antti RAMMO;;LMP3;;DKR Engineering;Ligier;GF;35.912;31.615;52.811;
4;1;13;1:59.800;0;;35.676;0;31.644;0;52.480;0;177.0;26:15.280;12:26:51.167;0:35.676;0:31.644;0:52.480;246.0;Antti RAMMO;;LMP3;;DKR Engineering;Ligier;GF;35.676;31.644;52.480;
4;1;14;1:59.812;0;;35.974;0;31.439;0;52.399;0;177.0;28:15.092;12:28:50.979;0:35.974;0:31.439;0:52.399;246.0;Antti RAMMO;;LMP3;;DKR Engineering;Ligier;GF;35.974;31.439;52.399;
4;1;15;1:59.957;0;;35.771;0;31.820;0;52.366;0;176.8;30:15.049;12:30:50.936;0:35.771;0:31.820;0:52.366;244.9;Antti RAMMO;;LMP3;;DKR Engineering;Ligier;GF;35.771;31.820;52.366;
4;1;16;1:59.248;0;;35.608;0;31.284;0;52.356;0;177.8;32:14.297;12:32:50.184;0:35.608;0:31.284;0:52.356;246.0;Antti RAMMO;;LMP3;;DKR Engineering;Ligier;GF;35.608;31.284;52.356;
4;1;17;1:59.176;0;;35.821;0;31.244;0;52.111;0;178.0;34:13.473;12:34:49.360;0:35.821;0:31.244;0:52.111;244.9;Antti RAMMO;;LMP3;;DKR Engineering;Ligier;GF;35.821;31.244;52.111;
4;1;18;1:59.208;0;;35.455;0;31.476;0;52.277;0;177.9;36:12.681;12:36:48.568;0:35.455;0:31.476;0:52.277;246.0;Antti RAMMO;;LMP3;;DKR Engineering;Ligier;GF;35.455;31.476;52.277;
4;1;19;1:59.620;0;;35.801;0;31.478;0;52.341;0;177.3;38:12.301;12:38:48.188;0:35.801;0:31.478;0:52.341;244.9;Antti RAMMO;;LMP3;;DKR Engineering;Ligier;GF;35.801;31.478;52.341;
4;1;20;1:59.567;0;;35.421;0;31.304;0;52.842;0;177.4;40:11.868;12:40:47.755;0:35.421;0:31.304;0:52.842;245.5;Antti RAMMO;;LMP3;;DKR Engineering;Ligier;GF;35.421;31.304;52.842;
4;1;21;2:00.288;0;;35.897;0;31.976;0;52.415;0;176.3;42:12.156;12:42:48.043;0:35.897;0:31.976;0:52.415;246.0;Antti RAMMO;;LMP3;;DKR Engineering;Ligier;GF;35.897;31.976;52.415;
4;1;22;1:59.429;0;;36.090;0;31.311;0;52.028;0;177.6;44:11.585;12:44:47.472;0:36.090;0:31.311;0:52.028;245.5;Antti RAMMO;;LMP3;;DKR Engineering;Ligier;GF;36.090;31.311;52.028;
4;1;23;1:59.323;0;;35.768;0;31.410;0;52.145;0;177.7;46:10.908;12:46:46.795;0:35.768;0:31.410;0:52.145;246.0;Antti RAMMO;;LMP3;;DKR Engineering;Ligier;GF;35.768;31.410;52.145;
4;1;24;2:01.168;0;;36.031;0;32.154;0;52.983;0;175.0;48:12.076;12:48:47.963;0:36.031;0:32.154;0:52.983;244.9;Antti RAMMO;;LMP3;;DKR Engineering;Ligier;GF;36.031;32.154;52.983;
4;1;25;2:01.326;0;;36.621;0;31.688;0;53.017;0;174.8;50:13.402;12:50:49.289;0:36.621;0:31.688;0:53.017;243.8;Antti RAMMO;;LMP3;;DKR Engineering;Ligier;GF;36.621;31.688;53.017;
4;1;26;2:01.466;0;;35.795;0;31.658;0;54.013;0;174.6;52:14.868;12:52:50.755;0:35.795;0:31.658;0:54.013;245.5;Antti RAMMO;;LMP3;;DKR Engineering;Ligier;GF;35.795;31.658;54.013;
4;1;27;2:02.316;0;;36.706;0;31.941;0;53.669;0;173.4;54:17.184;12:54:53.071;0:36.706;0:31.941;0:53.669;243.8;Antti RAMMO;;LMP3;;DKR Engineering;Ligier;GF;36.706;31.941;53.669;
4;1;28;2:00.955;0;;35.976;0;32.387;0;52.592;0;175.3;56:18.139;12:56:54.026;0:35.976;0:32.387;0:52.592;244.3;Antti RAMMO;;LMP3;;DKR Engineering;Ligier;GF;35.976;32.387;52.592;
4;1;29;2:04.102;0;B;36.180;0;31.821;0;56.101;0;170.9;58:22.241;12:58:58.128;0:36.180;0:31.821;0:56.101;247.1;Antti RAMMO;;LMP3;;DKR Engineering;Ligier;GF;36.180;31.821;56.101;
4;1;30;3:38.946;0;;2:13.233;0;32.521;0;53.192;0;96.9;1:02:01.187;13:02:37.074;2:13.233;0:32.521;0:53.192;242.7;Antti RAMMO;0:01:40.354;LMP3;;DKR Engineering;Ligier;GF;133.233;32.521;53.192;
4;1;31;2:01.150;0;;36.505;0;31.767;0;52.878;0;175.1;1:04:02.337;13:04:38.224;0:36.505;0:31.767;0:52.878;243.8;Antti RAMMO;;LMP3;;DKR Engineering;Ligier;GF;36.505;31.767;52.878;
4;1;32;2:02.508;0;;36.555;0;32.296;0;53.657;0;173.1;1:06:04.845;13:06:40.732;0:36.555;0:32.296;0:53.657;243.2;Antti RAMMO;;LMP3;;DKR Engineering;Ligier;GF;36.555;32.296;53.657;
4;1;33;1:59.672;0;;35.940;0;31.405;0;52.327;0;177.2;1:08:04.517;13:08:40.404;0:35.940;0:31.405;0:52.327;243.8;Antti RAMMO;;LMP3;;DKR Engineering;Ligier;GF;35.940;31.405;52.327;
4;1;34;2:00.124;0;;35.715;0;31.419;0;52.990;0;176.5;1:10:04.641;13:10:40.528;0:35.715;0:31.419;0:52.990;245.5;Antti RAMMO;;LMP3;;DKR Engineering;Ligier;GF;35.715;31.419;52.990;
4;1;35;2:01.091;0;;36.158;0;31.881;0;53.052;0;175.1;1:12:05.732;13:12:41.619;0:36.158;0:31.881;0:53.052;243.2;Antti RAMMO;;LMP3;;DKR Engineering;Ligier;GF;36.158;31.881;53.052;
4;1;36;2:02.842;0;;37.110;0;31.976;0;53.756;0;172.6;1:14:08.574;13:14:44.461;0:37.110;0:31.976;0:53.756;246.6;Antti RAMMO;;LMP3;;DKR Engineering;Ligier;GF;37.110;31.976;53.756;
4;1;37;2:38.321;0;;38.310;0;33.786;0;1:26.225;0;134.0;1:16:46.895;13:17:22.782;0:38.310;0:33.786;1:26.225;248.3;Antti RAMMO;;LMP3;;DKR Engineering;Ligier;GF;38.310;33.786;86.225;
4;1;38;2:02.879;0;;37.189;0;31.972;0;53.718;0;172.6;1:18:49.774;13:19:25.661;0:37.189;0:31.972;0:53.718;242.7;Antti RAMMO;;LMP3;;DKR Engineering;Ligier;GF;37.189;31.972;53.718;
4;1;39;3:14.032;0;;1:21.558;0;54.642;0;57.832;0;109.3;1:22:03.806;13:22:39.693;1:21.558;0:54.642;0:57.832;;Antti RAMMO;;LMP3;;DKR Engineering;Ligier;GF;81.558;54.642;57.832;
4;1;40;2:25.159;0;;39.803;0;32.886;0;1:12.470;0;146.1;1:24:28.965;13:25:04.852;0:39.803;0:32.886;1:12.470;240.0;Antti RAMMO;;LMP3;;DKR Engineering;Ligier;GF;39.803;32.886;72.470;
4;1;41;4:23.439;0;B;1:30.852;0;1:07.306;0;1:45.281;0;80.5;1:28:52.404;13:29:28.291;1:30.852;1:07.306;1:45.281;;Antti RAMMO;;LMP3;;DKR Engineering;Ligier;GF;90.852;67.306;105.281;
4;1;42;5:37.786;0;;2:56.129;0;1:08.285;0;1:33.372;0;62.8;1:34:30.190;13:35:06.077;2:56.129;1:08.285;1:33.372;;Antti RAMMO;0:01:40.872;LMP3;;DKR Engineering;Ligier;SF;176.129;68.285;93.372;
4;1;43;2:38.541;0;;49.422;0;44.143;0;1:04.976;0;133.8;1:37:08.731;13:37:44.618;0:49.422;0:44.143;1:04.976;202.2;Antti RAMMO;;LMP3;;DKR Engineering;Ligier;SF;49.422;44.143;64.976;
4;1;44;3:02.405;0;;41.547;0;46.197;0;1:34.661;0;116.3;1:40:11.136;13:40:47.023;0:41.547;0:46.197;1:34.661;203.0;Antti RAMMO;;LMP3;;DKR Engineering;Ligier;SF;41.547;46.197;94.661;
4;1;45;4:17.425;0;;1:28.479;0;59.939;0;1:49.007;0;82.4;1:44:28.561;13:45:04.448;1:28.479;0:59.939;1:49.007;124.6;Antti RAMMO;;LMP3;;DKR Engineering;Ligier;SF;88.479;59.939;109.007;
4;1;46;4:06.610;0;;1:30.427;0;59.830;0;1:36.353;0;86.0;1:48:35.171;13:49:11.058;1:30.427;0:59.830;1:36.353;127.2;Antti RAMMO;;LMP3;;DKR Engineering;Ligier;SF;90.427;59.830;96.353;
4;1;47;3:43.429;0;B;1:20.280;0;51.574;0;1:31.575;0;94.9;1:52:18.600;13:52:54.487;1:20.280;0:51.574;1:31.575;;Antti RAMMO;;LMP3;;DKR Engineering;Ligier;SF;80.280;51.574;91.575;
4;3;48;3:06.691;0;;1:29.573;0;35.623;1;1:01.495;0;113.6;1:55:25.291;13:56:01.178;1:29.573;0:35.623;1:01.495;238.4;Wyatt BRICHACEK;0:00:53.061;LMP3;;DKR Engineering;Ligier;SF;89.573;35.623;61.495;
4;3;49;2:35.779;0;;45.361;0;41.742;0;1:08.676;0;136.1;1:58:01.070;13:58:36.957;0:45.361;0:41.742;1:08.676;172.5;Wyatt BRICHACEK;;LMP3;;DKR Engineering;Ligier;SF;45.361;41.742;68.676;
4;3;50;2:48.153;0;;50.574;0;46.856;0;1:10.723;0;126.1;2:00:49.223;14:01:25.110;0:50.574;0:46.856;1:10.723;215.6;Wyatt BRICHACEK;;LMP3;;DKR Engineering;Ligier;SF;50.574;46.856;70.723;
4;3;51;2:50.294;0;;51.163;0;46.194;0;1:12.937;0;124.5;2:03:39.517;14:04:15.404;0:51.163;0:46.194;1:12.937;;Wyatt BRICHACEK;;LMP3;;DKR Engineering;Ligier;SF;51.163;46.194;72.937;
4;3;52;3:02.753;0;;56.378;0;50.374;0;1:16.001;0;116.0;2:06:42.270;14:07:18.157;0:56.378;0:50.374;1:16.001;127.7;Wyatt BRICHACEK;;LMP3;;DKR Engineering;Ligier;SF;56.378;50.374;76.001;
4;3;53;3:03.342;0;;50.732;0;44.656;0;1:27.954;0;115.7;2:09:45.612;14:10:21.499;0:50.732;0:44.656;1:27.954;159.3;Wyatt BRICHACEK;;LMP3;;DKR Engineering;Ligier;GF;50.732;44.656;87.954;
4;3;54;2:18.383;0;;42.864;0;36.623;0;58.896;0;153.3;2:12:03.995;14:12:39.882;0:42.864;0:36.623;0:58.896;234.8;Wyatt BRICHACEK;;LMP3;;DKR Engineering;Ligier;GF;42.864;36.623;58.896;
4;3;55;2:16.308;0;;39.621;0;37.731;0;58.956;0;155.6;2:14:20.303;14:14:56.190;0:39.621;0:37.731;0:58.956;238.9;Wyatt BRICHACEK;;LMP3;;DKR Engineering;Ligier;GF;39.621;37.731;58.956;
4;3;56;2:13.954;0;;39.910;0;35.730;0;58.314;0;158.3;2:16:34.257;14:17:10.144;0:39.910;0:35.730;0:58.314;238.4;Wyatt BRICHACEK;;LMP3;;DKR Engineering;Ligier;GF;39.910;35.730;58.314;
4;3;57;2:14.634;0;;39.661;0;36.308;0;58.665;0;157.5;2:18:48.891;14:19:24.778;0:39.661;0:36.308;0:58.665;241.1;Wyatt BRICHACEK;;LMP3;;DKR Engineering;Ligier;GF;39.661;36.308;58.665;
4;3;58;2:13.871;0;;39.725;0;35.693;0;58.453;0;158.4;2:21:02.762;14:21:38.649;0:39.725;0:35.693;0:58.453;238.9;Wyatt BRICHACEK;;LMP3;;DKR Engineering;Ligier;GF;39.725;35.693;58.453;
4;3;59;2:13.707;0;;39.175;1;36.026;0;58.506;0;158.6;2:23:16.469;14:23:52.356;0:39.175;0:36.026;0:58.506;240.0;Wyatt BRICHACEK;;LMP3;;DKR Engineering;Ligier;GF;39.175;36.026;58.506;
4;3;60;2:14.495;0;;39.285;0;36.275;0;58.935;0;157.7;2:25:30.964;14:26:06.851;0:39.285;0:36.275;0:58.935;239.5;Wyatt BRICHACEK;;LMP3;;DKR Engineering;Ligier;GF;39.285;36.275;58.935;
4;3;61;2:17.158;0;;40.110;0;37.410;0;59.638;0;154.6;2:27:48.122;14:28:24.009;0:40.110;0:37.410;0:59.638;241.1;Wyatt BRICHACEK;;LMP3;;DKR Engineering;Ligier;GF;40.110;37.410;59.638;
4;3;62;2:14.465;0;;40.224;0;36.038;0;58.203;1;157.7;2:30:02.587;14:30:38.474;0:40.224;0:36.038;0:58.203;240.5;Wyatt BRICHACEK;;LMP3;;DKR Engineering;Ligier;GF;40.224;36.038;58.203;
4;3;63;2:15.361;0;;39.789;0;36.115;0;59.457;0;156.7;2:32:17.948;14:32:53.835;0:39.789;0:36.115;0:59.457;243.2;Wyatt BRICHACEK;;LMP3;;DKR Engineering;Ligier;GF;39.789;36.115;59.457;
4;3;64;2:15.462;0;;41.228;0;35.884;0;58.350;0;156.6;2:34:33.410;14:35:09.297;0:41.228;0:35.884;0:58.350;238.4;Wyatt BRICHACEK;;LMP3;;DKR Engineering;Ligier;GF;41.228;35.884;58.350;
4;3;65;2:15.652;0;;40.339;0;35.987;0;59.326;0;156.3;2:36:49.062;14:37:24.949;0:40.339;0:35.987;0:59.326;240.5;Wyatt BRICHACEK;;LMP3;;DKR Engineering;Ligier;GF;40.339;35.987;59.326;
4;3;66;2:27.984;0;;41.102;0;36.537;0;1:10.345;0;143.3;2:39:17.046;14:39:52.933;0:41.102;0:36.537;1:10.345;240.5;Wyatt BRICHACEK;;LMP3;;DKR Engineering;Ligier;FCY;41.102;36.537;70.345;
4;3;67;4:26.026;0;;1:31.251;0;1:08.074;0;1:46.701;0;79.7;2:43:43.072;14:44:18.959;1:31.251;1:08.074;1:46.701;;Wyatt BRICHACEK;;LMP3;;DKR Engineering;Ligier;FCY;91.251;68.074;106.701;
4;3;68;3:10.546;0;;1:30.620;0;39.665;0;1:00.261;0;111.3;2:46:53.618;14:47:29.505;1:30.620;0:39.665;1:00.261;148.4;Wyatt BRICHACEK;;LMP3;;DKR Engineering;Ligier;GF;90.620;39.665;60.261;
4;3;69;2:17.731;0;;41.172;0;36.826;0;59.733;0;154.0;2:49:11.349;14:49:47.236;0:41.172;0:36.826;0:59.733;237.4;Wyatt BRICHACEK;;LMP3;;DKR Engineering;Ligier;GF;41.172;36.826;59.733;
4;3;70;2:25.844;0;;40.641;0;37.318;0;1:07.885;0;145.4;2:51:37.193;14:52:13.080;0:40.641;0:37.318;1:07.885;238.4;Wyatt BRICHACEK;;LMP3;;DKR Engineering;Ligier;FCY;40.641;37.318;67.885;
4;3;71;4:24.514;0;;1:31.270;0;1:07.784;0;1:45.460;0;80.2;2:56:01.707;14:56:37.594;1:31.270;1:07.784;1:45.460;;Wyatt BRICHACEK;;LMP3;;DKR Engineering;Ligier;FCY;91.270;67.784;105.460;
4;3;72;4:12.878;0;;1:31.311;0;1:07.831;0;1:33.736;0;83.9;3:00:14.585;15:00:50.472;1:31.311;1:07.831;1:33.736;;Wyatt BRICHACEK;;LMP3;;DKR Engineering;Ligier;GF;91.311;67.831;93.736;
4;3;73;2:17.002;0;;40.914;0;36.659;0;59.429;0;154.8;3:02:31.587;15:03:07.474;0:40.914;0:36.659;0:59.429;235.8;Wyatt BRICHACEK;;LMP3;;DKR Engineering;Ligier;GF;40.914;36.659;59.429;
4;3;74;2:16.698;0;;40.619;0;36.543;0;59.536;0;155.1;3:04:48.285;15:05:24.172;0:40.619;0:36.543;0:59.536;237.4;Wyatt BRICHACEK;;LMP3;;DKR Engineering;Ligier;GF;40.619;36.543;59.536;
4;3;75;2:16.806;0;;40.349;0;36.619;0;59.838;0;155.0;3:07:05.091;15:07:40.978;0:40.349;0:36.619;0:59.838;238.4;Wyatt BRICHACEK;;LMP3;;DKR Engineering;Ligier;GF;40.349;36.619;59.838;
4;3;76;2:15.400;0;;40.041;0;36.347;0;59.012;0;156.6;3:09:20.491;15:09:56.378;0:40.041;0:36.347;0:59.012;240.0;Wyatt BRICHACEK;;LMP3;;DKR Engineering;Ligier;GF;40.041;36.347;59.012;
4;3;77;2:16.281;0;;40.803;0;36.372;0;59.106;0;155.6;3:11:36.772;15:12:12.659;0:40.803;0:36.372;0:59.106;242.7;Wyatt BRICHACEK;;LMP3;;DKR Engineering;Ligier;GF;40.803;36.372;59.106;
4;3;78;2:20.147;0;B;39.979;0;35.873;0;1:04.295;0;151.3;3:13:56.919;15:14:32.806;0:39.979;0:35.873;1:04.295;243.8;Wyatt BRICHACEK;;LMP3;;DKR Engineering;Ligier;GF;39.979;35.873;64.295;
4;2;79;3:45.516;0;;2:07.640;0;36.954;0;1:00.922;0;94.0;3:17:42.435;15:18:18.322;2:07.640;0:36.954;1:00.922;237.4;Romain FAVRE;0:01:30.599;LMP3;;DKR Engineering;Ligier;GF;127.640;36.954;60.922;
4;2;80;2:18.377;0;;41.116;0;36.942;0;1:00.319;0;153.3;3:20:00.812;15:20:36.699;0:41.116;0:36.942;1:00.319;237.9;Romain FAVRE;;LMP3;;DKR Engineering;Ligier;GF;41.116;36.942;60.319;
4;2;81;2:20.831;0;;41.142;0;37.047;0;1:02.642;0;150.6;3:22:21.643;15:22:57.530;0:41.142;0:37.047;1:02.642;238.4;Romain FAVRE;;LMP3;;DKR Engineering;Ligier;GF;41.142;37.047;62.642;
4;2;82;2:22.143;0;;43.000;0;37.913;0;1:01.230;0;149.2;3:24:43.786;15:25:19.673;0:43.000;0:37.913;1:01.230;237.9;Romain FAVRE;;LMP3;;DKR Engineering;Ligier;GF;43.000;37.913;61.230;
4;2;83;2:20.786;0;;41.521;0;37.289;0;1:01.976;0;150.6;3:27:04.572;15:27:40.459;0:41.521;0:37.289;1:01.976;239.5;Romain FAVRE;;LMP3;;DKR Engineering;Ligier;GF;41.521;37.289;61.976;
4;2;84;2:19.397;0;;41.130;0;37.660;0;1:00.607;0;152.1;3:29:23.969;15:29:59.856;0:41.130;0:37.660;1:00.607;238.9;Romain FAVRE;;LMP3;;DKR Engineering;Ligier;GF;41.130;37.660;60.607;
4;2;85;2:18.412;0;;40.808;0;36.738;0;1:00.866;0;153.2;3:31:42.381;15:32:18.268;0:40.808;0:36.738;1:00.866;238.4;Romain FAVRE;;LMP3;;DKR Engineering;Ligier;GF;40.808;36.738;60.866;
4;2;86;2:16.855;0;;40.590;0;36.308;0;59.957;0;155.0;3:33:59.236;15:34:35.123;0:40.590;0:36.308;0:59.957;240.0;Romain FAVRE;;LMP3;;DKR Engineering;Ligier;GF;40.590;36.308;59.957;
4;2;87;2:18.502;0;;40.342;0;36.560;0;1:01.600;0;153.1;3:36:17.738;15:36:53.625;0:40.342;0:36.560;1:01.600;239.5;Romain FAVRE;;LMP3;;DKR Engineering;Ligier;GF;40.342;36.560;61.600;
4;2;88;2:15.548;0;;40.278;0;35.954;0;59.316;1;156.5;3:38:33.286;15:39:09.173;0:40.278;0:35.954;0:59.316;240.0;Romain FAVRE;;LMP3;;DKR Engineering;Ligier;GF;40.278;35.954;59.316;
4;2;89;2:15.806;0;;40.458;0;35.943;1;59.405;0;156.2;3:40:49.092;15:41:24.979;0:40.458;0:35.943;0:59.405;240.0;Romain FAVRE;;LMP3;;DKR Engineering;Ligier;GF;40.458;35.943;59.405;
4;2;90;2:16.899;0;;40.153;0;36.321;0;1:00.425;0;154.9;3:43:05.991;15:43:41.878;0:40.153;0:36.321;1:00.425;240.5;Romain FAVRE;;LMP3;;DKR Engineering;Ligier;GF;40.153;36.321;60.425;
4;2;91;2:16.997;0;;40.380;0;36.610;0;1:00.007;0;154.8;3:45:22.988;15:45:58.875;0:40.380;0:36.610;1:00.007;240.0;Romain FAVRE;;LMP3;;DKR Engineering;Ligier;GF;40.380;36.610;60.007;
4;2;92;2:18.952;0;;40.758;0;37.065;0;1:01.129;0;152.6;3:47:41.940;15:48:17.827;0:40.758;0:37.065;1:01.129;241.6;Romain FAVRE;;LMP3;;DKR Engineering;Ligier;GF;40.758;37.065;61.129;
4;2;93;2:20.328;0;;42.123;0;37.220;0;1:00.985;0;151.1;3:50:02.268;15:50:38.155;0:42.123;0:37.220;1:00.985;241.6;Romain FAVRE;;LMP3;;DKR Engineering;Ligier;GF;42.123;37.220;60.985;
4;2;94;2:16.833;0;;40.759;0;36.340;0;59.734;0;155.0;3:52:19.101;15:52:54.988;0:40.759;0:36.340;0:59.734;240.5;Romain FAVRE;;LMP3;;DKR Engineering;Ligier;GF;40.759;36.340;59.734;
4;2;95;2:19.375;0;;41.064;0;37.273;0;1:01.038;0;152.2;3:54:38.476;15:55:14.363;0:41.064;0:37.273;1:01.038;242.2;Romain FAVRE;;LMP3;;DKR Engineering;Ligier;GF;41.064;37.273;61.038;
4;2;96;2:18.237;0;;40.995;0;36.469;0;1:00.773;0;153.4;3:56:56.713;15:57:32.600;0:40.995;0:36.469;1:00.773;237.9;Romain FAVRE;;LMP3;;DKR Engineering;Ligier;GF;40.995;36.469;60.773;
4;2;97;2:16.910;0;;40.097;0;36.502;0;1:00.311;0;154.9;3:59:13.623;15:59:49.510;0:40.097;0:36.502;1:00.311;241.1;Romain FAVRE;;LMP3;;DKR Engineering;Ligier;GF;40.097;36.502;60.311;
4;2;98;2:15.724;0;;40.069;1;35.988;0;59.667;0;156.3;4:01:29.347;16:02:05.234;0:40.069;0:35.988;0:59.667;241.6;Romain FAVRE;;LMP3;;DKR Engineering;Ligier;FF;40.069;35.988;59.667;
43;1;1;1:52.725;0;;33.772;0;29.580;0;49.373;0;183.6;1:52.725;12:02:28.612;0:33.772;0:29.580;0:49.373;270.7;Jakub SMIECHOWSKI;;LMP2;;Inter Europol Competition;Oreca;GF;33.772;29.580;49.373;
43;1;2;1:49.761;0;;32.985;0;28.865;0;47.911;0;193.2;3:42.486;12:04:18.373;0:32.985;0:28.865;0:47.911;271.4;Jakub SMIECHOWSKI;;LMP2;;Inter Europol Competition;Oreca;GF;32.985;28.865;47.911;
43;1;3;1:47.773;0;;31.483;0;28.600;0;47.690;0;196.8;5:30.259;12:06:06.146;0:31.483;0:28.600;0:47.690;273.4;Jakub SMIECHOWSKI;;LMP2;;Inter Europol Competition;Oreca;GF;31.483;28.600;47.690;
43;1;4;1:47.349;0;;31.436;0;28.443;0;47.470;0;197.6;7:17.608;12:07:53.495;0:31.436;0:28.443;0:47.470;274.1;Jakub SMIECHOWSKI;;LMP2;;Inter Europol Competition;Oreca;GF;31.436;28.443;47.470;
43;1;5;1:46.948;0;;31.189;0;28.289;0;47.470;0;198.3;9:04.556;12:09:40.443;0:31.189;0:28.289;0:47.470;274.1;Jakub SMIECHOWSKI;;LMP2;;Inter Europol Competition;Oreca;GF;31.189;28.289;47.470;
43;1;6;1:47.174;0;;31.305;0;28.272;0;47.597;0;197.9;10:51.730;12:11:27.617;0:31.305;0:28.272;0:47.597;274.1;Jakub SMIECHOWSKI;;LMP2;;Inter Europol Competition;Oreca;GF;31.305;28.272;47.597;
43;1;7;1:49.127;0;;31.346;0;28.547;0;49.234;0;194.3;12:40.857;12:13:16.744;0:31.346;0:28.547;0:49.234;273.4;Jakub SMIECHOWSKI;;LMP2;;Inter Europol Competition;Oreca;GF;31.346;28.547;49.234;
43;1;8;1:51.216;0;;33.465;0;29.316;0;48.435;0;190.7;14:32.073;12:15:07.960;0:33.465;0:29.316;0:48.435;273.4;Jakub SMIECHOWSKI;;LMP2;;Inter Europol Competition;Oreca;GF;33.465;29.316;48.435;
43;1;9;1:48.002;0;;31.207;0;28.944;0;47.851;0;196.4;16:20.075;12:16:55.962;0:31.207;0:28.944;0:47.851;274.8;Jakub SMIECHOWSKI;;LMP2;;Inter Europol Competition;Oreca;GF;31.207;28.944;47.851;
43;1;10;1:48.087;0;;31.718;0;28.623;0;47.746;0;196.2;18:08.162;12:18:44.049;0:31.718;0:28.623;0:47.746;275.5;Jakub SMIECHOWSKI;;LMP2;;Inter Europol Competition;Oreca;GF;31.718;28.623;47.746;
43;1;11;1:48.825;0;;31.983;0;28.718;0;48.124;0;194.9;19:56.987;12:20:32.874;0:31.983;0:28.718;0:48.124;275.5;Jakub SMIECHOWSKI;;LMP2;;Inter Europol Competition;Oreca;GF;31.983;28.718;48.124;
43;1;12;1:47.517;0;;31.246;0;28.188;0;48.083;0;197.2;21:44.504;12:22:20.391;0:31.246;0:28.188;0:48.083;274.1;Jakub SMIECHOWSKI;;LMP2;;Inter Europol Competition;Oreca;GF;31.246;28.188;48.083;
43;1;13;1:46.921;2;;31.295;0;28.161;0;47.465;2;198.3;23:31.425;12:24:07.312;0:31.295;0:28.161;0:47.465;274.8;Jakub SMIECHOWSKI;;LMP2;;Inter Europol Competition;Oreca;GF;31.295;28.161;47.465;
43;1;14;1:47.533;0;;31.154;2;28.121;2;48.258;0;197.2;25:18.958;12:25:54.845;0:31.154;0:28.121;0:48.258;274.8;Jakub SMIECHOWSKI;;LMP2;;Inter Europol Competition;Oreca;GF;31.154;28.121;48.258;
43;1;15;1:53.552;0;;35.755;0;29.236;0;48.561;0;186.8;27:12.510;12:27:48.397;0:35.755;0:29.236;0:48.561;269.3;Jakub SMIECHOWSKI;;LMP2;;Inter Europol Competition;Oreca;GF;35.755;29.236;48.561;
43;1;16;1:50.125;0;;33.044;0;28.473;0;48.608;0;192.6;29:02.635;12:29:38.522;0:33.044;0:28.473;0:48.608;274.1;Jakub SMIECHOWSKI;;LMP2;;Inter Europol Competition;Oreca;GF;33.044;28.473;48.608;
43;1;17;1:50.790;0;;31.293;0;28.456;0;51.041;0;191.4;30:53.425;12:31:29.312;0:31.293;0:28.456;0:51.041;275.5;Jakub SMIECHOWSKI;;LMP2;;Inter Europol Competition;Oreca;GF;31.293;28.456;51.041;
43;1;18;1:47.331;0;;31.460;0;28.192;0;47.679;0;197.6;32:40.756;12:33:16.643;0:31.460;0:28.192;0:47.679;274.1;Jakub SMIECHOWSKI;;LMP2;;Inter Europol Competition;Oreca;GF;31.460;28.192;47.679;
43;1;19;1:47.575;0;;31.291;0;28.280;0;48.004;0;197.1;34:28.331;12:35:04.218;0:31.291;0:28.280;0:48.004;274.8;Jakub SMIECHOWSKI;;LMP2;;Inter Europol Competition;Oreca;GF;31.291;28.280;48.004;
43;1;20;1:48.703;0;;31.522;0;28.646;0;48.535;0;195.1;36:17.034;12:36:52.921;0:31.522;0:28.646;0:48.535;275.5;Jakub SMIECHOWSKI;;LMP2;;Inter Europol Competition;Oreca;GF;31.522;28.646;48.535;
43;1;21;1:53.573;0;B;32.033;0;28.918;0;52.622;0;186.7;38:10.607;12:38:46.494;0:32.033;0:28.918;0:52.622;274.8;Jakub SMIECHOWSKI;;LMP2;;Inter Europol Competition;Oreca;GF;32.033;28.918;52.622;
43;1;22;2:53.643;0;;1:35.284;0;29.883;0;48.476;0;122.1;41:04.250;12:41:40.137;1:35.284;0:29.883;0:48.476;271.4;Jakub SMIECHOWSKI;0:01:04.940;LMP2;;Inter Europol Competition;Oreca;GF;95.284;29.883;48.476;
43;1;23;1:48.744;0;;31.967;0;28.525;0;48.252;0;195.0;42:52.994;12:43:28.881;0:31.967;0:28.525;0:48.252;273.4;Jakub SMIECHOWSKI;;LMP2;;Inter Europol Competition;Oreca;GF;31.967;28.525;48.252;
43;1;24;1:48.280;0;;31.476;0;28.557;0;48.247;0;195.9;44:41.274;12:45:17.161;0:31.476;0:28.557;0:48.247;273.4;Jakub SMIECHOWSKI;;LMP2;;Inter Europol Competition;Oreca;GF;31.476;28.557;48.247;
43;1;25;1:50.395;0;;31.494;0;28.913;0;49.988;0;192.1;46:31.669;12:47:07.556;0:31.494;0:28.913;0:49.988;273.4;Jakub SMIECHOWSKI;;LMP2;;Inter Europol Competition;Oreca;GF;31.494;28.913;49.988;
43;1;26;1:49.281;0;;31.617;0;29.039;0;48.625;0;194.1;48:20.950;12:48:56.837;0:31.617;0:29.039;0:48.625;272.7;Jakub SMIECHOWSKI;;LMP2;;Inter Europol Competition;Oreca;GF;31.617;29.039;48.625;
43;1;27;1:50.170;0;;32.366;0;29.028;0;48.776;0;192.5;50:11.120;12:50:47.007;0:32.366;0:29.028;0:48.776;271.4;Jakub SMIECHOWSKI;;LMP2;;Inter Europol Competition;Oreca;GF;32.366;29.028;48.776;
43;1;28;1:52.107;0;;34.541;0;29.293;0;48.273;0;189.2;52:03.227;12:52:39.114;0:34.541;0:29.293;0:48.273;272.7;Jakub SMIECHOWSKI;;LMP2;;Inter Europol Competition;Oreca;GF;34.541;29.293;48.273;
43;1;29;1:50.727;0;;32.157;0;30.281;0;48.289;0;191.5;53:53.954;12:54:29.841;0:32.157;0:30.281;0:48.289;271.4;Jakub SMIECHOWSKI;;LMP2;;Inter Europol Competition;Oreca;GF;32.157;30.281;48.289;
43;1;30;1:50.322;0;;31.773;0;29.766;0;48.783;0;192.2;55:44.276;12:56:20.163;0:31.773;0:29.766;0:48.783;274.8;Jakub SMIECHOWSKI;;LMP2;;Inter Europol Competition;Oreca;GF;31.773;29.766;48.783;
43;1;31;1:49.292;0;;32.421;0;28.655;0;48.216;0;194.0;57:33.568;12:58:09.455;0:32.421;0:28.655;0:48.216;271.4;Jakub SMIECHOWSKI;;LMP2;;Inter Europol Competition;Oreca;GF;32.421;28.655;48.216;
43;1;32;1:51.455;0;;33.424;0;28.733;0;49.298;0;190.3;59:25.023;13:00:00.910;0:33.424;0:28.733;0:49.298;273.4;Jakub SMIECHOWSKI;;LMP2;;Inter Europol Competition;Oreca;GF;33.424;28.733;49.298;
43;1;33;1:51.112;0;;34.090;0;29.140;0;47.882;0;190.9;1:01:16.135;13:01:52.022;0:34.090;0:29.140;0:47.882;274.1;Jakub SMIECHOWSKI;;LMP2;;Inter Europol Competition;Oreca;GF;34.090;29.140;47.882;
43;1;34;1:48.467;0;;31.447;0;28.688;0;48.332;0;195.5;1:03:04.602;13:03:40.489;0:31.447;0:28.688;0:48.332;274.8;Jakub SMIECHOWSKI;;LMP2;;Inter Europol Competition;Oreca;GF;31.447;28.688;48.332;
43;1;35;1:48.474;0;;31.949;0;28.345;0;48.180;0;195.5;1:04:53.076;13:05:28.963;0:31.949;0:28.345;0:48.180;274.1;Jakub SMIECHOWSKI;;LMP2;;Inter Europol Competition;Oreca;GF;31.949;28.345;48.180;
43;1;36;1:48.215;0;;32.011;0;28.304;0;47.900;0;196.0;1:06:41.291;13:07:17.178;0:32.011;0:28.304;0:47.900;273.4;Jakub SMIECHOWSKI;;LMP2;;Inter Europol Competition;Oreca;GF;32.011;28.304;47.900;
43;1;37;1:48.536;0;;31.663;0;28.534;0;48.339;0;195.4;1:08:29.827;13:09:05.714;0:31.663;0:28.534;0:48.339;274.1;Jakub SMIECHOWSKI;;LMP2;;Inter Europol Competition;Oreca;GF;31.663;28.534;48.339;
43;1;38;1:49.307;0;;32.381;0;28.501;0;48.425;0;194.0;1:10:19.134;13:10:55.021;0:32.381;0:28.501;0:48.425;273.4;Jakub SMIECHOWSKI;;LMP2;;Inter Europol Competition;Oreca;GF;32.381;28.501;48.425;
43;1;39;1:50.708;0;;32.941;0;29.288;0;48.479;0;191.6;1:12:09.842;13:12:45.729;0:32.941;0:29.288;0:48.479;273.4;Jakub SMIECHOWSKI;;LMP2;;Inter Europol Competition;Oreca;GF;32.941;29.288;48.479;
43;1;40;1:57.652;0;B;32.757;0;29.818;0;55.077;0;180.3;1:14:07.494;13:14:43.381;0:32.757;0:29.818;0:55.077;274.1;Jakub SMIECHOWSKI;;LMP2;;Inter Europol Competition;Oreca;GF;32.757;29.818;55.077;
43;3;41;5:09.255;0;B;2:18.089;0;1:06.050;0;1:45.116;0;68.6;1:19:16.749;13:19:52.636;2:18.089;1:06.050;1:45.116;;Nicholas YELLOLY;0:01:14.728;LMP2;;Inter Europol Competition;Oreca;FCY;138.089;66.050;105.116;
43;3;42;4:40.048;0;B;2:01.433;0;1:01.364;0;1:37.251;0;75.7;1:23:56.797;13:24:32.684;2:01.433;1:01.364;1:37.251;122.0;Nicholas YELLOLY;0:00:51.573;LMP2;;Inter Europol Competition;Oreca;GF;121.433;61.364;97.251;
43;3;43;9:16.196;0;;6:19.459;0;1:09.273;0;1:47.464;0;38.1;1:33:12.993;13:33:48.880;6:19.459;1:09.273;1:47.464;;Nicholas YELLOLY;0:05:03.079;LMP2;;Inter Europol Competition;Oreca;GF;379.459;69.273;107.464;
43;3;44;3:10.168;0;;1:16.927;0;47.090;0;1:06.151;0;111.5;1:36:23.161;13:36:59.048;1:16.927;0:47.090;1:06.151;175.0;Nicholas YELLOLY;;LMP2;;Inter Europol Competition;Oreca;SF;76.927;47.090;66.151;
43;3;45;3:33.674;0;;58.177;0;1:01.684;0;1:33.813;0;99.3;1:39:56.835;13:40:32.722;0:58.177;1:01.684;1:33.813;;Nicholas YELLOLY;;LMP2;;Inter Europol Competition;Oreca;SF;58.177;61.684;93.813;
43;3;46;4:23.293;0;;1:29.631;0;1:02.727;0;1:50.935;0;80.5;1:44:20.128;13:44:56.015;1:29.631;1:02.727;1:50.935;;Nicholas YELLOLY;;LMP2;;Inter Europol Competition;Oreca;SF;89.631;62.727;110.935;
43;3;47;4:08.242;0;;1:30.974;0;1:00.002;0;1:37.266;0;85.4;1:48:28.370;13:49:04.257;1:30.974;1:00.002;1:37.266;;Nicholas YELLOLY;;LMP2;;Inter Europol Competition;Oreca;SF;90.974;60.002;97.266;
43;3;48;3:38.392;0;;1:17.835;0;54.268;0;1:26.289;0;97.1;1:52:06.762;13:52:42.649;1:17.835;0:54.268;1:26.289;125.6;Nicholas YELLOLY;;LMP2;;Inter Europol Competition;Oreca;SF;77.835;54.268;86.289;
43;3;49;2:54.334;0;;55.617;0;45.662;0;1:13.055;0;121.6;1:55:01.096;13:55:36.983;0:55.617;0:45.662;1:13.055;163.4;Nicholas YELLOLY;;LMP2;;Inter Europol Competition;Oreca;SF;55.617;45.662;73.055;
43;3;50;2:44.515;0;;49.568;0;41.529;0;1:13.418;0;128.9;1:57:45.611;13:58:21.498;0:49.568;0:41.529;1:13.418;218.6;Nicholas YELLOLY;;LMP2;;Inter Europol Competition;Oreca;SF;49.568;41.529;73.418;
43;3;51;2:50.143;0;;53.843;0;44.123;0;1:12.177;0;124.6;2:00:35.754;14:01:11.641;0:53.843;0:44.123;1:12.177;182.1;Nicholas YELLOLY;;LMP2;;Inter Europol Competition;Oreca;SF;53.843;44.123;72.177;
43;3;52;2:52.573;0;;51.990;0;47.381;0;1:13.202;0;122.9;2:03:28.327;14:04:04.214;0:51.990;0:47.381;1:13.202;219.5;Nicholas YELLOLY;;LMP2;;Inter Europol Competition;Oreca;SF;51.990;47.381;73.202;
43;3;53;3:04.471;0;;56.979;0;50.727;0;1:16.765;0;115.0;2:06:32.798;14:07:08.685;0:56.979;0:50.727;1:16.765;133.8;Nicholas YELLOLY;;LMP2;;Inter Europol Competition;Oreca;SF;56.979;50.727;76.765;
43;3;54;3:00.049;0;;51.083;0;43.748;0;1:25.218;0;117.8;2:09:32.847;14:10:08.734;0:51.083;0:43.748;1:25.218;199.6;Nicholas YELLOLY;;LMP2;;Inter Europol Competition;Oreca;GF;51.083;43.748;85.218;
43;3;55;2:06.299;0;;36.919;0;34.070;0;55.310;0;167.9;2:11:39.146;14:12:15.033;0:36.919;0:34.070;0:55.310;269.3;Nicholas YELLOLY;;LMP2;;Inter Europol Competition;Oreca;GF;36.919;34.070;55.310;
43;3;56;2:03.883;0;;35.833;0;33.496;0;54.554;0;171.2;2:13:43.029;14:14:18.916;0:35.833;0:33.496;0:54.554;268.7;Nicholas YELLOLY;;LMP2;;Inter Europol Competition;Oreca;GF;35.833;33.496;54.554;
43;3;57;2:02.767;0;;35.669;0;32.901;0;54.197;0;172.7;2:15:45.796;14:16:21.683;0:35.669;0:32.901;0:54.197;269.3;Nicholas YELLOLY;;LMP2;;Inter Europol Competition;Oreca;GF;35.669;32.901;54.197;
43;3;58;2:03.544;0;;35.986;0;33.382;0;54.176;0;171.7;2:17:49.340;14:18:25.227;0:35.986;0:33.382;0:54.176;270.0;Nicholas YELLOLY;;LMP2;;Inter Europol Competition;Oreca;GF;35.986;33.382;54.176;
43;3;59;2:03.394;0;;35.814;0;33.093;0;54.487;0;171.9;2:19:52.734;14:20:28.621;0:35.814;0:33.093;0:54.487;269.3;Nicholas YELLOLY;;LMP2;;Inter Europol Competition;Oreca;GF;35.814;33.093;54.487;
43;3;60;2:03.804;0;;35.772;0;33.390;0;54.642;0;171.3;2:21:56.538;14:22:32.425;0:35.772;0:33.390;0:54.642;269.3;Nicholas YELLOLY;;LMP2;;Inter Europol Competition;Oreca;GF;35.772;33.390;54.642;
43;3;61;2:05.094;0;;36.018;0;34.436;0;54.640;0;169.5;2:24:01.632;14:24:37.519;0:36.018;0:34.436;0:54.640;270.7;Nicholas YELLOLY;;LMP2;;Inter Europol Competition;Oreca;GF;36.018;34.436;54.640;
43;3;62;2:02.757;0;;35.331;1;33.243;0;54.183;0;172.8;2:26:04.389;14:26:40.276;0:35.331;0:33.243;0:54.183;270.7;Nicholas YELLOLY;;LMP2;;Inter Europol Competition;Oreca;GF;35.331;33.243;54.183;
43;3;63;2:03.424;0;;36.113;0;33.230;0;54.081;0;171.8;2:28:07.813;14:28:43.700;0:36.113;0:33.230;0:54.081;272.0;Nicholas YELLOLY;;LMP2;;Inter Europol Competition;Oreca;GF;36.113;33.230;54.081;
43;3;64;2:02.732;0;;35.906;0;32.976;0;53.850;0;172.8;2:30:10.545;14:30:46.432;0:35.906;0:32.976;0:53.850;270.0;Nicholas YELLOLY;;LMP2;;Inter Europol Competition;Oreca;GF;35.906;32.976;53.850;
43;3;65;2:04.288;0;;36.193;0;33.042;0;55.053;0;170.6;2:32:14.833;14:32:50.720;0:36.193;0:33.042;0:55.053;269.3;Nicholas YELLOLY;;LMP2;;Inter Europol Competition;Oreca;GF;36.193;33.042;55.053;
43;3;66;2:03.127;0;;36.620;0;32.788;0;53.719;1;172.2;2:34:17.960;14:34:53.847;0:36.620;0:32.788;0:53.719;269.3;Nicholas YELLOLY;;LMP2;;Inter Europol Competition;Oreca;GF;36.620;32.788;53.719;
43;3;67;2:02.252;0;;35.651;0;32.724;0;53.877;0;173.5;2:36:20.212;14:36:56.099;0:35.651;0:32.724;0:53.877;270.0;Nicholas YELLOLY;;LMP2;;Inter Europol Competition;Oreca;GF;35.651;32.724;53.877;
43;3;68;2:06.619;0;B;35.774;0;32.675;1;58.170;0;167.5;2:38:26.831;14:39:02.718;0:35.774;0:32.675;0:58.170;268.7;Nicholas YELLOLY;;LMP2;;Inter Europol Competition;Oreca;GF;35.774;32.675;58.170;
43;3;69;4:27.738;0;;1:31.818;0;1:08.772;0;1:47.148;0;79.2;2:42:54.569;14:43:30.456;1:31.818;1:08.772;1:47.148;;Nicholas YELLOLY;0:00:20.436;LMP2;;Inter Europol Competition;Oreca;FCY;91.818;68.772;107.148;
43;3;70;3:27.873;0;B;1:32.431;0;54.943;0;1:00.499;0;102.0;2:46:22.442;14:46:58.329;1:32.431;0:54.943;1:00.499;;Nicholas YELLOLY;;LMP2;;Inter Europol Competition;Oreca;GF;92.431;54.943;60.499;
43;2;71;3:10.634;0;;1:38.840;0;35.645;0;56.149;0;111.2;2:49:33.076;14:50:08.963;1:38.840;0:35.645;0:56.149;264.7;Tom DILLMANN;0:01:05.284;LMP2;;Inter Europol Competition;Oreca;GF;98.840;35.645;56.149;
43;2;72;2:23.776;0;;36.932;0;37.518;0;1:09.326;0;147.5;2:51:56.852;14:52:32.739;0:36.932;0:37.518;1:09.326;235.3;Tom DILLMANN;;LMP2;;Inter Europol Competition;Oreca;FCY;36.932;37.518;69.326;
43;2;73;4:25.177;0;;1:31.543;0;1:08.200;0;1:45.434;0;80.0;2:56:22.029;14:56:57.916;1:31.543;1:08.200;1:45.434;;Tom DILLMANN;;LMP2;;Inter Europol Competition;Oreca;FCY;91.543;68.200;105.434;
43;2;74;4:02.651;0;;1:31.573;0;1:08.231;0;1:22.847;0;87.4;3:00:24.680;15:01:00.567;1:31.573;1:08.231;1:22.847;;Tom DILLMANN;;LMP2;;Inter Europol Competition;Oreca;GF;91.573;68.231;82.847;
43;2;75;2:09.020;0;;37.307;0;35.476;0;56.237;0;164.4;3:02:33.700;15:03:09.587;0:37.307;0:35.476;0:56.237;261.5;Tom DILLMANN;;LMP2;;Inter Europol Competition;Oreca;GF;37.307;35.476;56.237;
43;2;76;2:09.196;0;;37.973;0;35.176;0;56.047;0;164.2;3:04:42.896;15:05:18.783;0:37.973;0:35.176;0:56.047;266.0;Tom DILLMANN;;LMP2;;Inter Europol Competition;Oreca;GF;37.973;35.176;56.047;
43;2;77;2:06.699;0;;37.099;0;34.347;0;55.253;0;167.4;3:06:49.595;15:07:25.482;0:37.099;0:34.347;0:55.253;268.7;Tom DILLMANN;;LMP2;;Inter Europol Competition;Oreca;GF;37.099;34.347;55.253;
43;2;78;2:05.811;0;;36.549;0;34.187;0;55.075;0;168.6;3:08:55.406;15:09:31.293;0:36.549;0:34.187;0:55.075;268.7;Tom DILLMANN;;LMP2;;Inter Europol Competition;Oreca;GF;36.549;34.187;55.075;
43;2;79;2:07.086;0;;36.756;0;34.494;0;55.836;0;166.9;3:11:02.492;15:11:38.379;0:36.756;0:34.494;0:55.836;270.7;Tom DILLMANN;;LMP2;;Inter Europol Competition;Oreca;GF;36.756;34.494;55.836;
43;2;80;2:04.852;0;;36.302;0;33.708;0;54.842;0;169.9;3:13:07.344;15:13:43.231;0:36.302;0:33.708;0:54.842;268.7;Tom DILLMANN;;LMP2;;Inter Europol Competition;Oreca;GF;36.302;33.708;54.842;
43;2;81;2:05.078;0;;36.223;0;34.004;0;54.851;0;169.6;3:15:12.422;15:15:48.309;0:36.223;0:34.004;0:54.851;269.3;Tom DILLMANN;;LMP2;;Inter Europol Competition;Oreca;GF;36.223;34.004;54.851;
43;2;82;2:07.561;0;;36.204;0;34.575;0;56.782;0;166.3;3:17:19.983;15:17:55.870;0:36.204;0:34.575;0:56.782;270.7;Tom DILLMANN;;LMP2;;Inter Europol Competition;Oreca;GF;36.204;34.575;56.782;
43;2;83;2:04.619;0;;36.220;0;33.638;0;54.761;0;170.2;3:19:24.602;15:20:00.489;0:36.220;0:33.638;0:54.761;269.3;Tom DILLMANN;;LMP2;;Inter Europol Competition;Oreca;GF;36.220;33.638;54.761;
43;2;84;2:04.587;0;;36.537;0;33.437;0;54.613;0;170.2;3:21:29.189;15:22:05.076;0:36.537;0:33.437;0:54.613;269.3;Tom DILLMANN;;LMP2;;Inter Europol Competition;Oreca;GF;36.537;33.437;54.613;
43;2;85;2:07.500;0;;36.474;0;35.082;0;55.944;0;166.3;3:23:36.689;15:24:12.576;0:36.474;0:35.082;0:55.944;270.7;Tom DILLMANN;;LMP2;;Inter Europol Competition;Oreca;GF;36.474;35.082;55.944;
43;2;86;2:05.052;0;;36.029;0;33.557;0;55.466;0;169.6;3:25:41.741;15:26:17.628;0:36.029;0:33.557;0:55.466;270.7;Tom DILLMANN;;LMP2;;Inter Europol Competition;Oreca;GF;36.029;33.557;55.466;
43;2;87;2:06.156;0;;35.859;0;34.372;0;55.925;0;168.1;3:27:47.897;15:28:23.784;0:35.859;0:34.372;0:55.925;270.0;Tom DILLMANN;;LMP2;;Inter Europol Competition;Oreca;GF;35.859;34.372;55.925;
43;2;88;2:06.262;0;;37.015;0;33.613;0;55.634;0;168.0;3:29:54.159;15:30:30.046;0:37.015;0:33.613;0:55.634;270.0;Tom DILLMANN;;LMP2;;Inter Europol Competition;Oreca;GF;37.015;33.613;55.634;
43;2;89;2:05.102;0;;36.273;0;33.771;0;55.058;0;169.5;3:31:59.261;15:32:35.148;0:36.273;0:33.771;0:55.058;270.0;Tom DILLMANN;;LMP2;;Inter Europol Competition;Oreca;GF;36.273;33.771;55.058;
43;2;90;2:05.340;0;;36.403;0;33.933;0;55.004;0;169.2;3:34:04.601;15:34:40.488;0:36.403;0:33.933;0:55.004;268.0;Tom DILLMANN;;LMP2;;Inter Europol Competition;Oreca;GF;36.403;33.933;55.004;
43;2;91;2:04.412;0;;35.842;0;33.339;0;55.231;0;170.5;3:36:09.013;15:36:44.900;0:35.842;0:33.339;0:55.231;270.7;Tom DILLMANN;;LMP2;;Inter Europol Competition;Oreca;GF;35.842;33.339;55.231;
43;2;92;2:04.065;0;;35.760;0;33.375;0;54.930;0;170.9;3:38:13.078;15:38:48.965;0:35.760;0:33.375;0:54.930;270.7;Tom DILLMANN;;LMP2;;Inter Europol Competition;Oreca;GF;35.760;33.375;54.930;
43;2;93;2:03.592;0;;35.700;1;33.364;0;54.528;1;171.6;3:40:16.670;15:40:52.557;0:35.700;0:33.364;0:54.528;270.0;Tom DILLMANN;;LMP2;;Inter Europol Competition;Oreca;GF;35.700;33.364;54.528;
43;2;94;2:08.002;0;B;35.757;0;33.076;0;59.169;0;165.7;3:42:24.672;15:43:00.559;0:35.757;0:33.076;0:59.169;272.0;Tom DILLMANN;;LMP2;;Inter Europol Competition;Oreca;GF;35.757;33.076;59.169;
43;2;95;2:43.586;0;;1:15.323;0;33.016;0;55.247;0;129.6;3:45:08.258;15:45:44.145;1:15.323;0:33.016;0:55.247;270.0;Tom DILLMANN;0:00:43.110;LMP2;;Inter Europol Competition;Oreca;GF;75.323;33.016;55.247;
43;2;96;2:04.651;0;;36.914;0;32.907;1;54.830;0;170.1;3:47:12.909;15:47:48.796;0:36.914;0:32.907;0:54.830;268.7;Tom DILLMANN;;LMP2;;Inter Europol Competition;Oreca;GF;36.914;32.907;54.830;
43;2;97;2:05.337;0;;36.298;0;33.667;0;55.372;0;169.2;3:49:18.246;15:49:54.133;0:36.298;0:33.667;0:55.372;270.7;Tom DILLMANN;;LMP2;;Inter Europol Competition;Oreca;GF;36.298;33.667;55.372;
43;2;98;2:06.078;0;;37.161;0;34.058;0;54.859;0;168.2;3:51:24.324;15:52:00.211;0:37.161;0:34.058;0:54.859;269.3;Tom DILLMANN;;LMP2;;Inter Europol Competition;Oreca;GF;37.161;34.058;54.859;
43;2;99;2:06.123;0;;36.380;0;34.194;0;55.549;0;168.2;3:53:30.447;15:54:06.334;0:36.380;0:34.194;0:55.549;271.4;Tom DILLMANN;;LMP2;;Inter Europol Competition;Oreca;GF;36.380;34.194;55.549;
43;2;100;2:06.136;0;;36.946;0;33.470;0;55.720;0;168.1;3:55:36.583;15:56:12.470;0:36.946;0:33.470;0:55.720;270.7;Tom DILLMANN;;LMP2;;Inter Europol Competition;Oreca;GF;36.946;33.470;55.720;
43;2;101;2:03.926;0;;35.810;0;33.237;0;54.879;0;171.1;3:57:40.509;15:58:16.396;0:35.810;0:33.237;0:54.879;270.7;Tom DILLMANN;;LMP2;;Inter Europol Competition;Oreca;GF;35.810;33.237;54.879;
43;2;102;2:05.009;0;;35.814;0;33.965;0;55.230;0;169.6;3:59:45.518;16:00:21.405;0:35.814;0:33.965;0:55.230;270.7;Tom DILLMANN;;LMP2;;Inter Europol Competition;Oreca;GF;35.814;33.965;55.230;
43;2;103;2:04.513;0;;35.754;0;33.422;0;55.337;0;170.3;4:01:50.031;16:02:25.918;0:35.754;0:33.422;0:55.337;270.7;Tom DILLMANN;;LMP2;;Inter Europol Competition;Oreca;FF;35.754;33.422;55.337;
47;1;1;2:00.167;0;;39.350;0;31.309;0;49.508;0;172.2;2:00.167;12:02:36.054;0:39.350;0:31.309;0:49.508;269.3;Georgios KOLOVOS;;LMP2 Pro/Am;;CLX Motorsport;Oreca;GF;39.350;31.309;49.508;
47;1;2;1:50.067;0;;32.693;0;29.072;0;48.302;0;192.7;3:50.234;12:04:26.121;0:32.693;0:29.072;0:48.302;272.0;Georgios KOLOVOS;;LMP2 Pro/Am;;CLX Motorsport;Oreca;GF;32.693;29.072;48.302;
47;1;3;1:48.732;0;;31.736;0;28.800;0;48.196;0;195.0;5:38.966;12:06:14.853;0:31.736;0:28.800;0:48.196;271.4;Georgios KOLOVOS;;LMP2 Pro/Am;;CLX Motorsport;Oreca;GF;31.736;28.800;48.196;
47;1;4;1:48.793;0;;31.832;0;28.711;0;48.250;0;194.9;7:27.759;12:08:03.646;0:31.832;0:28.711;0:48.250;272.7;Georgios KOLOVOS;;LMP2 Pro/Am;;CLX Motorsport;Oreca;GF;31.832;28.711;48.250;
47;1;5;1:48.721;0;;32.112;0;28.590;0;48.019;1;195.1;9:16.480;12:09:52.367;0:32.112;0:28.590;0:48.019;270.0;Georgios KOLOVOS;;LMP2 Pro/Am;;CLX Motorsport;Oreca;GF;32.112;28.590;48.019;
47;1;6;1:48.248;0;;31.699;1;28.494;1;48.055;0;195.9;11:04.728;12:11:40.615;0:31.699;0:28.494;0:48.055;271.4;Georgios KOLOVOS;;LMP2 Pro/Am;;CLX Motorsport;Oreca;GF;31.699;28.494;48.055;
47;1;7;1:49.128;0;;31.889;0;28.618;0;48.621;0;194.3;12:53.856;12:13:29.743;0:31.889;0:28.618;0:48.621;271.4;Georgios KOLOVOS;;LMP2 Pro/Am;;CLX Motorsport;Oreca;GF;31.889;28.618;48.621;
47;1;8;1:55.216;0;;33.347;0;29.492;0;52.377;0;184.1;14:49.072;12:15:24.959;0:33.347;0:29.492;0:52.377;269.3;Georgios KOLOVOS;;LMP2 Pro/Am;;CLX Motorsport;Oreca;GF;33.347;29.492;52.377;
47;1;9;1:51.734;0;;32.533;0;29.918;0;49.283;0;189.8;16:40.806;12:17:16.693;0:32.533;0:29.918;0:49.283;271.4;Georgios KOLOVOS;;LMP2 Pro/Am;;CLX Motorsport;Oreca;GF;32.533;29.918;49.283;
47;1;10;1:49.323;0;;32.353;0;28.758;0;48.212;0;194.0;18:30.129;12:19:06.016;0:32.353;0:28.758;0:48.212;269.3;Georgios KOLOVOS;;LMP2 Pro/Am;;CLX Motorsport;Oreca;GF;32.353;28.758;48.212;
47;1;11;1:49.930;0;;31.885;0;29.429;0;48.616;0;192.9;20:20.059;12:20:55.946;0:31.885;0:29.429;0:48.616;272.0;Georgios KOLOVOS;;LMP2 Pro/Am;;CLX Motorsport;Oreca;GF;31.885;29.429;48.616;
47;1;12;1:49.206;0;;31.875;0;29.098;0;48.233;0;194.2;22:09.265;12:22:45.152;0:31.875;0:29.098;0:48.233;271.4;Georgios KOLOVOS;;LMP2 Pro/Am;;CLX Motorsport;Oreca;GF;31.875;29.098;48.233;
47;1;13;1:50.137;0;;32.873;0;28.862;0;48.402;0;192.6;23:59.402;12:24:35.289;0:32.873;0:28.862;0:48.402;270.0;Georgios KOLOVOS;;LMP2 Pro/Am;;CLX Motorsport;Oreca;GF;32.873;28.862;48.402;
47;1;14;1:49.521;0;;31.838;0;29.260;0;48.423;0;193.6;25:48.923;12:26:24.810;0:31.838;0:29.260;0:48.423;271.4;Georgios KOLOVOS;;LMP2 Pro/Am;;CLX Motorsport;Oreca;GF;31.838;29.260;48.423;
47;1;15;1:51.193;0;;31.878;0;30.046;0;49.269;0;190.7;27:40.116;12:28:16.003;0:31.878;0:30.046;0:49.269;271.4;Georgios KOLOVOS;;LMP2 Pro/Am;;CLX Motorsport;Oreca;GF;31.878;30.046;49.269;
47;1;16;1:51.107;0;;32.164;0;29.286;0;49.657;0;190.9;29:31.223;12:30:07.110;0:32.164;0:29.286;0:49.657;270.7;Georgios KOLOVOS;;LMP2 Pro/Am;;CLX Motorsport;Oreca;GF;32.164;29.286;49.657;
47;1;17;1:51.132;0;;31.841;0;29.826;0;49.465;0;190.8;31:22.355;12:31:58.242;0:31.841;0:29.826;0:49.465;272.7;Georgios KOLOVOS;;LMP2 Pro/Am;;CLX Motorsport;Oreca;GF;31.841;29.826;49.465;
47;1;18;1:51.430;0;;33.621;0;29.088;0;48.721;0;190.3;33:13.785;12:33:49.672;0:33.621;0:29.088;0:48.721;271.4;Georgios KOLOVOS;;LMP2 Pro/Am;;CLX Motorsport;Oreca;GF;33.621;29.088;48.721;
47;1;19;1:51.423;0;;33.959;0;29.062;0;48.402;0;190.3;35:05.208;12:35:41.095;0:33.959;0:29.062;0:48.402;270.7;Georgios KOLOVOS;;LMP2 Pro/Am;;CLX Motorsport;Oreca;GF;33.959;29.062;48.402;
47;1;20;1:50.223;0;;33.340;0;28.733;0;48.150;0;192.4;36:55.431;12:37:31.318;0:33.340;0:28.733;0:48.150;270.7;Georgios KOLOVOS;;LMP2 Pro/Am;;CLX Motorsport;Oreca;GF;33.340;28.733;48.150;
47;1;21;1:54.073;0;B;31.774;0;28.943;0;53.356;0;185.9;38:49.504;12:39:25.391;0:31.774;0:28.943;0:53.356;271.4;Georgios KOLOVOS;;LMP2 Pro/Am;;CLX Motorsport;Oreca;GF;31.774;28.943;53.356;
47;1;22;2:43.102;0;;1:23.265;0;29.582;0;50.255;0;130.0;41:32.606;12:42:08.493;1:23.265;0:29.582;0:50.255;268.7;Georgios KOLOVOS;0:00:53.613;LMP2 Pro/Am;;CLX Motorsport;Oreca;GF;83.265;29.582;50.255;
47;1;23;1:51.532;0;;32.151;0;30.023;0;49.358;0;190.1;43:24.138;12:44:00.025;0:32.151;0:30.023;0:49.358;272.0;Georgios KOLOVOS;;LMP2 Pro/Am;;CLX Motorsport;Oreca;GF;32.151;30.023;49.358;
47;1;24;1:50.264;0;;32.137;0;29.029;0;49.098;0;192.3;45:14.402;12:45:50.289;0:32.137;0:29.029;0:49.098;271.4;Georgios KOLOVOS;;LMP2 Pro/Am;;CLX Motorsport;Oreca;GF;32.137;29.029;49.098;
47;1;25;1:49.424;0;;32.076;0;28.889;0;48.459;0;193.8;47:03.826;12:47:39.713;0:32.076;0:28.889;0:48.459;270.0;Georgios KOLOVOS;;LMP2 Pro/Am;;CLX Motorsport;Oreca;GF;32.076;28.889;48.459;
47;1;26;1:49.354;0;;31.766;0;28.949;0;48.639;0;193.9;48:53.180;12:49:29.067;0:31.766;0:28.949;0:48.639;271.4;Georgios KOLOVOS;;LMP2 Pro/Am;;CLX Motorsport;Oreca;GF;31.766;28.949;48.639;
47;1;27;1:50.778;0;;32.038;0;28.957;0;49.783;0;191.4;50:43.958;12:51:19.845;0:32.038;0:28.957;0:49.783;271.4;Georgios KOLOVOS;;LMP2 Pro/Am;;CLX Motorsport;Oreca;GF;32.038;28.957;49.783;
47;1;28;1:53.077;0;;32.719;0;30.610;0;49.748;0;187.6;52:37.035;12:53:12.922;0:32.719;0:30.610;0:49.748;270.0;Georgios KOLOVOS;;LMP2 Pro/Am;;CLX Motorsport;Oreca;GF;32.719;30.610;49.748;
47;1;29;1:49.293;0;;31.930;0;28.770;0;48.593;0;194.0;54:26.328;12:55:02.215;0:31.930;0:28.770;0:48.593;270.0;Georgios KOLOVOS;;LMP2 Pro/Am;;CLX Motorsport;Oreca;GF;31.930;28.770;48.593;
47;1;30;1:52.518;0;;34.139;0;29.365;0;49.014;0;188.5;56:18.846;12:56:54.733;0:34.139;0:29.365;0:49.014;266.7;Georgios KOLOVOS;;LMP2 Pro/Am;;CLX Motorsport;Oreca;GF;34.139;29.365;49.014;
47;1;31;1:53.082;0;;34.344;0;29.180;0;49.558;0;187.5;58:11.928;12:58:47.815;0:34.344;0:29.180;0:49.558;272.7;Georgios KOLOVOS;;LMP2 Pro/Am;;CLX Motorsport;Oreca;GF;34.344;29.180;49.558;
47;1;32;1:49.946;0;;32.526;0;28.961;0;48.459;0;192.9;1:00:01.874;13:00:37.761;0:32.526;0:28.961;0:48.459;271.4;Georgios KOLOVOS;;LMP2 Pro/Am;;CLX Motorsport;Oreca;GF;32.526;28.961;48.459;
47;1;33;1:53.485;0;;33.357;0;28.921;0;51.207;0;186.9;1:01:55.359;13:02:31.246;0:33.357;0:28.921;0:51.207;268.0;Georgios KOLOVOS;;LMP2 Pro/Am;;CLX Motorsport;Oreca;GF;33.357;28.921;51.207;
47;1;34;1:50.701;0;;32.248;0;29.119;0;49.334;0;191.6;1:03:46.060;13:04:21.947;0:32.248;0:29.119;0:49.334;270.7;Georgios KOLOVOS;;LMP2 Pro/Am;;CLX Motorsport;Oreca;GF;32.248;29.119;49.334;
47;1;35;1:56.219;0;B;32.303;0;29.132;0;54.784;0;182.5;1:05:42.279;13:06:18.166;0:32.303;0:29.132;0:54.784;269.3;Georgios KOLOVOS;;LMP2 Pro/Am;;CLX Motorsport;Oreca;GF;32.303;29.132;54.784;
47;2;36;3:08.455;0;;1:50.511;0;29.619;0;48.325;0;112.5;1:08:50.734;13:09:26.621;1:50.511;0:29.619;0:48.325;260.2;Ferdinand HABSBURG;0:01:19.453;LMP2 Pro/Am;;CLX Motorsport;Oreca;GF;110.511;29.619;48.325;
47;2;37;1:47.558;2;;31.908;0;28.330;0;47.320;2;197.2;1:10:38.292;13:11:14.179;0:31.908;0:28.330;0:47.320;270.7;Ferdinand HABSBURG;;LMP2 Pro/Am;;CLX Motorsport;Oreca;GF;31.908;28.330;47.320;
47;2;38;1:48.302;0;;31.613;2;28.309;2;48.380;0;195.8;1:12:26.594;13:13:02.481;0:31.613;0:28.309;0:48.380;272.0;Ferdinand HABSBURG;;LMP2 Pro/Am;;CLX Motorsport;Oreca;GF;31.613;28.309;48.380;
47;2;39;1:50.919;0;;32.866;0;29.389;0;48.664;0;191.2;1:14:17.513;13:14:53.400;0:32.866;0:29.389;0:48.664;275.5;Ferdinand HABSBURG;;LMP2 Pro/Am;;CLX Motorsport;Oreca;GF;32.866;29.389;48.664;
47;2;40;1:52.941;0;;33.537;0;29.878;0;49.526;0;187.8;1:16:10.454;13:16:46.341;0:33.537;0:29.878;0:49.526;272.0;Ferdinand HABSBURG;;LMP2 Pro/Am;;CLX Motorsport;Oreca;GF;33.537;29.878;49.526;
47;2;41;1:50.845;0;;34.528;0;28.565;0;47.752;0;191.3;1:18:01.299;13:18:37.186;0:34.528;0:28.565;0:47.752;262.8;Ferdinand HABSBURG;;LMP2 Pro/Am;;CLX Motorsport;Oreca;GF;34.528;28.565;47.752;
47;2;42;2:59.123;0;;34.554;0;44.609;0;1:39.960;0;118.4;1:21:00.422;13:21:36.309;0:34.554;0:44.609;1:39.960;268.0;Ferdinand HABSBURG;;LMP2 Pro/Am;;CLX Motorsport;Oreca;GF;34.554;44.609;99.960;
47;2;43;1:53.869;0;;33.123;0;28.750;0;51.996;0;186.2;1:22:54.291;13:23:30.178;0:33.123;0:28.750;0:51.996;272.7;Ferdinand HABSBURG;;LMP2 Pro/Am;;CLX Motorsport;Oreca;GF;33.123;28.750;51.996;
47;2;44;2:43.475;0;;37.042;0;30.461;0;1:35.972;0;129.7;1:25:37.766;13:26:13.653;0:37.042;0:30.461;1:35.972;271.4;Ferdinand HABSBURG;;LMP2 Pro/Am;;CLX Motorsport;Oreca;GF;37.042;30.461;95.972;
47;2;45;4:27.156;0;B;1:31.460;0;1:07.757;0;1:47.939;0;79.4;1:30:04.922;13:30:40.809;1:31.460;1:07.757;1:47.939;;Ferdinand HABSBURG;;LMP2 Pro/Am;;CLX Motorsport;Oreca;GF;91.460;67.757;107.939;
47;2;46;4:40.427;0;;2:04.015;0;1:08.499;0;1:27.913;0;75.6;1:34:45.349;13:35:21.236;2:04.015;1:08.499;1:27.913;;Ferdinand HABSBURG;0:00:48.474;LMP2 Pro/Am;;CLX Motorsport;Oreca;SF;124.015;68.499;87.913;
47;2;47;2:27.312;0;;42.627;0;41.967;0;1:02.718;0;144.0;1:37:12.661;13:37:48.548;0:42.627;0:41.967;1:02.718;197.1;Ferdinand HABSBURG;;LMP2 Pro/Am;;CLX Motorsport;Oreca;SF;42.627;41.967;62.718;
47;2;48;3:04.393;0;;43.952;0;44.507;0;1:35.934;0;115.0;1:40:17.054;13:40:52.941;0:43.952;0:44.507;1:35.934;151.3;Ferdinand HABSBURG;;LMP2 Pro/Am;;CLX Motorsport;Oreca;SF;43.952;44.507;95.934;
47;2;49;4:16.201;0;;1:29.971;0;58.115;0;1:48.115;0;82.8;1:44:33.255;13:45:09.142;1:29.971;0:58.115;1:48.115;120.0;Ferdinand HABSBURG;;LMP2 Pro/Am;;CLX Motorsport;Oreca;SF;89.971;58.115;108.115;
47;2;50;4:05.808;0;;1:31.395;0;58.350;0;1:36.063;0;86.3;1:48:39.063;13:49:14.950;1:31.395;0:58.350;1:36.063;;Ferdinand HABSBURG;;LMP2 Pro/Am;;CLX Motorsport;Oreca;SF;91.395;58.350;96.063;
47;2;51;3:37.140;0;;1:21.844;0;51.119;0;1:24.177;0;97.7;1:52:16.203;13:52:52.090;1:21.844;0:51.119;1:24.177;;Ferdinand HABSBURG;;LMP2 Pro/Am;;CLX Motorsport;Oreca;SF;81.844;51.119;84.177;
47;2;52;2:48.838;0;;52.393;0;44.805;0;1:11.640;0;125.6;1:55:05.041;13:55:40.928;0:52.393;0:44.805;1:11.640;162.4;Ferdinand HABSBURG;;LMP2 Pro/Am;;CLX Motorsport;Oreca;SF;52.393;44.805;71.640;
47;2;53;2:47.042;0;B;48.905;0;41.845;0;1:16.292;0;127.0;1:57:52.083;13:58:27.970;0:48.905;0:41.845;1:16.292;186.2;Ferdinand HABSBURG;;LMP2 Pro/Am;;CLX Motorsport;Oreca;SF;48.905;41.845;76.292;
47;2;54;3:12.155;0;;1:41.869;0;34.378;0;55.908;0;110.4;2:01:04.238;14:01:40.125;1:41.869;0:34.378;0:55.908;242.7;Ferdinand HABSBURG;0:01:06.681;LMP2 Pro/Am;;CLX Motorsport;Oreca;SF;101.869;34.378;55.908;
47;2;55;2:46.905;0;;47.039;0;45.565;0;1:14.301;0;127.1;2:03:51.143;14:04:27.030;0:47.039;0:45.565;1:14.301;202.2;Ferdinand HABSBURG;;LMP2 Pro/Am;;CLX Motorsport;Oreca;SF;47.039;45.565;74.301;
47;2;56;3:02.259;0;;56.784;0;48.255;0;1:17.220;0;116.4;2:06:53.402;14:07:29.289;0:56.784;0:48.255;1:17.220;165.1;Ferdinand HABSBURG;;LMP2 Pro/Am;;CLX Motorsport;Oreca;SF;56.784;48.255;77.220;
47;2;57;3:00.213;0;;50.820;0;46.761;0;1:22.632;0;117.7;2:09:53.615;14:10:29.502;0:50.820;0:46.761;1:22.632;142.7;Ferdinand HABSBURG;;LMP2 Pro/Am;;CLX Motorsport;Oreca;GF;50.820;46.761;82.632;
47;2;58;2:17.797;0;;37.652;0;43.256;0;56.889;0;153.9;2:12:11.412;14:12:47.299;0:37.652;0:43.256;0:56.889;268.7;Ferdinand HABSBURG;;LMP2 Pro/Am;;CLX Motorsport;Oreca;GF;37.652;43.256;56.889;
47;2;59;2:05.726;0;;36.071;0;34.473;0;55.182;0;168.7;2:14:17.138;14:14:53.025;0:36.071;0:34.473;0:55.182;266.0;Ferdinand HABSBURG;;LMP2 Pro/Am;;CLX Motorsport;Oreca;GF;36.071;34.473;55.182;
47;2;60;2:05.013;0;;36.008;0;33.911;0;55.094;0;169.6;2:16:22.151;14:16:58.038;0:36.008;0:33.911;0:55.094;269.3;Ferdinand HABSBURG;;LMP2 Pro/Am;;CLX Motorsport;Oreca;GF;36.008;33.911;55.094;
47;2;61;2:04.652;0;;36.269;0;33.665;0;54.718;0;170.1;2:18:26.803;14:19:02.690;0:36.269;0:33.665;0:54.718;270.7;Ferdinand HABSBURG;;LMP2 Pro/Am;;CLX Motorsport;Oreca;GF;36.269;33.665;54.718;
47;2;62;2:03.645;0;;35.624;0;33.562;0;54.459;0;171.5;2:20:30.448;14:21:06.335;0:35.624;0:33.562;0:54.459;264.7;Ferdinand HABSBURG;;LMP2 Pro/Am;;CLX Motorsport;Oreca;GF;35.624;33.562;54.459;
47;2;63;2:03.301;0;;35.322;0;33.328;0;54.651;0;172.0;2:22:33.749;14:23:09.636;0:35.322;0:33.328;0:54.651;268.7;Ferdinand HABSBURG;;LMP2 Pro/Am;;CLX Motorsport;Oreca;GF;35.322;33.328;54.651;
47;2;64;2:04.208;0;;36.089;0;33.902;0;54.217;0;170.7;2:24:37.957;14:25:13.844;0:36.089;0:33.902;0:54.217;268.7;Ferdinand HABSBURG;;LMP2 Pro/Am;;CLX Motorsport;Oreca;GF;36.089;33.902;54.217;
47;2;65;2:03.132;0;;35.751;0;33.160;0;54.221;0;172.2;2:26:41.089;14:27:16.976;0:35.751;0:33.160;0:54.221;267.3;Ferdinand HABSBURG;;LMP2 Pro/Am;;CLX Motorsport;Oreca;GF;35.751;33.160;54.221;
47;2;66;2:05.061;0;;36.415;0;33.364;0;55.282;0;169.6;2:28:46.150;14:29:22.037;0:36.415;0:33.364;0:55.282;267.3;Ferdinand HABSBURG;;LMP2 Pro/Am;;CLX Motorsport;Oreca;GF;36.415;33.364;55.282;
47;2;67;2:07.280;0;;37.316;0;34.334;0;55.630;0;166.6;2:30:53.430;14:31:29.317;0:37.316;0:34.334;0:55.630;269.3;Ferdinand HABSBURG;;LMP2 Pro/Am;;CLX Motorsport;Oreca;GF;37.316;34.334;55.630;
47;2;68;2:07.919;0;;37.598;0;33.848;0;56.473;0;165.8;2:33:01.349;14:33:37.236;0:37.598;0:33.848;0:56.473;268.0;Ferdinand HABSBURG;;LMP2 Pro/Am;;CLX Motorsport;Oreca;GF;37.598;33.848;56.473;
47;2;69;2:08.943;0;;37.253;0;34.513;0;57.177;0;164.5;2:35:10.292;14:35:46.179;0:37.253;0:34.513;0:57.177;268.7;Ferdinand HABSBURG;;LMP2 Pro/Am;;CLX Motorsport;Oreca;GF;37.253;34.513;57.177;
47;2;70;2:06.827;0;;36.641;0;34.470;0;55.716;0;167.2;2:37:17.119;14:37:53.006;0:36.641;0:34.470;0:55.716;270.0;Ferdinand HABSBURG;;LMP2 Pro/Am;;CLX Motorsport;Oreca;GF;36.641;34.470;55.716;
47;2;71;2:41.445;0;;37.685;0;34.603;0;1:29.157;0;131.4;2:39:58.564;14:40:34.451;0:37.685;0:34.603;1:29.157;264.7;Ferdinand HABSBURG;;LMP2 Pro/Am;;CLX Motorsport;Oreca;FCY;37.685;34.603;89.157;
47;2;72;4:26.978;0;;1:32.416;0;1:08.480;0;1:46.082;0;79.4;2:44:25.542;14:45:01.429;1:32.416;1:08.480;1:46.082;;Ferdinand HABSBURG;;LMP2 Pro/Am;;CLX Motorsport;Oreca;FCY;92.416;68.480;106.082;
47;2;73;2:41.105;0;;1:08.355;0;35.954;0;56.796;0;131.6;2:47:06.647;14:47:42.534;1:08.355;0:35.954;0:56.796;261.5;Ferdinand HABSBURG;;LMP2 Pro/Am;;CLX Motorsport;Oreca;GF;68.355;35.954;56.796;
47;2;74;2:08.674;0;;36.859;0;34.931;0;56.884;0;164.8;2:49:15.321;14:49:51.208;0:36.859;0:34.931;0:56.884;264.7;Ferdinand HABSBURG;;LMP2 Pro/Am;;CLX Motorsport;Oreca;GF;36.859;34.931;56.884;
47;2;75;2:25.423;0;;36.945;0;34.615;0;1:13.863;0;145.8;2:51:40.744;14:52:16.631;0:36.945;0:34.615;1:13.863;266.0;Ferdinand HABSBURG;;LMP2 Pro/Am;;CLX Motorsport;Oreca;FCY;36.945;34.615;73.863;
47;2;76;4:27.615;0;;1:32.944;0;1:08.457;0;1:46.214;0;79.2;2:56:08.359;14:56:44.246;1:32.944;1:08.457;1:46.214;;Ferdinand HABSBURG;;LMP2 Pro/Am;;CLX Motorsport;Oreca;FCY;92.944;68.457;106.214;
47;2;77;4:16.496;0;B;1:32.555;0;1:08.918;0;1:35.023;0;82.7;3:00:24.855;15:01:00.742;1:32.555;1:08.918;1:35.023;;Ferdinand HABSBURG;;LMP2 Pro/Am;;CLX Motorsport;Oreca;GF;92.555;68.918;95.023;
47;3;78;3:16.256;0;;1:43.110;0;35.891;0;57.255;0;108.1;3:03:41.111;15:04:16.998;1:43.110;0:35.891;0:57.255;259.6;Charles MILESI;0:01:08.809;LMP2 Pro/Am;;CLX Motorsport;Oreca;GF;103.110;35.891;57.255;
47;3;79;2:08.712;0;;37.595;0;34.592;0;56.525;0;164.8;3:05:49.823;15:06:25.710;0:37.595;0:34.592;0:56.525;262.8;Charles MILESI;;LMP2 Pro/Am;;CLX Motorsport;Oreca;GF;37.595;34.592;56.525;
47;3;80;2:09.387;0;;37.597;0;34.843;0;56.947;0;163.9;3:07:59.210;15:08:35.097;0:37.597;0:34.843;0:56.947;264.1;Charles MILESI;;LMP2 Pro/Am;;CLX Motorsport;Oreca;GF;37.597;34.843;56.947;
47;3;81;2:09.071;0;;37.579;0;34.689;0;56.803;0;164.3;3:10:08.281;15:10:44.168;0:37.579;0:34.689;0:56.803;264.7;Charles MILESI;;LMP2 Pro/Am;;CLX Motorsport;Oreca;GF;37.579;34.689;56.803;
47;3;82;2:08.405;0;;37.701;0;34.163;0;56.541;0;165.2;3:12:16.686;15:12:52.573;0:37.701;0:34.163;0:56.541;264.1;Charles MILESI;;LMP2 Pro/Am;;CLX Motorsport;Oreca;GF;37.701;34.163;56.541;
47;3;83;2:08.336;0;;37.614;0;34.010;0;56.712;0;165.3;3:14:25.022;15:15:00.909;0:37.614;0:34.010;0:56.712;266.0;Charles MILESI;;LMP2 Pro/Am;;CLX Motorsport;Oreca;GF;37.614;34.010;56.712;
47;3;84;2:10.373;0;;39.804;0;34.604;0;55.965;0;162.7;3:16:35.395;15:17:11.282;0:39.804;0:34.604;0:55.965;248.8;Charles MILESI;;LMP2 Pro/Am;;CLX Motorsport;Oreca;GF;39.804;34.604;55.965;
47;3;85;2:07.817;0;;37.250;0;34.691;0;55.876;0;165.9;3:18:43.212;15:19:19.099;0:37.250;0:34.691;0:55.876;265.4;Charles MILESI;;LMP2 Pro/Am;;CLX Motorsport;Oreca;GF;37.250;34.691;55.876;
47;3;86;2:07.262;0;;37.289;0;33.918;0;56.055;0;166.6;3:20:50.474;15:21:26.361;0:37.289;0:33.918;0:56.055;264.7;Charles MILESI;;LMP2 Pro/Am;;CLX Motorsport;Oreca;GF;37.289;33.918;56.055;
47;3;87;2:07.305;0;;37.246;0;34.638;0;55.421;0;166.6;3:22:57.779;15:23:33.666;0:37.246;0:34.638;0:55.421;264.1;Charles MILESI;;LMP2 Pro/Am;;CLX Motorsport;Oreca;GF;37.246;34.638;55.421;
47;3;88;2:05.733;0;;36.747;0;33.558;0;55.428;0;168.7;3:25:03.512;15:25:39.399;0:36.747;0:33.558;0:55.428;266.0;Charles MILESI;;LMP2 Pro/Am;;CLX Motorsport;Oreca;GF;36.747;33.558;55.428;
47;3;89;2:06.182;0;;36.984;0;33.614;0;55.584;0;168.1;3:27:09.694;15:27:45.581;0:36.984;0:33.614;0:55.584;266.0;Charles MILESI;;LMP2 Pro/Am;;CLX Motorsport;Oreca;GF;36.984;33.614;55.584;
47;3;90;2:06.724;0;;36.810;0;34.542;0;55.372;0;167.4;3:29:16.418;15:29:52.305;0:36.810;0:34.542;0:55.372;268.7;Charles MILESI;;LMP2 Pro/Am;;CLX Motorsport;Oreca;GF;36.810;34.542;55.372;
47;3;91;2:08.770;0;;37.784;0;33.545;0;57.441;0;164.7;3:31:25.188;15:32:01.075;0:37.784;0:33.545;0:57.441;266.7;Charles MILESI;;LMP2 Pro/Am;;CLX Motorsport;Oreca;GF;37.784;33.545;57.441;
47;3;92;2:04.573;0;;36.396;0;33.103;0;55.074;0;170.2;3:33:29.761;15:34:05.648;0:36.396;0:33.103;0:55.074;266.0;Charles MILESI;;LMP2 Pro/Am;;CLX Motorsport;Oreca;GF;36.396;33.103;55.074;
47;3;93;2:04.609;0;;36.253;0;33.483;0;54.873;0;170.2;3:35:34.370;15:36:10.257;0:36.253;0:33.483;0:54.873;266.0;Charles MILESI;;LMP2 Pro/Am;;CLX Motorsport;Oreca;GF;36.253;33.483;54.873;
47;3;94;2:05.109;0;;36.931;0;33.357;0;54.821;0;169.5;3:37:39.479;15:38:15.366;0:36.931;0:33.357;0:54.821;266.7;Charles MILESI;;LMP2 Pro/Am;;CLX Motorsport;Oreca;GF;36.931;33.357;54.821;
47;3;95;2:05.838;0;;36.773;0;33.712;0;55.353;0;168.5;3:39:45.317;15:40:21.204;0:36.773;0:33.712;0:55.353;266.0;Charles MILESI;;LMP2 Pro/Am;;CLX Motorsport;Oreca;GF;36.773;33.712;55.353;
47;3;96;2:05.678;0;;36.124;1;34.047;0;55.507;0;168.7;3:41:50.995;15:42:26.882;0:36.124;0:34.047;0:55.507;270.0;Charles MILESI;;LMP2 Pro/Am;;CLX Motorsport;Oreca;GF;36.124;34.047;55.507;
47;3;97;2:05.838;0;;36.425;0;34.547;0;54.866;0;168.5;3:43:56.833;15:44:32.720;0:36.425;0:34.547;0:54.866;270.0;Charles MILESI;;LMP2 Pro/Am;;CLX Motorsport;Oreca;GF;36.425;34.547;54.866;
47;3;98;2:09.611;0;B;36.562;0;33.366;0;59.683;0;163.6;3:46:06.444;15:46:42.331;0:36.562;0:33.366;0:59.683;268.0;Charles MILESI;;LMP2 Pro/Am;;CLX Motorsport;Oreca;GF;36.562;33.366;59.683;
47;3;99;2:38.897;0;;1:10.918;0;32.923;0;55.056;0;133.5;3:48:45.341;15:49:21.228;1:10.918;0:32.923;0:55.056;266.7;Charles MILESI;0:00:38.950;LMP2 Pro/Am;;CLX Motorsport;Oreca;GF;70.918;32.923;55.056;
47;3;100;2:05.666;0;;38.039;0;33.029;0;54.598;0;168.8;3:50:51.007;15:51:26.894;0:38.039;0:33.029;0:54.598;264.7;Charles MILESI;;LMP2 Pro/Am;;CLX Motorsport;Oreca;GF;38.039;33.029;54.598;
47;3;101;2:05.085;0;;36.326;0;33.352;0;55.407;0;169.5;3:52:56.092;15:53:31.979;0:36.326;0:33.352;0:55.407;266.7;Charles MILESI;;LMP2 Pro/Am;;CLX Motorsport;Oreca;GF;36.326;33.352;55.407;
47;3;102;2:05.204;0;;36.310;0;33.063;0;55.831;0;169.4;3:55:01.296;15:55:37.183;0:36.310;0:33.063;0:55.831;267.3;Charles MILESI;;LMP2 Pro/Am;;CLX Motorsport;Oreca;GF;36.310;33.063;55.831;
47;3;103;2:03.395;0;;36.276;0;32.765;1;54.354;1;171.9;3:57:04.691;15:57:40.578;0:36.276;0:32.765;0:54.354;269.3;Charles MILESI;;LMP2 Pro/Am;;CLX Motorsport;Oreca;GF;36.276;32.765;54.354;
47;3;104;2:05.532;0;;36.449;0;33.299;0;55.784;0;168.9;3:59:10.223;15:59:46.110;0:36.449;0:33.299;0:55.784;267.3;Charles MILESI;;LMP2 Pro/Am;;CLX Motorsport;Oreca;GF;36.449;33.299;55.784;
47;3;105;2:07.019;0;;36.928;0;34.186;0;55.905;0;167.0;4:01:17.242;16:01:53.129;0:36.928;0:34.186;0:55.905;271.4;Charles MILESI;;LMP2 Pro/Am;;CLX Motorsport;Oreca;FF;36.928;34.186;55.905;
5;1;1;2:13.940;0;;46.523;0;34.152;0;53.265;0;154.5;2:13.940;12:02:49.827;0:46.523;0:34.152;0:53.265;236.8;Jose FERNANDES CAUTELA;;LMP3;;Rinaldi Racing;Ligier;GF;46.523;34.152;53.265;
5;1;2;2:01.387;0;;36.525;0;32.177;0;52.685;0;174.7;4:15.327;12:04:51.214;0:36.525;0:32.177;0:52.685;249.4;Jose FERNANDES CAUTELA;;LMP3;;Rinaldi Racing;Ligier;GF;36.525;32.177;52.685;
5;1;3;1:59.994;0;;35.858;0;31.469;0;52.667;0;176.7;6:15.321;12:06:51.208;0:35.858;0:31.469;0:52.667;246.6;Jose FERNANDES CAUTELA;;LMP3;;Rinaldi Racing;Ligier;GF;35.858;31.469;52.667;
5;1;4;1:59.212;0;;35.765;0;31.310;0;52.137;0;177.9;8:14.533;12:08:50.420;0:35.765;0:31.310;0:52.137;247.1;Jose FERNANDES CAUTELA;;LMP3;;Rinaldi Racing;Ligier;GF;35.765;31.310;52.137;
5;1;5;1:58.494;0;;35.432;0;31.396;0;51.666;0;179.0;10:13.027;12:10:48.914;0:35.432;0:31.396;0:51.666;247.7;Jose FERNANDES CAUTELA;;LMP3;;Rinaldi Racing;Ligier;GF;35.432;31.396;51.666;
5;1;6;1:57.617;0;;35.208;0;31.075;0;51.334;0;180.3;12:10.644;12:12:46.531;0:35.208;0:31.075;0:51.334;247.7;Jose FERNANDES CAUTELA;;LMP3;;Rinaldi Racing;Ligier;GF;35.208;31.075;51.334;
5;1;7;1:57.647;0;;35.188;0;30.951;0;51.508;0;180.3;14:08.291;12:14:44.178;0:35.188;0:30.951;0:51.508;247.1;Jose FERNANDES CAUTELA;;LMP3;;Rinaldi Racing;Ligier;GF;35.188;30.951;51.508;
5;1;8;1:57.600;0;;35.166;0;30.889;2;51.545;0;180.3;16:05.891;12:16:41.778;0:35.166;0:30.889;0:51.545;247.7;Jose FERNANDES CAUTELA;;LMP3;;Rinaldi Racing;Ligier;GF;35.166;30.889;51.545;
5;1;9;1:57.772;0;;35.107;2;30.910;0;51.755;0;180.1;18:03.663;12:18:39.550;0:35.107;0:30.910;0:51.755;247.1;Jose FERNANDES CAUTELA;;LMP3;;Rinaldi Racing;Ligier;GF;35.107;30.910;51.755;
5;1;10;1:59.484;0;;35.479;0;32.017;0;51.988;0;177.5;20:03.147;12:20:39.034;0:35.479;0:32.017;0:51.988;244.9;Jose FERNANDES CAUTELA;;LMP3;;Rinaldi Racing;Ligier;GF;35.479;32.017;51.988;
5;1;11;1:59.389;0;;36.330;0;31.091;0;51.968;0;177.6;22:02.536;12:22:38.423;0:36.330;0:31.091;0:51.968;247.7;Jose FERNANDES CAUTELA;;LMP3;;Rinaldi Racing;Ligier;GF;36.330;31.091;51.968;
5;1;12;1:58.793;0;;35.638;0;31.061;0;52.094;0;178.5;24:01.329;12:24:37.216;0:35.638;0:31.061;0:52.094;247.7;Jose FERNANDES CAUTELA;;LMP3;;Rinaldi Racing;Ligier;GF;35.638;31.061;52.094;
5;1;13;1:58.741;0;;35.426;0;31.574;0;51.741;0;178.6;26:00.070;12:26:35.957;0:35.426;0:31.574;0:51.741;248.3;Jose FERNANDES CAUTELA;;LMP3;;Rinaldi Racing;Ligier;GF;35.426;31.574;51.741;
5;1;14;2:00.468;0;;35.864;0;32.050;0;52.554;0;176.0;28:00.538;12:28:36.425;0:35.864;0:32.050;0:52.554;246.6;Jose FERNANDES CAUTELA;;LMP3;;Rinaldi Racing;Ligier;GF;35.864;32.050;52.554;
5;1;15;1:57.620;0;;35.189;0;30.974;0;51.457;0;180.3;29:58.158;12:30:34.045;0:35.189;0:30.974;0:51.457;248.3;Jose FERNANDES CAUTELA;;LMP3;;Rinaldi Racing;Ligier;GF;35.189;30.974;51.457;
5;1;16;1:58.249;0;;35.449;0;31.120;0;51.680;0;179.3;31:56.407;12:32:32.294;0:35.449;0:31.120;0:51.680;247.1;Jose FERNANDES CAUTELA;;LMP3;;Rinaldi Racing;Ligier;GF;35.449;31.120;51.680;
5;1;17;1:58.808;0;;35.595;0;31.016;0;52.197;0;178.5;33:55.215;12:34:31.102;0:35.595;0:31.016;0:52.197;247.7;Jose FERNANDES CAUTELA;;LMP3;;Rinaldi Racing;Ligier;GF;35.595;31.016;52.197;
5;1;18;2:00.954;0;;35.541;0;32.902;0;52.511;0;175.3;35:56.169;12:36:32.056;0:35.541;0:32.902;0:52.511;248.3;Jose FERNANDES CAUTELA;;LMP3;;Rinaldi Racing;Ligier;GF;35.541;32.902;52.511;
5;1;19;1:59.714;0;;35.364;0;31.744;0;52.606;0;177.2;37:55.883;12:38:31.770;0:35.364;0:31.744;0:52.606;247.7;Jose FERNANDES CAUTELA;;LMP3;;Rinaldi Racing;Ligier;GF;35.364;31.744;52.606;
5;1;20;1:58.206;0;;35.260;0;31.206;0;51.740;0;179.4;39:54.089;12:40:29.976;0:35.260;0:31.206;0:51.740;246.6;Jose FERNANDES CAUTELA;;LMP3;;Rinaldi Racing;Ligier;GF;35.260;31.206;51.740;
5;1;21;1:58.677;0;;35.524;0;31.215;0;51.938;0;178.7;41:52.766;12:42:28.653;0:35.524;0:31.215;0:51.938;247.7;Jose FERNANDES CAUTELA;;LMP3;;Rinaldi Racing;Ligier;GF;35.524;31.215;51.938;
5;1;22;2:00.801;0;;36.466;0;31.588;0;52.747;0;175.6;43:53.567;12:44:29.454;0:36.466;0:31.588;0:52.747;247.7;Jose FERNANDES CAUTELA;;LMP3;;Rinaldi Racing;Ligier;GF;36.466;31.588;52.747;
5;1;23;1:58.821;0;;35.753;0;31.045;0;52.023;0;178.5;45:52.388;12:46:28.275;0:35.753;0:31.045;0:52.023;247.1;Jose FERNANDES CAUTELA;;LMP3;;Rinaldi Racing;Ligier;GF;35.753;31.045;52.023;
5;1;24;1:58.870;0;;35.307;0;31.451;0;52.112;0;178.4;47:51.258;12:48:27.145;0:35.307;0:31.451;0:52.112;246.6;Jose FERNANDES CAUTELA;;LMP3;;Rinaldi Racing;Ligier;GF;35.307;31.451;52.112;
5;1;25;2:00.421;0;;35.876;0;32.205;0;52.340;0;176.1;49:51.679;12:50:27.566;0:35.876;0:32.205;0:52.340;248.8;Jose FERNANDES CAUTELA;;LMP3;;Rinaldi Racing;Ligier;GF;35.876;32.205;52.340;
5;1;26;1:57.571;2;;35.268;0;30.983;0;51.320;2;180.4;51:49.250;12:52:25.137;0:35.268;0:30.983;0:51.320;248.8;Jose FERNANDES CAUTELA;;LMP3;;Rinaldi Racing;Ligier;GF;35.268;30.983;51.320;
5;1;27;1:58.582;0;;35.144;0;31.166;0;52.272;0;178.8;53:47.832;12:54:23.719;0:35.144;0:31.166;0:52.272;247.1;Jose FERNANDES CAUTELA;;LMP3;;Rinaldi Racing;Ligier;GF;35.144;31.166;52.272;
5;1;28;2:01.937;0;;37.375;0;32.233;0;52.329;0;173.9;55:49.769;12:56:25.656;0:37.375;0:32.233;0:52.329;247.7;Jose FERNANDES CAUTELA;;LMP3;;Rinaldi Racing;Ligier;GF;37.375;32.233;52.329;
5;1;29;2:04.143;0;B;35.720;0;31.424;0;56.999;0;170.8;57:53.912;12:58:29.799;0:35.720;0:31.424;0:56.999;247.7;Jose FERNANDES CAUTELA;;LMP3;;Rinaldi Racing;Ligier;GF;35.720;31.424;56.999;
5;1;30;2:56.868;0;;1:33.047;0;31.605;0;52.216;0;119.9;1:00:50.780;13:01:26.667;1:33.047;0:31.605;0:52.216;246.6;Jose FERNANDES CAUTELA;0:01:00.384;LMP3;;Rinaldi Racing;Ligier;GF;93.047;31.605;52.216;
5;1;31;2:00.869;0;;35.824;0;32.222;0;52.823;0;175.5;1:02:51.649;13:03:27.536;0:35.824;0:32.222;0:52.823;247.7;Jose FERNANDES CAUTELA;;LMP3;;Rinaldi Racing;Ligier;GF;35.824;32.222;52.823;
5;1;32;2:00.488;0;;36.703;0;31.740;0;52.045;0;176.0;1:04:52.137;13:05:28.024;0:36.703;0:31.740;0:52.045;246.0;Jose FERNANDES CAUTELA;;LMP3;;Rinaldi Racing;Ligier;GF;36.703;31.740;52.045;
5;1;33;1:59.435;0;;35.734;0;31.384;0;52.317;0;177.6;1:06:51.572;13:07:27.459;0:35.734;0:31.384;0:52.317;247.1;Jose FERNANDES CAUTELA;;LMP3;;Rinaldi Racing;Ligier;GF;35.734;31.384;52.317;
5;1;34;1:59.306;0;;35.627;0;31.382;0;52.297;0;177.8;1:08:50.878;13:09:26.765;0:35.627;0:31.382;0:52.297;246.6;Jose FERNANDES CAUTELA;;LMP3;;Rinaldi Racing;Ligier;GF;35.627;31.382;52.297;
5;1;35;2:01.108;0;;35.895;0;32.135;0;53.078;0;175.1;1:10:51.986;13:11:27.873;0:35.895;0:32.135;0:53.078;248.3;Jose FERNANDES CAUTELA;;LMP3;;Rinaldi Racing;Ligier;GF;35.895;32.135;53.078;
5;1;36;2:01.083;0;;36.259;0;32.197;0;52.627;0;175.1;1:12:53.069;13:13:28.956;0:36.259;0:32.197;0:52.627;247.1;Jose FERNANDES CAUTELA;;LMP3;;Rinaldi Racing;Ligier;GF;36.259;32.197;52.627;
5;1;37;2:03.577;0;;37.068;0;32.893;0;53.616;0;171.6;1:14:56.646;13:15:32.533;0:37.068;0:32.893;0:53.616;246.6;Jose FERNANDES CAUTELA;;LMP3;;Rinaldi Racing;Ligier;GF;37.068;32.893;53.616;
5;1;38;2:06.068;0;;38.902;0;33.161;0;54.005;0;168.2;1:17:02.714;13:17:38.601;0:38.902;0:33.161;0:54.005;244.9;Jose FERNANDES CAUTELA;;LMP3;;Rinaldi Racing;Ligier;GF;38.902;33.161;54.005;
5;1;39;2:14.592;0;;37.408;0;31.884;0;1:05.300;0;157.6;1:19:17.306;13:19:53.193;0:37.408;0:31.884;1:05.300;246.0;Jose FERNANDES CAUTELA;;LMP3;;Rinaldi Racing;Ligier;FCY;37.408;31.884;65.300;
5;1;40;3:06.763;0;;1:30.545;0;38.171;0;58.047;0;113.6;1:22:24.069;13:22:59.956;1:30.545;0:38.171;0:58.047;;Jose FERNANDES CAUTELA;;LMP3;;Rinaldi Racing;Ligier;GF;90.545;38.171;58.047;
5;1;41;2:47.981;0;B;41.945;0;33.682;0;1:32.354;0;126.2;1:25:12.050;13:25:47.937;0:41.945;0:33.682;1:32.354;244.3;Jose FERNANDES CAUTELA;;LMP3;;Rinaldi Racing;Ligier;GF;41.945;33.682;92.354;
5;1;42;5:51.352;0;B;2:56.247;0;1:07.887;0;1:47.218;0;60.4;1:31:03.402;13:31:39.289;2:56.247;1:07.887;1:47.218;;Jose FERNANDES CAUTELA;0:01:40.705;LMP3;;Rinaldi Racing;Ligier;GF;176.247;67.887;107.218;
5;1;43;5:03.474;0;;2:56.528;0;58.404;0;1:08.542;0;69.9;1:36:06.876;13:36:42.763;2:56.528;0:58.404;1:08.542;;Jose FERNANDES CAUTELA;0:01:41.154;LMP3;;Rinaldi Racing;Ligier;SF;176.528;58.404;68.542;
5;1;44;3:42.533;0;;1:05.705;0;1:00.193;0;1:36.635;0;95.3;1:39:49.409;13:40:25.296;1:05.705;1:00.193;1:36.635;;Jose FERNANDES CAUTELA;;LMP3;;Rinaldi Racing;Ligier;SF;65.705;60.193;96.635;
5;1;45;4:14.804;0;;1:28.520;0;1:04.990;0;1:41.294;0;83.2;1:44:04.213;13:44:40.100;1:28.520;1:04.990;1:41.294;;Jose FERNANDES CAUTELA;;LMP3;;Rinaldi Racing;Ligier;SF;88.520;64.990;101.294;
5;1;46;2:55.544;0;;53.292;0;49.162;0;1:13.090;0;120.8;1:46:59.757;13:47:35.644;0:53.292;0:49.162;1:13.090;188.2;Jose FERNANDES CAUTELA;;LMP3;;Rinaldi Racing;Ligier;SF;53.292;49.162;73.090;
5;1;47;2:43.841;0;;48.547;0;45.954;0;1:09.340;0;129.4;1:49:43.598;13:50:19.485;0:48.547;0:45.954;1:09.340;195.7;Jose FERNANDES CAUTELA;;LMP3;;Rinaldi Racing;Ligier;SF;48.547;45.954;69.340;
5;1;48;2:52.181;0;;45.057;0;44.106;0;1:23.018;0;123.2;1:52:35.779;13:53:11.666;0:45.057;0:44.106;1:23.018;232.8;Jose FERNANDES CAUTELA;;LMP3;;Rinaldi Racing;Ligier;SF;45.057;44.106;83.018;
5;1;49;2:45.521;0;B;47.116;0;43.189;0;1:15.216;0;128.1;1:55:21.300;13:55:57.187;0:47.116;0:43.189;1:15.216;221.3;Jose FERNANDES CAUTELA;;LMP3;;Rinaldi Racing;Ligier;SF;47.116;43.189;75.216;
5;2;50;3:54.602;0;;2:00.448;0;42.155;0;1:11.999;0;90.4;1:59:15.902;13:59:51.789;2:00.448;0:42.155;1:11.999;163.9;Alvise RODELLA;0:01:17.080;LMP3;;Rinaldi Racing;Ligier;SF;120.448;42.155;71.999;
5;2;51;2:44.418;0;;52.796;0;42.991;0;1:08.631;0;129.0;2:02:00.320;14:02:36.207;0:52.796;0:42.991;1:08.631;175.3;Alvise RODELLA;;LMP3;;Rinaldi Racing;Ligier;SF;52.796;42.991;68.631;
5;2;52;2:35.334;0;;47.037;0;42.277;0;1:06.020;0;136.5;2:04:35.654;14:05:11.541;0:47.037;0:42.277;1:06.020;153.6;Alvise RODELLA;;LMP3;;Rinaldi Racing;Ligier;SF;47.037;42.277;66.020;
5;2;53;2:29.393;0;;45.136;0;37.826;0;1:06.431;0;142.0;2:07:05.047;14:07:40.934;0:45.136;0:37.826;1:06.431;169.0;Alvise RODELLA;;LMP3;;Rinaldi Racing;Ligier;SF;45.136;37.826;66.431;
5;2;54;2:56.584;0;;51.234;0;45.798;0;1:19.552;0;120.1;2:10:01.631;14:10:37.518;0:51.234;0:45.798;1:19.552;176.2;Alvise RODELLA;;LMP3;;Rinaldi Racing;Ligier;GF;51.234;45.798;79.552;
5;2;55;2:21.923;0;;41.252;0;37.919;0;1:02.752;0;149.4;2:12:23.554;14:12:59.441;0:41.252;0:37.919;1:02.752;239.5;Alvise RODELLA;;LMP3;;Rinaldi Racing;Ligier;GF;41.252;37.919;62.752;
5;2;56;2:19.300;0;;42.101;0;37.412;0;59.787;0;152.2;2:14:42.854;14:15:18.741;0:42.101;0:37.412;0:59.787;238.4;Alvise RODELLA;;LMP3;;Rinaldi Racing;Ligier;GF;42.101;37.412;59.787;
5;2;57;2:15.653;0;;39.874;0;36.958;0;58.821;1;156.3;2:16:58.507;14:17:34.394;0:39.874;0:36.958;0:58.821;242.2;Alvise RODELLA;;LMP3;;Rinaldi Racing;Ligier;GF;39.874;36.958;58.821;
5;2;58;2:16.975;0;;40.709;0;36.834;0;59.432;0;154.8;2:19:15.482;14:19:51.369;0:40.709;0:36.834;0:59.432;241.6;Alvise RODELLA;;LMP3;;Rinaldi Racing;Ligier;GF;40.709;36.834;59.432;
5;2;59;2:15.379;0;;39.802;0;36.462;0;59.115;0;156.7;2:21:30.861;14:22:06.748;0:39.802;0:36.462;0:59.115;242.2;Alvise RODELLA;;LMP3;;Rinaldi Racing;Ligier;GF;39.802;36.462;59.115;
5;2;60;2:14.354;0;;39.218;1;35.978;1;59.158;0;157.8;2:23:45.215;14:24:21.102;0:39.218;0:35.978;0:59.158;243.8;Alvise RODELLA;;LMP3;;Rinaldi Racing;Ligier;GF;39.218;35.978;59.158;
5;2;61;2:15.388;0;;39.862;0;36.104;0;59.422;0;156.6;2:26:00.603;14:26:36.490;0:39.862;0:36.104;0:59.422;241.6;Alvise RODELLA;;LMP3;;Rinaldi Racing;Ligier;GF;39.862;36.104;59.422;
5;2;62;2:15.698;0;;40.274;0;36.292;0;59.132;0;156.3;2:28:16.301;14:28:52.188;0:40.274;0:36.292;0:59.132;242.2;Alvise RODELLA;;LMP3;;Rinaldi Racing;Ligier;GF;40.274;36.292;59.132;
5;2;63;2:16.637;0;;40.400;0;36.785;0;59.452;0;155.2;2:30:32.938;14:31:08.825;0:40.400;0:36.785;0:59.452;243.8;Alvise RODELLA;;LMP3;;Rinaldi Racing;Ligier;GF;40.400;36.785;59.452;
5;2;64;2:19.963;0;;41.596;0;36.706;0;1:01.661;0;151.5;2:32:52.901;14:33:28.788;0:41.596;0:36.706;1:01.661;242.7;Alvise RODELLA;;LMP3;;Rinaldi Racing;Ligier;GF;41.596;36.706;61.661;
5;2;65;2:20.256;0;;41.188;0;36.986;0;1:02.082;0;151.2;2:35:13.157;14:35:49.044;0:41.188;0:36.986;1:02.082;242.7;Alvise RODELLA;;LMP3;;Rinaldi Racing;Ligier;GF;41.188;36.986;62.082;
5;2;66;2:17.741;0;;40.866;0;37.124;0;59.751;0;154.0;2:37:30.898;14:38:06.785;0:40.866;0:37.124;0:59.751;241.1;Alvise RODELLA;;LMP3;;Rinaldi Racing;Ligier;GF;40.866;37.124;59.751;
5;2;67;2:56.610;0;;40.991;0;37.245;0;1:38.374;0;120.1;2:40:27.508;14:41:03.395;0:40.991;0:37.245;1:38.374;224.1;Alvise RODELLA;;LMP3;;Rinaldi Racing;Ligier;FCY;40.991;37.245;98.374;
5;2;68;4:23.790;0;;1:31.200;0;1:07.541;0;1:45.049;0;80.4;2:44:51.298;14:45:27.185;1:31.200;1:07.541;1:45.049;;Alvise RODELLA;;LMP3;;Rinaldi Racing;Ligier;FCY;91.200;67.541;105.049;
5;2;69;2:32.260;0;;53.225;0;37.791;0;1:01.244;0;139.3;2:47:23.558;14:47:59.445;0:53.225;0:37.791;1:01.244;237.9;Alvise RODELLA;;LMP3;;Rinaldi Racing;Ligier;GF;53.225;37.791;61.244;
5;2;70;2:18.606;0;;41.211;0;37.397;0;59.998;0;153.0;2:49:42.164;14:50:18.051;0:41.211;0:37.397;0:59.998;238.9;Alvise RODELLA;;LMP3;;Rinaldi Racing;Ligier;GF;41.211;37.397;59.998;
5;2;71;2:49.844;0;;40.773;0;37.587;0;1:31.484;0;124.9;2:52:32.008;14:53:07.895;0:40.773;0:37.587;1:31.484;226.9;Alvise RODELLA;;LMP3;;Rinaldi Racing;Ligier;FCY;40.773;37.587;91.484;
5;2;72;4:24.751;0;;1:31.346;0;1:07.386;0;1:46.019;0;80.1;2:56:56.759;14:57:32.646;1:31.346;1:07.386;1:46.019;;Alvise RODELLA;;LMP3;;Rinaldi Racing;Ligier;FCY;91.346;67.386;106.019;
5;2;73;3:50.228;0;;1:31.269;0;1:07.618;0;1:11.341;0;92.1;3:00:46.987;15:01:22.874;1:31.269;1:07.618;1:11.341;;Alvise RODELLA;;LMP3;;Rinaldi Racing;Ligier;GF;91.269;67.618;71.341;
5;2;74;2:17.354;0;;40.608;0;36.996;0;59.750;0;154.4;3:03:04.341;15:03:40.228;0:40.608;0:36.996;0:59.750;240.5;Alvise RODELLA;;LMP3;;Rinaldi Racing;Ligier;GF;40.608;36.996;59.750;
5;2;75;2:18.556;0;;40.960;0;36.953;0;1:00.643;0;153.1;3:05:22.897;15:05:58.784;0:40.960;0:36.953;1:00.643;241.6;Alvise RODELLA;;LMP3;;Rinaldi Racing;Ligier;GF;40.960;36.953;60.643;
5;2;76;2:18.171;0;;40.477;0;37.273;0;1:00.421;0;153.5;3:07:41.068;15:08:16.955;0:40.477;0:37.273;1:00.421;240.5;Alvise RODELLA;;LMP3;;Rinaldi Racing;Ligier;GF;40.477;37.273;60.421;
5;2;77;2:21.289;0;B;41.010;0;36.299;0;1:03.980;0;150.1;3:10:02.357;15:10:38.244;0:41.010;0:36.299;1:03.980;243.2;Alvise RODELLA;;LMP3;;Rinaldi Racing;Ligier;GF;41.010;36.299;63.980;
5;3;78;3:15.900;0;;1:40.499;0;35.975;0;59.426;0;108.3;3:13:18.257;15:13:54.144;1:40.499;0:35.975;0:59.426;240.5;Mikkel Gaarde PEDERSEN;0:01:03.572;LMP3;;Rinaldi Racing;Ligier;GF;100.499;35.975;59.426;
5;3;79;2:15.606;0;;40.426;0;35.871;0;59.309;0;156.4;3:15:33.863;15:16:09.750;0:40.426;0:35.871;0:59.309;241.1;Mikkel Gaarde PEDERSEN;;LMP3;;Rinaldi Racing;Ligier;GF;40.426;35.871;59.309;
5;3;80;2:15.702;0;;40.465;0;36.027;0;59.210;0;156.3;3:17:49.565;15:18:25.452;0:40.465;0:36.027;0:59.210;242.7;Mikkel Gaarde PEDERSEN;;LMP3;;Rinaldi Racing;Ligier;GF;40.465;36.027;59.210;
5;3;81;2:14.853;0;;40.190;0;35.700;0;58.963;0;157.3;3:20:04.418;15:20:40.305;0:40.190;0:35.700;0:58.963;242.2;Mikkel Gaarde PEDERSEN;;LMP3;;Rinaldi Racing;Ligier;GF;40.190;35.700;58.963;
5;3;82;2:17.690;0;;40.275;0;37.189;0;1:00.226;0;154.0;3:22:22.108;15:22:57.995;0:40.275;0:37.189;1:00.226;242.7;Mikkel Gaarde PEDERSEN;;LMP3;;Rinaldi Racing;Ligier;GF;40.275;37.189;60.226;
5;3;83;2:17.842;0;;41.149;0;36.401;0;1:00.292;0;153.9;3:24:39.950;15:25:15.837;0:41.149;0:36.401;1:00.292;243.2;Mikkel Gaarde PEDERSEN;;LMP3;;Rinaldi Racing;Ligier;GF;41.149;36.401;60.292;
5;3;84;2:16.922;0;;40.334;0;36.561;0;1:00.027;0;154.9;3:26:56.872;15:27:32.759;0:40.334;0:36.561;1:00.027;241.6;Mikkel Gaarde PEDERSEN;;LMP3;;Rinaldi Racing;Ligier;GF;40.334;36.561;60.027;
5;3;85;2:19.128;0;;41.579;0;37.421;0;1:00.128;0;152.4;3:29:16.000;15:29:51.887;0:41.579;0:37.421;1:00.128;242.7;Mikkel Gaarde PEDERSEN;;LMP3;;Rinaldi Racing;Ligier;GF;41.579;37.421;60.128;
5;3;86;2:16.115;0;;40.984;0;36.015;0;59.116;0;155.8;3:31:32.115;15:32:08.002;0:40.984;0:36.015;0:59.116;242.2;Mikkel Gaarde PEDERSEN;;LMP3;;Rinaldi Racing;Ligier;GF;40.984;36.015;59.116;
5;3;87;2:14.238;0;;39.906;0;35.751;0;58.581;0;158.0;3:33:46.353;15:34:22.240;0:39.906;0:35.751;0:58.581;243.2;Mikkel Gaarde PEDERSEN;;LMP3;;Rinaldi Racing;Ligier;GF;39.906;35.751;58.581;
5;3;88;2:14.259;0;;39.931;0;35.435;0;58.893;0;158.0;3:36:00.612;15:36:36.499;0:39.931;0:35.435;0:58.893;244.3;Mikkel Gaarde PEDERSEN;;LMP3;;Rinaldi Racing;Ligier;GF;39.931;35.435;58.893;
5;3;89;2:14.637;0;;40.286;0;35.471;0;58.880;0;157.5;3:38:15.249;15:38:51.136;0:40.286;0:35.471;0:58.880;242.2;Mikkel Gaarde PEDERSEN;;LMP3;;Rinaldi Racing;Ligier;GF;40.286;35.471;58.880;
5;3;90;2:13.787;0;;39.650;0;35.439;0;58.698;0;158.5;3:40:29.036;15:41:04.923;0:39.650;0:35.439;0:58.698;243.2;Mikkel Gaarde PEDERSEN;;LMP3;;Rinaldi Racing;Ligier;GF;39.650;35.439;58.698;
5;3;91;2:13.426;0;;39.510;0;35.468;0;58.448;0;158.9;3:42:42.462;15:43:18.349;0:39.510;0:35.468;0:58.448;244.3;Mikkel Gaarde PEDERSEN;;LMP3;;Rinaldi Racing;Ligier;GF;39.510;35.468;58.448;
5;3;92;2:12.817;0;;39.340;1;35.173;1;58.304;1;159.7;3:44:55.279;15:45:31.166;0:39.340;0:35.173;0:58.304;243.2;Mikkel Gaarde PEDERSEN;;LMP3;;Rinaldi Racing;Ligier;GF;39.340;35.173;58.304;
5;3;93;2:13.699;0;;39.575;0;35.389;0;58.735;0;158.6;3:47:08.978;15:47:44.865;0:39.575;0:35.389;0:58.735;243.8;Mikkel Gaarde PEDERSEN;;LMP3;;Rinaldi Racing;Ligier;GF;39.575;35.389;58.735;
5;3;94;2:16.124;0;;40.051;0;36.841;0;59.232;0;155.8;3:49:25.102;15:50:00.989;0:40.051;0:36.841;0:59.232;244.9;Mikkel Gaarde PEDERSEN;;LMP3;;Rinaldi Racing;Ligier;GF;40.051;36.841;59.232;
5;3;95;2:14.167;0;;39.741;0;35.269;0;59.157;0;158.1;3:51:39.269;15:52:15.156;0:39.741;0:35.269;0:59.157;244.3;Mikkel Gaarde PEDERSEN;;LMP3;;Rinaldi Racing;Ligier;GF;39.741;35.269;59.157;
5;3;96;2:14.597;0;;39.670;0;35.704;0;59.223;0;157.6;3:53:53.866;15:54:29.753;0:39.670;0:35.704;0:59.223;246.0;Mikkel Gaarde PEDERSEN;;LMP3;;Rinaldi Racing;Ligier;GF;39.670;35.704;59.223;
5;3;97;2:15.551;0;;39.883;0;36.488;0;59.180;0;156.5;3:56:09.417;15:56:45.304;0:39.883;0:36.488;0:59.180;244.3;Mikkel Gaarde PEDERSEN;;LMP3;;Rinaldi Racing;Ligier;GF;39.883;36.488;59.180;
5;3;98;3:09.318;0;;39.635;0;35.377;0;1:54.306;0;112.0;3:59:18.735;15:59:54.622;0:39.635;0:35.377;1:54.306;243.8;Mikkel Gaarde PEDERSEN;;LMP3;;Rinaldi Racing;Ligier;GF;39.635;35.377;114.306;
5;3;99;4:57.086;0;;2:36.659;0;48.994;0;1:31.433;0;71.4;4:04:15.821;16:04:51.708;2:36.659;0:48.994;1:31.433;;Mikkel Gaarde PEDERSEN;;LMP3;;Rinaldi Racing;Ligier;FF;156.659;48.994;91.433;
51;1;1;2:23.083;0;;52.962;0;35.895;0;54.226;0;144.6;2:23.083;12:02:58.970;0:52.962;0:35.895;0:54.226;236.8;Charles-Henri SAMANI;;LMGT3;;AF Corse;Ferrari;GF;52.962;35.895;54.226;
51;1;2;2:06.234;0;;38.047;0;32.813;0;55.374;0;168.0;4:29.317;12:05:05.204;0:38.047;0:32.813;0:55.374;240.5;Charles-Henri SAMANI;;LMGT3;;AF Corse;Ferrari;GF;38.047;32.813;55.374;
51;1;3;2:04.310;0;;37.689;0;32.714;0;53.907;0;170.6;6:33.627;12:07:09.514;0:37.689;0:32.714;0:53.907;237.9;Charles-Henri SAMANI;;LMGT3;;AF Corse;Ferrari;GF;37.689;32.714;53.907;
51;1;4;2:04.335;0;;37.349;0;32.765;0;54.221;0;170.6;8:37.962;12:09:13.849;0:37.349;0:32.765;0:54.221;240.5;Charles-Henri SAMANI;;LMGT3;;AF Corse;Ferrari;GF;37.349;32.765;54.221;
51;1;5;2:04.001;0;;37.586;0;32.595;0;53.820;0;171.0;10:41.963;12:11:17.850;0:37.586;0:32.595;0:53.820;238.4;Charles-Henri SAMANI;;LMGT3;;AF Corse;Ferrari;GF;37.586;32.595;53.820;
51;1;6;2:05.286;0;;37.495;0;32.679;0;55.112;0;169.3;12:47.249;12:13:23.136;0:37.495;0:32.679;0:55.112;237.4;Charles-Henri SAMANI;;LMGT3;;AF Corse;Ferrari;GF;37.495;32.679;55.112;
51;1;7;2:05.890;0;;37.542;0;32.341;2;56.007;0;168.5;14:53.139;12:15:29.026;0:37.542;0:32.341;0:56.007;237.9;Charles-Henri SAMANI;;LMGT3;;AF Corse;Ferrari;GF;37.542;32.341;56.007;
51;1;8;2:05.147;0;;38.302;0;33.004;0;53.841;0;169.5;16:58.286;12:17:34.173;0:38.302;0:33.004;0:53.841;236.3;Charles-Henri SAMANI;;LMGT3;;AF Corse;Ferrari;GF;38.302;33.004;53.841;
51;1;9;2:04.308;0;;37.651;0;32.540;0;54.117;0;170.6;19:02.594;12:19:38.481;0:37.651;0:32.540;0:54.117;236.8;Charles-Henri SAMANI;;LMGT3;;AF Corse;Ferrari;GF;37.651;32.540;54.117;
51;1;10;2:03.561;0;;37.584;0;32.375;0;53.602;2;171.6;21:06.155;12:21:42.042;0:37.584;0:32.375;0:53.602;238.4;Charles-Henri SAMANI;;LMGT3;;AF Corse;Ferrari;GF;37.584;32.375;53.602;
51;1;11;2:03.837;2;;37.767;0;32.417;0;53.653;0;171.3;23:09.992;12:23:45.879;0:37.767;0:32.417;0:53.653;238.4;Charles-Henri SAMANI;;LMGT3;;AF Corse;Ferrari;GF;37.767;32.417;53.653;
51;1;12;2:04.230;0;;37.418;0;32.624;0;54.188;0;170.7;25:14.222;12:25:50.109;0:37.418;0:32.624;0:54.188;240.5;Charles-Henri SAMANI;;LMGT3;;AF Corse;Ferrari;GF;37.418;32.624;54.188;
51;1;13;2:03.870;0;;37.310;2;32.794;0;53.766;0;171.2;27:18.092;12:27:53.979;0:37.310;0:32.794;0:53.766;238.9;Charles-Henri SAMANI;;LMGT3;;AF Corse;Ferrari;GF;37.310;32.794;53.766;
51;1;14;2:05.096;0;;37.863;0;32.752;0;54.481;0;169.5;29:23.188;12:29:59.075;0:37.863;0:32.752;0:54.481;238.4;Charles-Henri SAMANI;;LMGT3;;AF Corse;Ferrari;GF;37.863;32.752;54.481;
51;1;15;2:04.790;0;;37.524;0;32.468;0;54.798;0;169.9;31:27.978;12:32:03.865;0:37.524;0:32.468;0:54.798;238.4;Charles-Henri SAMANI;;LMGT3;;AF Corse;Ferrari;GF;37.524;32.468;54.798;
51;1;16;2:03.986;0;;37.393;0;32.775;0;53.818;0;171.0;33:31.964;12:34:07.851;0:37.393;0:32.775;0:53.818;238.4;Charles-Henri SAMANI;;LMGT3;;AF Corse;Ferrari;GF;37.393;32.775;53.818;
51;1;17;2:04.045;0;;37.616;0;32.520;0;53.909;0;171.0;35:36.009;12:36:11.896;0:37.616;0:32.520;0:53.909;238.9;Charles-Henri SAMANI;;LMGT3;;AF Corse;Ferrari;GF;37.616;32.520;53.909;
51;1;18;2:04.119;0;;37.774;0;32.413;0;53.932;0;170.9;37:40.128;12:38:16.015;0:37.774;0:32.413;0:53.932;239.5;Charles-Henri SAMANI;;LMGT3;;AF Corse;Ferrari;GF;37.774;32.413;53.932;
51;1;19;2:04.546;0;;37.849;0;32.898;0;53.799;0;170.3;39:44.674;12:40:20.561;0:37.849;0:32.898;0:53.799;239.5;Charles-Henri SAMANI;;LMGT3;;AF Corse;Ferrari;GF;37.849;32.898;53.799;
51;1;20;2:05.634;0;;38.009;0;32.751;0;54.874;0;168.8;41:50.308;12:42:26.195;0:38.009;0:32.751;0:54.874;239.5;Charles-Henri SAMANI;;LMGT3;;AF Corse;Ferrari;GF;38.009;32.751;54.874;
51;1;21;2:04.207;0;;37.496;0;32.570;0;54.141;0;170.7;43:54.515;12:44:30.402;0:37.496;0:32.570;0:54.141;239.5;Charles-Henri SAMANI;;LMGT3;;AF Corse;Ferrari;GF;37.496;32.570;54.141;
51;1;22;2:04.646;0;;37.785;0;32.667;0;54.194;0;170.1;45:59.161;12:46:35.048;0:37.785;0:32.667;0:54.194;240.0;Charles-Henri SAMANI;;LMGT3;;AF Corse;Ferrari;GF;37.785;32.667;54.194;
51;1;23;2:04.090;0;;37.339;0;32.603;0;54.148;0;170.9;48:03.251;12:48:39.138;0:37.339;0:32.603;0:54.148;239.5;Charles-Henri SAMANI;;LMGT3;;AF Corse;Ferrari;GF;37.339;32.603;54.148;
51;1;24;2:04.780;0;;37.518;0;32.629;0;54.633;0;170.0;50:08.031;12:50:43.918;0:37.518;0:32.629;0:54.633;240.0;Charles-Henri SAMANI;;LMGT3;;AF Corse;Ferrari;GF;37.518;32.629;54.633;
51;1;25;2:06.040;0;;37.800;0;32.954;0;55.286;0;168.3;52:14.071;12:52:49.958;0:37.800;0:32.954;0:55.286;239.5;Charles-Henri SAMANI;;LMGT3;;AF Corse;Ferrari;GF;37.800;32.954;55.286;
51;1;26;2:09.075;0;;37.580;0;33.878;0;57.617;0;164.3;54:23.146;12:54:59.033;0:37.580;0:33.878;0:57.617;239.5;Charles-Henri SAMANI;;LMGT3;;AF Corse;Ferrari;GF;37.580;33.878;57.617;
51;1;27;2:09.813;0;B;38.090;0;33.054;0;58.669;0;163.4;56:32.959;12:57:08.846;0:38.090;0:33.054;0:58.669;237.9;Charles-Henri SAMANI;;LMGT3;;AF Corse;Ferrari;GF;38.090;33.054;58.669;
51;1;28;2:57.099;0;;1:30.075;0;33.028;0;53.996;0;119.7;59:30.058;13:00:05.945;1:30.075;0:33.028;0:53.996;236.8;Charles-Henri SAMANI;0:00:55.879;LMGT3;;AF Corse;Ferrari;GF;90.075;33.028;53.996;
51;1;29;2:05.846;0;;37.447;0;33.057;0;55.342;0;168.5;1:01:35.904;13:02:11.791;0:37.447;0:33.057;0:55.342;240.0;Charles-Henri SAMANI;;LMGT3;;AF Corse;Ferrari;GF;37.447;33.057;55.342;
51;1;30;2:04.468;0;;37.982;0;32.590;0;53.896;0;170.4;1:03:40.372;13:04:16.259;0:37.982;0:32.590;0:53.896;237.4;Charles-Henri SAMANI;;LMGT3;;AF Corse;Ferrari;GF;37.982;32.590;53.896;
51;1;31;2:05.614;0;;38.110;0;33.287;0;54.217;0;168.8;1:05:45.986;13:06:21.873;0:38.110;0:33.287;0:54.217;237.4;Charles-Henri SAMANI;;LMGT3;;AF Corse;Ferrari;GF;38.110;33.287;54.217;
51;1;32;2:04.947;0;;38.009;0;32.612;0;54.326;0;169.7;1:07:50.933;13:08:26.820;0:38.009;0:32.612;0:54.326;236.8;Charles-Henri SAMANI;;LMGT3;;AF Corse;Ferrari;GF;38.009;32.612;54.326;
51;1;33;2:05.298;0;;37.502;0;33.038;0;54.758;0;169.3;1:09:56.231;13:10:32.118;0:37.502;0:33.038;0:54.758;237.9;Charles-Henri SAMANI;;LMGT3;;AF Corse;Ferrari;GF;37.502;33.038;54.758;
51;1;34;2:05.029;0;;37.848;0;32.882;0;54.299;0;169.6;1:12:01.260;13:12:37.147;0:37.848;0:32.882;0:54.299;238.9;Charles-Henri SAMANI;;LMGT3;;AF Corse;Ferrari;GF;37.848;32.882;54.299;
51;1;35;2:05.571;0;;38.023;0;32.770;0;54.778;0;168.9;1:14:06.831;13:14:42.718;0:38.023;0:32.770;0:54.778;238.9;Charles-Henri SAMANI;;LMGT3;;AF Corse;Ferrari;GF;38.023;32.770;54.778;
51;1;36;2:10.509;0;;39.530;0;33.633;0;57.346;0;162.5;1:16:17.340;13:16:53.227;0:39.530;0:33.633;0:57.346;236.8;Charles-Henri SAMANI;;LMGT3;;AF Corse;Ferrari;GF;39.530;33.633;57.346;
51;1;37;2:08.048;0;;39.066;0;33.171;0;55.811;0;165.6;1:18:25.388;13:19:01.275;0:39.066;0:33.171;0:55.811;237.9;Charles-Henri SAMANI;;LMGT3;;AF Corse;Ferrari;GF;39.066;33.171;55.811;
51;1;38;3:14.044;0;;56.666;0;1:07.494;0;1:09.884;0;109.3;1:21:39.432;13:22:15.319;0:56.666;1:07.494;1:09.884;;Charles-Henri SAMANI;;LMGT3;;AF Corse;Ferrari;GF;56.666;67.494;69.884;
51;1;39;2:29.806;0;;39.569;0;33.179;0;1:17.058;0;141.6;1:24:09.238;13:24:45.125;0:39.569;0:33.179;1:17.058;238.4;Charles-Henri SAMANI;;LMGT3;;AF Corse;Ferrari;GF;39.569;33.179;77.058;
51;1;40;4:22.472;0;;1:28.780;0;1:07.691;0;1:46.001;0;80.8;1:28:31.710;13:29:07.597;1:28.780;1:07.691;1:46.001;;Charles-Henri SAMANI;;LMGT3;;AF Corse;Ferrari;GF;88.780;67.691;106.001;
51;1;41;4:24.489;0;B;1:31.182;0;1:08.247;0;1:45.060;0;80.2;1:32:56.199;13:33:32.086;1:31.182;1:08.247;1:45.060;;Charles-Henri SAMANI;;LMGT3;;AF Corse;Ferrari;GF;91.182;68.247;105.060;
51;3;42;3:48.680;0;;1:53.888;0;47.335;0;1:07.457;0;92.7;1:36:44.879;13:37:20.766;1:53.888;0:47.335;1:07.457;143.8;Davide RIGON;0:01:08.729;LMGT3;;AF Corse;Ferrari;SF;113.888;47.335;67.457;
51;3;43;3:16.946;0;;45.024;0;57.343;0;1:34.579;0;107.7;1:40:01.825;13:40:37.712;0:45.024;0:57.343;1:34.579;157.7;Davide RIGON;;LMGT3;;AF Corse;Ferrari;SF;45.024;57.343;94.579;
51;3;44;4:06.789;0;;1:30.454;0;1:01.001;0;1:35.334;0;85.9;1:44:08.614;13:44:44.501;1:30.454;1:01.001;1:35.334;;Davide RIGON;;LMGT3;;AF Corse;Ferrari;SF;90.454;61.001;95.334;
51;3;45;2:57.016;0;;53.504;0;51.269;0;1:12.243;0;119.8;1:47:05.630;13:47:41.517;0:53.504;0:51.269;1:12.243;165.6;Davide RIGON;;LMGT3;;AF Corse;Ferrari;SF;53.504;51.269;72.243;
51;3;46;2:43.060;0;;47.381;0;46.643;0;1:09.036;0;130.1;1:49:48.690;13:50:24.577;0:47.381;0:46.643;1:09.036;161.7;Davide RIGON;;LMGT3;;AF Corse;Ferrari;SF;47.381;46.643;69.036;
51;3;47;2:51.640;0;;46.241;0;42.477;0;1:22.922;0;123.6;1:52:40.330;13:53:16.217;0:46.241;0:42.477;1:22.922;198.2;Davide RIGON;;LMGT3;;AF Corse;Ferrari;SF;46.241;42.477;82.922;
51;3;48;2:42.626;0;;48.475;0;42.368;0;1:11.783;0;130.4;1:55:22.956;13:55:58.843;0:48.475;0:42.368;1:11.783;166.2;Davide RIGON;;LMGT3;;AF Corse;Ferrari;SF;48.475;42.368;71.783;
51;3;49;2:36.230;0;;45.463;0;40.958;0;1:09.809;0;135.7;1:57:59.186;13:58:35.073;0:45.463;0:40.958;1:09.809;208.9;Davide RIGON;;LMGT3;;AF Corse;Ferrari;SF;45.463;40.958;69.809;
51;3;50;2:47.517;0;;49.976;0;46.449;0;1:11.092;0;126.6;2:00:46.703;14:01:22.590;0:49.976;0:46.449;1:11.092;225.0;Davide RIGON;;LMGT3;;AF Corse;Ferrari;SF;49.976;46.449;71.092;
51;3;51;2:50.844;0;;52.172;0;45.463;0;1:13.209;0;124.1;2:03:37.547;14:04:13.434;0:52.172;0:45.463;1:13.209;;Davide RIGON;;LMGT3;;AF Corse;Ferrari;SF;52.172;45.463;73.209;
51;3;52;3:02.731;0;;56.443;0;49.951;0;1:16.337;0;116.1;2:06:40.278;14:07:16.165;0:56.443;0:49.951;1:16.337;150.2;Davide RIGON;;LMGT3;;AF Corse;Ferrari;SF;56.443;49.951;76.337;
51;3;53;3:04.254;0;;50.490;0;44.717;0;1:29.047;0;115.1;2:09:44.532;14:10:20.419;0:50.490;0:44.717;1:29.047;174.8;Davide RIGON;;LMGT3;;AF Corse;Ferrari;GF;50.490;44.717;89.047;
51;3;54;2:42.159;0;;46.004;0;46.628;0;1:09.527;0;130.8;2:12:26.691;14:13:02.578;0:46.004;0:46.628;1:09.527;227.4;Davide RIGON;;LMGT3;;AF Corse;Ferrari;GF;46.004;46.628;69.527;
51;3;55;2:32.243;0;;44.889;0;41.400;0;1:05.954;1;139.3;2:14:58.934;14:15:34.821;0:44.889;0:41.400;1:05.954;233.3;Davide RIGON;;LMGT3;;AF Corse;Ferrari;GF;44.889;41.400;65.954;
51;3;56;2:33.891;0;B;43.740;1;40.298;1;1:09.853;0;137.8;2:17:32.825;14:18:08.712;0:43.740;0:40.298;1:09.853;232.3;Davide RIGON;;LMGT3;;AF Corse;Ferrari;GF;43.740;40.298;69.853;
51;2;57;3:15.602;0;;1:37.322;0;38.087;0;1:00.193;0;108.4;2:20:48.427;14:21:24.314;1:37.322;0:38.087;1:00.193;231.8;Conrad LAURSEN;0:00:59.348;LMGT3;;AF Corse;Ferrari;GF;97.322;38.087;60.193;
51;2;58;2:18.524;0;;41.312;0;37.460;0;59.752;0;153.1;2:23:06.951;14:23:42.838;0:41.312;0:37.460;0:59.752;235.3;Conrad LAURSEN;;LMGT3;;AF Corse;Ferrari;GF;41.312;37.460;59.752;
51;2;59;2:17.294;0;;40.603;1;36.935;0;59.756;0;154.5;2:25:24.245;14:26:00.132;0:40.603;0:36.935;0:59.756;230.8;Conrad LAURSEN;;LMGT3;;AF Corse;Ferrari;GF;40.603;36.935;59.756;
51;2;60;2:17.775;0;;41.150;0;36.845;0;59.780;0;153.9;2:27:42.020;14:28:17.907;0:41.150;0:36.845;0:59.780;232.3;Conrad LAURSEN;;LMGT3;;AF Corse;Ferrari;GF;41.150;36.845;59.780;
51;2;61;2:17.965;0;;41.862;0;36.832;0;59.271;1;153.7;2:29:59.985;14:30:35.872;0:41.862;0:36.832;0:59.271;232.3;Conrad LAURSEN;;LMGT3;;AF Corse;Ferrari;GF;41.862;36.832;59.271;
51;2;62;2:17.583;0;;41.423;0;36.795;0;59.365;0;154.1;2:32:17.568;14:32:53.455;0:41.423;0:36.795;0:59.365;231.8;Conrad LAURSEN;;LMGT3;;AF Corse;Ferrari;GF;41.423;36.795;59.365;
51;2;63;2:18.527;0;;41.807;0;36.991;0;59.729;0;153.1;2:34:36.095;14:35:11.982;0:41.807;0:36.991;0:59.729;231.3;Conrad LAURSEN;;LMGT3;;AF Corse;Ferrari;GF;41.807;36.991;59.729;
51;2;64;2:18.579;0;;41.439;0;36.678;0;1:00.462;0;153.0;2:36:54.674;14:37:30.561;0:41.439;0:36.678;1:00.462;232.8;Conrad LAURSEN;;LMGT3;;AF Corse;Ferrari;GF;41.439;36.678;60.462;
51;2;65;2:31.095;0;;41.670;0;37.399;0;1:12.026;0;140.4;2:39:25.769;14:40:01.656;0:41.670;0:37.399;1:12.026;233.3;Conrad LAURSEN;;LMGT3;;AF Corse;Ferrari;FCY;41.670;37.399;72.026;
51;2;66;4:24.953;0;;1:31.642;0;1:07.968;0;1:45.343;0;80.0;2:43:50.722;14:44:26.609;1:31.642;1:07.968;1:45.343;;Conrad LAURSEN;;LMGT3;;AF Corse;Ferrari;FCY;91.642;67.968;105.343;
51;2;67;3:06.770;0;;1:26.432;0;38.677;0;1:01.661;0;113.5;2:46:57.492;14:47:33.379;1:26.432;0:38.677;1:01.661;183.7;Conrad LAURSEN;;LMGT3;;AF Corse;Ferrari;GF;86.432;38.677;61.661;
51;2;68;2:20.445;0;;42.217;0;37.482;0;1:00.746;0;151.0;2:49:17.937;14:49:53.824;0:42.217;0:37.482;1:00.746;231.3;Conrad LAURSEN;;LMGT3;;AF Corse;Ferrari;GF;42.217;37.482;60.746;
51;2;69;2:31.253;0;;42.456;0;37.818;0;1:10.979;0;140.2;2:51:49.190;14:52:25.077;0:42.456;0:37.818;1:10.979;224.5;Conrad LAURSEN;;LMGT3;;AF Corse;Ferrari;FCY;42.456;37.818;70.979;
51;2;70;4:25.745;0;;1:32.087;0;1:08.072;0;1:45.586;0;79.8;2:56:14.935;14:56:50.822;1:32.087;1:08.072;1:45.586;;Conrad LAURSEN;;LMGT3;;AF Corse;Ferrari;FCY;92.087;68.072;105.586;
51;2;71;4:09.654;0;;1:32.174;0;1:08.595;0;1:28.885;0;84.9;3:00:24.589;15:01:00.476;1:32.174;1:08.595;1:28.885;;Conrad LAURSEN;;LMGT3;;AF Corse;Ferrari;GF;92.174;68.595;88.885;
51;2;72;2:20.659;0;;42.376;0;37.831;0;1:00.452;0;150.8;3:02:45.248;15:03:21.135;0:42.376;0:37.831;1:00.452;230.3;Conrad LAURSEN;;LMGT3;;AF Corse;Ferrari;GF;42.376;37.831;60.452;
51;2;73;2:20.016;0;;42.349;0;37.378;0;1:00.289;0;151.5;3:05:05.264;15:05:41.151;0:42.349;0:37.378;1:00.289;230.8;Conrad LAURSEN;;LMGT3;;AF Corse;Ferrari;GF;42.349;37.378;60.289;
51;2;74;2:18.760;0;;41.950;0;37.232;0;59.578;0;152.8;3:07:24.024;15:07:59.911;0:41.950;0:37.232;0:59.578;230.8;Conrad LAURSEN;;LMGT3;;AF Corse;Ferrari;GF;41.950;37.232;59.578;
51;2;75;2:18.746;0;;41.730;0;37.026;0;59.990;0;152.9;3:09:42.770;15:10:18.657;0:41.730;0:37.026;0:59.990;232.8;Conrad LAURSEN;;LMGT3;;AF Corse;Ferrari;GF;41.730;37.026;59.990;
51;2;76;2:20.230;0;;41.746;0;37.183;0;1:01.301;0;151.2;3:12:03.000;15:12:38.887;0:41.746;0:37.183;1:01.301;233.3;Conrad LAURSEN;;LMGT3;;AF Corse;Ferrari;GF;41.746;37.183;61.301;
51;2;77;2:20.198;0;;41.886;0;38.101;0;1:00.211;0;151.3;3:14:23.198;15:14:59.085;0:41.886;0:38.101;1:00.211;235.3;Conrad LAURSEN;;LMGT3;;AF Corse;Ferrari;GF;41.886;38.101;60.211;
51;2;78;2:18.917;0;;41.501;0;37.426;0;59.990;0;152.7;3:16:42.115;15:17:18.002;0:41.501;0:37.426;0:59.990;233.3;Conrad LAURSEN;;LMGT3;;AF Corse;Ferrari;GF;41.501;37.426;59.990;
51;2;79;2:18.474;0;;41.747;0;36.853;0;59.874;0;153.2;3:19:00.589;15:19:36.476;0:41.747;0:36.853;0:59.874;233.3;Conrad LAURSEN;;LMGT3;;AF Corse;Ferrari;GF;41.747;36.853;59.874;
51;2;80;2:18.160;0;;41.555;0;36.665;0;59.940;0;153.5;3:21:18.749;15:21:54.636;0:41.555;0:36.665;0:59.940;232.8;Conrad LAURSEN;;LMGT3;;AF Corse;Ferrari;GF;41.555;36.665;59.940;
51;2;81;2:19.147;0;;41.568;0;36.827;0;1:00.752;0;152.4;3:23:37.896;15:24:13.783;0:41.568;0:36.827;1:00.752;233.3;Conrad LAURSEN;;LMGT3;;AF Corse;Ferrari;GF;41.568;36.827;60.752;
51;2;82;2:17.790;0;;41.480;0;36.661;1;59.649;0;153.9;3:25:55.686;15:26:31.573;0:41.480;0:36.661;0:59.649;232.8;Conrad LAURSEN;;LMGT3;;AF Corse;Ferrari;GF;41.480;36.661;59.649;
51;2;83;2:18.464;0;;41.590;0;36.760;0;1:00.114;0;153.2;3:28:14.150;15:28:50.037;0:41.590;0:36.760;1:00.114;233.3;Conrad LAURSEN;;LMGT3;;AF Corse;Ferrari;GF;41.590;36.760;60.114;
51;2;84;2:18.536;0;;41.357;0;36.887;0;1:00.292;0;153.1;3:30:32.686;15:31:08.573;0:41.357;0:36.887;1:00.292;233.8;Conrad LAURSEN;;LMGT3;;AF Corse;Ferrari;GF;41.357;36.887;60.292;
51;2;85;2:19.208;0;;41.897;0;37.080;0;1:00.231;0;152.3;3:32:51.894;15:33:27.781;0:41.897;0:37.080;1:00.231;232.8;Conrad LAURSEN;;LMGT3;;AF Corse;Ferrari;GF;41.897;37.080;60.231;
51;2;86;2:23.163;0;B;41.790;0;37.237;0;1:04.136;0;148.1;3:35:15.057;15:35:50.944;0:41.790;0:37.237;1:04.136;234.3;Conrad LAURSEN;;LMGT3;;AF Corse;Ferrari;GF;41.790;37.237;64.136;
54;1;1;2:20.136;0;;51.113;0;33.997;0;55.026;0;147.7;2:20.136;12:02:56.023;0:51.113;0:33.997;0:55.026;241.1;Max MORITZ;;LMGT3;;High Class Racing;Porsche;GF;51.113;33.997;55.026;
54;1;2;2:05.338;0;;37.958;0;33.819;0;53.561;0;169.2;4:25.474;12:05:01.361;0:37.958;0:33.819;0:53.561;240.5;Max MORITZ;;LMGT3;;High Class Racing;Porsche;GF;37.958;33.819;53.561;
54;1;3;2:05.008;0;;37.609;0;32.687;0;54.712;0;169.6;6:30.482;12:07:06.369;0:37.609;0:32.687;0:54.712;241.1;Max MORITZ;;LMGT3;;High Class Racing;Porsche;GF;37.609;32.687;54.712;
54;1;4;2:03.571;0;;37.537;0;32.297;0;53.737;0;171.6;8:34.053;12:09:09.940;0:37.537;0:32.297;0:53.737;240.0;Max MORITZ;;LMGT3;;High Class Racing;Porsche;GF;37.537;32.297;53.737;
54;1;5;2:03.030;0;;37.047;0;32.238;0;53.745;0;172.4;10:37.083;12:11:12.970;0:37.047;0:32.238;0:53.745;243.2;Max MORITZ;;LMGT3;;High Class Racing;Porsche;GF;37.047;32.238;53.745;
54;1;6;2:03.870;0;;37.658;0;32.297;0;53.915;0;171.2;12:40.953;12:13:16.840;0:37.658;0:32.297;0:53.915;239.5;Max MORITZ;;LMGT3;;High Class Racing;Porsche;GF;37.658;32.297;53.915;
54;1;7;2:21.525;0;;37.981;0;32.251;0;1:11.293;0;149.9;15:02.478;12:15:38.365;0:37.981;0:32.251;1:11.293;242.2;Max MORITZ;;LMGT3;;High Class Racing;Porsche;GF;37.981;32.251;71.293;
54;1;8;2:04.041;0;;37.401;0;33.191;0;53.449;0;171.0;17:06.519;12:17:42.406;0:37.401;0:33.191;0:53.449;238.9;Max MORITZ;;LMGT3;;High Class Racing;Porsche;GF;37.401;33.191;53.449;
54;1;9;2:02.594;0;;36.994;0;31.930;0;53.670;0;173.0;19:09.113;12:19:45.000;0:36.994;0:31.930;0:53.670;238.9;Max MORITZ;;LMGT3;;High Class Racing;Porsche;GF;36.994;31.930;53.670;
54;1;10;2:02.366;0;;36.966;0;31.783;0;53.617;0;173.3;21:11.479;12:21:47.366;0:36.966;0:31.783;0:53.617;238.9;Max MORITZ;;LMGT3;;High Class Racing;Porsche;GF;36.966;31.783;53.617;
54;1;11;2:03.737;0;;37.887;0;32.299;0;53.551;0;171.4;23:15.216;12:23:51.103;0:37.887;0:32.299;0:53.551;239.5;Max MORITZ;;LMGT3;;High Class Racing;Porsche;GF;37.887;32.299;53.551;
54;1;12;2:02.941;0;;37.181;0;32.197;0;53.563;0;172.5;25:18.157;12:25:54.044;0:37.181;0:32.197;0:53.563;240.0;Max MORITZ;;LMGT3;;High Class Racing;Porsche;GF;37.181;32.197;53.563;
54;1;13;2:04.277;0;;37.846;0;32.539;0;53.892;0;170.6;27:22.434;12:27:58.321;0:37.846;0:32.539;0:53.892;240.5;Max MORITZ;;LMGT3;;High Class Racing;Porsche;GF;37.846;32.539;53.892;
54;1;14;2:03.038;0;;37.102;0;32.209;0;53.727;0;172.4;29:25.472;12:30:01.359;0:37.102;0:32.209;0:53.727;240.5;Max MORITZ;;LMGT3;;High Class Racing;Porsche;GF;37.102;32.209;53.727;
54;1;15;2:03.673;0;;37.266;0;32.551;0;53.856;0;171.5;31:29.145;12:32:05.032;0:37.266;0:32.551;0:53.856;241.1;Max MORITZ;;LMGT3;;High Class Racing;Porsche;GF;37.266;32.551;53.856;
54;1;16;2:04.078;0;;37.279;0;32.436;0;54.363;0;170.9;33:33.223;12:34:09.110;0:37.279;0:32.436;0:54.363;243.8;Max MORITZ;;LMGT3;;High Class Racing;Porsche;GF;37.279;32.436;54.363;
54;1;17;2:04.958;0;;37.284;0;32.445;0;55.229;0;169.7;35:38.181;12:36:14.068;0:37.284;0:32.445;0:55.229;241.6;Max MORITZ;;LMGT3;;High Class Racing;Porsche;GF;37.284;32.445;55.229;
54;1;18;2:03.484;0;;37.209;0;32.045;0;54.230;0;171.7;37:41.665;12:38:17.552;0:37.209;0:32.045;0:54.230;240.0;Max MORITZ;;LMGT3;;High Class Racing;Porsche;GF;37.209;32.045;54.230;
54;1;19;2:04.249;0;;37.243;0;32.743;0;54.263;0;170.7;39:45.914;12:40:21.801;0:37.243;0:32.743;0:54.263;242.7;Max MORITZ;;LMGT3;;High Class Racing;Porsche;GF;37.243;32.743;54.263;
54;1;20;2:06.195;0;;38.808;0;32.410;0;54.977;0;168.1;41:52.109;12:42:27.996;0:38.808;0:32.410;0:54.977;240.0;Max MORITZ;;LMGT3;;High Class Racing;Porsche;GF;38.808;32.410;54.977;
54;1;21;2:04.297;0;;37.981;0;32.427;0;53.889;0;170.6;43:56.406;12:44:32.293;0:37.981;0:32.427;0:53.889;241.6;Max MORITZ;;LMGT3;;High Class Racing;Porsche;GF;37.981;32.427;53.889;
54;1;22;2:04.519;0;;37.329;0;32.170;0;55.020;0;170.3;46:00.925;12:46:36.812;0:37.329;0:32.170;0:55.020;242.7;Max MORITZ;;LMGT3;;High Class Racing;Porsche;GF;37.329;32.170;55.020;
54;1;23;2:03.173;0;;37.460;0;32.042;0;53.671;0;172.2;48:04.098;12:48:39.985;0:37.460;0:32.042;0:53.671;240.5;Max MORITZ;;LMGT3;;High Class Racing;Porsche;GF;37.460;32.042;53.671;
54;1;24;2:04.450;0;;37.863;0;32.450;0;54.137;0;170.4;50:08.548;12:50:44.435;0:37.863;0:32.450;0:54.137;244.3;Max MORITZ;;LMGT3;;High Class Racing;Porsche;GF;37.863;32.450;54.137;
54;1;25;2:06.411;0;;38.970;0;32.211;0;55.230;0;167.8;52:14.959;12:52:50.846;0:38.970;0:32.211;0:55.230;244.3;Max MORITZ;;LMGT3;;High Class Racing;Porsche;GF;38.970;32.211;55.230;
54;1;26;2:03.282;0;;37.410;0;32.447;0;53.425;0;172.0;54:18.241;12:54:54.128;0:37.410;0:32.447;0:53.425;243.2;Max MORITZ;;LMGT3;;High Class Racing;Porsche;GF;37.410;32.447;53.425;
54;1;27;2:06.274;0;B;37.166;0;32.015;0;57.093;0;167.9;56:24.515;12:57:00.402;0:37.166;0:32.015;0:57.093;242.2;Max MORITZ;;LMGT3;;High Class Racing;Porsche;GF;37.166;32.015;57.093;
54;1;28;3:33.916;0;;2:06.870;0;33.301;0;53.745;0;99.1;59:58.431;13:00:34.318;2:06.870;0:33.301;0:53.745;236.3;Max MORITZ;0:01:31.378;LMGT3;;High Class Racing;Porsche;GF;126.870;33.301;53.745;
54;1;29;2:03.778;0;;37.732;0;32.494;0;53.552;0;171.3;1:02:02.209;13:02:38.096;0:37.732;0:32.494;0:53.552;240.0;Max MORITZ;;LMGT3;;High Class Racing;Porsche;GF;37.732;32.494;53.552;
54;1;30;2:02.465;0;;37.128;0;31.891;0;53.446;0;173.2;1:04:04.674;13:04:40.561;0:37.128;0:31.891;0:53.446;240.5;Max MORITZ;;LMGT3;;High Class Racing;Porsche;GF;37.128;31.891;53.446;
54;1;31;2:01.978;2;;36.988;0;31.894;0;53.096;2;173.9;1:06:06.652;13:06:42.539;0:36.988;0:31.894;0:53.096;239.5;Max MORITZ;;LMGT3;;High Class Racing;Porsche;GF;36.988;31.894;53.096;
54;1;32;2:02.849;0;;37.384;0;32.014;0;53.451;0;172.6;1:08:09.501;13:08:45.388;0:37.384;0:32.014;0:53.451;240.5;Max MORITZ;;LMGT3;;High Class Racing;Porsche;GF;37.384;32.014;53.451;
54;1;33;2:04.899;0;;36.986;0;33.829;0;54.084;0;169.8;1:10:14.400;13:10:50.287;0:36.986;0:33.829;0:54.084;239.5;Max MORITZ;;LMGT3;;High Class Racing;Porsche;GF;36.986;33.829;54.084;
54;1;34;2:03.571;0;;37.883;0;32.531;0;53.157;0;171.6;1:12:17.971;13:12:53.858;0:37.883;0:32.531;0:53.157;242.7;Max MORITZ;;LMGT3;;High Class Racing;Porsche;GF;37.883;32.531;53.157;
54;1;35;2:03.751;0;;36.886;2;31.968;0;54.897;0;171.4;1:14:21.722;13:14:57.609;0:36.886;0:31.968;0:54.897;240.5;Max MORITZ;;LMGT3;;High Class Racing;Porsche;GF;36.886;31.968;54.897;
54;1;36;2:05.141;0;;38.362;0;32.248;0;54.531;0;169.5;1:16:26.863;13:17:02.750;0:38.362;0:32.248;0:54.531;240.0;Max MORITZ;;LMGT3;;High Class Racing;Porsche;GF;38.362;32.248;54.531;
54;1;37;2:06.383;0;;38.891;0;32.653;0;54.839;0;167.8;1:18:33.246;13:19:09.133;0:38.891;0:32.653;0:54.839;241.1;Max MORITZ;;LMGT3;;High Class Racing;Porsche;GF;38.891;32.653;54.839;
54;1;38;3:12.529;0;;57.456;0;1:07.222;0;1:07.851;0;110.2;1:21:45.775;13:22:21.662;0:57.456;1:07.222;1:07.851;;Max MORITZ;;LMGT3;;High Class Racing;Porsche;GF;57.456;67.222;67.851;
54;1;39;2:09.697;0;;39.309;0;31.770;2;58.618;0;163.5;1:23:55.472;13:24:31.359;0:39.309;0:31.770;0:58.618;241.1;Max MORITZ;;LMGT3;;High Class Racing;Porsche;GF;39.309;31.770;58.618;
54;1;40;4:08.183;0;;1:14.738;0;1:07.155;0;1:46.290;0;85.5;1:28:03.655;13:28:39.542;1:14.738;1:07.155;1:46.290;;Max MORITZ;;LMGT3;;High Class Racing;Porsche;GF;74.738;67.155;106.290;
54;1;41;4:24.522;0;B;1:30.720;0;1:07.664;0;1:46.138;0;80.2;1:32:28.177;13:33:04.064;1:30.720;1:07.664;1:46.138;;Max MORITZ;;LMGT3;;High Class Racing;Porsche;GF;90.720;67.664;106.138;
54;3;42;3:50.170;0;;1:55.433;0;47.790;0;1:06.947;0;92.1;1:36:18.347;13:36:54.234;1:55.433;0:47.790;1:06.947;138.3;Klaus BACHLER;0:00:50.694;LMGT3;;High Class Racing;Porsche;SF;115.433;47.790;66.947;
54;3;43;3:35.650;0;;59.492;0;1:02.607;0;1:33.551;0;98.3;1:39:53.997;13:40:29.884;0:59.492;1:02.607;1:33.551;;Klaus BACHLER;;LMGT3;;High Class Racing;Porsche;SF;59.492;62.607;93.551;
54;3;44;4:12.883;0;;1:29.304;0;1:03.846;0;1:39.733;0;83.9;1:44:06.880;13:44:42.767;1:29.304;1:03.846;1:39.733;;Klaus BACHLER;;LMGT3;;High Class Racing;Porsche;SF;89.304;63.846;99.733;
54;3;45;2:56.293;0;;53.646;0;50.233;0;1:12.414;0;120.3;1:47:03.173;13:47:39.060;0:53.646;0:50.233;1:12.414;180.6;Klaus BACHLER;;LMGT3;;High Class Racing;Porsche;SF;53.646;50.233;72.414;
54;3;46;2:43.651;0;;48.255;0;45.631;0;1:09.765;0;129.6;1:49:46.824;13:50:22.711;0:48.255;0:45.631;1:09.765;163.1;Klaus BACHLER;;LMGT3;;High Class Racing;Porsche;SF;48.255;45.631;69.765;
54;3;47;2:51.135;0;;45.598;0;43.569;0;1:21.968;0;123.9;1:52:37.959;13:53:13.846;0:45.598;0:43.569;1:21.968;220.4;Klaus BACHLER;;LMGT3;;High Class Racing;Porsche;SF;45.598;43.569;81.968;
54;3;48;2:41.979;0;;49.024;0;41.770;0;1:11.185;0;130.9;1:55:19.938;13:55:55.825;0:49.024;0:41.770;1:11.185;142.3;Klaus BACHLER;;LMGT3;;High Class Racing;Porsche;SF;49.024;41.770;71.185;
54;3;49;2:36.321;0;;44.925;0;41.274;0;1:10.122;0;135.7;1:57:56.259;13:58:32.146;0:44.925;0:41.274;1:10.122;233.8;Klaus BACHLER;;LMGT3;;High Class Racing;Porsche;SF;44.925;41.274;70.122;
54;3;50;2:48.255;0;;50.843;0;45.828;0;1:11.584;0;126.0;2:00:44.514;14:01:20.401;0:50.843;0:45.828;1:11.584;223.1;Klaus BACHLER;;LMGT3;;High Class Racing;Porsche;SF;50.843;45.828;71.584;
54;3;51;2:51.280;0;;51.609;0;45.404;0;1:14.267;0;123.8;2:03:35.794;14:04:11.681;0:51.609;0:45.404;1:14.267;154.5;Klaus BACHLER;;LMGT3;;High Class Racing;Porsche;SF;51.609;45.404;74.267;
54;3;52;3:03.960;0;;56.351;0;50.524;0;1:17.085;0;115.3;2:06:39.754;14:07:15.641;0:56.351;0:50.524;1:17.085;161.2;Klaus BACHLER;;LMGT3;;High Class Racing;Porsche;SF;56.351;50.524;77.085;
54;3;53;3:03.892;0;;49.882;0;44.772;0;1:29.238;0;115.3;2:09:43.646;14:10:19.533;0:49.882;0:44.772;1:29.238;184.9;Klaus BACHLER;;LMGT3;;High Class Racing;Porsche;GF;49.882;44.772;89.238;
54;3;54;2:33.074;0;;45.295;0;42.001;0;1:05.778;0;138.5;2:12:16.720;14:12:52.607;0:45.295;0:42.001;1:05.778;233.3;Klaus BACHLER;;LMGT3;;High Class Racing;Porsche;GF;45.295;42.001;65.778;
54;3;55;2:28.774;0;;42.963;1;40.530;0;1:05.281;0;142.5;2:14:45.494;14:15:21.381;0:42.963;0:40.530;1:05.281;236.3;Klaus BACHLER;;LMGT3;;High Class Racing;Porsche;GF;42.963;40.530;65.281;
54;3;56;2:28.252;0;;43.439;0;40.505;0;1:04.308;1;143.1;2:17:13.746;14:17:49.633;0:43.439;0:40.505;1:04.308;236.3;Klaus BACHLER;;LMGT3;;High Class Racing;Porsche;GF;43.439;40.505;64.308;
54;3;57;2:31.938;0;B;43.543;0;39.589;1;1:08.806;0;139.6;2:19:45.684;14:20:21.571;0:43.543;0:39.589;1:08.806;234.3;Klaus BACHLER;;LMGT3;;High Class Racing;Porsche;GF;43.543;39.589;68.806;
54;2;58;3:23.487;0;;1:43.929;0;38.435;0;1:01.123;0;104.2;2:23:09.171;14:23:45.058;1:43.929;0:38.435;1:01.123;236.8;Benjamin PAQUE;0:01:04.937;LMGT3;;High Class Racing;Porsche;GF;103.929;38.435;61.123;
54;2;59;2:19.878;0;;41.312;0;38.120;0;1:00.446;0;151.6;2:25:29.049;14:26:04.936;0:41.312;0:38.120;1:00.446;233.8;Benjamin PAQUE;;LMGT3;;High Class Racing;Porsche;GF;41.312;38.120;60.446;
54;2;60;2:20.525;0;;41.666;0;37.586;0;1:01.273;0;150.9;2:27:49.574;14:28:25.461;0:41.666;0:37.586;1:01.273;234.8;Benjamin PAQUE;;LMGT3;;High Class Racing;Porsche;GF;41.666;37.586;61.273;
54;2;61;2:18.516;0;;41.725;0;36.665;0;1:00.126;1;153.1;2:30:08.090;14:30:43.977;0:41.725;0:36.665;1:00.126;235.3;Benjamin PAQUE;;LMGT3;;High Class Racing;Porsche;GF;41.725;36.665;60.126;
54;2;62;2:18.846;0;;41.636;0;36.941;0;1:00.269;0;152.7;2:32:26.936;14:33:02.823;0:41.636;0:36.941;1:00.269;235.3;Benjamin PAQUE;;LMGT3;;High Class Racing;Porsche;GF;41.636;36.941;60.269;
54;2;63;2:19.981;0;;41.870;0;37.188;0;1:00.923;0;151.5;2:34:46.917;14:35:22.804;0:41.870;0:37.188;1:00.923;234.3;Benjamin PAQUE;;LMGT3;;High Class Racing;Porsche;GF;41.870;37.188;60.923;
54;2;64;2:19.566;0;;41.745;0;37.053;0;1:00.768;0;152.0;2:37:06.483;14:37:42.370;0:41.745;0:37.053;1:00.768;235.3;Benjamin PAQUE;;LMGT3;;High Class Racing;Porsche;GF;41.745;37.053;60.768;
54;2;65;2:45.472;0;;41.755;0;37.345;0;1:26.372;0;128.2;2:39:51.955;14:40:27.842;0:41.755;0:37.345;1:26.372;234.8;Benjamin PAQUE;;LMGT3;;High Class Racing;Porsche;FCY;41.755;37.345;86.372;
54;2;66;4:25.394;0;;1:31.759;0;1:07.761;0;1:45.874;0;79.9;2:44:17.349;14:44:53.236;1:31.759;1:07.761;1:45.874;;Benjamin PAQUE;;LMGT3;;High Class Racing;Porsche;FCY;91.759;67.761;105.874;
54;2;67;2:51.125;0;;1:11.581;0;38.966;0;1:00.578;0;123.9;2:47:08.474;14:47:44.361;1:11.581;0:38.966;1:00.578;234.8;Benjamin PAQUE;;LMGT3;;High Class Racing;Porsche;GF;71.581;38.966;60.578;
54;2;68;2:19.927;0;;41.893;0;37.596;0;1:00.438;0;151.6;2:49:28.401;14:50:04.288;0:41.893;0:37.596;1:00.438;235.8;Benjamin PAQUE;;LMGT3;;High Class Racing;Porsche;GF;41.893;37.596;60.438;
54;2;69;2:35.892;0;;41.526;0;38.083;0;1:16.283;0;136.0;2:52:04.293;14:52:40.180;0:41.526;0:38.083;1:16.283;234.3;Benjamin PAQUE;;LMGT3;;High Class Racing;Porsche;FCY;41.526;38.083;76.283;
54;2;70;4:25.310;0;;1:31.565;0;1:08.028;0;1:45.717;0;79.9;2:56:29.603;14:57:05.490;1:31.565;1:08.028;1:45.717;;Benjamin PAQUE;;LMGT3;;High Class Racing;Porsche;FCY;91.565;68.028;105.717;
54;2;71;4:00.042;0;;1:31.579;0;1:07.922;0;1:20.541;0;88.3;3:00:29.645;15:01:05.532;1:31.579;1:07.922;1:20.541;;Benjamin PAQUE;;LMGT3;;High Class Racing;Porsche;GF;91.579;67.922;80.541;
54;2;72;2:20.832;0;;41.631;0;37.700;0;1:01.501;0;150.6;3:02:50.477;15:03:26.364;0:41.631;0:37.700;1:01.501;235.3;Benjamin PAQUE;;LMGT3;;High Class Racing;Porsche;GF;41.631;37.700;61.501;
54;2;73;2:19.027;0;;41.608;0;37.216;0;1:00.203;0;152.5;3:05:09.504;15:05:45.391;0:41.608;0:37.216;1:00.203;235.8;Benjamin PAQUE;;LMGT3;;High Class Racing;Porsche;GF;41.608;37.216;60.203;
54;2;74;2:19.255;0;;41.462;0;36.884;0;1:00.909;0;152.3;3:07:28.759;15:08:04.646;0:41.462;0:36.884;1:00.909;235.3;Benjamin PAQUE;;LMGT3;;High Class Racing;Porsche;GF;41.462;36.884;60.909;
54;2;75;2:19.875;0;;41.615;0;37.561;0;1:00.699;0;151.6;3:09:48.634;15:10:24.521;0:41.615;0:37.561;1:00.699;237.4;Benjamin PAQUE;;LMGT3;;High Class Racing;Porsche;GF;41.615;37.561;60.699;
54;2;76;2:18.908;0;;41.639;0;36.873;0;1:00.396;0;152.7;3:12:07.542;15:12:43.429;0:41.639;0:36.873;1:00.396;236.3;Benjamin PAQUE;;LMGT3;;High Class Racing;Porsche;GF;41.639;36.873;60.396;
54;2;77;2:19.026;0;;41.736;0;36.662;0;1:00.628;0;152.5;3:14:26.568;15:15:02.455;0:41.736;0:36.662;1:00.628;238.4;Benjamin PAQUE;;LMGT3;;High Class Racing;Porsche;GF;41.736;36.662;60.628;
54;2;78;2:19.403;0;;41.558;0;37.071;0;1:00.774;0;152.1;3:16:45.971;15:17:21.858;0:41.558;0:37.071;1:00.774;238.4;Benjamin PAQUE;;LMGT3;;High Class Racing;Porsche;GF;41.558;37.071;60.774;
54;2;79;2:19.513;0;;41.885;0;36.881;0;1:00.747;0;152.0;3:19:05.484;15:19:41.371;0:41.885;0:36.881;1:00.747;237.9;Benjamin PAQUE;;LMGT3;;High Class Racing;Porsche;GF;41.885;36.881;60.747;
54;2;80;2:18.816;0;;41.602;0;36.665;0;1:00.549;0;152.8;3:21:24.300;15:22:00.187;0:41.602;0:36.665;1:00.549;238.9;Benjamin PAQUE;;LMGT3;;High Class Racing;Porsche;GF;41.602;36.665;60.549;
54;2;81;2:19.430;0;;41.962;0;36.974;0;1:00.494;0;152.1;3:23:43.730;15:24:19.617;0:41.962;0:36.974;1:00.494;238.9;Benjamin PAQUE;;LMGT3;;High Class Racing;Porsche;GF;41.962;36.974;60.494;
54;2;82;2:18.351;0;;41.441;0;36.701;0;1:00.209;0;153.3;3:26:02.081;15:26:37.968;0:41.441;0:36.701;1:00.209;238.4;Benjamin PAQUE;;LMGT3;;High Class Racing;Porsche;GF;41.441;36.701;60.209;
54;2;83;2:19.102;0;;41.469;0;36.761;0;1:00.872;0;152.5;3:28:21.183;15:28:57.070;0:41.469;0:36.761;1:00.872;237.9;Benjamin PAQUE;;LMGT3;;High Class Racing;Porsche;GF;41.469;36.761;60.872;
54;2;84;2:19.556;0;;41.566;0;37.110;0;1:00.880;0;152.0;3:30:40.739;15:31:16.626;0:41.566;0:37.110;1:00.880;237.9;Benjamin PAQUE;;LMGT3;;High Class Racing;Porsche;GF;41.566;37.110;60.880;
54;2;85;2:20.009;0;;41.607;0;37.269;0;1:01.133;0;151.5;3:33:00.748;15:33:36.635;0:41.607;0:37.269;1:01.133;237.4;Benjamin PAQUE;;LMGT3;;High Class Racing;Porsche;GF;41.607;37.269;61.133;
54;2;86;2:23.070;0;B;41.542;0;36.925;0;1:04.603;0;148.2;3:35:23.818;15:35:59.705;0:41.542;0:36.925;1:04.603;237.4;Benjamin PAQUE;;LMGT3;;High Class Racing;Porsche;GF;41.542;36.925;64.603;
54;2;87;2:59.930;0;;1:22.077;0;36.802;0;1:01.051;0;117.9;3:38:23.748;15:38:59.635;1:22.077;0:36.802;1:01.051;236.3;Benjamin PAQUE;0:00:45.974;LMGT3;;High Class Racing;Porsche;GF;82.077;36.802;61.051;
54;2;88;2:19.085;0;;41.332;0;37.137;0;1:00.616;0;152.5;3:40:42.833;15:41:18.720;0:41.332;0:37.137;1:00.616;236.8;Benjamin PAQUE;;LMGT3;;High Class Racing;Porsche;GF;41.332;37.137;60.616;
54;2;89;2:18.431;0;;41.113;0;36.745;0;1:00.573;0;153.2;3:43:01.264;15:43:37.151;0:41.113;0:36.745;1:00.573;237.4;Benjamin PAQUE;;LMGT3;;High Class Racing;Porsche;GF;41.113;36.745;60.573;
54;2;90;2:19.360;0;;41.761;0;36.772;0;1:00.827;0;152.2;3:45:20.624;15:45:56.511;0:41.761;0:36.772;1:00.827;237.4;Benjamin PAQUE;;LMGT3;;High Class Racing;Porsche;GF;41.761;36.772;60.827;
54;2;91;2:20.260;0;;41.234;0;36.889;0;1:02.137;0;151.2;3:47:40.884;15:48:16.771;0:41.234;0:36.889;1:02.137;237.9;Benjamin PAQUE;;LMGT3;;High Class Racing;Porsche;GF;41.234;36.889;62.137;
54;2;92;2:21.253;0;;42.326;0;37.720;0;1:01.207;0;150.1;3:50:02.137;15:50:38.024;0:42.326;0:37.720;1:01.207;230.3;Benjamin PAQUE;;LMGT3;;High Class Racing;Porsche;GF;42.326;37.720;61.207;
54;2;93;2:20.060;0;;41.615;0;36.736;0;1:01.709;0;151.4;3:52:22.197;15:52:58.084;0:41.615;0:36.736;1:01.709;238.9;Benjamin PAQUE;;LMGT3;;High Class Racing;Porsche;GF;41.615;36.736;61.709;
54;2;94;2:18.612;0;;41.212;0;36.563;0;1:00.837;0;153.0;3:54:40.809;15:55:16.696;0:41.212;0:36.563;1:00.837;236.8;Benjamin PAQUE;;LMGT3;;High Class Racing;Porsche;GF;41.212;36.563;60.837;
54;2;95;2:18.790;0;;40.991;0;36.777;0;1:01.022;0;152.8;3:56:59.599;15:57:35.486;0:40.991;0:36.777;1:01.022;238.4;Benjamin PAQUE;;LMGT3;;High Class Racing;Porsche;GF;40.991;36.777;61.022;
54;2;96;2:19.516;0;;41.303;0;37.279;0;1:00.934;0;152.0;3:59:19.115;15:59:55.002;0:41.303;0:37.279;1:00.934;237.9;Benjamin PAQUE;;LMGT3;;High Class Racing;Porsche;GF;41.303;37.279;60.934;
54;2;97;2:17.767;0;;40.922;1;36.390;1;1:00.455;0;153.9;4:01:36.882;16:02:12.769;0:40.922;0:36.390;1:00.455;238.9;Benjamin PAQUE;;LMGT3;;High Class Racing;Porsche;FF;40.922;36.390;60.455;
55;1;1;2:19.109;0;;49.793;0;34.004;0;55.312;0;148.8;2:19.109;12:02:54.996;0:49.793;0:34.004;0:55.312;242.7;Duncan CAMERON;;LMGT3;;Spirit of Race;Ferrari;GF;49.793;34.004;55.312;
55;1;2;2:04.945;0;;37.768;0;33.281;0;53.896;0;169.7;4:24.054;12:04:59.941;0:37.768;0:33.281;0:53.896;240.5;Duncan CAMERON;;LMGT3;;Spirit of Race;Ferrari;GF;37.768;33.281;53.896;
55;1;3;2:03.250;0;;37.244;0;32.626;0;53.380;0;172.1;6:27.304;12:07:03.191;0:37.244;0:32.626;0:53.380;240.5;Duncan CAMERON;;LMGT3;;Spirit of Race;Ferrari;GF;37.244;32.626;53.380;
55;1;4;2:03.003;0;;37.269;0;32.302;0;53.432;0;172.4;8:30.307;12:09:06.194;0:37.269;0:32.302;0:53.432;238.9;Duncan CAMERON;;LMGT3;;Spirit of Race;Ferrari;GF;37.269;32.302;53.432;
55;1;5;2:02.854;0;;37.234;0;32.198;0;53.422;0;172.6;10:33.161;12:11:09.048;0:37.234;0:32.198;0:53.422;238.9;Duncan CAMERON;;LMGT3;;Spirit of Race;Ferrari;GF;37.234;32.198;53.422;
55;1;6;2:02.925;0;;37.190;0;32.262;0;53.473;0;172.5;12:36.086;12:13:11.973;0:37.190;0:32.262;0:53.473;238.9;Duncan CAMERON;;LMGT3;;Spirit of Race;Ferrari;GF;37.190;32.262;53.473;
55;1;7;2:04.108;0;;37.286;0;32.595;0;54.227;0;170.9;14:40.194;12:15:16.081;0:37.286;0:32.595;0:54.227;239.5;Duncan CAMERON;;LMGT3;;Spirit of Race;Ferrari;GF;37.286;32.595;54.227;
55;1;8;2:05.126;0;;37.574;0;32.315;0;55.237;0;169.5;16:45.320;12:17:21.207;0:37.574;0:32.315;0:55.237;238.4;Duncan CAMERON;;LMGT3;;Spirit of Race;Ferrari;GF;37.574;32.315;55.237;
55;1;9;2:04.311;0;;38.027;0;32.204;0;54.080;0;170.6;18:49.631;12:19:25.518;0:38.027;0:32.204;0:54.080;237.9;Duncan CAMERON;;LMGT3;;Spirit of Race;Ferrari;GF;38.027;32.204;54.080;
55;1;10;2:03.209;0;;37.389;0;32.175;0;53.645;0;172.1;20:52.840;12:21:28.727;0:37.389;0:32.175;0:53.645;237.4;Duncan CAMERON;;LMGT3;;Spirit of Race;Ferrari;GF;37.389;32.175;53.645;
55;1;11;2:03.303;0;;37.326;0;32.640;0;53.337;0;172.0;22:56.143;12:23:32.030;0:37.326;0:32.640;0:53.337;237.9;Duncan CAMERON;;LMGT3;;Spirit of Race;Ferrari;GF;37.326;32.640;53.337;
55;1;12;2:02.905;0;;37.234;0;32.019;2;53.652;0;172.6;24:59.048;12:25:34.935;0:37.234;0:32.019;0:53.652;237.4;Duncan CAMERON;;LMGT3;;Spirit of Race;Ferrari;GF;37.234;32.019;53.652;
55;1;13;2:02.573;2;;37.095;2;32.115;0;53.363;0;173.0;27:01.621;12:27:37.508;0:37.095;0:32.115;0:53.363;236.8;Duncan CAMERON;;LMGT3;;Spirit of Race;Ferrari;GF;37.095;32.115;53.363;
55;1;14;2:03.604;0;;37.452;0;32.405;0;53.747;0;171.6;29:05.225;12:29:41.112;0:37.452;0:32.405;0:53.747;237.4;Duncan CAMERON;;LMGT3;;Spirit of Race;Ferrari;GF;37.452;32.405;53.747;
55;1;15;2:02.771;0;;37.257;0;32.103;0;53.411;0;172.7;31:07.996;12:31:43.883;0:37.257;0:32.103;0:53.411;237.9;Duncan CAMERON;;LMGT3;;Spirit of Race;Ferrari;GF;37.257;32.103;53.411;
55;1;16;2:04.352;0;;37.671;0;32.272;0;54.409;0;170.5;33:12.348;12:33:48.235;0:37.671;0:32.272;0:54.409;237.9;Duncan CAMERON;;LMGT3;;Spirit of Race;Ferrari;GF;37.671;32.272;54.409;
55;1;17;2:04.088;0;;37.888;0;32.344;0;53.856;0;170.9;35:16.436;12:35:52.323;0:37.888;0:32.344;0:53.856;238.9;Duncan CAMERON;;LMGT3;;Spirit of Race;Ferrari;GF;37.888;32.344;53.856;
55;1;18;2:03.443;0;;37.519;0;32.458;0;53.466;0;171.8;37:19.879;12:37:55.766;0:37.519;0:32.458;0:53.466;237.9;Duncan CAMERON;;LMGT3;;Spirit of Race;Ferrari;GF;37.519;32.458;53.466;
55;1;19;2:02.657;0;;37.179;0;32.102;0;53.376;0;172.9;39:22.536;12:39:58.423;0:37.179;0:32.102;0:53.376;238.4;Duncan CAMERON;;LMGT3;;Spirit of Race;Ferrari;GF;37.179;32.102;53.376;
55;1;20;2:03.308;0;;37.576;0;32.218;0;53.514;0;172.0;41:25.844;12:42:01.731;0:37.576;0:32.218;0:53.514;239.5;Duncan CAMERON;;LMGT3;;Spirit of Race;Ferrari;GF;37.576;32.218;53.514;
55;1;21;2:03.507;0;;37.214;0;32.159;0;54.134;0;171.7;43:29.351;12:44:05.238;0:37.214;0:32.159;0:54.134;238.9;Duncan CAMERON;;LMGT3;;Spirit of Race;Ferrari;GF;37.214;32.159;54.134;
55;1;22;2:04.252;0;;37.736;0;32.454;0;54.062;0;170.7;45:33.603;12:46:09.490;0:37.736;0:32.454;0:54.062;238.9;Duncan CAMERON;;LMGT3;;Spirit of Race;Ferrari;GF;37.736;32.454;54.062;
55;1;23;2:02.866;0;;37.380;0;32.092;0;53.394;0;172.6;47:36.469;12:48:12.356;0:37.380;0:32.092;0:53.394;239.5;Duncan CAMERON;;LMGT3;;Spirit of Race;Ferrari;GF;37.380;32.092;53.394;
55;1;24;2:03.341;0;;37.550;0;32.050;0;53.741;0;171.9;49:39.810;12:50:15.697;0:37.550;0:32.050;0:53.741;238.4;Duncan CAMERON;;LMGT3;;Spirit of Race;Ferrari;GF;37.550;32.050;53.741;
55;1;25;2:03.570;0;;37.165;0;32.284;0;54.121;0;171.6;51:43.380;12:52:19.267;0:37.165;0:32.284;0:54.121;239.5;Duncan CAMERON;;LMGT3;;Spirit of Race;Ferrari;GF;37.165;32.284;54.121;
55;1;26;2:03.701;0;;37.341;0;32.088;0;54.272;0;171.4;53:47.081;12:54:22.968;0:37.341;0:32.088;0:54.272;238.9;Duncan CAMERON;;LMGT3;;Spirit of Race;Ferrari;GF;37.341;32.088;54.272;
55;1;27;2:07.920;0;B;37.563;0;32.988;0;57.369;0;165.8;55:55.001;12:56:30.888;0:37.563;0:32.988;0:57.369;240.0;Duncan CAMERON;;LMGT3;;Spirit of Race;Ferrari;GF;37.563;32.988;57.369;
55;1;28;3:27.327;0;;1:59.987;0;33.342;0;53.998;0;102.3;59:22.328;12:59:58.215;1:59.987;0:33.342;0:53.998;233.3;Duncan CAMERON;0:01:23.201;LMGT3;;Spirit of Race;Ferrari;GF;119.987;33.342;53.998;
55;1;29;2:02.855;0;;37.621;0;32.046;0;53.188;2;172.6;1:01:25.183;13:02:01.070;0:37.621;0:32.046;0:53.188;238.4;Duncan CAMERON;;LMGT3;;Spirit of Race;Ferrari;GF;37.621;32.046;53.188;
55;1;30;2:03.457;0;;37.161;0;32.031;0;54.265;0;171.8;1:03:28.640;13:04:04.527;0:37.161;0:32.031;0:54.265;237.4;Duncan CAMERON;;LMGT3;;Spirit of Race;Ferrari;GF;37.161;32.031;54.265;
55;1;31;2:03.053;0;;37.256;0;32.064;0;53.733;0;172.3;1:05:31.693;13:06:07.580;0:37.256;0:32.064;0:53.733;238.9;Duncan CAMERON;;LMGT3;;Spirit of Race;Ferrari;GF;37.256;32.064;53.733;
55;1;32;2:04.156;0;;37.506;0;33.026;0;53.624;0;170.8;1:07:35.849;13:08:11.736;0:37.506;0:33.026;0:53.624;236.3;Duncan CAMERON;;LMGT3;;Spirit of Race;Ferrari;GF;37.506;33.026;53.624;
55;1;33;2:02.945;0;;37.232;0;32.149;0;53.564;0;172.5;1:09:38.794;13:10:14.681;0:37.232;0:32.149;0:53.564;236.8;Duncan CAMERON;;LMGT3;;Spirit of Race;Ferrari;GF;37.232;32.149;53.564;
55;1;34;2:03.713;0;;37.295;0;32.537;0;53.881;0;171.4;1:11:42.507;13:12:18.394;0:37.295;0:32.537;0:53.881;236.3;Duncan CAMERON;;LMGT3;;Spirit of Race;Ferrari;GF;37.295;32.537;53.881;
55;1;35;2:04.700;0;;37.859;0;32.319;0;54.522;0;170.1;1:13:47.207;13:14:23.094;0:37.859;0:32.319;0:54.522;237.9;Duncan CAMERON;;LMGT3;;Spirit of Race;Ferrari;GF;37.859;32.319;54.522;
55;1;36;2:04.823;0;;38.602;0;32.279;0;53.942;0;169.9;1:15:52.030;13:16:27.917;0:38.602;0:32.279;0:53.942;237.4;Duncan CAMERON;;LMGT3;;Spirit of Race;Ferrari;GF;38.602;32.279;53.942;
55;1;37;2:09.061;0;;38.708;0;34.966;0;55.387;0;164.3;1:18:01.091;13:18:36.978;0:38.708;0:34.966;0:55.387;225.9;Duncan CAMERON;;LMGT3;;Spirit of Race;Ferrari;GF;38.708;34.966;55.387;
55;1;38;3:03.979;0;;38.015;0;51.042;0;1:34.922;0;115.3;1:21:05.070;13:21:40.957;0:38.015;0:51.042;1:34.922;237.9;Duncan CAMERON;;LMGT3;;Spirit of Race;Ferrari;GF;38.015;51.042;94.922;
55;1;39;2:07.858;0;;38.225;0;32.176;0;57.457;0;165.9;1:23:12.928;13:23:48.815;0:38.225;0:32.176;0:57.457;238.9;Duncan CAMERON;;LMGT3;;Spirit of Race;Ferrari;GF;38.225;32.176;57.457;
55;1;40;3:19.843;0;;42.216;0;51.958;0;1:45.669;0;106.1;1:26:32.771;13:27:08.658;0:42.216;0:51.958;1:45.669;237.9;Duncan CAMERON;;LMGT3;;Spirit of Race;Ferrari;GF;42.216;51.958;105.669;
55;1;41;4:24.025;0;;1:31.254;0;1:07.313;0;1:45.458;0;80.3;1:30:56.796;13:31:32.683;1:31.254;1:07.313;1:45.458;;Duncan CAMERON;;LMGT3;;Spirit of Race;Ferrari;GF;91.254;67.313;105.458;
55;1;42;4:04.902;0;;1:31.135;0;1:08.699;0;1:25.068;0;86.6;1:35:01.698;13:35:37.585;1:31.135;1:08.699;1:25.068;;Duncan CAMERON;;LMGT3;;Spirit of Race;Ferrari;SF;91.135;68.699;85.068;
55;1;43;2:30.414;0;;45.483;0;42.187;0;1:02.744;0;141.0;1:37:32.112;13:38:07.999;0:45.483;0:42.187;1:02.744;189.1;Duncan CAMERON;;LMGT3;;Spirit of Race;Ferrari;SF;45.483;42.187;62.744;
55;1;44;2:57.126;0;;43.815;0;41.254;0;1:32.057;0;119.7;1:40:29.238;13:41:05.125;0:43.815;0:41.254;1:32.057;213.0;Duncan CAMERON;;LMGT3;;Spirit of Race;Ferrari;SF;43.815;41.254;92.057;
55;1;45;4:15.124;0;;1:27.963;0;57.614;0;1:49.547;0;83.1;1:44:44.362;13:45:20.249;1:27.963;0:57.614;1:49.547;;Duncan CAMERON;;LMGT3;;Spirit of Race;Ferrari;SF;87.963;57.614;109.547;
55;1;46;4:05.999;0;;1:30.147;0;57.259;0;1:38.593;0;86.2;1:48:50.361;13:49:26.248;1:30.147;0:57.259;1:38.593;;Duncan CAMERON;;LMGT3;;Spirit of Race;Ferrari;SF;90.147;57.259;98.593;
55;1;47;3:40.696;0;B;1:19.915;0;51.381;0;1:29.400;0;96.1;1:52:31.057;13:53:06.944;1:19.915;0:51.381;1:29.400;;Duncan CAMERON;;LMGT3;;Spirit of Race;Ferrari;SF;79.915;51.381;89.400;
55;3;48;3:42.739;0;;1:51.652;0;42.369;0;1:08.718;0;95.2;1:56:13.796;13:56:49.683;1:51.652;0:42.369;1:08.718;225.0;Matthew GRIFFIN;0:01:08.489;LMGT3;;Spirit of Race;Ferrari;SF;111.652;42.369;68.718;
55;3;49;2:44.829;0;B;48.428;0;42.004;0;1:14.397;0;128.7;1:58:58.625;13:59:34.512;0:48.428;0:42.004;1:14.397;220.9;Matthew GRIFFIN;;LMGT3;;Spirit of Race;Ferrari;SF;48.428;42.004;74.397;
55;3;50;3:11.872;0;;1:24.207;0;37.518;0;1:10.147;0;110.5;2:02:10.497;14:02:46.384;1:24.207;0:37.518;1:10.147;227.8;Matthew GRIFFIN;0:00:44.980;LMGT3;;Spirit of Race;Ferrari;SF;84.207;37.518;70.147;
55;3;51;2:28.610;0;;42.680;0;39.023;0;1:06.907;0;142.7;2:04:39.107;14:05:14.994;0:42.680;0:39.023;1:06.907;229.8;Matthew GRIFFIN;;LMGT3;;Spirit of Race;Ferrari;SF;42.680;39.023;66.907;
55;3;52;2:28.058;0;;44.191;0;39.404;0;1:04.463;0;143.2;2:07:07.165;14:07:43.052;0:44.191;0:39.404;1:04.463;202.2;Matthew GRIFFIN;;LMGT3;;Spirit of Race;Ferrari;SF;44.191;39.404;64.463;
55;3;53;2:56.730;0;;52.353;0;44.884;0;1:19.493;0;120.0;2:10:03.895;14:10:39.782;0:52.353;0:44.884;1:19.493;153.6;Matthew GRIFFIN;;LMGT3;;Spirit of Race;Ferrari;GF;52.353;44.884;79.493;
55;3;54;2:22.931;0;;41.921;0;39.396;0;1:01.614;0;148.4;2:12:26.826;14:13:02.713;0:41.921;0:39.396;1:01.614;238.4;Matthew GRIFFIN;;LMGT3;;Spirit of Race;Ferrari;GF;41.921;39.396;61.614;
55;3;55;2:20.693;0;;42.086;0;38.277;0;1:00.330;0;150.7;2:14:47.519;14:15:23.406;0:42.086;0:38.277;1:00.330;235.3;Matthew GRIFFIN;;LMGT3;;Spirit of Race;Ferrari;GF;42.086;38.277;60.330;
55;3;56;2:20.033;0;;41.535;0;38.122;0;1:00.376;0;151.4;2:17:07.552;14:17:43.439;0:41.535;0:38.122;1:00.376;227.4;Matthew GRIFFIN;;LMGT3;;Spirit of Race;Ferrari;GF;41.535;38.122;60.376;
55;3;57;2:19.429;0;;42.694;0;36.587;1;1:00.148;0;152.1;2:19:26.981;14:20:02.868;0:42.694;0:36.587;1:00.148;235.8;Matthew GRIFFIN;;LMGT3;;Spirit of Race;Ferrari;GF;42.694;36.587;60.148;
55;3;58;2:18.275;0;;41.345;1;36.758;0;1:00.172;0;153.4;2:21:45.256;14:22:21.143;0:41.345;0:36.758;1:00.172;234.3;Matthew GRIFFIN;;LMGT3;;Spirit of Race;Ferrari;GF;41.345;36.758;60.172;
55;3;59;2:18.700;0;;41.286;0;36.819;0;1:00.595;0;152.9;2:24:03.956;14:24:39.843;0:41.286;0:36.819;1:00.595;234.3;Matthew GRIFFIN;;LMGT3;;Spirit of Race;Ferrari;GF;41.286;36.819;60.595;
55;3;60;2:18.473;0;;41.448;0;36.890;0;1:00.135;1;153.2;2:26:22.429;14:26:58.316;0:41.448;0:36.890;1:00.135;234.3;Matthew GRIFFIN;;LMGT3;;Spirit of Race;Ferrari;GF;41.448;36.890;60.135;
55;3;61;2:20.261;0;;41.725;0;37.188;0;1:01.348;0;151.2;2:28:42.690;14:29:18.577;0:41.725;0:37.188;1:01.348;235.3;Matthew GRIFFIN;;LMGT3;;Spirit of Race;Ferrari;GF;41.725;37.188;61.348;
55;3;62;2:19.344;0;;41.952;0;36.977;0;1:00.415;0;152.2;2:31:02.034;14:31:37.921;0:41.952;0:36.977;1:00.415;235.8;Matthew GRIFFIN;;LMGT3;;Spirit of Race;Ferrari;GF;41.952;36.977;60.415;
55;3;63;2:20.427;0;;41.898;0;36.898;0;1:01.631;0;151.0;2:33:22.461;14:33:58.348;0:41.898;0:36.898;1:01.631;234.3;Matthew GRIFFIN;;LMGT3;;Spirit of Race;Ferrari;GF;41.898;36.898;61.631;
55;3;64;2:20.044;0;;41.827;0;37.646;0;1:00.571;0;151.4;2:35:42.505;14:36:18.392;0:41.827;0:37.646;1:00.571;234.8;Matthew GRIFFIN;;LMGT3;;Spirit of Race;Ferrari;GF;41.827;37.646;60.571;
55;3;65;2:18.664;0;;41.486;0;36.856;0;1:00.322;0;152.9;2:38:01.169;14:38:37.056;0:41.486;0:36.856;1:00.322;233.8;Matthew GRIFFIN;;LMGT3;;Spirit of Race;Ferrari;GF;41.486;36.856;60.322;
55;3;66;3:23.270;0;;41.760;0;56.687;0;1:44.823;0;104.3;2:41:24.439;14:42:00.326;0:41.760;0:56.687;1:44.823;234.3;Matthew GRIFFIN;;LMGT3;;Spirit of Race;Ferrari;FCY;41.760;56.687;104.823;
55;3;67;4:10.704;0;;1:31.454;0;1:07.816;0;1:31.434;0;84.6;2:45:35.143;14:46:11.030;1:31.454;1:07.816;1:31.434;;Matthew GRIFFIN;;LMGT3;;Spirit of Race;Ferrari;GF;91.454;67.816;91.434;
55;3;68;2:19.598;0;;41.767;0;36.923;0;1:00.908;0;151.9;2:47:54.741;14:48:30.628;0:41.767;0:36.923;1:00.908;233.3;Matthew GRIFFIN;;LMGT3;;Spirit of Race;Ferrari;GF;41.767;36.923;60.908;
55;3;69;2:19.449;0;;41.739;0;37.079;0;1:00.631;0;152.1;2:50:14.190;14:50:50.077;0:41.739;0:37.079;1:00.631;233.3;Matthew GRIFFIN;;LMGT3;;Spirit of Race;Ferrari;GF;41.739;37.079;60.631;
55;3;70;3:18.931;0;;41.905;0;51.139;0;1:45.887;0;106.6;2:53:33.121;14:54:09.008;0:41.905;0:51.139;1:45.887;232.8;Matthew GRIFFIN;;LMGT3;;Spirit of Race;Ferrari;FCY;41.905;51.139;105.887;
55;3;71;4:26.086;0;;1:31.820;0;1:08.401;0;1:45.865;0;79.7;2:57:59.207;14:58:35.094;1:31.820;1:08.401;1:45.865;;Matthew GRIFFIN;;LMGT3;;Spirit of Race;Ferrari;FCY;91.820;68.401;105.865;
55;3;72;3:23.730;0;;1:31.910;0;51.032;0;1:00.788;0;104.1;3:01:22.937;15:01:58.824;1:31.910;0:51.032;1:00.788;;Matthew GRIFFIN;;LMGT3;;Spirit of Race;Ferrari;GF;91.910;51.032;60.788;
55;3;73;2:19.823;0;;41.711;0;36.993;0;1:01.119;0;151.7;3:03:42.760;15:04:18.647;0:41.711;0:36.993;1:01.119;233.3;Matthew GRIFFIN;;LMGT3;;Spirit of Race;Ferrari;GF;41.711;36.993;61.119;
55;3;74;2:20.746;0;;42.407;0;37.556;0;1:00.783;0;150.7;3:06:03.506;15:06:39.393;0:42.407;0:37.556;1:00.783;233.8;Matthew GRIFFIN;;LMGT3;;Spirit of Race;Ferrari;GF;42.407;37.556;60.783;
55;3;75;2:25.709;0;B;42.260;0;37.574;0;1:05.875;0;145.5;3:08:29.215;15:09:05.102;0:42.260;0:37.574;1:05.875;233.8;Matthew GRIFFIN;;LMGT3;;Spirit of Race;Ferrari;GF;42.260;37.574;65.875;
55;2;76;3:33.684;0;;1:53.929;0;37.730;0;1:02.025;0;99.2;3:12:02.899;15:12:38.786;1:53.929;0:37.730;1:02.025;230.3;David PEREL;0:01:14.756;LMGT3;;Spirit of Race;Ferrari;GF;113.929;37.730;62.025;
55;2;77;2:21.366;0;;41.731;0;38.145;0;1:01.490;0;150.0;3:14:24.265;15:15:00.152;0:41.731;0:38.145;1:01.490;232.8;David PEREL;;LMGT3;;Spirit of Race;Ferrari;GF;41.731;38.145;61.490;
55;2;78;2:19.841;0;;42.110;0;36.969;0;1:00.762;0;151.7;3:16:44.106;15:17:19.993;0:42.110;0:36.969;1:00.762;234.3;David PEREL;;LMGT3;;Spirit of Race;Ferrari;GF;42.110;36.969;60.762;
55;2;79;2:19.681;0;;41.782;0;36.853;0;1:01.046;0;151.8;3:19:03.787;15:19:39.674;0:41.782;0:36.853;1:01.046;232.8;David PEREL;;LMGT3;;Spirit of Race;Ferrari;GF;41.782;36.853;61.046;
55;2;80;2:19.567;0;;41.557;0;37.122;0;1:00.888;0;152.0;3:21:23.354;15:21:59.241;0:41.557;0:37.122;1:00.888;233.3;David PEREL;;LMGT3;;Spirit of Race;Ferrari;GF;41.557;37.122;60.888;
55;2;81;2:19.711;0;;41.972;0;37.289;0;1:00.450;0;151.8;3:23:43.065;15:24:18.952;0:41.972;0:37.289;1:00.450;233.8;David PEREL;;LMGT3;;Spirit of Race;Ferrari;GF;41.972;37.289;60.450;
55;2;82;2:18.089;0;;41.268;0;36.497;1;1:00.324;1;153.6;3:26:01.154;15:26:37.041;0:41.268;0:36.497;1:00.324;232.8;David PEREL;;LMGT3;;Spirit of Race;Ferrari;GF;41.268;36.497;60.324;
55;2;83;2:18.998;0;;41.538;0;36.712;0;1:00.748;0;152.6;3:28:20.152;15:28:56.039;0:41.538;0:36.712;1:00.748;232.3;David PEREL;;LMGT3;;Spirit of Race;Ferrari;GF;41.538;36.712;60.748;
55;2;84;2:19.110;0;;41.667;0;36.860;0;1:00.583;0;152.5;3:30:39.262;15:31:15.149;0:41.667;0:36.860;1:00.583;232.8;David PEREL;;LMGT3;;Spirit of Race;Ferrari;GF;41.667;36.860;60.583;
55;2;85;2:19.357;0;;41.634;0;37.160;0;1:00.563;0;152.2;3:32:58.619;15:33:34.506;0:41.634;0:37.160;1:00.563;232.8;David PEREL;;LMGT3;;Spirit of Race;Ferrari;GF;41.634;37.160;60.563;
55;2;86;2:19.352;0;;41.730;0;37.185;0;1:00.437;0;152.2;3:35:17.971;15:35:53.858;0:41.730;0:37.185;1:00.437;232.8;David PEREL;;LMGT3;;Spirit of Race;Ferrari;GF;41.730;37.185;60.437;
55;2;87;2:19.933;0;;41.550;0;37.185;0;1:01.198;0;151.6;3:37:37.904;15:38:13.791;0:41.550;0:37.185;1:01.198;234.8;David PEREL;;LMGT3;;Spirit of Race;Ferrari;GF;41.550;37.185;61.198;
55;2;88;2:18.886;0;;41.704;0;36.687;0;1:00.495;0;152.7;3:39:56.790;15:40:32.677;0:41.704;0:36.687;1:00.495;235.3;David PEREL;;LMGT3;;Spirit of Race;Ferrari;GF;41.704;36.687;60.495;
55;2;89;2:19.251;0;;41.464;0;36.831;0;1:00.956;0;152.3;3:42:16.041;15:42:51.928;0:41.464;0:36.831;1:00.956;234.3;David PEREL;;LMGT3;;Spirit of Race;Ferrari;GF;41.464;36.831;60.956;
55;2;90;2:19.739;0;;41.445;0;37.341;0;1:00.953;0;151.8;3:44:35.780;15:45:11.667;0:41.445;0:37.341;1:00.953;234.8;David PEREL;;LMGT3;;Spirit of Race;Ferrari;GF;41.445;37.341;60.953;
55;2;91;2:19.068;0;;41.626;0;36.798;0;1:00.644;0;152.5;3:46:54.848;15:47:30.735;0:41.626;0:36.798;1:00.644;236.3;David PEREL;;LMGT3;;Spirit of Race;Ferrari;GF;41.626;36.798;60.644;
55;2;92;2:19.131;0;;41.593;0;36.812;0;1:00.726;0;152.4;3:49:13.979;15:49:49.866;0:41.593;0:36.812;1:00.726;234.3;David PEREL;;LMGT3;;Spirit of Race;Ferrari;GF;41.593;36.812;60.726;
55;2;93;2:19.039;0;;41.533;0;36.682;0;1:00.824;0;152.5;3:51:33.018;15:52:08.905;0:41.533;0:36.682;1:00.824;234.3;David PEREL;;LMGT3;;Spirit of Race;Ferrari;GF;41.533;36.682;60.824;
55;2;94;2:18.948;0;;41.448;0;36.770;0;1:00.730;0;152.6;3:53:51.966;15:54:27.853;0:41.448;0:36.770;1:00.730;232.8;David PEREL;;LMGT3;;Spirit of Race;Ferrari;GF;41.448;36.770;60.730;
55;2;95;2:19.803;0;;41.395;0;37.263;0;1:01.145;0;151.7;3:56:11.769;15:56:47.656;0:41.395;0:37.263;1:01.145;234.8;David PEREL;;LMGT3;;Spirit of Race;Ferrari;GF;41.395;37.263;61.145;
55;2;96;2:18.983;0;;41.202;1;37.076;0;1:00.705;0;152.6;3:58:30.752;15:59:06.639;0:41.202;0:37.076;1:00.705;234.8;David PEREL;;LMGT3;;Spirit of Race;Ferrari;GF;41.202;37.076;60.705;
55;2;97;2:19.063;0;;41.290;0;36.979;0;1:00.794;0;152.5;4:00:49.815;16:01:25.702;0:41.290;0:36.979;1:00.794;234.3;David PEREL;;LMGT3;;Spirit of Race;Ferrari;FF;41.290;36.979;60.794;
57;1;1;2:19.346;0;;50.310;0;33.780;0;55.256;0;148.5;2:19.346;12:02:55.233;0:50.310;0:33.780;0:55.256;238.9;Takeshi KIMURA;;LMGT3;;Kessel Racing;Ferrari;GF;50.310;33.780;55.256;
57;1;2;2:05.069;0;;37.916;0;33.306;0;53.847;0;169.6;4:24.415;12:05:00.302;0:37.916;0:33.306;0:53.847;238.9;Takeshi KIMURA;;LMGT3;;Kessel Racing;Ferrari;GF;37.916;33.306;53.847;
57;1;3;2:03.489;0;;37.455;0;32.337;0;53.697;0;171.7;6:27.904;12:07:03.791;0:37.455;0:32.337;0:53.697;237.9;Takeshi KIMURA;;LMGT3;;Kessel Racing;Ferrari;GF;37.455;32.337;53.697;
57;1;4;2:03.352;0;;37.301;2;32.358;0;53.693;0;171.9;8:31.256;12:09:07.143;0:37.301;0:32.358;0:53.693;238.4;Takeshi KIMURA;;LMGT3;;Kessel Racing;Ferrari;GF;37.301;32.358;53.693;
57;1;5;2:03.252;0;;37.509;0;32.266;0;53.477;0;172.1;10:34.508;12:11:10.395;0:37.509;0:32.266;0:53.477;237.4;Takeshi KIMURA;;LMGT3;;Kessel Racing;Ferrari;GF;37.509;32.266;53.477;
57;1;6;2:03.289;0;;37.603;0;32.209;0;53.477;0;172.0;12:37.797;12:13:13.684;0:37.603;0:32.209;0:53.477;236.8;Takeshi KIMURA;;LMGT3;;Kessel Racing;Ferrari;GF;37.603;32.209;53.477;
57;1;7;2:05.718;0;;37.521;0;32.881;0;55.316;0;168.7;14:43.515;12:15:19.402;0:37.521;0:32.881;0:55.316;237.4;Takeshi KIMURA;;LMGT3;;Kessel Racing;Ferrari;GF;37.521;32.881;55.316;
57;1;8;2:06.208;0;;37.811;0;33.584;0;54.813;0;168.0;16:49.723;12:17:25.610;0:37.811;0:33.584;0:54.813;236.8;Takeshi KIMURA;;LMGT3;;Kessel Racing;Ferrari;GF;37.811;33.584;54.813;
57;1;9;2:03.661;0;;37.536;0;32.451;0;53.674;0;171.5;18:53.384;12:19:29.271;0:37.536;0:32.451;0:53.674;236.3;Takeshi KIMURA;;LMGT3;;Kessel Racing;Ferrari;GF;37.536;32.451;53.674;
57;1;10;2:04.109;0;;37.668;0;32.549;0;53.892;0;170.9;20:57.493;12:21:33.380;0:37.668;0:32.549;0:53.892;235.3;Takeshi KIMURA;;LMGT3;;Kessel Racing;Ferrari;GF;37.668;32.549;53.892;
57;1;11;2:03.475;0;;37.607;0;32.291;0;53.577;0;171.8;23:00.968;12:23:36.855;0:37.607;0:32.291;0:53.577;236.3;Takeshi KIMURA;;LMGT3;;Kessel Racing;Ferrari;GF;37.607;32.291;53.577;
57;1;12;2:03.512;0;;37.652;0;32.213;0;53.647;0;171.7;25:04.480;12:25:40.367;0:37.652;0:32.213;0:53.647;235.8;Takeshi KIMURA;;LMGT3;;Kessel Racing;Ferrari;GF;37.652;32.213;53.647;
57;1;13;2:03.857;0;;37.648;0;32.346;0;53.863;0;171.2;27:08.337;12:27:44.224;0:37.648;0:32.346;0:53.863;236.3;Takeshi KIMURA;;LMGT3;;Kessel Racing;Ferrari;GF;37.648;32.346;53.863;
57;1;14;2:03.827;0;;37.595;0;32.386;0;53.846;0;171.3;29:12.164;12:29:48.051;0:37.595;0:32.386;0:53.846;236.8;Takeshi KIMURA;;LMGT3;;Kessel Racing;Ferrari;GF;37.595;32.386;53.846;
57;1;15;2:03.661;0;;37.663;0;32.442;0;53.556;0;171.5;31:15.825;12:31:51.712;0:37.663;0:32.442;0:53.556;235.8;Takeshi KIMURA;;LMGT3;;Kessel Racing;Ferrari;GF;37.663;32.442;53.556;
57;1;16;2:04.752;0;;37.624;0;32.335;0;54.793;0;170.0;33:20.577;12:33:56.464;0:37.624;0:32.335;0:54.793;236.8;Takeshi KIMURA;;LMGT3;;Kessel Racing;Ferrari;GF;37.624;32.335;54.793;
57;1;17;2:04.094;0;;37.820;0;32.360;0;53.914;0;170.9;35:24.671;12:36:00.558;0:37.820;0:32.360;0:53.914;236.3;Takeshi KIMURA;;LMGT3;;Kessel Racing;Ferrari;GF;37.820;32.360;53.914;
57;1;18;2:03.400;0;;37.676;0;32.299;0;53.425;0;171.9;37:28.071;12:38:03.958;0:37.676;0:32.299;0:53.425;236.8;Takeshi KIMURA;;LMGT3;;Kessel Racing;Ferrari;GF;37.676;32.299;53.425;
57;1;19;2:03.275;0;;37.409;0;32.256;0;53.610;0;172.0;39:31.346;12:40:07.233;0:37.409;0:32.256;0:53.610;237.4;Takeshi KIMURA;;LMGT3;;Kessel Racing;Ferrari;GF;37.409;32.256;53.610;
57;1;20;2:04.046;0;;37.505;0;32.369;0;54.172;0;171.0;41:35.392;12:42:11.279;0:37.505;0:32.369;0:54.172;237.4;Takeshi KIMURA;;LMGT3;;Kessel Racing;Ferrari;GF;37.505;32.369;54.172;
57;1;21;2:04.006;0;;37.984;0;32.258;0;53.764;0;171.0;43:39.398;12:44:15.285;0:37.984;0:32.258;0:53.764;237.9;Takeshi KIMURA;;LMGT3;;Kessel Racing;Ferrari;GF;37.984;32.258;53.764;
57;1;22;2:03.883;0;;37.866;0;32.235;0;53.782;0;171.2;45:43.281;12:46:19.168;0:37.866;0:32.235;0:53.782;237.4;Takeshi KIMURA;;LMGT3;;Kessel Racing;Ferrari;GF;37.866;32.235;53.782;
57;1;23;2:05.614;0;;37.472;0;33.759;0;54.383;0;168.8;47:48.895;12:48:24.782;0:37.472;0:33.759;0:54.383;236.3;Takeshi KIMURA;;LMGT3;;Kessel Racing;Ferrari;GF;37.472;33.759;54.383;
57;1;24;2:03.873;0;;37.556;0;32.351;0;53.966;0;171.2;49:52.768;12:50:28.655;0:37.556;0:32.351;0:53.966;236.8;Takeshi KIMURA;;LMGT3;;Kessel Racing;Ferrari;GF;37.556;32.351;53.966;
57;1;25;2:04.048;0;;37.446;0;32.900;0;53.702;0;171.0;51:56.816;12:52:32.703;0:37.446;0:32.900;0:53.702;236.8;Takeshi KIMURA;;LMGT3;;Kessel Racing;Ferrari;GF;37.446;32.900;53.702;
57;1;26;2:03.313;0;;37.368;0;32.225;0;53.720;0;172.0;54:00.129;12:54:36.016;0:37.368;0:32.225;0:53.720;237.4;Takeshi KIMURA;;LMGT3;;Kessel Racing;Ferrari;GF;37.368;32.225;53.720;
57;1;27;2:07.986;0;B;37.498;0;32.548;0;57.940;0;165.7;56:08.115;12:56:44.002;0:37.498;0:32.548;0:57.940;237.4;Takeshi KIMURA;;LMGT3;;Kessel Racing;Ferrari;GF;37.498;32.548;57.940;
57;1;28;3:31.801;0;;2:02.648;0;33.935;0;55.218;0;100.1;59:39.916;13:00:15.803;2:02.648;0:33.935;0:55.218;232.3;Takeshi KIMURA;0:01:25.278;LMGT3;;Kessel Racing;Ferrari;GF;122.648;33.935;55.218;
57;1;29;2:04.463;0;;38.258;0;32.474;0;53.731;0;170.4;1:01:44.379;13:02:20.266;0:38.258;0:32.474;0:53.731;235.3;Takeshi KIMURA;;LMGT3;;Kessel Racing;Ferrari;GF;38.258;32.474;53.731;
57;1;30;2:02.766;2;;37.358;0;32.071;2;53.337;0;172.7;1:03:47.145;13:04:23.032;0:37.358;0:32.071;0:53.337;236.3;Takeshi KIMURA;;LMGT3;;Kessel Racing;Ferrari;GF;37.358;32.071;53.337;
57;1;31;2:03.011;0;;37.684;0;32.113;0;53.214;2;172.4;1:05:50.156;13:06:26.043;0:37.684;0:32.113;0:53.214;236.8;Takeshi KIMURA;;LMGT3;;Kessel Racing;Ferrari;GF;37.684;32.113;53.214;
57;1;32;2:03.692;0;;37.572;0;32.303;0;53.817;0;171.5;1:07:53.848;13:08:29.735;0:37.572;0:32.303;0:53.817;235.3;Takeshi KIMURA;;LMGT3;;Kessel Racing;Ferrari;GF;37.572;32.303;53.817;
57;1;33;2:03.451;0;;37.435;0;32.414;0;53.602;0;171.8;1:09:57.299;13:10:33.186;0:37.435;0:32.414;0:53.602;236.8;Takeshi KIMURA;;LMGT3;;Kessel Racing;Ferrari;GF;37.435;32.414;53.602;
57;1;34;2:04.320;0;;37.425;0;32.634;0;54.261;0;170.6;1:12:01.619;13:12:37.506;0:37.425;0:32.634;0:54.261;237.9;Takeshi KIMURA;;LMGT3;;Kessel Racing;Ferrari;GF;37.425;32.634;54.261;
57;1;35;2:05.525;0;;38.351;0;32.924;0;54.250;0;169.0;1:14:07.144;13:14:43.031;0:38.351;0:32.924;0:54.250;236.8;Takeshi KIMURA;;LMGT3;;Kessel Racing;Ferrari;GF;38.351;32.924;54.250;
57;1;36;2:19.532;0;;39.422;0;33.903;0;1:06.207;0;152.0;1:16:26.676;13:17:02.563;0:39.422;0:33.903;1:06.207;234.8;Takeshi KIMURA;;LMGT3;;Kessel Racing;Ferrari;GF;39.422;33.903;66.207;
57;1;37;2:05.695;0;;38.920;0;32.310;0;54.465;0;168.7;1:18:32.371;13:19:08.258;0:38.920;0:32.310;0:54.465;234.8;Takeshi KIMURA;;LMGT3;;Kessel Racing;Ferrari;GF;38.920;32.310;54.465;
57;1;38;3:13.226;0;;56.983;0;1:07.212;0;1:09.031;0;109.8;1:21:45.597;13:22:21.484;0:56.983;1:07.212;1:09.031;;Takeshi KIMURA;;LMGT3;;Kessel Racing;Ferrari;GF;56.983;67.212;69.031;
57;1;39;2:10.513;0;;40.292;0;32.174;0;58.047;0;162.5;1:23:56.110;13:24:31.997;0:40.292;0:32.174;0:58.047;237.4;Takeshi KIMURA;;LMGT3;;Kessel Racing;Ferrari;GF;40.292;32.174;58.047;
57;1;40;4:08.379;0;;1:17.900;0;1:06.722;0;1:43.757;0;85.4;1:28:04.489;13:28:40.376;1:17.900;1:06.722;1:43.757;;Takeshi KIMURA;;LMGT3;;Kessel Racing;Ferrari;GF;77.900;66.722;103.757;
57;1;41;4:24.257;0;B;1:30.641;0;1:07.440;0;1:46.176;0;80.3;1:32:28.746;13:33:04.633;1:30.641;1:07.440;1:46.176;;Takeshi KIMURA;;LMGT3;;Kessel Racing;Ferrari;GF;90.641;67.440;106.176;
57;3;42;3:53.750;0;;2:00.729;0;47.005;0;1:06.016;0;90.7;1:36:22.496;13:36:58.383;2:00.729;0:47.005;1:06.016;168.5;Daniel SERRA;0:00:58.902;LMGT3;;Kessel Racing;Ferrari;SF;120.729;47.005;66.016;
57;3;43;3:32.856;0;;57.342;0;1:01.950;0;1:33.564;0;99.6;1:39:55.352;13:40:31.239;0:57.342;1:01.950;1:33.564;;Daniel SERRA;;LMGT3;;Kessel Racing;Ferrari;SF;57.342;61.950;93.564;
57;3;44;4:12.220;0;;1:29.288;0;1:03.673;0;1:39.259;0;84.1;1:44:07.572;13:44:43.459;1:29.288;1:03.673;1:39.259;;Daniel SERRA;;LMGT3;;Kessel Racing;Ferrari;SF;89.288;63.673;99.259;
57;3;45;2:56.650;0;;53.695;0;50.847;0;1:12.108;0;120.1;1:47:04.222;13:47:40.109;0:53.695;0:50.847;1:12.108;154.1;Daniel SERRA;;LMGT3;;Kessel Racing;Ferrari;SF;53.695;50.847;72.108;
57;3;46;2:43.643;0;;47.934;0;46.171;0;1:09.538;0;129.6;1:49:47.865;13:50:23.752;0:47.934;0:46.171;1:09.538;172.2;Daniel SERRA;;LMGT3;;Kessel Racing;Ferrari;SF;47.934;46.171;69.538;
57;3;47;2:51.228;0;;46.071;0;42.660;0;1:22.497;0;123.9;1:52:39.093;13:53:14.980;0:46.071;0:42.660;1:22.497;208.1;Daniel SERRA;;LMGT3;;Kessel Racing;Ferrari;SF;46.071;42.660;82.497;
57;3;48;2:43.017;0;;48.491;0;42.905;0;1:11.621;0;130.1;1:55:22.110;13:55:57.997;0:48.491;0:42.905;1:11.621;143.4;Daniel SERRA;;LMGT3;;Kessel Racing;Ferrari;SF;48.491;42.905;71.621;
57;3;49;2:36.337;0;;45.353;0;41.129;0;1:09.855;0;135.7;1:57:58.447;13:58:34.334;0:45.353;0:41.129;1:09.855;209.3;Daniel SERRA;;LMGT3;;Kessel Racing;Ferrari;SF;45.353;41.129;69.855;
57;3;50;2:47.239;0;;50.230;0;45.616;0;1:11.393;0;126.8;2:00:45.686;14:01:21.573;0:50.230;0:45.616;1:11.393;207.3;Daniel SERRA;;LMGT3;;Kessel Racing;Ferrari;SF;50.230;45.616;71.393;
57;3;51;2:55.819;0;B;52.012;0;45.071;0;1:18.736;0;120.6;2:03:41.505;14:04:17.392;0:52.012;0:45.071;1:18.736;128.1;Daniel SERRA;;LMGT3;;Kessel Racing;Ferrari;SF;52.012;45.071;78.736;
57;3;52;3:19.245;0;;1:30.643;0;37.705;0;1:10.897;0;106.4;2:07:00.750;14:07:36.637;1:30.643;0:37.705;1:10.897;227.8;Daniel SERRA;0:00:51.438;LMGT3;;Kessel Racing;Ferrari;SF;90.643;37.705;70.897;
57;3;53;2:58.135;0;;50.151;0;45.881;0;1:22.103;0;119.1;2:09:58.885;14:10:34.772;0:50.151;0:45.881;1:22.103;154.3;Daniel SERRA;;LMGT3;;Kessel Racing;Ferrari;GF;50.151;45.881;82.103;
57;3;54;2:24.625;0;;42.273;0;39.241;0;1:03.111;0;146.6;2:12:23.510;14:12:59.397;0:42.273;0:39.241;1:03.111;230.3;Daniel SERRA;;LMGT3;;Kessel Racing;Ferrari;GF;42.273;39.241;63.111;
57;3;55;2:22.888;0;;43.188;0;38.720;0;1:00.980;0;148.4;2:14:46.398;14:15:22.285;0:43.188;0:38.720;1:00.980;233.3;Daniel SERRA;;LMGT3;;Kessel Racing;Ferrari;GF;43.188;38.720;60.980;
57;3;56;2:19.639;0;;42.068;0;37.190;0;1:00.381;0;151.9;2:17:06.037;14:17:41.924;0:42.068;0:37.190;1:00.381;231.3;Daniel SERRA;;LMGT3;;Kessel Racing;Ferrari;GF;42.068;37.190;60.381;
57;3;57;2:18.766;0;;41.336;0;37.140;0;1:00.290;0;152.8;2:19:24.803;14:20:00.690;0:41.336;0:37.140;1:00.290;231.8;Daniel SERRA;;LMGT3;;Kessel Racing;Ferrari;GF;41.336;37.140;60.290;
57;3;58;2:18.991;0;;41.249;0;37.433;0;1:00.309;0;152.6;2:21:43.794;14:22:19.681;0:41.249;0:37.433;1:00.309;231.3;Daniel SERRA;;LMGT3;;Kessel Racing;Ferrari;GF;41.249;37.433;60.309;
57;3;59;2:17.568;0;;41.000;1;36.772;0;59.796;1;154.2;2:24:01.362;14:24:37.249;0:41.000;0:36.772;0:59.796;231.8;Daniel SERRA;;LMGT3;;Kessel Racing;Ferrari;GF;41.000;36.772;59.796;
57;3;60;2:18.365;0;;41.482;0;36.661;1;1:00.222;0;153.3;2:26:19.727;14:26:55.614;0:41.482;0:36.661;1:00.222;230.8;Daniel SERRA;;LMGT3;;Kessel Racing;Ferrari;GF;41.482;36.661;60.222;
57;3;61;2:19.386;0;;41.524;0;37.112;0;1:00.750;0;152.2;2:28:39.113;14:29:15.000;0:41.524;0:37.112;1:00.750;232.3;Daniel SERRA;;LMGT3;;Kessel Racing;Ferrari;GF;41.524;37.112;60.750;
57;3;62;2:19.660;0;;42.001;0;37.149;0;1:00.510;0;151.9;2:30:58.773;14:31:34.660;0:42.001;0:37.149;1:00.510;231.3;Daniel SERRA;;LMGT3;;Kessel Racing;Ferrari;GF;42.001;37.149;60.510;
57;3;63;2:19.244;0;;41.889;0;36.882;0;1:00.473;0;152.3;2:33:18.017;14:33:53.904;0:41.889;0:36.882;1:00.473;231.3;Daniel SERRA;;LMGT3;;Kessel Racing;Ferrari;GF;41.889;36.882;60.473;
57;3;64;2:20.829;0;;41.959;0;37.752;0;1:01.118;0;150.6;2:35:38.846;14:36:14.733;0:41.959;0:37.752;1:01.118;233.8;Daniel SERRA;;LMGT3;;Kessel Racing;Ferrari;GF;41.959;37.752;61.118;
57;3;65;2:18.263;0;;41.646;0;36.800;0;59.817;0;153.4;2:37:57.109;14:38:32.996;0:41.646;0:36.800;0:59.817;232.3;Daniel SERRA;;LMGT3;;Kessel Racing;Ferrari;GF;41.646;36.800;59.817;
57;3;66;3:19.394;0;;41.880;0;52.795;0;1:44.719;0;106.4;2:41:16.503;14:41:52.390;0:41.880;0:52.795;1:44.719;232.3;Daniel SERRA;;LMGT3;;Kessel Racing;Ferrari;FCY;41.880;52.795;104.719;
57;3;67;4:12.133;0;;1:31.186;0;1:07.820;0;1:33.127;0;84.1;2:45:28.636;14:46:04.523;1:31.186;1:07.820;1:33.127;;Daniel SERRA;;LMGT3;;Kessel Racing;Ferrari;GF;91.186;67.820;93.127;
57;3;68;2:24.198;0;B;41.987;0;37.605;0;1:04.606;0;147.1;2:47:52.834;14:48:28.721;0:41.987;0:37.605;1:04.606;229.8;Daniel SERRA;;LMGT3;;Kessel Racing;Ferrari;GF;41.987;37.605;64.606;
57;2;69;3:05.049;0;;1:27.916;0;37.072;0;1:00.061;1;114.6;2:50:57.883;14:51:33.770;1:27.916;0:37.072;1:00.061;230.8;Mathys JAUBERT;0:00:51.521;LMGT3;;Kessel Racing;Ferrari;GF;87.916;37.072;60.061;
57;2;70;3:53.983;0;;1:00.817;0;1:08.031;0;1:45.135;0;90.6;2:54:51.866;14:55:27.753;1:00.817;1:08.031;1:45.135;;Mathys JAUBERT;;LMGT3;;Kessel Racing;Ferrari;FCY;60.817;68.031;105.135;
57;2;71;4:24.581;0;;1:31.527;0;1:08.062;0;1:44.992;0;80.2;2:59:16.447;14:59:52.334;1:31.527;1:08.062;1:44.992;;Mathys JAUBERT;;LMGT3;;Kessel Racing;Ferrari;FCY;91.527;68.062;104.992;
57;2;72;2:45.696;0;;1:05.949;0;37.986;0;1:01.761;0;128.0;3:02:02.143;15:02:38.030;1:05.949;0:37.986;1:01.761;227.8;Mathys JAUBERT;;LMGT3;;Kessel Racing;Ferrari;GF;65.949;37.986;61.761;
57;2;73;2:21.081;0;;42.767;0;37.728;0;1:00.586;0;150.3;3:04:23.224;15:04:59.111;0:42.767;0:37.728;1:00.586;230.3;Mathys JAUBERT;;LMGT3;;Kessel Racing;Ferrari;GF;42.767;37.728;60.586;
57;2;74;2:20.410;0;;42.499;0;37.461;0;1:00.450;0;151.0;3:06:43.634;15:07:19.521;0:42.499;0:37.461;1:00.450;230.8;Mathys JAUBERT;;LMGT3;;Kessel Racing;Ferrari;GF;42.499;37.461;60.450;
57;2;75;2:19.981;0;;42.512;0;37.307;0;1:00.162;0;151.5;3:09:03.615;15:09:39.502;0:42.512;0:37.307;1:00.162;227.8;Mathys JAUBERT;;LMGT3;;Kessel Racing;Ferrari;GF;42.512;37.307;60.162;
57;2;76;2:19.608;0;;42.339;0;37.014;0;1:00.255;0;151.9;3:11:23.223;15:11:59.110;0:42.339;0:37.014;1:00.255;218.2;Mathys JAUBERT;;LMGT3;;Kessel Racing;Ferrari;GF;42.339;37.014;60.255;
57;2;77;2:20.366;0;;42.339;0;37.501;0;1:00.526;0;151.1;3:13:43.589;15:14:19.476;0:42.339;0:37.501;1:00.526;223.1;Mathys JAUBERT;;LMGT3;;Kessel Racing;Ferrari;GF;42.339;37.501;60.526;
57;2;78;2:20.148;0;;42.544;0;37.416;0;1:00.188;0;151.3;3:16:03.737;15:16:39.624;0:42.544;0:37.416;1:00.188;225.0;Mathys JAUBERT;;LMGT3;;Kessel Racing;Ferrari;GF;42.544;37.416;60.188;
57;2;79;2:20.393;0;;42.387;0;37.272;0;1:00.734;0;151.1;3:18:24.130;15:19:00.017;0:42.387;0:37.272;1:00.734;232.3;Mathys JAUBERT;;LMGT3;;Kessel Racing;Ferrari;GF;42.387;37.272;60.734;
57;2;80;2:20.014;0;;42.231;0;37.290;0;1:00.493;0;151.5;3:20:44.144;15:21:20.031;0:42.231;0:37.290;1:00.493;227.8;Mathys JAUBERT;;LMGT3;;Kessel Racing;Ferrari;GF;42.231;37.290;60.493;
57;2;81;2:20.684;0;;42.281;0;37.963;0;1:00.440;0;150.7;3:23:04.828;15:23:40.715;0:42.281;0:37.963;1:00.440;228.3;Mathys JAUBERT;;LMGT3;;Kessel Racing;Ferrari;GF;42.281;37.963;60.440;
57;2;82;2:19.866;0;;42.239;0;37.027;0;1:00.600;0;151.6;3:25:24.694;15:26:00.581;0:42.239;0:37.027;1:00.600;226.4;Mathys JAUBERT;;LMGT3;;Kessel Racing;Ferrari;GF;42.239;37.027;60.600;
57;2;83;2:20.344;0;;42.105;0;37.267;0;1:00.972;0;151.1;3:27:45.038;15:28:20.925;0:42.105;0:37.267;1:00.972;230.3;Mathys JAUBERT;;LMGT3;;Kessel Racing;Ferrari;GF;42.105;37.267;60.972;
57;2;84;2:20.244;0;;42.655;0;37.246;0;1:00.343;0;151.2;3:30:05.282;15:30:41.169;0:42.655;0:37.246;1:00.343;230.3;Mathys JAUBERT;;LMGT3;;Kessel Racing;Ferrari;GF;42.655;37.246;60.343;
57;2;85;2:18.777;0;;41.868;0;36.758;1;1:00.151;0;152.8;3:32:24.059;15:32:59.946;0:41.868;0:36.758;1:00.151;231.3;Mathys JAUBERT;;LMGT3;;Kessel Racing;Ferrari;GF;41.868;36.758;60.151;
57;2;86;2:19.219;0;;41.908;0;37.237;0;1:00.074;0;152.3;3:34:43.278;15:35:19.165;0:41.908;0:37.237;1:00.074;231.3;Mathys JAUBERT;;LMGT3;;Kessel Racing;Ferrari;GF;41.908;37.237;60.074;
57;2;87;2:20.006;0;;41.877;0;37.709;0;1:00.420;0;151.5;3:37:03.284;15:37:39.171;0:41.877;0:37.709;1:00.420;231.8;Mathys JAUBERT;;LMGT3;;Kessel Racing;Ferrari;GF;41.877;37.709;60.420;
57;2;88;2:19.986;0;;42.236;0;37.108;0;1:00.642;0;151.5;3:39:23.270;15:39:59.157;0:42.236;0:37.108;1:00.642;233.3;Mathys JAUBERT;;LMGT3;;Kessel Racing;Ferrari;GF;42.236;37.108;60.642;
57;2;89;2:19.691;0;;41.781;0;37.291;0;1:00.619;0;151.8;3:41:42.961;15:42:18.848;0:41.781;0:37.291;1:00.619;232.8;Mathys JAUBERT;;LMGT3;;Kessel Racing;Ferrari;GF;41.781;37.291;60.619;
57;2;90;2:20.471;0;;42.121;0;37.713;0;1:00.637;0;151.0;3:44:03.432;15:44:39.319;0:42.121;0:37.713;1:00.637;233.8;Mathys JAUBERT;;LMGT3;;Kessel Racing;Ferrari;GF;42.121;37.713;60.637;
57;2;91;2:19.276;0;;41.819;0;37.011;0;1:00.446;0;152.3;3:46:22.708;15:46:58.595;0:41.819;0:37.011;1:00.446;233.3;Mathys JAUBERT;;LMGT3;;Kessel Racing;Ferrari;GF;41.819;37.011;60.446;
57;2;92;2:21.043;0;;41.642;0;36.951;0;1:02.450;0;150.4;3:48:43.751;15:49:19.638;0:41.642;0:36.951;1:02.450;233.8;Mathys JAUBERT;;LMGT3;;Kessel Racing;Ferrari;GF;41.642;36.951;62.450;
57;2;93;2:19.454;0;;41.832;0;36.922;0;1:00.700;0;152.1;3:51:03.205;15:51:39.092;0:41.832;0:36.922;1:00.700;235.8;Mathys JAUBERT;;LMGT3;;Kessel Racing;Ferrari;GF;41.832;36.922;60.700;
57;2;94;2:19.352;0;;41.706;0;37.126;0;1:00.520;0;152.2;3:53:22.557;15:53:58.444;0:41.706;0:37.126;1:00.520;235.8;Mathys JAUBERT;;LMGT3;;Kessel Racing;Ferrari;GF;41.706;37.126;60.520;
57;2;95;2:19.597;0;;41.520;0;37.303;0;1:00.774;0;151.9;3:55:42.154;15:56:18.041;0:41.520;0:37.303;1:00.774;234.8;Mathys JAUBERT;;LMGT3;;Kessel Racing;Ferrari;GF;41.520;37.303;60.774;
57;2;96;2:18.885;0;;41.453;1;37.026;0;1:00.406;0;152.7;3:58:01.039;15:58:36.926;0:41.453;0:37.026;1:00.406;234.8;Mathys JAUBERT;;LMGT3;;Kessel Racing;Ferrari;GF;41.453;37.026;60.406;
57;2;97;2:18.661;0;;41.213;0;37.145;0;1:00.303;0;152.9;4:00:19.700;16:00:55.587;0:41.213;0:37.145;1:00.303;233.8;Mathys JAUBERT;;LMGT3;;Kessel Racing;Ferrari;GF;41.213;37.145;60.303;
57;2;98;2:18.622;0;;41.160;0;37.126;0;1:00.336;0;153.0;4:02:38.322;16:03:14.209;0:41.160;0:37.126;1:00.336;235.8;Mathys JAUBERT;;LMGT3;;Kessel Racing;Ferrari;FF;41.160;37.126;60.336;
59;1;1;2:20.477;0;;51.484;0;34.260;0;54.733;0;147.3;2:20.477;12:02:56.364;0:51.484;0:34.260;0:54.733;243.8;François HERIAU;;LMGT3;;Racing Spirit of Leman;Aston Martin;GF;51.484;34.260;54.733;
59;1;2;2:06.671;0;;38.177;0;33.447;0;55.047;0;167.4;4:27.148;12:05:03.035;0:38.177;0:33.447;0:55.047;244.3;François HERIAU;;LMGT3;;Racing Spirit of Leman;Aston Martin;GF;38.177;33.447;55.047;
59;1;3;2:03.007;0;;37.187;0;32.255;0;53.565;0;172.4;6:30.155;12:07:06.042;0:37.187;0:32.255;0:53.565;241.6;François HERIAU;;LMGT3;;Racing Spirit of Leman;Aston Martin;GF;37.187;32.255;53.565;
59;1;4;2:03.210;0;;37.233;0;32.318;0;53.659;0;172.1;8:33.365;12:09:09.252;0:37.233;0:32.318;0:53.659;242.7;François HERIAU;;LMGT3;;Racing Spirit of Leman;Aston Martin;GF;37.233;32.318;53.659;
59;1;5;2:03.115;0;;37.105;0;32.492;0;53.518;0;172.3;10:36.480;12:11:12.367;0:37.105;0:32.492;0:53.518;241.6;François HERIAU;;LMGT3;;Racing Spirit of Leman;Aston Martin;GF;37.105;32.492;53.518;
59;1;6;2:03.881;0;;37.641;0;32.343;0;53.897;0;171.2;12:40.361;12:13:16.248;0:37.641;0:32.343;0:53.897;243.8;François HERIAU;;LMGT3;;Racing Spirit of Leman;Aston Martin;GF;37.641;32.343;53.897;
59;1;7;2:04.140;0;;37.919;0;32.336;0;53.885;0;170.8;14:44.501;12:15:20.388;0:37.919;0:32.336;0:53.885;243.8;François HERIAU;;LMGT3;;Racing Spirit of Leman;Aston Martin;GF;37.919;32.336;53.885;
59;1;8;2:05.961;0;;37.563;0;34.062;0;54.336;0;168.4;16:50.462;12:17:26.349;0:37.563;0:34.062;0:54.336;243.2;François HERIAU;;LMGT3;;Racing Spirit of Leman;Aston Martin;GF;37.563;34.062;54.336;
59;1;9;2:03.921;0;;37.876;0;32.583;0;53.462;0;171.1;18:54.383;12:19:30.270;0:37.876;0:32.583;0:53.462;242.7;François HERIAU;;LMGT3;;Racing Spirit of Leman;Aston Martin;GF;37.876;32.583;53.462;
59;1;10;2:04.542;0;;38.574;0;32.251;0;53.717;0;170.3;20:58.925;12:21:34.812;0:38.574;0:32.251;0:53.717;240.5;François HERIAU;;LMGT3;;Racing Spirit of Leman;Aston Martin;GF;38.574;32.251;53.717;
59;1;11;2:03.868;0;;37.498;0;32.544;0;53.826;0;171.2;23:02.793;12:23:38.680;0:37.498;0:32.544;0:53.826;240.5;François HERIAU;;LMGT3;;Racing Spirit of Leman;Aston Martin;GF;37.498;32.544;53.826;
59;1;12;2:03.342;0;;37.301;0;32.362;0;53.679;0;171.9;25:06.135;12:25:42.022;0:37.301;0:32.362;0:53.679;242.2;François HERIAU;;LMGT3;;Racing Spirit of Leman;Aston Martin;GF;37.301;32.362;53.679;
59;1;13;2:03.694;0;;37.259;0;32.693;0;53.742;0;171.5;27:09.829;12:27:45.716;0:37.259;0:32.693;0:53.742;240.5;François HERIAU;;LMGT3;;Racing Spirit of Leman;Aston Martin;GF;37.259;32.693;53.742;
59;1;14;2:04.895;0;;38.044;0;32.693;0;54.158;0;169.8;29:14.724;12:29:50.611;0:38.044;0:32.693;0:54.158;241.1;François HERIAU;;LMGT3;;Racing Spirit of Leman;Aston Martin;GF;38.044;32.693;54.158;
59;1;15;2:03.625;0;;37.449;0;32.436;0;53.740;0;171.5;31:18.349;12:31:54.236;0:37.449;0:32.436;0:53.740;240.5;François HERIAU;;LMGT3;;Racing Spirit of Leman;Aston Martin;GF;37.449;32.436;53.740;
59;1;16;2:03.644;0;;37.518;0;32.461;0;53.665;0;171.5;33:21.993;12:33:57.880;0:37.518;0:32.461;0:53.665;240.0;François HERIAU;;LMGT3;;Racing Spirit of Leman;Aston Martin;GF;37.518;32.461;53.665;
59;1;17;2:04.259;0;;37.727;0;32.378;0;54.154;0;170.7;35:26.252;12:36:02.139;0:37.727;0:32.378;0:54.154;239.5;François HERIAU;;LMGT3;;Racing Spirit of Leman;Aston Martin;GF;37.727;32.378;54.154;
59;1;18;2:03.190;0;;37.261;0;32.364;0;53.565;0;172.2;37:29.442;12:38:05.329;0:37.261;0:32.364;0:53.565;241.1;François HERIAU;;LMGT3;;Racing Spirit of Leman;Aston Martin;GF;37.261;32.364;53.565;
59;1;19;2:03.135;0;;37.279;0;32.224;0;53.632;0;172.2;39:32.577;12:40:08.464;0:37.279;0:32.224;0:53.632;241.1;François HERIAU;;LMGT3;;Racing Spirit of Leman;Aston Martin;GF;37.279;32.224;53.632;
59;1;20;2:05.043;0;;37.220;0;32.993;0;54.830;0;169.6;41:37.620;12:42:13.507;0:37.220;0:32.993;0:54.830;242.2;François HERIAU;;LMGT3;;Racing Spirit of Leman;Aston Martin;GF;37.220;32.993;54.830;
59;1;21;2:03.453;0;;37.186;0;32.411;0;53.856;0;171.8;43:41.073;12:44:16.960;0:37.186;0:32.411;0:53.856;244.3;François HERIAU;;LMGT3;;Racing Spirit of Leman;Aston Martin;GF;37.186;32.411;53.856;
59;1;22;2:03.907;0;;37.415;0;32.491;0;54.001;0;171.2;45:44.980;12:46:20.867;0:37.415;0:32.491;0:54.001;242.2;François HERIAU;;LMGT3;;Racing Spirit of Leman;Aston Martin;GF;37.415;32.491;54.001;
59;1;23;2:04.137;0;;37.738;0;32.684;0;53.715;0;170.8;47:49.117;12:48:25.004;0:37.738;0:32.684;0:53.715;242.2;François HERIAU;;LMGT3;;Racing Spirit of Leman;Aston Martin;GF;37.738;32.684;53.715;
59;1;24;2:04.836;0;;37.648;0;33.622;0;53.566;0;169.9;49:53.953;12:50:29.840;0:37.648;0:33.622;0:53.566;242.7;François HERIAU;;LMGT3;;Racing Spirit of Leman;Aston Martin;GF;37.648;33.622;53.566;
59;1;25;2:03.265;0;;37.166;0;32.626;0;53.473;0;172.0;51:57.218;12:52:33.105;0:37.166;0:32.626;0:53.473;242.2;François HERIAU;;LMGT3;;Racing Spirit of Leman;Aston Martin;GF;37.166;32.626;53.473;
59;1;26;2:04.632;0;;37.716;0;33.370;0;53.546;0;170.2;54:01.850;12:54:37.737;0:37.716;0:33.370;0:53.546;241.6;François HERIAU;;LMGT3;;Racing Spirit of Leman;Aston Martin;GF;37.716;33.370;53.546;
59;1;27;2:03.391;0;;37.341;0;32.362;0;53.688;0;171.9;56:05.241;12:56:41.128;0:37.341;0:32.362;0:53.688;241.1;François HERIAU;;LMGT3;;Racing Spirit of Leman;Aston Martin;GF;37.341;32.362;53.688;
59;1;28;2:07.106;0;B;37.395;0;32.702;0;57.009;0;166.8;58:12.347;12:58:48.234;0:37.395;0:32.702;0:57.009;241.6;François HERIAU;;LMGT3;;Racing Spirit of Leman;Aston Martin;GF;37.395;32.702;57.009;
59;1;29;3:31.428;0;;2:03.079;0;33.769;0;54.580;0;100.3;1:01:43.775;13:02:19.662;2:03.079;0:33.769;0:54.580;236.3;François HERIAU;0:01:25.712;LMGT3;;Racing Spirit of Leman;Aston Martin;GF;123.079;33.769;54.580;
59;1;30;2:02.622;2;;37.423;0;31.945;2;53.254;2;173.0;1:03:46.397;13:04:22.284;0:37.423;0:31.945;0:53.254;239.5;François HERIAU;;LMGT3;;Racing Spirit of Leman;Aston Martin;GF;37.423;31.945;53.254;
59;1;31;2:03.135;0;;37.179;0;31.994;0;53.962;0;172.2;1:05:49.532;13:06:25.419;0:37.179;0:31.994;0:53.962;239.5;François HERIAU;;LMGT3;;Racing Spirit of Leman;Aston Martin;GF;37.179;31.994;53.962;
59;1;32;2:02.969;0;;37.217;0;32.348;0;53.404;0;172.5;1:07:52.501;13:08:28.388;0:37.217;0:32.348;0:53.404;238.9;François HERIAU;;LMGT3;;Racing Spirit of Leman;Aston Martin;GF;37.217;32.348;53.404;
59;1;33;2:03.021;0;;37.102;2;32.152;0;53.767;0;172.4;1:09:55.522;13:10:31.409;0:37.102;0:32.152;0:53.767;240.5;François HERIAU;;LMGT3;;Racing Spirit of Leman;Aston Martin;GF;37.102;32.152;53.767;
59;1;34;2:03.344;0;;37.352;0;32.455;0;53.537;0;171.9;1:11:58.866;13:12:34.753;0:37.352;0:32.455;0:53.537;239.5;François HERIAU;;LMGT3;;Racing Spirit of Leman;Aston Martin;GF;37.352;32.455;53.537;
59;1;35;2:03.944;0;;37.364;0;32.081;0;54.499;0;171.1;1:14:02.810;13:14:38.697;0:37.364;0:32.081;0:54.499;240.0;François HERIAU;;LMGT3;;Racing Spirit of Leman;Aston Martin;GF;37.364;32.081;54.499;
59;1;36;2:04.057;0;;38.284;0;32.440;0;53.333;0;171.0;1:16:06.867;13:16:42.754;0:38.284;0:32.440;0:53.333;240.0;François HERIAU;;LMGT3;;Racing Spirit of Leman;Aston Martin;GF;38.284;32.440;53.333;
59;1;37;2:06.315;0;;38.433;0;33.361;0;54.521;0;167.9;1:18:13.182;13:18:49.069;0:38.433;0:33.361;0:54.521;238.4;François HERIAU;;LMGT3;;Racing Spirit of Leman;Aston Martin;GF;38.433;33.361;54.521;
59;1;38;3:06.539;0;;38.226;0;1:01.178;0;1:27.135;0;113.7;1:21:19.721;13:21:55.608;0:38.226;1:01.178;1:27.135;235.3;François HERIAU;;LMGT3;;Racing Spirit of Leman;Aston Martin;GF;38.226;61.178;87.135;
59;1;39;2:10.095;0;;39.217;0;32.872;0;58.006;0;163.0;1:23:29.816;13:24:05.703;0:39.217;0:32.872;0:58.006;241.6;François HERIAU;;LMGT3;;Racing Spirit of Leman;Aston Martin;GF;39.217;32.872;58.006;
59;1;40;3:41.462;0;;48.136;0;1:07.821;0;1:45.505;0;95.8;1:27:11.278;13:27:47.165;0:48.136;1:07.821;1:45.505;;François HERIAU;;LMGT3;;Racing Spirit of Leman;Aston Martin;GF;48.136;67.821;105.505;
59;1;41;4:44.659;0;B;1:31.619;0;1:13.353;0;1:59.687;0;74.5;1:31:55.937;13:32:31.824;1:31.619;1:13.353;1:59.687;;François HERIAU;;LMGT3;;Racing Spirit of Leman;Aston Martin;GF;91.619;73.353;119.687;
59;2;42;4:20.845;0;;2:22.690;0;49.743;0;1:08.412;0;81.3;1:36:16.782;13:36:52.669;2:22.690;0:49.743;1:08.412;;Marius FOSSARD;0:01:07.995;LMGT3;;Racing Spirit of Leman;Aston Martin;SF;142.690;49.743;68.412;
59;2;43;3:35.352;0;;58.844;0;1:01.752;0;1:34.756;0;98.5;1:39:52.134;13:40:28.021;0:58.844;1:01.752;1:34.756;;Marius FOSSARD;;LMGT3;;Racing Spirit of Leman;Aston Martin;SF;58.844;61.752;94.756;
59;2;44;4:14.432;0;;1:28.582;0;1:04.987;0;1:40.863;0;83.4;1:44:06.566;13:44:42.453;1:28.582;1:04.987;1:40.863;;Marius FOSSARD;;LMGT3;;Racing Spirit of Leman;Aston Martin;SF;88.582;64.987;100.863;
59;2;45;2:56.427;0;;53.211;0;49.484;0;1:13.732;0;120.2;1:47:02.993;13:47:38.880;0:53.211;0:49.484;1:13.732;167.4;Marius FOSSARD;;LMGT3;;Racing Spirit of Leman;Aston Martin;SF;53.211;49.484;73.732;
59;2;46;2:43.291;0;;47.929;0;45.308;0;1:10.054;0;129.9;1:49:46.284;13:50:22.171;0:47.929;0:45.308;1:10.054;171.4;Marius FOSSARD;;LMGT3;;Racing Spirit of Leman;Aston Martin;SF;47.929;45.308;70.054;
59;2;47;2:51.348;0;;45.726;0;43.316;0;1:22.306;0;123.8;1:52:37.632;13:53:13.519;0:45.726;0:43.316;1:22.306;222.2;Marius FOSSARD;;LMGT3;;Racing Spirit of Leman;Aston Martin;SF;45.726;43.316;82.306;
59;2;48;2:42.127;0;;48.011;0;42.428;0;1:11.688;0;130.8;1:55:19.759;13:55:55.646;0:48.011;0:42.428;1:11.688;225.9;Marius FOSSARD;;LMGT3;;Racing Spirit of Leman;Aston Martin;SF;48.011;42.428;71.688;
59;2;49;2:36.189;0;;44.885;0;40.941;0;1:10.363;0;135.8;1:57:55.948;13:58:31.835;0:44.885;0:40.941;1:10.363;228.3;Marius FOSSARD;;LMGT3;;Racing Spirit of Leman;Aston Martin;SF;44.885;40.941;70.363;
59;2;50;2:48.240;0;;50.564;0;44.738;0;1:12.938;0;126.1;2:00:44.188;14:01:20.075;0:50.564;0:44.738;1:12.938;189.1;Marius FOSSARD;;LMGT3;;Racing Spirit of Leman;Aston Martin;SF;50.564;44.738;72.938;
59;2;51;2:51.227;0;;50.663;0;45.537;0;1:15.027;0;123.9;2:03:35.415;14:04:11.302;0:50.663;0:45.537;1:15.027;175.3;Marius FOSSARD;;LMGT3;;Racing Spirit of Leman;Aston Martin;SF;50.663;45.537;75.027;
59;2;52;3:04.118;0;;55.936;0;50.109;0;1:18.073;0;115.2;2:06:39.533;14:07:15.420;0:55.936;0:50.109;1:18.073;130.8;Marius FOSSARD;;LMGT3;;Racing Spirit of Leman;Aston Martin;SF;55.936;50.109;78.073;
59;2;53;3:03.926;0;;49.038;0;45.221;0;1:29.667;0;115.3;2:09:43.459;14:10:19.346;0:49.038;0:45.221;1:29.667;176.8;Marius FOSSARD;;LMGT3;;Racing Spirit of Leman;Aston Martin;GF;49.038;45.221;89.667;
59;2;54;2:38.216;0;;45.170;0;44.416;0;1:08.630;0;134.0;2:12:21.675;14:12:57.562;0:45.170;0:44.416;1:08.630;222.7;Marius FOSSARD;;LMGT3;;Racing Spirit of Leman;Aston Martin;GF;45.170;44.416;68.630;
59;2;55;2:38.927;0;B;44.521;0;42.208;0;1:12.198;0;133.4;2:15:00.602;14:15:36.489;0:44.521;0:42.208;1:12.198;236.3;Marius FOSSARD;;LMGT3;;Racing Spirit of Leman;Aston Martin;GF;44.521;42.208;72.198;
59;2;56;3:21.610;0;;1:41.961;0;38.350;0;1:01.299;0;105.2;2:18:22.212;14:18:58.099;1:41.961;0:38.350;1:01.299;233.3;Marius FOSSARD;0:01:01.544;LMGT3;;Racing Spirit of Leman;Aston Martin;GF;101.961;38.350;61.299;
59;2;57;2:18.390;0;;40.884;0;37.066;0;1:00.440;0;153.2;2:20:40.602;14:21:16.489;0:40.884;0:37.066;1:00.440;236.3;Marius FOSSARD;;LMGT3;;Racing Spirit of Leman;Aston Martin;GF;40.884;37.066;60.440;
59;2;58;2:17.980;0;;40.606;1;36.407;1;1:00.967;0;153.7;2:22:58.582;14:23:34.469;0:40.606;0:36.407;1:00.967;235.3;Marius FOSSARD;;LMGT3;;Racing Spirit of Leman;Aston Martin;GF;40.606;36.407;60.967;
59;2;59;2:17.522;0;;40.900;0;36.456;0;1:00.166;0;154.2;2:25:16.104;14:25:51.991;0:40.900;0:36.456;1:00.166;236.8;Marius FOSSARD;;LMGT3;;Racing Spirit of Leman;Aston Martin;GF;40.900;36.456;60.166;
59;2;60;2:18.096;0;;41.375;0;36.564;0;1:00.157;0;153.6;2:27:34.200;14:28:10.087;0:41.375;0:36.564;1:00.157;235.3;Marius FOSSARD;;LMGT3;;Racing Spirit of Leman;Aston Martin;GF;41.375;36.564;60.157;
59;2;61;2:19.584;0;;41.961;0;36.789;0;1:00.834;0;151.9;2:29:53.784;14:30:29.671;0:41.961;0:36.789;1:00.834;234.8;Marius FOSSARD;;LMGT3;;Racing Spirit of Leman;Aston Martin;GF;41.961;36.789;60.834;
59;2;62;2:18.329;0;;41.458;0;36.802;0;1:00.069;1;153.3;2:32:12.113;14:32:48.000;0:41.458;0:36.802;1:00.069;235.3;Marius FOSSARD;;LMGT3;;Racing Spirit of Leman;Aston Martin;GF;41.458;36.802;60.069;
59;2;63;2:18.262;0;;41.567;0;36.507;0;1:00.188;0;153.4;2:34:30.375;14:35:06.262;0:41.567;0:36.507;1:00.188;237.4;Marius FOSSARD;;LMGT3;;Racing Spirit of Leman;Aston Martin;GF;41.567;36.507;60.188;
59;2;64;2:18.571;0;;41.421;0;36.765;0;1:00.385;0;153.0;2:36:48.946;14:37:24.833;0:41.421;0:36.765;1:00.385;237.4;Marius FOSSARD;;LMGT3;;Racing Spirit of Leman;Aston Martin;GF;41.421;36.765;60.385;
59;2;65;2:32.317;0;;42.257;0;37.193;0;1:12.867;0;139.2;2:39:21.263;14:39:57.150;0:42.257;0:37.193;1:12.867;237.4;Marius FOSSARD;;LMGT3;;Racing Spirit of Leman;Aston Martin;FCY;42.257;37.193;72.867;
59;2;66;4:25.932;0;;1:31.837;0;1:08.147;0;1:45.948;0;79.7;2:43:47.195;14:44:23.082;1:31.837;1:08.147;1:45.948;;Marius FOSSARD;;LMGT3;;Racing Spirit of Leman;Aston Martin;FCY;91.837;68.147;105.948;
59;2;67;3:09.407;0;;1:28.147;0;39.155;0;1:02.105;0;112.0;2:46:56.602;14:47:32.489;1:28.147;0:39.155;1:02.105;170.9;Marius FOSSARD;;LMGT3;;Racing Spirit of Leman;Aston Martin;GF;88.147;39.155;62.105;
59;2;68;2:20.976;0;;41.873;0;37.284;0;1:01.819;0;150.4;2:49:17.578;14:49:53.465;0:41.873;0:37.284;1:01.819;234.8;Marius FOSSARD;;LMGT3;;Racing Spirit of Leman;Aston Martin;GF;41.873;37.284;61.819;
59;2;69;9:10.666;0;;42.083;0;6:42.267;0;1:46.316;0;38.5;2:58:28.244;14:59:04.131;0:42.083;6:42.267;1:46.316;235.3;Marius FOSSARD;;LMGT3;;Racing Spirit of Leman;Aston Martin;FCY;42.083;402.267;106.316;
59;2;70;3:11.949;0;;1:30.935;0;39.679;0;1:01.335;0;110.5;3:01:40.193;15:02:16.080;1:30.935;0:39.679;1:01.335;131.9;Marius FOSSARD;;LMGT3;;Racing Spirit of Leman;Aston Martin;GF;90.935;39.679;61.335;
59;2;71;2:21.059;0;;41.987;0;37.851;0;1:01.221;0;150.3;3:04:01.252;15:04:37.139;0:41.987;0:37.851;1:01.221;233.8;Marius FOSSARD;;LMGT3;;Racing Spirit of Leman;Aston Martin;GF;41.987;37.851;61.221;
59;2;72;2:20.842;0;;42.105;0;37.639;0;1:01.098;0;150.6;3:06:22.094;15:06:57.981;0:42.105;0:37.639;1:01.098;234.8;Marius FOSSARD;;LMGT3;;Racing Spirit of Leman;Aston Martin;GF;42.105;37.639;61.098;
59;2;73;2:21.015;0;;42.449;0;37.500;0;1:01.066;0;150.4;3:08:43.109;15:09:18.996;0:42.449;0:37.500;1:01.066;236.8;Marius FOSSARD;;LMGT3;;Racing Spirit of Leman;Aston Martin;GF;42.449;37.500;61.066;
59;2;74;2:20.446;0;;41.978;0;37.129;0;1:01.339;0;151.0;3:11:03.555;15:11:39.442;0:41.978;0:37.129;1:01.339;236.3;Marius FOSSARD;;LMGT3;;Racing Spirit of Leman;Aston Martin;GF;41.978;37.129;61.339;
59;2;75;2:20.505;0;;42.277;0;37.231;0;1:00.997;0;150.9;3:13:24.060;15:13:59.947;0:42.277;0:37.231;1:00.997;236.8;Marius FOSSARD;;LMGT3;;Racing Spirit of Leman;Aston Martin;GF;42.277;37.231;60.997;
59;2;76;2:19.913;0;;41.744;0;37.240;0;1:00.929;0;151.6;3:15:43.973;15:16:19.860;0:41.744;0:37.240;1:00.929;236.3;Marius FOSSARD;;LMGT3;;Racing Spirit of Leman;Aston Martin;GF;41.744;37.240;60.929;
59;2;77;2:24.920;0;B;42.004;0;37.177;0;1:05.739;0;146.3;3:18:08.893;15:18:44.780;0:42.004;0:37.177;1:05.739;236.3;Marius FOSSARD;;LMGT3;;Racing Spirit of Leman;Aston Martin;GF;42.004;37.177;65.739;
59;3;78;3:18.595;0;;1:40.285;0;37.759;0;1:00.551;0;106.8;3:21:27.488;15:22:03.375;1:40.285;0:37.759;1:00.551;232.8;Valentin HASSE CLOT;0:01:01.571;LMGT3;;Racing Spirit of Leman;Aston Martin;GF;100.285;37.759;60.551;
59;3;79;2:18.767;0;;41.419;0;37.069;1;1:00.279;1;152.8;3:23:46.255;15:24:22.142;0:41.419;0:37.069;1:00.279;235.8;Valentin HASSE CLOT;;LMGT3;;Racing Spirit of Leman;Aston Martin;GF;41.419;37.069;60.279;
59;3;80;2:19.052;0;;41.363;0;37.262;0;1:00.427;0;152.5;3:26:05.307;15:26:41.194;0:41.363;0:37.262;1:00.427;236.3;Valentin HASSE CLOT;;LMGT3;;Racing Spirit of Leman;Aston Martin;GF;41.363;37.262;60.427;
59;3;81;2:19.249;0;;41.545;0;37.310;0;1:00.394;0;152.3;3:28:24.556;15:29:00.443;0:41.545;0:37.310;1:00.394;235.8;Valentin HASSE CLOT;;LMGT3;;Racing Spirit of Leman;Aston Martin;GF;41.545;37.310;60.394;
59;3;82;2:19.795;0;;41.552;0;37.430;0;1:00.813;0;151.7;3:30:44.351;15:31:20.238;0:41.552;0:37.430;1:00.813;235.8;Valentin HASSE CLOT;;LMGT3;;Racing Spirit of Leman;Aston Martin;GF;41.552;37.430;60.813;
59;3;83;2:20.466;0;;41.906;0;37.469;0;1:01.091;0;151.0;3:33:04.817;15:33:40.704;0:41.906;0:37.469;1:01.091;236.3;Valentin HASSE CLOT;;LMGT3;;Racing Spirit of Leman;Aston Martin;GF;41.906;37.469;61.091;
59;3;84;2:21.082;0;;41.934;0;37.665;0;1:01.483;0;150.3;3:35:25.899;15:36:01.786;0:41.934;0:37.665;1:01.483;234.3;Valentin HASSE CLOT;;LMGT3;;Racing Spirit of Leman;Aston Martin;GF;41.934;37.665;61.483;
59;3;85;2:20.519;0;;42.040;0;37.290;0;1:01.189;0;150.9;3:37:46.418;15:38:22.305;0:42.040;0:37.290;1:01.189;236.3;Valentin HASSE CLOT;;LMGT3;;Racing Spirit of Leman;Aston Martin;GF;42.040;37.290;61.189;
59;3;86;2:20.407;0;;41.944;0;37.313;0;1:01.150;0;151.0;3:40:06.825;15:40:42.712;0:41.944;0:37.313;1:01.150;234.3;Valentin HASSE CLOT;;LMGT3;;Racing Spirit of Leman;Aston Martin;GF;41.944;37.313;61.150;
59;3;87;2:20.018;0;;41.711;0;37.083;0;1:01.224;0;151.5;3:42:26.843;15:43:02.730;0:41.711;0:37.083;1:01.224;236.8;Valentin HASSE CLOT;;LMGT3;;Racing Spirit of Leman;Aston Martin;GF;41.711;37.083;61.224;
59;3;88;2:20.104;0;;41.615;0;37.550;0;1:00.939;0;151.4;3:44:46.947;15:45:22.834;0:41.615;0:37.550;1:00.939;236.3;Valentin HASSE CLOT;;LMGT3;;Racing Spirit of Leman;Aston Martin;GF;41.615;37.550;60.939;
59;3;89;2:20.115;0;;41.440;0;37.324;0;1:01.351;0;151.4;3:47:07.062;15:47:42.949;0:41.440;0:37.324;1:01.351;234.8;Valentin HASSE CLOT;;LMGT3;;Racing Spirit of Leman;Aston Martin;GF;41.440;37.324;61.351;
59;3;90;2:21.160;0;;41.772;0;37.457;0;1:01.931;0;150.2;3:49:28.222;15:50:04.109;0:41.772;0:37.457;1:01.931;236.8;Valentin HASSE CLOT;;LMGT3;;Racing Spirit of Leman;Aston Martin;GF;41.772;37.457;61.931;
59;3;91;2:20.019;0;;41.459;0;37.200;0;1:01.360;0;151.5;3:51:48.241;15:52:24.128;0:41.459;0:37.200;1:01.360;236.8;Valentin HASSE CLOT;;LMGT3;;Racing Spirit of Leman;Aston Martin;GF;41.459;37.200;61.360;
59;3;92;2:20.264;0;;41.579;0;37.211;0;1:01.474;0;151.2;3:54:08.505;15:54:44.392;0:41.579;0:37.211;1:01.474;235.8;Valentin HASSE CLOT;;LMGT3;;Racing Spirit of Leman;Aston Martin;GF;41.579;37.211;61.474;
59;3;93;2:19.973;0;;41.534;0;37.426;0;1:01.013;0;151.5;3:56:28.478;15:57:04.365;0:41.534;0:37.426;1:01.013;234.8;Valentin HASSE CLOT;;LMGT3;;Racing Spirit of Leman;Aston Martin;GF;41.534;37.426;61.013;
59;3;94;2:19.777;0;;41.234;1;37.394;0;1:01.149;0;151.7;3:58:48.255;15:59:24.142;0:41.234;0:37.394;1:01.149;236.3;Valentin HASSE CLOT;;LMGT3;;Racing Spirit of Leman;Aston Martin;GF;41.234;37.394;61.149;
59;3;95;2:20.718;0;;41.622;0;37.113;0;1:01.983;0;150.7;4:01:08.973;16:01:44.860;0:41.622;0:37.113;1:01.983;236.8;Valentin HASSE CLOT;;LMGT3;;Racing Spirit of Leman;Aston Martin;FF;41.622;37.113;61.983;
62;1;1;2:18.953;0;;49.464;0;33.894;0;55.595;0;148.9;2:18.953;12:02:54.840;0:49.464;0:33.894;0:55.595;242.7;Abdulla Ali AL-KHELAIFI;;LMGT3;;Team Qatar by Iron Lynx;Mercedes;GF;49.464;33.894;55.595;
62;1;2;2:04.700;0;;37.831;0;32.709;0;54.160;0;170.1;4:23.653;12:04:59.540;0:37.831;0:32.709;0:54.160;237.4;Abdulla Ali AL-KHELAIFI;;LMGT3;;Team Qatar by Iron Lynx;Mercedes;GF;37.831;32.709;54.160;
62;1;3;2:02.852;0;;37.322;0;32.323;0;53.207;0;172.6;6:26.505;12:07:02.392;0:37.322;0:32.323;0:53.207;237.9;Abdulla Ali AL-KHELAIFI;;LMGT3;;Team Qatar by Iron Lynx;Mercedes;GF;37.322;32.323;53.207;
62;1;4;2:02.611;0;;37.100;0;32.194;0;53.317;0;173.0;8:29.116;12:09:05.003;0:37.100;0:32.194;0:53.317;237.9;Abdulla Ali AL-KHELAIFI;;LMGT3;;Team Qatar by Iron Lynx;Mercedes;GF;37.100;32.194;53.317;
62;1;5;2:01.856;0;;36.961;0;31.893;0;53.002;0;174.0;10:30.972;12:11:06.859;0:36.961;0:31.893;0:53.002;238.4;Abdulla Ali AL-KHELAIFI;;LMGT3;;Team Qatar by Iron Lynx;Mercedes;GF;36.961;31.893;53.002;
62;1;6;2:02.104;0;;36.988;0;31.928;0;53.188;0;173.7;12:33.076;12:13:08.963;0:36.988;0:31.928;0:53.188;237.9;Abdulla Ali AL-KHELAIFI;;LMGT3;;Team Qatar by Iron Lynx;Mercedes;GF;36.988;31.928;53.188;
62;1;7;2:03.100;0;;36.962;0;31.938;0;54.200;0;172.3;14:36.176;12:15:12.063;0:36.962;0:31.938;0:54.200;238.9;Abdulla Ali AL-KHELAIFI;;LMGT3;;Team Qatar by Iron Lynx;Mercedes;GF;36.962;31.938;54.200;
62;1;8;2:03.012;0;;37.320;0;32.188;0;53.504;0;172.4;16:39.188;12:17:15.075;0:37.320;0:32.188;0:53.504;237.4;Abdulla Ali AL-KHELAIFI;;LMGT3;;Team Qatar by Iron Lynx;Mercedes;GF;37.320;32.188;53.504;
62;1;9;2:04.075;0;;37.546;0;32.527;0;54.002;0;170.9;18:43.263;12:19:19.150;0:37.546;0:32.527;0:54.002;238.9;Abdulla Ali AL-KHELAIFI;;LMGT3;;Team Qatar by Iron Lynx;Mercedes;GF;37.546;32.527;54.002;
62;1;10;2:03.355;0;;37.677;0;32.116;0;53.562;0;171.9;20:46.618;12:21:22.505;0:37.677;0:32.116;0:53.562;236.8;Abdulla Ali AL-KHELAIFI;;LMGT3;;Team Qatar by Iron Lynx;Mercedes;GF;37.677;32.116;53.562;
62;1;11;2:03.026;0;;36.996;0;32.652;0;53.378;0;172.4;22:49.644;12:23:25.531;0:36.996;0:32.652;0:53.378;237.4;Abdulla Ali AL-KHELAIFI;;LMGT3;;Team Qatar by Iron Lynx;Mercedes;GF;36.996;32.652;53.378;
62;1;12;2:02.761;0;;37.450;0;32.222;0;53.089;0;172.8;24:52.405;12:25:28.292;0:37.450;0:32.222;0:53.089;237.4;Abdulla Ali AL-KHELAIFI;;LMGT3;;Team Qatar by Iron Lynx;Mercedes;GF;37.450;32.222;53.089;
62;1;13;2:02.567;0;;36.897;2;32.349;0;53.321;0;173.0;26:54.972;12:27:30.859;0:36.897;0:32.349;0:53.321;237.4;Abdulla Ali AL-KHELAIFI;;LMGT3;;Team Qatar by Iron Lynx;Mercedes;GF;36.897;32.349;53.321;
62;1;14;2:01.827;2;;36.902;0;32.027;0;52.898;0;174.1;28:56.799;12:29:32.686;0:36.902;0:32.027;0:52.898;237.4;Abdulla Ali AL-KHELAIFI;;LMGT3;;Team Qatar by Iron Lynx;Mercedes;GF;36.902;32.027;52.898;
62;1;15;2:03.286;0;;37.037;0;32.864;0;53.385;0;172.0;31:00.085;12:31:35.972;0:37.037;0:32.864;0:53.385;238.9;Abdulla Ali AL-KHELAIFI;;LMGT3;;Team Qatar by Iron Lynx;Mercedes;GF;37.037;32.864;53.385;
62;1;16;2:01.938;0;;36.949;0;31.897;0;53.092;0;173.9;33:02.023;12:33:37.910;0:36.949;0:31.897;0:53.092;236.8;Abdulla Ali AL-KHELAIFI;;LMGT3;;Team Qatar by Iron Lynx;Mercedes;GF;36.949;31.897;53.092;
62;1;17;2:02.136;0;;36.989;0;31.771;2;53.376;0;173.6;35:04.159;12:35:40.046;0:36.989;0:31.771;0:53.376;237.9;Abdulla Ali AL-KHELAIFI;;LMGT3;;Team Qatar by Iron Lynx;Mercedes;GF;36.989;31.771;53.376;
62;1;18;2:02.999;0;;37.653;0;31.954;0;53.392;0;172.4;37:07.158;12:37:43.045;0:37.653;0:31.954;0:53.392;238.9;Abdulla Ali AL-KHELAIFI;;LMGT3;;Team Qatar by Iron Lynx;Mercedes;GF;37.653;31.954;53.392;
62;1;19;2:02.578;0;;37.363;0;31.945;0;53.270;0;173.0;39:09.736;12:39:45.623;0:37.363;0:31.945;0:53.270;239.5;Abdulla Ali AL-KHELAIFI;;LMGT3;;Team Qatar by Iron Lynx;Mercedes;GF;37.363;31.945;53.270;
62;1;20;2:02.384;0;;37.154;0;31.963;0;53.267;0;173.3;41:12.120;12:41:48.007;0:37.154;0:31.963;0:53.267;239.5;Abdulla Ali AL-KHELAIFI;;LMGT3;;Team Qatar by Iron Lynx;Mercedes;GF;37.154;31.963;53.267;
62;1;21;2:02.060;0;;37.079;0;31.885;0;53.096;0;173.7;43:14.180;12:43:50.067;0:37.079;0:31.885;0:53.096;239.5;Abdulla Ali AL-KHELAIFI;;LMGT3;;Team Qatar by Iron Lynx;Mercedes;GF;37.079;31.885;53.096;
62;1;22;2:02.502;0;;37.208;0;32.009;0;53.285;0;173.1;45:16.682;12:45:52.569;0:37.208;0:32.009;0:53.285;240.0;Abdulla Ali AL-KHELAIFI;;LMGT3;;Team Qatar by Iron Lynx;Mercedes;GF;37.208;32.009;53.285;
62;1;23;2:02.482;0;;37.348;0;32.011;0;53.123;0;173.1;47:19.164;12:47:55.051;0:37.348;0:32.011;0:53.123;242.2;Abdulla Ali AL-KHELAIFI;;LMGT3;;Team Qatar by Iron Lynx;Mercedes;GF;37.348;32.011;53.123;
62;1;24;2:03.992;0;;37.933;0;32.656;0;53.403;0;171.0;49:23.156;12:49:59.043;0:37.933;0:32.656;0:53.403;237.9;Abdulla Ali AL-KHELAIFI;;LMGT3;;Team Qatar by Iron Lynx;Mercedes;GF;37.933;32.656;53.403;
62;1;25;2:03.167;0;;37.157;0;32.195;0;53.815;0;172.2;51:26.323;12:52:02.210;0:37.157;0:32.195;0:53.815;239.5;Abdulla Ali AL-KHELAIFI;;LMGT3;;Team Qatar by Iron Lynx;Mercedes;GF;37.157;32.195;53.815;
62;1;26;2:02.840;0;;37.657;0;31.857;0;53.326;0;172.6;53:29.163;12:54:05.050;0:37.657;0:31.857;0:53.326;239.5;Abdulla Ali AL-KHELAIFI;;LMGT3;;Team Qatar by Iron Lynx;Mercedes;GF;37.657;31.857;53.326;
62;1;27;2:06.787;0;B;37.874;0;32.067;0;56.846;0;167.3;55:35.950;12:56:11.837;0:37.874;0:32.067;0:56.846;238.9;Abdulla Ali AL-KHELAIFI;;LMGT3;;Team Qatar by Iron Lynx;Mercedes;GF;37.874;32.067;56.846;
62;1;28;3:25.111;0;;1:58.827;0;32.909;0;53.375;0;103.4;59:01.061;12:59:36.948;1:58.827;0:32.909;0:53.375;231.8;Abdulla Ali AL-KHELAIFI;0:01:22.879;LMGT3;;Team Qatar by Iron Lynx;Mercedes;GF;118.827;32.909;53.375;
62;1;29;2:01.878;0;;37.002;0;31.797;0;53.079;0;174.0;1:01:02.939;13:01:38.826;0:37.002;0:31.797;0:53.079;237.9;Abdulla Ali AL-KHELAIFI;;LMGT3;;Team Qatar by Iron Lynx;Mercedes;GF;37.002;31.797;53.079;
62;1;30;2:02.413;0;;37.648;0;31.906;0;52.859;0;173.2;1:03:05.352;13:03:41.239;0:37.648;0:31.906;0:52.859;239.5;Abdulla Ali AL-KHELAIFI;;LMGT3;;Team Qatar by Iron Lynx;Mercedes;GF;37.648;31.906;52.859;
62;1;31;2:01.922;0;;37.316;0;31.850;0;52.756;2;173.9;1:05:07.274;13:05:43.161;0:37.316;0:31.850;0:52.756;237.9;Abdulla Ali AL-KHELAIFI;;LMGT3;;Team Qatar by Iron Lynx;Mercedes;GF;37.316;31.850;52.756;
62;1;32;2:02.898;0;;37.290;0;32.050;0;53.558;0;172.6;1:07:10.172;13:07:46.059;0:37.290;0:32.050;0:53.558;237.9;Abdulla Ali AL-KHELAIFI;;LMGT3;;Team Qatar by Iron Lynx;Mercedes;GF;37.290;32.050;53.558;
62;1;33;2:03.534;0;;37.322;0;32.124;0;54.088;0;171.7;1:09:13.706;13:09:49.593;0:37.322;0:32.124;0:54.088;238.4;Abdulla Ali AL-KHELAIFI;;LMGT3;;Team Qatar by Iron Lynx;Mercedes;GF;37.322;32.124;54.088;
62;1;34;2:04.350;0;;37.545;0;33.242;0;53.563;0;170.5;1:11:18.056;13:11:53.943;0:37.545;0:33.242;0:53.563;236.8;Abdulla Ali AL-KHELAIFI;;LMGT3;;Team Qatar by Iron Lynx;Mercedes;GF;37.545;33.242;53.563;
62;1;35;2:02.618;0;;37.262;0;31.874;0;53.482;0;173.0;1:13:20.674;13:13:56.561;0:37.262;0:31.874;0:53.482;237.4;Abdulla Ali AL-KHELAIFI;;LMGT3;;Team Qatar by Iron Lynx;Mercedes;GF;37.262;31.874;53.482;
62;1;36;2:05.775;0;;38.608;0;33.626;0;53.541;0;168.6;1:15:26.449;13:16:02.336;0:38.608;0:33.626;0:53.541;237.9;Abdulla Ali AL-KHELAIFI;;LMGT3;;Team Qatar by Iron Lynx;Mercedes;GF;38.608;33.626;53.541;
62;1;37;2:04.784;0;;38.834;0;32.357;0;53.593;0;170.0;1:17:31.233;13:18:07.120;0:38.834;0:32.357;0:53.593;234.3;Abdulla Ali AL-KHELAIFI;;LMGT3;;Team Qatar by Iron Lynx;Mercedes;GF;38.834;32.357;53.593;
62;1;38;2:40.861;0;;37.700;0;32.288;0;1:30.873;0;131.8;1:20:12.094;13:20:47.981;0:37.700;0:32.288;1:30.873;235.3;Abdulla Ali AL-KHELAIFI;;LMGT3;;Team Qatar by Iron Lynx;Mercedes;FCY;37.700;32.288;90.873;
62;1;39;2:35.369;0;;1:05.245;0;32.501;0;57.623;0;136.5;1:22:47.463;13:23:23.350;1:05.245;0:32.501;0:57.623;237.4;Abdulla Ali AL-KHELAIFI;;LMGT3;;Team Qatar by Iron Lynx;Mercedes;GF;65.245;32.501;57.623;
62;1;40;2:50.945;0;;41.710;0;33.125;0;1:36.110;0;124.1;1:25:38.408;13:26:14.295;0:41.710;0:33.125;1:36.110;239.5;Abdulla Ali AL-KHELAIFI;;LMGT3;;Team Qatar by Iron Lynx;Mercedes;GF;41.710;33.125;96.110;
62;1;41;4:27.514;0;B;1:31.222;0;1:07.962;0;1:48.330;0;79.3;1:30:05.922;13:30:41.809;1:31.222;1:07.962;1:48.330;;Abdulla Ali AL-KHELAIFI;;LMGT3;;Team Qatar by Iron Lynx;Mercedes;GF;91.222;67.962;108.330;
62;1;42;4:50.131;0;;2:13.395;0;1:08.336;0;1:28.400;0;73.1;1:34:56.053;13:35:31.940;2:13.395;1:08.336;1:28.400;;Abdulla Ali AL-KHELAIFI;0:00:58.749;LMGT3;;Team Qatar by Iron Lynx;Mercedes;SF;133.395;68.336;88.400;
62;1;43;2:23.567;0;;41.747;0;40.789;0;1:01.031;0;147.7;1:37:19.620;13:37:55.507;0:41.747;0:40.789;1:01.031;232.3;Abdulla Ali AL-KHELAIFI;;LMGT3;;Team Qatar by Iron Lynx;Mercedes;SF;41.747;40.789;61.031;
62;1;44;3:03.385;0;;42.826;0;42.753;0;1:37.806;0;115.6;1:40:23.005;13:40:58.892;0:42.826;0:42.753;1:37.806;190.1;Abdulla Ali AL-KHELAIFI;;LMGT3;;Team Qatar by Iron Lynx;Mercedes;SF;42.826;42.753;97.806;
62;1;45;4:15.344;0;;1:29.525;0;57.857;0;1:47.962;0;83.1;1:44:38.349;13:45:14.236;1:29.525;0:57.857;1:47.962;;Abdulla Ali AL-KHELAIFI;;LMGT3;;Team Qatar by Iron Lynx;Mercedes;SF;89.525;57.857;107.962;
62;1;46;4:06.571;0;;1:31.095;0;58.480;0;1:36.996;0;86.0;1:48:44.920;13:49:20.807;1:31.095;0:58.480;1:36.996;;Abdulla Ali AL-KHELAIFI;;LMGT3;;Team Qatar by Iron Lynx;Mercedes;SF;91.095;58.480;96.996;
62;1;47;3:41.674;0;B;1:20.920;0;51.857;0;1:28.897;0;95.7;1:52:26.594;13:53:02.481;1:20.920;0:51.857;1:28.897;;Abdulla Ali AL-KHELAIFI;;LMGT3;;Team Qatar by Iron Lynx;Mercedes;SF;80.920;51.857;88.897;
62;3;48;3:26.189;0;;1:39.961;0;41.212;0;1:05.016;0;102.9;1:55:52.783;13:56:28.670;1:39.961;0:41.212;1:05.016;200.7;Ralf ARON;0:00:50.710;LMGT3;;Team Qatar by Iron Lynx;Mercedes;SF;99.961;41.212;65.016;
62;3;49;2:30.147;0;;44.583;0;39.991;0;1:05.573;0;141.2;1:58:22.930;13:58:58.817;0:44.583;0:39.991;1:05.573;231.8;Ralf ARON;;LMGT3;;Team Qatar by Iron Lynx;Mercedes;SF;44.583;39.991;65.573;
62;3;50;2:34.327;0;B;44.795;0;39.500;0;1:10.032;0;137.4;2:00:57.257;14:01:33.144;0:44.795;0:39.500;1:10.032;232.3;Ralf ARON;;LMGT3;;Team Qatar by Iron Lynx;Mercedes;SF;44.795;39.500;70.032;
62;3;51;3:05.207;0;;1:28.034;0;36.920;0;1:00.253;0;114.5;2:04:02.464;14:04:38.351;1:28.034;0:36.920;1:00.253;231.8;Ralf ARON;0:00:48.951;LMGT3;;Team Qatar by Iron Lynx;Mercedes;SF;88.034;36.920;60.253;
62;3;52;2:55.874;0;;50.993;0;47.758;0;1:17.123;0;120.6;2:06:58.338;14:07:34.225;0:50.993;0:47.758;1:17.123;;Ralf ARON;;LMGT3;;Team Qatar by Iron Lynx;Mercedes;SF;50.993;47.758;77.123;
62;3;53;2:59.531;0;;50.423;0;46.403;0;1:22.705;0;118.1;2:09:57.869;14:10:33.756;0:50.423;0:46.403;1:22.705;184.3;Ralf ARON;;LMGT3;;Team Qatar by Iron Lynx;Mercedes;GF;50.423;46.403;82.705;
62;3;54;2:20.879;0;;41.494;0;38.187;0;1:01.198;0;150.5;2:12:18.748;14:12:54.635;0:41.494;0:38.187;1:01.198;233.3;Ralf ARON;;LMGT3;;Team Qatar by Iron Lynx;Mercedes;GF;41.494;38.187;61.198;
62;3;55;2:19.441;0;;41.137;0;37.977;0;1:00.327;0;152.1;2:14:38.189;14:15:14.076;0:41.137;0:37.977;1:00.327;232.3;Ralf ARON;;LMGT3;;Team Qatar by Iron Lynx;Mercedes;GF;41.137;37.977;60.327;
62;3;56;2:19.065;0;;41.608;0;37.198;0;1:00.259;0;152.5;2:16:57.254;14:17:33.141;0:41.608;0:37.198;1:00.259;233.3;Ralf ARON;;LMGT3;;Team Qatar by Iron Lynx;Mercedes;GF;41.608;37.198;60.259;
62;3;57;2:19.812;0;;41.651;0;38.167;0;59.994;0;151.7;2:19:17.066;14:19:52.953;0:41.651;0:38.167;0:59.994;234.3;Ralf ARON;;LMGT3;;Team Qatar by Iron Lynx;Mercedes;GF;41.651;38.167;59.994;
62;3;58;2:18.737;0;;41.320;0;36.827;0;1:00.590;0;152.9;2:21:35.803;14:22:11.690;0:41.320;0:36.827;1:00.590;234.3;Ralf ARON;;LMGT3;;Team Qatar by Iron Lynx;Mercedes;GF;41.320;36.827;60.590;
62;3;59;2:18.187;0;;41.118;1;37.068;0;1:00.001;0;153.5;2:23:53.990;14:24:29.877;0:41.118;0:37.068;1:00.001;234.3;Ralf ARON;;LMGT3;;Team Qatar by Iron Lynx;Mercedes;GF;41.118;37.068;60.001;
62;3;60;2:18.525;0;;41.681;0;36.979;0;59.865;0;153.1;2:26:12.515;14:26:48.402;0:41.681;0:36.979;0:59.865;232.8;Ralf ARON;;LMGT3;;Team Qatar by Iron Lynx;Mercedes;GF;41.681;36.979;59.865;
62;3;61;2:18.825;0;;41.829;0;36.863;0;1:00.133;0;152.8;2:28:31.340;14:29:07.227;0:41.829;0:36.863;1:00.133;235.8;Ralf ARON;;LMGT3;;Team Qatar by Iron Lynx;Mercedes;GF;41.829;36.863;60.133;
62;3;62;2:20.606;0;;41.817;0;37.388;0;1:01.401;0;150.8;2:30:51.946;14:31:27.833;0:41.817;0:37.388;1:01.401;237.4;Ralf ARON;;LMGT3;;Team Qatar by Iron Lynx;Mercedes;GF;41.817;37.388;61.401;
62;3;63;2:21.463;0;;42.367;0;37.998;0;1:01.098;0;149.9;2:33:13.409;14:33:49.296;0:42.367;0:37.998;1:01.098;233.3;Ralf ARON;;LMGT3;;Team Qatar by Iron Lynx;Mercedes;GF;42.367;37.998;61.098;
62;3;64;2:19.984;0;;42.420;0;37.187;0;1:00.377;0;151.5;2:35:33.393;14:36:09.280;0:42.420;0:37.187;1:00.377;234.3;Ralf ARON;;LMGT3;;Team Qatar by Iron Lynx;Mercedes;GF;42.420;37.187;60.377;
62;3;65;2:18.589;0;;41.899;0;36.878;0;59.812;1;153.0;2:37:51.982;14:38:27.869;0:41.899;0:36.878;0:59.812;233.8;Ralf ARON;;LMGT3;;Team Qatar by Iron Lynx;Mercedes;GF;41.899;36.878;59.812;
62;3;66;3:18.154;0;;41.724;0;51.197;0;1:45.233;0;107.0;2:41:10.136;14:41:46.023;0:41.724;0:51.197;1:45.233;233.3;Ralf ARON;;LMGT3;;Team Qatar by Iron Lynx;Mercedes;FCY;41.724;51.197;105.233;
62;3;67;4:14.338;0;;1:31.490;0;1:08.009;0;1:34.839;0;83.4;2:45:24.474;14:46:00.361;1:31.490;1:08.009;1:34.839;;Ralf ARON;;LMGT3;;Team Qatar by Iron Lynx;Mercedes;GF;91.490;68.009;94.839;
62;3;68;2:18.176;0;;41.748;0;36.507;1;59.921;0;153.5;2:47:42.650;14:48:18.537;0:41.748;0:36.507;0:59.921;232.3;Ralf ARON;;LMGT3;;Team Qatar by Iron Lynx;Mercedes;GF;41.748;36.507;59.921;
62;3;69;2:18.689;0;;41.514;0;37.303;0;59.872;0;152.9;2:50:01.339;14:50:37.226;0:41.514;0:37.303;0:59.872;232.3;Ralf ARON;;LMGT3;;Team Qatar by Iron Lynx;Mercedes;GF;41.514;37.303;59.872;
62;3;70;3:02.670;0;;41.972;0;37.486;0;1:43.212;0;116.1;2:53:04.009;14:53:39.896;0:41.972;0:37.486;1:43.212;233.8;Ralf ARON;;LMGT3;;Team Qatar by Iron Lynx;Mercedes;FCY;41.972;37.486;103.212;
62;3;71;4:24.904;0;;1:31.599;0;1:08.086;0;1:45.219;0;80.1;2:57:28.913;14:58:04.800;1:31.599;1:08.086;1:45.219;;Ralf ARON;;LMGT3;;Team Qatar by Iron Lynx;Mercedes;FCY;91.599;68.086;105.219;
62;3;72;3:34.511;0;;1:31.630;0;1:02.173;0;1:00.708;0;98.9;3:01:03.424;15:01:39.311;1:31.630;1:02.173;1:00.708;;Ralf ARON;;LMGT3;;Team Qatar by Iron Lynx;Mercedes;GF;91.630;62.173;60.708;
62;3;73;2:19.043;0;;42.022;0;37.186;0;59.835;0;152.5;3:03:22.467;15:03:58.354;0:42.022;0:37.186;0:59.835;232.3;Ralf ARON;;LMGT3;;Team Qatar by Iron Lynx;Mercedes;GF;42.022;37.186;59.835;
62;3;74;2:23.741;0;B;42.331;0;37.129;0;1:04.281;0;147.5;3:05:46.208;15:06:22.095;0:42.331;0:37.129;1:04.281;231.3;Ralf ARON;;LMGT3;;Team Qatar by Iron Lynx;Mercedes;GF;42.331;37.129;64.281;
62;2;75;3:30.116;0;;1:50.861;0;38.289;0;1:00.966;0;100.9;3:09:16.324;15:09:52.211;1:50.861;0:38.289;1:00.966;230.3;Julian HANSES;0:01:12.393;LMGT3;;Team Qatar by Iron Lynx;Mercedes;GF;110.861;38.289;60.966;
62;2;76;2:18.537;0;;41.809;0;36.993;0;59.735;1;153.1;3:11:34.861;15:12:10.748;0:41.809;0:36.993;0:59.735;232.3;Julian HANSES;;LMGT3;;Team Qatar by Iron Lynx;Mercedes;GF;41.809;36.993;59.735;
62;2;77;2:19.301;0;;41.660;0;37.138;0;1:00.503;0;152.2;3:13:54.162;15:14:30.049;0:41.660;0:37.138;1:00.503;232.3;Julian HANSES;;LMGT3;;Team Qatar by Iron Lynx;Mercedes;GF;41.660;37.138;60.503;
62;2;78;2:18.869;0;;41.785;0;36.550;0;1:00.534;0;152.7;3:16:13.031;15:16:48.918;0:41.785;0:36.550;1:00.534;232.8;Julian HANSES;;LMGT3;;Team Qatar by Iron Lynx;Mercedes;GF;41.785;36.550;60.534;
62;2;79;2:19.152;0;;41.544;0;37.191;0;1:00.417;0;152.4;3:18:32.183;15:19:08.070;0:41.544;0:37.191;1:00.417;233.3;Julian HANSES;;LMGT3;;Team Qatar by Iron Lynx;Mercedes;GF;41.544;37.191;60.417;
62;2;80;2:19.436;0;;41.770;0;37.000;0;1:00.666;0;152.1;3:20:51.619;15:21:27.506;0:41.770;0:37.000;1:00.666;232.8;Julian HANSES;;LMGT3;;Team Qatar by Iron Lynx;Mercedes;GF;41.770;37.000;60.666;
62;2;81;2:19.580;0;;41.842;0;36.978;0;1:00.760;0;151.9;3:23:11.199;15:23:47.086;0:41.842;0:36.978;1:00.760;232.8;Julian HANSES;;LMGT3;;Team Qatar by Iron Lynx;Mercedes;GF;41.842;36.978;60.760;
62;2;82;2:20.053;0;;42.097;0;37.503;0;1:00.453;0;151.4;3:25:31.252;15:26:07.139;0:42.097;0:37.503;1:00.453;234.3;Julian HANSES;;LMGT3;;Team Qatar by Iron Lynx;Mercedes;GF;42.097;37.503;60.453;
62;2;83;2:19.594;0;;41.790;0;37.163;0;1:00.641;0;151.9;3:27:50.846;15:28:26.733;0:41.790;0:37.163;1:00.641;232.3;Julian HANSES;;LMGT3;;Team Qatar by Iron Lynx;Mercedes;GF;41.790;37.163;60.641;
62;2;84;2:18.730;0;;41.708;0;36.776;0;1:00.246;0;152.9;3:30:09.576;15:30:45.463;0:41.708;0:36.776;1:00.246;233.3;Julian HANSES;;LMGT3;;Team Qatar by Iron Lynx;Mercedes;GF;41.708;36.776;60.246;
62;2;85;2:18.176;0;;41.645;0;36.644;0;59.887;0;153.5;3:32:27.752;15:33:03.639;0:41.645;0:36.644;0:59.887;232.3;Julian HANSES;;LMGT3;;Team Qatar by Iron Lynx;Mercedes;GF;41.645;36.644;59.887;
62;2;86;2:18.587;0;;41.653;0;36.484;1;1:00.450;0;153.0;3:34:46.339;15:35:22.226;0:41.653;0:36.484;1:00.450;234.3;Julian HANSES;;LMGT3;;Team Qatar by Iron Lynx;Mercedes;GF;41.653;36.484;60.450;
62;2;87;2:19.286;0;;41.685;0;36.866;0;1:00.735;0;152.3;3:37:05.625;15:37:41.512;0:41.685;0:36.866;1:00.735;233.3;Julian HANSES;;LMGT3;;Team Qatar by Iron Lynx;Mercedes;GF;41.685;36.866;60.735;
62;2;88;2:18.943;0;;41.572;0;36.738;0;1:00.633;0;152.6;3:39:24.568;15:40:00.455;0:41.572;0:36.738;1:00.633;233.3;Julian HANSES;;LMGT3;;Team Qatar by Iron Lynx;Mercedes;GF;41.572;36.738;60.633;
62;2;89;2:19.304;0;;41.643;0;37.126;0;1:00.535;0;152.2;3:41:43.872;15:42:19.759;0:41.643;0:37.126;1:00.535;234.8;Julian HANSES;;LMGT3;;Team Qatar by Iron Lynx;Mercedes;GF;41.643;37.126;60.535;
62;2;90;2:19.840;0;;41.565;0;37.813;0;1:00.462;0;151.7;3:44:03.712;15:44:39.599;0:41.565;0:37.813;1:00.462;235.8;Julian HANSES;;LMGT3;;Team Qatar by Iron Lynx;Mercedes;GF;41.565;37.813;60.462;
62;2;91;2:19.606;0;;41.896;0;37.072;0;1:00.638;0;151.9;3:46:23.318;15:46:59.205;0:41.896;0:37.072;1:00.638;235.8;Julian HANSES;;LMGT3;;Team Qatar by Iron Lynx;Mercedes;GF;41.896;37.072;60.638;
62;2;92;2:18.984;0;;41.629;0;37.007;0;1:00.348;0;152.6;3:48:42.302;15:49:18.189;0:41.629;0:37.007;1:00.348;234.3;Julian HANSES;;LMGT3;;Team Qatar by Iron Lynx;Mercedes;GF;41.629;37.007;60.348;
62;2;93;2:20.209;0;;41.432;0;37.030;0;1:01.747;0;151.3;3:51:02.511;15:51:38.398;0:41.432;0:37.030;1:01.747;235.3;Julian HANSES;;LMGT3;;Team Qatar by Iron Lynx;Mercedes;GF;41.432;37.030;61.747;
62;2;94;2:18.084;0;;41.418;0;36.626;0;1:00.040;0;153.6;3:53:20.595;15:53:56.482;0:41.418;0:36.626;1:00.040;233.8;Julian HANSES;;LMGT3;;Team Qatar by Iron Lynx;Mercedes;GF;41.418;36.626;60.040;
62;2;95;2:18.419;0;;41.056;0;37.226;0;1:00.137;0;153.2;3:55:39.014;15:56:14.901;0:41.056;0:37.226;1:00.137;234.3;Julian HANSES;;LMGT3;;Team Qatar by Iron Lynx;Mercedes;GF;41.056;37.226;60.137;
62;2;96;2:18.221;0;;41.391;0;36.704;0;1:00.126;0;153.4;3:57:57.235;15:58:33.122;0:41.391;0:36.704;1:00.126;233.3;Julian HANSES;;LMGT3;;Team Qatar by Iron Lynx;Mercedes;GF;41.391;36.704;60.126;
62;2;97;2:17.582;0;;40.919;0;36.668;0;59.995;0;154.1;4:00:14.817;16:00:50.704;0:40.919;0:36.668;0:59.995;232.8;Julian HANSES;;LMGT3;;Team Qatar by Iron Lynx;Mercedes;GF;40.919;36.668;59.995;
62;2;98;2:17.237;0;;40.854;1;36.549;0;59.834;0;154.5;4:02:32.054;16:03:07.941;0:40.854;0:36.549;0:59.834;233.3;Julian HANSES;;LMGT3;;Team Qatar by Iron Lynx;Mercedes;FF;40.854;36.549;59.834;
63;1;1;2:19.824;0;;50.503;0;34.320;0;55.001;0;148.0;2:19.824;12:02:55.711;0:50.503;0:34.320;0:55.001;241.6;Ameerh NARAN;;LMGT3;;Iron Lynx;Mercedes;GF;50.503;34.320;55.001;
63;1;2;2:05.362;0;;37.848;0;33.546;0;53.968;0;169.2;4:25.186;12:05:01.073;0:37.848;0:33.546;0:53.968;242.2;Ameerh NARAN;;LMGT3;;Iron Lynx;Mercedes;GF;37.848;33.546;53.968;
63;1;3;2:03.539;0;;37.475;0;32.591;0;53.473;0;171.7;6:28.725;12:07:04.612;0:37.475;0:32.591;0:53.473;241.6;Ameerh NARAN;;LMGT3;;Iron Lynx;Mercedes;GF;37.475;32.591;53.473;
63;1;4;2:03.181;2;;37.266;2;32.231;0;53.684;0;172.2;8:31.906;12:09:07.793;0:37.266;0:32.231;0:53.684;242.7;Ameerh NARAN;;LMGT3;;Iron Lynx;Mercedes;GF;37.266;32.231;53.684;
63;1;5;2:04.260;0;;37.424;0;32.295;0;54.541;0;170.7;10:36.166;12:11:12.053;0:37.424;0:32.295;0:54.541;241.6;Ameerh NARAN;;LMGT3;;Iron Lynx;Mercedes;GF;37.424;32.295;54.541;
63;1;6;2:03.284;0;;37.615;0;32.139;0;53.530;0;172.0;12:39.450;12:13:15.337;0:37.615;0:32.139;0:53.530;242.2;Ameerh NARAN;;LMGT3;;Iron Lynx;Mercedes;GF;37.615;32.139;53.530;
63;1;7;2:04.543;0;;37.595;0;32.747;0;54.201;0;170.3;14:43.993;12:15:19.880;0:37.595;0:32.747;0:54.201;243.2;Ameerh NARAN;;LMGT3;;Iron Lynx;Mercedes;GF;37.595;32.747;54.201;
63;1;8;2:06.046;0;;37.611;0;33.968;0;54.467;0;168.3;16:50.039;12:17:25.926;0:37.611;0:33.968;0:54.467;242.7;Ameerh NARAN;;LMGT3;;Iron Lynx;Mercedes;GF;37.611;33.968;54.467;
63;1;9;2:04.100;0;;38.147;0;32.261;0;53.692;0;170.9;18:54.139;12:19:30.026;0:38.147;0:32.261;0:53.692;241.1;Ameerh NARAN;;LMGT3;;Iron Lynx;Mercedes;GF;38.147;32.261;53.692;
63;1;10;2:04.145;0;;37.410;0;32.725;0;54.010;0;170.8;20:58.284;12:21:34.171;0:37.410;0:32.725;0:54.010;240.5;Ameerh NARAN;;LMGT3;;Iron Lynx;Mercedes;GF;37.410;32.725;54.010;
63;1;11;2:03.911;0;;37.644;0;32.431;0;53.836;0;171.2;23:02.195;12:23:38.082;0:37.644;0:32.431;0:53.836;241.1;Ameerh NARAN;;LMGT3;;Iron Lynx;Mercedes;GF;37.644;32.431;53.836;
63;1;12;2:03.219;0;;37.457;0;32.249;0;53.513;0;172.1;25:05.414;12:25:41.301;0:37.457;0:32.249;0:53.513;240.5;Ameerh NARAN;;LMGT3;;Iron Lynx;Mercedes;GF;37.457;32.249;53.513;
63;1;13;2:03.996;0;;37.272;0;32.816;0;53.908;0;171.0;27:09.410;12:27:45.297;0:37.272;0:32.816;0:53.908;241.6;Ameerh NARAN;;LMGT3;;Iron Lynx;Mercedes;GF;37.272;32.816;53.908;
63;1;14;2:06.701;0;;38.456;0;33.136;0;55.109;0;167.4;29:16.111;12:29:51.998;0:38.456;0:33.136;0:55.109;238.4;Ameerh NARAN;;LMGT3;;Iron Lynx;Mercedes;GF;38.456;33.136;55.109;
63;1;15;2:04.164;0;;37.826;0;32.369;0;53.969;0;170.8;31:20.275;12:31:56.162;0:37.826;0:32.369;0:53.969;240.0;Ameerh NARAN;;LMGT3;;Iron Lynx;Mercedes;GF;37.826;32.369;53.969;
63;1;16;2:04.031;0;;37.778;0;32.747;0;53.506;0;171.0;33:24.306;12:34:00.193;0:37.778;0:32.747;0:53.506;240.5;Ameerh NARAN;;LMGT3;;Iron Lynx;Mercedes;GF;37.778;32.747;53.506;
63;1;17;2:03.807;0;;37.414;0;32.554;0;53.839;0;171.3;35:28.113;12:36:04.000;0:37.414;0:32.554;0:53.839;240.5;Ameerh NARAN;;LMGT3;;Iron Lynx;Mercedes;GF;37.414;32.554;53.839;
63;1;18;2:02.929;0;;37.203;0;32.111;2;53.615;0;172.5;37:31.042;12:38:06.929;0:37.203;0:32.111;0:53.615;241.6;Ameerh NARAN;;LMGT3;;Iron Lynx;Mercedes;GF;37.203;32.111;53.615;
63;1;19;2:03.712;0;;37.370;0;32.293;0;54.049;0;171.4;39:34.754;12:40:10.641;0:37.370;0:32.293;0:54.049;242.2;Ameerh NARAN;;LMGT3;;Iron Lynx;Mercedes;GF;37.370;32.293;54.049;
63;1;20;2:04.913;0;;38.224;0;33.068;0;53.621;0;169.8;41:39.667;12:42:15.554;0:38.224;0:33.068;0:53.621;242.2;Ameerh NARAN;;LMGT3;;Iron Lynx;Mercedes;GF;38.224;33.068;53.621;
63;1;21;2:03.719;0;;37.729;0;32.223;0;53.767;0;171.4;43:43.386;12:44:19.273;0:37.729;0:32.223;0:53.767;240.5;Ameerh NARAN;;LMGT3;;Iron Lynx;Mercedes;GF;37.729;32.223;53.767;
63;1;22;2:04.087;0;;37.378;0;32.569;0;54.140;0;170.9;45:47.473;12:46:23.360;0:37.378;0:32.569;0:54.140;241.1;Ameerh NARAN;;LMGT3;;Iron Lynx;Mercedes;GF;37.378;32.569;54.140;
63;1;23;2:03.684;0;;37.315;0;32.519;0;53.850;0;171.5;47:51.157;12:48:27.044;0:37.315;0:32.519;0:53.850;242.2;Ameerh NARAN;;LMGT3;;Iron Lynx;Mercedes;GF;37.315;32.519;53.850;
63;1;24;2:03.644;0;;37.814;0;32.493;0;53.337;2;171.5;49:54.801;12:50:30.688;0:37.814;0:32.493;0:53.337;240.5;Ameerh NARAN;;LMGT3;;Iron Lynx;Mercedes;GF;37.814;32.493;53.337;
63;1;25;2:03.492;0;;37.702;0;32.309;0;53.481;0;171.7;51:58.293;12:52:34.180;0:37.702;0:32.309;0:53.481;243.2;Ameerh NARAN;;LMGT3;;Iron Lynx;Mercedes;GF;37.702;32.309;53.481;
63;1;26;2:04.384;0;;37.805;0;32.639;0;53.940;0;170.5;54:02.677;12:54:38.564;0:37.805;0:32.639;0:53.940;243.8;Ameerh NARAN;;LMGT3;;Iron Lynx;Mercedes;GF;37.805;32.639;53.940;
63;1;27;2:04.983;0;;37.551;0;33.339;0;54.093;0;169.7;56:07.660;12:56:43.547;0:37.551;0:33.339;0:54.093;241.1;Ameerh NARAN;;LMGT3;;Iron Lynx;Mercedes;GF;37.551;33.339;54.093;
63;1;28;2:09.573;0;B;38.004;0;32.567;0;59.002;0;163.7;58:17.233;12:58:53.120;0:38.004;0:32.567;0:59.002;241.1;Ameerh NARAN;;LMGT3;;Iron Lynx;Mercedes;GF;38.004;32.567;59.002;
63;1;29;3:43.784;0;;1:48.171;0;34.866;0;1:20.747;0;94.8;1:02:01.017;13:02:36.904;1:48.171;0:34.866;1:20.747;234.3;Ameerh NARAN;0:01:10.410;LMGT3;;Iron Lynx;Mercedes;GF;108.171;34.866;80.747;
63;1;30;2:06.287;0;;39.792;0;32.541;0;53.954;0;167.9;1:04:07.304;13:04:43.191;0:39.792;0:32.541;0:53.954;238.4;Ameerh NARAN;;LMGT3;;Iron Lynx;Mercedes;GF;39.792;32.541;53.954;
63;1;31;2:03.700;0;;37.603;0;32.437;0;53.660;0;171.4;1:06:11.004;13:06:46.891;0:37.603;0:32.437;0:53.660;238.4;Ameerh NARAN;;LMGT3;;Iron Lynx;Mercedes;GF;37.603;32.437;53.660;
63;1;32;2:04.335;0;;37.745;0;32.876;0;53.714;0;170.6;1:08:15.339;13:08:51.226;0:37.745;0:32.876;0:53.714;239.5;Ameerh NARAN;;LMGT3;;Iron Lynx;Mercedes;GF;37.745;32.876;53.714;
63;1;33;2:03.563;0;;37.390;0;32.238;0;53.935;0;171.6;1:10:18.902;13:10:54.789;0:37.390;0:32.238;0:53.935;238.4;Ameerh NARAN;;LMGT3;;Iron Lynx;Mercedes;GF;37.390;32.238;53.935;
63;1;34;2:04.056;0;;37.545;0;32.431;0;54.080;0;171.0;1:12:22.958;13:12:58.845;0:37.545;0:32.431;0:54.080;240.0;Ameerh NARAN;;LMGT3;;Iron Lynx;Mercedes;GF;37.545;32.431;54.080;
63;1;35;2:03.653;0;;37.429;0;32.202;0;54.022;0;171.5;1:14:26.611;13:15:02.498;0:37.429;0:32.202;0:54.022;243.2;Ameerh NARAN;;LMGT3;;Iron Lynx;Mercedes;GF;37.429;32.202;54.022;
63;1;36;2:07.859;0;;38.812;0;33.628;0;55.419;0;165.9;1:16:34.470;13:17:10.357;0:38.812;0:33.628;0:55.419;242.2;Ameerh NARAN;;LMGT3;;Iron Lynx;Mercedes;GF;38.812;33.628;55.419;
63;1;37;2:05.885;0;;38.333;0;32.281;0;55.271;0;168.5;1:18:40.355;13:19:16.242;0:38.333;0:32.281;0:55.271;243.2;Ameerh NARAN;;LMGT3;;Iron Lynx;Mercedes;GF;38.333;32.281;55.271;
63;1;38;3:15.853;0;;1:14.592;0;1:04.634;0;56.627;0;108.3;1:21:56.208;13:22:32.095;1:14.592;1:04.634;0:56.627;;Ameerh NARAN;;LMGT3;;Iron Lynx;Mercedes;GF;74.592;64.634;56.627;
68;1;1;2:17.971;0;;47.293;0;34.355;0;56.323;0;150.0;2:17.971;12:02:53.858;0:47.293;0:34.355;0:56.323;244.9;Nick ADCOCK;;LMP3;;M Racing;Ligier;GF;47.293;34.355;56.323;
68;1;2;2:03.892;0;;37.551;0;32.733;0;53.608;0;171.2;4:21.863;12:04:57.750;0:37.551;0:32.733;0:53.608;243.2;Nick ADCOCK;;LMP3;;M Racing;Ligier;GF;37.551;32.733;53.608;
68;1;3;2:01.851;0;;36.624;0;32.167;0;53.060;0;174.0;6:23.714;12:06:59.601;0:36.624;0:32.167;0:53.060;244.9;Nick ADCOCK;;LMP3;;M Racing;Ligier;GF;36.624;32.167;53.060;
68;1;4;2:00.965;0;;36.556;0;31.891;0;52.518;0;175.3;8:24.679;12:09:00.566;0:36.556;0:31.891;0:52.518;244.9;Nick ADCOCK;;LMP3;;M Racing;Ligier;GF;36.556;31.891;52.518;
68;1;5;1:59.497;0;;35.981;0;31.384;0;52.132;2;177.5;10:24.176;12:11:00.063;0:35.981;0:31.384;0:52.132;246.0;Nick ADCOCK;;LMP3;;M Racing;Ligier;GF;35.981;31.384;52.132;
68;1;6;1:59.951;0;;35.886;0;31.562;0;52.503;0;176.8;12:24.127;12:13:00.014;0:35.886;0:31.562;0:52.503;244.3;Nick ADCOCK;;LMP3;;M Racing;Ligier;GF;35.886;31.562;52.503;
68;1;7;1:59.502;0;;35.802;0;31.366;0;52.334;0;177.5;14:23.629;12:14:59.516;0:35.802;0:31.366;0:52.334;245.5;Nick ADCOCK;;LMP3;;M Racing;Ligier;GF;35.802;31.366;52.334;
68;1;8;2:00.104;0;;35.756;0;31.632;0;52.716;0;176.6;16:23.733;12:16:59.620;0:35.756;0:31.632;0:52.716;245.5;Nick ADCOCK;;LMP3;;M Racing;Ligier;GF;35.756;31.632;52.716;
68;1;9;2:01.400;0;;36.225;0;31.324;0;53.851;0;174.7;18:25.133;12:19:01.020;0:36.225;0:31.324;0:53.851;246.0;Nick ADCOCK;;LMP3;;M Racing;Ligier;GF;36.225;31.324;53.851;
68;1;10;1:59.539;0;;35.608;0;31.247;0;52.684;0;177.4;20:24.672;12:21:00.559;0:35.608;0:31.247;0:52.684;244.9;Nick ADCOCK;;LMP3;;M Racing;Ligier;GF;35.608;31.247;52.684;
68;1;11;1:59.649;0;;35.712;0;31.351;0;52.586;0;177.2;22:24.321;12:23:00.208;0:35.712;0:31.351;0:52.586;248.3;Nick ADCOCK;;LMP3;;M Racing;Ligier;GF;35.712;31.351;52.586;
68;1;12;1:59.566;0;;35.731;0;31.646;0;52.189;0;177.4;24:23.887;12:24:59.774;0:35.731;0:31.646;0:52.189;245.5;Nick ADCOCK;;LMP3;;M Racing;Ligier;GF;35.731;31.646;52.189;
68;1;13;1:59.191;0;;35.464;0;31.451;0;52.276;0;177.9;26:23.078;12:26:58.965;0:35.464;0:31.451;0:52.276;244.3;Nick ADCOCK;;LMP3;;M Racing;Ligier;GF;35.464;31.451;52.276;
68;1;14;2:00.055;0;;35.658;0;31.767;0;52.630;0;176.6;28:23.133;12:28:59.020;0:35.658;0:31.767;0:52.630;246.6;Nick ADCOCK;;LMP3;;M Racing;Ligier;GF;35.658;31.767;52.630;
68;1;15;1:59.530;0;;35.716;0;31.410;0;52.404;0;177.4;30:22.663;12:30:58.550;0:35.716;0:31.410;0:52.404;246.0;Nick ADCOCK;;LMP3;;M Racing;Ligier;GF;35.716;31.410;52.404;
68;1;16;1:59.062;0;;35.528;0;31.132;0;52.402;0;178.1;32:21.725;12:32:57.612;0:35.528;0:31.132;0:52.402;246.6;Nick ADCOCK;;LMP3;;M Racing;Ligier;GF;35.528;31.132;52.402;
68;1;17;1:59.470;0;;35.576;0;31.173;0;52.721;0;177.5;34:21.195;12:34:57.082;0:35.576;0:31.173;0:52.721;246.6;Nick ADCOCK;;LMP3;;M Racing;Ligier;GF;35.576;31.173;52.721;
68;1;18;1:59.842;0;;35.622;0;31.379;0;52.841;0;177.0;36:21.037;12:36:56.924;0:35.622;0:31.379;0:52.841;247.1;Nick ADCOCK;;LMP3;;M Racing;Ligier;GF;35.622;31.379;52.841;
68;1;19;1:59.386;0;;35.669;0;31.384;0;52.333;0;177.6;38:20.423;12:38:56.310;0:35.669;0:31.384;0:52.333;245.5;Nick ADCOCK;;LMP3;;M Racing;Ligier;GF;35.669;31.384;52.333;
68;1;20;1:58.916;2;;35.633;0;31.102;1;52.181;0;178.3;40:19.339;12:40:55.226;0:35.633;0:31.102;0:52.181;246.0;Nick ADCOCK;;LMP3;;M Racing;Ligier;GF;35.633;31.102;52.181;
68;1;21;1:59.286;0;;35.454;2;31.226;0;52.606;0;177.8;42:18.625;12:42:54.512;0:35.454;0:31.226;0:52.606;247.1;Nick ADCOCK;;LMP3;;M Racing;Ligier;GF;35.454;31.226;52.606;
68;1;22;1:59.401;0;;35.497;0;31.255;0;52.649;0;177.6;44:18.026;12:44:53.913;0:35.497;0:31.255;0:52.649;245.5;Nick ADCOCK;;LMP3;;M Racing;Ligier;GF;35.497;31.255;52.649;
68;1;23;2:00.200;0;;36.028;0;31.445;0;52.727;0;176.4;46:18.226;12:46:54.113;0:36.028;0:31.445;0:52.727;246.6;Nick ADCOCK;;LMP3;;M Racing;Ligier;GF;36.028;31.445;52.727;
68;1;24;1:59.821;0;;35.657;0;31.940;0;52.224;0;177.0;48:18.047;12:48:53.934;0:35.657;0:31.940;0:52.224;245.5;Nick ADCOCK;;LMP3;;M Racing;Ligier;GF;35.657;31.940;52.224;
68;1;25;2:01.646;0;;37.439;0;31.848;0;52.359;0;174.3;50:19.693;12:50:55.580;0:37.439;0:31.848;0:52.359;246.0;Nick ADCOCK;;LMP3;;M Racing;Ligier;GF;37.439;31.848;52.359;
68;1;26;1:59.501;0;;35.593;0;31.392;0;52.516;0;177.5;52:19.194;12:52:55.081;0:35.593;0:31.392;0:52.516;245.5;Nick ADCOCK;;LMP3;;M Racing;Ligier;GF;35.593;31.392;52.516;
68;1;27;2:03.737;0;;35.693;0;31.485;0;56.559;0;171.4;54:22.931;12:54:58.818;0:35.693;0:31.485;0:56.559;248.8;Nick ADCOCK;;LMP3;;M Racing;Ligier;GF;35.693;31.485;56.559;
68;1;28;1:59.980;0;;36.114;0;31.122;0;52.744;0;176.8;56:22.911;12:56:58.798;0:36.114;0:31.122;0:52.744;246.0;Nick ADCOCK;;LMP3;;M Racing;Ligier;GF;36.114;31.122;52.744;
68;1;29;2:06.708;0;B;36.168;0;31.463;0;59.077;0;167.4;58:29.619;12:59:05.506;0:36.168;0:31.463;0:59.077;244.3;Nick ADCOCK;;LMP3;;M Racing;Ligier;GF;36.168;31.463;59.077;
68;2;30;3:43.336;0;;2:16.509;0;33.293;0;53.534;0;95.0;1:02:12.955;13:02:48.842;2:16.509;0:33.293;0:53.534;237.9;Stéphane TRIBAUDINI;0:01:40.952;LMP3;;M Racing;Ligier;GF;136.509;33.293;53.534;
68;2;31;2:01.582;0;;36.889;0;31.846;0;52.847;0;174.4;1:04:14.537;13:04:50.424;0:36.889;0:31.846;0:52.847;241.6;Stéphane TRIBAUDINI;;LMP3;;M Racing;Ligier;GF;36.889;31.846;52.847;
68;2;32;1:59.380;0;;36.211;0;30.967;2;52.202;1;177.6;1:06:13.917;13:06:49.804;0:36.211;0:30.967;0:52.202;244.3;Stéphane TRIBAUDINI;;LMP3;;M Racing;Ligier;GF;36.211;30.967;52.202;
68;2;33;1:59.885;0;;35.622;1;31.824;0;52.439;0;176.9;1:08:13.802;13:08:49.689;0:35.622;0:31.824;0:52.439;246.6;Stéphane TRIBAUDINI;;LMP3;;M Racing;Ligier;GF;35.622;31.824;52.439;
68;2;34;2:00.686;0;;35.936;0;31.162;0;53.588;0;175.7;1:10:14.488;13:10:50.375;0:35.936;0:31.162;0:53.588;246.0;Stéphane TRIBAUDINI;;LMP3;;M Racing;Ligier;GF;35.936;31.162;53.588;
68;2;35;2:01.381;0;;37.297;0;31.292;0;52.792;0;174.7;1:12:15.869;13:12:51.756;0:37.297;0:31.292;0:52.792;244.9;Stéphane TRIBAUDINI;;LMP3;;M Racing;Ligier;GF;37.297;31.292;52.792;
68;2;36;2:00.596;0;;36.315;0;31.099;0;53.182;0;175.9;1:14:16.465;13:14:52.352;0:36.315;0:31.099;0:53.182;244.9;Stéphane TRIBAUDINI;;LMP3;;M Racing;Ligier;GF;36.315;31.099;53.182;
68;2;37;2:05.214;0;;38.958;0;31.839;0;54.417;0;169.4;1:16:21.679;13:16:57.566;0:38.958;0:31.839;0:54.417;245.5;Stéphane TRIBAUDINI;;LMP3;;M Racing;Ligier;GF;38.958;31.839;54.417;
68;2;38;2:03.475;0;;37.342;0;31.617;0;54.516;0;171.8;1:18:25.154;13:19:01.041;0:37.342;0:31.617;0:54.516;244.3;Stéphane TRIBAUDINI;;LMP3;;M Racing;Ligier;GF;37.342;31.617;54.516;
68;2;39;3:07.030;0;;49.185;0;1:08.067;0;1:09.778;0;113.4;1:21:32.184;13:22:08.071;0:49.185;1:08.067;1:09.778;;Stéphane TRIBAUDINI;;LMP3;;M Racing;Ligier;GF;49.185;68.067;69.778;
68;2;40;2:06.868;0;;37.319;0;31.704;0;57.845;0;167.2;1:23:39.052;13:24:14.939;0:37.319;0:31.704;0:57.845;245.5;Stéphane TRIBAUDINI;;LMP3;;M Racing;Ligier;GF;37.319;31.704;57.845;
68;2;41;3:52.043;0;;59.455;0;1:07.400;0;1:45.188;0;91.4;1:27:31.095;13:28:06.982;0:59.455;1:07.400;1:45.188;;Stéphane TRIBAUDINI;;LMP3;;M Racing;Ligier;GF;59.455;67.400;105.188;
68;2;42;4:26.688;0;;1:31.101;0;1:07.476;0;1:48.111;0;79.5;1:31:57.783;13:32:33.670;1:31.101;1:07.476;1:48.111;;Stéphane TRIBAUDINI;;LMP3;;M Racing;Ligier;GF;91.101;67.476;108.111;
68;2;43;3:43.249;0;;1:32.473;0;1:01.371;0;1:09.405;0;95.0;1:35:41.032;13:36:16.919;1:32.473;1:01.371;1:09.405;;Stéphane TRIBAUDINI;;LMP3;;M Racing;Ligier;SF;92.473;61.371;69.405;
68;2;44;4:02.163;0;;1:25.838;0;59.266;0;1:37.059;0;87.6;1:39:43.195;13:40:19.082;1:25.838;0:59.266;1:37.059;;Stéphane TRIBAUDINI;;LMP3;;M Racing;Ligier;SF;85.838;59.266;97.059;
68;2;45;4:14.725;0;;1:29.233;0;1:04.322;0;1:41.170;0;83.3;1:43:57.920;13:44:33.807;1:29.233;1:04.322;1:41.170;;Stéphane TRIBAUDINI;;LMP3;;M Racing;Ligier;SF;89.233;64.322;101.170;
68;2;46;2:38.601;0;;46.992;0;43.054;0;1:08.555;0;133.7;1:46:36.521;13:47:12.408;0:46.992;0:43.054;1:08.555;203.0;Stéphane TRIBAUDINI;;LMP3;;M Racing;Ligier;SF;46.992;43.054;68.555;
68;2;47;2:34.699;0;;44.811;0;42.327;0;1:07.561;0;137.1;1:49:11.220;13:49:47.107;0:44.811;0:42.327;1:07.561;203.8;Stéphane TRIBAUDINI;;LMP3;;M Racing;Ligier;SF;44.811;42.327;67.561;
68;2;48;3:23.915;0;B;1:01.357;0;52.511;0;1:30.047;0;104.0;1:52:35.135;13:53:11.022;1:01.357;0:52.511;1:30.047;;Stéphane TRIBAUDINI;;LMP3;;M Racing;Ligier;SF;61.357;52.511;90.047;
68;3;49;6:41.692;0;;4:48.270;0;41.665;0;1:11.757;0;52.8;1:59:16.827;13:59:52.714;4:48.270;0:41.665;1:11.757;164.1;Alfie BRIGGS;0:04:10.025;LMP3;;M Racing;Ligier;SF;288.270;41.665;71.757;
68;3;50;2:44.563;0;;52.925;0;43.030;0;1:08.608;0;128.9;2:02:01.390;14:02:37.277;0:52.925;0:43.030;1:08.608;151.5;Alfie BRIGGS;;LMP3;;M Racing;Ligier;SF;52.925;43.030;68.608;
68;3;51;2:35.878;0;;46.909;0;42.565;0;1:06.404;0;136.1;2:04:37.268;14:05:13.155;0:46.909;0:42.565;1:06.404;164.1;Alfie BRIGGS;;LMP3;;M Racing;Ligier;SF;46.909;42.565;66.404;
68;3;52;2:28.350;0;;44.383;0;38.454;0;1:05.513;0;143.0;2:07:05.618;14:07:41.505;0:44.383;0:38.454;1:05.513;156.1;Alfie BRIGGS;;LMP3;;M Racing;Ligier;SF;44.383;38.454;65.513;
68;3;53;2:56.740;0;;52.166;0;45.263;0;1:19.311;0;120.0;2:10:02.358;14:10:38.245;0:52.166;0:45.263;1:19.311;168.7;Alfie BRIGGS;;LMP3;;M Racing;Ligier;GF;52.166;45.263;79.311;
68;3;54;2:24.174;0;;42.668;0;39.168;0;1:02.338;0;147.1;2:12:26.532;14:13:02.419;0:42.668;0:39.168;1:02.338;244.9;Alfie BRIGGS;;LMP3;;M Racing;Ligier;GF;42.668;39.168;62.338;
68;3;55;2:21.959;0;;41.197;0;40.259;0;1:00.503;0;149.4;2:14:48.491;14:15:24.378;0:41.197;0:40.259;1:00.503;245.5;Alfie BRIGGS;;LMP3;;M Racing;Ligier;GF;41.197;40.259;60.503;
68;3;56;2:18.414;0;;40.695;0;37.396;0;1:00.323;0;153.2;2:17:06.905;14:17:42.792;0:40.695;0:37.396;1:00.323;244.9;Alfie BRIGGS;;LMP3;;M Racing;Ligier;GF;40.695;37.396;60.323;
68;3;57;2:18.282;0;;41.299;0;37.153;0;59.830;0;153.4;2:19:25.187;14:20:01.074;0:41.299;0:37.153;0:59.830;243.2;Alfie BRIGGS;;LMP3;;M Racing;Ligier;GF;41.299;37.153;59.830;
68;3;58;2:17.042;0;;40.990;0;36.400;0;59.652;0;154.8;2:21:42.229;14:22:18.116;0:40.990;0:36.400;0:59.652;242.2;Alfie BRIGGS;;LMP3;;M Racing;Ligier;GF;40.990;36.400;59.652;
68;3;59;2:16.016;0;;39.778;0;36.659;0;59.579;0;155.9;2:23:58.245;14:24:34.132;0:39.778;0:36.659;0:59.579;241.1;Alfie BRIGGS;;LMP3;;M Racing;Ligier;GF;39.778;36.659;59.579;
68;3;60;2:16.459;0;;40.027;1;36.385;0;1:00.047;0;155.4;2:26:14.704;14:26:50.591;0:40.027;0:36.385;1:00.047;242.7;Alfie BRIGGS;;LMP3;;M Racing;Ligier;GF;40.027;36.385;60.047;
68;3;61;2:17.567;0;;40.787;0;36.644;0;1:00.136;0;154.2;2:28:32.271;14:29:08.158;0:40.787;0:36.644;1:00.136;242.2;Alfie BRIGGS;;LMP3;;M Racing;Ligier;GF;40.787;36.644;60.136;
68;3;62;2:19.928;0;;41.565;0;37.298;0;1:01.065;0;151.6;2:30:52.199;14:31:28.086;0:41.565;0:37.298;1:01.065;244.3;Alfie BRIGGS;;LMP3;;M Racing;Ligier;GF;41.565;37.298;61.065;
68;3;63;2:21.406;0;;42.057;0;38.087;0;1:01.262;0;150.0;2:33:13.605;14:33:49.492;0:42.057;0:38.087;1:01.262;243.2;Alfie BRIGGS;;LMP3;;M Racing;Ligier;GF;42.057;38.087;61.262;
68;3;64;2:17.225;0;;41.219;0;36.492;0;59.514;0;154.5;2:35:30.830;14:36:06.717;0:41.219;0:36.492;0:59.514;242.7;Alfie BRIGGS;;LMP3;;M Racing;Ligier;GF;41.219;36.492;59.514;
68;3;65;2:17.534;0;;41.128;0;36.214;1;1:00.192;0;154.2;2:37:48.364;14:38:24.251;0:41.128;0:36.214;1:00.192;240.5;Alfie BRIGGS;;LMP3;;M Racing;Ligier;GF;41.128;36.214;60.192;
68;3;66;3:14.474;0;;40.719;0;49.598;0;1:44.157;0;109.1;2:41:02.838;14:41:38.725;0:40.719;0:49.598;1:44.157;240.5;Alfie BRIGGS;;LMP3;;M Racing;Ligier;FCY;40.719;49.598;104.157;
68;3;67;4:14.840;0;;1:30.636;0;1:06.952;0;1:37.252;0;83.2;2:45:17.678;14:45:53.565;1:30.636;1:06.952;1:37.252;;Alfie BRIGGS;;LMP3;;M Racing;Ligier;GF;90.636;66.952;97.252;
68;3;68;2:18.423;0;;41.646;0;37.007;0;59.770;0;153.2;2:47:36.101;14:48:11.988;0:41.646;0:37.007;0:59.770;236.3;Alfie BRIGGS;;LMP3;;M Racing;Ligier;GF;41.646;37.007;59.770;
68;3;69;2:17.109;0;;40.487;0;36.563;0;1:00.059;0;154.7;2:49:53.210;14:50:29.097;0:40.487;0:36.563;1:00.059;238.4;Alfie BRIGGS;;LMP3;;M Racing;Ligier;GF;40.487;36.563;60.059;
68;3;70;2:51.843;0;;40.208;0;36.698;0;1:34.937;0;123.4;2:52:45.053;14:53:20.940;0:40.208;0:36.698;1:34.937;238.9;Alfie BRIGGS;;LMP3;;M Racing;Ligier;FCY;40.208;36.698;94.937;
68;3;71;4:25.455;0;;1:31.677;0;1:08.095;0;1:45.683;0;79.9;2:57:10.508;14:57:46.395;1:31.677;1:08.095;1:45.683;;Alfie BRIGGS;;LMP3;;M Racing;Ligier;FCY;91.677;68.095;105.683;
68;3;72;3:44.197;0;;1:31.794;0;1:08.219;0;1:04.184;0;94.6;3:00:54.705;15:01:30.592;1:31.794;1:08.219;1:04.184;;Alfie BRIGGS;;LMP3;;M Racing;Ligier;GF;91.794;68.219;64.184;
68;3;73;2:23.015;0;;46.332;0;37.202;0;59.481;1;148.3;3:03:17.720;15:03:53.607;0:46.332;0:37.202;0:59.481;239.5;Alfie BRIGGS;;LMP3;;M Racing;Ligier;GF;46.332;37.202;59.481;
68;3;74;2:17.663;0;;41.254;0;36.813;0;59.596;0;154.1;3:05:35.383;15:06:11.270;0:41.254;0:36.813;0:59.596;238.9;Alfie BRIGGS;;LMP3;;M Racing;Ligier;GF;41.254;36.813;59.596;
68;3;75;2:16.884;0;;40.813;0;36.249;0;59.822;0;154.9;3:07:52.267;15:08:28.154;0:40.813;0:36.249;0:59.822;240.5;Alfie BRIGGS;;LMP3;;M Racing;Ligier;GF;40.813;36.249;59.822;
68;3;76;2:18.337;0;;40.692;0;36.837;0;1:00.808;0;153.3;3:10:10.604;15:10:46.491;0:40.692;0:36.837;1:00.808;240.0;Alfie BRIGGS;;LMP3;;M Racing;Ligier;GF;40.692;36.837;60.808;
68;3;77;2:17.799;0;;41.086;0;36.660;0;1:00.053;0;153.9;3:12:28.403;15:13:04.290;0:41.086;0:36.660;1:00.053;240.0;Alfie BRIGGS;;LMP3;;M Racing;Ligier;GF;41.086;36.660;60.053;
68;3;78;2:17.440;0;;40.750;0;36.445;0;1:00.245;0;154.3;3:14:45.843;15:15:21.730;0:40.750;0:36.445;1:00.245;240.0;Alfie BRIGGS;;LMP3;;M Racing;Ligier;GF;40.750;36.445;60.245;
68;3;79;2:17.803;0;;40.921;0;36.511;0;1:00.371;0;153.9;3:17:03.646;15:17:39.533;0:40.921;0:36.511;1:00.371;241.1;Alfie BRIGGS;;LMP3;;M Racing;Ligier;GF;40.921;36.511;60.371;
68;3;80;2:18.472;0;;41.250;0;37.034;0;1:00.188;0;153.2;3:19:22.118;15:19:58.005;0:41.250;0:37.034;1:00.188;241.1;Alfie BRIGGS;;LMP3;;M Racing;Ligier;GF;41.250;37.034;60.188;
68;3;81;2:18.120;0;;41.134;0;36.542;0;1:00.444;0;153.5;3:21:40.238;15:22:16.125;0:41.134;0:36.542;1:00.444;241.6;Alfie BRIGGS;;LMP3;;M Racing;Ligier;GF;41.134;36.542;60.444;
68;3;82;2:18.056;0;;41.062;0;36.718;0;1:00.276;0;153.6;3:23:58.294;15:24:34.181;0:41.062;0:36.718;1:00.276;241.6;Alfie BRIGGS;;LMP3;;M Racing;Ligier;GF;41.062;36.718;60.276;
68;3;83;2:22.648;0;B;41.141;0;36.604;0;1:04.903;0;148.7;3:26:20.942;15:26:56.829;0:41.141;0:36.604;1:04.903;240.5;Alfie BRIGGS;;LMP3;;M Racing;Ligier;GF;41.141;36.604;64.903;
68;3;84;3:29.761;0;;1:52.359;0;36.969;0;1:00.433;0;101.1;3:29:50.703;15:30:26.590;1:52.359;0:36.969;1:00.433;240.0;Alfie BRIGGS;0:01:16.403;LMP3;;M Racing;Ligier;GF;112.359;36.969;60.433;
68;3;85;2:18.537;0;;41.340;0;36.690;0;1:00.507;0;153.1;3:32:09.240;15:32:45.127;0:41.340;0:36.690;1:00.507;240.0;Alfie BRIGGS;;LMP3;;M Racing;Ligier;GF;41.340;36.690;60.507;
68;3;86;2:17.805;0;;40.663;0;36.348;0;1:00.794;0;153.9;3:34:27.045;15:35:02.932;0:40.663;0:36.348;1:00.794;240.0;Alfie BRIGGS;;LMP3;;M Racing;Ligier;GF;40.663;36.348;60.794;
68;3;87;2:18.293;0;;40.841;0;36.283;0;1:01.169;0;153.4;3:36:45.338;15:37:21.225;0:40.841;0:36.283;1:01.169;239.5;Alfie BRIGGS;;LMP3;;M Racing;Ligier;GF;40.841;36.283;61.169;
68;3;88;2:18.600;0;;40.906;0;36.888;0;1:00.806;0;153.0;3:39:03.938;15:39:39.825;0:40.906;0:36.888;1:00.806;240.5;Alfie BRIGGS;;LMP3;;M Racing;Ligier;GF;40.906;36.888;60.806;
68;3;89;2:18.308;0;;41.032;0;36.810;0;1:00.466;0;153.3;3:41:22.246;15:41:58.133;0:41.032;0:36.810;1:00.466;238.9;Alfie BRIGGS;;LMP3;;M Racing;Ligier;GF;41.032;36.810;60.466;
68;3;90;2:18.786;0;;40.801;0;37.154;0;1:00.831;0;152.8;3:43:41.032;15:44:16.919;0:40.801;0:37.154;1:00.831;240.5;Alfie BRIGGS;;LMP3;;M Racing;Ligier;GF;40.801;37.154;60.831;
68;3;91;2:18.326;0;;41.163;0;36.557;0;1:00.606;0;153.3;3:45:59.358;15:46:35.245;0:41.163;0:36.557;1:00.606;241.6;Alfie BRIGGS;;LMP3;;M Racing;Ligier;GF;41.163;36.557;60.606;
68;3;92;2:18.683;0;;41.150;0;36.961;0;1:00.572;0;152.9;3:48:18.041;15:48:53.928;0:41.150;0:36.961;1:00.572;241.6;Alfie BRIGGS;;LMP3;;M Racing;Ligier;GF;41.150;36.961;60.572;
68;3;93;2:18.901;0;;40.850;0;36.774;0;1:01.277;0;152.7;3:50:36.942;15:51:12.829;0:40.850;0:36.774;1:01.277;243.2;Alfie BRIGGS;;LMP3;;M Racing;Ligier;GF;40.850;36.774;61.277;
68;3;94;2:20.024;0;;41.531;0;37.407;0;1:01.086;0;151.5;3:52:56.966;15:53:32.853;0:41.531;0:37.407;1:01.086;243.8;Alfie BRIGGS;;LMP3;;M Racing;Ligier;GF;41.531;37.407;61.086;
68;3;95;2:18.264;0;;40.950;0;36.667;0;1:00.647;0;153.4;3:55:15.230;15:55:51.117;0:40.950;0:36.667;1:00.647;244.3;Alfie BRIGGS;;LMP3;;M Racing;Ligier;GF;40.950;36.667;60.647;
68;3;96;2:18.080;0;;40.758;0;36.912;0;1:00.410;0;153.6;3:57:33.310;15:58:09.197;0:40.758;0:36.912;1:00.410;244.9;Alfie BRIGGS;;LMP3;;M Racing;Ligier;GF;40.758;36.912;60.410;
68;3;97;2:18.432;0;;40.804;0;36.875;0;1:00.753;0;153.2;3:59:51.742;16:00:27.629;0:40.804;0:36.875;1:00.753;241.6;Alfie BRIGGS;;LMP3;;M Racing;Ligier;GF;40.804;36.875;60.753;
68;3;98;2:18.260;0;;40.567;0;36.733;0;1:00.960;0;153.4;4:02:10.002;16:02:45.889;0:40.567;0:36.733;1:00.960;241.6;Alfie BRIGGS;;LMP3;;M Racing;Ligier;FF;40.567;36.733;60.960;
7;1;1;2:01.121;0;;40.080;0;31.517;0;49.524;0;170.8;2:01.121;12:02:37.008;0:40.080;0:31.517;0:49.524;274.1;Jens Reno MØLLER;;LMP2 Pro/Am;;Vector Sport;Oreca;GF;40.080;31.517;49.524;
7;1;2;1:52.111;0;;33.062;0;29.538;0;49.511;0;189.2;3:53.232;12:04:29.119;0:33.062;0:29.538;0:49.511;273.4;Jens Reno MØLLER;;LMP2 Pro/Am;;Vector Sport;Oreca;GF;33.062;29.538;49.511;
7;1;3;1:49.740;0;;32.045;0;29.194;0;48.501;0;193.3;5:42.972;12:06:18.859;0:32.045;0:29.194;0:48.501;275.5;Jens Reno MØLLER;;LMP2 Pro/Am;;Vector Sport;Oreca;GF;32.045;29.194;48.501;
7;1;4;1:50.367;0;;32.526;0;29.236;0;48.605;0;192.2;7:33.339;12:08:09.226;0:32.526;0:29.236;0:48.605;273.4;Jens Reno MØLLER;;LMP2 Pro/Am;;Vector Sport;Oreca;GF;32.526;29.236;48.605;
7;1;5;1:49.078;0;;31.965;0;28.822;0;48.291;1;194.4;9:22.417;12:09:58.304;0:31.965;0:28.822;0:48.291;274.8;Jens Reno MØLLER;;LMP2 Pro/Am;;Vector Sport;Oreca;GF;31.965;28.822;48.291;
7;1;6;1:50.131;0;;32.020;0;29.626;0;48.485;0;192.6;11:12.548;12:11:48.435;0:32.020;0:29.626;0:48.485;274.1;Jens Reno MØLLER;;LMP2 Pro/Am;;Vector Sport;Oreca;GF;32.020;29.626;48.485;
7;1;7;1:49.590;0;;32.353;0;28.826;0;48.411;0;193.5;13:02.138;12:13:38.025;0:32.353;0:28.826;0:48.411;272.7;Jens Reno MØLLER;;LMP2 Pro/Am;;Vector Sport;Oreca;GF;32.353;28.826;48.411;
7;1;8;1:52.689;0;;32.077;0;29.186;0;51.426;0;188.2;14:54.827;12:15:30.714;0:32.077;0:29.186;0:51.426;274.1;Jens Reno MØLLER;;LMP2 Pro/Am;;Vector Sport;Oreca;GF;32.077;29.186;51.426;
7;1;9;1:52.891;0;;32.758;0;29.104;0;51.029;0;187.9;16:47.718;12:17:23.605;0:32.758;0:29.104;0:51.029;272.0;Jens Reno MØLLER;;LMP2 Pro/Am;;Vector Sport;Oreca;GF;32.758;29.104;51.029;
7;1;10;1:52.874;0;;34.563;0;29.109;0;49.202;0;187.9;18:40.592;12:19:16.479;0:34.563;0:29.109;0:49.202;270.7;Jens Reno MØLLER;;LMP2 Pro/Am;;Vector Sport;Oreca;GF;34.563;29.109;49.202;
7;1;11;1:50.791;0;;32.912;0;28.901;0;48.978;0;191.4;20:31.383;12:21:07.270;0:32.912;0:28.901;0:48.978;272.0;Jens Reno MØLLER;;LMP2 Pro/Am;;Vector Sport;Oreca;GF;32.912;28.901;48.978;
7;1;12;1:51.852;0;;32.013;0;29.601;0;50.238;0;189.6;22:23.235;12:22:59.122;0:32.013;0:29.601;0:50.238;273.4;Jens Reno MØLLER;;LMP2 Pro/Am;;Vector Sport;Oreca;GF;32.013;29.601;50.238;
7;1;13;1:51.107;0;;32.256;0;28.858;0;49.993;0;190.9;24:14.342;12:24:50.229;0:32.256;0:28.858;0:49.993;272.7;Jens Reno MØLLER;;LMP2 Pro/Am;;Vector Sport;Oreca;GF;32.256;28.858;49.993;
7;1;14;1:49.952;0;;31.865;1;29.453;0;48.634;0;192.9;26:04.294;12:26:40.181;0:31.865;0:29.453;0:48.634;273.4;Jens Reno MØLLER;;LMP2 Pro/Am;;Vector Sport;Oreca;GF;31.865;29.453;48.634;
7;1;15;1:52.350;0;;32.088;0;31.361;0;48.901;0;188.8;27:56.644;12:28:32.531;0:32.088;0:31.361;0:48.901;272.7;Jens Reno MØLLER;;LMP2 Pro/Am;;Vector Sport;Oreca;GF;32.088;31.361;48.901;
7;1;16;1:50.764;0;;32.709;0;28.990;0;49.065;0;191.5;29:47.408;12:30:23.295;0:32.709;0:28.990;0:49.065;269.3;Jens Reno MØLLER;;LMP2 Pro/Am;;Vector Sport;Oreca;GF;32.709;28.990;49.065;
7;1;17;1:51.044;0;;31.993;0;28.991;0;50.060;0;191.0;31:38.452;12:32:14.339;0:31.993;0:28.991;0:50.060;273.4;Jens Reno MØLLER;;LMP2 Pro/Am;;Vector Sport;Oreca;GF;31.993;28.991;50.060;
7;1;18;1:51.683;0;;32.753;0;28.518;2;50.412;0;189.9;33:30.135;12:34:06.022;0:32.753;0:28.518;0:50.412;273.4;Jens Reno MØLLER;;LMP2 Pro/Am;;Vector Sport;Oreca;GF;32.753;28.518;50.412;
7;1;19;1:52.362;0;;32.410;0;30.078;0;49.874;0;188.7;35:22.497;12:35:58.384;0:32.410;0:30.078;0:49.874;272.7;Jens Reno MØLLER;;LMP2 Pro/Am;;Vector Sport;Oreca;GF;32.410;30.078;49.874;
7;1;20;1:54.835;0;B;32.199;0;30.053;0;52.583;0;184.7;37:17.332;12:37:53.219;0:32.199;0:30.053;0:52.583;273.4;Jens Reno MØLLER;;LMP2 Pro/Am;;Vector Sport;Oreca;GF;32.199;30.053;52.583;
7;1;21;2:54.481;0;;1:35.921;0;28.734;0;49.826;0;121.5;40:11.813;12:40:47.700;1:35.921;0:28.734;0:49.826;270.0;Jens Reno MØLLER;0:01:06.256;LMP2 Pro/Am;;Vector Sport;Oreca;GF;95.921;28.734;49.826;
7;1;22;1:50.783;0;;32.420;0;29.706;0;48.657;0;191.4;42:02.596;12:42:38.483;0:32.420;0:29.706;0:48.657;272.0;Jens Reno MØLLER;;LMP2 Pro/Am;;Vector Sport;Oreca;GF;32.420;29.706;48.657;
7;1;23;1:50.920;0;;32.180;0;28.810;0;49.930;0;191.2;43:53.516;12:44:29.403;0:32.180;0:28.810;0:49.930;272.0;Jens Reno MØLLER;;LMP2 Pro/Am;;Vector Sport;Oreca;GF;32.180;28.810;49.930;
7;1;24;1:52.065;0;;32.880;0;29.270;0;49.915;0;189.2;45:45.581;12:46:21.468;0:32.880;0:29.270;0:49.915;271.4;Jens Reno MØLLER;;LMP2 Pro/Am;;Vector Sport;Oreca;GF;32.880;29.270;49.915;
7;1;25;1:52.988;0;;34.620;0;29.660;0;48.708;0;187.7;47:38.569;12:48:14.456;0:34.620;0:29.660;0:48.708;266.0;Jens Reno MØLLER;;LMP2 Pro/Am;;Vector Sport;Oreca;GF;34.620;29.660;48.708;
7;1;26;1:52.065;0;;33.096;0;29.197;0;49.772;0;189.2;49:30.634;12:50:06.521;0:33.096;0:29.197;0:49.772;271.4;Jens Reno MØLLER;;LMP2 Pro/Am;;Vector Sport;Oreca;GF;33.096;29.197;49.772;
7;1;27;1:51.966;0;;33.322;0;29.059;0;49.585;0;189.4;51:22.600;12:51:58.487;0:33.322;0:29.059;0:49.585;272.7;Jens Reno MØLLER;;LMP2 Pro/Am;;Vector Sport;Oreca;GF;33.322;29.059;49.585;
7;1;28;1:49.805;0;;32.352;0;28.737;0;48.716;0;193.1;53:12.405;12:53:48.292;0:32.352;0:28.737;0:48.716;272.7;Jens Reno MØLLER;;LMP2 Pro/Am;;Vector Sport;Oreca;GF;32.352;28.737;48.716;
7;1;29;1:49.269;0;;32.110;0;28.737;0;48.422;0;194.1;55:01.674;12:55:37.561;0:32.110;0:28.737;0:48.422;272.7;Jens Reno MØLLER;;LMP2 Pro/Am;;Vector Sport;Oreca;GF;32.110;28.737;48.422;
7;1;30;1:50.702;0;;33.050;0;28.815;0;48.837;0;191.6;56:52.376;12:57:28.263;0:33.050;0:28.815;0:48.837;272.0;Jens Reno MØLLER;;LMP2 Pro/Am;;Vector Sport;Oreca;GF;33.050;28.815;48.837;
7;1;31;1:52.320;0;;33.879;0;28.842;0;49.599;0;188.8;58:44.696;12:59:20.583;0:33.879;0:28.842;0:49.599;273.4;Jens Reno MØLLER;;LMP2 Pro/Am;;Vector Sport;Oreca;GF;33.879;28.842;49.599;
7;1;32;1:50.587;0;;32.430;0;29.570;0;48.587;0;191.8;1:00:35.283;13:01:11.170;0:32.430;0:29.570;0:48.587;273.4;Jens Reno MØLLER;;LMP2 Pro/Am;;Vector Sport;Oreca;GF;32.430;29.570;48.587;
7;1;33;1:55.153;0;B;32.425;0;29.028;0;53.700;0;184.2;1:02:30.436;13:03:06.323;0:32.425;0:29.028;0:53.700;270.7;Jens Reno MØLLER;;LMP2 Pro/Am;;Vector Sport;Oreca;GF;32.425;29.028;53.700;
7;2;34;2:38.739;0;;1:21.775;0;28.705;0;48.259;2;133.6;1:05:09.175;13:05:45.062;1:21.775;0:28.705;0:48.259;272.0;Cem BÖLÜKBASI;0:00:53.955;LMP2 Pro/Am;;Vector Sport;Oreca;GF;81.775;28.705;48.259;
7;2;35;1:49.697;0;;32.295;0;29.032;0;48.370;0;193.3;1:06:58.872;13:07:34.759;0:32.295;0:29.032;0:48.370;269.3;Cem BÖLÜKBASI;;LMP2 Pro/Am;;Vector Sport;Oreca;GF;32.295;29.032;48.370;
7;2;36;1:48.692;2;;31.569;2;28.577;1;48.546;0;195.1;1:08:47.564;13:09:23.451;0:31.569;0:28.577;0:48.546;272.7;Cem BÖLÜKBASI;;LMP2 Pro/Am;;Vector Sport;Oreca;GF;31.569;28.577;48.546;
7;2;37;1:49.093;0;;31.823;0;28.820;0;48.450;0;194.4;1:10:36.657;13:11:12.544;0:31.823;0:28.820;0:48.450;273.4;Cem BÖLÜKBASI;;LMP2 Pro/Am;;Vector Sport;Oreca;GF;31.823;28.820;48.450;
7;2;38;1:49.785;0;;32.225;0;28.785;0;48.775;0;193.2;1:12:26.442;13:13:02.329;0:32.225;0:28.785;0:48.775;272.7;Cem BÖLÜKBASI;;LMP2 Pro/Am;;Vector Sport;Oreca;GF;32.225;28.785;48.775;
7;2;39;1:51.801;0;;32.911;0;29.238;0;49.652;0;189.7;1:14:18.243;13:14:54.130;0:32.911;0:29.238;0:49.652;274.8;Cem BÖLÜKBASI;;LMP2 Pro/Am;;Vector Sport;Oreca;GF;32.911;29.238;49.652;
7;2;40;1:56.211;0;;33.729;0;31.030;0;51.452;0;182.5;1:16:14.454;13:16:50.341;0:33.729;0:31.030;0:51.452;275.5;Cem BÖLÜKBASI;;LMP2 Pro/Am;;Vector Sport;Oreca;GF;33.729;31.030;51.452;
7;2;41;1:52.210;0;;34.305;0;29.206;0;48.699;0;189.0;1:18:06.664;13:18:42.551;0:34.305;0:29.206;0:48.699;274.8;Cem BÖLÜKBASI;;LMP2 Pro/Am;;Vector Sport;Oreca;GF;34.305;29.206;48.699;
7;2;42;2:55.201;0;;32.395;0;46.896;0;1:35.910;0;121.0;1:21:01.865;13:21:37.752;0:32.395;0:46.896;1:35.910;268.7;Cem BÖLÜKBASI;;LMP2 Pro/Am;;Vector Sport;Oreca;GF;32.395;46.896;95.910;
7;2;43;1:54.179;0;;33.345;0;29.174;0;51.660;0;185.7;1:22:56.044;13:23:31.931;0:33.345;0:29.174;0:51.660;274.8;Cem BÖLÜKBASI;;LMP2 Pro/Am;;Vector Sport;Oreca;GF;33.345;29.174;51.660;
7;2;44;2:42.757;0;;36.379;0;30.152;0;1:36.226;0;130.3;1:25:38.801;13:26:14.688;0:36.379;0:30.152;1:36.226;274.1;Cem BÖLÜKBASI;;LMP2 Pro/Am;;Vector Sport;Oreca;GF;36.379;30.152;96.226;
7;2;45;4:29.503;0;B;1:31.453;0;1:10.694;0;1:47.356;0;78.7;1:30:08.304;13:30:44.191;1:31.453;1:10.694;1:47.356;;Cem BÖLÜKBASI;;LMP2 Pro/Am;;Vector Sport;Oreca;GF;91.453;70.694;107.356;
7;2;46;4:50.352;0;;2:13.327;0;1:08.811;0;1:28.214;0;73.0;1:34:58.656;13:35:34.543;2:13.327;1:08.811;1:28.214;;Cem BÖLÜKBASI;0:00:59.322;LMP2 Pro/Am;;Vector Sport;Oreca;SF;133.327;68.811;88.214;
7;2;47;2:29.507;0;;45.819;0;41.999;0;1:01.689;0;141.9;1:37:28.163;13:38:04.050;0:45.819;0:41.999;1:01.689;200.4;Cem BÖLÜKBASI;;LMP2 Pro/Am;;Vector Sport;Oreca;SF;45.819;41.999;61.689;
7;2;48;2:57.033;0;;42.879;0;41.159;0;1:32.995;0;119.8;1:40:25.196;13:41:01.083;0:42.879;0:41.159;1:32.995;218.2;Cem BÖLÜKBASI;;LMP2 Pro/Am;;Vector Sport;Oreca;SF;42.879;41.159;92.995;
7;2;49;4:16.106;0;;1:29.657;0;57.612;0;1:48.837;0;82.8;1:44:41.302;13:45:17.189;1:29.657;0:57.612;1:48.837;122.7;Cem BÖLÜKBASI;;LMP2 Pro/Am;;Vector Sport;Oreca;SF;89.657;57.612;108.837;
7;2;50;4:06.313;0;;1:29.647;0;58.893;0;1:37.773;0;86.1;1:48:47.615;13:49:23.502;1:29.647;0:58.893;1:37.773;;Cem BÖLÜKBASI;;LMP2 Pro/Am;;Vector Sport;Oreca;SF;89.647;58.893;97.773;
7;2;51;3:34.879;0;;1:19.807;0;52.051;0;1:23.021;0;98.7;1:52:22.494;13:52:58.381;1:19.807;0:52.051;1:23.021;;Cem BÖLÜKBASI;;LMP2 Pro/Am;;Vector Sport;Oreca;SF;79.807;52.051;83.021;
7;2;52;2:46.781;0;;48.181;0;45.745;0;1:12.855;0;127.2;1:55:09.275;13:55:45.162;0:48.181;0:45.745;1:12.855;166.4;Cem BÖLÜKBASI;;LMP2 Pro/Am;;Vector Sport;Oreca;SF;48.181;45.745;72.855;
7;2;53;2:40.339;0;;45.200;0;42.246;0;1:12.893;0;132.3;1:57:49.614;13:58:25.501;0:45.200;0:42.246;1:12.893;169.5;Cem BÖLÜKBASI;;LMP2 Pro/Am;;Vector Sport;Oreca;SF;45.200;42.246;72.893;
7;2;54;2:49.080;0;;53.316;0;43.943;0;1:11.821;0;125.4;2:00:38.694;14:01:14.581;0:53.316;0:43.943;1:11.821;227.4;Cem BÖLÜKBASI;;LMP2 Pro/Am;;Vector Sport;Oreca;SF;53.316;43.943;71.821;
7;2;55;2:51.820;0;;52.201;0;47.319;0;1:12.300;0;123.4;2:03:30.514;14:04:06.401;0:52.201;0:47.319;1:12.300;208.5;Cem BÖLÜKBASI;;LMP2 Pro/Am;;Vector Sport;Oreca;SF;52.201;47.319;72.300;
7;2;56;3:10.529;0;B;57.387;0;50.882;0;1:22.260;0;111.3;2:06:41.043;14:07:16.930;0:57.387;0:50.882;1:22.260;;Cem BÖLÜKBASI;;LMP2 Pro/Am;;Vector Sport;Oreca;SF;57.387;50.882;82.260;
7;3;57;3:23.452;0;;1:38.832;0;35.393;0;1:09.227;0;104.2;2:10:04.495;14:10:40.382;1:38.832;0:35.393;1:09.227;259.0;Lorenzo FLUXA;0:01:04.170;LMP2 Pro/Am;;Vector Sport;Oreca;GF;98.832;35.393;69.227;
7;3;58;2:16.879;0;;39.865;0;37.976;0;59.038;0;154.9;2:12:21.374;14:12:57.261;0:39.865;0:37.976;0:59.038;267.3;Lorenzo FLUXA;;LMP2 Pro/Am;;Vector Sport;Oreca;GF;39.865;37.976;59.038;
7;3;59;2:09.303;0;;37.897;0;35.053;0;56.353;0;164.0;2:14:30.677;14:15:06.564;0:37.897;0:35.053;0:56.353;258.4;Lorenzo FLUXA;;LMP2 Pro/Am;;Vector Sport;Oreca;GF;37.897;35.053;56.353;
7;3;60;2:23.259;0;;37.139;0;35.319;0;1:10.801;0;148.0;2:16:53.936;14:17:29.823;0:37.139;0:35.319;1:10.801;267.3;Lorenzo FLUXA;;LMP2 Pro/Am;;Vector Sport;Oreca;GF;37.139;35.319;70.801;
7;3;61;2:08.717;0;;36.960;0;35.262;0;56.495;0;164.8;2:19:02.653;14:19:38.540;0:36.960;0:35.262;0:56.495;266.0;Lorenzo FLUXA;;LMP2 Pro/Am;;Vector Sport;Oreca;GF;36.960;35.262;56.495;
7;3;62;2:07.023;0;;36.300;0;34.368;0;56.355;0;167.0;2:21:09.676;14:21:45.563;0:36.300;0:34.368;0:56.355;267.3;Lorenzo FLUXA;;LMP2 Pro/Am;;Vector Sport;Oreca;GF;36.300;34.368;56.355;
7;3;63;2:06.565;0;;36.116;0;33.939;0;56.510;0;167.6;2:23:16.241;14:23:52.128;0:36.116;0:33.939;0:56.510;267.3;Lorenzo FLUXA;;LMP2 Pro/Am;;Vector Sport;Oreca;GF;36.116;33.939;56.510;
7;3;64;2:06.107;0;;35.949;1;34.104;0;56.054;0;168.2;2:25:22.348;14:25:58.235;0:35.949;0:34.104;0:56.054;268.0;Lorenzo FLUXA;;LMP2 Pro/Am;;Vector Sport;Oreca;GF;35.949;34.104;56.054;
7;3;65;2:08.516;0;;37.596;0;34.462;0;56.458;0;165.0;2:27:30.864;14:28:06.751;0:37.596;0:34.462;0:56.458;266.7;Lorenzo FLUXA;;LMP2 Pro/Am;;Vector Sport;Oreca;GF;37.596;34.462;56.458;
7;3;66;2:07.447;0;;37.407;0;34.005;0;56.035;0;166.4;2:29:38.311;14:30:14.198;0:37.407;0:34.005;0:56.035;267.3;Lorenzo FLUXA;;LMP2 Pro/Am;;Vector Sport;Oreca;GF;37.407;34.005;56.035;
7;3;67;2:07.297;0;;37.092;0;34.135;0;56.070;0;166.6;2:31:45.608;14:32:21.495;0:37.092;0:34.135;0:56.070;266.7;Lorenzo FLUXA;;LMP2 Pro/Am;;Vector Sport;Oreca;GF;37.092;34.135;56.070;
7;3;68;2:07.141;0;;37.145;0;34.016;0;55.980;0;166.8;2:33:52.749;14:34:28.636;0:37.145;0:34.016;0:55.980;266.7;Lorenzo FLUXA;;LMP2 Pro/Am;;Vector Sport;Oreca;GF;37.145;34.016;55.980;
7;3;69;2:07.015;0;;37.302;0;33.935;0;55.778;0;167.0;2:35:59.764;14:36:35.651;0:37.302;0:33.935;0:55.778;268.0;Lorenzo FLUXA;;LMP2 Pro/Am;;Vector Sport;Oreca;GF;37.302;33.935;55.778;
7;3;70;2:07.966;0;;37.329;0;33.820;0;56.817;0;165.7;2:38:07.730;14:38:43.617;0:37.329;0:33.820;0:56.817;267.3;Lorenzo FLUXA;;LMP2 Pro/Am;;Vector Sport;Oreca;GF;37.329;33.820;56.817;
7;3;71;3:21.054;0;;37.473;0;57.903;0;1:45.678;0;105.5;2:41:28.784;14:42:04.671;0:37.473;0:57.903;1:45.678;266.7;Lorenzo FLUXA;;LMP2 Pro/Am;;Vector Sport;Oreca;FCY;37.473;57.903;105.678;
7;3;72;4:07.975;0;;1:31.668;0;1:08.100;0;1:28.207;0;85.5;2:45:36.759;14:46:12.646;1:31.668;1:08.100;1:28.207;;Lorenzo FLUXA;;LMP2 Pro/Am;;Vector Sport;Oreca;GF;91.668;68.100;88.207;
7;3;73;2:11.413;0;;38.437;0;35.474;0;57.502;0;161.4;2:47:48.172;14:48:24.059;0:38.437;0:35.474;0:57.502;264.7;Lorenzo FLUXA;;LMP2 Pro/Am;;Vector Sport;Oreca;GF;38.437;35.474;57.502;
7;3;74;2:09.813;0;;37.632;0;35.345;0;56.836;0;163.4;2:49:57.985;14:50:33.872;0:37.632;0:35.345;0:56.836;266.0;Lorenzo FLUXA;;LMP2 Pro/Am;;Vector Sport;Oreca;GF;37.632;35.345;56.836;
7;3;75;2:46.814;0;;36.871;0;35.694;0;1:34.249;0;127.1;2:52:44.799;14:53:20.686;0:36.871;0:35.694;1:34.249;267.3;Lorenzo FLUXA;;LMP2 Pro/Am;;Vector Sport;Oreca;FCY;36.871;35.694;94.249;
7;3;76;4:25.434;0;;1:31.644;0;1:08.005;0;1:45.785;0;79.9;2:57:10.233;14:57:46.120;1:31.644;1:08.005;1:45.785;;Lorenzo FLUXA;;LMP2 Pro/Am;;Vector Sport;Oreca;FCY;91.644;68.005;105.785;
7;3;77;3:42.085;0;;1:31.765;0;1:08.222;0;1:02.098;0;95.5;3:00:52.318;15:01:28.205;1:31.765;1:08.222;1:02.098;;Lorenzo FLUXA;;LMP2 Pro/Am;;Vector Sport;Oreca;GF;91.765;68.222;62.098;
7;3;78;2:11.822;0;;37.838;0;35.670;0;58.314;0;160.9;3:03:04.140;15:03:40.027;0:37.838;0:35.670;0:58.314;266.0;Lorenzo FLUXA;;LMP2 Pro/Am;;Vector Sport;Oreca;GF;37.838;35.670;58.314;
7;3;79;2:11.614;0;;38.258;0;36.513;0;56.843;0;161.1;3:05:15.754;15:05:51.641;0:38.258;0:36.513;0:56.843;263.4;Lorenzo FLUXA;;LMP2 Pro/Am;;Vector Sport;Oreca;GF;38.258;36.513;56.843;
7;3;80;2:09.810;0;;37.340;0;35.215;0;57.255;0;163.4;3:07:25.564;15:08:01.451;0:37.340;0:35.215;0:57.255;267.3;Lorenzo FLUXA;;LMP2 Pro/Am;;Vector Sport;Oreca;GF;37.340;35.215;57.255;
7;3;81;2:08.723;0;;37.665;0;34.639;0;56.419;0;164.8;3:09:34.287;15:10:10.174;0:37.665;0:34.639;0:56.419;268.0;Lorenzo FLUXA;;LMP2 Pro/Am;;Vector Sport;Oreca;GF;37.665;34.639;56.419;
7;3;82;2:13.610;0;B;37.252;0;34.389;0;1:01.969;0;158.7;3:11:47.897;15:12:23.784;0:37.252;0:34.389;1:01.969;267.3;Lorenzo FLUXA;;LMP2 Pro/Am;;Vector Sport;Oreca;GF;37.252;34.389;61.969;
7;3;83;3:08.920;0;;1:38.597;0;34.175;0;56.148;0;112.3;3:14:56.817;15:15:32.704;1:38.597;0:34.175;0:56.148;266.0;Lorenzo FLUXA;0:01:05.539;LMP2 Pro/Am;;Vector Sport;Oreca;GF;98.597;34.175;56.148;
7;3;84;2:08.101;0;;37.756;0;34.186;0;56.159;0;165.6;3:17:04.918;15:17:40.805;0:37.756;0:34.186;0:56.159;265.4;Lorenzo FLUXA;;LMP2 Pro/Am;;Vector Sport;Oreca;GF;37.756;34.186;56.159;
7;3;85;2:07.604;0;;37.417;0;34.120;0;56.067;0;166.2;3:19:12.522;15:19:48.409;0:37.417;0:34.120;0:56.067;266.0;Lorenzo FLUXA;;LMP2 Pro/Am;;Vector Sport;Oreca;GF;37.417;34.120;56.067;
7;3;86;2:08.257;0;;37.154;0;34.629;0;56.474;0;165.4;3:21:20.779;15:21:56.666;0:37.154;0:34.629;0:56.474;266.7;Lorenzo FLUXA;;LMP2 Pro/Am;;Vector Sport;Oreca;GF;37.154;34.629;56.474;
7;3;87;2:08.102;0;;37.715;0;34.064;0;56.323;0;165.6;3:23:28.881;15:24:04.768;0:37.715;0:34.064;0:56.323;266.7;Lorenzo FLUXA;;LMP2 Pro/Am;;Vector Sport;Oreca;GF;37.715;34.064;56.323;
7;3;88;2:06.469;0;;36.954;0;33.796;0;55.719;0;167.7;3:25:35.350;15:26:11.237;0:36.954;0:33.796;0:55.719;266.7;Lorenzo FLUXA;;LMP2 Pro/Am;;Vector Sport;Oreca;GF;36.954;33.796;55.719;
7;3;89;2:08.369;0;;37.719;0;33.843;0;56.807;0;165.2;3:27:43.719;15:28:19.606;0:37.719;0:33.843;0:56.807;266.0;Lorenzo FLUXA;;LMP2 Pro/Am;;Vector Sport;Oreca;GF;37.719;33.843;56.807;
7;3;90;2:07.505;0;;37.493;0;34.027;0;55.985;0;166.3;3:29:51.224;15:30:27.111;0:37.493;0:34.027;0:55.985;267.3;Lorenzo FLUXA;;LMP2 Pro/Am;;Vector Sport;Oreca;GF;37.493;34.027;55.985;
7;3;91;2:07.007;0;;37.539;0;33.756;0;55.712;0;167.0;3:31:58.231;15:32:34.118;0:37.539;0:33.756;0:55.712;267.3;Lorenzo FLUXA;;LMP2 Pro/Am;;Vector Sport;Oreca;GF;37.539;33.756;55.712;
7;3;92;2:07.594;0;;37.235;0;33.522;0;56.837;0;166.2;3:34:05.825;15:34:41.712;0:37.235;0:33.522;0:56.837;266.7;Lorenzo FLUXA;;LMP2 Pro/Am;;Vector Sport;Oreca;GF;37.235;33.522;56.837;
7;3;93;2:08.855;0;;36.752;0;33.942;0;58.161;0;164.6;3:36:14.680;15:36:50.567;0:36.752;0:33.942;0:58.161;267.3;Lorenzo FLUXA;;LMP2 Pro/Am;;Vector Sport;Oreca;GF;36.752;33.942;58.161;
7;3;94;2:07.431;0;;37.064;0;34.165;0;56.202;0;166.4;3:38:22.111;15:38:57.998;0:37.064;0:34.165;0:56.202;268.0;Lorenzo FLUXA;;LMP2 Pro/Am;;Vector Sport;Oreca;GF;37.064;34.165;56.202;
7;3;95;2:05.580;0;;36.614;0;33.379;1;55.587;0;168.9;3:40:27.691;15:41:03.578;0:36.614;0:33.379;0:55.587;267.3;Lorenzo FLUXA;;LMP2 Pro/Am;;Vector Sport;Oreca;GF;36.614;33.379;55.587;
7;3;96;2:05.620;0;;36.401;0;33.648;0;55.571;0;168.8;3:42:33.311;15:43:09.198;0:36.401;0:33.648;0:55.571;268.0;Lorenzo FLUXA;;LMP2 Pro/Am;;Vector Sport;Oreca;GF;36.401;33.648;55.571;
7;3;97;2:05.398;0;;36.388;0;33.639;0;55.371;0;169.1;3:44:38.709;15:45:14.596;0:36.388;0:33.639;0:55.371;268.0;Lorenzo FLUXA;;LMP2 Pro/Am;;Vector Sport;Oreca;GF;36.388;33.639;55.371;
7;3;98;2:06.979;0;;37.140;0;34.366;0;55.473;0;167.0;3:46:45.688;15:47:21.575;0:37.140;0:34.366;0:55.473;267.3;Lorenzo FLUXA;;LMP2 Pro/Am;;Vector Sport;Oreca;GF;37.140;34.366;55.473;
7;3;99;2:06.742;0;;36.548;0;33.595;0;56.599;0;167.3;3:48:52.430;15:49:28.317;0:36.548;0:33.595;0:56.599;268.0;Lorenzo FLUXA;;LMP2 Pro/Am;;Vector Sport;Oreca;GF;36.548;33.595;56.599;
7;3;100;2:07.328;0;;37.040;0;33.537;0;56.751;0;166.6;3:50:59.758;15:51:35.645;0:37.040;0:33.537;0:56.751;266.7;Lorenzo FLUXA;;LMP2 Pro/Am;;Vector Sport;Oreca;GF;37.040;33.537;56.751;
7;3;101;2:04.925;0;;36.306;0;33.472;0;55.147;1;169.8;3:53:04.683;15:53:40.570;0:36.306;0:33.472;0:55.147;268.0;Lorenzo FLUXA;;LMP2 Pro/Am;;Vector Sport;Oreca;GF;36.306;33.472;55.147;
7;3;102;2:06.900;0;;36.347;0;33.836;0;56.717;0;167.1;3:55:11.583;15:55:47.470;0:36.347;0:33.836;0:56.717;268.7;Lorenzo FLUXA;;LMP2 Pro/Am;;Vector Sport;Oreca;GF;36.347;33.836;56.717;
7;3;103;2:05.381;0;;36.347;0;33.499;0;55.535;0;169.1;3:57:16.964;15:57:52.851;0:36.347;0:33.499;0:55.535;268.0;Lorenzo FLUXA;;LMP2 Pro/Am;;Vector Sport;Oreca;GF;36.347;33.499;55.535;
7;3;104;2:04.927;0;;36.095;0;33.508;0;55.324;0;169.8;3:59:21.891;15:59:57.778;0:36.095;0:33.508;0:55.324;269.3;Lorenzo FLUXA;;LMP2 Pro/Am;;Vector Sport;Oreca;GF;36.095;33.508;55.324;
7;3;105;2:05.764;0;;36.604;0;33.514;0;55.646;0;168.6;4:01:27.655;16:02:03.542;0:36.604;0:33.514;0:55.646;269.3;Lorenzo FLUXA;;LMP2 Pro/Am;;Vector Sport;Oreca;FF;36.604;33.514;55.646;
74;1;1;2:21.390;0;;52.213;0;34.268;0;54.909;0;146.4;2:21.390;12:02:57.277;0:52.213;0:34.268;0:54.909;235.3;Andrew GILBERT;;LMGT3;;Kessel Racing;Ferrari;GF;52.213;34.268;54.909;
74;1;2;2:06.687;0;;38.132;0;33.292;0;55.263;0;167.4;4:28.077;12:05:03.964;0:38.132;0:33.292;0:55.263;239.5;Andrew GILBERT;;LMGT3;;Kessel Racing;Ferrari;GF;38.132;33.292;55.263;
74;1;3;2:04.140;0;;37.683;0;32.493;0;53.964;0;170.8;6:32.217;12:07:08.104;0:37.683;0:32.493;0:53.964;238.4;Andrew GILBERT;;LMGT3;;Kessel Racing;Ferrari;GF;37.683;32.493;53.964;
74;1;4;2:03.862;0;;37.461;0;32.512;0;53.889;0;171.2;8:36.079;12:09:11.966;0:37.461;0:32.512;0:53.889;238.4;Andrew GILBERT;;LMGT3;;Kessel Racing;Ferrari;GF;37.461;32.512;53.889;
74;1;5;2:03.749;0;;37.491;0;32.440;0;53.818;0;171.4;10:39.828;12:11:15.715;0:37.491;0:32.440;0:53.818;236.8;Andrew GILBERT;;LMGT3;;Kessel Racing;Ferrari;GF;37.491;32.440;53.818;
74;1;6;2:05.606;0;;37.485;0;32.615;0;55.506;0;168.8;12:45.434;12:13:21.321;0:37.485;0:32.615;0:55.506;235.8;Andrew GILBERT;;LMGT3;;Kessel Racing;Ferrari;GF;37.485;32.615;55.506;
74;1;7;2:05.563;0;;37.810;0;32.536;0;55.217;0;168.9;14:50.997;12:15:26.884;0:37.810;0:32.536;0:55.217;236.3;Andrew GILBERT;;LMGT3;;Kessel Racing;Ferrari;GF;37.810;32.536;55.217;
74;1;8;2:04.857;0;;37.781;0;32.601;0;54.475;0;169.9;16:55.854;12:17:31.741;0:37.781;0:32.601;0:54.475;236.8;Andrew GILBERT;;LMGT3;;Kessel Racing;Ferrari;GF;37.781;32.601;54.475;
74;1;9;2:05.762;0;;37.923;0;33.439;0;54.400;0;168.6;19:01.616;12:19:37.503;0:37.923;0:33.439;0:54.400;235.3;Andrew GILBERT;;LMGT3;;Kessel Racing;Ferrari;GF;37.923;33.439;54.400;
74;1;10;2:03.915;0;;37.693;0;32.438;0;53.784;0;171.1;21:05.531;12:21:41.418;0:37.693;0:32.438;0:53.784;235.8;Andrew GILBERT;;LMGT3;;Kessel Racing;Ferrari;GF;37.693;32.438;53.784;
74;1;11;2:03.901;0;;37.882;0;32.397;0;53.622;2;171.2;23:09.432;12:23:45.319;0:37.882;0:32.397;0:53.622;235.3;Andrew GILBERT;;LMGT3;;Kessel Racing;Ferrari;GF;37.882;32.397;53.622;
74;1;12;2:03.791;0;;37.698;0;32.243;0;53.850;0;171.3;25:13.223;12:25:49.110;0:37.698;0:32.243;0:53.850;236.3;Andrew GILBERT;;LMGT3;;Kessel Racing;Ferrari;GF;37.698;32.243;53.850;
74;1;13;2:04.345;0;;37.711;0;32.593;0;54.041;0;170.6;27:17.568;12:27:53.455;0:37.711;0:32.593;0:54.041;236.3;Andrew GILBERT;;LMGT3;;Kessel Racing;Ferrari;GF;37.711;32.593;54.041;
74;1;14;2:04.467;0;;37.777;0;32.405;0;54.285;0;170.4;29:22.035;12:29:57.922;0:37.777;0:32.405;0:54.285;236.8;Andrew GILBERT;;LMGT3;;Kessel Racing;Ferrari;GF;37.777;32.405;54.285;
74;1;15;2:04.677;0;;37.598;0;32.471;0;54.608;0;170.1;31:26.712;12:32:02.599;0:37.598;0:32.471;0:54.608;236.3;Andrew GILBERT;;LMGT3;;Kessel Racing;Ferrari;GF;37.598;32.471;54.608;
74;1;16;2:04.161;0;;37.618;0;32.649;0;53.894;0;170.8;33:30.873;12:34:06.760;0:37.618;0:32.649;0:53.894;236.3;Andrew GILBERT;;LMGT3;;Kessel Racing;Ferrari;GF;37.618;32.649;53.894;
74;1;17;2:03.675;0;;37.466;0;32.387;0;53.822;0;171.5;35:34.548;12:36:10.435;0:37.466;0:32.387;0:53.822;236.3;Andrew GILBERT;;LMGT3;;Kessel Racing;Ferrari;GF;37.466;32.387;53.822;
74;1;18;2:04.777;0;;37.992;0;32.320;0;54.465;0;170.0;37:39.325;12:38:15.212;0:37.992;0:32.320;0:54.465;236.8;Andrew GILBERT;;LMGT3;;Kessel Racing;Ferrari;GF;37.992;32.320;54.465;
74;1;19;2:04.713;0;;37.647;0;32.703;0;54.363;0;170.1;39:44.038;12:40:19.925;0:37.647;0:32.703;0:54.363;236.3;Andrew GILBERT;;LMGT3;;Kessel Racing;Ferrari;GF;37.647;32.703;54.363;
74;1;20;2:04.330;0;;37.536;0;32.505;0;54.289;0;170.6;41:48.368;12:42:24.255;0:37.536;0:32.505;0:54.289;237.9;Andrew GILBERT;;LMGT3;;Kessel Racing;Ferrari;GF;37.536;32.505;54.289;
74;1;21;2:04.707;0;;37.719;0;32.484;0;54.504;0;170.1;43:53.075;12:44:28.962;0:37.719;0:32.484;0:54.504;237.4;Andrew GILBERT;;LMGT3;;Kessel Racing;Ferrari;GF;37.719;32.484;54.504;
74;1;22;2:05.024;0;;37.905;0;32.653;0;54.466;0;169.6;45:58.099;12:46:33.986;0:37.905;0:32.653;0:54.466;237.9;Andrew GILBERT;;LMGT3;;Kessel Racing;Ferrari;GF;37.905;32.653;54.466;
74;1;23;2:03.870;0;;37.441;0;32.467;0;53.962;0;171.2;48:01.969;12:48:37.856;0:37.441;0:32.467;0:53.962;237.4;Andrew GILBERT;;LMGT3;;Kessel Racing;Ferrari;GF;37.441;32.467;53.962;
74;1;24;2:04.455;0;;37.709;0;32.469;0;54.277;0;170.4;50:06.424;12:50:42.311;0:37.709;0:32.469;0:54.277;235.8;Andrew GILBERT;;LMGT3;;Kessel Racing;Ferrari;GF;37.709;32.469;54.277;
74;1;25;2:05.328;0;;38.269;0;32.740;0;54.319;0;169.2;52:11.752;12:52:47.639;0:38.269;0:32.740;0:54.319;237.9;Andrew GILBERT;;LMGT3;;Kessel Racing;Ferrari;GF;38.269;32.740;54.319;
74;1;26;2:09.512;0;B;38.110;0;32.534;0;58.868;0;163.8;54:21.264;12:54:57.151;0:38.110;0:32.534;0:58.868;238.4;Andrew GILBERT;;LMGT3;;Kessel Racing;Ferrari;GF;38.110;32.534;58.868;
74;1;27;3:27.580;0;;1:57.617;0;34.117;0;55.846;0;102.2;57:48.844;12:58:24.731;1:57.617;0:34.117;0:55.846;230.8;Andrew GILBERT;0:01:19.644;LMGT3;;Kessel Racing;Ferrari;GF;117.617;34.117;55.846;
74;1;28;2:04.301;0;;37.899;0;32.306;0;54.096;0;170.6;59:53.145;13:00:29.032;0:37.899;0:32.306;0:54.096;234.8;Andrew GILBERT;;LMGT3;;Kessel Racing;Ferrari;GF;37.899;32.306;54.096;
74;1;29;2:03.819;0;;37.253;2;32.086;2;54.480;0;171.3;1:01:56.964;13:02:32.851;0:37.253;0:32.086;0:54.480;236.3;Andrew GILBERT;;LMGT3;;Kessel Racing;Ferrari;GF;37.253;32.086;54.480;
74;1;30;2:03.440;2;;37.520;0;32.235;0;53.685;0;171.8;1:04:00.404;13:04:36.291;0:37.520;0:32.235;0:53.685;235.8;Andrew GILBERT;;LMGT3;;Kessel Racing;Ferrari;GF;37.520;32.235;53.685;
74;1;31;2:04.394;0;;37.960;0;32.466;0;53.968;0;170.5;1:06:04.798;13:06:40.685;0:37.960;0:32.466;0:53.968;234.3;Andrew GILBERT;;LMGT3;;Kessel Racing;Ferrari;GF;37.960;32.466;53.968;
74;1;32;2:03.847;0;;37.775;0;32.253;0;53.819;0;171.2;1:08:08.645;13:08:44.532;0:37.775;0:32.253;0:53.819;236.3;Andrew GILBERT;;LMGT3;;Kessel Racing;Ferrari;GF;37.775;32.253;53.819;
74;1;33;2:05.395;0;;37.725;0;33.352;0;54.318;0;169.1;1:10:14.040;13:10:49.927;0:37.725;0:33.352;0:54.318;237.4;Andrew GILBERT;;LMGT3;;Kessel Racing;Ferrari;GF;37.725;33.352;54.318;
74;1;34;2:05.341;0;;37.862;0;33.382;0;54.097;0;169.2;1:12:19.381;13:12:55.268;0:37.862;0:33.382;0:54.097;234.8;Andrew GILBERT;;LMGT3;;Kessel Racing;Ferrari;GF;37.862;33.382;54.097;
74;1;35;2:04.911;0;;37.481;0;32.600;0;54.830;0;169.8;1:14:24.292;13:15:00.179;0:37.481;0:32.600;0:54.830;237.9;Andrew GILBERT;;LMGT3;;Kessel Racing;Ferrari;GF;37.481;32.600;54.830;
74;1;36;2:06.982;0;;38.930;0;32.756;0;55.296;0;167.0;1:16:31.274;13:17:07.161;0:38.930;0:32.756;0:55.296;235.3;Andrew GILBERT;;LMGT3;;Kessel Racing;Ferrari;GF;38.930;32.756;55.296;
74;1;37;2:06.787;0;;38.896;0;32.614;0;55.277;0;167.3;1:18:38.061;13:19:13.948;0:38.896;0:32.614;0:55.277;233.8;Andrew GILBERT;;LMGT3;;Kessel Racing;Ferrari;GF;38.896;32.614;55.277;
74;1;38;3:16.516;0;;1:06.778;0;1:07.468;0;1:02.270;0;107.9;1:21:54.577;13:22:30.464;1:06.778;1:07.468;1:02.270;;Andrew GILBERT;;LMGT3;;Kessel Racing;Ferrari;GF;66.778;67.468;62.270;
75;1;1;2:20.371;0;;50.836;0;34.249;0;55.286;0;147.4;2:20.371;12:02:56.258;0:50.836;0:34.249;0:55.286;240.0;Matthew KURZEJEWSKI;;LMGT3;;Proton Competition;Porsche;GF;50.836;34.249;55.286;
75;1;2;2:05.526;0;;38.074;0;33.668;0;53.784;0;168.9;4:25.897;12:05:01.784;0:38.074;0:33.668;0:53.784;238.4;Matthew KURZEJEWSKI;;LMGT3;;Proton Competition;Porsche;GF;38.074;33.668;53.784;
75;1;3;2:03.637;0;;37.485;0;32.707;0;53.445;0;171.5;6:29.534;12:07:05.421;0:37.485;0:32.707;0:53.445;241.1;Matthew KURZEJEWSKI;;LMGT3;;Proton Competition;Porsche;GF;37.485;32.707;53.445;
75;1;4;2:03.003;0;;37.364;0;32.313;0;53.326;0;172.4;8:32.537;12:09:08.424;0:37.364;0:32.313;0:53.326;240.0;Matthew KURZEJEWSKI;;LMGT3;;Proton Competition;Porsche;GF;37.364;32.313;53.326;
75;1;5;2:03.104;0;;37.439;0;32.098;0;53.567;0;172.3;10:35.641;12:11:11.528;0:37.439;0:32.098;0:53.567;240.0;Matthew KURZEJEWSKI;;LMGT3;;Proton Competition;Porsche;GF;37.439;32.098;53.567;
75;1;6;2:02.877;0;;37.390;0;32.071;0;53.416;0;172.6;12:38.518;12:13:14.405;0:37.390;0:32.071;0:53.416;239.5;Matthew KURZEJEWSKI;;LMGT3;;Proton Competition;Porsche;GF;37.390;32.071;53.416;
75;1;7;2:03.853;0;;37.539;0;32.315;0;53.999;0;171.2;14:42.371;12:15:18.258;0:37.539;0:32.315;0:53.999;241.6;Matthew KURZEJEWSKI;;LMGT3;;Proton Competition;Porsche;GF;37.539;32.315;53.999;
75;1;8;2:04.290;0;;37.366;0;32.309;0;54.615;0;170.6;16:46.661;12:17:22.548;0:37.366;0:32.309;0:54.615;239.5;Matthew KURZEJEWSKI;;LMGT3;;Proton Competition;Porsche;GF;37.366;32.309;54.615;
75;1;9;2:03.490;0;;37.522;0;32.375;0;53.593;0;171.7;18:50.151;12:19:26.038;0:37.522;0:32.375;0:53.593;239.5;Matthew KURZEJEWSKI;;LMGT3;;Proton Competition;Porsche;GF;37.522;32.375;53.593;
75;1;10;2:03.815;0;;37.326;0;32.211;0;54.278;0;171.3;20:53.966;12:21:29.853;0:37.326;0:32.211;0:54.278;240.5;Matthew KURZEJEWSKI;;LMGT3;;Proton Competition;Porsche;GF;37.326;32.211;54.278;
75;1;11;2:02.676;0;;37.220;0;32.235;0;53.221;0;172.9;22:56.642;12:23:32.529;0:37.220;0:32.235;0:53.221;240.5;Matthew KURZEJEWSKI;;LMGT3;;Proton Competition;Porsche;GF;37.220;32.235;53.221;
75;1;12;2:02.668;0;;37.255;0;32.042;0;53.371;0;172.9;24:59.310;12:25:35.197;0:37.255;0:32.042;0:53.371;240.0;Matthew KURZEJEWSKI;;LMGT3;;Proton Competition;Porsche;GF;37.255;32.042;53.371;
75;1;13;2:02.615;0;;37.152;0;32.395;0;53.068;0;173.0;27:01.925;12:27:37.812;0:37.152;0:32.395;0:53.068;241.6;Matthew KURZEJEWSKI;;LMGT3;;Proton Competition;Porsche;GF;37.152;32.395;53.068;
75;1;14;2:03.686;0;;37.520;0;32.471;0;53.695;0;171.5;29:05.611;12:29:41.498;0:37.520;0:32.471;0:53.695;239.5;Matthew KURZEJEWSKI;;LMGT3;;Proton Competition;Porsche;GF;37.520;32.471;53.695;
75;1;15;2:03.007;0;;37.625;0;32.063;0;53.319;0;172.4;31:08.618;12:31:44.505;0:37.625;0:32.063;0:53.319;240.5;Matthew KURZEJEWSKI;;LMGT3;;Proton Competition;Porsche;GF;37.625;32.063;53.319;
75;1;16;2:03.298;0;;37.565;0;32.270;0;53.463;0;172.0;33:11.916;12:33:47.803;0:37.565;0:32.270;0:53.463;240.5;Matthew KURZEJEWSKI;;LMGT3;;Proton Competition;Porsche;GF;37.565;32.270;53.463;
75;1;17;2:03.435;0;;37.876;0;32.309;0;53.250;0;171.8;35:15.351;12:35:51.238;0:37.876;0:32.309;0:53.250;240.0;Matthew KURZEJEWSKI;;LMGT3;;Proton Competition;Porsche;GF;37.876;32.309;53.250;
75;1;18;2:03.602;0;;37.669;0;32.426;0;53.507;0;171.6;37:18.953;12:37:54.840;0:37.669;0:32.426;0:53.507;238.9;Matthew KURZEJEWSKI;;LMGT3;;Proton Competition;Porsche;GF;37.669;32.426;53.507;
75;1;19;2:02.525;0;;37.218;0;32.292;0;53.015;2;173.1;39:21.478;12:39:57.365;0:37.218;0:32.292;0:53.015;238.9;Matthew KURZEJEWSKI;;LMGT3;;Proton Competition;Porsche;GF;37.218;32.292;53.015;
75;1;20;2:03.322;0;;37.677;0;32.313;0;53.332;0;172.0;41:24.800;12:42:00.687;0:37.677;0:32.313;0:53.332;239.5;Matthew KURZEJEWSKI;;LMGT3;;Proton Competition;Porsche;GF;37.677;32.313;53.332;
75;1;21;2:03.364;0;;37.324;0;32.418;0;53.622;0;171.9;43:28.164;12:44:04.051;0:37.324;0:32.418;0:53.622;238.9;Matthew KURZEJEWSKI;;LMGT3;;Proton Competition;Porsche;GF;37.324;32.418;53.622;
75;1;22;2:03.687;0;;37.527;0;32.159;0;54.001;0;171.5;45:31.851;12:46:07.738;0:37.527;0:32.159;0:54.001;240.0;Matthew KURZEJEWSKI;;LMGT3;;Proton Competition;Porsche;GF;37.527;32.159;54.001;
75;1;23;2:03.533;0;;37.296;0;32.399;0;53.838;0;171.7;47:35.384;12:48:11.271;0:37.296;0:32.399;0:53.838;241.1;Matthew KURZEJEWSKI;;LMGT3;;Proton Competition;Porsche;GF;37.296;32.399;53.838;
75;1;24;2:03.073;0;;37.395;0;32.033;0;53.645;0;172.3;49:38.457;12:50:14.344;0:37.395;0:32.033;0:53.645;240.5;Matthew KURZEJEWSKI;;LMGT3;;Proton Competition;Porsche;GF;37.395;32.033;53.645;
75;1;25;2:02.815;0;;37.212;0;32.256;0;53.347;0;172.7;51:41.272;12:52:17.159;0:37.212;0:32.256;0:53.347;238.4;Matthew KURZEJEWSKI;;LMGT3;;Proton Competition;Porsche;GF;37.212;32.256;53.347;
75;1;26;2:03.642;0;;37.479;0;32.133;0;54.030;0;171.5;53:44.914;12:54:20.801;0:37.479;0:32.133;0:54.030;239.5;Matthew KURZEJEWSKI;;LMGT3;;Proton Competition;Porsche;GF;37.479;32.133;54.030;
75;1;27;2:07.120;0;B;37.369;0;32.603;0;57.148;0;166.8;55:52.034;12:56:27.921;0:37.369;0:32.603;0:57.148;241.6;Matthew KURZEJEWSKI;;LMGT3;;Proton Competition;Porsche;GF;37.369;32.603;57.148;
75;1;28;3:37.058;0;;2:07.980;0;33.948;0;55.130;0;97.7;59:29.092;13:00:04.979;2:07.980;0:33.948;0:55.130;232.8;Matthew KURZEJEWSKI;0:01:31.773;LMGT3;;Proton Competition;Porsche;GF;127.980;33.948;55.130;
75;1;29;2:03.399;0;;37.523;0;32.675;0;53.201;0;171.9;1:01:32.491;13:02:08.378;0:37.523;0:32.675;0:53.201;237.9;Matthew KURZEJEWSKI;;LMGT3;;Proton Competition;Porsche;GF;37.523;32.675;53.201;
75;1;30;2:02.061;2;;37.125;0;31.838;2;53.098;0;173.7;1:03:34.552;13:04:10.439;0:37.125;0:31.838;0:53.098;238.9;Matthew KURZEJEWSKI;;LMGT3;;Proton Competition;Porsche;GF;37.125;31.838;53.098;
75;1;31;2:02.138;0;;37.054;2;32.032;0;53.052;0;173.6;1:05:36.690;13:06:12.577;0:37.054;0:32.032;0:53.052;236.8;Matthew KURZEJEWSKI;;LMGT3;;Proton Competition;Porsche;GF;37.054;32.032;53.052;
75;1;32;2:02.433;0;;37.083;0;32.064;0;53.286;0;173.2;1:07:39.123;13:08:15.010;0:37.083;0:32.064;0:53.286;236.8;Matthew KURZEJEWSKI;;LMGT3;;Proton Competition;Porsche;GF;37.083;32.064;53.286;
75;1;33;2:02.679;0;;37.158;0;32.062;0;53.459;0;172.9;1:09:41.802;13:10:17.689;0:37.158;0:32.062;0:53.459;237.9;Matthew KURZEJEWSKI;;LMGT3;;Proton Competition;Porsche;GF;37.158;32.062;53.459;
75;1;34;2:04.192;0;;37.464;0;32.653;0;54.075;0;170.8;1:11:45.994;13:12:21.881;0:37.464;0:32.653;0:54.075;236.8;Matthew KURZEJEWSKI;;LMGT3;;Proton Competition;Porsche;GF;37.464;32.653;54.075;
75;1;35;2:04.144;0;;38.136;0;32.318;0;53.690;0;170.8;1:13:50.138;13:14:26.025;0:38.136;0:32.318;0:53.690;238.4;Matthew KURZEJEWSKI;;LMGT3;;Proton Competition;Porsche;GF;38.136;32.318;53.690;
75;1;36;2:03.764;0;;38.226;0;32.191;0;53.347;0;171.4;1:15:53.902;13:16:29.789;0:38.226;0:32.191;0:53.347;240.0;Matthew KURZEJEWSKI;;LMGT3;;Proton Competition;Porsche;GF;38.226;32.191;53.347;
75;1;37;2:07.398;0;;38.331;0;33.718;0;55.349;0;166.5;1:18:01.300;13:18:37.187;0:38.331;0:33.718;0:55.349;237.4;Matthew KURZEJEWSKI;;LMGT3;;Proton Competition;Porsche;GF;38.331;33.718;55.349;
75;1;38;3:03.749;0;;38.555;0;50.534;0;1:34.660;0;115.4;1:21:05.049;13:21:40.936;0:38.555;0:50.534;1:34.660;236.8;Matthew KURZEJEWSKI;;LMGT3;;Proton Competition;Porsche;GF;38.555;50.534;94.660;
75;1;39;2:17.301;0;;38.476;0;32.556;0;1:06.269;0;154.5;1:23:22.350;13:23:58.237;0:38.476;0:32.556;1:06.269;243.2;Matthew KURZEJEWSKI;;LMGT3;;Proton Competition;Porsche;GF;38.476;32.556;66.269;
75;1;40;3:27.460;0;;42.614;0;1:00.226;0;1:44.620;0;102.2;1:26:49.810;13:27:25.697;0:42.614;1:00.226;1:44.620;237.4;Matthew KURZEJEWSKI;;LMGT3;;Proton Competition;Porsche;GF;42.614;60.226;104.620;
75;1;41;5:05.016;0;B;1:36.136;0;1:29.955;0;1:58.925;0;69.5;1:31:54.826;13:32:30.713;1:36.136;1:29.955;1:58.925;;Matthew KURZEJEWSKI;;LMGT3;;Proton Competition;Porsche;GF;96.136;89.955;118.925;
75;3;42;4:12.968;0;;2:15.618;0;49.143;0;1:08.207;0;83.8;1:36:07.794;13:36:43.681;2:15.618;0:49.143;1:08.207;;Richard LIETZ;0:01:00.438;LMGT3;;Proton Competition;Porsche;SF;135.618;49.143;68.207;
75;3;43;3:42.793;0;;1:06.183;0;1:01.525;0;1:35.085;0;95.2;1:39:50.587;13:40:26.474;1:06.183;1:01.525;1:35.085;;Richard LIETZ;;LMGT3;;Proton Competition;Porsche;SF;66.183;61.525;95.085;
75;3;44;4:14.840;0;;1:28.743;0;1:05.008;0;1:41.089;0;83.2;1:44:05.427;13:44:41.314;1:28.743;1:05.008;1:41.089;;Richard LIETZ;;LMGT3;;Proton Competition;Porsche;SF;88.743;65.008;101.089;
75;3;45;2:54.896;0;;52.992;0;49.396;0;1:12.508;0;121.3;1:47:00.323;13:47:36.210;0:52.992;0:49.396;1:12.508;187.5;Richard LIETZ;;LMGT3;;Proton Competition;Porsche;SF;52.992;49.396;72.508;
75;3;46;2:44.249;0;;49.023;0;45.950;0;1:09.276;0;129.1;1:49:44.572;13:50:20.459;0:49.023;0:45.950;1:09.276;175.6;Richard LIETZ;;LMGT3;;Proton Competition;Porsche;SF;49.023;45.950;69.276;
75;3;47;2:51.970;0;;45.851;0;44.098;0;1:22.021;0;123.3;1:52:36.542;13:53:12.429;0:45.851;0:44.098;1:22.021;209.7;Richard LIETZ;;LMGT3;;Proton Competition;Porsche;SF;45.851;44.098;82.021;
75;3;48;2:40.583;0;;47.116;0;43.086;0;1:10.381;0;132.1;1:55:17.125;13:55:53.012;0:47.116;0:43.086;1:10.381;225.5;Richard LIETZ;;LMGT3;;Proton Competition;Porsche;SF;47.116;43.086;70.381;
75;3;49;2:36.290;0;;44.462;0;40.422;0;1:11.406;0;135.7;1:57:53.415;13:58:29.302;0:44.462;0:40.422;1:11.406;210.1;Richard LIETZ;;LMGT3;;Proton Competition;Porsche;SF;44.462;40.422;71.406;
75;3;50;2:48.683;0;;51.592;0;44.580;0;1:12.511;0;125.7;2:00:42.098;14:01:17.985;0:51.592;0:44.580;1:12.511;172.0;Richard LIETZ;;LMGT3;;Proton Competition;Porsche;SF;51.592;44.580;72.511;
75;3;51;2:49.829;0;;51.048;0;46.286;0;1:12.495;0;124.9;2:03:31.927;14:04:07.814;0:51.048;0:46.286;1:12.495;173.1;Richard LIETZ;;LMGT3;;Proton Competition;Porsche;SF;51.048;46.286;72.495;
75;3;52;3:03.427;0;;57.609;0;50.680;0;1:15.138;0;115.6;2:06:35.354;14:07:11.241;0:57.609;0:50.680;1:15.138;126.6;Richard LIETZ;;LMGT3;;Proton Competition;Porsche;SF;57.609;50.680;75.138;
75;3;53;3:05.744;0;;51.711;0;45.362;0;1:28.671;0;114.2;2:09:41.098;14:10:16.985;0:51.711;0:45.362;1:28.671;191.5;Richard LIETZ;;LMGT3;;Proton Competition;Porsche;GF;51.711;45.362;88.671;
75;3;54;2:28.854;0;;43.256;0;40.415;0;1:05.183;0;142.5;2:12:09.952;14:12:45.839;0:43.256;0:40.415;1:05.183;232.3;Richard LIETZ;;LMGT3;;Proton Competition;Porsche;GF;43.256;40.415;65.183;
75;3;55;2:28.199;0;;42.765;0;40.378;0;1:05.056;0;143.1;2:14:38.151;14:15:14.038;0:42.765;0:40.378;1:05.056;230.8;Richard LIETZ;;LMGT3;;Proton Competition;Porsche;GF;42.765;40.378;65.056;
75;3;56;2:28.699;0;;43.870;0;39.843;0;1:04.986;0;142.6;2:17:06.850;14:17:42.737;0:43.870;0:39.843;1:04.986;232.8;Richard LIETZ;;LMGT3;;Proton Competition;Porsche;GF;43.870;39.843;64.986;
75;3;57;2:27.978;0;;43.754;0;39.625;0;1:04.599;0;143.3;2:19:34.828;14:20:10.715;0:43.754;0:39.625;1:04.599;230.8;Richard LIETZ;;LMGT3;;Proton Competition;Porsche;GF;43.754;39.625;64.599;
75;3;58;2:25.973;0;;42.805;0;39.068;1;1:04.100;1;145.3;2:22:00.801;14:22:36.688;0:42.805;0:39.068;1:04.100;232.3;Richard LIETZ;;LMGT3;;Proton Competition;Porsche;GF;42.805;39.068;64.100;
75;3;59;2:30.206;0;B;42.701;1;39.113;0;1:08.392;0;141.2;2:24:31.007;14:25:06.894;0:42.701;0:39.113;1:08.392;230.8;Richard LIETZ;;LMGT3;;Proton Competition;Porsche;GF;42.701;39.113;68.392;
75;2;60;3:17.840;0;;1:40.285;0;37.628;0;59.927;0;107.2;2:27:48.847;14:28:24.734;1:40.285;0:37.628;0:59.927;231.8;Thomas SARGENT;0:01:02.952;LMGT3;;Proton Competition;Porsche;GF;100.285;37.628;59.927;
75;2;61;2:16.703;0;;41.191;0;36.343;0;59.169;1;155.1;2:30:05.550;14:30:41.437;0:41.191;0:36.343;0:59.169;234.3;Thomas SARGENT;;LMGT3;;Proton Competition;Porsche;GF;41.191;36.343;59.169;
75;2;62;2:17.300;0;;41.456;0;36.434;0;59.410;0;154.5;2:32:22.850;14:32:58.737;0:41.456;0:36.434;0:59.410;233.8;Thomas SARGENT;;LMGT3;;Proton Competition;Porsche;GF;41.456;36.434;59.410;
75;2;63;2:18.104;0;;41.424;0;36.355;0;1:00.325;0;153.6;2:34:40.954;14:35:16.841;0:41.424;0:36.355;1:00.325;234.8;Thomas SARGENT;;LMGT3;;Proton Competition;Porsche;GF;41.424;36.355;60.325;
75;2;64;2:18.087;0;;41.819;0;36.296;0;59.972;0;153.6;2:36:59.041;14:37:34.928;0:41.819;0:36.296;0:59.972;233.8;Thomas SARGENT;;LMGT3;;Proton Competition;Porsche;GF;41.819;36.296;59.972;
75;2;65;2:32.993;0;;41.715;0;37.753;0;1:13.525;0;138.6;2:39:32.034;14:40:07.921;0:41.715;0:37.753;1:13.525;229.8;Thomas SARGENT;;LMGT3;;Proton Competition;Porsche;FCY;41.715;37.753;73.525;
75;2;66;4:24.321;0;;1:31.473;0;1:07.861;0;1:44.987;0;80.2;2:43:56.355;14:44:32.242;1:31.473;1:07.861;1:44.987;;Thomas SARGENT;;LMGT3;;Proton Competition;Porsche;FCY;91.473;67.861;104.987;
75;2;67;3:03.087;0;;1:23.872;0;38.925;0;1:00.290;0;115.8;2:46:59.442;14:47:35.329;1:23.872;0:38.925;1:00.290;190.8;Thomas SARGENT;;LMGT3;;Proton Competition;Porsche;GF;83.872;38.925;60.290;
75;2;68;2:19.796;0;;41.576;0;37.716;0;1:00.504;0;151.7;2:49:19.238;14:49:55.125;0:41.576;0:37.716;1:00.504;232.3;Thomas SARGENT;;LMGT3;;Proton Competition;Porsche;GF;41.576;37.716;60.504;
75;2;69;2:31.064;0;;42.192;0;37.657;0;1:11.215;0;140.4;2:51:50.302;14:52:26.189;0:42.192;0:37.657;1:11.215;233.3;Thomas SARGENT;;LMGT3;;Proton Competition;Porsche;FCY;42.192;37.657;71.215;
75;2;70;4:28.665;0;;1:33.113;0;1:08.850;0;1:46.702;0;78.9;2:56:18.967;14:56:54.854;1:33.113;1:08.850;1:46.702;;Thomas SARGENT;;LMGT3;;Proton Competition;Porsche;FCY;93.113;68.850;106.702;
75;2;71;4:07.729;0;;1:33.174;0;1:08.990;0;1:25.565;0;85.6;3:00:26.696;15:01:02.583;1:33.174;1:08.990;1:25.565;;Thomas SARGENT;;LMGT3;;Proton Competition;Porsche;GF;93.174;68.990;85.565;
75;2;72;2:18.955;0;;41.504;0;37.154;0;1:00.297;0;152.6;3:02:45.651;15:03:21.538;0:41.504;0:37.154;1:00.297;234.3;Thomas SARGENT;;LMGT3;;Proton Competition;Porsche;GF;41.504;37.154;60.297;
75;2;73;2:20.642;0;;42.372;0;37.852;0;1:00.418;0;150.8;3:05:06.293;15:05:42.180;0:42.372;0:37.852;1:00.418;234.3;Thomas SARGENT;;LMGT3;;Proton Competition;Porsche;GF;42.372;37.852;60.418;
75;2;74;2:18.905;0;;41.650;0;37.135;0;1:00.120;0;152.7;3:07:25.198;15:08:01.085;0:41.650;0:37.135;1:00.120;233.3;Thomas SARGENT;;LMGT3;;Proton Competition;Porsche;GF;41.650;37.135;60.120;
75;2;75;2:21.050;0;;42.448;0;38.312;0;1:00.290;0;150.4;3:09:46.248;15:10:22.135;0:42.448;0:38.312;1:00.290;234.3;Thomas SARGENT;;LMGT3;;Proton Competition;Porsche;GF;42.448;38.312;60.290;
75;2;76;2:18.816;0;;41.800;0;36.948;0;1:00.068;0;152.8;3:12:05.064;15:12:40.951;0:41.800;0:36.948;1:00.068;234.3;Thomas SARGENT;;LMGT3;;Proton Competition;Porsche;GF;41.800;36.948;60.068;
75;2;77;2:19.811;0;;41.646;0;37.151;0;1:01.014;0;151.7;3:14:24.875;15:15:00.762;0:41.646;0:37.151;1:01.014;237.4;Thomas SARGENT;;LMGT3;;Proton Competition;Porsche;GF;41.646;37.151;61.014;
75;2;78;2:19.728;0;;42.182;0;36.966;0;1:00.580;0;151.8;3:16:44.603;15:17:20.490;0:42.182;0:36.966;1:00.580;236.3;Thomas SARGENT;;LMGT3;;Proton Competition;Porsche;GF;42.182;36.966;60.580;
75;2;79;2:19.306;0;;41.731;0;36.817;0;1:00.758;0;152.2;3:19:03.909;15:19:39.796;0:41.731;0:36.817;1:00.758;236.3;Thomas SARGENT;;LMGT3;;Proton Competition;Porsche;GF;41.731;36.817;60.758;
75;2;80;2:19.246;0;;41.585;0;37.419;0;1:00.242;0;152.3;3:21:23.155;15:21:59.042;0:41.585;0:37.419;1:00.242;238.4;Thomas SARGENT;;LMGT3;;Proton Competition;Porsche;GF;41.585;37.419;60.242;
75;2;81;2:17.750;0;;41.412;0;36.597;0;59.741;0;154.0;3:23:40.905;15:24:16.792;0:41.412;0:36.597;0:59.741;235.8;Thomas SARGENT;;LMGT3;;Proton Competition;Porsche;GF;41.412;36.597;59.741;
75;2;82;2:17.187;0;;41.171;0;36.474;0;59.542;0;154.6;3:25:58.092;15:26:33.979;0:41.171;0:36.474;0:59.542;235.8;Thomas SARGENT;;LMGT3;;Proton Competition;Porsche;GF;41.171;36.474;59.542;
75;2;83;2:17.032;0;;41.002;0;36.552;0;59.478;0;154.8;3:28:15.124;15:28:51.011;0:41.002;0:36.552;0:59.478;236.8;Thomas SARGENT;;LMGT3;;Proton Competition;Porsche;GF;41.002;36.552;59.478;
75;2;84;2:19.111;0;;41.733;0;37.225;0;1:00.153;0;152.5;3:30:34.235;15:31:10.122;0:41.733;0:37.225;1:00.153;235.8;Thomas SARGENT;;LMGT3;;Proton Competition;Porsche;GF;41.733;37.225;60.153;
75;2;85;2:18.402;0;;41.386;0;36.841;0;1:00.175;0;153.2;3:32:52.637;15:33:28.524;0:41.386;0:36.841;1:00.175;237.4;Thomas SARGENT;;LMGT3;;Proton Competition;Porsche;GF;41.386;36.841;60.175;
75;2;86;2:19.577;0;;41.324;0;37.302;0;1:00.951;0;151.9;3:35:12.214;15:35:48.101;0:41.324;0:37.302;1:00.951;236.8;Thomas SARGENT;;LMGT3;;Proton Competition;Porsche;GF;41.324;37.302;60.951;
75;2;87;2:18.327;0;;41.288;0;36.684;0;1:00.355;0;153.3;3:37:30.541;15:38:06.428;0:41.288;0:36.684;1:00.355;236.8;Thomas SARGENT;;LMGT3;;Proton Competition;Porsche;GF;41.288;36.684;60.355;
75;2;88;2:18.513;0;;41.763;0;36.428;0;1:00.322;0;153.1;3:39:49.054;15:40:24.941;0:41.763;0:36.428;1:00.322;238.4;Thomas SARGENT;;LMGT3;;Proton Competition;Porsche;GF;41.763;36.428;60.322;
75;2;89;2:21.592;0;B;40.965;0;36.403;0;1:04.224;0;149.8;3:42:10.646;15:42:46.533;0:40.965;0:36.403;1:04.224;236.3;Thomas SARGENT;;LMGT3;;Proton Competition;Porsche;GF;40.965;36.403;64.224;
75;2;90;2:54.331;0;;1:18.210;0;36.088;1;1:00.033;0;121.7;3:45:04.977;15:45:40.864;1:18.210;0:36.088;1:00.033;232.3;Thomas SARGENT;0:00:42.346;LMGT3;;Proton Competition;Porsche;GF;78.210;36.088;60.033;
75;2;91;2:18.197;0;;41.445;0;36.455;0;1:00.297;0;153.5;3:47:23.174;15:47:59.061;0:41.445;0:36.455;1:00.297;235.8;Thomas SARGENT;;LMGT3;;Proton Competition;Porsche;GF;41.445;36.455;60.297;
75;2;92;2:17.322;0;;41.072;0;36.428;0;59.822;0;154.4;3:49:40.496;15:50:16.383;0:41.072;0:36.428;0:59.822;233.8;Thomas SARGENT;;LMGT3;;Proton Competition;Porsche;GF;41.072;36.428;59.822;
75;2;93;2:16.985;0;;40.884;0;36.293;0;59.808;0;154.8;3:51:57.481;15:52:33.368;0:40.884;0:36.293;0:59.808;234.3;Thomas SARGENT;;LMGT3;;Proton Competition;Porsche;GF;40.884;36.293;59.808;
75;2;94;2:16.973;0;;41.003;0;36.263;0;59.707;0;154.8;3:54:14.454;15:54:50.341;0:41.003;0:36.263;0:59.707;235.8;Thomas SARGENT;;LMGT3;;Proton Competition;Porsche;GF;41.003;36.263;59.707;
75;2;95;2:17.593;0;;40.859;0;36.429;0;1:00.305;0;154.1;3:56:32.047;15:57:07.934;0:40.859;0:36.429;1:00.305;234.8;Thomas SARGENT;;LMGT3;;Proton Competition;Porsche;GF;40.859;36.429;60.305;
75;2;96;2:17.813;0;;40.841;0;36.552;0;1:00.420;0;153.9;3:58:49.860;15:59:25.747;0:40.841;0:36.552;1:00.420;234.8;Thomas SARGENT;;LMGT3;;Proton Competition;Porsche;GF;40.841;36.552;60.420;
75;2;97;2:18.846;0;;40.540;1;37.147;0;1:01.159;0;152.7;4:01:08.706;16:01:44.593;0:40.540;0:37.147;1:01.159;235.8;Thomas SARGENT;;LMGT3;;Proton Competition;Porsche;FF;40.540;37.147;61.159;
77;1;1;2:21.043;0;;51.892;0;34.267;0;54.884;0;146.7;2:21.043;12:02:56.930;0:51.892;0:34.267;0:54.884;240.5;Martin BERRY;;LMGT3;;Proton Competition;Porsche;GF;51.892;34.267;54.884;
77;1;2;2:06.717;0;;38.137;0;33.318;0;55.262;0;167.4;4:27.760;12:05:03.647;0:38.137;0:33.318;0:55.262;242.7;Martin BERRY;;LMGT3;;Proton Competition;Porsche;GF;38.137;33.318;55.262;
77;1;3;2:03.166;0;;37.396;0;32.194;0;53.576;0;172.2;6:30.926;12:07:06.813;0:37.396;0:32.194;0:53.576;242.7;Martin BERRY;;LMGT3;;Proton Competition;Porsche;GF;37.396;32.194;53.576;
77;1;4;2:03.653;0;;37.389;0;32.492;0;53.772;0;171.5;8:34.579;12:09:10.466;0:37.389;0:32.492;0:53.772;242.2;Martin BERRY;;LMGT3;;Proton Competition;Porsche;GF;37.389;32.492;53.772;
77;1;5;2:03.276;0;;37.422;0;32.359;0;53.495;0;172.0;10:37.855;12:11:13.742;0:37.422;0:32.359;0:53.495;240.5;Martin BERRY;;LMGT3;;Proton Competition;Porsche;GF;37.422;32.359;53.495;
77;1;6;2:03.599;0;;37.246;0;32.360;0;53.993;0;171.6;12:41.454;12:13:17.341;0:37.246;0:32.360;0:53.993;241.6;Martin BERRY;;LMGT3;;Proton Competition;Porsche;GF;37.246;32.360;53.993;
77;1;7;2:16.244;0;;38.194;0;32.269;0;1:05.781;0;155.7;14:57.698;12:15:33.585;0:38.194;0:32.269;1:05.781;241.6;Martin BERRY;;LMGT3;;Proton Competition;Porsche;GF;38.194;32.269;65.781;
77;1;8;2:04.643;0;;38.408;0;32.297;0;53.938;0;170.1;17:02.341;12:17:38.228;0:38.408;0:32.297;0:53.938;239.5;Martin BERRY;;LMGT3;;Proton Competition;Porsche;GF;38.408;32.297;53.938;
77;1;9;2:04.221;0;;37.551;0;32.227;0;54.443;0;170.7;19:06.562;12:19:42.449;0:37.551;0:32.227;0:54.443;240.0;Martin BERRY;;LMGT3;;Proton Competition;Porsche;GF;37.551;32.227;54.443;
77;1;10;2:04.361;0;;37.648;0;32.570;0;54.143;0;170.5;21:10.923;12:21:46.810;0:37.648;0:32.570;0:54.143;240.0;Martin BERRY;;LMGT3;;Proton Competition;Porsche;GF;37.648;32.570;54.143;
77;1;11;2:03.760;0;;38.093;0;32.285;0;53.382;2;171.4;23:14.683;12:23:50.570;0:38.093;0:32.285;0:53.382;237.4;Martin BERRY;;LMGT3;;Proton Competition;Porsche;GF;38.093;32.285;53.382;
77;1;12;2:03.005;0;;37.160;2;32.096;0;53.749;0;172.4;25:17.688;12:25:53.575;0:37.160;0:32.096;0:53.749;239.5;Martin BERRY;;LMGT3;;Proton Competition;Porsche;GF;37.160;32.096;53.749;
77;1;13;2:03.460;0;;37.796;0;32.177;0;53.487;0;171.8;27:21.148;12:27:57.035;0:37.796;0:32.177;0:53.487;240.0;Martin BERRY;;LMGT3;;Proton Competition;Porsche;GF;37.796;32.177;53.487;
77;1;14;2:02.963;2;;37.239;0;32.220;0;53.504;0;172.5;29:24.111;12:29:59.998;0:37.239;0:32.220;0:53.504;240.5;Martin BERRY;;LMGT3;;Proton Competition;Porsche;GF;37.239;32.220;53.504;
77;1;15;2:04.559;0;;37.286;0;32.146;0;55.127;0;170.3;31:28.670;12:32:04.557;0:37.286;0:32.146;0:55.127;241.1;Martin BERRY;;LMGT3;;Proton Competition;Porsche;GF;37.286;32.146;55.127;
77;1;16;2:04.003;0;;37.362;0;32.554;0;54.087;0;171.0;33:32.673;12:34:08.560;0:37.362;0:32.554;0:54.087;241.6;Martin BERRY;;LMGT3;;Proton Competition;Porsche;GF;37.362;32.554;54.087;
77;1;17;2:04.727;0;;37.372;0;32.327;0;55.028;0;170.0;35:37.400;12:36:13.287;0:37.372;0:32.327;0:55.028;241.1;Martin BERRY;;LMGT3;;Proton Competition;Porsche;GF;37.372;32.327;55.028;
77;1;18;2:03.697;0;;37.361;0;32.347;0;53.989;0;171.4;37:41.097;12:38:16.984;0:37.361;0:32.347;0:53.989;240.5;Martin BERRY;;LMGT3;;Proton Competition;Porsche;GF;37.361;32.347;53.989;
77;1;19;2:04.324;0;;37.560;0;32.559;0;54.205;0;170.6;39:45.421;12:40:21.308;0:37.560;0:32.559;0:54.205;242.7;Martin BERRY;;LMGT3;;Proton Competition;Porsche;GF;37.560;32.559;54.205;
77;1;20;2:06.416;0;;37.667;0;33.793;0;54.956;0;167.8;41:51.837;12:42:27.724;0:37.667;0:33.793;0:54.956;241.1;Martin BERRY;;LMGT3;;Proton Competition;Porsche;GF;37.667;33.793;54.956;
77;1;21;2:03.782;0;;37.528;0;32.709;0;53.545;0;171.3;43:55.619;12:44:31.506;0:37.528;0:32.709;0:53.545;238.9;Martin BERRY;;LMGT3;;Proton Competition;Porsche;GF;37.528;32.709;53.545;
77;1;22;2:04.133;0;;37.500;0;32.447;0;54.186;0;170.8;45:59.752;12:46:35.639;0:37.500;0:32.447;0:54.186;243.2;Martin BERRY;;LMGT3;;Proton Competition;Porsche;GF;37.500;32.447;54.186;
77;1;23;2:03.969;0;;37.444;0;32.222;0;54.303;0;171.1;48:03.721;12:48:39.608;0:37.444;0:32.222;0:54.303;242.7;Martin BERRY;;LMGT3;;Proton Competition;Porsche;GF;37.444;32.222;54.303;
77;1;24;2:04.421;0;;37.576;0;32.377;0;54.468;0;170.5;50:08.142;12:50:44.029;0:37.576;0:32.377;0:54.468;243.8;Martin BERRY;;LMGT3;;Proton Competition;Porsche;GF;37.576;32.377;54.468;
77;1;25;2:07.058;0;;38.502;0;32.718;0;55.838;0;166.9;52:15.200;12:52:51.087;0:38.502;0:32.718;0:55.838;242.7;Martin BERRY;;LMGT3;;Proton Competition;Porsche;GF;38.502;32.718;55.838;
77;1;26;2:10.674;0;B;37.848;0;33.132;0;59.694;0;162.3;54:25.874;12:55:01.761;0:37.848;0:33.132;0:59.694;243.8;Martin BERRY;;LMGT3;;Proton Competition;Porsche;GF;37.848;33.132;59.694;
77;1;27;3:25.208;0;;1:57.952;0;33.217;0;54.039;0;103.3;57:51.082;12:58:26.969;1:57.952;0:33.217;0:54.039;235.8;Martin BERRY;0:01:22.519;LMGT3;;Proton Competition;Porsche;GF;117.952;33.217;54.039;
77;1;28;2:03.103;0;;37.478;0;32.163;0;53.462;0;172.3;59:54.185;13:00:30.072;0:37.478;0:32.163;0:53.462;240.0;Martin BERRY;;LMGT3;;Proton Competition;Porsche;GF;37.478;32.163;53.462;
77;1;29;2:03.930;0;;37.310;0;32.076;0;54.544;0;171.1;1:01:58.115;13:02:34.002;0:37.310;0:32.076;0:54.544;240.5;Martin BERRY;;LMGT3;;Proton Competition;Porsche;GF;37.310;32.076;54.544;
77;1;30;2:03.395;0;;37.170;0;32.027;2;54.198;0;171.9;1:04:01.510;13:04:37.397;0:37.170;0:32.027;0:54.198;241.1;Martin BERRY;;LMGT3;;Proton Competition;Porsche;GF;37.170;32.027;54.198;
77;1;31;2:04.133;0;;37.410;0;32.793;0;53.930;0;170.8;1:06:05.643;13:06:41.530;0:37.410;0:32.793;0:53.930;240.5;Martin BERRY;;LMGT3;;Proton Competition;Porsche;GF;37.410;32.793;53.930;
77;1;32;2:04.246;0;;37.485;0;32.275;0;54.486;0;170.7;1:08:09.889;13:08:45.776;0:37.485;0:32.275;0:54.486;240.0;Martin BERRY;;LMGT3;;Proton Competition;Porsche;GF;37.485;32.275;54.486;
77;1;33;2:05.523;0;;37.777;0;32.862;0;54.884;0;169.0;1:10:15.412;13:10:51.299;0:37.777;0:32.862;0:54.884;241.1;Martin BERRY;;LMGT3;;Proton Competition;Porsche;GF;37.777;32.862;54.884;
77;1;34;2:04.475;0;;37.789;0;32.445;0;54.241;0;170.4;1:12:19.887;13:12:55.774;0:37.789;0:32.445;0:54.241;241.6;Martin BERRY;;LMGT3;;Proton Competition;Porsche;GF;37.789;32.445;54.241;
77;1;35;2:06.009;0;;38.379;0;32.605;0;55.025;0;168.3;1:14:25.896;13:15:01.783;0:38.379;0:32.605;0:55.025;241.1;Martin BERRY;;LMGT3;;Proton Competition;Porsche;GF;38.379;32.605;55.025;
77;1;36;2:08.204;0;;39.140;0;33.730;0;55.334;0;165.4;1:16:34.100;13:17:09.987;0:39.140;0:33.730;0:55.334;241.1;Martin BERRY;;LMGT3;;Proton Competition;Porsche;GF;39.140;33.730;55.334;
77;1;37;2:05.553;0;;38.192;0;32.481;0;54.880;0;168.9;1:18:39.653;13:19:15.540;0:38.192;0:32.481;0:54.880;243.2;Martin BERRY;;LMGT3;;Proton Competition;Porsche;GF;38.192;32.481;54.880;
77;1;38;3:15.904;0;;1:10.515;0;1:06.707;0;58.682;0;108.3;1:21:55.557;13:22:31.444;1:10.515;1:06.707;0:58.682;;Martin BERRY;;LMGT3;;Proton Competition;Porsche;GF;70.515;66.707;58.682;
77;1;39;2:27.959;0;;39.357;0;35.122;0;1:13.480;0;143.3;1:24:23.516;13:24:59.403;0:39.357;0:35.122;1:13.480;241.1;Martin BERRY;;LMGT3;;Proton Competition;Porsche;GF;39.357;35.122;73.480;
77;1;40;4:24.654;0;;1:30.558;0;1:07.119;0;1:46.977;0;80.1;1:28:48.170;13:29:24.057;1:30.558;1:07.119;1:46.977;;Martin BERRY;;LMGT3;;Proton Competition;Porsche;GF;90.558;67.119;106.977;
77;1;41;4:29.092;0;B;1:32.500;0;1:09.265;0;1:47.327;0;78.8;1:33:17.262;13:33:53.149;1:32.500;1:09.265;1:47.327;;Martin BERRY;;LMGT3;;Proton Competition;Porsche;GF;92.500;69.265;107.327;
77;2;42;3:33.347;0;;1:49.743;0;42.371;0;1:01.233;0;99.4;1:36:50.609;13:37:26.496;1:49.743;0:42.371;1:01.233;223.6;Huub VAN EIJNDHOVEN;0:01:10.330;LMGT3;;Proton Competition;Porsche;SF;109.743;42.371;61.233;
77;2;43;3:15.011;0;;43.250;0;56.747;0;1:35.014;0;108.8;1:40:05.620;13:40:41.507;0:43.250;0:56.747;1:35.014;198.2;Huub VAN EIJNDHOVEN;;LMGT3;;Proton Competition;Porsche;SF;43.250;56.747;95.014;
77;2;44;4:05.543;0;;1:29.573;0;1:01.239;0;1:34.731;0;86.4;1:44:11.163;13:44:47.050;1:29.573;1:01.239;1:34.731;;Huub VAN EIJNDHOVEN;;LMGT3;;Proton Competition;Porsche;SF;89.573;61.239;94.731;
77;2;45;2:57.473;0;;53.727;0;51.227;0;1:12.519;0;119.5;1:47:08.636;13:47:44.523;0:53.727;0:51.227;1:12.519;175.0;Huub VAN EIJNDHOVEN;;LMGT3;;Proton Competition;Porsche;SF;53.727;51.227;72.519;
77;2;46;2:43.116;0;;47.847;0;45.962;0;1:09.307;0;130.0;1:49:51.752;13:50:27.639;0:47.847;0:45.962;1:09.307;186.2;Huub VAN EIJNDHOVEN;;LMGT3;;Proton Competition;Porsche;SF;47.847;45.962;69.307;
77;2;47;2:52.900;0;B;45.946;0;42.639;0;1:24.315;0;122.7;1:52:44.652;13:53:20.539;0:45.946;0:42.639;1:24.315;193.2;Huub VAN EIJNDHOVEN;;LMGT3;;Proton Competition;Porsche;SF;45.946;42.639;84.315;
77;2;48;3:08.910;0;;1:22.320;0;41.376;0;1:05.214;0;112.3;1:55:53.562;13:56:29.449;1:22.320;0:41.376;1:05.214;191.5;Huub VAN EIJNDHOVEN;0:00:34.927;LMGT3;;Proton Competition;Porsche;SF;82.320;41.376;65.214;
77;2;49;2:35.200;0;B;44.787;0;39.762;0;1:10.651;0;136.6;1:58:28.762;13:59:04.649;0:44.787;0:39.762;1:10.651;233.3;Huub VAN EIJNDHOVEN;;LMGT3;;Proton Competition;Porsche;SF;44.787;39.762;70.651;
77;2;50;3:29.485;0;;1:38.591;0;42.957;0;1:07.937;0;101.2;2:01:58.247;14:02:34.134;1:38.591;0:42.957;1:07.937;191.8;Huub VAN EIJNDHOVEN;0:00:51.024;LMGT3;;Proton Competition;Porsche;SF;98.591;42.957;67.937;
77;2;51;2:34.716;0;;47.428;0;40.590;0;1:06.698;0;137.1;2:04:32.963;14:05:08.850;0:47.428;0:40.590;1:06.698;184.3;Huub VAN EIJNDHOVEN;;LMGT3;;Proton Competition;Porsche;SF;47.428;40.590;66.698;
77;2;52;2:30.848;0;;42.906;0;38.228;0;1:09.714;0;140.6;2:07:03.811;14:07:39.698;0:42.906;0:38.228;1:09.714;201.5;Huub VAN EIJNDHOVEN;;LMGT3;;Proton Competition;Porsche;SF;42.906;38.228;69.714;
77;2;53;2:57.349;0;;50.742;0;45.980;0;1:20.627;0;119.6;2:10:01.160;14:10:37.047;0:50.742;0:45.980;1:20.627;153.8;Huub VAN EIJNDHOVEN;;LMGT3;;Proton Competition;Porsche;GF;50.742;45.980;80.627;
77;2;54;2:25.142;0;;41.910;0;40.419;0;1:02.813;0;146.1;2:12:26.302;14:13:02.189;0:41.910;0:40.419;1:02.813;235.3;Huub VAN EIJNDHOVEN;;LMGT3;;Proton Competition;Porsche;GF;41.910;40.419;62.813;
77;2;55;2:22.840;0;;42.427;0;39.355;0;1:01.058;0;148.5;2:14:49.142;14:15:25.029;0:42.427;0:39.355;1:01.058;233.8;Huub VAN EIJNDHOVEN;;LMGT3;;Proton Competition;Porsche;GF;42.427;39.355;61.058;
77;2;56;2:20.809;0;;41.926;0;38.219;0;1:00.664;0;150.6;2:17:09.951;14:17:45.838;0:41.926;0:38.219;1:00.664;235.3;Huub VAN EIJNDHOVEN;;LMGT3;;Proton Competition;Porsche;GF;41.926;38.219;60.664;
77;2;57;2:20.049;0;;41.868;0;37.044;0;1:01.137;0;151.4;2:19:30.000;14:20:05.887;0:41.868;0:37.044;1:01.137;234.3;Huub VAN EIJNDHOVEN;;LMGT3;;Proton Competition;Porsche;GF;41.868;37.044;61.137;
77;2;58;2:19.125;0;;41.617;0;36.755;0;1:00.753;0;152.4;2:21:49.125;14:22:25.012;0:41.617;0:36.755;1:00.753;233.8;Huub VAN EIJNDHOVEN;;LMGT3;;Proton Competition;Porsche;GF;41.617;36.755;60.753;
77;2;59;2:19.181;0;;41.399;1;37.002;0;1:00.780;0;152.4;2:24:08.306;14:24:44.193;0:41.399;0:37.002;1:00.780;232.8;Huub VAN EIJNDHOVEN;;LMGT3;;Proton Competition;Porsche;GF;41.399;37.002;60.780;
77;2;60;2:20.360;0;;42.463;0;37.114;0;1:00.783;0;151.1;2:26:28.666;14:27:04.553;0:42.463;0:37.114;1:00.783;234.8;Huub VAN EIJNDHOVEN;;LMGT3;;Proton Competition;Porsche;GF;42.463;37.114;60.783;
77;2;61;2:21.265;0;;42.417;0;37.466;0;1:01.382;0;150.1;2:28:49.931;14:29:25.818;0:42.417;0:37.466;1:01.382;234.8;Huub VAN EIJNDHOVEN;;LMGT3;;Proton Competition;Porsche;GF;42.417;37.466;61.382;
77;2;62;2:19.472;0;;42.028;0;36.943;0;1:00.501;0;152.1;2:31:09.403;14:31:45.290;0:42.028;0:36.943;1:00.501;235.8;Huub VAN EIJNDHOVEN;;LMGT3;;Proton Competition;Porsche;GF;42.028;36.943;60.501;
77;2;63;2:20.157;0;;42.176;0;36.891;0;1:01.090;0;151.3;2:33:29.560;14:34:05.447;0:42.176;0:36.891;1:01.090;234.3;Huub VAN EIJNDHOVEN;;LMGT3;;Proton Competition;Porsche;GF;42.176;36.891;61.090;
77;2;64;2:19.449;0;;41.928;0;36.707;1;1:00.814;0;152.1;2:35:49.009;14:36:24.896;0:41.928;0:36.707;1:00.814;234.3;Huub VAN EIJNDHOVEN;;LMGT3;;Proton Competition;Porsche;GF;41.928;36.707;60.814;
77;2;65;2:19.339;0;;41.901;0;36.814;0;1:00.624;0;152.2;2:38:08.348;14:38:44.235;0:41.901;0:36.814;1:00.624;234.3;Huub VAN EIJNDHOVEN;;LMGT3;;Proton Competition;Porsche;GF;41.901;36.814;60.624;
77;2;66;3:29.050;0;;42.039;0;1:01.828;0;1:45.183;0;101.4;2:41:37.398;14:42:13.285;0:42.039;1:01.828;1:45.183;233.8;Huub VAN EIJNDHOVEN;;LMGT3;;Proton Competition;Porsche;FCY;42.039;61.828;105.183;
77;2;67;4:03.677;0;;1:31.205;0;1:07.682;0;1:24.790;0;87.0;2:45:41.075;14:46:16.962;1:31.205;1:07.682;1:24.790;;Huub VAN EIJNDHOVEN;;LMGT3;;Proton Competition;Porsche;GF;91.205;67.682;84.790;
77;2;68;2:19.371;0;;41.968;0;37.104;0;1:00.299;0;152.2;2:48:00.446;14:48:36.333;0:41.968;0:37.104;1:00.299;234.3;Huub VAN EIJNDHOVEN;;LMGT3;;Proton Competition;Porsche;GF;41.968;37.104;60.299;
77;2;69;2:19.259;0;;41.734;0;37.237;0;1:00.288;1;152.3;2:50:19.705;14:50:55.592;0:41.734;0:37.237;1:00.288;235.8;Huub VAN EIJNDHOVEN;;LMGT3;;Proton Competition;Porsche;GF;41.734;37.237;60.288;
77;2;70;3:18.129;0;;41.656;0;51.673;0;1:44.800;0;107.0;2:53:37.834;14:54:13.721;0:41.656;0:51.673;1:44.800;234.3;Huub VAN EIJNDHOVEN;;LMGT3;;Proton Competition;Porsche;FCY;41.656;51.673;104.800;
77;2;71;4:23.666;0;;1:31.067;0;1:07.701;0;1:44.898;0;80.4;2:58:01.500;14:58:37.387;1:31.067;1:07.701;1:44.898;;Huub VAN EIJNDHOVEN;;LMGT3;;Proton Competition;Porsche;FCY;91.067;67.701;104.898;
77;2;72;3:22.166;0;;1:31.174;0;49.937;0;1:01.055;0;104.9;3:01:23.666;15:01:59.553;1:31.174;0:49.937;1:01.055;;Huub VAN EIJNDHOVEN;;LMGT3;;Proton Competition;Porsche;GF;91.174;49.937;61.055;
77;2;73;2:25.465;0;B;42.125;0;38.153;0;1:05.187;0;145.8;3:03:49.131;15:04:25.018;0:42.125;0:38.153;1:05.187;233.8;Huub VAN EIJNDHOVEN;;LMGT3;;Proton Competition;Porsche;GF;42.125;38.153;65.187;
77;3;74;3:29.582;0;;1:52.231;0;36.881;0;1:00.470;0;101.2;3:07:18.713;15:07:54.600;1:52.231;0:36.881;1:00.470;231.8;Harry KING;0:01:15.209;LMGT3;;Proton Competition;Porsche;GF;112.231;36.881;60.470;
77;3;75;2:17.321;0;;41.240;0;36.393;0;59.688;1;154.4;3:09:36.034;15:10:11.921;0:41.240;0:36.393;0:59.688;233.3;Harry KING;;LMGT3;;Proton Competition;Porsche;GF;41.240;36.393;59.688;
77;3;76;2:18.143;0;;41.544;0;36.480;0;1:00.119;0;153.5;3:11:54.177;15:12:30.064;0:41.544;0:36.480;1:00.119;233.8;Harry KING;;LMGT3;;Proton Competition;Porsche;GF;41.544;36.480;60.119;
77;3;77;2:18.620;0;;41.474;0;36.604;0;1:00.542;0;153.0;3:14:12.797;15:14:48.684;0:41.474;0:36.604;1:00.542;233.8;Harry KING;;LMGT3;;Proton Competition;Porsche;GF;41.474;36.604;60.542;
77;3;78;2:18.203;0;;41.453;0;36.695;0;1:00.055;0;153.5;3:16:31.000;15:17:06.887;0:41.453;0:36.695;1:00.055;234.8;Harry KING;;LMGT3;;Proton Competition;Porsche;GF;41.453;36.695;60.055;
77;3;79;2:18.609;0;;41.408;0;36.765;0;1:00.436;0;153.0;3:18:49.609;15:19:25.496;0:41.408;0:36.765;1:00.436;235.3;Harry KING;;LMGT3;;Proton Competition;Porsche;GF;41.408;36.765;60.436;
77;3;80;2:18.007;0;;41.530;0;36.276;0;1:00.201;0;153.7;3:21:07.616;15:21:43.503;0:41.530;0:36.276;1:00.201;232.3;Harry KING;;LMGT3;;Proton Competition;Porsche;GF;41.530;36.276;60.201;
77;3;81;2:18.571;0;;41.705;0;36.412;0;1:00.454;0;153.0;3:23:26.187;15:24:02.074;0:41.705;0:36.412;1:00.454;231.8;Harry KING;;LMGT3;;Proton Competition;Porsche;GF;41.705;36.412;60.454;
77;3;82;2:18.823;0;;41.439;0;36.765;0;1:00.619;0;152.8;3:25:45.010;15:26:20.897;0:41.439;0:36.765;1:00.619;232.3;Harry KING;;LMGT3;;Proton Competition;Porsche;GF;41.439;36.765;60.619;
77;3;83;2:18.052;0;;41.643;0;36.339;0;1:00.070;0;153.6;3:28:03.062;15:28:38.949;0:41.643;0:36.339;1:00.070;232.3;Harry KING;;LMGT3;;Proton Competition;Porsche;GF;41.643;36.339;60.070;
77;3;84;2:18.375;0;;41.505;0;36.327;0;1:00.543;0;153.3;3:30:21.437;15:30:57.324;0:41.505;0:36.327;1:00.543;233.3;Harry KING;;LMGT3;;Proton Competition;Porsche;GF;41.505;36.327;60.543;
77;3;85;2:18.384;0;;41.531;0;36.507;0;1:00.346;0;153.3;3:32:39.821;15:33:15.708;0:41.531;0:36.507;1:00.346;234.3;Harry KING;;LMGT3;;Proton Competition;Porsche;GF;41.531;36.507;60.346;
77;3;86;2:18.581;0;;41.503;0;36.693;0;1:00.385;0;153.0;3:34:58.402;15:35:34.289;0:41.503;0:36.693;1:00.385;235.3;Harry KING;;LMGT3;;Proton Competition;Porsche;GF;41.503;36.693;60.385;
77;3;87;2:18.933;0;;41.754;0;36.421;0;1:00.758;0;152.6;3:37:17.335;15:37:53.222;0:41.754;0:36.421;1:00.758;233.3;Harry KING;;LMGT3;;Proton Competition;Porsche;GF;41.754;36.421;60.758;
77;3;88;2:18.505;0;;41.693;0;36.437;0;1:00.375;0;153.1;3:39:35.840;15:40:11.727;0:41.693;0:36.437;1:00.375;235.8;Harry KING;;LMGT3;;Proton Competition;Porsche;GF;41.693;36.437;60.375;
77;3;89;2:19.193;0;;41.723;0;36.826;0;1:00.644;0;152.4;3:41:55.033;15:42:30.920;0:41.723;0:36.826;1:00.644;234.3;Harry KING;;LMGT3;;Proton Competition;Porsche;GF;41.723;36.826;60.644;
77;3;90;2:17.762;0;;41.225;0;36.316;0;1:00.221;0;153.9;3:44:12.795;15:44:48.682;0:41.225;0:36.316;1:00.221;235.3;Harry KING;;LMGT3;;Proton Competition;Porsche;GF;41.225;36.316;60.221;
77;3;91;2:17.894;0;;41.336;0;36.332;0;1:00.226;0;153.8;3:46:30.689;15:47:06.576;0:41.336;0:36.332;1:00.226;235.3;Harry KING;;LMGT3;;Proton Competition;Porsche;GF;41.336;36.332;60.226;
77;3;92;2:18.147;0;;41.109;0;36.425;0;1:00.613;0;153.5;3:48:48.836;15:49:24.723;0:41.109;0:36.425;1:00.613;234.3;Harry KING;;LMGT3;;Proton Competition;Porsche;GF;41.109;36.425;60.613;
77;3;93;2:17.953;0;;41.378;0;36.196;0;1:00.379;0;153.7;3:51:06.789;15:51:42.676;0:41.378;0:36.196;1:00.379;235.3;Harry KING;;LMGT3;;Proton Competition;Porsche;GF;41.378;36.196;60.379;
77;3;94;2:17.955;0;;41.207;0;36.094;1;1:00.654;0;153.7;3:53:24.744;15:54:00.631;0:41.207;0:36.094;1:00.654;235.8;Harry KING;;LMGT3;;Proton Competition;Porsche;GF;41.207;36.094;60.654;
77;3;95;2:18.355;0;;41.240;0;36.630;0;1:00.485;0;153.3;3:55:43.099;15:56:18.986;0:41.240;0:36.630;1:00.485;235.8;Harry KING;;LMGT3;;Proton Competition;Porsche;GF;41.240;36.630;60.485;
77;3;96;2:18.750;0;;41.284;0;36.666;0;1:00.800;0;152.8;3:58:01.849;15:58:37.736;0:41.284;0:36.666;1:00.800;236.8;Harry KING;;LMGT3;;Proton Competition;Porsche;GF;41.284;36.666;60.800;
77;3;97;2:18.499;0;;41.455;0;36.459;0;1:00.585;0;153.1;4:00:20.348;16:00:56.235;0:41.455;0:36.459;1:00.585;235.8;Harry KING;;LMGT3;;Proton Competition;Porsche;GF;41.455;36.459;60.585;
77;3;98;2:17.294;0;;40.825;1;36.172;0;1:00.297;0;154.5;4:02:37.642;16:03:13.529;0:40.825;0:36.172;1:00.297;237.4;Harry KING;;LMGT3;;Proton Competition;Porsche;FF;40.825;36.172;60.297;
8;1;1;2:12.876;0;;45.742;0;32.541;0;54.593;0;155.7;2:12.876;12:02:48.763;0:45.742;0:32.541;0:54.593;241.6;Louis STERN;;LMP3;;Team Virage;Ligier;GF;45.742;32.541;54.593;
8;1;2;2:05.174;0;;37.488;0;33.339;0;54.347;0;169.4;4:18.050;12:04:53.937;0:37.488;0:33.339;0:54.347;245.5;Louis STERN;;LMP3;;Team Virage;Ligier;GF;37.488;33.339;54.347;
8;1;3;2:01.205;0;;36.949;0;31.925;0;52.331;0;175.0;6:19.255;12:06:55.142;0:36.949;0:31.925;0:52.331;246.6;Louis STERN;;LMP3;;Team Virage;Ligier;GF;36.949;31.925;52.331;
8;1;4;2:00.916;0;;36.064;0;31.710;0;53.142;0;175.4;8:20.171;12:08:56.058;0:36.064;0:31.710;0:53.142;246.0;Louis STERN;;LMP3;;Team Virage;Ligier;GF;36.064;31.710;53.142;
8;1;5;1:59.876;0;;35.993;0;31.795;0;52.088;2;176.9;10:20.047;12:10:55.934;0:35.993;0:31.795;0:52.088;246.6;Louis STERN;;LMP3;;Team Virage;Ligier;GF;35.993;31.795;52.088;
8;1;6;1:59.484;2;;35.717;0;31.636;0;52.131;0;177.5;12:19.531;12:12:55.418;0:35.717;0:31.636;0:52.131;244.9;Louis STERN;;LMP3;;Team Virage;Ligier;GF;35.717;31.636;52.131;
8;1;7;1:59.877;0;;36.056;0;31.628;0;52.193;0;176.9;14:19.408;12:14:55.295;0:36.056;0:31.628;0:52.193;243.8;Louis STERN;;LMP3;;Team Virage;Ligier;GF;36.056;31.628;52.193;
8;1;8;2:00.321;0;;35.659;2;31.867;0;52.795;0;176.3;16:19.729;12:16:55.616;0:35.659;0:31.867;0:52.795;244.3;Louis STERN;;LMP3;;Team Virage;Ligier;GF;35.659;31.867;52.795;
8;1;9;2:01.325;0;;36.486;0;32.359;0;52.480;0;174.8;18:21.054;12:18:56.941;0:36.486;0:32.359;0:52.480;244.9;Louis STERN;;LMP3;;Team Virage;Ligier;GF;36.486;32.359;52.480;
8;1;10;2:00.004;0;;36.043;0;31.421;2;52.540;0;176.7;20:21.058;12:20:56.945;0:36.043;0:31.421;0:52.540;242.2;Louis STERN;;LMP3;;Team Virage;Ligier;GF;36.043;31.421;52.540;
8;1;11;2:02.382;0;;37.073;0;31.963;0;53.346;0;173.3;22:23.440;12:22:59.327;0:37.073;0:31.963;0:53.346;246.0;Louis STERN;;LMP3;;Team Virage;Ligier;GF;37.073;31.963;53.346;
8;1;12;2:02.015;0;;36.571;0;32.625;0;52.819;0;173.8;24:25.455;12:25:01.342;0:36.571;0:32.625;0:52.819;242.7;Louis STERN;;LMP3;;Team Virage;Ligier;GF;36.571;32.625;52.819;
8;1;13;2:00.899;0;;35.849;0;31.928;0;53.122;0;175.4;26:26.354;12:27:02.241;0:35.849;0:31.928;0:53.122;244.9;Louis STERN;;LMP3;;Team Virage;Ligier;GF;35.849;31.928;53.122;
8;1;14;2:00.142;0;;36.208;0;31.545;0;52.389;0;176.5;28:26.496;12:29:02.383;0:36.208;0:31.545;0:52.389;244.9;Louis STERN;;LMP3;;Team Virage;Ligier;GF;36.208;31.545;52.389;
8;1;15;2:00.569;0;;36.419;0;31.697;0;52.453;0;175.9;30:27.065;12:31:02.952;0:36.419;0:31.697;0:52.453;243.8;Louis STERN;;LMP3;;Team Virage;Ligier;GF;36.419;31.697;52.453;
8;1;16;2:00.022;0;;35.943;0;31.453;0;52.626;0;176.7;32:27.087;12:33:02.974;0:35.943;0:31.453;0:52.626;244.9;Louis STERN;;LMP3;;Team Virage;Ligier;GF;35.943;31.453;52.626;
8;1;17;1:59.931;0;;35.845;0;31.580;0;52.506;0;176.8;34:27.018;12:35:02.905;0:35.845;0:31.580;0:52.506;244.9;Louis STERN;;LMP3;;Team Virage;Ligier;GF;35.845;31.580;52.506;
8;1;18;2:00.562;0;;35.978;0;31.585;0;52.999;0;175.9;36:27.580;12:37:03.467;0:35.978;0:31.585;0:52.999;244.3;Louis STERN;;LMP3;;Team Virage;Ligier;GF;35.978;31.585;52.999;
8;1;19;2:00.647;0;;35.926;0;31.814;0;52.907;0;175.8;38:28.227;12:39:04.114;0:35.926;0:31.814;0:52.907;243.8;Louis STERN;;LMP3;;Team Virage;Ligier;GF;35.926;31.814;52.907;
8;1;20;2:00.880;0;;36.374;0;31.834;0;52.672;0;175.4;40:29.107;12:41:04.994;0:36.374;0:31.834;0:52.672;243.8;Louis STERN;;LMP3;;Team Virage;Ligier;GF;36.374;31.834;52.672;
8;1;21;2:01.937;0;;36.210;0;32.209;0;53.518;0;173.9;42:31.044;12:43:06.931;0:36.210;0:32.209;0:53.518;246.0;Louis STERN;;LMP3;;Team Virage;Ligier;GF;36.210;32.209;53.518;
8;1;22;2:00.898;0;;36.330;0;31.700;0;52.868;0;175.4;44:31.942;12:45:07.829;0:36.330;0:31.700;0:52.868;245.5;Louis STERN;;LMP3;;Team Virage;Ligier;GF;36.330;31.700;52.868;
8;1;23;2:02.052;0;;36.448;0;32.260;0;53.344;0;173.8;46:33.994;12:47:09.881;0:36.448;0:32.260;0:53.344;247.7;Louis STERN;;LMP3;;Team Virage;Ligier;GF;36.448;32.260;53.344;
8;1;24;2:01.838;0;;36.190;0;32.389;0;53.259;0;174.1;48:35.832;12:49:11.719;0:36.190;0:32.389;0:53.259;243.8;Louis STERN;;LMP3;;Team Virage;Ligier;GF;36.190;32.389;53.259;
8;1;25;2:02.334;0;;36.838;0;31.708;0;53.788;0;173.4;50:38.166;12:51:14.053;0:36.838;0:31.708;0:53.788;246.0;Louis STERN;;LMP3;;Team Virage;Ligier;GF;36.838;31.708;53.788;
8;1;26;2:04.482;0;;36.401;0;33.069;0;55.012;0;170.4;52:42.648;12:53:18.535;0:36.401;0:33.069;0:55.012;247.1;Louis STERN;;LMP3;;Team Virage;Ligier;GF;36.401;33.069;55.012;
8;1;27;2:02.086;0;;36.817;0;31.817;0;53.452;0;173.7;54:44.734;12:55:20.621;0:36.817;0:31.817;0:53.452;244.9;Louis STERN;;LMP3;;Team Virage;Ligier;GF;36.817;31.817;53.452;
8;1;28;2:00.949;0;;36.468;0;31.847;0;52.634;0;175.3;56:45.683;12:57:21.570;0:36.468;0:31.847;0:52.634;246.0;Louis STERN;;LMP3;;Team Virage;Ligier;GF;36.468;31.847;52.634;
8;1;29;2:01.967;0;;36.425;0;32.283;0;53.259;0;173.9;58:47.650;12:59:23.537;0:36.425;0:32.283;0:53.259;243.2;Louis STERN;;LMP3;;Team Virage;Ligier;GF;36.425;32.283;53.259;
8;1;30;2:02.365;0;;36.757;0;32.208;0;53.400;0;173.3;1:00:50.015;13:01:25.902;0:36.757;0:32.208;0:53.400;245.5;Louis STERN;;LMP3;;Team Virage;Ligier;GF;36.757;32.208;53.400;
8;1;31;2:07.237;0;B;36.103;0;32.441;0;58.693;0;166.7;1:02:57.252;13:03:33.139;0:36.103;0:32.441;0:58.693;248.8;Louis STERN;;LMP3;;Team Virage;Ligier;GF;36.103;32.441;58.693;
8;1;32;3:04.141;0;;1:38.432;0;32.358;0;53.351;0;115.2;1:06:01.393;13:06:37.280;1:38.432;0:32.358;0:53.351;242.2;Louis STERN;0:01:04.956;LMP3;;Team Virage;Ligier;GF;98.432;32.358;53.351;
8;1;33;2:01.084;0;;36.508;0;31.668;0;52.908;0;175.1;1:08:02.477;13:08:38.364;0:36.508;0:31.668;0:52.908;243.8;Louis STERN;;LMP3;;Team Virage;Ligier;GF;36.508;31.668;52.908;
8;1;34;2:00.842;0;;36.198;0;31.737;0;52.907;0;175.5;1:10:03.319;13:10:39.206;0:36.198;0:31.737;0:52.907;242.2;Louis STERN;;LMP3;;Team Virage;Ligier;GF;36.198;31.737;52.907;
8;1;35;2:01.742;0;;36.336;0;32.063;0;53.343;0;174.2;1:12:05.061;13:12:40.948;0:36.336;0:32.063;0:53.343;241.6;Louis STERN;;LMP3;;Team Virage;Ligier;GF;36.336;32.063;53.343;
8;1;36;2:03.233;0;;37.186;0;32.093;0;53.954;0;172.1;1:14:08.294;13:14:44.181;0:37.186;0:32.093;0:53.954;245.5;Louis STERN;;LMP3;;Team Virage;Ligier;GF;37.186;32.093;53.954;
8;1;37;2:39.897;0;B;38.389;0;34.469;0;1:27.039;0;132.6;1:16:48.191;13:17:24.078;0:38.389;0:34.469;1:27.039;244.3;Louis STERN;;LMP3;;Team Virage;Ligier;GF;38.389;34.469;87.039;
8;1;38;47:04.364;0;;45:18.424;0;38.347;0;1:07.593;0;7.5;2:03:52.555;14:04:28.442;45:18.424;0:38.347;1:07.593;234.3;Louis STERN;0:44:36.921;LMP3;;Team Virage;Ligier;SF;2718.424;38.347;67.593;
8;1;39;3:02.375;0;;56.572;0;48.425;0;1:17.378;0;116.3;2:06:54.930;14:07:30.817;0:56.572;0:48.425;1:17.378;125.3;Louis STERN;;LMP3;;Team Virage;Ligier;SF;56.572;48.425;77.378;
8;1;40;3:00.606;0;;49.972;0;47.206;0;1:23.428;0;117.4;2:09:55.536;14:10:31.423;0:49.972;0:47.206;1:23.428;140.8;Louis STERN;;LMP3;;Team Virage;Ligier;GF;49.972;47.206;83.428;
8;1;41;2:27.661;0;;43.463;0;39.314;0;1:04.884;0;143.6;2:12:23.197;14:12:59.084;0:43.463;0:39.314;1:04.884;236.8;Louis STERN;;LMP3;;Team Virage;Ligier;GF;43.463;39.314;64.884;
8;1;42;2:28.283;0;;43.371;0;42.109;0;1:02.803;0;143.0;2:14:51.480;14:15:27.367;0:43.371;0:42.109;1:02.803;235.3;Louis STERN;;LMP3;;Team Virage;Ligier;GF;43.371;42.109;62.803;
8;1;43;2:21.792;0;;41.736;0;37.785;0;1:02.271;0;149.6;2:17:13.272;14:17:49.159;0:41.736;0:37.785;1:02.271;240.5;Louis STERN;;LMP3;;Team Virage;Ligier;GF;41.736;37.785;62.271;
8;1;44;2:20.795;0;;41.202;0;37.677;0;1:01.916;0;150.6;2:19:34.067;14:20:09.954;0:41.202;0:37.677;1:01.916;240.0;Louis STERN;;LMP3;;Team Virage;Ligier;GF;41.202;37.677;61.916;
8;1;45;2:19.049;0;;41.074;0;37.460;0;1:00.515;0;152.5;2:21:53.116;14:22:29.003;0:41.074;0:37.460;1:00.515;240.0;Louis STERN;;LMP3;;Team Virage;Ligier;GF;41.074;37.460;60.515;
8;1;46;2:20.205;0;;41.856;0;37.466;0;1:00.883;0;151.3;2:24:13.321;14:24:49.208;0:41.856;0:37.466;1:00.883;240.5;Louis STERN;;LMP3;;Team Virage;Ligier;GF;41.856;37.466;60.883;
8;1;47;2:23.803;0;;41.775;0;37.957;0;1:04.071;0;147.5;2:26:37.124;14:27:13.011;0:41.775;0:37.957;1:04.071;237.9;Louis STERN;;LMP3;;Team Virage;Ligier;GF;41.775;37.957;64.071;
8;1;48;2:22.541;0;;42.440;0;38.188;0;1:01.913;0;148.8;2:28:59.665;14:29:35.552;0:42.440;0:38.188;1:01.913;240.5;Louis STERN;;LMP3;;Team Virage;Ligier;GF;42.440;38.188;61.913;
8;1;49;2:21.478;0;;41.982;0;37.825;0;1:01.671;0;149.9;2:31:21.143;14:31:57.030;0:41.982;0:37.825;1:01.671;239.5;Louis STERN;;LMP3;;Team Virage;Ligier;GF;41.982;37.825;61.671;
8;1;50;2:28.150;0;B;42.549;0;37.372;0;1:08.229;0;143.1;2:33:49.293;14:34:25.180;0:42.549;0:37.372;1:08.229;236.8;Louis STERN;;LMP3;;Team Virage;Ligier;GF;42.549;37.372;68.229;
8;3;51;3:55.972;0;;2:19.932;0;36.135;0;59.905;0;89.9;2:37:45.265;14:38:21.152;2:19.932;0:36.135;0:59.905;236.8;Daniel NOGALES;0:01:41.525;LMP3;;Team Virage;Ligier;GF;139.932;36.135;59.905;
8;3;52;3:09.583;0;;39.960;1;44.923;0;1:44.700;0;111.9;2:40:54.848;14:41:30.735;0:39.960;0:44.923;1:44.700;237.4;Daniel NOGALES;;LMP3;;Team Virage;Ligier;FCY;39.960;44.923;104.700;
8;3;53;4:20.278;0;;1:31.236;0;1:07.624;0;1:41.418;0;81.5;2:45:15.126;14:45:51.013;1:31.236;1:07.624;1:41.418;;Daniel NOGALES;;LMP3;;Team Virage;Ligier;GF;91.236;67.624;101.418;
8;3;54;2:17.298;0;;41.151;0;37.111;0;59.036;0;154.5;2:47:32.424;14:48:08.311;0:41.151;0:37.111;0:59.036;235.3;Daniel NOGALES;;LMP3;;Team Virage;Ligier;GF;41.151;37.111;59.036;
8;3;55;2:15.264;0;;40.142;0;36.352;0;58.770;1;156.8;2:49:47.688;14:50:23.575;0:40.142;0:36.352;0:58.770;237.4;Daniel NOGALES;;LMP3;;Team Virage;Ligier;GF;40.142;36.352;58.770;
8;3;56;2:50.085;0;;40.145;0;36.783;0;1:33.157;0;124.7;2:52:37.773;14:53:13.660;0:40.145;0:36.783;1:33.157;237.4;Daniel NOGALES;;LMP3;;Team Virage;Ligier;FCY;40.145;36.783;93.157;
8;3;57;4:23.665;0;;1:31.224;0;1:07.570;0;1:44.871;0;80.4;2:57:01.438;14:57:37.325;1:31.224;1:07.570;1:44.871;;Daniel NOGALES;;LMP3;;Team Virage;Ligier;FCY;91.224;67.570;104.871;
8;3;58;3:47.338;0;;1:31.290;0;1:07.597;0;1:08.451;0;93.3;3:00:48.776;15:01:24.663;1:31.290;1:07.597;1:08.451;;Daniel NOGALES;;LMP3;;Team Virage;Ligier;GF;91.290;67.597;68.451;
8;3;59;2:17.307;0;;40.527;0;37.694;0;59.086;0;154.5;3:03:06.083;15:03:41.970;0:40.527;0:37.694;0:59.086;237.4;Daniel NOGALES;;LMP3;;Team Virage;Ligier;GF;40.527;37.694;59.086;
8;3;60;2:17.556;0;;40.599;0;37.397;0;59.560;0;154.2;3:05:23.639;15:05:59.526;0:40.599;0:37.397;0:59.560;238.9;Daniel NOGALES;;LMP3;;Team Virage;Ligier;GF;40.599;37.397;59.560;
8;3;61;2:19.280;0;;41.466;0;37.216;0;1:00.598;0;152.3;3:07:42.919;15:08:18.806;0:41.466;0:37.216;1:00.598;239.5;Daniel NOGALES;;LMP3;;Team Virage;Ligier;GF;41.466;37.216;60.598;
8;3;62;2:16.380;0;;40.337;0;36.495;0;59.548;0;155.5;3:09:59.299;15:10:35.186;0:40.337;0:36.495;0:59.548;240.5;Daniel NOGALES;;LMP3;;Team Virage;Ligier;GF;40.337;36.495;59.548;
8;3;63;2:16.881;0;;40.635;0;36.456;0;59.790;0;154.9;3:12:16.180;15:12:52.067;0:40.635;0:36.456;0:59.790;240.0;Daniel NOGALES;;LMP3;;Team Virage;Ligier;GF;40.635;36.456;59.790;
8;3;64;2:15.806;0;;40.549;0;35.890;1;59.367;0;156.2;3:14:31.986;15:15:07.873;0:40.549;0:35.890;0:59.367;240.0;Daniel NOGALES;;LMP3;;Team Virage;Ligier;GF;40.549;35.890;59.367;
8;3;65;2:21.405;0;B;40.245;0;36.300;0;1:04.860;0;150.0;3:16:53.391;15:17:29.278;0:40.245;0:36.300;1:04.860;238.9;Daniel NOGALES;;LMP3;;Team Virage;Ligier;GF;40.245;36.300;64.860;
8;2;66;3:19.359;0;;1:42.022;0;36.946;0;1:00.391;0;106.4;3:20:12.750;15:20:48.637;1:42.022;0:36.946;1:00.391;239.5;Matteo QUINTARELLI;0:01:02.844;LMP3;;Team Virage;Ligier;GF;102.022;36.946;60.391;
8;2;67;2:17.724;0;;40.391;0;37.601;0;59.732;0;154.0;3:22:30.474;15:23:06.361;0:40.391;0:37.601;0:59.732;242.2;Matteo QUINTARELLI;;LMP3;;Team Virage;Ligier;GF;40.391;37.601;59.732;
8;2;68;2:15.811;0;;40.195;0;35.867;0;59.749;0;156.2;3:24:46.285;15:25:22.172;0:40.195;0:35.867;0:59.749;240.5;Matteo QUINTARELLI;;LMP3;;Team Virage;Ligier;GF;40.195;35.867;59.749;
8;2;69;2:18.588;0;;40.527;0;37.906;0;1:00.155;0;153.0;3:27:04.873;15:27:40.760;0:40.527;0:37.906;1:00.155;241.6;Matteo QUINTARELLI;;LMP3;;Team Virage;Ligier;GF;40.527;37.906;60.155;
8;2;70;2:17.126;0;;41.009;0;36.639;0;59.478;0;154.7;3:29:21.999;15:29:57.886;0:41.009;0:36.639;0:59.478;242.2;Matteo QUINTARELLI;;LMP3;;Team Virage;Ligier;GF;41.009;36.639;59.478;
8;2;71;2:14.975;0;;39.739;0;35.696;0;59.540;0;157.1;3:31:36.974;15:32:12.861;0:39.739;0:35.696;0:59.540;241.1;Matteo QUINTARELLI;;LMP3;;Team Virage;Ligier;GF;39.739;35.696;59.540;
8;2;72;2:16.627;0;;40.220;0;36.585;0;59.822;0;155.2;3:33:53.601;15:34:29.488;0:40.220;0:36.585;0:59.822;240.0;Matteo QUINTARELLI;;LMP3;;Team Virage;Ligier;GF;40.220;36.585;59.822;
8;2;73;2:15.692;0;;40.448;0;36.156;0;59.088;0;156.3;3:36:09.293;15:36:45.180;0:40.448;0:36.156;0:59.088;243.8;Matteo QUINTARELLI;;LMP3;;Team Virage;Ligier;GF;40.448;36.156;59.088;
8;2;74;2:15.563;0;;39.962;0;36.126;0;59.475;0;156.4;3:38:24.856;15:39:00.743;0:39.962;0:36.126;0:59.475;240.0;Matteo QUINTARELLI;;LMP3;;Team Virage;Ligier;GF;39.962;36.126;59.475;
8;2;75;2:16.287;0;;40.259;0;36.623;0;59.405;0;155.6;3:40:41.143;15:41:17.030;0:40.259;0:36.623;0:59.405;240.5;Matteo QUINTARELLI;;LMP3;;Team Virage;Ligier;GF;40.259;36.623;59.405;
8;2;76;2:14.601;0;;39.903;0;35.864;0;58.834;1;157.6;3:42:55.744;15:43:31.631;0:39.903;0:35.864;0:58.834;240.5;Matteo QUINTARELLI;;LMP3;;Team Virage;Ligier;GF;39.903;35.864;58.834;
8;2;77;2:16.237;0;;39.868;0;36.452;0;59.917;0;155.7;3:45:11.981;15:45:47.868;0:39.868;0:36.452;0:59.917;240.5;Matteo QUINTARELLI;;LMP3;;Team Virage;Ligier;GF;39.868;36.452;59.917;
8;2;78;2:27.709;0;;40.084;0;36.061;0;1:11.564;0;143.6;3:47:39.690;15:48:15.577;0:40.084;0:36.061;1:11.564;238.4;Matteo QUINTARELLI;;LMP3;;Team Virage;Ligier;GF;40.084;36.061;71.564;
8;2;79;2:16.098;0;;40.610;0;35.689;1;59.799;0;155.8;3:49:55.788;15:50:31.675;0:40.610;0:35.689;0:59.799;241.6;Matteo QUINTARELLI;;LMP3;;Team Virage;Ligier;GF;40.610;35.689;59.799;
8;2;80;2:17.209;0;;39.969;0;35.850;0;1:01.390;0;154.6;3:52:12.997;15:52:48.884;0:39.969;0:35.850;1:01.390;241.6;Matteo QUINTARELLI;;LMP3;;Team Virage;Ligier;GF;39.969;35.850;61.390;
8;2;81;2:16.998;0;;40.059;0;36.332;0;1:00.607;0;154.8;3:54:29.995;15:55:05.882;0:40.059;0:36.332;1:00.607;240.0;Matteo QUINTARELLI;;LMP3;;Team Virage;Ligier;GF;40.059;36.332;60.607;
8;2;82;2:16.401;0;;39.515;1;36.368;0;1:00.518;0;155.5;3:56:46.396;15:57:22.283;0:39.515;0:36.368;1:00.518;241.6;Matteo QUINTARELLI;;LMP3;;Team Virage;Ligier;GF;39.515;36.368;60.518;
8;2;83;2:18.136;0;;39.935;0;36.532;0;1:01.669;0;153.5;3:59:04.532;15:59:40.419;0:39.935;0:36.532;1:01.669;241.1;Matteo QUINTARELLI;;LMP3;;Team Virage;Ligier;GF;39.935;36.532;61.669;
8;2;84;2:17.370;0;;39.980;0;36.365;0;1:01.025;0;154.4;4:01:21.902;16:01:57.789;0:39.980;0:36.365;1:01.025;241.1;Matteo QUINTARELLI;;LMP3;;Team Virage;Ligier;FF;39.980;36.365;61.025;
83;1;1;2:04.352;0;;42.097;0;31.602;0;50.653;0;166.4;2:04.352;12:02:40.239;0:42.097;0:31.602;0:50.653;272.7;François PERRODO;;LMP2 Pro/Am;;AF Corse;Oreca;GF;42.097;31.602;50.653;
83;1;2;1:52.552;0;;33.327;0;29.978;0;49.247;0;188.4;3:56.904;12:04:32.791;0:33.327;0:29.978;0:49.247;270.7;François PERRODO;;LMP2 Pro/Am;;AF Corse;Oreca;GF;33.327;29.978;49.247;
83;1;3;1:52.641;0;;32.737;0;30.658;0;49.246;0;188.3;5:49.545;12:06:25.432;0:32.737;0:30.658;0:49.246;270.7;François PERRODO;;LMP2 Pro/Am;;AF Corse;Oreca;GF;32.737;30.658;49.246;
83;1;4;1:51.021;0;;32.881;0;29.329;0;48.811;0;191.0;7:40.566;12:08:16.453;0:32.881;0:29.329;0:48.811;272.7;François PERRODO;;LMP2 Pro/Am;;AF Corse;Oreca;GF;32.881;29.329;48.811;
83;1;5;1:51.036;0;;32.742;0;29.284;0;49.010;0;191.0;9:31.602;12:10:07.489;0:32.742;0:29.284;0:49.010;272.0;François PERRODO;;LMP2 Pro/Am;;AF Corse;Oreca;GF;32.742;29.284;49.010;
83;1;6;1:51.436;0;;32.921;0;29.319;0;49.196;0;190.3;11:23.038;12:11:58.925;0:32.921;0:29.319;0:49.196;270.0;François PERRODO;;LMP2 Pro/Am;;AF Corse;Oreca;GF;32.921;29.319;49.196;
83;1;7;1:51.680;0;;32.704;0;29.651;0;49.325;0;189.9;13:14.718;12:13:50.605;0:32.704;0:29.651;0:49.325;270.0;François PERRODO;;LMP2 Pro/Am;;AF Corse;Oreca;GF;32.704;29.651;49.325;
83;1;8;1:50.989;0;;32.376;0;29.138;0;49.475;0;191.1;15:05.707;12:15:41.594;0:32.376;0:29.138;0:49.475;272.0;François PERRODO;;LMP2 Pro/Am;;AF Corse;Oreca;GF;32.376;29.138;49.475;
83;1;9;1:56.417;0;;33.373;0;33.142;0;49.902;0;182.2;17:02.124;12:17:38.011;0:33.373;0:33.142;0:49.902;268.0;François PERRODO;;LMP2 Pro/Am;;AF Corse;Oreca;GF;33.373;33.142;49.902;
83;1;10;1:54.036;0;;33.584;0;31.280;0;49.172;0;186.0;18:56.160;12:19:32.047;0:33.584;0:31.280;0:49.172;268.7;François PERRODO;;LMP2 Pro/Am;;AF Corse;Oreca;GF;33.584;31.280;49.172;
83;1;11;1:55.847;0;;36.116;0;30.644;0;49.087;0;183.1;20:52.007;12:21:27.894;0:36.116;0:30.644;0:49.087;266.7;François PERRODO;;LMP2 Pro/Am;;AF Corse;Oreca;GF;36.116;30.644;49.087;
83;1;12;1:50.718;0;;32.053;0;29.896;0;48.769;0;191.5;22:42.725;12:23:18.612;0:32.053;0:29.896;0:48.769;272.7;François PERRODO;;LMP2 Pro/Am;;AF Corse;Oreca;GF;32.053;29.896;48.769;
83;1;13;1:51.016;0;;32.674;0;29.190;0;49.152;0;191.0;24:33.741;12:25:09.628;0:32.674;0:29.190;0:49.152;272.0;François PERRODO;;LMP2 Pro/Am;;AF Corse;Oreca;GF;32.674;29.190;49.152;
83;1;14;1:51.982;0;;32.608;0;29.533;0;49.841;0;189.4;26:25.723;12:27:01.610;0:32.608;0:29.533;0:49.841;273.4;François PERRODO;;LMP2 Pro/Am;;AF Corse;Oreca;GF;32.608;29.533;49.841;
83;1;15;1:49.748;0;;32.508;0;29.061;0;48.179;1;193.2;28:15.471;12:28:51.358;0:32.508;0:29.061;0:48.179;269.3;François PERRODO;;LMP2 Pro/Am;;AF Corse;Oreca;GF;32.508;29.061;48.179;
83;1;16;1:51.238;0;;33.704;0;28.972;0;48.562;0;190.7;30:06.709;12:30:42.596;0:33.704;0:28.972;0:48.562;270.0;François PERRODO;;LMP2 Pro/Am;;AF Corse;Oreca;GF;33.704;28.972;48.562;
83;1;17;1:49.776;0;;31.890;0;28.827;0;49.059;0;193.2;31:56.485;12:32:32.372;0:31.890;0:28.827;0:49.059;272.0;François PERRODO;;LMP2 Pro/Am;;AF Corse;Oreca;GF;31.890;28.827;49.059;
83;1;18;1:49.730;0;;32.342;0;28.624;1;48.764;0;193.3;33:46.215;12:34:22.102;0:32.342;0:28.624;0:48.764;272.0;François PERRODO;;LMP2 Pro/Am;;AF Corse;Oreca;GF;32.342;28.624;48.764;
83;1;19;1:50.535;0;;32.106;1;28.772;0;49.657;0;191.9;35:36.750;12:36:12.637;0:32.106;0:28.772;0:49.657;272.0;François PERRODO;;LMP2 Pro/Am;;AF Corse;Oreca;GF;32.106;28.772;49.657;
83;1;20;1:53.604;0;;34.936;0;29.737;0;48.931;0;186.7;37:30.354;12:38:06.241;0:34.936;0:29.737;0:48.931;269.3;François PERRODO;;LMP2 Pro/Am;;AF Corse;Oreca;GF;34.936;29.737;48.931;
83;1;21;1:56.234;0;B;34.432;0;28.880;0;52.922;0;182.5;39:26.588;12:40:02.475;0:34.432;0:28.880;0:52.922;268.0;François PERRODO;;LMP2 Pro/Am;;AF Corse;Oreca;GF;34.432;28.880;52.922;
83;1;22;2:42.383;0;;1:22.324;0;29.780;0;50.279;0;130.6;42:08.971;12:42:44.858;1:22.324;0:29.780;0:50.279;270.0;François PERRODO;0:00:52.410;LMP2 Pro/Am;;AF Corse;Oreca;GF;82.324;29.780;50.279;
83;1;23;1:50.328;0;;32.280;0;29.344;0;48.704;0;192.2;43:59.299;12:44:35.186;0:32.280;0:29.344;0:48.704;271.4;François PERRODO;;LMP2 Pro/Am;;AF Corse;Oreca;GF;32.280;29.344;48.704;
83;1;24;1:54.648;0;;33.473;0;30.202;0;50.973;0;185.0;45:53.947;12:46:29.834;0:33.473;0:30.202;0:50.973;270.0;François PERRODO;;LMP2 Pro/Am;;AF Corse;Oreca;GF;33.473;30.202;50.973;
83;1;25;1:53.154;0;;33.437;0;29.500;0;50.217;0;187.4;47:47.101;12:48:22.988;0:33.437;0:29.500;0:50.217;269.3;François PERRODO;;LMP2 Pro/Am;;AF Corse;Oreca;GF;33.437;29.500;50.217;
83;1;26;1:52.094;0;;33.033;0;29.311;0;49.750;0;189.2;49:39.195;12:50:15.082;0:33.033;0:29.311;0:49.750;266.7;François PERRODO;;LMP2 Pro/Am;;AF Corse;Oreca;GF;33.033;29.311;49.750;
83;1;27;1:51.543;0;;33.275;0;29.155;0;49.113;0;190.1;51:30.738;12:52:06.625;0:33.275;0:29.155;0:49.113;269.3;François PERRODO;;LMP2 Pro/Am;;AF Corse;Oreca;GF;33.275;29.155;49.113;
83;1;28;1:51.955;0;;32.659;0;29.779;0;49.517;0;189.4;53:22.693;12:53:58.580;0:32.659;0:29.779;0:49.517;270.7;François PERRODO;;LMP2 Pro/Am;;AF Corse;Oreca;GF;32.659;29.779;49.517;
83;1;29;1:50.449;0;;32.378;0;28.812;0;49.259;0;192.0;55:13.142;12:55:49.029;0:32.378;0:28.812;0:49.259;271.4;François PERRODO;;LMP2 Pro/Am;;AF Corse;Oreca;GF;32.378;28.812;49.259;
83;1;30;1:51.686;0;;32.307;0;29.724;0;49.655;0;189.9;57:04.828;12:57:40.715;0:32.307;0:29.724;0:49.655;270.7;François PERRODO;;LMP2 Pro/Am;;AF Corse;Oreca;GF;32.307;29.724;49.655;
83;1;31;1:51.301;0;;32.150;0;30.088;0;49.063;0;190.5;58:56.129;12:59:32.016;0:32.150;0:30.088;0:49.063;271.4;François PERRODO;;LMP2 Pro/Am;;AF Corse;Oreca;GF;32.150;30.088;49.063;
83;1;32;1:51.836;0;;32.468;0;29.621;0;49.747;0;189.6;1:00:47.965;13:01:23.852;0:32.468;0:29.621;0:49.747;271.4;François PERRODO;;LMP2 Pro/Am;;AF Corse;Oreca;GF;32.468;29.621;49.747;
83;1;33;1:56.846;0;B;33.123;0;30.397;0;53.326;0;181.5;1:02:44.811;13:03:20.698;0:33.123;0:30.397;0:53.326;270.7;François PERRODO;;LMP2 Pro/Am;;AF Corse;Oreca;GF;33.123;30.397;53.326;
83;3;34;2:49.178;0;;1:31.884;0;28.869;0;48.425;0;125.4;1:05:33.989;13:06:09.876;1:31.884;0:28.869;0:48.425;268.7;Antonio FUOCO;0:01:02.441;LMP2 Pro/Am;;AF Corse;Oreca;GF;91.884;28.869;48.425;
83;3;35;1:51.131;0;;33.139;0;30.021;0;47.971;2;190.8;1:07:25.120;13:08:01.007;0:33.139;0:30.021;0:47.971;270.0;Antonio FUOCO;;LMP2 Pro/Am;;AF Corse;Oreca;GF;33.139;30.021;47.971;
83;3;36;1:48.708;0;;32.282;0;28.399;0;48.027;0;195.1;1:09:13.828;13:09:49.715;0:32.282;0:28.399;0:48.027;270.7;Antonio FUOCO;;LMP2 Pro/Am;;AF Corse;Oreca;GF;32.282;28.399;48.027;
83;3;37;1:49.467;0;;31.946;2;29.516;0;48.005;0;193.7;1:11:03.295;13:11:39.182;0:31.946;0:29.516;0:48.005;272.7;Antonio FUOCO;;LMP2 Pro/Am;;AF Corse;Oreca;GF;31.946;29.516;48.005;
83;3;38;1:48.633;2;;32.190;0;28.310;2;48.133;0;195.2;1:12:51.928;13:13:27.815;0:32.190;0:28.310;0:48.133;270.7;Antonio FUOCO;;LMP2 Pro/Am;;AF Corse;Oreca;GF;32.190;28.310;48.133;
83;3;39;1:49.664;0;;32.197;0;28.614;0;48.853;0;193.4;1:14:41.592;13:15:17.479;0:32.197;0:28.614;0:48.853;271.4;Antonio FUOCO;;LMP2 Pro/Am;;AF Corse;Oreca;GF;32.197;28.614;48.853;
83;3;40;1:52.722;0;;34.330;0;28.869;0;49.523;0;188.1;1:16:34.314;13:17:10.201;0:34.330;0:28.869;0:49.523;272.0;Antonio FUOCO;;LMP2 Pro/Am;;AF Corse;Oreca;GF;34.330;28.869;49.523;
83;3;41;1:52.899;0;;35.131;0;28.720;0;49.048;0;187.8;1:18:27.213;13:19:03.100;0:35.131;0:28.720;0:49.048;268.0;Antonio FUOCO;;LMP2 Pro/Am;;AF Corse;Oreca;GF;35.131;28.720;49.048;
83;3;42;3:00.540;0;;46.680;0;1:07.889;0;1:05.971;0;117.5;1:21:27.753;13:22:03.640;0:46.680;1:07.889;1:05.971;;Antonio FUOCO;;LMP2 Pro/Am;;AF Corse;Oreca;GF;46.680;67.889;65.971;
83;3;43;1:54.944;0;;32.810;0;28.925;0;53.209;0;184.5;1:23:22.697;13:23:58.584;0:32.810;0:28.925;0:53.209;272.0;Antonio FUOCO;;LMP2 Pro/Am;;AF Corse;Oreca;GF;32.810;28.925;53.209;
83;3;44;3:22.520;0;B;39.054;0;56.378;0;1:47.088;0;104.7;1:26:45.217;13:27:21.104;0:39.054;0:56.378;1:47.088;270.0;Antonio FUOCO;;LMP2 Pro/Am;;AF Corse;Oreca;GF;39.054;56.378;107.088;
83;3;45;5:13.999;0;;2:17.673;0;1:07.976;0;1:48.350;0;67.5;1:31:59.216;13:32:35.103;2:17.673;1:07.976;1:48.350;;Antonio FUOCO;0:01:02.112;LMP2 Pro/Am;;AF Corse;Oreca;GF;137.673;67.976;108.350;
83;3;46;3:43.503;0;;1:31.806;0;1:01.953;0;1:09.744;0;94.9;1:35:42.719;13:36:18.606;1:31.806;1:01.953;1:09.744;;Antonio FUOCO;;LMP2 Pro/Am;;AF Corse;Oreca;SF;91.806;61.953;69.744;
83;3;47;4:01.752;0;;1:25.672;0;59.694;0;1:36.386;0;87.7;1:39:44.471;13:40:20.358;1:25.672;0:59.694;1:36.386;;Antonio FUOCO;;LMP2 Pro/Am;;AF Corse;Oreca;SF;85.672;59.694;96.386;
83;3;48;4:15.111;0;;1:29.159;0;1:04.432;0;1:41.520;0;83.1;1:43:59.582;13:44:35.469;1:29.159;1:04.432;1:41.520;;Antonio FUOCO;;LMP2 Pro/Am;;AF Corse;Oreca;SF;89.159;64.432;101.520;
83;3;49;2:37.314;0;;46.050;0;43.135;0;1:08.129;0;134.8;1:46:36.896;13:47:12.783;0:46.050;0:43.135;1:08.129;215.1;Antonio FUOCO;;LMP2 Pro/Am;;AF Corse;Oreca;SF;46.050;43.135;68.129;
83;3;50;2:34.788;0;;44.935;0;42.896;0;1:06.957;0;137.0;1:49:11.684;13:49:47.571;0:44.935;0:42.896;1:06.957;197.8;Antonio FUOCO;;LMP2 Pro/Am;;AF Corse;Oreca;SF;44.935;42.896;66.957;
83;3;51;3:24.300;0;B;1:02.379;0;52.379;0;1:29.542;0;103.8;1:52:35.984;13:53:11.871;1:02.379;0:52.379;1:29.542;123.3;Antonio FUOCO;;LMP2 Pro/Am;;AF Corse;Oreca;SF;62.379;52.379;89.542;
83;3;52;3:26.723;0;;1:40.768;0;39.480;0;1:06.475;0;102.6;1:56:02.707;13:56:38.594;1:40.768;0:39.480;1:06.475;229.8;Antonio FUOCO;0:01:03.221;LMP2 Pro/Am;;AF Corse;Oreca;SF;100.768;39.480;66.475;
83;3;53;2:29.031;0;;45.974;0;39.991;0;1:03.066;0;142.3;1:58:31.738;13:59:07.625;0:45.974;0:39.991;1:03.066;221.8;Antonio FUOCO;;LMP2 Pro/Am;;AF Corse;Oreca;SF;45.974;39.991;63.066;
83;3;54;2:26.157;0;;42.793;0;38.832;0;1:04.532;0;145.1;2:00:57.895;14:01:33.782;0:42.793;0:38.832;1:04.532;228.3;Antonio FUOCO;;LMP2 Pro/Am;;AF Corse;Oreca;SF;42.793;38.832;64.532;
83;3;55;2:49.704;0;;50.060;0;45.475;0;1:14.169;0;125.0;2:03:47.599;14:04:23.486;0:50.060;0:45.475;1:14.169;123.7;Antonio FUOCO;;LMP2 Pro/Am;;AF Corse;Oreca;SF;50.060;45.475;74.169;
83;3;56;3:03.050;0;;56.964;0;48.883;0;1:17.203;0;115.9;2:06:50.649;14:07:26.536;0:56.964;0:48.883;1:17.203;141.7;Antonio FUOCO;;LMP2 Pro/Am;;AF Corse;Oreca;SF;56.964;48.883;77.203;
83;3;57;3:00.891;0;;50.548;0;46.099;0;1:24.244;0;117.2;2:09:51.540;14:10:27.427;0:50.548;0:46.099;1:24.244;153.6;Antonio FUOCO;;LMP2 Pro/Am;;AF Corse;Oreca;GF;50.548;46.099;84.244;
83;3;58;2:08.930;0;;38.086;0;34.948;0;55.896;0;164.5;2:12:00.470;14:12:36.357;0:38.086;0:34.948;0:55.896;265.4;Antonio FUOCO;;LMP2 Pro/Am;;AF Corse;Oreca;GF;38.086;34.948;55.896;
83;3;59;2:05.831;0;;36.441;0;33.780;0;55.610;0;168.5;2:14:06.301;14:14:42.188;0:36.441;0:33.780;0:55.610;265.4;Antonio FUOCO;;LMP2 Pro/Am;;AF Corse;Oreca;GF;36.441;33.780;55.610;
83;3;60;2:06.526;0;;36.760;0;34.038;0;55.728;0;167.6;2:16:12.827;14:16:48.714;0:36.760;0:34.038;0:55.728;268.0;Antonio FUOCO;;LMP2 Pro/Am;;AF Corse;Oreca;GF;36.760;34.038;55.728;
83;3;61;2:05.094;0;;36.092;0;33.145;0;55.857;0;169.5;2:18:17.921;14:18:53.808;0:36.092;0:33.145;0:55.857;267.3;Antonio FUOCO;;LMP2 Pro/Am;;AF Corse;Oreca;GF;36.092;33.145;55.857;
83;3;62;2:04.109;0;;35.911;0;33.448;0;54.750;0;170.9;2:20:22.030;14:20:57.917;0:35.911;0:33.448;0:54.750;267.3;Antonio FUOCO;;LMP2 Pro/Am;;AF Corse;Oreca;GF;35.911;33.448;54.750;
83;3;63;2:02.802;0;;35.398;0;33.372;0;54.032;0;172.7;2:22:24.832;14:23:00.719;0:35.398;0:33.372;0:54.032;266.0;Antonio FUOCO;;LMP2 Pro/Am;;AF Corse;Oreca;GF;35.398;33.372;54.032;
83;3;64;2:02.476;0;;35.369;0;33.172;0;53.935;0;173.2;2:24:27.308;14:25:03.195;0:35.369;0:33.172;0:53.935;267.3;Antonio FUOCO;;LMP2 Pro/Am;;AF Corse;Oreca;GF;35.369;33.172;53.935;
83;3;65;2:03.561;0;;35.724;0;33.052;0;54.785;0;171.6;2:26:30.869;14:27:06.756;0:35.724;0:33.052;0:54.785;265.4;Antonio FUOCO;;LMP2 Pro/Am;;AF Corse;Oreca;GF;35.724;33.052;54.785;
83;3;66;2:05.397;0;;36.569;0;33.608;0;55.220;0;169.1;2:28:36.266;14:29:12.153;0:36.569;0:33.608;0:55.220;266.0;Antonio FUOCO;;LMP2 Pro/Am;;AF Corse;Oreca;GF;36.569;33.608;55.220;
83;3;67;2:06.755;0;;37.127;0;34.117;0;55.511;0;167.3;2:30:43.021;14:31:18.908;0:37.127;0:34.117;0:55.511;267.3;Antonio FUOCO;;LMP2 Pro/Am;;AF Corse;Oreca;GF;37.127;34.117;55.511;
83;3;68;2:07.500;0;;37.207;0;34.635;0;55.658;0;166.3;2:32:50.521;14:33:26.408;0:37.207;0:34.635;0:55.658;266.7;Antonio FUOCO;;LMP2 Pro/Am;;AF Corse;Oreca;GF;37.207;34.635;55.658;
83;3;69;2:05.388;0;;37.167;0;33.264;0;54.957;0;169.1;2:34:55.909;14:35:31.796;0:37.167;0:33.264;0:54.957;266.0;Antonio FUOCO;;LMP2 Pro/Am;;AF Corse;Oreca;GF;37.167;33.264;54.957;
83;3;70;2:06.510;0;;36.553;0;33.635;0;56.322;0;167.6;2:37:02.419;14:37:38.306;0:36.553;0:33.635;0:56.322;265.4;Antonio FUOCO;;LMP2 Pro/Am;;AF Corse;Oreca;GF;36.553;33.635;56.322;
83;3;71;2:19.883;0;;36.946;0;34.039;0;1:08.898;0;151.6;2:39:22.302;14:39:58.189;0:36.946;0:34.039;1:08.898;240.5;Antonio FUOCO;;LMP2 Pro/Am;;AF Corse;Oreca;FCY;36.946;34.039;68.898;
83;3;72;4:25.361;0;;1:31.571;0;1:07.878;0;1:45.912;0;79.9;2:43:47.663;14:44:23.550;1:31.571;1:07.878;1:45.912;;Antonio FUOCO;;LMP2 Pro/Am;;AF Corse;Oreca;FCY;91.571;67.878;105.912;
83;3;73;3:01.985;0;;1:27.499;0;36.913;0;57.573;0;116.5;2:46:49.648;14:47:25.535;1:27.499;0:36.913;0:57.573;195.3;Antonio FUOCO;;LMP2 Pro/Am;;AF Corse;Oreca;GF;87.499;36.913;57.573;
83;3;74;2:08.415;0;;37.682;0;34.435;0;56.298;0;165.1;2:48:58.063;14:49:33.950;0:37.682;0:34.435;0:56.298;264.7;Antonio FUOCO;;LMP2 Pro/Am;;AF Corse;Oreca;GF;37.682;34.435;56.298;
83;3;75;2:08.163;0;;37.257;0;34.696;0;56.210;0;165.5;2:51:06.226;14:51:42.113;0:37.257;0:34.696;0:56.210;264.1;Antonio FUOCO;;LMP2 Pro/Am;;AF Corse;Oreca;GF;37.257;34.696;56.210;
83;3;76;3:55.086;0;;1:02.160;0;1:07.829;0;1:45.097;0;90.2;2:55:01.312;14:55:37.199;1:02.160;1:07.829;1:45.097;;Antonio FUOCO;;LMP2 Pro/Am;;AF Corse;Oreca;FCY;62.160;67.829;105.097;
83;3;77;4:30.492;0;;1:31.348;0;1:08.113;0;1:51.031;0;78.4;2:59:31.804;15:00:07.691;1:31.348;1:08.113;1:51.031;;Antonio FUOCO;;LMP2 Pro/Am;;AF Corse;Oreca;FCY;91.348;68.113;111.031;
83;3;78;2:32.630;0;B;54.439;0;35.381;0;1:02.810;0;138.9;3:02:04.434;15:02:40.321;0:54.439;0:35.381;1:02.810;260.2;Antonio FUOCO;;LMP2 Pro/Am;;AF Corse;Oreca;GF;54.439;35.381;62.810;
83;2;79;3:35.336;0;;1:59.378;0;37.026;0;58.932;0;98.5;3:05:39.770;15:06:15.657;1:59.378;0:37.026;0:58.932;254.1;Matthieu VAXIVIERE;0:01:21.296;LMP2 Pro/Am;;AF Corse;Oreca;GF;119.378;37.026;58.932;
83;2;80;2:10.644;0;;38.022;0;35.599;0;57.023;0;162.3;3:07:50.414;15:08:26.301;0:38.022;0:35.599;0:57.023;264.1;Matthieu VAXIVIERE;;LMP2 Pro/Am;;AF Corse;Oreca;GF;38.022;35.599;57.023;
83;2;81;2:08.132;0;;37.028;0;34.271;0;56.833;0;165.5;3:09:58.546;15:10:34.433;0:37.028;0:34.271;0:56.833;264.7;Matthieu VAXIVIERE;;LMP2 Pro/Am;;AF Corse;Oreca;GF;37.028;34.271;56.833;
83;2;82;2:07.109;0;;36.971;0;34.333;0;55.805;0;166.8;3:12:05.655;15:12:41.542;0:36.971;0:34.333;0:55.805;265.4;Matthieu VAXIVIERE;;LMP2 Pro/Am;;AF Corse;Oreca;GF;36.971;34.333;55.805;
83;2;83;2:07.812;0;;38.522;0;33.908;0;55.382;0;165.9;3:14:13.467;15:14:49.354;0:38.522;0:33.908;0:55.382;265.4;Matthieu VAXIVIERE;;LMP2 Pro/Am;;AF Corse;Oreca;GF;38.522;33.908;55.382;
83;2;84;2:08.046;0;;37.183;0;34.703;0;56.160;0;165.6;3:16:21.513;15:16:57.400;0:37.183;0:34.703;0:56.160;264.1;Matthieu VAXIVIERE;;LMP2 Pro/Am;;AF Corse;Oreca;GF;37.183;34.703;56.160;
83;2;85;2:08.680;0;;37.382;0;34.605;0;56.693;0;164.8;3:18:30.193;15:19:06.080;0:37.382;0:34.605;0:56.693;266.0;Matthieu VAXIVIERE;;LMP2 Pro/Am;;AF Corse;Oreca;GF;37.382;34.605;56.693;
83;2;86;2:06.655;0;;37.180;0;34.040;0;55.435;0;167.4;3:20:36.848;15:21:12.735;0:37.180;0:34.040;0:55.435;264.7;Matthieu VAXIVIERE;;LMP2 Pro/Am;;AF Corse;Oreca;GF;37.180;34.040;55.435;
83;2;87;2:07.224;0;;36.740;0;34.591;0;55.893;0;166.7;3:22:44.072;15:23:19.959;0:36.740;0:34.591;0:55.893;266.7;Matthieu VAXIVIERE;;LMP2 Pro/Am;;AF Corse;Oreca;GF;36.740;34.591;55.893;
83;2;88;2:07.236;0;;36.689;0;34.263;0;56.284;0;166.7;3:24:51.308;15:25:27.195;0:36.689;0:34.263;0:56.284;266.7;Matthieu VAXIVIERE;;LMP2 Pro/Am;;AF Corse;Oreca;GF;36.689;34.263;56.284;
83;2;89;2:08.649;0;;37.083;0;35.189;0;56.377;0;164.8;3:26:59.957;15:27:35.844;0:37.083;0:35.189;0:56.377;266.0;Matthieu VAXIVIERE;;LMP2 Pro/Am;;AF Corse;Oreca;GF;37.083;35.189;56.377;
83;2;90;2:06.763;0;;37.313;0;34.027;0;55.423;0;167.3;3:29:06.720;15:29:42.607;0:37.313;0:34.027;0:55.423;266.0;Matthieu VAXIVIERE;;LMP2 Pro/Am;;AF Corse;Oreca;GF;37.313;34.027;55.423;
83;2;91;2:06.237;0;;36.370;0;33.907;0;55.960;0;168.0;3:31:12.957;15:31:48.844;0:36.370;0:33.907;0:55.960;267.3;Matthieu VAXIVIERE;;LMP2 Pro/Am;;AF Corse;Oreca;GF;36.370;33.907;55.960;
83;2;92;2:06.162;0;;36.989;0;33.910;0;55.263;0;168.1;3:33:19.119;15:33:55.006;0:36.989;0:33.910;0:55.263;265.4;Matthieu VAXIVIERE;;LMP2 Pro/Am;;AF Corse;Oreca;GF;36.989;33.910;55.263;
83;2;93;2:06.553;0;;36.742;0;34.142;0;55.669;0;167.6;3:35:25.672;15:36:01.559;0:36.742;0:34.142;0:55.669;264.7;Matthieu VAXIVIERE;;LMP2 Pro/Am;;AF Corse;Oreca;GF;36.742;34.142;55.669;
83;2;94;2:06.586;0;;36.550;0;34.148;0;55.888;0;167.5;3:37:32.258;15:38:08.145;0:36.550;0:34.148;0:55.888;268.0;Matthieu VAXIVIERE;;LMP2 Pro/Am;;AF Corse;Oreca;GF;36.550;34.148;55.888;
83;2;95;2:07.219;0;;37.291;0;33.918;0;56.010;0;166.7;3:39:39.477;15:40:15.364;0:37.291;0:33.918;0:56.010;268.7;Matthieu VAXIVIERE;;LMP2 Pro/Am;;AF Corse;Oreca;GF;37.291;33.918;56.010;
83;2;96;2:08.355;0;;37.560;0;33.970;0;56.825;0;165.2;3:41:47.832;15:42:23.719;0:37.560;0:33.970;0:56.825;266.7;Matthieu VAXIVIERE;;LMP2 Pro/Am;;AF Corse;Oreca;GF;37.560;33.970;56.825;
83;2;97;2:08.600;0;;37.527;0;35.018;0;56.055;0;164.9;3:43:56.432;15:44:32.319;0:37.527;0:35.018;0:56.055;268.0;Matthieu VAXIVIERE;;LMP2 Pro/Am;;AF Corse;Oreca;GF;37.527;35.018;56.055;
83;2;98;2:08.113;0;;37.774;0;34.281;0;56.058;0;165.5;3:46:04.545;15:46:40.432;0:37.774;0:34.281;0:56.058;268.7;Matthieu VAXIVIERE;;LMP2 Pro/Am;;AF Corse;Oreca;GF;37.774;34.281;56.058;
83;2;99;2:08.619;0;;37.085;0;35.308;0;56.226;0;164.9;3:48:13.164;15:48:49.051;0:37.085;0:35.308;0:56.226;268.0;Matthieu VAXIVIERE;;LMP2 Pro/Am;;AF Corse;Oreca;GF;37.085;35.308;56.226;
83;2;100;2:06.781;0;;36.880;0;34.225;0;55.676;0;167.3;3:50:19.945;15:50:55.832;0:36.880;0:34.225;0:55.676;267.3;Matthieu VAXIVIERE;;LMP2 Pro/Am;;AF Corse;Oreca;GF;36.880;34.225;55.676;
83;2;101;2:10.767;0;B;36.583;0;34.268;0;59.916;0;162.2;3:52:30.712;15:53:06.599;0:36.583;0:34.268;0:59.916;267.3;Matthieu VAXIVIERE;;LMP2 Pro/Am;;AF Corse;Oreca;GF;36.583;34.268;59.916;
83;2;102;2:39.694;0;;1:08.479;0;35.181;0;56.034;0;132.8;3:55:10.406;15:55:46.293;1:08.479;0:35.181;0:56.034;266.0;Matthieu VAXIVIERE;0:00:34.355;LMP2 Pro/Am;;AF Corse;Oreca;GF;68.479;35.181;56.034;
83;2;103;2:05.650;0;;36.403;0;33.819;0;55.428;0;168.8;3:57:16.056;15:57:51.943;0:36.403;0:33.819;0:55.428;267.3;Matthieu VAXIVIERE;;LMP2 Pro/Am;;AF Corse;Oreca;GF;36.403;33.819;55.428;
83;2;104;2:04.732;0;;35.987;1;33.569;1;55.176;1;170.0;3:59:20.788;15:59:56.675;0:35.987;0:33.569;0:55.176;268.0;Matthieu VAXIVIERE;;LMP2 Pro/Am;;AF Corse;Oreca;GF;35.987;33.569;55.176;
83;2;105;2:06.265;0;;36.634;0;33.627;0;56.004;0;168.0;4:01:27.053;16:02:02.940;0:36.634;0:33.627;0:56.004;266.0;Matthieu VAXIVIERE;;LMP2 Pro/Am;;AF Corse;Oreca;FF;36.634;33.627;56.004;
85;1;1;2:13.176;0;;46.174;0;34.101;0;52.901;0;155.4;2:13.176;12:02:49.063;0:46.174;0:34.101;0:52.901;242.2;Fabien MICHAL;;LMP3;;R-ace GP;Duqueine;GF;46.174;34.101;52.901;
85;1;2;2:00.656;0;;36.286;0;31.777;0;52.593;0;175.8;4:13.832;12:04:49.719;0:36.286;0:31.777;0:52.593;243.8;Fabien MICHAL;;LMP3;;R-ace GP;Duqueine;GF;36.286;31.777;52.593;
85;1;3;1:59.028;0;;35.753;0;31.512;0;51.763;0;178.2;6:12.860;12:06:48.747;0:35.753;0:31.512;0:51.763;243.2;Fabien MICHAL;;LMP3;;R-ace GP;Duqueine;GF;35.753;31.512;51.763;
85;1;4;1:58.237;0;;35.443;0;31.160;0;51.634;0;179.4;8:11.097;12:08:46.984;0:35.443;0:31.160;0:51.634;243.2;Fabien MICHAL;;LMP3;;R-ace GP;Duqueine;GF;35.443;31.160;51.634;
85;1;5;1:57.750;0;;35.426;0;30.986;0;51.338;0;180.1;10:08.847;12:10:44.734;0:35.426;0:30.986;0:51.338;243.8;Fabien MICHAL;;LMP3;;R-ace GP;Duqueine;GF;35.426;30.986;51.338;
85;1;6;1:57.766;0;;35.254;0;31.020;0;51.492;0;180.1;12:06.613;12:12:42.500;0:35.254;0:31.020;0:51.492;243.2;Fabien MICHAL;;LMP3;;R-ace GP;Duqueine;GF;35.254;31.020;51.492;
85;1;7;1:57.845;0;;35.320;0;30.979;0;51.546;0;180.0;14:04.458;12:14:40.345;0:35.320;0:30.979;0:51.546;242.7;Fabien MICHAL;;LMP3;;R-ace GP;Duqueine;GF;35.320;30.979;51.546;
85;1;8;1:57.612;0;;35.241;0;30.807;0;51.564;0;180.3;16:02.070;12:16:37.957;0:35.241;0:30.807;0:51.564;244.9;Fabien MICHAL;;LMP3;;R-ace GP;Duqueine;GF;35.241;30.807;51.564;
85;1;9;1:57.451;0;;35.301;0;30.850;0;51.300;0;180.6;17:59.521;12:18:35.408;0:35.301;0:30.850;0:51.300;243.8;Fabien MICHAL;;LMP3;;R-ace GP;Duqueine;GF;35.301;30.850;51.300;
85;1;10;1:57.951;0;;35.571;0;30.755;0;51.625;0;179.8;19:57.472;12:20:33.359;0:35.571;0:30.755;0:51.625;242.7;Fabien MICHAL;;LMP3;;R-ace GP;Duqueine;GF;35.571;30.755;51.625;
85;1;11;1:59.522;0;;35.349;0;31.654;0;52.519;0;177.4;21:56.994;12:22:32.881;0:35.349;0:31.654;0:52.519;243.2;Fabien MICHAL;;LMP3;;R-ace GP;Duqueine;GF;35.349;31.654;52.519;
85;1;12;1:58.392;0;;35.307;0;31.257;0;51.828;0;179.1;23:55.386;12:24:31.273;0:35.307;0:31.257;0:51.828;243.8;Fabien MICHAL;;LMP3;;R-ace GP;Duqueine;GF;35.307;31.257;51.828;
85;1;13;1:58.341;0;;35.277;0;31.343;0;51.721;0;179.2;25:53.727;12:26:29.614;0:35.277;0:31.343;0:51.721;243.8;Fabien MICHAL;;LMP3;;R-ace GP;Duqueine;GF;35.277;31.343;51.721;
85;1;14;1:58.435;0;;35.450;0;30.850;0;52.135;0;179.1;27:52.162;12:28:28.049;0:35.450;0:30.850;0:52.135;244.9;Fabien MICHAL;;LMP3;;R-ace GP;Duqueine;GF;35.450;30.850;52.135;
85;1;15;1:58.899;0;;35.239;0;30.976;0;52.684;0;178.4;29:51.061;12:30:26.948;0:35.239;0:30.976;0:52.684;243.8;Fabien MICHAL;;LMP3;;R-ace GP;Duqueine;GF;35.239;30.976;52.684;
85;1;16;1:57.170;0;;35.045;0;30.817;0;51.308;0;181.0;31:48.231;12:32:24.118;0:35.045;0:30.817;0:51.308;245.5;Fabien MICHAL;;LMP3;;R-ace GP;Duqueine;GF;35.045;30.817;51.308;
85;1;17;1:59.346;0;;35.129;0;31.418;0;52.799;0;177.7;33:47.577;12:34:23.464;0:35.129;0:31.418;0:52.799;244.3;Fabien MICHAL;;LMP3;;R-ace GP;Duqueine;GF;35.129;31.418;52.799;
85;1;18;1:59.039;0;;36.448;0;30.879;0;51.712;0;178.2;35:46.616;12:36:22.503;0:36.448;0:30.879;0:51.712;242.2;Fabien MICHAL;;LMP3;;R-ace GP;Duqueine;GF;36.448;30.879;51.712;
85;1;19;1:57.878;0;;35.386;0;30.821;0;51.671;0;179.9;37:44.494;12:38:20.381;0:35.386;0:30.821;0:51.671;244.9;Fabien MICHAL;;LMP3;;R-ace GP;Duqueine;GF;35.386;30.821;51.671;
85;1;20;2:01.040;0;;35.560;0;31.478;0;54.002;0;175.2;39:45.534;12:40:21.421;0:35.560;0:31.478;0:54.002;243.2;Fabien MICHAL;;LMP3;;R-ace GP;Duqueine;GF;35.560;31.478;54.002;
85;1;21;2:02.693;0;;37.616;0;32.182;0;52.895;0;172.9;41:48.227;12:42:24.114;0:37.616;0:32.182;0:52.895;242.7;Fabien MICHAL;;LMP3;;R-ace GP;Duqueine;GF;37.616;32.182;52.895;
85;1;22;1:57.837;0;;35.621;0;30.832;0;51.384;0;180.0;43:46.064;12:44:21.951;0:35.621;0:30.832;0:51.384;242.7;Fabien MICHAL;;LMP3;;R-ace GP;Duqueine;GF;35.621;30.832;51.384;
85;1;23;1:59.757;0;;35.352;0;31.775;0;52.630;0;177.1;45:45.821;12:46:21.708;0:35.352;0:31.775;0:52.630;246.0;Fabien MICHAL;;LMP3;;R-ace GP;Duqueine;GF;35.352;31.775;52.630;
85;1;24;1:59.371;0;;35.541;0;32.015;0;51.815;0;177.7;47:45.192;12:48:21.079;0:35.541;0:32.015;0:51.815;246.6;Fabien MICHAL;;LMP3;;R-ace GP;Duqueine;GF;35.541;32.015;51.815;
85;1;25;1:57.797;0;;35.255;0;30.916;0;51.626;0;180.0;49:42.989;12:50:18.876;0:35.255;0:30.916;0:51.626;244.3;Fabien MICHAL;;LMP3;;R-ace GP;Duqueine;GF;35.255;30.916;51.626;
85;1;26;1:59.189;0;;35.347;0;31.192;0;52.650;0;177.9;51:42.178;12:52:18.065;0:35.347;0:31.192;0:52.650;240.5;Fabien MICHAL;;LMP3;;R-ace GP;Duqueine;GF;35.347;31.192;52.650;
85;1;27;1:57.064;2;;35.378;0;30.589;2;51.097;2;181.2;53:39.242;12:54:15.129;0:35.378;0:30.589;0:51.097;243.8;Fabien MICHAL;;LMP3;;R-ace GP;Duqueine;GF;35.378;30.589;51.097;
85;1;28;1:57.198;0;;35.103;0;30.872;0;51.223;0;181.0;55:36.440;12:56:12.327;0:35.103;0:30.872;0:51.223;246.0;Fabien MICHAL;;LMP3;;R-ace GP;Duqueine;GF;35.103;30.872;51.223;
85;1;29;2:01.813;0;B;34.954;2;31.626;0;55.233;0;174.1;57:38.253;12:58:14.140;0:34.954;0:31.626;0:55.233;246.0;Fabien MICHAL;;LMP3;;R-ace GP;Duqueine;GF;34.954;31.626;55.233;
85;1;30;2:53.678;0;;1:29.923;0;31.245;0;52.510;0;122.1;1:00:31.931;13:01:07.818;1:29.923;0:31.245;0:52.510;242.2;Fabien MICHAL;0:00:57.078;LMP3;;R-ace GP;Duqueine;GF;89.923;31.245;52.510;
85;1;31;1:59.339;0;;35.627;0;31.423;0;52.289;0;177.7;1:02:31.270;13:03:07.157;0:35.627;0:31.423;0:52.289;241.1;Fabien MICHAL;;LMP3;;R-ace GP;Duqueine;GF;35.627;31.423;52.289;
85;1;32;1:59.832;0;;36.175;0;31.003;0;52.654;0;177.0;1:04:31.102;13:05:06.989;0:36.175;0:31.003;0:52.654;242.7;Fabien MICHAL;;LMP3;;R-ace GP;Duqueine;GF;36.175;31.003;52.654;
85;1;33;1:58.579;0;;35.572;0;30.916;0;52.091;0;178.8;1:06:29.681;13:07:05.568;0:35.572;0:30.916;0:52.091;241.1;Fabien MICHAL;;LMP3;;R-ace GP;Duqueine;GF;35.572;30.916;52.091;
85;1;34;1:59.304;0;;35.267;0;31.718;0;52.319;0;177.8;1:08:28.985;13:09:04.872;0:35.267;0:31.718;0:52.319;243.2;Fabien MICHAL;;LMP3;;R-ace GP;Duqueine;GF;35.267;31.718;52.319;
85;1;35;1:59.159;0;;35.694;0;31.299;0;52.166;0;178.0;1:10:28.144;13:11:04.031;0:35.694;0:31.299;0:52.166;242.7;Fabien MICHAL;;LMP3;;R-ace GP;Duqueine;GF;35.694;31.299;52.166;
85;1;36;1:58.532;0;;35.508;0;30.954;0;52.070;0;178.9;1:12:26.676;13:13:02.563;0:35.508;0:30.954;0:52.070;242.7;Fabien MICHAL;;LMP3;;R-ace GP;Duqueine;GF;35.508;30.954;52.070;
85;1;37;2:01.279;0;;36.514;0;31.037;0;53.728;0;174.9;1:14:27.955;13:15:03.842;0:36.514;0:31.037;0:53.728;244.3;Fabien MICHAL;;LMP3;;R-ace GP;Duqueine;GF;36.514;31.037;53.728;
85;1;38;2:06.717;0;;37.859;0;33.171;0;55.687;0;167.4;1:16:34.672;13:17:10.559;0:37.859;0:33.171;0:55.687;248.8;Fabien MICHAL;;LMP3;;R-ace GP;Duqueine;GF;37.859;33.171;55.687;
85;1;39;2:05.969;0;;38.199;0;32.388;0;55.382;0;168.4;1:18:40.641;13:19:16.528;0:38.199;0:32.388;0:55.382;244.3;Fabien MICHAL;;LMP3;;R-ace GP;Duqueine;GF;38.199;32.388;55.382;
85;1;40;3:15.893;0;;1:10.471;0;1:06.322;0;59.100;0;108.3;1:21:56.534;13:22:32.421;1:10.471;1:06.322;0:59.100;;Fabien MICHAL;;LMP3;;R-ace GP;Duqueine;GF;70.471;66.322;59.100;
85;1;41;2:10.446;0;;38.423;0;32.648;0;59.375;0;162.6;1:24:06.980;13:24:42.867;0:38.423;0:32.648;0:59.375;246.6;Fabien MICHAL;;LMP3;;R-ace GP;Duqueine;GF;38.423;32.648;59.375;
85;1;42;4:20.373;0;B;1:27.422;0;1:07.379;0;1:45.572;0;81.5;1:28:27.353;13:29:03.240;1:27.422;1:07.379;1:45.572;;Fabien MICHAL;;LMP3;;R-ace GP;Duqueine;GF;87.422;67.379;105.572;
85;1;43;5:58.130;0;;2:57.365;0;1:09.101;0;1:51.664;0;59.2;1:34:25.483;13:35:01.370;2:57.365;1:09.101;1:51.664;;Fabien MICHAL;0:01:41.758;LMP3;;R-ace GP;Duqueine;SF;177.365;69.101;111.664;
85;1;44;2:42.576;0;;52.628;0;44.960;0;1:04.988;0;130.4;1:37:08.059;13:37:43.946;0:52.628;0:44.960;1:04.988;197.1;Fabien MICHAL;;LMP3;;R-ace GP;Duqueine;SF;52.628;44.960;64.988;
85;1;45;3:01.600;0;;41.745;0;45.930;0;1:33.925;0;116.8;1:40:09.659;13:40:45.546;0:41.745;0:45.930;1:33.925;215.1;Fabien MICHAL;;LMP3;;R-ace GP;Duqueine;SF;41.745;45.930;93.925;
85;1;46;4:17.895;0;;1:29.137;0;1:00.106;0;1:48.652;0;82.2;1:44:27.554;13:45:03.441;1:29.137;1:00.106;1:48.652;;Fabien MICHAL;;LMP3;;R-ace GP;Duqueine;SF;89.137;60.106;108.652;
85;1;47;4:06.592;0;;1:30.597;0;59.095;0;1:36.900;0;86.0;1:48:34.146;13:49:10.033;1:30.597;0:59.095;1:36.900;;Fabien MICHAL;;LMP3;;R-ace GP;Duqueine;SF;90.597;59.095;96.900;
85;1;48;3:43.622;0;B;1:19.214;0;52.441;0;1:31.967;0;94.8;1:52:17.768;13:52:53.655;1:19.214;0:52.441;1:31.967;127.4;Fabien MICHAL;;LMP3;;R-ace GP;Duqueine;SF;79.214;52.441;91.967;
85;2;49;4:10.118;0;;2:20.384;0;38.753;0;1:10.981;0;84.8;1:56:27.886;13:57:03.773;2:20.384;0:38.753;1:10.981;219.5;Pierre-Alexandre PROVOST;0:01:41.450;LMP3;;R-ace GP;Duqueine;SF;140.384;38.753;70.981;
85;2;50;2:45.869;0;;49.600;0;43.508;0;1:12.761;0;127.9;1:59:13.755;13:59:49.642;0:49.600;0:43.508;1:12.761;166.7;Pierre-Alexandre PROVOST;;LMP3;;R-ace GP;Duqueine;SF;49.600;43.508;72.761;
85;2;51;2:43.281;0;;51.295;0;44.159;0;1:07.827;0;129.9;2:01:57.036;14:02:32.923;0:51.295;0:44.159;1:07.827;206.5;Pierre-Alexandre PROVOST;;LMP3;;R-ace GP;Duqueine;SF;51.295;44.159;67.827;
85;2;52;2:34.957;0;;47.529;0;40.582;0;1:06.846;0;136.9;2:04:31.993;14:05:07.880;0:47.529;0:40.582;1:06.846;204.9;Pierre-Alexandre PROVOST;;LMP3;;R-ace GP;Duqueine;SF;47.529;40.582;66.846;
85;2;53;2:30.249;0;;42.437;0;37.118;0;1:10.694;0;141.1;2:07:02.242;14:07:38.129;0:42.437;0:37.118;1:10.694;197.8;Pierre-Alexandre PROVOST;;LMP3;;R-ace GP;Duqueine;SF;42.437;37.118;70.694;
85;2;54;2:57.617;0;;50.290;0;46.103;0;1:21.224;0;119.4;2:09:59.859;14:10:35.746;0:50.290;0:46.103;1:21.224;173.9;Pierre-Alexandre PROVOST;;LMP3;;R-ace GP;Duqueine;GF;50.290;46.103;81.224;
85;2;55;2:19.428;0;;41.350;0;37.419;0;1:00.659;0;152.1;2:12:19.287;14:12:55.174;0:41.350;0:37.419;1:00.659;239.5;Pierre-Alexandre PROVOST;;LMP3;;R-ace GP;Duqueine;GF;41.350;37.419;60.659;
85;2;56;2:16.304;0;;40.690;0;36.686;0;58.928;0;155.6;2:14:35.591;14:15:11.478;0:40.690;0:36.686;0:58.928;243.2;Pierre-Alexandre PROVOST;;LMP3;;R-ace GP;Duqueine;GF;40.690;36.686;58.928;
85;2;57;2:14.578;0;;39.562;0;36.247;0;58.769;1;157.6;2:16:50.169;14:17:26.056;0:39.562;0:36.247;0:58.769;237.4;Pierre-Alexandre PROVOST;;LMP3;;R-ace GP;Duqueine;GF;39.562;36.247;58.769;
85;2;58;2:15.208;0;;39.825;0;36.278;0;59.105;0;156.9;2:19:05.377;14:19:41.264;0:39.825;0:36.278;0:59.105;240.0;Pierre-Alexandre PROVOST;;LMP3;;R-ace GP;Duqueine;GF;39.825;36.278;59.105;
85;2;59;2:14.209;0;;39.470;0;35.814;1;58.925;0;158.0;2:21:19.586;14:21:55.473;0:39.470;0:35.814;0:58.925;240.0;Pierre-Alexandre PROVOST;;LMP3;;R-ace GP;Duqueine;GF;39.470;35.814;58.925;
85;2;60;2:14.747;0;;39.361;0;35.985;0;59.401;0;157.4;2:23:34.333;14:24:10.220;0:39.361;0:35.985;0:59.401;242.2;Pierre-Alexandre PROVOST;;LMP3;;R-ace GP;Duqueine;GF;39.361;35.985;59.401;
85;2;61;2:13.945;0;;39.251;1;35.838;0;58.856;0;158.3;2:25:48.278;14:26:24.165;0:39.251;0:35.838;0:58.856;240.0;Pierre-Alexandre PROVOST;;LMP3;;R-ace GP;Duqueine;GF;39.251;35.838;58.856;
85;2;62;2:15.748;0;;39.897;0;36.145;0;59.706;0;156.2;2:28:04.026;14:28:39.913;0:39.897;0:36.145;0:59.706;240.0;Pierre-Alexandre PROVOST;;LMP3;;R-ace GP;Duqueine;GF;39.897;36.145;59.706;
85;2;63;2:16.557;0;;40.331;0;36.107;0;1:00.119;0;155.3;2:30:20.583;14:30:56.470;0:40.331;0:36.107;1:00.119;241.1;Pierre-Alexandre PROVOST;;LMP3;;R-ace GP;Duqueine;GF;40.331;36.107;60.119;
85;2;64;2:15.974;0;;40.029;0;36.035;0;59.910;0;156.0;2:32:36.557;14:33:12.444;0:40.029;0:36.035;0:59.910;240.0;Pierre-Alexandre PROVOST;;LMP3;;R-ace GP;Duqueine;GF;40.029;36.035;59.910;
85;2;65;2:16.025;0;;40.345;0;36.029;0;59.651;0;155.9;2:34:52.582;14:35:28.469;0:40.345;0:36.029;0:59.651;237.4;Pierre-Alexandre PROVOST;;LMP3;;R-ace GP;Duqueine;GF;40.345;36.029;59.651;
85;2;66;2:17.069;0;;40.382;0;36.185;0;1:00.502;0;154.7;2:37:09.651;14:37:45.538;0:40.382;0:36.185;1:00.502;237.9;Pierre-Alexandre PROVOST;;LMP3;;R-ace GP;Duqueine;GF;40.382;36.185;60.502;
85;2;67;2:46.420;0;;40.315;0;36.679;0;1:29.426;0;127.4;2:39:56.071;14:40:31.958;0:40.315;0:36.679;1:29.426;241.1;Pierre-Alexandre PROVOST;;LMP3;;R-ace GP;Duqueine;FCY;40.315;36.679;89.426;
85;2;68;4:26.110;0;;1:31.586;0;1:08.057;0;1:46.467;0;79.7;2:44:22.181;14:44:58.068;1:31.586;1:08.057;1:46.467;;Pierre-Alexandre PROVOST;;LMP3;;R-ace GP;Duqueine;FCY;91.586;68.057;106.467;
85;2;69;2:49.662;0;;1:10.169;0;37.975;0;1:01.518;0;125.0;2:47:11.843;14:47:47.730;1:10.169;0:37.975;1:01.518;233.3;Pierre-Alexandre PROVOST;;LMP3;;R-ace GP;Duqueine;GF;70.169;37.975;61.518;
85;2;70;2:18.408;0;;40.476;0;37.335;0;1:00.597;0;153.2;2:49:30.251;14:50:06.138;0:40.476;0:37.335;1:00.597;237.9;Pierre-Alexandre PROVOST;;LMP3;;R-ace GP;Duqueine;GF;40.476;37.335;60.597;
85;2;71;2:32.760;0;;40.078;0;38.076;0;1:14.606;0;138.8;2:52:03.011;14:52:38.898;0:40.078;0:38.076;1:14.606;238.4;Pierre-Alexandre PROVOST;;LMP3;;R-ace GP;Duqueine;FCY;40.078;38.076;74.606;
85;2;72;4:25.223;0;;1:31.399;0;1:08.079;0;1:45.745;0;80.0;2:56:28.234;14:57:04.121;1:31.399;1:08.079;1:45.745;;Pierre-Alexandre PROVOST;;LMP3;;R-ace GP;Duqueine;FCY;91.399;68.079;105.745;
85;2;73;4:00.176;0;;1:31.295;0;1:07.785;0;1:21.096;0;88.3;3:00:28.410;15:01:04.297;1:31.295;1:07.785;1:21.096;;Pierre-Alexandre PROVOST;;LMP3;;R-ace GP;Duqueine;GF;91.295;67.785;81.096;
85;2;74;2:17.872;0;;40.746;0;37.077;0;1:00.049;0;153.8;3:02:46.282;15:03:22.169;0:40.746;0:37.077;1:00.049;236.8;Pierre-Alexandre PROVOST;;LMP3;;R-ace GP;Duqueine;GF;40.746;37.077;60.049;
85;2;75;2:23.457;0;B;41.450;0;37.424;0;1:04.583;0;147.8;3:05:09.739;15:05:45.626;0:41.450;0:37.424;1:04.583;238.4;Pierre-Alexandre PROVOST;;LMP3;;R-ace GP;Duqueine;GF;41.450;37.424;64.583;
85;3;76;3:07.958;0;;1:31.363;0;36.616;0;59.979;0;112.8;3:08:17.697;15:08:53.584;1:31.363;0:36.616;0:59.979;234.3;Hugo SCHWARZE;0:00:54.280;LMP3;;R-ace GP;Duqueine;GF;91.363;36.616;59.979;
85;3;77;2:15.861;0;;40.825;0;35.940;0;59.096;0;156.1;3:10:33.558;15:11:09.445;0:40.825;0:35.940;0:59.096;236.3;Hugo SCHWARZE;;LMP3;;R-ace GP;Duqueine;GF;40.825;35.940;59.096;
85;3;78;2:16.539;0;;40.653;0;36.036;0;59.850;0;155.3;3:12:50.097;15:13:25.984;0:40.653;0:36.036;0:59.850;236.3;Hugo SCHWARZE;;LMP3;;R-ace GP;Duqueine;GF;40.653;36.036;59.850;
85;3;79;2:15.864;0;;40.348;0;36.135;0;59.381;0;156.1;3:15:05.961;15:15:41.848;0:40.348;0:36.135;0:59.381;238.4;Hugo SCHWARZE;;LMP3;;R-ace GP;Duqueine;GF;40.348;36.135;59.381;
85;3;80;2:14.589;0;;39.012;1;36.310;0;59.267;0;157.6;3:17:20.550;15:17:56.437;0:39.012;0:36.310;0:59.267;238.9;Hugo SCHWARZE;;LMP3;;R-ace GP;Duqueine;GF;39.012;36.310;59.267;
85;3;81;2:16.145;0;;40.973;0;36.044;0;59.128;0;155.8;3:19:36.695;15:20:12.582;0:40.973;0:36.044;0:59.128;239.5;Hugo SCHWARZE;;LMP3;;R-ace GP;Duqueine;GF;40.973;36.044;59.128;
85;3;82;2:16.429;0;;40.184;0;36.320;0;59.925;0;155.4;3:21:53.124;15:22:29.011;0:40.184;0:36.320;0:59.925;238.4;Hugo SCHWARZE;;LMP3;;R-ace GP;Duqueine;GF;40.184;36.320;59.925;
85;3;83;2:16.678;0;;40.794;0;36.091;0;59.793;0;155.2;3:24:09.802;15:24:45.689;0:40.794;0:36.091;0:59.793;241.1;Hugo SCHWARZE;;LMP3;;R-ace GP;Duqueine;GF;40.794;36.091;59.793;
85;3;84;2:16.604;0;;40.382;0;36.445;0;59.777;0;155.2;3:26:26.406;15:27:02.293;0:40.382;0:36.445;0:59.777;238.4;Hugo SCHWARZE;;LMP3;;R-ace GP;Duqueine;GF;40.382;36.445;59.777;
85;3;85;2:16.822;0;;40.559;0;36.334;0;59.929;0;155.0;3:28:43.228;15:29:19.115;0:40.559;0:36.334;0:59.929;238.9;Hugo SCHWARZE;;LMP3;;R-ace GP;Duqueine;GF;40.559;36.334;59.929;
85;3;86;2:16.971;0;;40.617;0;36.363;0;59.991;0;154.8;3:31:00.199;15:31:36.086;0:40.617;0:36.363;0:59.991;238.9;Hugo SCHWARZE;;LMP3;;R-ace GP;Duqueine;GF;40.617;36.363;59.991;
85;3;87;2:16.746;0;;40.493;0;36.574;0;59.679;0;155.1;3:33:16.945;15:33:52.832;0:40.493;0:36.574;0:59.679;236.8;Hugo SCHWARZE;;LMP3;;R-ace GP;Duqueine;GF;40.493;36.574;59.679;
85;3;88;2:15.627;0;;40.247;0;36.030;0;59.350;0;156.4;3:35:32.572;15:36:08.459;0:40.247;0:36.030;0:59.350;240.5;Hugo SCHWARZE;;LMP3;;R-ace GP;Duqueine;GF;40.247;36.030;59.350;
85;3;89;2:15.298;0;;40.261;0;36.074;0;58.963;0;156.7;3:37:47.870;15:38:23.757;0:40.261;0:36.074;0:58.963;240.5;Hugo SCHWARZE;;LMP3;;R-ace GP;Duqueine;GF;40.261;36.074;58.963;
85;3;90;2:15.142;0;;40.440;0;35.930;0;58.772;0;156.9;3:40:03.012;15:40:38.899;0:40.440;0:35.930;0:58.772;236.8;Hugo SCHWARZE;;LMP3;;R-ace GP;Duqueine;GF;40.440;35.930;58.772;
85;3;91;2:15.456;0;;40.382;0;35.786;0;59.288;0;156.6;3:42:18.468;15:42:54.355;0:40.382;0:35.786;0:59.288;238.9;Hugo SCHWARZE;;LMP3;;R-ace GP;Duqueine;GF;40.382;35.786;59.288;
85;3;92;2:16.329;0;;39.997;0;36.811;0;59.521;0;155.6;3:44:34.797;15:45:10.684;0:39.997;0:36.811;0:59.521;239.5;Hugo SCHWARZE;;LMP3;;R-ace GP;Duqueine;GF;39.997;36.811;59.521;
85;3;93;2:14.773;0;;39.964;0;35.856;0;58.953;0;157.4;3:46:49.570;15:47:25.457;0:39.964;0:35.856;0:58.953;240.0;Hugo SCHWARZE;;LMP3;;R-ace GP;Duqueine;GF;39.964;35.856;58.953;
85;3;94;2:13.636;0;;39.557;0;35.675;0;58.404;1;158.7;3:49:03.206;15:49:39.093;0:39.557;0:35.675;0:58.404;238.9;Hugo SCHWARZE;;LMP3;;R-ace GP;Duqueine;GF;39.557;35.675;58.404;
85;3;95;2:13.216;0;;39.210;0;35.472;1;58.534;0;159.2;3:51:16.422;15:51:52.309;0:39.210;0:35.472;0:58.534;241.1;Hugo SCHWARZE;;LMP3;;R-ace GP;Duqueine;GF;39.210;35.472;58.534;
85;3;96;2:15.819;0;;39.768;0;36.148;0;59.903;0;156.1;3:53:32.241;15:54:08.128;0:39.768;0:36.148;0:59.903;242.2;Hugo SCHWARZE;;LMP3;;R-ace GP;Duqueine;GF;39.768;36.148;59.903;
85;3;97;2:14.405;0;;39.591;0;35.837;0;58.977;0;157.8;3:55:46.646;15:56:22.533;0:39.591;0:35.837;0:58.977;242.2;Hugo SCHWARZE;;LMP3;;R-ace GP;Duqueine;GF;39.591;35.837;58.977;
85;3;98;2:15.415;0;;39.513;0;35.822;0;1:00.080;0;156.6;3:58:02.061;15:58:37.948;0:39.513;0:35.822;1:00.080;241.6;Hugo SCHWARZE;;LMP3;;R-ace GP;Duqueine;GF;39.513;35.822;60.080;
85;3;99;2:14.893;0;;40.075;0;35.777;0;59.041;0;157.2;4:00:16.954;16:00:52.841;0:40.075;0:35.777;0:59.041;242.2;Hugo SCHWARZE;;LMP3;;R-ace GP;Duqueine;GF;40.075;35.777;59.041;
85;3;100;2:16.263;0;;40.720;0;36.082;0;59.461;0;155.6;4:02:33.217;16:03:09.104;0:40.720;0:36.082;0:59.461;238.9;Hugo SCHWARZE;;LMP3;;R-ace GP;Duqueine;FF;40.720;36.082;59.461;
86;1;1;2:24.532;0;;53.279;0;35.852;0;55.401;0;143.2;2:24.532;12:03:00.419;0:53.279;0:35.852;0:55.401;238.9;Michael WAINWRIGHT;;LMGT3;;GR Racing;Ferrari;GF;53.279;35.852;55.401;
86;1;2;2:06.346;0;;38.486;0;33.256;0;54.604;0;167.9;4:30.878;12:05:06.765;0:38.486;0:33.256;0:54.604;236.8;Michael WAINWRIGHT;;LMGT3;;GR Racing;Ferrari;GF;38.486;33.256;54.604;
86;1;3;2:05.039;0;;38.396;0;32.695;0;53.948;0;169.6;6:35.917;12:07:11.804;0:38.396;0:32.695;0:53.948;236.3;Michael WAINWRIGHT;;LMGT3;;GR Racing;Ferrari;GF;38.396;32.695;53.948;
86;1;4;2:04.772;0;;37.884;0;32.397;0;54.491;0;170.0;8:40.689;12:09:16.576;0:37.884;0:32.397;0:54.491;236.3;Michael WAINWRIGHT;;LMGT3;;GR Racing;Ferrari;GF;37.884;32.397;54.491;
86;1;5;2:04.824;0;;37.795;0;32.682;0;54.347;0;169.9;10:45.513;12:11:21.400;0:37.795;0:32.682;0:54.347;236.8;Michael WAINWRIGHT;;LMGT3;;GR Racing;Ferrari;GF;37.795;32.682;54.347;
86;1;6;2:05.131;0;;38.132;0;32.789;0;54.210;0;169.5;12:50.644;12:13:26.531;0:38.132;0:32.789;0:54.210;236.8;Michael WAINWRIGHT;;LMGT3;;GR Racing;Ferrari;GF;38.132;32.789;54.210;
86;1;7;2:07.437;0;;38.474;0;33.309;0;55.654;0;166.4;14:58.081;12:15:33.968;0:38.474;0:33.309;0:55.654;237.9;Michael WAINWRIGHT;;LMGT3;;GR Racing;Ferrari;GF;38.474;33.309;55.654;
86;1;8;2:06.327;0;;38.562;0;32.733;0;55.032;0;167.9;17:04.408;12:17:40.295;0:38.562;0:32.733;0:55.032;237.9;Michael WAINWRIGHT;;LMGT3;;GR Racing;Ferrari;GF;38.562;32.733;55.032;
86;1;9;2:05.642;0;;38.034;0;32.508;0;55.100;0;168.8;19:10.050;12:19:45.937;0:38.034;0:32.508;0:55.100;235.8;Michael WAINWRIGHT;;LMGT3;;GR Racing;Ferrari;GF;38.034;32.508;55.100;
86;1;10;2:05.065;0;;37.807;0;32.683;0;54.575;0;169.6;21:15.115;12:21:51.002;0:37.807;0:32.683;0:54.575;236.8;Michael WAINWRIGHT;;LMGT3;;GR Racing;Ferrari;GF;37.807;32.683;54.575;
86;1;11;2:05.054;0;;37.966;0;32.481;0;54.607;0;169.6;23:20.169;12:23:56.056;0:37.966;0:32.481;0:54.607;236.8;Michael WAINWRIGHT;;LMGT3;;GR Racing;Ferrari;GF;37.966;32.481;54.607;
86;1;12;2:05.438;0;;37.839;0;33.201;0;54.398;0;169.1;25:25.607;12:26:01.494;0:37.839;0:33.201;0:54.398;235.8;Michael WAINWRIGHT;;LMGT3;;GR Racing;Ferrari;GF;37.839;33.201;54.398;
86;1;13;2:04.191;0;;37.613;0;32.378;2;54.200;0;170.8;27:29.798;12:28:05.685;0:37.613;0:32.378;0:54.200;238.9;Michael WAINWRIGHT;;LMGT3;;GR Racing;Ferrari;GF;37.613;32.378;54.200;
86;1;14;2:06.195;0;;37.777;0;33.557;0;54.861;0;168.1;29:35.993;12:30:11.880;0:37.777;0:33.557;0:54.861;238.9;Michael WAINWRIGHT;;LMGT3;;GR Racing;Ferrari;GF;37.777;33.557;54.861;
86;1;15;2:05.820;0;;38.117;0;32.700;0;55.003;0;168.6;31:41.813;12:32:17.700;0:38.117;0:32.700;0:55.003;235.8;Michael WAINWRIGHT;;LMGT3;;GR Racing;Ferrari;GF;38.117;32.700;55.003;
86;1;16;2:04.178;0;;37.631;0;32.538;0;54.009;0;170.8;33:45.991;12:34:21.878;0:37.631;0:32.538;0:54.009;236.8;Michael WAINWRIGHT;;LMGT3;;GR Racing;Ferrari;GF;37.631;32.538;54.009;
86;1;17;2:06.734;0;;38.745;0;33.039;0;54.950;0;167.3;35:52.725;12:36:28.612;0:38.745;0:33.039;0:54.950;237.9;Michael WAINWRIGHT;;LMGT3;;GR Racing;Ferrari;GF;38.745;33.039;54.950;
86;1;18;2:06.849;0;;37.990;0;32.741;0;56.118;0;167.2;37:59.574;12:38:35.461;0:37.990;0:32.741;0:56.118;237.9;Michael WAINWRIGHT;;LMGT3;;GR Racing;Ferrari;GF;37.990;32.741;56.118;
86;1;19;2:05.501;0;;38.053;0;32.967;0;54.481;0;169.0;40:05.075;12:40:40.962;0:38.053;0:32.967;0:54.481;237.9;Michael WAINWRIGHT;;LMGT3;;GR Racing;Ferrari;GF;38.053;32.967;54.481;
86;1;20;2:06.993;0;;38.233;0;32.871;0;55.889;0;167.0;42:12.068;12:42:47.955;0:38.233;0:32.871;0:55.889;236.3;Michael WAINWRIGHT;;LMGT3;;GR Racing;Ferrari;GF;38.233;32.871;55.889;
86;1;21;2:05.860;0;;38.096;0;33.118;0;54.646;0;168.5;44:17.928;12:44:53.815;0:38.096;0:33.118;0:54.646;237.9;Michael WAINWRIGHT;;LMGT3;;GR Racing;Ferrari;GF;38.096;33.118;54.646;
86;1;22;2:06.235;0;;38.475;0;32.752;0;55.008;0;168.0;46:24.163;12:47:00.050;0:38.475;0:32.752;0:55.008;237.9;Michael WAINWRIGHT;;LMGT3;;GR Racing;Ferrari;GF;38.475;32.752;55.008;
86;1;23;2:05.533;0;;37.884;0;32.822;0;54.827;0;168.9;48:29.696;12:49:05.583;0:37.884;0:32.822;0:54.827;237.4;Michael WAINWRIGHT;;LMGT3;;GR Racing;Ferrari;GF;37.884;32.822;54.827;
86;1;24;2:06.127;0;;38.441;0;32.610;0;55.076;0;168.1;50:35.823;12:51:11.710;0:38.441;0:32.610;0:55.076;237.9;Michael WAINWRIGHT;;LMGT3;;GR Racing;Ferrari;GF;38.441;32.610;55.076;
86;1;25;2:06.663;0;;38.145;0;33.520;0;54.998;0;167.4;52:42.486;12:53:18.373;0:38.145;0:33.520;0:54.998;227.4;Michael WAINWRIGHT;;LMGT3;;GR Racing;Ferrari;GF;38.145;33.520;54.998;
86;1;26;2:05.771;0;;38.462;0;32.561;0;54.748;0;168.6;54:48.257;12:55:24.144;0:38.462;0:32.561;0:54.748;237.9;Michael WAINWRIGHT;;LMGT3;;GR Racing;Ferrari;GF;38.462;32.561;54.748;
86;1;27;2:12.301;0;B;40.231;0;33.470;0;58.600;0;160.3;57:00.558;12:57:36.445;0:40.231;0:33.470;0:58.600;236.8;Michael WAINWRIGHT;;LMGT3;;GR Racing;Ferrari;GF;40.231;33.470;58.600;
86;1;28;3:46.132;0;;2:14.506;0;35.603;0;56.023;0;93.8;1:00:46.690;13:01:22.577;2:14.506;0:35.603;0:56.023;230.3;Michael WAINWRIGHT;0:01:35.499;LMGT3;;GR Racing;Ferrari;GF;134.506;35.603;56.023;
86;1;29;2:04.104;2;;37.873;0;32.394;0;53.837;2;170.9;1:02:50.794;13:03:26.681;0:37.873;0:32.394;0:53.837;235.8;Michael WAINWRIGHT;;LMGT3;;GR Racing;Ferrari;GF;37.873;32.394;53.837;
86;1;30;2:04.883;0;;37.786;0;32.765;0;54.332;0;169.8;1:04:55.677;13:05:31.564;0:37.786;0:32.765;0:54.332;235.8;Michael WAINWRIGHT;;LMGT3;;GR Racing;Ferrari;GF;37.786;32.765;54.332;
86;1;31;2:04.486;0;;37.551;2;32.463;0;54.472;0;170.4;1:07:00.163;13:07:36.050;0:37.551;0:32.463;0:54.472;236.8;Michael WAINWRIGHT;;LMGT3;;GR Racing;Ferrari;GF;37.551;32.463;54.472;
86;1;32;2:06.280;0;;38.591;0;32.801;0;54.888;0;167.9;1:09:06.443;13:09:42.330;0:38.591;0:32.801;0:54.888;236.3;Michael WAINWRIGHT;;LMGT3;;GR Racing;Ferrari;GF;38.591;32.801;54.888;
86;1;33;2:06.737;0;;38.168;0;33.129;0;55.440;0;167.3;1:11:13.180;13:11:49.067;0:38.168;0:33.129;0:55.440;235.8;Michael WAINWRIGHT;;LMGT3;;GR Racing;Ferrari;GF;38.168;33.129;55.440;
86;1;34;2:06.798;0;;38.517;0;32.899;0;55.382;0;167.3;1:13:19.978;13:13:55.865;0:38.517;0:32.899;0:55.382;236.3;Michael WAINWRIGHT;;LMGT3;;GR Racing;Ferrari;GF;38.517;32.899;55.382;
86;1;35;2:10.044;0;;39.173;0;34.831;0;56.040;0;163.1;1:15:30.022;13:16:05.909;0:39.173;0:34.831;0:56.040;237.4;Michael WAINWRIGHT;;LMGT3;;GR Racing;Ferrari;GF;39.173;34.831;56.040;
86;1;36;2:09.338;0;;39.883;0;33.460;0;55.995;0;164.0;1:17:39.360;13:18:15.247;0:39.883;0:33.460;0:55.995;236.8;Michael WAINWRIGHT;;LMGT3;;GR Racing;Ferrari;GF;39.883;33.460;55.995;
86;1;37;2:56.354;0;;39.749;0;33.902;0;1:42.703;0;120.3;1:20:35.714;13:21:11.601;0:39.749;0:33.902;1:42.703;237.9;Michael WAINWRIGHT;;LMGT3;;GR Racing;Ferrari;FCY;39.749;33.902;102.703;
86;1;38;2:27.125;0;;52.760;0;33.247;0;1:01.118;0;144.1;1:23:02.839;13:23:38.726;0:52.760;0:33.247;1:01.118;237.4;Michael WAINWRIGHT;;LMGT3;;GR Racing;Ferrari;GF;52.760;33.247;61.118;
86;1;39;3:18.656;0;;43.593;0;48.004;0;1:47.059;0;106.8;1:26:21.495;13:26:57.382;0:43.593;0:48.004;1:47.059;235.3;Michael WAINWRIGHT;;LMGT3;;GR Racing;Ferrari;GF;43.593;48.004;107.059;
86;1;40;4:27.279;0;;1:31.060;0;1:08.203;0;1:48.016;0;79.3;1:30:48.774;13:31:24.661;1:31.060;1:08.203;1:48.016;;Michael WAINWRIGHT;;LMGT3;;GR Racing;Ferrari;GF;91.060;68.203;108.016;
86;1;41;4:09.079;0;;1:31.193;0;1:08.874;0;1:29.012;0;85.1;1:34:57.853;13:35:33.740;1:31.193;1:08.874;1:29.012;;Michael WAINWRIGHT;;LMGT3;;GR Racing;Ferrari;SF;91.193;68.874;89.012;
86;1;42;2:29.494;0;;45.164;0;41.803;0;1:02.527;0;141.9;1:37:27.347;13:38:03.234;0:45.164;0:41.803;1:02.527;222.7;Michael WAINWRIGHT;;LMGT3;;GR Racing;Ferrari;SF;45.164;41.803;62.527;
86;1;43;2:56.908;0;;42.541;0;41.490;0;1:32.877;0;119.9;1:40:24.255;13:41:00.142;0:42.541;0:41.490;1:32.877;229.8;Michael WAINWRIGHT;;LMGT3;;GR Racing;Ferrari;SF;42.541;41.490;92.877;
86;1;44;4:15.772;0;;1:29.642;0;57.605;0;1:48.525;0;82.9;1:44:40.027;13:45:15.914;1:29.642;0:57.605;1:48.525;121.1;Michael WAINWRIGHT;;LMGT3;;GR Racing;Ferrari;SF;89.642;57.605;108.525;
86;1;45;4:06.641;0;;1:30.318;0;58.581;0;1:37.742;0;86.0;1:48:46.668;13:49:22.555;1:30.318;0:58.581;1:37.742;;Michael WAINWRIGHT;;LMGT3;;GR Racing;Ferrari;SF;90.318;58.581;97.742;
86;1;46;3:41.688;0;B;1:20.028;0;51.801;0;1:29.859;0;95.7;1:52:28.356;13:53:04.243;1:20.028;0:51.801;1:29.859;;Michael WAINWRIGHT;;LMGT3;;GR Racing;Ferrari;SF;80.028;51.801;89.859;
86;3;47;3:31.169;0;;1:43.770;0;41.058;0;1:06.341;0;100.4;1:55:59.525;13:56:35.412;1:43.770;0:41.058;1:06.341;162.9;Mex JANSEN;0:00:59.918;LMGT3;;GR Racing;Ferrari;SF;103.770;41.058;66.341;
86;3;48;2:33.123;0;B;45.218;0;39.540;0;1:08.365;0;138.5;1:58:32.648;13:59:08.535;0:45.218;0:39.540;1:08.365;232.3;Mex JANSEN;;LMGT3;;GR Racing;Ferrari;SF;45.218;39.540;68.365;
86;3;49;3:27.265;0;;1:35.483;0;42.982;0;1:08.800;0;102.3;2:01:59.913;14:02:35.800;1:35.483;0:42.982;1:08.800;185.9;Mex JANSEN;0:00:50.481;LMGT3;;GR Racing;Ferrari;SF;95.483;42.982;68.800;
86;3;50;2:35.299;0;;46.643;0;41.190;0;1:07.466;0;136.6;2:04:35.212;14:05:11.099;0:46.643;0:41.190;1:07.466;167.4;Mex JANSEN;;LMGT3;;GR Racing;Ferrari;SF;46.643;41.190;67.466;
86;3;51;2:29.211;0;;44.174;0;38.229;0;1:06.808;0;142.1;2:07:04.423;14:07:40.310;0:44.174;0:38.229;1:06.808;211.4;Mex JANSEN;;LMGT3;;GR Racing;Ferrari;SF;44.174;38.229;66.808;
86;3;52;2:57.105;0;;50.940;0;45.667;0;1:20.498;0;119.7;2:10:01.528;14:10:37.415;0:50.940;0:45.667;1:20.498;165.1;Mex JANSEN;;LMGT3;;GR Racing;Ferrari;GF;50.940;45.667;80.498;
86;3;53;2:23.697;0;;42.834;0;39.496;0;1:01.367;0;147.6;2:12:25.225;14:13:01.112;0:42.834;0:39.496;1:01.367;236.3;Mex JANSEN;;LMGT3;;GR Racing;Ferrari;GF;42.834;39.496;61.367;
86;3;54;2:21.532;0;;41.765;0;39.412;0;1:00.355;0;149.8;2:14:46.757;14:15:22.644;0:41.765;0:39.412;1:00.355;238.9;Mex JANSEN;;LMGT3;;GR Racing;Ferrari;GF;41.765;39.412;60.355;
86;3;55;2:19.698;0;;42.153;0;37.192;0;1:00.353;0;151.8;2:17:06.455;14:17:42.342;0:42.153;0:37.192;1:00.353;232.3;Mex JANSEN;;LMGT3;;GR Racing;Ferrari;GF;42.153;37.192;60.353;
86;3;56;2:19.747;0;;41.698;0;37.732;0;1:00.317;0;151.8;2:19:26.202;14:20:02.089;0:41.698;0:37.732;1:00.317;234.8;Mex JANSEN;;LMGT3;;GR Racing;Ferrari;GF;41.698;37.732;60.317;
86;3;57;2:18.388;0;;41.377;0;36.854;0;1:00.157;0;153.2;2:21:44.590;14:22:20.477;0:41.377;0:36.854;1:00.157;232.8;Mex JANSEN;;LMGT3;;GR Racing;Ferrari;GF;41.377;36.854;60.157;
86;3;58;2:17.656;0;;41.091;1;36.644;1;59.921;0;154.1;2:24:02.246;14:24:38.133;0:41.091;0:36.644;0:59.921;231.8;Mex JANSEN;;LMGT3;;GR Racing;Ferrari;GF;41.091;36.644;59.921;
86;3;59;2:18.778;0;;41.529;0;37.193;0;1:00.056;0;152.8;2:26:21.024;14:26:56.911;0:41.529;0:37.193;1:00.056;234.3;Mex JANSEN;;LMGT3;;GR Racing;Ferrari;GF;41.529;37.193;60.056;
86;3;60;2:19.503;0;;41.761;0;37.373;0;1:00.369;0;152.0;2:28:40.527;14:29:16.414;0:41.761;0:37.373;1:00.369;233.3;Mex JANSEN;;LMGT3;;GR Racing;Ferrari;GF;41.761;37.373;60.369;
86;3;61;2:19.725;0;;41.863;0;37.449;0;1:00.413;0;151.8;2:31:00.252;14:31:36.139;0:41.863;0:37.449;1:00.413;235.8;Mex JANSEN;;LMGT3;;GR Racing;Ferrari;GF;41.863;37.449;60.413;
86;3;62;2:19.377;0;;41.919;0;37.081;0;1:00.377;0;152.2;2:33:19.629;14:33:55.516;0:41.919;0:37.081;1:00.377;233.8;Mex JANSEN;;LMGT3;;GR Racing;Ferrari;GF;41.919;37.081;60.377;
86;3;63;2:19.550;0;;41.884;0;37.159;0;1:00.507;0;152.0;2:35:39.179;14:36:15.066;0:41.884;0:37.159;1:00.507;233.8;Mex JANSEN;;LMGT3;;GR Racing;Ferrari;GF;41.884;37.159;60.507;
86;3;64;2:19.500;0;;42.369;0;37.169;0;59.962;0;152.0;2:37:58.679;14:38:34.566;0:42.369;0:37.169;0:59.962;234.8;Mex JANSEN;;LMGT3;;GR Racing;Ferrari;GF;42.369;37.169;59.962;
86;3;65;3:18.941;0;;41.616;0;52.410;0;1:44.915;0;106.6;2:41:17.620;14:41:53.507;0:41.616;0:52.410;1:44.915;233.8;Mex JANSEN;;LMGT3;;GR Racing;Ferrari;FCY;41.616;52.410;104.915;
86;3;66;4:13.236;0;;1:31.114;0;1:08.281;0;1:33.841;0;83.7;2:45:30.856;14:46:06.743;1:31.114;1:08.281;1:33.841;;Mex JANSEN;;LMGT3;;GR Racing;Ferrari;GF;91.114;68.281;93.841;
86;3;67;2:18.856;0;;41.628;0;37.180;0;1:00.048;0;152.7;2:47:49.712;14:48:25.599;0:41.628;0:37.180;1:00.048;233.8;Mex JANSEN;;LMGT3;;GR Racing;Ferrari;GF;41.628;37.180;60.048;
86;3;68;2:18.637;0;;41.411;0;37.382;0;59.844;1;153.0;2:50:08.349;14:50:44.236;0:41.411;0:37.382;0:59.844;234.8;Mex JANSEN;;LMGT3;;GR Racing;Ferrari;GF;41.411;37.382;59.844;
86;3;69;3:07.421;0;;41.659;0;40.172;0;1:45.590;0;113.2;2:53:15.770;14:53:51.657;0:41.659;0:40.172;1:45.590;233.8;Mex JANSEN;;LMGT3;;GR Racing;Ferrari;FCY;41.659;40.172;105.590;
86;3;70;4:24.352;0;;1:31.404;0;1:07.893;0;1:45.055;0;80.2;2:57:40.122;14:58:16.009;1:31.404;1:07.893;1:45.055;;Mex JANSEN;;LMGT3;;GR Racing;Ferrari;FCY;91.404;67.893;105.055;
86;3;71;3:28.710;0;;1:31.590;0;55.914;0;1:01.206;0;101.6;3:01:08.832;15:01:44.719;1:31.590;0:55.914;1:01.206;;Mex JANSEN;;LMGT3;;GR Racing;Ferrari;GF;91.590;55.914;61.206;
86;3;72;2:18.496;0;;41.467;0;37.110;0;59.919;0;153.1;3:03:27.328;15:04:03.215;0:41.467;0:37.110;0:59.919;232.8;Mex JANSEN;;LMGT3;;GR Racing;Ferrari;GF;41.467;37.110;59.919;
86;3;73;2:18.756;0;;41.506;0;37.236;0;1:00.014;0;152.8;3:05:46.084;15:06:21.971;0:41.506;0:37.236;1:00.014;234.3;Mex JANSEN;;LMGT3;;GR Racing;Ferrari;GF;41.506;37.236;60.014;
86;3;74;2:19.463;0;;41.681;0;37.211;0;1:00.571;0;152.1;3:08:05.547;15:08:41.434;0:41.681;0:37.211;1:00.571;234.3;Mex JANSEN;;LMGT3;;GR Racing;Ferrari;GF;41.681;37.211;60.571;
86;3;75;2:23.282;0;B;42.306;0;37.245;0;1:03.731;0;148.0;3:10:28.829;15:11:04.716;0:42.306;0:37.245;1:03.731;233.3;Mex JANSEN;;LMGT3;;GR Racing;Ferrari;GF;42.306;37.245;63.731;
86;2;76;3:20.287;0;;1:42.122;0;37.207;0;1:00.958;0;105.9;3:13:49.116;15:14:25.003;1:42.122;0:37.207;1:00.958;231.8;Lorcan HANAFIN;0:01:05.192;LMGT3;;GR Racing;Ferrari;GF;102.122;37.207;60.958;
86;2;77;2:20.406;0;;41.879;0;37.500;0;1:01.027;0;151.0;3:16:09.522;15:16:45.409;0:41.879;0:37.500;1:01.027;233.3;Lorcan HANAFIN;;LMGT3;;GR Racing;Ferrari;GF;41.879;37.500;61.027;
86;2;78;2:20.606;0;;42.009;0;37.435;0;1:01.162;0;150.8;3:18:30.128;15:19:06.015;0:42.009;0:37.435;1:01.162;232.8;Lorcan HANAFIN;;LMGT3;;GR Racing;Ferrari;GF;42.009;37.435;61.162;
86;2;79;2:20.259;0;;42.088;0;37.261;0;1:00.910;0;151.2;3:20:50.387;15:21:26.274;0:42.088;0:37.261;1:00.910;232.8;Lorcan HANAFIN;;LMGT3;;GR Racing;Ferrari;GF;42.088;37.261;60.910;
86;2;80;2:20.166;0;;42.175;0;37.063;0;1:00.928;0;151.3;3:23:10.553;15:23:46.440;0:42.175;0:37.063;1:00.928;232.8;Lorcan HANAFIN;;LMGT3;;GR Racing;Ferrari;GF;42.175;37.063;60.928;
86;2;81;2:21.284;0;;42.324;0;37.219;0;1:01.741;0;150.1;3:25:31.837;15:26:07.724;0:42.324;0:37.219;1:01.741;233.3;Lorcan HANAFIN;;LMGT3;;GR Racing;Ferrari;GF;42.324;37.219;61.741;
86;2;82;2:22.137;0;;42.348;0;38.371;0;1:01.418;0;149.2;3:27:53.974;15:28:29.861;0:42.348;0:38.371;1:01.418;221.3;Lorcan HANAFIN;;LMGT3;;GR Racing;Ferrari;GF;42.348;38.371;61.418;
86;2;83;2:20.297;0;;42.080;0;37.163;0;1:01.054;0;151.2;3:30:14.271;15:30:50.158;0:42.080;0:37.163;1:01.054;233.8;Lorcan HANAFIN;;LMGT3;;GR Racing;Ferrari;GF;42.080;37.163;61.054;
86;2;84;2:20.344;0;;42.148;0;37.192;0;1:01.004;0;151.1;3:32:34.615;15:33:10.502;0:42.148;0:37.192;1:01.004;233.8;Lorcan HANAFIN;;LMGT3;;GR Racing;Ferrari;GF;42.148;37.192;61.004;
86;2;85;2:20.914;0;;42.185;0;37.163;0;1:01.566;0;150.5;3:34:55.529;15:35:31.416;0:42.185;0:37.163;1:01.566;231.8;Lorcan HANAFIN;;LMGT3;;GR Racing;Ferrari;GF;42.185;37.163;61.566;
86;2;86;2:20.555;0;;42.028;0;37.185;0;1:01.342;0;150.9;3:37:16.084;15:37:51.971;0:42.028;0:37.185;1:01.342;233.8;Lorcan HANAFIN;;LMGT3;;GR Racing;Ferrari;GF;42.028;37.185;61.342;
86;2;87;2:20.721;0;;41.956;0;37.174;0;1:01.591;0;150.7;3:39:36.805;15:40:12.692;0:41.956;0:37.174;1:01.591;233.3;Lorcan HANAFIN;;LMGT3;;GR Racing;Ferrari;GF;41.956;37.174;61.591;
86;2;88;2:20.246;0;;42.029;0;37.325;0;1:00.892;0;151.2;3:41:57.051;15:42:32.938;0:42.029;0:37.325;1:00.892;235.8;Lorcan HANAFIN;;LMGT3;;GR Racing;Ferrari;GF;42.029;37.325;60.892;
86;2;89;2:19.716;0;;41.874;0;36.838;0;1:01.004;0;151.8;3:44:16.767;15:44:52.654;0:41.874;0:36.838;1:01.004;233.3;Lorcan HANAFIN;;LMGT3;;GR Racing;Ferrari;GF;41.874;36.838;61.004;
86;2;90;2:19.271;0;;41.581;0;36.934;0;1:00.756;0;152.3;3:46:36.038;15:47:11.925;0:41.581;0:36.934;1:00.756;233.8;Lorcan HANAFIN;;LMGT3;;GR Racing;Ferrari;GF;41.581;36.934;60.756;
86;2;91;2:19.110;0;;41.423;0;36.758;0;1:00.929;0;152.5;3:48:55.148;15:49:31.035;0:41.423;0:36.758;1:00.929;234.3;Lorcan HANAFIN;;LMGT3;;GR Racing;Ferrari;GF;41.423;36.758;60.929;
86;2;92;2:18.319;0;;41.327;0;36.534;0;1:00.458;1;153.3;3:51:13.467;15:51:49.354;0:41.327;0:36.534;1:00.458;234.3;Lorcan HANAFIN;;LMGT3;;GR Racing;Ferrari;GF;41.327;36.534;60.458;
86;2;93;2:19.573;0;;41.341;0;36.919;0;1:01.313;0;151.9;3:53:33.040;15:54:08.927;0:41.341;0:36.919;1:01.313;235.3;Lorcan HANAFIN;;LMGT3;;GR Racing;Ferrari;GF;41.341;36.919;61.313;
86;2;94;2:18.696;0;;41.410;0;36.717;0;1:00.569;0;152.9;3:55:51.736;15:56:27.623;0:41.410;0:36.717;1:00.569;235.8;Lorcan HANAFIN;;LMGT3;;GR Racing;Ferrari;GF;41.410;36.717;60.569;
86;2;95;2:18.823;0;;41.278;0;36.809;0;1:00.736;0;152.8;3:58:10.559;15:58:46.446;0:41.278;0:36.809;1:00.736;234.3;Lorcan HANAFIN;;LMGT3;;GR Racing;Ferrari;GF;41.278;36.809;60.736;
86;2;96;2:18.409;0;;40.990;1;36.715;0;1:00.704;0;153.2;4:00:28.968;16:01:04.855;0:40.990;0:36.715;1:00.704;235.3;Lorcan HANAFIN;;LMGT3;;GR Racing;Ferrari;GF;40.990;36.715;60.704;
86;2;97;2:18.385;0;;41.069;0;36.488;1;1:00.828;0;153.3;4:02:47.353;16:03:23.240;0:41.069;0:36.488;1:00.828;234.3;Lorcan HANAFIN;;LMGT3;;GR Racing;Ferrari;FF;41.069;36.488;60.828;
88;1;1;2:04.030;0;;41.617;0;31.731;0;50.682;0;166.8;2:04.030;12:02:39.917;0:41.617;0:31.731;0:50.682;269.3;Horst FELBERMAYR;;LMP2 Pro/Am;;Proton Competition;Oreca;GF;41.617;31.731;50.682;
88;1;2;1:52.350;0;;32.490;0;30.722;0;49.138;0;188.8;3:56.380;12:04:32.267;0:32.490;0:30.722;0:49.138;270.0;Horst FELBERMAYR;;LMP2 Pro/Am;;Proton Competition;Oreca;GF;32.490;30.722;49.138;
88;1;3;1:52.933;0;;32.808;0;30.882;0;49.243;0;187.8;5:49.313;12:06:25.200;0:32.808;0:30.882;0:49.243;268.7;Horst FELBERMAYR;;LMP2 Pro/Am;;Proton Competition;Oreca;GF;32.808;30.882;49.243;
88;1;4;1:50.953;0;;32.288;1;29.347;0;49.318;0;191.1;7:40.266;12:08:16.153;0:32.288;0:29.347;0:49.318;270.0;Horst FELBERMAYR;;LMP2 Pro/Am;;Proton Competition;Oreca;GF;32.288;29.347;49.318;
88;1;5;1:51.181;0;;32.486;0;29.419;0;49.276;0;190.7;9:31.447;12:10:07.334;0:32.486;0:29.419;0:49.276;270.0;Horst FELBERMAYR;;LMP2 Pro/Am;;Proton Competition;Oreca;GF;32.486;29.419;49.276;
88;1;6;1:51.260;0;;32.440;0;29.499;0;49.321;0;190.6;11:22.707;12:11:58.594;0:32.440;0:29.499;0:49.321;269.3;Horst FELBERMAYR;;LMP2 Pro/Am;;Proton Competition;Oreca;GF;32.440;29.499;49.321;
88;1;7;1:51.542;0;;32.563;0;29.448;0;49.531;0;190.1;13:14.249;12:13:50.136;0:32.563;0:29.448;0:49.531;268.0;Horst FELBERMAYR;;LMP2 Pro/Am;;Proton Competition;Oreca;GF;32.563;29.448;49.531;
88;1;8;1:51.111;0;;32.378;0;29.316;0;49.417;0;190.9;15:05.360;12:15:41.247;0:32.378;0:29.316;0:49.417;268.7;Horst FELBERMAYR;;LMP2 Pro/Am;;Proton Competition;Oreca;GF;32.378;29.316;49.417;
88;1;9;1:54.989;0;;33.567;0;31.054;0;50.368;0;184.4;17:00.349;12:17:36.236;0:33.567;0:31.054;0:50.368;266.7;Horst FELBERMAYR;;LMP2 Pro/Am;;Proton Competition;Oreca;GF;33.567;31.054;50.368;
88;1;10;1:54.730;0;;34.617;0;30.382;0;49.731;0;184.8;18:55.079;12:19:30.966;0:34.617;0:30.382;0:49.731;267.3;Horst FELBERMAYR;;LMP2 Pro/Am;;Proton Competition;Oreca;GF;34.617;30.382;49.731;
88;1;11;1:55.594;0;;35.636;0;29.644;0;50.314;0;183.5;20:50.673;12:21:26.560;0:35.636;0:29.644;0:50.314;266.0;Horst FELBERMAYR;;LMP2 Pro/Am;;Proton Competition;Oreca;GF;35.636;29.644;50.314;
88;1;12;1:51.719;0;;32.801;0;29.535;0;49.383;0;189.8;22:42.392;12:23:18.279;0:32.801;0:29.535;0:49.383;265.4;Horst FELBERMAYR;;LMP2 Pro/Am;;Proton Competition;Oreca;GF;32.801;29.535;49.383;
88;1;13;1:50.951;0;;32.685;0;29.269;0;48.997;0;191.1;24:33.343;12:25:09.230;0:32.685;0:29.269;0:48.997;269.3;Horst FELBERMAYR;;LMP2 Pro/Am;;Proton Competition;Oreca;GF;32.685;29.269;48.997;
88;1;14;1:52.640;0;;32.691;0;29.423;0;50.526;0;188.3;26:25.983;12:27:01.870;0:32.691;0:29.423;0:50.526;269.3;Horst FELBERMAYR;;LMP2 Pro/Am;;Proton Competition;Oreca;GF;32.691;29.423;50.526;
88;1;15;1:52.215;0;;33.289;0;29.978;0;48.948;1;189.0;28:18.198;12:28:54.085;0:33.289;0:29.978;0:48.948;270.7;Horst FELBERMAYR;;LMP2 Pro/Am;;Proton Competition;Oreca;GF;33.289;29.978;48.948;
88;1;16;1:53.500;0;;33.422;0;29.840;0;50.238;0;186.9;30:11.698;12:30:47.585;0:33.422;0:29.840;0:50.238;271.4;Horst FELBERMAYR;;LMP2 Pro/Am;;Proton Competition;Oreca;GF;33.422;29.840;50.238;
88;1;17;1:51.358;0;;32.523;0;29.670;0;49.165;0;190.4;32:03.056;12:32:38.943;0:32.523;0:29.670;0:49.165;271.4;Horst FELBERMAYR;;LMP2 Pro/Am;;Proton Competition;Oreca;GF;32.523;29.670;49.165;
88;1;18;1:50.709;0;;32.474;0;29.102;0;49.133;0;191.6;33:53.765;12:34:29.652;0:32.474;0:29.102;0:49.133;270.0;Horst FELBERMAYR;;LMP2 Pro/Am;;Proton Competition;Oreca;GF;32.474;29.102;49.133;
88;1;19;1:51.657;0;;32.785;0;29.300;0;49.572;0;189.9;35:45.422;12:36:21.309;0:32.785;0:29.300;0:49.572;269.3;Horst FELBERMAYR;;LMP2 Pro/Am;;Proton Competition;Oreca;GF;32.785;29.300;49.572;
88;1;20;1:52.090;0;;32.584;0;29.024;1;50.482;0;189.2;37:37.512;12:38:13.399;0:32.584;0:29.024;0:50.482;270.7;Horst FELBERMAYR;;LMP2 Pro/Am;;Proton Competition;Oreca;GF;32.584;29.024;50.482;
88;1;21;2:00.006;0;B;33.235;0;30.386;0;56.385;0;176.7;39:37.518;12:40:13.405;0:33.235;0:30.386;0:56.385;268.7;Horst FELBERMAYR;;LMP2 Pro/Am;;Proton Competition;Oreca;GF;33.235;30.386;56.385;
88;1;22;2:48.389;0;;1:28.860;0;29.837;0;49.692;0;125.9;42:25.907;12:43:01.794;1:28.860;0:29.837;0:49.692;268.0;Horst FELBERMAYR;0:00:57.988;LMP2 Pro/Am;;Proton Competition;Oreca;GF;88.860;29.837;49.692;
88;1;23;1:53.281;0;;33.213;0;30.039;0;50.029;0;187.2;44:19.188;12:44:55.075;0:33.213;0:30.039;0:50.029;265.4;Horst FELBERMAYR;;LMP2 Pro/Am;;Proton Competition;Oreca;GF;33.213;30.039;50.029;
88;1;24;1:53.881;0;;34.482;0;29.763;0;49.636;0;186.2;46:13.069;12:46:48.956;0:34.482;0:29.763;0:49.636;267.3;Horst FELBERMAYR;;LMP2 Pro/Am;;Proton Competition;Oreca;GF;34.482;29.763;49.636;
88;1;25;1:57.817;0;;33.457;0;33.525;0;50.835;0;180.0;48:10.886;12:48:46.773;0:33.457;0:33.525;0:50.835;270.0;Horst FELBERMAYR;;LMP2 Pro/Am;;Proton Competition;Oreca;GF;33.457;33.525;50.835;
88;1;26;1:55.600;0;;34.182;0;30.506;0;50.912;0;183.5;50:06.486;12:50:42.373;0:34.182;0:30.506;0:50.912;268.0;Horst FELBERMAYR;;LMP2 Pro/Am;;Proton Competition;Oreca;GF;34.182;30.506;50.912;
88;1;27;1:53.534;0;;33.535;0;29.765;0;50.234;0;186.8;52:00.020;12:52:35.907;0:33.535;0:29.765;0:50.234;267.3;Horst FELBERMAYR;;LMP2 Pro/Am;;Proton Competition;Oreca;GF;33.535;29.765;50.234;
88;1;28;1:58.332;0;;35.353;0;31.326;0;51.653;0;179.2;53:58.352;12:54:34.239;0:35.353;0:31.326;0:51.653;269.3;Horst FELBERMAYR;;LMP2 Pro/Am;;Proton Competition;Oreca;GF;35.353;31.326;51.653;
88;1;29;1:53.142;0;;33.516;0;29.575;0;50.051;0;187.4;55:51.494;12:56:27.381;0:33.516;0:29.575;0:50.051;269.3;Horst FELBERMAYR;;LMP2 Pro/Am;;Proton Competition;Oreca;GF;33.516;29.575;50.051;
88;1;30;1:53.511;0;;33.664;0;29.884;0;49.963;0;186.8;57:45.005;12:58:20.892;0:33.664;0:29.884;0:49.963;268.7;Horst FELBERMAYR;;LMP2 Pro/Am;;Proton Competition;Oreca;GF;33.664;29.884;49.963;
88;1;31;1:53.710;0;;33.027;0;29.461;0;51.222;0;186.5;59:38.715;13:00:14.602;0:33.027;0:29.461;0:51.222;268.7;Horst FELBERMAYR;;LMP2 Pro/Am;;Proton Competition;Oreca;GF;33.027;29.461;51.222;
88;1;32;2:08.922;0;B;34.675;0;29.926;0;1:04.321;0;164.5;1:01:47.637;13:02:23.524;0:34.675;0:29.926;1:04.321;268.0;Horst FELBERMAYR;;LMP2 Pro/Am;;Proton Competition;Oreca;GF;34.675;29.926;64.321;
88;3;33;3:26.375;0;;2:07.971;0;29.252;0;49.152;0;102.8;1:05:14.012;13:05:49.899;2:07.971;0:29.252;0:49.152;266.7;Rene BINDER;0:01:37.984;LMP2 Pro/Am;;Proton Competition;Oreca;GF;127.971;29.252;49.152;
88;3;34;1:50.556;0;;32.676;0;29.352;0;48.528;0;191.8;1:07:04.568;13:07:40.455;0:32.676;0:29.352;0:48.528;268.0;Rene BINDER;;LMP2 Pro/Am;;Proton Competition;Oreca;GF;32.676;29.352;48.528;
88;3;35;1:51.511;0;;33.607;0;29.131;0;48.773;0;190.2;1:08:56.079;13:09:31.966;0:33.607;0:29.131;0:48.773;263.4;Rene BINDER;;LMP2 Pro/Am;;Proton Competition;Oreca;GF;33.607;29.131;48.773;
88;3;36;1:49.843;0;;32.405;0;28.884;0;48.554;0;193.1;1:10:45.922;13:11:21.809;0:32.405;0:28.884;0:48.554;268.0;Rene BINDER;;LMP2 Pro/Am;;Proton Competition;Oreca;GF;32.405;28.884;48.554;
88;3;37;1:49.132;2;;32.208;2;28.497;2;48.427;2;194.3;1:12:35.054;13:13:10.941;0:32.208;0:28.497;0:48.427;268.0;Rene BINDER;;LMP2 Pro/Am;;Proton Competition;Oreca;GF;32.208;28.497;48.427;
88;3;38;1:51.027;0;;32.449;0;28.552;0;50.026;0;191.0;1:14:26.081;13:15:01.968;0:32.449;0:28.552;0:50.026;269.3;Rene BINDER;;LMP2 Pro/Am;;Proton Competition;Oreca;GF;32.449;28.552;50.026;
88;3;39;1:53.172;0;;34.608;0;29.173;0;49.391;0;187.4;1:16:19.253;13:16:55.140;0:34.608;0:29.173;0:49.391;270.0;Rene BINDER;;LMP2 Pro/Am;;Proton Competition;Oreca;GF;34.608;29.173;49.391;
88;3;40;1:52.824;0;;33.643;0;29.550;0;49.631;0;188.0;1:18:12.077;13:18:47.964;0:33.643;0:29.550;0:49.631;268.0;Rene BINDER;;LMP2 Pro/Am;;Proton Competition;Oreca;GF;33.643;29.550;49.631;
88;3;41;2:53.902;0;;32.771;0;49.188;0;1:31.943;0;122.0;1:21:05.979;13:21:41.866;0:32.771;0:49.188;1:31.943;270.7;Rene BINDER;;LMP2 Pro/Am;;Proton Competition;Oreca;GF;32.771;49.188;91.943;
88;3;42;1:58.885;0;;35.151;0;29.153;0;54.581;0;178.4;1:23:04.864;13:23:40.751;0:35.151;0:29.153;0:54.581;269.3;Rene BINDER;;LMP2 Pro/Am;;Proton Competition;Oreca;GF;35.151;29.153;54.581;
88;3;43;3:01.447;0;;38.278;0;38.039;0;1:45.130;0;116.9;1:26:06.311;13:26:42.198;0:38.278;0:38.039;1:45.130;266.7;Rene BINDER;;LMP2 Pro/Am;;Proton Competition;Oreca;GF;38.278;38.039;105.130;
88;3;44;4:25.180;0;;1:30.731;0;1:08.250;0;1:46.199;0;80.0;1:30:31.491;13:31:07.378;1:30.731;1:08.250;1:46.199;;Rene BINDER;;LMP2 Pro/Am;;Proton Competition;Oreca;GF;90.731;68.250;106.199;
88;3;45;4:11.842;0;;1:31.801;0;1:09.041;0;1:31.000;0;84.2;1:34:43.333;13:35:19.220;1:31.801;1:09.041;1:31.000;;Rene BINDER;;LMP2 Pro/Am;;Proton Competition;Oreca;SF;91.801;69.041;91.000;
88;3;46;2:27.823;0;;41.712;0;41.997;0;1:04.114;0;143.5;1:37:11.156;13:37:47.043;0:41.712;0:41.997;1:04.114;225.0;Rene BINDER;;LMP2 Pro/Am;;Proton Competition;Oreca;SF;41.712;41.997;64.114;
88;3;47;3:03.417;0;;42.904;0;44.497;0;1:36.016;0;115.6;1:40:14.573;13:40:50.460;0:42.904;0:44.497;1:36.016;176.2;Rene BINDER;;LMP2 Pro/Am;;Proton Competition;Oreca;SF;42.904;44.497;96.016;
88;3;48;3:57.951;0;;1:29.190;0;58.757;0;1:30.004;0;89.1;1:44:12.524;13:44:48.411;1:29.190;0:58.757;1:30.004;121.3;Rene BINDER;;LMP2 Pro/Am;;Proton Competition;Oreca;SF;89.190;58.757;90.004;
88;3;49;2:57.294;0;;53.154;0;51.301;0;1:12.839;0;119.6;1:47:09.818;13:47:45.705;0:53.154;0:51.301;1:12.839;176.5;Rene BINDER;;LMP2 Pro/Am;;Proton Competition;Oreca;SF;53.154;51.301;72.839;
88;3;50;2:43.195;0;;48.083;0;45.277;0;1:09.835;0;130.0;1:49:53.013;13:50:28.900;0:48.083;0:45.277;1:09.835;188.2;Rene BINDER;;LMP2 Pro/Am;;Proton Competition;Oreca;SF;48.083;45.277;69.835;
88;3;51;2:52.762;0;B;45.783;0;42.633;0;1:24.346;0;122.8;1:52:45.775;13:53:21.662;0:45.783;0:42.633;1:24.346;225.5;Rene BINDER;;LMP2 Pro/Am;;Proton Competition;Oreca;SF;45.783;42.633;84.346;
88;3;52;3:43.102;0;;1:59.629;0;34.158;0;1:09.315;0;95.1;1:56:28.877;13:57:04.764;1:59.629;0:34.158;1:09.315;260.2;Rene BINDER;0:01:23.491;LMP2 Pro/Am;;Proton Competition;Oreca;SF;119.629;34.158;69.315;
88;3;53;2:45.828;0;;49.190;0;43.482;0;1:13.156;0;127.9;1:59:14.705;13:59:50.592;0:49.190;0:43.482;1:13.156;167.4;Rene BINDER;;LMP2 Pro/Am;;Proton Competition;Oreca;SF;49.190;43.482;73.156;
88;3;54;2:43.075;0;;51.169;0;43.641;0;1:08.265;0;130.0;2:01:57.780;14:02:33.667;0:51.169;0:43.641;1:08.265;193.2;Rene BINDER;;LMP2 Pro/Am;;Proton Competition;Oreca;SF;51.169;43.641;68.265;
88;3;55;2:34.798;0;;47.142;0;40.790;0;1:06.866;0;137.0;2:04:32.578;14:05:08.465;0:47.142;0:40.790;1:06.866;205.7;Rene BINDER;;LMP2 Pro/Am;;Proton Competition;Oreca;SF;47.142;40.790;66.866;
88;3;56;2:30.595;0;;42.340;0;37.204;0;1:11.051;0;140.8;2:07:03.173;14:07:39.060;0:42.340;0:37.204;1:11.051;184.9;Rene BINDER;;LMP2 Pro/Am;;Proton Competition;Oreca;SF;42.340;37.204;71.051;
88;3;57;2:57.166;0;;50.650;0;45.471;0;1:21.045;0;119.7;2:10:00.339;14:10:36.226;0:50.650;0:45.471;1:21.045;175.3;Rene BINDER;;LMP2 Pro/Am;;Proton Competition;Oreca;GF;50.650;45.471;81.045;
88;3;58;2:13.166;0;;39.125;0;36.515;0;57.526;0;159.3;2:12:13.505;14:12:49.392;0:39.125;0:36.515;0:57.526;262.1;Rene BINDER;;LMP2 Pro/Am;;Proton Competition;Oreca;GF;39.125;36.515;57.526;
88;3;59;2:07.915;0;;37.864;0;34.007;0;56.044;0;165.8;2:14:21.420;14:14:57.307;0:37.864;0:34.007;0:56.044;262.8;Rene BINDER;;LMP2 Pro/Am;;Proton Competition;Oreca;GF;37.864;34.007;56.044;
88;3;60;2:04.962;0;;36.623;0;33.382;0;54.957;0;169.7;2:16:26.382;14:17:02.269;0:36.623;0:33.382;0:54.957;264.7;Rene BINDER;;LMP2 Pro/Am;;Proton Competition;Oreca;GF;36.623;33.382;54.957;
88;3;61;2:04.443;0;;36.097;0;33.151;0;55.195;0;170.4;2:18:30.825;14:19:06.712;0:36.097;0:33.151;0:55.195;265.4;Rene BINDER;;LMP2 Pro/Am;;Proton Competition;Oreca;GF;36.097;33.151;55.195;
88;3;62;2:10.117;0;B;36.953;0;33.555;0;59.609;0;163.0;2:20:40.942;14:21:16.829;0:36.953;0:33.555;0:59.609;265.4;Rene BINDER;;LMP2 Pro/Am;;Proton Competition;Oreca;GF;36.953;33.555;59.609;
88;3;63;2:22.144;0;;52.875;0;33.451;0;55.818;0;149.2;2:23:03.086;14:23:38.973;0:52.875;0:33.451;0:55.818;265.4;Rene BINDER;0:00:20.511;LMP2 Pro/Am;;Proton Competition;Oreca;GF;52.875;33.451;55.818;
88;3;64;2:04.188;0;;35.764;0;33.557;0;54.867;0;170.8;2:25:07.274;14:25:43.161;0:35.764;0:33.557;0:54.867;265.4;Rene BINDER;;LMP2 Pro/Am;;Proton Competition;Oreca;GF;35.764;33.557;54.867;
88;3;65;2:05.968;0;;36.715;0;33.581;0;55.672;0;168.4;2:27:13.242;14:27:49.129;0:36.715;0:33.581;0:55.672;266.0;Rene BINDER;;LMP2 Pro/Am;;Proton Competition;Oreca;GF;36.715;33.581;55.672;
88;3;66;2:04.244;0;;35.972;0;33.168;0;55.104;0;170.7;2:29:17.486;14:29:53.373;0:35.972;0:33.168;0:55.104;266.7;Rene BINDER;;LMP2 Pro/Am;;Proton Competition;Oreca;GF;35.972;33.168;55.104;
88;3;67;2:04.353;0;;35.933;0;33.285;0;55.135;0;170.5;2:31:21.839;14:31:57.726;0:35.933;0:33.285;0:55.135;266.0;Rene BINDER;;LMP2 Pro/Am;;Proton Competition;Oreca;GF;35.933;33.285;55.135;
88;3;68;2:05.945;0;;36.774;0;33.634;0;55.537;0;168.4;2:33:27.784;14:34:03.671;0:36.774;0:33.634;0:55.537;266.0;Rene BINDER;;LMP2 Pro/Am;;Proton Competition;Oreca;GF;36.774;33.634;55.537;
88;3;69;2:06.723;0;;36.610;0;33.790;0;56.323;0;167.4;2:35:34.507;14:36:10.394;0:36.610;0:33.790;0:56.323;266.7;Rene BINDER;;LMP2 Pro/Am;;Proton Competition;Oreca;GF;36.610;33.790;56.323;
88;3;70;2:06.555;0;;37.519;0;33.644;0;55.392;0;167.6;2:37:41.062;14:38:16.949;0:37.519;0:33.644;0:55.392;264.7;Rene BINDER;;LMP2 Pro/Am;;Proton Competition;Oreca;GF;37.519;33.644;55.392;
88;3;71;2:53.559;0;;37.304;0;33.732;0;1:42.523;0;122.2;2:40:34.621;14:41:10.508;0:37.304;0:33.732;1:42.523;263.4;Rene BINDER;;LMP2 Pro/Am;;Proton Competition;Oreca;FCY;37.304;33.732;102.523;
88;3;72;4:26.438;0;;1:31.838;0;1:08.434;0;1:46.166;0;79.6;2:45:01.059;14:45:36.946;1:31.838;1:08.434;1:46.166;;Rene BINDER;;LMP2 Pro/Am;;Proton Competition;Oreca;FCY;91.838;68.434;106.166;
88;3;73;2:16.749;0;;45.769;0;34.729;0;56.251;0;155.1;2:47:17.808;14:47:53.695;0:45.769;0:34.729;0:56.251;263.4;Rene BINDER;;LMP2 Pro/Am;;Proton Competition;Oreca;GF;45.769;34.729;56.251;
88;3;74;2:06.503;0;;36.956;0;34.323;0;55.224;0;167.6;2:49:24.311;14:50:00.198;0:36.956;0:34.323;0:55.224;264.7;Rene BINDER;;LMP2 Pro/Am;;Proton Competition;Oreca;GF;36.956;34.323;55.224;
88;3;75;2:17.993;0;;36.575;0;34.455;0;1:06.963;0;153.7;2:51:42.304;14:52:18.191;0:36.575;0:34.455;1:06.963;267.3;Rene BINDER;;LMP2 Pro/Am;;Proton Competition;Oreca;FCY;36.575;34.455;66.963;
88;3;76;4:27.233;0;;1:32.118;0;1:09.121;0;1:45.994;0;79.4;2:56:09.537;14:56:45.424;1:32.118;1:09.121;1:45.994;;Rene BINDER;;LMP2 Pro/Am;;Proton Competition;Oreca;FCY;92.118;69.121;105.994;
88;3;77;4:17.069;0;B;1:32.166;0;1:09.353;0;1:35.550;0;82.5;3:00:26.606;15:01:02.493;1:32.166;1:09.353;1:35.550;;Rene BINDER;;LMP2 Pro/Am;;Proton Competition;Oreca;GF;92.166;69.353;95.550;
88;2;78;3:45.261;0;;2:09.749;0;36.997;0;58.515;0;94.1;3:04:11.867;15:04:47.754;2:09.749;0:36.997;0:58.515;255.3;Horst Felix FELBERMAYR;0:01:35.349;LMP2 Pro/Am;;Proton Competition;Oreca;GF;129.749;36.997;58.515;
88;2;79;2:12.271;0;;38.818;0;35.952;0;57.501;0;160.3;3:06:24.138;15:07:00.025;0:38.818;0:35.952;0:57.501;260.9;Horst Felix FELBERMAYR;;LMP2 Pro/Am;;Proton Competition;Oreca;GF;38.818;35.952;57.501;
88;2;80;2:12.586;0;;39.209;0;35.232;0;58.145;0;160.0;3:08:36.724;15:09:12.611;0:39.209;0:35.232;0:58.145;261.5;Horst Felix FELBERMAYR;;LMP2 Pro/Am;;Proton Competition;Oreca;GF;39.209;35.232;58.145;
88;2;81;2:10.848;0;;38.050;0;35.523;0;57.275;0;162.1;3:10:47.572;15:11:23.459;0:38.050;0:35.523;0:57.275;262.1;Horst Felix FELBERMAYR;;LMP2 Pro/Am;;Proton Competition;Oreca;GF;38.050;35.523;57.275;
88;2;82;2:11.577;0;;38.398;0;34.820;0;58.359;0;161.2;3:12:59.149;15:13:35.036;0:38.398;0:34.820;0:58.359;262.1;Horst Felix FELBERMAYR;;LMP2 Pro/Am;;Proton Competition;Oreca;GF;38.398;34.820;58.359;
88;2;83;2:10.999;0;;37.877;0;35.094;0;58.028;0;161.9;3:15:10.148;15:15:46.035;0:37.877;0:35.094;0:58.028;263.4;Horst Felix FELBERMAYR;;LMP2 Pro/Am;;Proton Competition;Oreca;GF;37.877;35.094;58.028;
88;2;84;2:11.184;0;;37.801;0;34.965;0;58.418;0;161.7;3:17:21.332;15:17:57.219;0:37.801;0:34.965;0:58.418;262.8;Horst Felix FELBERMAYR;;LMP2 Pro/Am;;Proton Competition;Oreca;GF;37.801;34.965;58.418;
88;2;85;2:11.144;0;;38.052;0;35.569;0;57.523;0;161.7;3:19:32.476;15:20:08.363;0:38.052;0:35.569;0:57.523;264.7;Horst Felix FELBERMAYR;;LMP2 Pro/Am;;Proton Competition;Oreca;GF;38.052;35.569;57.523;
88;2;86;2:09.489;0;;37.982;0;34.562;0;56.945;0;163.8;3:21:41.965;15:22:17.852;0:37.982;0:34.562;0:56.945;263.4;Horst Felix FELBERMAYR;;LMP2 Pro/Am;;Proton Competition;Oreca;GF;37.982;34.562;56.945;
88;2;87;2:09.746;0;;39.090;0;34.200;0;56.456;0;163.5;3:23:51.711;15:24:27.598;0:39.090;0:34.200;0:56.456;262.8;Horst Felix FELBERMAYR;;LMP2 Pro/Am;;Proton Competition;Oreca;GF;39.090;34.200;56.456;
88;2;88;2:09.316;0;;37.046;0;35.134;0;57.136;0;164.0;3:26:01.027;15:26:36.914;0:37.046;0:35.134;0:57.136;266.0;Horst Felix FELBERMAYR;;LMP2 Pro/Am;;Proton Competition;Oreca;GF;37.046;35.134;57.136;
88;2;89;2:09.210;0;;37.568;0;34.958;0;56.684;0;164.1;3:28:10.237;15:28:46.124;0:37.568;0:34.958;0:56.684;264.7;Horst Felix FELBERMAYR;;LMP2 Pro/Am;;Proton Competition;Oreca;GF;37.568;34.958;56.684;
88;2;90;2:08.644;0;;37.140;0;34.052;0;57.452;0;164.9;3:30:18.881;15:30:54.768;0:37.140;0:34.052;0:57.452;262.8;Horst Felix FELBERMAYR;;LMP2 Pro/Am;;Proton Competition;Oreca;GF;37.140;34.052;57.452;
88;2;91;2:09.792;0;;37.941;0;34.817;0;57.034;0;163.4;3:32:28.673;15:33:04.560;0:37.941;0:34.817;0:57.034;265.4;Horst Felix FELBERMAYR;;LMP2 Pro/Am;;Proton Competition;Oreca;GF;37.941;34.817;57.034;
88;2;92;2:07.880;0;;37.709;0;34.052;0;56.119;1;165.8;3:34:36.553;15:35:12.440;0:37.709;0:34.052;0:56.119;264.1;Horst Felix FELBERMAYR;;LMP2 Pro/Am;;Proton Competition;Oreca;GF;37.709;34.052;56.119;
88;2;93;2:08.765;0;;36.790;0;34.138;0;57.837;0;164.7;3:36:45.318;15:37:21.205;0:36.790;0:34.138;0:57.837;264.1;Horst Felix FELBERMAYR;;LMP2 Pro/Am;;Proton Competition;Oreca;GF;36.790;34.138;57.837;
88;2;94;2:11.021;0;;37.792;0;35.709;0;57.520;0;161.9;3:38:56.339;15:39:32.226;0:37.792;0:35.709;0:57.520;209.7;Horst Felix FELBERMAYR;;LMP2 Pro/Am;;Proton Competition;Oreca;GF;37.792;35.709;57.520;
88;2;95;2:14.419;0;B;37.654;0;35.283;0;1:01.482;0;157.8;3:41:10.758;15:41:46.645;0:37.654;0:35.283;1:01.482;262.8;Horst Felix FELBERMAYR;;LMP2 Pro/Am;;Proton Competition;Oreca;GF;37.654;35.283;61.482;
88;2;96;2:53.254;0;;1:21.426;0;34.344;0;57.484;0;122.4;3:44:04.012;15:44:39.899;1:21.426;0:34.344;0:57.484;264.1;Horst Felix FELBERMAYR;0:00:48.353;LMP2 Pro/Am;;Proton Competition;Oreca;GF;81.426;34.344;57.484;
88;2;97;2:08.683;0;;38.349;0;33.917;0;56.417;0;164.8;3:46:12.695;15:46:48.582;0:38.349;0:33.917;0:56.417;264.1;Horst Felix FELBERMAYR;;LMP2 Pro/Am;;Proton Competition;Oreca;GF;38.349;33.917;56.417;
88;2;98;2:07.062;0;;36.658;1;33.973;0;56.431;0;166.9;3:48:19.757;15:48:55.644;0:36.658;0:33.973;0:56.431;264.7;Horst Felix FELBERMAYR;;LMP2 Pro/Am;;Proton Competition;Oreca;GF;36.658;33.973;56.431;
88;2;99;2:10.018;0;;38.009;0;33.991;0;58.018;0;163.1;3:50:29.775;15:51:05.662;0:38.009;0:33.991;0:58.018;266.0;Horst Felix FELBERMAYR;;LMP2 Pro/Am;;Proton Competition;Oreca;GF;38.009;33.991;58.018;
88;2;100;2:13.929;0;;40.655;0;34.770;0;58.504;0;158.3;3:52:43.704;15:53:19.591;0:40.655;0:34.770;0:58.504;254.7;Horst Felix FELBERMAYR;;LMP2 Pro/Am;;Proton Competition;Oreca;GF;40.655;34.770;58.504;
88;2;101;2:09.086;0;;37.286;0;34.761;0;57.039;0;164.3;3:54:52.790;15:55:28.677;0:37.286;0:34.761;0:57.039;259.6;Horst Felix FELBERMAYR;;LMP2 Pro/Am;;Proton Competition;Oreca;GF;37.286;34.761;57.039;
88;2;102;2:07.170;0;;36.664;0;34.248;0;56.258;0;166.8;3:56:59.960;15:57:35.847;0:36.664;0:34.248;0:56.258;264.7;Horst Felix FELBERMAYR;;LMP2 Pro/Am;;Proton Competition;Oreca;GF;36.664;34.248;56.258;
88;2;103;2:07.782;0;;37.031;0;33.731;1;57.020;0;166.0;3:59:07.742;15:59:43.629;0:37.031;0:33.731;0:57.020;266.0;Horst Felix FELBERMAYR;;LMP2 Pro/Am;;Proton Competition;Oreca;GF;37.031;33.731;57.020;
88;2;104;2:08.535;0;;37.143;0;34.558;0;56.834;0;165.0;4:01:16.277;16:01:52.164;0:37.143;0:34.558;0:56.834;266.7;Horst Felix FELBERMAYR;;LMP2 Pro/Am;;Proton Competition;Oreca;FF;37.143;34.558;56.834;
9;1;1;1:58.231;0;;38.400;0;30.760;0;49.071;0;175.0;1:58.231;12:02:34.118;0:38.400;0:30.760;0:49.071;266.0;Jonas RIED;;LMP2;;Proton Competition;Oreca;GF;38.400;30.760;49.071;
9;1;2;1:49.966;0;;32.703;0;29.044;0;48.219;0;192.9;3:48.197;12:04:24.084;0:32.703;0:29.044;0:48.219;271.4;Jonas RIED;;LMP2;;Proton Competition;Oreca;GF;32.703;29.044;48.219;
9;1;3;1:48.741;0;;31.735;0;28.939;0;48.067;0;195.0;5:36.938;12:06:12.825;0:31.735;0:28.939;0:48.067;270.0;Jonas RIED;;LMP2;;Proton Competition;Oreca;GF;31.735;28.939;48.067;
9;1;4;1:48.297;0;;31.732;0;28.609;0;47.956;0;195.8;7:25.235;12:08:01.122;0:31.732;0:28.609;0:47.956;270.0;Jonas RIED;;LMP2;;Proton Competition;Oreca;GF;31.732;28.609;47.956;
9;1;5;1:47.817;2;;31.590;0;28.573;0;47.654;2;196.7;9:13.052;12:09:48.939;0:31.590;0:28.573;0:47.654;271.4;Jonas RIED;;LMP2;;Proton Competition;Oreca;GF;31.590;28.573;47.654;
9;1;6;1:48.248;0;;31.473;0;28.809;0;47.966;0;195.9;11:01.300;12:11:37.187;0:31.473;0:28.809;0:47.966;270.0;Jonas RIED;;LMP2;;Proton Competition;Oreca;GF;31.473;28.809;47.966;
9;1;7;1:48.706;0;;31.614;0;28.455;0;48.637;0;195.1;12:50.006;12:13:25.893;0:31.614;0:28.455;0:48.637;270.7;Jonas RIED;;LMP2;;Proton Competition;Oreca;GF;31.614;28.455;48.637;
9;1;8;1:53.067;0;;33.677;0;29.263;0;50.127;0;187.6;14:43.073;12:15:18.960;0:33.677;0:29.263;0:50.127;270.7;Jonas RIED;;LMP2;;Proton Competition;Oreca;GF;33.677;29.263;50.127;
9;1;9;1:51.053;0;;33.667;0;28.685;0;48.701;0;191.0;16:34.126;12:17:10.013;0:33.667;0:28.685;0:48.701;269.3;Jonas RIED;;LMP2;;Proton Competition;Oreca;GF;33.667;28.685;48.701;
9;1;10;1:49.039;0;;31.602;0;28.605;0;48.832;0;194.5;18:23.165;12:18:59.052;0:31.602;0:28.605;0:48.832;270.7;Jonas RIED;;LMP2;;Proton Competition;Oreca;GF;31.602;28.605;48.832;
9;1;11;1:50.931;0;;33.036;0;28.503;0;49.392;0;191.2;20:14.096;12:20:49.983;0:33.036;0:28.503;0:49.392;268.7;Jonas RIED;;LMP2;;Proton Competition;Oreca;GF;33.036;28.503;49.392;
9;1;12;1:48.841;0;;31.695;0;29.013;0;48.133;0;194.8;22:02.937;12:22:38.824;0:31.695;0:29.013;0:48.133;271.4;Jonas RIED;;LMP2;;Proton Competition;Oreca;GF;31.695;29.013;48.133;
9;1;13;1:48.410;0;;31.857;0;28.447;0;48.106;0;195.6;23:51.347;12:24:27.234;0:31.857;0:28.447;0:48.106;270.7;Jonas RIED;;LMP2;;Proton Competition;Oreca;GF;31.857;28.447;48.106;
9;1;14;1:48.159;0;;31.422;2;28.478;0;48.259;0;196.1;25:39.506;12:26:15.393;0:31.422;0:28.478;0:48.259;272.0;Jonas RIED;;LMP2;;Proton Competition;Oreca;GF;31.422;28.478;48.259;
9;1;15;1:49.198;0;;31.692;0;28.530;0;48.976;0;194.2;27:28.704;12:28:04.591;0:31.692;0:28.530;0:48.976;268.0;Jonas RIED;;LMP2;;Proton Competition;Oreca;GF;31.692;28.530;48.976;
9;1;16;1:50.387;0;;31.474;0;29.703;0;49.210;0;192.1;29:19.091;12:29:54.978;0:31.474;0:29.703;0:49.210;272.7;Jonas RIED;;LMP2;;Proton Competition;Oreca;GF;31.474;29.703;49.210;
9;1;17;1:50.739;0;;33.235;0;29.371;0;48.133;0;191.5;31:09.830;12:31:45.717;0:33.235;0:29.371;0:48.133;272.0;Jonas RIED;;LMP2;;Proton Competition;Oreca;GF;33.235;29.371;48.133;
9;1;18;1:51.809;0;;34.628;0;28.662;0;48.519;0;189.7;33:01.639;12:33:37.526;0:34.628;0:28.662;0:48.519;268.7;Jonas RIED;;LMP2;;Proton Competition;Oreca;GF;34.628;28.662;48.519;
9;1;19;1:48.504;0;;32.218;0;28.504;0;47.782;0;195.5;34:50.143;12:35:26.030;0:32.218;0:28.504;0:47.782;270.7;Jonas RIED;;LMP2;;Proton Competition;Oreca;GF;32.218;28.504;47.782;
9;1;20;1:48.012;0;;31.446;0;28.608;0;47.958;0;196.3;36:38.155;12:37:14.042;0:31.446;0:28.608;0:47.958;270.0;Jonas RIED;;LMP2;;Proton Competition;Oreca;GF;31.446;28.608;47.958;
9;1;21;1:55.067;0;B;32.226;0;28.352;2;54.489;0;184.3;38:33.222;12:39:09.109;0:32.226;0:28.352;0:54.489;270.0;Jonas RIED;;LMP2;;Proton Competition;Oreca;GF;32.226;28.352;54.489;
9;1;22;3:02.007;0;;1:40.301;0;30.331;0;51.375;0;116.5;41:35.229;12:42:11.116;1:40.301;0:30.331;0:51.375;268.7;Jonas RIED;0:01:10.466;LMP2;;Proton Competition;Oreca;GF;100.301;30.331;51.375;
9;1;23;1:52.413;0;;33.731;0;28.972;0;49.710;0;188.7;43:27.642;12:44:03.529;0:33.731;0:28.972;0:49.710;269.3;Jonas RIED;;LMP2;;Proton Competition;Oreca;GF;33.731;28.972;49.710;
9;1;24;1:50.467;0;;32.493;0;28.937;0;49.037;0;192.0;45:18.109;12:45:53.996;0:32.493;0:28.937;0:49.037;270.0;Jonas RIED;;LMP2;;Proton Competition;Oreca;GF;32.493;28.937;49.037;
9;1;25;1:51.125;0;;33.987;0;28.700;0;48.438;0;190.8;47:09.234;12:47:45.121;0:33.987;0:28.700;0:48.438;268.7;Jonas RIED;;LMP2;;Proton Competition;Oreca;GF;33.987;28.700;48.438;
9;1;26;1:48.902;0;;31.931;0;28.741;0;48.230;0;194.7;48:58.136;12:49:34.023;0:31.931;0:28.741;0:48.230;269.3;Jonas RIED;;LMP2;;Proton Competition;Oreca;GF;31.931;28.741;48.230;
9;1;27;1:49.479;0;;32.058;0;28.719;0;48.702;0;193.7;50:47.615;12:51:23.502;0:32.058;0:28.719;0:48.702;269.3;Jonas RIED;;LMP2;;Proton Competition;Oreca;GF;32.058;28.719;48.702;
9;1;28;1:51.634;0;;32.173;0;28.829;0;50.632;0;190.0;52:39.249;12:53:15.136;0:32.173;0:28.829;0:50.632;268.7;Jonas RIED;;LMP2;;Proton Competition;Oreca;GF;32.173;28.829;50.632;
9;1;29;1:49.694;0;;32.228;0;28.732;0;48.734;0;193.3;54:28.943;12:55:04.830;0:32.228;0:28.732;0:48.734;270.0;Jonas RIED;;LMP2;;Proton Competition;Oreca;GF;32.228;28.732;48.734;
9;1;30;1:51.188;0;;32.412;0;29.141;0;49.635;0;190.7;56:20.131;12:56:56.018;0:32.412;0:29.141;0:49.635;272.0;Jonas RIED;;LMP2;;Proton Competition;Oreca;GF;32.412;29.141;49.635;
9;1;31;1:52.664;0;;33.629;0;29.509;0;49.526;0;188.2;58:12.795;12:58:48.682;0:33.629;0:29.509;0:49.526;270.7;Jonas RIED;;LMP2;;Proton Competition;Oreca;GF;33.629;29.509;49.526;
9;1;32;1:49.920;0;;32.437;0;29.022;0;48.461;0;192.9;1:00:02.715;13:00:38.602;0:32.437;0:29.022;0:48.461;271.4;Jonas RIED;;LMP2;;Proton Competition;Oreca;GF;32.437;29.022;48.461;
9;1;33;1:52.794;0;;32.702;0;29.090;0;51.002;0;188.0;1:01:55.509;13:02:31.396;0:32.702;0:29.090;0:51.002;271.4;Jonas RIED;;LMP2;;Proton Competition;Oreca;GF;32.702;29.090;51.002;
9;1;34;1:51.058;0;;32.718;0;29.085;0;49.255;0;191.0;1:03:46.567;13:04:22.454;0:32.718;0:29.085;0:49.255;270.7;Jonas RIED;;LMP2;;Proton Competition;Oreca;GF;32.718;29.085;49.255;
9;1;35;1:51.133;0;;32.362;0;29.925;0;48.846;0;190.8;1:05:37.700;13:06:13.587;0:32.362;0:29.925;0:48.846;272.7;Jonas RIED;;LMP2;;Proton Competition;Oreca;GF;32.362;29.925;48.846;
9;1;36;1:51.664;0;;32.766;0;29.798;0;49.100;0;189.9;1:07:29.364;13:08:05.251;0:32.766;0:29.798;0:49.100;270.0;Jonas RIED;;LMP2;;Proton Competition;Oreca;GF;32.766;29.798;49.100;
9;1;37;1:49.803;0;;32.186;0;29.154;0;48.463;0;193.1;1:09:19.167;13:09:55.054;0:32.186;0:29.154;0:48.463;269.3;Jonas RIED;;LMP2;;Proton Competition;Oreca;GF;32.186;29.154;48.463;
9;1;38;1:50.825;0;;32.384;0;29.030;0;49.411;0;191.4;1:11:09.992;13:11:45.879;0:32.384;0:29.030;0:49.411;271.4;Jonas RIED;;LMP2;;Proton Competition;Oreca;GF;32.384;29.030;49.411;
9;1;39;1:50.030;0;;32.426;0;28.820;0;48.784;0;192.7;1:13:00.022;13:13:35.909;0:32.426;0:28.820;0:48.784;269.3;Jonas RIED;;LMP2;;Proton Competition;Oreca;GF;32.426;28.820;48.784;
9;1;40;1:51.415;0;;33.338;0;29.082;0;48.995;0;190.3;1:14:51.437;13:15:27.324;0:33.338;0:29.082;0:48.995;270.0;Jonas RIED;;LMP2;;Proton Competition;Oreca;GF;33.338;29.082;48.995;
9;1;41;1:51.921;0;;33.119;0;29.234;0;49.568;0;189.5;1:16:43.358;13:17:19.245;0:33.119;0:29.234;0:49.568;270.7;Jonas RIED;;LMP2;;Proton Competition;Oreca;GF;33.119;29.234;49.568;
9;1;42;1:55.741;0;;33.343;0;29.539;0;52.859;0;183.2;1:18:39.099;13:19:14.986;0:33.343;0:29.539;0:52.859;272.0;Jonas RIED;;LMP2;;Proton Competition;Oreca;GF;33.343;29.539;52.859;
9;1;43;3:14.325;0;B;1:02.177;0;1:07.801;0;1:04.347;0;109.1;1:21:53.424;13:22:29.311;1:02.177;1:07.801;1:04.347;;Jonas RIED;;LMP2;;Proton Competition;Oreca;GF;62.177;67.801;64.347;
9;3;44;4:55.171;0;;2:08.823;0;1:00.626;0;1:45.722;0;71.8;1:26:48.595;13:27:24.482;2:08.823;1:00.626;1:45.722;228.8;Mike ROCKENFELLER;0:01:24.650;LMP2;;Proton Competition;Oreca;GF;128.823;60.626;105.722;
9;3;45;4:25.284;0;;1:31.199;0;1:07.974;0;1:46.111;0;79.9;1:31:13.879;13:31:49.766;1:31.199;1:07.974;1:46.111;;Mike ROCKENFELLER;;LMP2;;Proton Competition;Oreca;GF;91.199;67.974;106.111;
9;3;46;4:22.137;0;;1:31.233;0;1:09.197;0;1:41.707;0;80.9;1:35:36.016;13:36:11.903;1:31.233;1:09.197;1:41.707;;Mike ROCKENFELLER;;LMP2;;Proton Competition;Oreca;SF;91.233;69.197;101.707;
9;3;47;4:03.068;0;;1:26.014;0;1:00.328;0;1:36.726;0;87.2;1:39:39.084;13:40:14.971;1:26.014;1:00.328;1:36.726;;Mike ROCKENFELLER;;LMP2;;Proton Competition;Oreca;SF;86.014;60.328;96.726;
9;3;48;4:35.361;0;;1:29.375;0;1:04.494;0;2:01.492;0;77.0;1:44:14.445;13:44:50.332;1:29.375;1:04.494;2:01.492;;Mike ROCKENFELLER;;LMP2;;Proton Competition;Oreca;SF;89.375;64.494;121.492;
9;3;49;4:08.790;0;;1:30.406;0;1:01.127;0;1:37.257;0;85.2;1:48:23.235;13:48:59.122;1:30.406;1:01.127;1:37.257;;Mike ROCKENFELLER;;LMP2;;Proton Competition;Oreca;SF;90.406;61.127;97.257;
9;3;50;3:40.155;0;;1:18.331;0;54.337;0;1:27.487;0;96.3;1:52:03.390;13:52:39.277;1:18.331;0:54.337;1:27.487;136.2;Mike ROCKENFELLER;;LMP2;;Proton Competition;Oreca;SF;78.331;54.337;87.487;
9;3;51;2:54.296;0;;55.763;0;45.092;0;1:13.441;0;121.7;1:54:57.686;13:55:33.573;0:55.763;0:45.092;1:13.441;159.3;Mike ROCKENFELLER;;LMP2;;Proton Competition;Oreca;SF;55.763;45.092;73.441;
9;3;52;2:46.647;0;;49.757;0;42.905;0;1:13.985;0;127.3;1:57:44.333;13:58:20.220;0:49.757;0:42.905;1:13.985;217.7;Mike ROCKENFELLER;;LMP2;;Proton Competition;Oreca;SF;49.757;42.905;73.985;
9;3;53;2:56.711;0;B;52.861;0;44.925;0;1:18.925;0;120.0;2:00:41.044;14:01:16.931;0:52.861;0:44.925;1:18.925;191.8;Mike ROCKENFELLER;;LMP2;;Proton Competition;Oreca;SF;52.861;44.925;78.925;
9;3;54;3:13.473;0;;1:38.524;0;35.490;0;59.459;0;109.6;2:03:54.517;14:04:30.404;1:38.524;0:35.490;0:59.459;257.1;Mike ROCKENFELLER;0:00:59.716;LMP2;;Proton Competition;Oreca;SF;98.524;35.490;59.459;
9;3;55;3:01.790;0;;55.950;0;48.119;0;1:17.721;0;116.7;2:06:56.307;14:07:32.194;0:55.950;0:48.119;1:17.721;150.4;Mike ROCKENFELLER;;LMP2;;Proton Competition;Oreca;SF;55.950;48.119;77.721;
9;3;56;2:59.573;0;;49.434;0;47.278;0;1:22.861;0;118.1;2:09:55.880;14:10:31.767;0:49.434;0:47.278;1:22.861;154.7;Mike ROCKENFELLER;;LMP2;;Proton Competition;Oreca;GF;49.434;47.278;82.861;
9;3;57;2:11.207;0;;37.046;0;37.557;0;56.604;0;161.6;2:12:07.087;14:12:42.974;0:37.046;0:37.557;0:56.604;262.8;Mike ROCKENFELLER;;LMP2;;Proton Competition;Oreca;GF;37.046;37.557;56.604;
9;3;58;2:07.554;0;;36.797;0;35.055;0;55.702;0;166.3;2:14:14.641;14:14:50.528;0:36.797;0:35.055;0:55.702;263.4;Mike ROCKENFELLER;;LMP2;;Proton Competition;Oreca;GF;36.797;35.055;55.702;
9;3;59;2:06.414;0;;36.605;0;34.353;0;55.456;0;167.8;2:16:21.055;14:16:56.942;0:36.605;0:34.353;0:55.456;264.1;Mike ROCKENFELLER;;LMP2;;Proton Competition;Oreca;GF;36.605;34.353;55.456;
9;3;60;2:08.358;0;;36.536;0;33.940;0;57.882;0;165.2;2:18:29.413;14:19:05.300;0:36.536;0:33.940;0:57.882;265.4;Mike ROCKENFELLER;;LMP2;;Proton Competition;Oreca;GF;36.536;33.940;57.882;
9;3;61;2:05.559;0;;36.436;0;33.787;0;55.336;0;168.9;2:20:34.972;14:21:10.859;0:36.436;0:33.787;0:55.336;265.4;Mike ROCKENFELLER;;LMP2;;Proton Competition;Oreca;GF;36.436;33.787;55.336;
9;3;62;2:03.857;0;;35.978;0;32.978;1;54.901;0;171.2;2:22:38.829;14:23:14.716;0:35.978;0:32.978;0:54.901;264.7;Mike ROCKENFELLER;;LMP2;;Proton Competition;Oreca;GF;35.978;32.978;54.901;
9;3;63;2:04.097;0;;35.530;1;33.205;0;55.362;0;170.9;2:24:42.926;14:25:18.813;0:35.530;0:33.205;0:55.362;265.4;Mike ROCKENFELLER;;LMP2;;Proton Competition;Oreca;GF;35.530;33.205;55.362;
9;3;64;2:03.858;0;;35.950;0;33.080;0;54.828;1;171.2;2:26:46.784;14:27:22.671;0:35.950;0:33.080;0:54.828;264.7;Mike ROCKENFELLER;;LMP2;;Proton Competition;Oreca;GF;35.950;33.080;54.828;
9;3;65;2:05.610;0;;36.385;0;33.877;0;55.348;0;168.8;2:28:52.394;14:29:28.281;0:36.385;0:33.877;0:55.348;265.4;Mike ROCKENFELLER;;LMP2;;Proton Competition;Oreca;GF;36.385;33.877;55.348;
9;3;66;2:07.272;0;;37.239;0;33.902;0;56.131;0;166.6;2:30:59.666;14:31:35.553;0:37.239;0:33.902;0:56.131;266.7;Mike ROCKENFELLER;;LMP2;;Proton Competition;Oreca;GF;37.239;33.902;56.131;
9;3;67;2:08.823;0;;37.287;0;34.831;0;56.705;0;164.6;2:33:08.489;14:33:44.376;0:37.287;0:34.831;0:56.705;265.4;Mike ROCKENFELLER;;LMP2;;Proton Competition;Oreca;GF;37.287;34.831;56.705;
9;3;68;2:07.630;0;;36.738;0;34.398;0;56.494;0;166.2;2:35:16.119;14:35:52.006;0:36.738;0:34.398;0:56.494;265.4;Mike ROCKENFELLER;;LMP2;;Proton Competition;Oreca;GF;36.738;34.398;56.494;
9;3;69;2:06.860;0;;37.545;0;33.430;0;55.885;0;167.2;2:37:22.979;14:37:58.866;0:37.545;0:33.430;0:55.885;262.8;Mike ROCKENFELLER;;LMP2;;Proton Competition;Oreca;GF;37.545;33.430;55.885;
9;3;70;2:40.377;0;;36.437;0;33.476;0;1:30.464;0;132.2;2:40:03.356;14:40:39.243;0:36.437;0:33.476;1:30.464;265.4;Mike ROCKENFELLER;;LMP2;;Proton Competition;Oreca;FCY;36.437;33.476;90.464;
9;3;71;4:25.911;0;;1:31.813;0;1:08.314;0;1:45.784;0;79.8;2:44:29.267;14:45:05.154;1:31.813;1:08.314;1:45.784;;Mike ROCKENFELLER;;LMP2;;Proton Competition;Oreca;FCY;91.813;68.314;105.784;
9;3;72;2:40.579;0;;1:05.557;0;37.351;0;57.671;0;132.1;2:47:09.846;14:47:45.733;1:05.557;0:37.351;0:57.671;261.5;Mike ROCKENFELLER;;LMP2;;Proton Competition;Oreca;GF;65.557;37.351;57.671;
9;3;73;2:09.139;0;;37.609;0;35.030;0;56.500;0;164.2;2:49:18.985;14:49:54.872;0:37.609;0:35.030;0:56.500;264.1;Mike ROCKENFELLER;;LMP2;;Proton Competition;Oreca;GF;37.609;35.030;56.500;
9;3;74;2:14.010;0;;37.560;0;34.419;0;1:02.031;0;158.3;2:51:32.995;14:52:08.882;0:37.560;0:34.419;1:02.031;265.4;Mike ROCKENFELLER;;LMP2;;Proton Competition;Oreca;FCY;37.560;34.419;62.031;
9;3;75;4:25.565;0;;1:31.597;0;1:07.826;0;1:46.142;0;79.9;2:55:58.560;14:56:34.447;1:31.597;1:07.826;1:46.142;;Mike ROCKENFELLER;;LMP2;;Proton Competition;Oreca;FCY;91.597;67.826;106.142;
9;3;76;4:21.438;0;B;1:32.031;0;1:09.075;0;1:40.332;0;81.1;3:00:19.998;15:00:55.885;1:32.031;1:09.075;1:40.332;;Mike ROCKENFELLER;;LMP2;;Proton Competition;Oreca;GF;92.031;69.075;100.332;
9;2;77;3:15.030;0;;1:41.198;0;36.262;0;57.570;0;108.7;3:03:35.028;15:04:10.915;1:41.198;0:36.262;0:57.570;257.8;Sebastian PRIAULX;0:01:04.610;LMP2;;Proton Competition;Oreca;GF;101.198;36.262;57.570;
9;2;78;2:09.271;0;;37.510;0;35.225;0;56.536;0;164.1;3:05:44.299;15:06:20.186;0:37.510;0:35.225;0:56.536;260.9;Sebastian PRIAULX;;LMP2;;Proton Competition;Oreca;GF;37.510;35.225;56.536;
9;2;79;2:08.622;0;;37.692;0;34.766;0;56.164;0;164.9;3:07:52.921;15:08:28.808;0:37.692;0:34.766;0:56.164;262.8;Sebastian PRIAULX;;LMP2;;Proton Competition;Oreca;GF;37.692;34.766;56.164;
9;2;80;2:16.594;0;B;37.411;0;35.316;0;1:03.867;0;155.3;3:10:09.515;15:10:45.402;0:37.411;0:35.316;1:03.867;262.8;Sebastian PRIAULX;;LMP2;;Proton Competition;Oreca;GF;37.411;35.316;63.867;
9;2;81;2:49.763;0;;1:16.738;0;35.481;0;57.544;0;124.9;3:12:59.278;15:13:35.165;1:16.738;0:35.481;0:57.544;260.9;Sebastian PRIAULX;0:00:42.517;LMP2;;Proton Competition;Oreca;GF;76.738;35.481;57.544;
9;2;82;2:09.306;0;;38.454;0;34.813;0;56.039;0;164.0;3:15:08.584;15:15:44.471;0:38.454;0:34.813;0:56.039;261.5;Sebastian PRIAULX;;LMP2;;Proton Competition;Oreca;GF;38.454;34.813;56.039;
9;2;83;2:05.756;0;;36.610;0;34.159;0;54.987;0;168.6;3:17:14.340;15:17:50.227;0:36.610;0:34.159;0:54.987;265.4;Sebastian PRIAULX;;LMP2;;Proton Competition;Oreca;GF;36.610;34.159;54.987;
9;2;84;2:06.073;0;;36.935;0;33.945;0;55.193;0;168.2;3:19:20.413;15:19:56.300;0:36.935;0:33.945;0:55.193;264.1;Sebastian PRIAULX;;LMP2;;Proton Competition;Oreca;GF;36.935;33.945;55.193;
9;2;85;2:05.861;0;;36.452;0;34.159;0;55.250;0;168.5;3:21:26.274;15:22:02.161;0:36.452;0:34.159;0:55.250;264.7;Sebastian PRIAULX;;LMP2;;Proton Competition;Oreca;GF;36.452;34.159;55.250;
9;2;86;2:07.453;0;;37.704;0;33.713;0;56.036;0;166.4;3:23:33.727;15:24:09.614;0:37.704;0:33.713;0:56.036;264.7;Sebastian PRIAULX;;LMP2;;Proton Competition;Oreca;GF;37.704;33.713;56.036;
9;2;87;2:05.176;0;;36.618;0;33.601;0;54.957;0;169.4;3:25:38.903;15:26:14.790;0:36.618;0:33.601;0:54.957;265.4;Sebastian PRIAULX;;LMP2;;Proton Competition;Oreca;GF;36.618;33.601;54.957;
9;2;88;2:07.693;0;;36.810;0;35.039;0;55.844;0;166.1;3:27:46.596;15:28:22.483;0:36.810;0:35.039;0:55.844;265.4;Sebastian PRIAULX;;LMP2;;Proton Competition;Oreca;GF;36.810;35.039;55.844;
9;2;89;2:05.214;0;;36.788;0;33.158;0;55.268;0;169.4;3:29:51.810;15:30:27.697;0:36.788;0:33.158;0:55.268;266.0;Sebastian PRIAULX;;LMP2;;Proton Competition;Oreca;GF;36.788;33.158;55.268;
9;2;90;2:06.887;0;;37.255;0;34.181;0;55.451;0;167.1;3:31:58.697;15:32:34.584;0:37.255;0:34.181;0:55.451;265.4;Sebastian PRIAULX;;LMP2;;Proton Competition;Oreca;GF;37.255;34.181;55.451;
9;2;91;2:07.518;0;;37.283;0;34.635;0;55.600;0;166.3;3:34:06.215;15:34:42.102;0:37.283;0:34.635;0:55.600;264.7;Sebastian PRIAULX;;LMP2;;Proton Competition;Oreca;GF;37.283;34.635;55.600;
9;2;92;2:07.465;0;;36.902;0;33.666;0;56.897;0;166.4;3:36:13.680;15:36:49.567;0:36.902;0:33.666;0:56.897;266.7;Sebastian PRIAULX;;LMP2;;Proton Competition;Oreca;GF;36.902;33.666;56.897;
9;2;93;2:04.707;0;;36.563;0;33.268;0;54.876;0;170.1;3:38:18.387;15:38:54.274;0:36.563;0:33.268;0:54.876;265.4;Sebastian PRIAULX;;LMP2;;Proton Competition;Oreca;GF;36.563;33.268;54.876;
9;2;94;2:04.364;0;;36.255;0;33.253;0;54.856;0;170.5;3:40:22.751;15:40:58.638;0:36.255;0:33.253;0:54.856;266.0;Sebastian PRIAULX;;LMP2;;Proton Competition;Oreca;GF;36.255;33.253;54.856;
9;2;95;2:04.905;0;;36.690;0;33.003;0;55.212;0;169.8;3:42:27.656;15:43:03.543;0:36.690;0:33.003;0:55.212;267.3;Sebastian PRIAULX;;LMP2;;Proton Competition;Oreca;GF;36.690;33.003;55.212;
9;2;96;2:05.249;0;;36.843;0;33.080;0;55.326;0;169.3;3:44:32.905;15:45:08.792;0:36.843;0:33.080;0:55.326;265.4;Sebastian PRIAULX;;LMP2;;Proton Competition;Oreca;GF;36.843;33.080;55.326;
9;2;97;2:04.465;0;;36.106;0;32.792;1;55.567;0;170.4;3:46:37.370;15:47:13.257;0:36.106;0:32.792;0:55.567;264.7;Sebastian PRIAULX;;LMP2;;Proton Competition;Oreca;GF;36.106;32.792;55.567;
9;2;98;2:06.116;0;;36.331;0;34.040;0;55.745;0;168.2;3:48:43.486;15:49:19.373;0:36.331;0:34.040;0:55.745;264.7;Sebastian PRIAULX;;LMP2;;Proton Competition;Oreca;GF;36.331;34.040;55.745;
9;2;99;2:05.754;0;;38.230;0;32.939;0;54.585;1;168.6;3:50:49.240;15:51:25.127;0:38.230;0:32.939;0:54.585;266.0;Sebastian PRIAULX;;LMP2;;Proton Competition;Oreca;GF;38.230;32.939;54.585;
9;2;100;2:04.088;0;;35.910;0;32.924;0;55.254;0;170.9;3:52:53.328;15:53:29.215;0:35.910;0:32.924;0:55.254;265.4;Sebastian PRIAULX;;LMP2;;Proton Competition;Oreca;GF;35.910;32.924;55.254;
9;2;101;2:04.799;0;;35.888;0;33.617;0;55.294;0;169.9;3:54:58.127;15:55:34.014;0:35.888;0:33.617;0:55.294;265.4;Sebastian PRIAULX;;LMP2;;Proton Competition;Oreca;GF;35.888;33.617;55.294;
9;2;102;2:03.583;0;;35.809;1;32.892;0;54.882;0;171.6;3:57:01.710;15:57:37.597;0:35.809;0:32.892;0:54.882;266.7;Sebastian PRIAULX;;LMP2;;Proton Competition;Oreca;GF;35.809;32.892;54.882;
9;2;103;2:07.780;0;;36.325;0;34.920;0;56.535;0;166.0;3:59:09.490;15:59:45.377;0:36.325;0:34.920;0:56.535;247.7;Sebastian PRIAULX;;LMP2;;Proton Competition;Oreca;GF;36.325;34.920;56.535;
9;2;104;2:14.770;0;;37.818;0;36.313;0;1:00.639;0;157.4;4:01:24.260;16:02:00.147;0:37.818;0:36.313;1:00.639;221.3;Sebastian PRIAULX;;LMP2;;Proton Competition;Oreca;FF;37.818;36.313;60.639;
99;1;1;2:00.752;0;;39.850;0;31.318;0;49.584;0;171.4;2:00.752;12:02:36.639;0:39.850;0:31.318;0:49.584;267.3;PJ HYETT;;LMP2 Pro/Am;;AO by TF;Oreca;GF;39.850;31.318;49.584;
99;1;2;1:51.638;0;;32.747;0;29.734;0;49.157;0;190.0;3:52.390;12:04:28.277;0:32.747;0:29.734;0:49.157;272.7;PJ HYETT;;LMP2 Pro/Am;;AO by TF;Oreca;GF;32.747;29.734;49.157;
99;1;3;1:50.307;0;;31.740;0;29.457;0;49.110;0;192.3;5:42.697;12:06:18.584;0:31.740;0:29.457;0:49.110;272.0;PJ HYETT;;LMP2 Pro/Am;;AO by TF;Oreca;GF;31.740;29.457;49.110;
99;1;4;1:49.847;0;;32.115;0;29.173;0;48.559;0;193.1;7:32.544;12:08:08.431;0:32.115;0:29.173;0:48.559;271.4;PJ HYETT;;LMP2 Pro/Am;;AO by TF;Oreca;GF;32.115;29.173;48.559;
99;1;5;1:49.196;0;;31.773;0;28.811;0;48.612;0;194.2;9:21.740;12:09:57.627;0:31.773;0:28.811;0:48.612;271.4;PJ HYETT;;LMP2 Pro/Am;;AO by TF;Oreca;GF;31.773;28.811;48.612;
99;1;6;1:49.231;0;;31.800;0;29.044;0;48.387;1;194.2;11:10.971;12:11:46.858;0:31.800;0:29.044;0:48.387;272.7;PJ HYETT;;LMP2 Pro/Am;;AO by TF;Oreca;GF;31.800;29.044;48.387;
99;1;7;1:50.003;0;;31.950;0;28.912;0;49.141;0;192.8;13:00.974;12:13:36.861;0:31.950;0:28.912;0:49.141;272.7;PJ HYETT;;LMP2 Pro/Am;;AO by TF;Oreca;GF;31.950;28.912;49.141;
99;1;8;1:51.858;0;;32.039;0;29.243;0;50.576;0;189.6;14:52.832;12:15:28.719;0:32.039;0:29.243;0:50.576;272.0;PJ HYETT;;LMP2 Pro/Am;;AO by TF;Oreca;GF;32.039;29.243;50.576;
99;1;9;1:52.400;0;;31.902;0;30.408;0;50.090;0;188.7;16:45.232;12:17:21.119;0:31.902;0:30.408;0:50.090;272.0;PJ HYETT;;LMP2 Pro/Am;;AO by TF;Oreca;GF;31.902;30.408;50.090;
99;1;10;1:51.885;0;;32.080;0;29.897;0;49.908;0;189.5;18:37.117;12:19:13.004;0:32.080;0:29.897;0:49.908;271.4;PJ HYETT;;LMP2 Pro/Am;;AO by TF;Oreca;GF;32.080;29.897;49.908;
99;1;11;1:49.505;0;;31.657;0;28.988;0;48.860;0;193.7;20:26.622;12:21:02.509;0:31.657;0:28.988;0:48.860;272.0;PJ HYETT;;LMP2 Pro/Am;;AO by TF;Oreca;GF;31.657;28.988;48.860;
99;1;12;1:55.025;0;;33.467;0;29.757;0;51.801;0;184.4;22:21.647;12:22:57.534;0:33.467;0:29.757;0:51.801;270.7;PJ HYETT;;LMP2 Pro/Am;;AO by TF;Oreca;GF;33.467;29.757;51.801;
99;1;13;1:50.848;0;;31.818;0;29.152;0;49.878;0;191.3;24:12.495;12:24:48.382;0:31.818;0:29.152;0:49.878;272.0;PJ HYETT;;LMP2 Pro/Am;;AO by TF;Oreca;GF;31.818;29.152;49.878;
99;1;14;1:49.401;0;;31.615;0;29.185;0;48.601;0;193.9;26:01.896;12:26:37.783;0:31.615;0:29.185;0:48.601;273.4;PJ HYETT;;LMP2 Pro/Am;;AO by TF;Oreca;GF;31.615;29.185;48.601;
99;1;15;1:49.761;0;;32.540;0;28.576;0;48.645;0;193.2;27:51.657;12:28:27.544;0:32.540;0:28.576;0:48.645;272.0;PJ HYETT;;LMP2 Pro/Am;;AO by TF;Oreca;GF;32.540;28.576;48.645;
99;1;16;1:49.162;0;;31.732;0;28.744;0;48.686;0;194.3;29:40.819;12:30:16.706;0:31.732;0:28.744;0:48.686;274.1;PJ HYETT;;LMP2 Pro/Am;;AO by TF;Oreca;GF;31.732;28.744;48.686;
99;1;17;1:51.866;0;;33.448;0;29.117;0;49.301;0;189.6;31:32.685;12:32:08.572;0:33.448;0:29.117;0:49.301;270.7;PJ HYETT;;LMP2 Pro/Am;;AO by TF;Oreca;GF;33.448;29.117;49.301;
99;1;18;1:51.943;0;;32.922;0;30.532;0;48.489;0;189.4;33:24.628;12:34:00.515;0:32.922;0:30.532;0:48.489;269.3;PJ HYETT;;LMP2 Pro/Am;;AO by TF;Oreca;GF;32.922;30.532;48.489;
99;1;19;1:51.296;0;;33.005;0;29.025;0;49.266;0;190.6;35:15.924;12:35:51.811;0:33.005;0:29.025;0:49.266;272.7;PJ HYETT;;LMP2 Pro/Am;;AO by TF;Oreca;GF;33.005;29.025;49.266;
99;1;20;1:49.480;0;;32.455;0;28.510;0;48.515;0;193.7;37:05.404;12:37:41.291;0:32.455;0:28.510;0:48.515;271.4;PJ HYETT;;LMP2 Pro/Am;;AO by TF;Oreca;GF;32.455;28.510;48.515;
99;1;21;1:51.284;0;B;31.542;2;28.419;1;51.323;0;190.6;38:56.688;12:39:32.575;0:31.542;0:28.419;0:51.323;272.7;PJ HYETT;;LMP2 Pro/Am;;AO by TF;Oreca;GF;31.542;28.419;51.323;
99;1;22;2:42.481;0;;1:24.180;0;29.109;0;49.192;0;130.5;41:39.169;12:42:15.056;1:24.180;0:29.109;0:49.192;269.3;PJ HYETT;0:00:53.921;LMP2 Pro/Am;;AO by TF;Oreca;GF;84.180;29.109;49.192;
99;1;23;1:51.481;0;;33.566;0;28.880;0;49.035;0;190.2;43:30.650;12:44:06.537;0:33.566;0:28.880;0:49.035;266.7;PJ HYETT;;LMP2 Pro/Am;;AO by TF;Oreca;GF;33.566;28.880;49.035;
99;1;24;1:50.256;0;;33.017;0;28.778;0;48.461;0;192.3;45:20.906;12:45:56.793;0:33.017;0:28.778;0:48.461;272.7;PJ HYETT;;LMP2 Pro/Am;;AO by TF;Oreca;GF;33.017;28.778;48.461;
99;1;25;1:50.029;0;;32.214;0;29.193;0;48.622;0;192.7;47:10.935;12:47:46.822;0:32.214;0:29.193;0:48.622;268.0;PJ HYETT;;LMP2 Pro/Am;;AO by TF;Oreca;GF;32.214;29.193;48.622;
99;1;26;1:50.221;0;;32.003;0;29.595;0;48.623;0;192.4;49:01.156;12:49:37.043;0:32.003;0:29.595;0:48.623;273.4;PJ HYETT;;LMP2 Pro/Am;;AO by TF;Oreca;GF;32.003;29.595;48.623;
99;1;27;1:50.154;0;;32.247;0;28.989;0;48.918;0;192.5;50:51.310;12:51:27.197;0:32.247;0:28.989;0:48.918;270.7;PJ HYETT;;LMP2 Pro/Am;;AO by TF;Oreca;GF;32.247;28.989;48.918;
99;1;28;1:50.625;0;;32.520;0;28.769;0;49.336;0;191.7;52:41.935;12:53:17.822;0:32.520;0:28.769;0:49.336;271.4;PJ HYETT;;LMP2 Pro/Am;;AO by TF;Oreca;GF;32.520;28.769;49.336;
99;1;29;1:50.754;0;;32.655;0;29.455;0;48.644;0;191.5;54:32.689;12:55:08.576;0:32.655;0:29.455;0:48.644;270.7;PJ HYETT;;LMP2 Pro/Am;;AO by TF;Oreca;GF;32.655;29.455;48.644;
99;1;30;1:49.819;0;;31.735;0;28.994;0;49.090;0;193.1;56:22.508;12:56:58.395;0:31.735;0:28.994;0:49.090;273.4;PJ HYETT;;LMP2 Pro/Am;;AO by TF;Oreca;GF;31.735;28.994;49.090;
99;1;31;1:51.759;0;;31.927;0;29.805;0;50.027;0;189.8;58:14.267;12:58:50.154;0:31.927;0:29.805;0:50.027;275.5;PJ HYETT;;LMP2 Pro/Am;;AO by TF;Oreca;GF;31.927;29.805;50.027;
99;1;32;1:50.502;0;;32.456;0;29.054;0;48.992;0;191.9;1:00:04.769;13:00:40.656;0:32.456;0:29.054;0:48.992;272.0;PJ HYETT;;LMP2 Pro/Am;;AO by TF;Oreca;GF;32.456;29.054;48.992;
99;1;33;1:51.914;0;;31.772;0;29.827;0;50.315;0;189.5;1:01:56.683;13:02:32.570;0:31.772;0:29.827;0:50.315;275.5;PJ HYETT;;LMP2 Pro/Am;;AO by TF;Oreca;GF;31.772;29.827;50.315;
99;1;34;1:51.048;0;;32.875;0;28.988;0;49.185;0;191.0;1:03:47.731;13:04:23.618;0:32.875;0:28.988;0:49.185;273.4;PJ HYETT;;LMP2 Pro/Am;;AO by TF;Oreca;GF;32.875;28.988;49.185;
99;1;35;1:55.163;0;B;32.512;0;29.650;0;53.001;0;184.2;1:05:42.894;13:06:18.781;0:32.512;0:29.650;0:53.001;272.7;PJ HYETT;;LMP2 Pro/Am;;AO by TF;Oreca;GF;32.512;29.650;53.001;
99;3;36;3:10.624;0;;1:51.220;0;29.514;0;49.890;0;111.3;1:08:53.518;13:09:29.405;1:51.220;0:29.514;0:49.890;264.7;Dane CAMERON;0:01:19.702;LMP2 Pro/Am;;AO by TF;Oreca;GF;111.220;29.514;49.890;
99;3;37;1:49.087;0;;32.789;0;28.444;0;47.854;0;194.4;1:10:42.605;13:11:18.492;0:32.789;0:28.444;0:47.854;269.3;Dane CAMERON;;LMP2 Pro/Am;;AO by TF;Oreca;GF;32.789;28.444;47.854;
99;3;38;1:47.808;2;;32.015;1;28.164;2;47.629;2;196.7;1:12:30.413;13:13:06.300;0:32.015;0:28.164;0:47.629;270.7;Dane CAMERON;;LMP2 Pro/Am;;AO by TF;Oreca;GF;32.015;28.164;47.629;
99;3;39;1:50.780;0;;32.317;0;29.152;0;49.311;0;191.4;1:14:21.193;13:14:57.080;0:32.317;0:29.152;0:49.311;273.4;Dane CAMERON;;LMP2 Pro/Am;;AO by TF;Oreca;GF;32.317;29.152;49.311;
99;3;40;1:52.854;0;;33.964;0;28.609;0;50.281;0;187.9;1:16:14.047;13:16:49.934;0:33.964;0:28.609;0:50.281;269.3;Dane CAMERON;;LMP2 Pro/Am;;AO by TF;Oreca;GF;33.964;28.609;50.281;
99;3;41;1:50.251;0;;33.382;0;28.736;0;48.133;0;192.4;1:18:04.298;13:18:40.185;0:33.382;0:28.736;0:48.133;272.0;Dane CAMERON;;LMP2 Pro/Am;;AO by TF;Oreca;GF;33.382;28.736;48.133;
99;3;42;2:57.483;0;;33.822;0;47.586;0;1:36.075;0;119.5;1:21:01.781;13:21:37.668;0:33.822;0:47.586;1:36.075;257.8;Dane CAMERON;;LMP2 Pro/Am;;AO by TF;Oreca;GF;33.822;47.586;96.075;
99;3;43;1:54.824;0;;33.781;0;29.070;0;51.973;0;184.7;1:22:56.605;13:23:32.492;0:33.781;0:29.070;0:51.973;272.7;Dane CAMERON;;LMP2 Pro/Am;;AO by TF;Oreca;GF;33.781;29.070;51.973;
99;3;44;2:43.171;0;B;36.559;0;29.788;0;1:36.824;0;130.0;1:25:39.776;13:26:15.663;0:36.559;0:29.788;1:36.824;272.7;Dane CAMERON;;LMP2 Pro/Am;;AO by TF;Oreca;GF;36.559;29.788;96.824;
99;3;45;4:52.264;0;;1:58.665;0;1:07.670;0;1:45.929;0;72.6;1:30:32.040;13:31:07.927;1:58.665;1:07.670;1:45.929;;Dane CAMERON;0:00:43.195;LMP2 Pro/Am;;AO by TF;Oreca;GF;118.665;67.670;105.929;
99;3;46;4:12.885;0;;1:32.098;0;1:09.627;0;1:31.160;0;83.9;1:34:44.925;13:35:20.812;1:32.098;1:09.627;1:31.160;;Dane CAMERON;;LMP2 Pro/Am;;AO by TF;Oreca;SF;92.098;69.627;91.160;
99;3;47;2:27.278;0;;42.144;0;41.576;0;1:03.558;0;144.0;1:37:12.203;13:37:48.090;0:42.144;0:41.576;1:03.558;198.9;Dane CAMERON;;LMP2 Pro/Am;;AO by TF;Oreca;SF;42.144;41.576;63.558;
99;3;48;3:03.485;0;;42.932;0;44.559;0;1:35.994;0;115.6;1:40:15.688;13:40:51.575;0:42.932;0:44.559;1:35.994;170.1;Dane CAMERON;;LMP2 Pro/Am;;AO by TF;Oreca;SF;42.932;44.559;95.994;
99;3;49;4:15.861;0;;1:30.569;0;58.055;0;1:47.237;0;82.9;1:44:31.549;13:45:07.436;1:30.569;0:58.055;1:47.237;;Dane CAMERON;;LMP2 Pro/Am;;AO by TF;Oreca;SF;90.569;58.055;107.237;
99;3;50;4:06.985;0;;1:32.006;0;58.602;0;1:36.377;0;85.9;1:48:38.534;13:49:14.421;1:32.006;0:58.602;1:36.377;;Dane CAMERON;;LMP2 Pro/Am;;AO by TF;Oreca;SF;92.006;58.602;96.377;
99;3;51;3:42.461;0;B;1:21.876;0;50.427;0;1:30.158;0;95.3;1:52:20.995;13:52:56.882;1:21.876;0:50.427;1:30.158;;Dane CAMERON;;LMP2 Pro/Am;;AO by TF;Oreca;SF;81.876;50.427;90.158;
99;3;52;3:33.205;0;;1:48.168;0;40.083;0;1:04.954;0;99.5;1:55:54.200;13:56:30.087;1:48.168;0:40.083;1:04.954;189.5;Dane CAMERON;0:01:04.891;LMP2 Pro/Am;;AO by TF;Oreca;SF;108.168;40.083;64.954;
99;3;53;2:30.026;0;;45.274;0;39.273;0;1:05.479;0;141.4;1:58:24.226;13:59:00.113;0:45.274;0:39.273;1:05.479;217.7;Dane CAMERON;;LMP2 Pro/Am;;AO by TF;Oreca;SF;45.274;39.273;65.479;
99;3;54;2:27.839;0;;44.360;0;39.377;0;1:04.102;0;143.5;2:00:52.065;14:01:27.952;0:44.360;0:39.377;1:04.102;221.8;Dane CAMERON;;LMP2 Pro/Am;;AO by TF;Oreca;SF;44.360;39.377;64.102;
99;3;55;2:50.055;0;;49.925;0;45.965;0;1:14.165;0;124.7;2:03:42.120;14:04:18.007;0:49.925;0:45.965;1:14.165;126.8;Dane CAMERON;;LMP2 Pro/Am;;AO by TF;Oreca;SF;49.925;45.965;74.165;
99;3;56;3:02.887;0;;55.951;0;50.055;0;1:16.881;0;116.0;2:06:45.007;14:07:20.894;0:55.951;0:50.055;1:16.881;138.6;Dane CAMERON;;LMP2 Pro/Am;;AO by TF;Oreca;SF;55.951;50.055;76.881;
99;3;57;3:01.304;0;;50.190;0;44.989;0;1:26.125;0;117.0;2:09:46.311;14:10:22.198;0:50.190;0:44.989;1:26.125;170.3;Dane CAMERON;;LMP2 Pro/Am;;AO by TF;Oreca;GF;50.190;44.989;86.125;
99;3;58;2:10.322;0;;39.283;0;34.995;0;56.044;0;162.7;2:11:56.633;14:12:32.520;0:39.283;0:34.995;0:56.044;266.7;Dane CAMERON;;LMP2 Pro/Am;;AO by TF;Oreca;GF;39.283;34.995;56.044;
99;3;59;2:05.030;0;;35.953;0;33.865;0;55.212;0;169.6;2:14:01.663;14:14:37.550;0:35.953;0:33.865;0:55.212;267.3;Dane CAMERON;;LMP2 Pro/Am;;AO by TF;Oreca;GF;35.953;33.865;55.212;
99;3;60;2:05.216;0;;36.395;0;33.588;0;55.233;0;169.4;2:16:06.879;14:16:42.766;0:36.395;0:33.588;0:55.233;267.3;Dane CAMERON;;LMP2 Pro/Am;;AO by TF;Oreca;GF;36.395;33.588;55.233;
99;3;61;2:05.588;0;;36.487;0;34.135;0;54.966;0;168.9;2:18:12.467;14:18:48.354;0:36.487;0:34.135;0:54.966;268.0;Dane CAMERON;;LMP2 Pro/Am;;AO by TF;Oreca;GF;36.487;34.135;54.966;
99;3;62;2:04.751;0;;36.063;0;33.530;0;55.158;0;170.0;2:20:17.218;14:20:53.105;0:36.063;0:33.530;0:55.158;267.3;Dane CAMERON;;LMP2 Pro/Am;;AO by TF;Oreca;GF;36.063;33.530;55.158;
99;3;63;2:03.749;0;;35.554;0;33.274;0;54.921;0;171.4;2:22:20.967;14:22:56.854;0:35.554;0:33.274;0:54.921;268.0;Dane CAMERON;;LMP2 Pro/Am;;AO by TF;Oreca;GF;35.554;33.274;54.921;
99;3;64;2:03.682;0;;35.340;0;33.358;0;54.984;0;171.5;2:24:24.649;14:25:00.536;0:35.340;0:33.358;0:54.984;268.0;Dane CAMERON;;LMP2 Pro/Am;;AO by TF;Oreca;GF;35.340;33.358;54.984;
99;3;65;2:07.419;0;;36.121;0;33.581;0;57.717;0;166.4;2:26:32.068;14:27:07.955;0:36.121;0:33.581;0:57.717;268.0;Dane CAMERON;;LMP2 Pro/Am;;AO by TF;Oreca;GF;36.121;33.581;57.717;
99;3;66;2:07.585;0;;37.017;0;33.941;0;56.627;0;166.2;2:28:39.653;14:29:15.540;0:37.017;0:33.941;0:56.627;269.3;Dane CAMERON;;LMP2 Pro/Am;;AO by TF;Oreca;GF;37.017;33.941;56.627;
99;3;67;2:09.521;0;;37.234;0;34.514;0;57.773;0;163.7;2:30:49.174;14:31:25.061;0:37.234;0:34.514;0:57.773;269.3;Dane CAMERON;;LMP2 Pro/Am;;AO by TF;Oreca;GF;37.234;34.514;57.773;
99;3;68;2:10.220;0;;37.010;0;35.051;0;58.159;0;162.9;2:32:59.394;14:33:35.281;0:37.010;0:35.051;0:58.159;267.3;Dane CAMERON;;LMP2 Pro/Am;;AO by TF;Oreca;GF;37.010;35.051;58.159;
99;3;69;2:08.087;0;;37.474;0;34.095;0;56.518;0;165.6;2:35:07.481;14:35:43.368;0:37.474;0:34.095;0:56.518;268.0;Dane CAMERON;;LMP2 Pro/Am;;AO by TF;Oreca;GF;37.474;34.095;56.518;
99;3;70;2:08.155;0;;38.343;0;34.079;0;55.733;0;165.5;2:37:15.636;14:37:51.523;0:38.343;0:34.079;0:55.733;266.0;Dane CAMERON;;LMP2 Pro/Am;;AO by TF;Oreca;GF;38.343;34.079;55.733;
99;3;71;2:37.275;0;;37.204;0;34.393;0;1:25.678;0;134.8;2:39:52.911;14:40:28.798;0:37.204;0:34.393;1:25.678;268.0;Dane CAMERON;;LMP2 Pro/Am;;AO by TF;Oreca;FCY;37.204;34.393;85.678;
99;3;72;4:25.979;0;;1:31.593;0;1:08.051;0;1:46.335;0;79.7;2:44:18.890;14:44:54.777;1:31.593;1:08.051;1:46.335;;Dane CAMERON;;LMP2 Pro/Am;;AO by TF;Oreca;FCY;91.593;68.051;106.335;
99;3;73;2:48.493;0;B;1:10.491;0;35.451;0;1:02.551;0;125.9;2:47:07.383;14:47:43.270;1:10.491;0:35.451;1:02.551;262.8;Dane CAMERON;;LMP2 Pro/Am;;AO by TF;Oreca;GF;70.491;35.451;62.551;
99;2;74;3:29.142;0;;1:56.792;0;35.578;0;56.772;0;101.4;2:50:36.525;14:51:12.412;1:56.792;0:35.578;0:56.772;260.9;Louis DELÉTRAZ;0:01:21.896;LMP2 Pro/Am;;AO by TF;Oreca;GF;116.792;35.578;56.772;
99;2;75;3:20.147;0;;36.938;0;57.022;0;1:46.187;0;106.0;2:53:56.672;14:54:32.559;0:36.938;0:57.022;1:46.187;251.2;Louis DELÉTRAZ;;LMP2 Pro/Am;;AO by TF;Oreca;FCY;36.938;57.022;106.187;
99;2;76;4:27.852;0;;1:32.461;0;1:08.879;0;1:46.512;0;79.2;2:58:24.524;14:59:00.411;1:32.461;1:08.879;1:46.512;;Louis DELÉTRAZ;;LMP2 Pro/Am;;AO by TF;Oreca;FCY;92.461;68.879;106.512;
99;2;77;3:08.785;0;;1:32.049;0;38.270;0;58.466;0;112.3;3:01:33.309;15:02:09.196;1:32.049;0:38.270;0:58.466;;Louis DELÉTRAZ;;LMP2 Pro/Am;;AO by TF;Oreca;GF;92.049;38.270;58.466;
99;2;78;2:11.258;0;;38.511;0;35.316;0;57.431;0;161.6;3:03:44.567;15:04:20.454;0:38.511;0:35.316;0:57.431;265.4;Louis DELÉTRAZ;;LMP2 Pro/Am;;AO by TF;Oreca;GF;38.511;35.316;57.431;
99;2;79;2:08.519;0;;37.474;0;34.612;0;56.433;0;165.0;3:05:53.086;15:06:28.973;0:37.474;0:34.612;0:56.433;265.4;Louis DELÉTRAZ;;LMP2 Pro/Am;;AO by TF;Oreca;GF;37.474;34.612;56.433;
99;2;80;2:08.437;0;;37.417;0;34.377;0;56.643;0;165.1;3:08:01.523;15:08:37.410;0:37.417;0:34.377;0:56.643;265.4;Louis DELÉTRAZ;;LMP2 Pro/Am;;AO by TF;Oreca;GF;37.417;34.377;56.643;
99;2;81;2:07.589;0;;37.240;0;33.802;0;56.547;0;166.2;3:10:09.112;15:10:44.999;0:37.240;0:33.802;0:56.547;266.7;Louis DELÉTRAZ;;LMP2 Pro/Am;;AO by TF;Oreca;GF;37.240;33.802;56.547;
99;2;82;2:07.849;0;;37.312;0;34.265;0;56.272;0;165.9;3:12:16.961;15:12:52.848;0:37.312;0:34.265;0:56.272;269.3;Louis DELÉTRAZ;;LMP2 Pro/Am;;AO by TF;Oreca;GF;37.312;34.265;56.272;
99;2;83;2:08.456;0;;37.777;0;34.073;0;56.606;0;165.1;3:14:25.417;15:15:01.304;0:37.777;0:34.073;0:56.606;270.0;Louis DELÉTRAZ;;LMP2 Pro/Am;;AO by TF;Oreca;GF;37.777;34.073;56.606;
99;2;84;2:08.925;0;;38.879;0;33.986;0;56.060;0;164.5;3:16:34.342;15:17:10.229;0:38.879;0:33.986;0:56.060;260.9;Louis DELÉTRAZ;;LMP2 Pro/Am;;AO by TF;Oreca;GF;38.879;33.986;56.060;
99;2;85;2:06.876;0;;37.281;0;33.734;0;55.861;0;167.2;3:18:41.218;15:19:17.105;0:37.281;0:33.734;0:55.861;266.7;Louis DELÉTRAZ;;LMP2 Pro/Am;;AO by TF;Oreca;GF;37.281;33.734;55.861;
99;2;86;2:06.470;0;;36.643;0;33.662;0;56.165;0;167.7;3:20:47.688;15:21:23.575;0:36.643;0:33.662;0:56.165;268.0;Louis DELÉTRAZ;;LMP2 Pro/Am;;AO by TF;Oreca;GF;36.643;33.662;56.165;
99;2;87;2:06.360;0;;37.370;0;33.477;0;55.513;0;167.8;3:22:54.048;15:23:29.935;0:37.370;0:33.477;0:55.513;268.0;Louis DELÉTRAZ;;LMP2 Pro/Am;;AO by TF;Oreca;GF;37.370;33.477;55.513;
99;2;88;2:05.589;0;;36.489;0;33.733;0;55.367;0;168.9;3:24:59.637;15:25:35.524;0:36.489;0:33.733;0:55.367;268.0;Louis DELÉTRAZ;;LMP2 Pro/Am;;AO by TF;Oreca;GF;36.489;33.733;55.367;
99;2;89;2:05.338;0;;36.485;0;33.323;0;55.530;0;169.2;3:27:04.975;15:27:40.862;0:36.485;0:33.323;0:55.530;268.0;Louis DELÉTRAZ;;LMP2 Pro/Am;;AO by TF;Oreca;GF;36.485;33.323;55.530;
99;2;90;2:06.010;0;;36.540;0;33.885;0;55.585;0;168.3;3:29:10.985;15:29:46.872;0:36.540;0:33.885;0:55.585;270.0;Louis DELÉTRAZ;;LMP2 Pro/Am;;AO by TF;Oreca;GF;36.540;33.885;55.585;
99;2;91;2:04.664;0;;36.155;0;33.541;0;54.968;0;170.1;3:31:15.649;15:31:51.536;0:36.155;0:33.541;0:54.968;269.3;Louis DELÉTRAZ;;LMP2 Pro/Am;;AO by TF;Oreca;GF;36.155;33.541;54.968;
99;2;92;2:05.775;0;;37.472;0;33.140;0;55.163;0;168.6;3:33:21.424;15:33:57.311;0:37.472;0:33.140;0:55.163;268.7;Louis DELÉTRAZ;;LMP2 Pro/Am;;AO by TF;Oreca;GF;37.472;33.140;55.163;
99;2;93;2:05.485;0;;36.190;0;33.653;0;55.642;0;169.0;3:35:26.909;15:36:02.796;0:36.190;0:33.653;0:55.642;270.7;Louis DELÉTRAZ;;LMP2 Pro/Am;;AO by TF;Oreca;GF;36.190;33.653;55.642;
99;2;94;2:07.125;0;;36.666;0;34.082;0;56.377;0;166.8;3:37:34.034;15:38:09.921;0:36.666;0:34.082;0:56.377;270.7;Louis DELÉTRAZ;;LMP2 Pro/Am;;AO by TF;Oreca;GF;36.666;34.082;56.377;
99;2;95;2:06.423;0;;37.564;0;33.198;0;55.661;0;167.8;3:39:40.457;15:40:16.344;0:37.564;0:33.198;0:55.661;267.3;Louis DELÉTRAZ;;LMP2 Pro/Am;;AO by TF;Oreca;GF;37.564;33.198;55.661;
99;2;96;2:06.615;0;;37.105;0;33.800;0;55.710;0;167.5;3:41:47.072;15:42:22.959;0:37.105;0:33.800;0:55.710;271.4;Louis DELÉTRAZ;;LMP2 Pro/Am;;AO by TF;Oreca;GF;37.105;33.800;55.710;
99;2;97;2:05.622;0;;37.423;0;32.986;0;55.213;0;168.8;3:43:52.694;15:44:28.581;0:37.423;0:32.986;0:55.213;269.3;Louis DELÉTRAZ;;LMP2 Pro/Am;;AO by TF;Oreca;GF;37.423;32.986;55.213;
99;2;98;2:11.368;0;B;36.343;0;33.832;0;1:01.193;0;161.4;3:46:04.062;15:46:39.949;0:36.343;0:33.832;1:01.193;269.3;Louis DELÉTRAZ;;LMP2 Pro/Am;;AO by TF;Oreca;GF;36.343;33.832;61.193;
99;2;99;2:45.456;0;;1:16.270;0;33.554;0;55.632;0;128.2;3:48:49.518;15:49:25.405;1:16.270;0:33.554;0:55.632;268.7;Louis DELÉTRAZ;0:00:43.927;LMP2 Pro/Am;;AO by TF;Oreca;GF;76.270;33.554;55.632;
99;2;100;2:06.696;0;;36.855;0;34.304;0;55.537;0;167.4;3:50:56.214;15:51:32.101;0:36.855;0:34.304;0:55.537;269.3;Louis DELÉTRAZ;;LMP2 Pro/Am;;AO by TF;Oreca;GF;36.855;34.304;55.537;
99;2;101;2:03.365;0;;35.939;0;32.660;1;54.766;0;171.9;3:52:59.579;15:53:35.466;0:35.939;0:32.660;0:54.766;269.3;Louis DELÉTRAZ;;LMP2 Pro/Am;;AO by TF;Oreca;GF;35.939;32.660;54.766;
99;2;102;2:04.534;0;;37.272;0;32.742;0;54.520;1;170.3;3:55:04.113;15:55:40.000;0:37.272;0:32.742;0:54.520;262.8;Louis DELÉTRAZ;;LMP2 Pro/Am;;AO by TF;Oreca;GF;37.272;32.742;54.520;
99;2;103;2:03.409;0;;35.967;0;32.754;0;54.688;0;171.8;3:57:07.522;15:57:43.409;0:35.967;0:32.754;0:54.688;270.7;Louis DELÉTRAZ;;LMP2 Pro/Am;;AO by TF;Oreca;GF;35.967;32.754;54.688;
99;2;104;2:04.768;0;;35.778;1;33.878;0;55.112;0;170.0;3:59:12.290;15:59:48.177;0:35.778;0:33.878;0:55.112;271.4;Louis DELÉTRAZ;;LMP2 Pro/Am;;AO by TF;Oreca;GF;35.778;33.878;55.112;
99;2;105;2:06.337;0;;36.005;0;33.743;0;56.589;0;167.9;4:01:18.627;16:01:54.514;0:36.005;0:33.743;0:56.589;274.1;Louis DELÉTRAZ;;LMP2 Pro/Am;;AO by TF;Oreca;FF;36.005;33.743;56.589;
